plot,id,species,model,split_type,use_coords,y_true,y_prob,easting,northing
106,841,Cacophis kreftii,XGBoost_single_no_coords,spatial,False,1,0.38073403,-147293.925634327,6831915.7941736
111,881,Cacophis kreftii,XGBoost_single_no_coords,spatial,False,0,0.09658679,-146869.047423431,6831537.755626
122,969,Cacophis kreftii,XGBoost_single_no_coords,spatial,False,0,0.14801277,-121930.447488692,6831783.7962185
125,993,Cacophis kreftii,XGBoost_single_no_coords,spatial,False,0,0.19370651,-119100.196556909,6831521.23488212
126,1001,Cacophis kreftii,XGBoost_single_no_coords,spatial,False,0,0.024313958,-122301.197680874,6831162.17696098
127,1009,Cacophis kreftii,XGBoost_single_no_coords,spatial,False,0,0.030263318,-113069.978206809,6831626.51450922
128,1017,Cacophis kreftii,XGBoost_single_no_coords,spatial,False,0,0.094245695,-110250.872026258,6831561.92472725
130,1033,Cacophis kreftii,XGBoost_single_no_coords,spatial,False,0,0.031426728,-112831.744333792,6830836.54025889
132,1049,Cacophis kreftii,XGBoost_single_no_coords,spatial,False,0,0.07778224,-105801.162580743,6831179.93507326
134,1065,Cacophis kreftii,XGBoost_single_no_coords,spatial,False,0,0.35993975,-109785.840498241,6830382.55130941
135,1073,Cacophis kreftii,XGBoost_single_no_coords,spatial,False,0,0.21198687,-60576.6608829403,6831437.80904093
136,1081,Cacophis kreftii,XGBoost_single_no_coords,spatial,False,0,0.20208116,-62745.5415882464,6830732.52392328
137,1089,Cacophis kreftii,XGBoost_single_no_coords,spatial,False,0,0.017302388,-59930.1265788042,6830667.09207023
138,1097,Cacophis kreftii,XGBoost_single_no_coords,spatial,False,0,0.016361363,-33656.1895879237,6831782.75910205
139,1105,Cacophis kreftii,XGBoost_single_no_coords,spatial,False,0,0.30652472,-60097.6324680274,6830057.84195886
140,1113,Cacophis kreftii,XGBoost_single_no_coords,spatial,False,0,0.11741644,-59480.1149542754,6829686.55327432
141,1121,Cacophis kreftii,XGBoost_single_no_coords,spatial,False,0,0.1273085,-59274.1159834863,6829696.39928037
142,1129,Cacophis kreftii,XGBoost_single_no_coords,spatial,False,0,0.40900382,-58470.0105331185,6829534.39062915
143,1137,Cacophis kreftii,XGBoost_single_no_coords,spatial,False,0,0.10944331,-58067.8332822076,6829553.57641624
144,1145,Cacophis kreftii,XGBoost_single_no_coords,spatial,False,0,0.004448162,-35003.9025977263,6830519.3124224
145,1153,Cacophis kreftii,XGBoost_single_no_coords,spatial,False,0,0.0917105,-57852.3087704955,6829363.4472621
146,1161,Cacophis kreftii,XGBoost_single_no_coords,spatial,False,0,0.004448162,-34994.2569791634,6830308.29905931
147,1169,Cacophis kreftii,XGBoost_single_no_coords,spatial,False,0,0.21215743,-58647.1030221649,6829125.12230747
148,1177,Cacophis kreftii,XGBoost_single_no_coords,spatial,False,0,0.34815988,-59039.7148912014,6828905.9612443
149,1185,Cacophis kreftii,XGBoost_single_no_coords,spatial,False,0,0.4207494,-58039.2252902132,6828953.72338296
150,1193,Cacophis kreftii,XGBoost_single_no_coords,spatial,False,0,0.004572297,-34359.3605187094,6829747.4641776
151,1201,Cacophis kreftii,XGBoost_single_no_coords,spatial,False,0,0.004482104,-34751.7720567721,6829518.08321835
152,1209,Cacophis kreftii,XGBoost_single_no_coords,spatial,False,0,0.0054063387,-34733.497415081,6829118.26913623
153,1217,Cacophis kreftii,XGBoost_single_no_coords,spatial,False,0,0.029922934,-56158.084536112,6827640.49763384
154,1225,Cacophis kreftii,XGBoost_single_no_coords,spatial,False,0,0.026970807,-56718.2495163478,6826812.23539331
155,1233,Cacophis kreftii,XGBoost_single_no_coords,spatial,False,0,0.02697838,-59120.6295586857,6826486.03756181
156,1241,Cacophis kreftii,XGBoost_single_no_coords,spatial,False,0,0.008551015,-57101.2660895063,6826393.18209589
157,1249,Cacophis kreftii,XGBoost_single_no_coords,spatial,False,0,0.029922934,-57287.8605910979,6826183.88283365
158,1257,Cacophis kreftii,XGBoost_single_no_coords,spatial,False,0,0.029922934,-57091.7358988385,6826193.23264818
159,1265,Cacophis kreftii,XGBoost_single_no_coords,spatial,False,0,0.029922934,-57278.3264609204,6825983.9330077
160,1273,Cacophis kreftii,XGBoost_single_no_coords,spatial,False,0,0.029922934,-57082.2051583753,6825993.28319997
161,1281,Cacophis kreftii,XGBoost_single_no_coords,spatial,False,0,0.029922934,-57053.0800449767,6825382.32654951
162,1289,Cacophis kreftii,XGBoost_single_no_coords,spatial,False,0,0.026961986,-57436.0274871426,6824963.25226147
163,1297,Cacophis kreftii,XGBoost_single_no_coords,spatial,False,0,0.039863553,-118090.3420558,6819503.16714623
164,1305,Cacophis kreftii,XGBoost_single_no_coords,spatial,False,0,0.004482104,-31234.0531967666,6823468.59821031
165,1313,Cacophis kreftii,XGBoost_single_no_coords,spatial,False,0,0.059495624,-116199.528148125,6817786.39841097
166,1321,Cacophis kreftii,XGBoost_single_no_coords,spatial,False,0,0.058574803,-115961.85299911,6817197.07567746
167,1329,Cacophis kreftii,XGBoost_single_no_coords,spatial,False,0,0.09293071,-115156.930903262,6817038.96223258
168,1337,Cacophis kreftii,XGBoost_single_no_coords,spatial,False,0,0.09094697,-114320.555073989,6816470.06822849
169,1345,Cacophis kreftii,XGBoost_single_no_coords,spatial,False,0,0.009776413,-108876.433782581,6816343.47520397
170,1353,Cacophis kreftii,XGBoost_single_no_coords,spatial,False,0,0.004351227,-109030.042605492,6815332.43919622
171,1361,Cacophis kreftii,XGBoost_single_no_coords,spatial,False,0,0.004561963,-27097.7448967228,6813229.19629307
172,1369,Cacophis kreftii,XGBoost_single_no_coords,spatial,False,0,0.017643744,-148834.228828815,6806479.17622519
173,1377,Cacophis kreftii,XGBoost_single_no_coords,spatial,False,0,0.0048238924,-26864.9515665186,6812638.8314962
174,1385,Cacophis kreftii,XGBoost_single_no_coords,spatial,False,0,0.005323308,-144171.518832433,6805913.46294023
175,1393,Cacophis kreftii,XGBoost_single_no_coords,spatial,False,0,0.00493018,-26614.0603685924,6811648.67695057
176,1401,Cacophis kreftii,XGBoost_single_no_coords,spatial,False,0,0.0054392572,-146353.923264982,6805201.04834351
177,1409,Cacophis kreftii,XGBoost_single_no_coords,spatial,False,0,0.00493018,-26577.824176917,6810849.10035356
178,1417,Cacophis kreftii,XGBoost_single_no_coords,spatial,False,0,0.03584228,-152179.201074767,6801082.64226836
179,1425,Cacophis kreftii,XGBoost_single_no_coords,spatial,False,0,0.0099070165,-158380.85988069,6800363.84186606
180,1433,Cacophis kreftii,XGBoost_single_no_coords,spatial,False,0,0.004482104,-29780.9705356891,6806663.75964171
181,1441,Cacophis kreftii,XGBoost_single_no_coords,spatial,False,0,0.004482104,-29379.7381757025,6806682.07694802
182,1449,Cacophis kreftii,XGBoost_single_no_coords,spatial,False,0,0.0060922503,-155726.191227112,6799488.07056547
183,1457,Cacophis kreftii,XGBoost_single_no_coords,spatial,False,0,0.004482104,-29520.6964365395,6805473.74302288
184,1465,Cacophis kreftii,XGBoost_single_no_coords,spatial,False,0,0.004482104,-28317.1316235074,6805528.64452115
185,1473,Cacophis kreftii,XGBoost_single_no_coords,spatial,False,0,0.022615142,-154680.904774922,6798732.86570032
186,1481,Cacophis kreftii,XGBoost_single_no_coords,spatial,False,0,0.004482104,-29502.4373697368,6805073.94284487
187,1489,Cacophis kreftii,XGBoost_single_no_coords,spatial,False,0,0.020244356,-153649.192596345,6798389.56853004
188,1497,Cacophis kreftii,XGBoost_single_no_coords,spatial,False,0,0.027351601,-154245.287601219,6798155.10832232
189,1505,Cacophis kreftii,XGBoost_single_no_coords,spatial,False,0,0.14679287,-112502.967446529,6800471.69931174
190,1513,Cacophis kreftii,XGBoost_single_no_coords,spatial,False,0,0.24071805,-112492.387376251,6800271.63658075
191,1521,Cacophis kreftii,XGBoost_single_no_coords,spatial,False,0,0.015834797,-152408.241373254,6797645.26465756
192,1529,Cacophis kreftii,XGBoost_single_no_coords,spatial,False,0,0.026654005,-111862.768502251,6799691.91157671
193,1537,Cacophis kreftii,XGBoost_single_no_coords,spatial,False,0,0.019593777,-153796.263664079,6797165.36470106
194,1545,Cacophis kreftii,XGBoost_single_no_coords,spatial,False,0,0.3670208,-113057.133584369,6799439.25721174
195,1553,Cacophis kreftii,XGBoost_single_no_coords,spatial,False,0,0.05575301,-153177.628494992,6796999.50794559
196,1561,Cacophis kreftii,XGBoost_single_no_coords,spatial,False,0,0.15404603,-111841.623750466,6799291.78871934
197,1569,Cacophis kreftii,XGBoost_single_no_coords,spatial,False,0,0.004448162,-31200.4121417062,6802970.7749555
198,1577,Cacophis kreftii,XGBoost_single_no_coords,spatial,False,0,0.12969525,-111757.020588895,6797691.29771726
199,1585,Cacophis kreftii,XGBoost_single_no_coords,spatial,False,0,0.31216705,-111540.073845013,6797301.52655841
200,1593,Cacophis kreftii,XGBoost_single_no_coords,spatial,False,0,0.009576466,-165917.840413128,6794142.17633504
201,1601,Cacophis kreftii,XGBoost_single_no_coords,spatial,False,0,0.31216705,-111724.493680147,6796890.5347694
202,1609,Cacophis kreftii,XGBoost_single_no_coords,spatial,False,0,0.13276449,-111508.34435778,6796701.34390328
203,1617,Cacophis kreftii,XGBoost_single_no_coords,spatial,False,0,0.0067129945,-165638.858103626,6792540.33884748
204,1625,Cacophis kreftii,XGBoost_single_no_coords,spatial,False,0,0.0051817526,-111628.657553236,6795078.86889821
205,1633,Cacophis kreftii,XGBoost_single_no_coords,spatial,False,0,0.009776413,-111987.574051639,6794257.38010052
206,1641,Cacophis kreftii,XGBoost_single_no_coords,spatial,False,0,0.009776413,-111543.951324666,6793478.37953304
207,1649,Cacophis kreftii,XGBoost_single_no_coords,spatial,False,0,0.0058335555,-166932.442763671,6790267.55776097
208,1657,Cacophis kreftii,XGBoost_single_no_coords,spatial,False,0,0.004351227,-113333.176647029,6792982.26555712
209,1665,Cacophis kreftii,XGBoost_single_no_coords,spatial,False,0,0.005316876,-112530.721336831,6793024.84869485
210,1673,Cacophis kreftii,XGBoost_single_no_coords,spatial,False,0,0.0056426954,-112129.496210697,6793046.11909854
211,1681,Cacophis kreftii,XGBoost_single_no_coords,spatial,False,0,0.017458403,-164829.821681687,6788558.93776823
212,1689,Cacophis kreftii,XGBoost_single_no_coords,spatial,False,0,0.010074045,-165023.878239824,6788346.91096964
213,1697,Cacophis kreftii,XGBoost_single_no_coords,spatial,False,0,0.006885186,-164391.455012656,6787769.669967
214,1705,Cacophis kreftii,XGBoost_single_no_coords,spatial,False,0,0.004718808,-110822.113763642,6787074.42336939
215,1713,Cacophis kreftii,XGBoost_single_no_coords,spatial,False,0,0.0119342925,-110616.719576928,6787085.30761186
216,1721,Cacophis kreftii,XGBoost_single_no_coords,spatial,False,0,0.005919329,-110020.100859829,6787116.90272986
217,1729,Cacophis kreftii,XGBoost_single_no_coords,spatial,False,0,0.005527975,-109413.705304275,6787148.98376259
218,1737,Cacophis kreftii,XGBoost_single_no_coords,spatial,False,0,0.0050714407,-110779.695476226,6786274.18349996
219,1745,Cacophis kreftii,XGBoost_single_no_coords,spatial,False,0,0.0055038873,-110346.917478988,6785695.25630047
220,1753,Cacophis kreftii,XGBoost_single_no_coords,spatial,False,0,0.0047874455,-110140.731442662,6785505.55962449
221,1761,Cacophis kreftii,XGBoost_single_no_coords,spatial,False,0,0.032609925,-157491.757049911,6782687.30974027
222,1769,Cacophis kreftii,XGBoost_single_no_coords,spatial,False,0,0.017163552,-109512.656336634,6785126.43261431
223,1777,Cacophis kreftii,XGBoost_single_no_coords,spatial,False,0,0.07805864,-109707.419900115,6784915.50427338
224,1785,Cacophis kreftii,XGBoost_single_no_coords,spatial,False,0,0.08562005,-150843.666641707,6782630.05200801
225,1793,Cacophis kreftii,XGBoost_single_no_coords,spatial,False,0,0.00567051,-157628.595163146,6781474.60411432
226,1801,Cacophis kreftii,XGBoost_single_no_coords,spatial,False,0,0.005945433,-156768.616233883,6780508.50732801
227,1809,Cacophis kreftii,XGBoost_single_no_coords,spatial,False,0,0.004631841,-110619.113371872,6783061.59249324
228,1817,Cacophis kreftii,XGBoost_single_no_coords,spatial,False,0,0.0047874455,-108593.63854256,6782767.65906175
229,1825,Cacophis kreftii,XGBoost_single_no_coords,spatial,False,0,0.009776413,-108377.162322395,6782567.34735566
230,1833,Cacophis kreftii,XGBoost_single_no_coords,spatial,False,0,0.020469869,-58637.6336775981,6785100.52209461
231,1841,Cacophis kreftii,XGBoost_single_no_coords,spatial,False,0,0.0042892587,-107923.462038802,6781588.26422547
232,1849,Cacophis kreftii,XGBoost_single_no_coords,spatial,False,0,0.013123995,-154268.894705046,6778832.59399199
233,1857,Cacophis kreftii,XGBoost_single_no_coords,spatial,False,0,0.012531248,-151231.119203658,6778380.41797512
234,1865,Cacophis kreftii,XGBoost_single_no_coords,spatial,False,0,0.019354895,-150784.191440288,6777591.42724006
235,1873,Cacophis kreftii,XGBoost_single_no_coords,spatial,False,0,0.010074045,-157053.44484427,6770228.31904544
236,1881,Cacophis kreftii,XGBoost_single_no_coords,spatial,False,0,0.017458403,-157007.529503806,6769427.67794309
237,1889,Cacophis kreftii,XGBoost_single_no_coords,spatial,False,0,0.012075405,-157601.945479142,6769192.74860327
238,1897,Cacophis kreftii,XGBoost_single_no_coords,spatial,False,0,0.0053892303,-42631.6013249115,6774856.7836682
239,1905,Cacophis kreftii,XGBoost_single_no_coords,spatial,False,0,0.0047281315,-42808.1790068126,6774247.29778187
240,1913,Cacophis kreftii,XGBoost_single_no_coords,spatial,False,0,0.010240363,-90697.5110841577,6771199.36165782
241,1921,Cacophis kreftii,XGBoost_single_no_coords,spatial,False,0,0.010240363,-89886.5465170286,6771040.60297007
242,1929,Cacophis kreftii,XGBoost_single_no_coords,spatial,False,0,0.0072075836,-45884.998116622,6771685.40364584
243,1937,Cacophis kreftii,XGBoost_single_no_coords,spatial,False,0,0.007352217,-45846.3441318398,6770874.56187869
244,1945,Cacophis kreftii,XGBoost_single_no_coords,spatial,False,0,0.0072075836,-46208.2545646069,6770055.74332879
245,1953,Cacophis kreftii,XGBoost_single_no_coords,spatial,False,0,0.0047281315,-42736.9260770733,6769029.74166907
246,1961,Cacophis kreftii,XGBoost_single_no_coords,spatial,False,0,0.0045553613,-42727.4414379179,6768829.81362177
247,1969,Cacophis kreftii,XGBoost_single_no_coords,spatial,False,0,0.0045553613,-42717.9562631494,6768629.88557173
248,1977,Cacophis kreftii,XGBoost_single_no_coords,spatial,False,0,0.009257725,-139175.743651501,6763098.07298971
249,1985,Cacophis kreftii,XGBoost_single_no_coords,spatial,False,0,0.028177818,-138923.869162796,6762097.27372678
252,2009,Cacophis kreftii,XGBoost_single_no_coords,spatial,False,0,0.0047281315,-43112.7372327422,6764592.40958821
254,2025,Cacophis kreftii,XGBoost_single_no_coords,spatial,False,0,0.004634878,-43678.7671977115,6763752.8151483
255,2033,Cacophis kreftii,XGBoost_single_no_coords,spatial,False,0,0.0050758333,-47276.750227819,6763369.40347618
106,842,Calyptotis scutirostrum,XGBoost_single_no_coords,spatial,False,1,0.8110341,-147293.925634327,6831915.7941736
111,882,Calyptotis scutirostrum,XGBoost_single_no_coords,spatial,False,1,0.9476367,-146869.047423431,6831537.755626
122,970,Calyptotis scutirostrum,XGBoost_single_no_coords,spatial,False,0,0.02779443,-121930.447488692,6831783.7962185
125,994,Calyptotis scutirostrum,XGBoost_single_no_coords,spatial,False,1,0.0041271243,-119100.196556909,6831521.23488212
126,1002,Calyptotis scutirostrum,XGBoost_single_no_coords,spatial,False,0,0.041194614,-122301.197680874,6831162.17696098
127,1010,Calyptotis scutirostrum,XGBoost_single_no_coords,spatial,False,0,0.014057341,-113069.978206809,6831626.51450922
128,1018,Calyptotis scutirostrum,XGBoost_single_no_coords,spatial,False,0,0.23744132,-110250.872026258,6831561.92472725
130,1034,Calyptotis scutirostrum,XGBoost_single_no_coords,spatial,False,0,0.022208119,-112831.744333792,6830836.54025889
132,1050,Calyptotis scutirostrum,XGBoost_single_no_coords,spatial,False,0,0.39240393,-105801.162580743,6831179.93507326
134,1066,Calyptotis scutirostrum,XGBoost_single_no_coords,spatial,False,0,0.29581484,-109785.840498241,6830382.55130941
135,1074,Calyptotis scutirostrum,XGBoost_single_no_coords,spatial,False,0,0.1178269,-60576.6608829403,6831437.80904093
136,1082,Calyptotis scutirostrum,XGBoost_single_no_coords,spatial,False,0,0.08861751,-62745.5415882464,6830732.52392328
137,1090,Calyptotis scutirostrum,XGBoost_single_no_coords,spatial,False,0,0.10193611,-59930.1265788042,6830667.09207023
138,1098,Calyptotis scutirostrum,XGBoost_single_no_coords,spatial,False,0,0.052006595,-33656.1895879237,6831782.75910205
139,1106,Calyptotis scutirostrum,XGBoost_single_no_coords,spatial,False,0,0.6990456,-60097.6324680274,6830057.84195886
140,1114,Calyptotis scutirostrum,XGBoost_single_no_coords,spatial,False,0,0.036372695,-59480.1149542754,6829686.55327432
141,1122,Calyptotis scutirostrum,XGBoost_single_no_coords,spatial,False,0,0.14161582,-59274.1159834863,6829696.39928037
142,1130,Calyptotis scutirostrum,XGBoost_single_no_coords,spatial,False,1,0.3884673,-58470.0105331185,6829534.39062915
143,1138,Calyptotis scutirostrum,XGBoost_single_no_coords,spatial,False,1,0.25477445,-58067.8332822076,6829553.57641624
144,1146,Calyptotis scutirostrum,XGBoost_single_no_coords,spatial,False,0,0.00094150304,-35003.9025977263,6830519.3124224
145,1154,Calyptotis scutirostrum,XGBoost_single_no_coords,spatial,False,0,0.29845437,-57852.3087704955,6829363.4472621
146,1162,Calyptotis scutirostrum,XGBoost_single_no_coords,spatial,False,0,0.00094150304,-34994.2569791634,6830308.29905931
147,1170,Calyptotis scutirostrum,XGBoost_single_no_coords,spatial,False,0,0.57783365,-58647.1030221649,6829125.12230747
148,1178,Calyptotis scutirostrum,XGBoost_single_no_coords,spatial,False,1,0.6678868,-59039.7148912014,6828905.9612443
149,1186,Calyptotis scutirostrum,XGBoost_single_no_coords,spatial,False,1,0.6056221,-58039.2252902132,6828953.72338296
150,1194,Calyptotis scutirostrum,XGBoost_single_no_coords,spatial,False,0,0.00237088,-34359.3605187094,6829747.4641776
151,1202,Calyptotis scutirostrum,XGBoost_single_no_coords,spatial,False,0,0.0023348606,-34751.7720567721,6829518.08321835
152,1210,Calyptotis scutirostrum,XGBoost_single_no_coords,spatial,False,0,0.002733429,-34733.497415081,6829118.26913623
153,1218,Calyptotis scutirostrum,XGBoost_single_no_coords,spatial,False,1,0.30883518,-56158.084536112,6827640.49763384
154,1226,Calyptotis scutirostrum,XGBoost_single_no_coords,spatial,False,0,0.05180835,-56718.2495163478,6826812.23539331
155,1234,Calyptotis scutirostrum,XGBoost_single_no_coords,spatial,False,0,0.047631502,-59120.6295586857,6826486.03756181
156,1242,Calyptotis scutirostrum,XGBoost_single_no_coords,spatial,False,1,0.08703169,-57101.2660895063,6826393.18209589
157,1250,Calyptotis scutirostrum,XGBoost_single_no_coords,spatial,False,1,0.22788031,-57287.8605910979,6826183.88283365
158,1258,Calyptotis scutirostrum,XGBoost_single_no_coords,spatial,False,0,0.22788031,-57091.7358988385,6826193.23264818
159,1266,Calyptotis scutirostrum,XGBoost_single_no_coords,spatial,False,0,0.19894528,-57278.3264609204,6825983.9330077
160,1274,Calyptotis scutirostrum,XGBoost_single_no_coords,spatial,False,1,0.19894528,-57082.2051583753,6825993.28319997
161,1282,Calyptotis scutirostrum,XGBoost_single_no_coords,spatial,False,0,0.31211624,-57053.0800449767,6825382.32654951
162,1290,Calyptotis scutirostrum,XGBoost_single_no_coords,spatial,False,0,0.06019202,-57436.0274871426,6824963.25226147
163,1298,Calyptotis scutirostrum,XGBoost_single_no_coords,spatial,False,0,0.005418341,-118090.3420558,6819503.16714623
164,1306,Calyptotis scutirostrum,XGBoost_single_no_coords,spatial,False,0,0.00270302,-31234.0531967666,6823468.59821031
165,1314,Calyptotis scutirostrum,XGBoost_single_no_coords,spatial,False,0,0.5659911,-116199.528148125,6817786.39841097
166,1322,Calyptotis scutirostrum,XGBoost_single_no_coords,spatial,False,1,0.59822077,-115961.85299911,6817197.07567746
167,1330,Calyptotis scutirostrum,XGBoost_single_no_coords,spatial,False,0,0.0042287754,-115156.930903262,6817038.96223258
168,1338,Calyptotis scutirostrum,XGBoost_single_no_coords,spatial,False,0,0.12893409,-114320.555073989,6816470.06822849
169,1346,Calyptotis scutirostrum,XGBoost_single_no_coords,spatial,False,0,0.000681562,-108876.433782581,6816343.47520397
170,1354,Calyptotis scutirostrum,XGBoost_single_no_coords,spatial,False,0,0.0011952451,-109030.042605492,6815332.43919622
171,1362,Calyptotis scutirostrum,XGBoost_single_no_coords,spatial,False,0,0.0023348606,-27097.7448967228,6813229.19629307
172,1370,Calyptotis scutirostrum,XGBoost_single_no_coords,spatial,False,0,0.022036554,-148834.228828815,6806479.17622519
173,1378,Calyptotis scutirostrum,XGBoost_single_no_coords,spatial,False,0,0.00093758706,-26864.9515665186,6812638.8314962
174,1386,Calyptotis scutirostrum,XGBoost_single_no_coords,spatial,False,0,0.062331915,-144171.518832433,6805913.46294023
175,1394,Calyptotis scutirostrum,XGBoost_single_no_coords,spatial,False,1,0.0064850952,-26614.0603685924,6811648.67695057
176,1402,Calyptotis scutirostrum,XGBoost_single_no_coords,spatial,False,0,0.011380277,-146353.923264982,6805201.04834351
177,1410,Calyptotis scutirostrum,XGBoost_single_no_coords,spatial,False,0,0.0064850952,-26577.824176917,6810849.10035356
178,1418,Calyptotis scutirostrum,XGBoost_single_no_coords,spatial,False,0,0.08444587,-152179.201074767,6801082.64226836
179,1426,Calyptotis scutirostrum,XGBoost_single_no_coords,spatial,False,0,0.003266544,-158380.85988069,6800363.84186606
180,1434,Calyptotis scutirostrum,XGBoost_single_no_coords,spatial,False,0,0.0023348606,-29780.9705356891,6806663.75964171
181,1442,Calyptotis scutirostrum,XGBoost_single_no_coords,spatial,False,0,0.00270302,-29379.7381757025,6806682.07694802
182,1450,Calyptotis scutirostrum,XGBoost_single_no_coords,spatial,False,0,0.008960048,-155726.191227112,6799488.07056547
183,1458,Calyptotis scutirostrum,XGBoost_single_no_coords,spatial,False,0,0.00270302,-29520.6964365395,6805473.74302288
184,1466,Calyptotis scutirostrum,XGBoost_single_no_coords,spatial,False,0,0.00270302,-28317.1316235074,6805528.64452115
185,1474,Calyptotis scutirostrum,XGBoost_single_no_coords,spatial,False,0,0.019814236,-154680.904774922,6798732.86570032
186,1482,Calyptotis scutirostrum,XGBoost_single_no_coords,spatial,False,0,0.00270302,-29502.4373697368,6805073.94284487
187,1490,Calyptotis scutirostrum,XGBoost_single_no_coords,spatial,False,0,0.054382134,-153649.192596345,6798389.56853004
188,1498,Calyptotis scutirostrum,XGBoost_single_no_coords,spatial,False,0,0.20273364,-154245.287601219,6798155.10832232
189,1506,Calyptotis scutirostrum,XGBoost_single_no_coords,spatial,False,0,0.84357834,-112502.967446529,6800471.69931174
190,1514,Calyptotis scutirostrum,XGBoost_single_no_coords,spatial,False,0,0.7590765,-112492.387376251,6800271.63658075
191,1522,Calyptotis scutirostrum,XGBoost_single_no_coords,spatial,False,0,0.0299297,-152408.241373254,6797645.26465756
192,1530,Calyptotis scutirostrum,XGBoost_single_no_coords,spatial,False,0,0.55931085,-111862.768502251,6799691.91157671
193,1538,Calyptotis scutirostrum,XGBoost_single_no_coords,spatial,False,0,0.0049727876,-153796.263664079,6797165.36470106
194,1546,Calyptotis scutirostrum,XGBoost_single_no_coords,spatial,False,0,0.68432826,-113057.133584369,6799439.25721174
195,1554,Calyptotis scutirostrum,XGBoost_single_no_coords,spatial,False,0,0.055014648,-153177.628494992,6796999.50794559
196,1562,Calyptotis scutirostrum,XGBoost_single_no_coords,spatial,False,0,0.822951,-111841.623750466,6799291.78871934
197,1570,Calyptotis scutirostrum,XGBoost_single_no_coords,spatial,False,0,0.00094150304,-31200.4121417062,6802970.7749555
198,1578,Calyptotis scutirostrum,XGBoost_single_no_coords,spatial,False,0,0.21624658,-111757.020588895,6797691.29771726
199,1586,Calyptotis scutirostrum,XGBoost_single_no_coords,spatial,False,0,0.66630363,-111540.073845013,6797301.52655841
200,1594,Calyptotis scutirostrum,XGBoost_single_no_coords,spatial,False,0,0.0014376191,-165917.840413128,6794142.17633504
201,1602,Calyptotis scutirostrum,XGBoost_single_no_coords,spatial,False,0,0.6408661,-111724.493680147,6796890.5347694
202,1610,Calyptotis scutirostrum,XGBoost_single_no_coords,spatial,False,0,0.17822668,-111508.34435778,6796701.34390328
203,1618,Calyptotis scutirostrum,XGBoost_single_no_coords,spatial,False,0,0.0250258,-165638.858103626,6792540.33884748
204,1626,Calyptotis scutirostrum,XGBoost_single_no_coords,spatial,False,0,0.002618727,-111628.657553236,6795078.86889821
205,1634,Calyptotis scutirostrum,XGBoost_single_no_coords,spatial,False,0,0.004081174,-111987.574051639,6794257.38010052
206,1642,Calyptotis scutirostrum,XGBoost_single_no_coords,spatial,False,0,0.0008991949,-111543.951324666,6793478.37953304
207,1650,Calyptotis scutirostrum,XGBoost_single_no_coords,spatial,False,0,0.00068547373,-166932.442763671,6790267.55776097
208,1658,Calyptotis scutirostrum,XGBoost_single_no_coords,spatial,False,0,0.0041439547,-113333.176647029,6792982.26555712
209,1666,Calyptotis scutirostrum,XGBoost_single_no_coords,spatial,False,0,0.0024245095,-112530.721336831,6793024.84869485
210,1674,Calyptotis scutirostrum,XGBoost_single_no_coords,spatial,False,0,0.002343585,-112129.496210697,6793046.11909854
211,1682,Calyptotis scutirostrum,XGBoost_single_no_coords,spatial,False,0,0.0007462611,-164829.821681687,6788558.93776823
212,1690,Calyptotis scutirostrum,XGBoost_single_no_coords,spatial,False,0,0.00078069954,-165023.878239824,6788346.91096964
213,1698,Calyptotis scutirostrum,XGBoost_single_no_coords,spatial,False,0,0.0014734146,-164391.455012656,6787769.669967
214,1706,Calyptotis scutirostrum,XGBoost_single_no_coords,spatial,False,0,0.0017273197,-110822.113763642,6787074.42336939
215,1714,Calyptotis scutirostrum,XGBoost_single_no_coords,spatial,False,0,0.008399317,-110616.719576928,6787085.30761186
216,1722,Calyptotis scutirostrum,XGBoost_single_no_coords,spatial,False,0,0.0044052964,-110020.100859829,6787116.90272986
217,1730,Calyptotis scutirostrum,XGBoost_single_no_coords,spatial,False,0,0.01023915,-109413.705304275,6787148.98376259
218,1738,Calyptotis scutirostrum,XGBoost_single_no_coords,spatial,False,0,0.0014810882,-110779.695476226,6786274.18349996
219,1746,Calyptotis scutirostrum,XGBoost_single_no_coords,spatial,False,0,0.0014062116,-110346.917478988,6785695.25630047
220,1754,Calyptotis scutirostrum,XGBoost_single_no_coords,spatial,False,0,0.0026422094,-110140.731442662,6785505.55962449
221,1762,Calyptotis scutirostrum,XGBoost_single_no_coords,spatial,False,0,0.008633331,-157491.757049911,6782687.30974027
222,1770,Calyptotis scutirostrum,XGBoost_single_no_coords,spatial,False,0,0.062385872,-109512.656336634,6785126.43261431
223,1778,Calyptotis scutirostrum,XGBoost_single_no_coords,spatial,False,0,0.03624221,-109707.419900115,6784915.50427338
224,1786,Calyptotis scutirostrum,XGBoost_single_no_coords,spatial,False,0,0.038007554,-150843.666641707,6782630.05200801
225,1794,Calyptotis scutirostrum,XGBoost_single_no_coords,spatial,False,0,0.012450211,-157628.595163146,6781474.60411432
226,1802,Calyptotis scutirostrum,XGBoost_single_no_coords,spatial,False,0,0.033958074,-156768.616233883,6780508.50732801
227,1810,Calyptotis scutirostrum,XGBoost_single_no_coords,spatial,False,0,0.003284339,-110619.113371872,6783061.59249324
228,1818,Calyptotis scutirostrum,XGBoost_single_no_coords,spatial,False,0,0.00084301014,-108593.63854256,6782767.65906175
229,1826,Calyptotis scutirostrum,XGBoost_single_no_coords,spatial,False,0,0.002313359,-108377.162322395,6782567.34735566
230,1834,Calyptotis scutirostrum,XGBoost_single_no_coords,spatial,False,0,0.00493591,-58637.6336775981,6785100.52209461
231,1842,Calyptotis scutirostrum,XGBoost_single_no_coords,spatial,False,0,0.006469819,-107923.462038802,6781588.26422547
232,1850,Calyptotis scutirostrum,XGBoost_single_no_coords,spatial,False,0,0.0120068705,-154268.894705046,6778832.59399199
233,1858,Calyptotis scutirostrum,XGBoost_single_no_coords,spatial,False,0,0.0007100631,-151231.119203658,6778380.41797512
234,1866,Calyptotis scutirostrum,XGBoost_single_no_coords,spatial,False,0,0.0036862905,-150784.191440288,6777591.42724006
235,1874,Calyptotis scutirostrum,XGBoost_single_no_coords,spatial,False,0,0.0007975648,-157053.44484427,6770228.31904544
236,1882,Calyptotis scutirostrum,XGBoost_single_no_coords,spatial,False,0,0.0003120367,-157007.529503806,6769427.67794309
237,1890,Calyptotis scutirostrum,XGBoost_single_no_coords,spatial,False,0,0.0011204638,-157601.945479142,6769192.74860327
238,1898,Calyptotis scutirostrum,XGBoost_single_no_coords,spatial,False,0,0.016781863,-42631.6013249115,6774856.7836682
239,1906,Calyptotis scutirostrum,XGBoost_single_no_coords,spatial,False,0,0.0075727035,-42808.1790068126,6774247.29778187
240,1914,Calyptotis scutirostrum,XGBoost_single_no_coords,spatial,False,0,0.0023731976,-90697.5110841577,6771199.36165782
241,1922,Calyptotis scutirostrum,XGBoost_single_no_coords,spatial,False,0,0.0024873482,-89886.5465170286,6771040.60297007
242,1930,Calyptotis scutirostrum,XGBoost_single_no_coords,spatial,False,0,0.0008778617,-45884.998116622,6771685.40364584
243,1938,Calyptotis scutirostrum,XGBoost_single_no_coords,spatial,False,0,0.00076981884,-45846.3441318398,6770874.56187869
244,1946,Calyptotis scutirostrum,XGBoost_single_no_coords,spatial,False,0,0.0008778617,-46208.2545646069,6770055.74332879
245,1954,Calyptotis scutirostrum,XGBoost_single_no_coords,spatial,False,0,0.004254314,-42736.9260770733,6769029.74166907
246,1962,Calyptotis scutirostrum,XGBoost_single_no_coords,spatial,False,0,0.0035157304,-42727.4414379179,6768829.81362177
247,1970,Calyptotis scutirostrum,XGBoost_single_no_coords,spatial,False,0,0.0040693297,-42717.9562631494,6768629.88557173
248,1978,Calyptotis scutirostrum,XGBoost_single_no_coords,spatial,False,0,0.042054523,-139175.743651501,6763098.07298971
249,1986,Calyptotis scutirostrum,XGBoost_single_no_coords,spatial,False,0,0.011182032,-138923.869162796,6762097.27372678
252,2010,Calyptotis scutirostrum,XGBoost_single_no_coords,spatial,False,0,0.003820353,-43112.7372327422,6764592.40958821
254,2026,Calyptotis scutirostrum,XGBoost_single_no_coords,spatial,False,0,0.0037623954,-43678.7671977115,6763752.8151483
255,2034,Calyptotis scutirostrum,XGBoost_single_no_coords,spatial,False,0,0.008748514,-47276.750227819,6763369.40347618
106,843,Coeranoscincus reticulatus,XGBoost_single_no_coords,spatial,False,1,0.36076298,-147293.925634327,6831915.7941736
111,883,Coeranoscincus reticulatus,XGBoost_single_no_coords,spatial,False,0,0.43394545,-146869.047423431,6831537.755626
122,971,Coeranoscincus reticulatus,XGBoost_single_no_coords,spatial,False,1,0.394428,-121930.447488692,6831783.7962185
125,995,Coeranoscincus reticulatus,XGBoost_single_no_coords,spatial,False,0,0.29228252,-119100.196556909,6831521.23488212
126,1003,Coeranoscincus reticulatus,XGBoost_single_no_coords,spatial,False,0,0.2733736,-122301.197680874,6831162.17696098
127,1011,Coeranoscincus reticulatus,XGBoost_single_no_coords,spatial,False,1,0.26777428,-113069.978206809,6831626.51450922
128,1019,Coeranoscincus reticulatus,XGBoost_single_no_coords,spatial,False,0,0.34564865,-110250.872026258,6831561.92472725
130,1035,Coeranoscincus reticulatus,XGBoost_single_no_coords,spatial,False,0,0.09810734,-112831.744333792,6830836.54025889
132,1051,Coeranoscincus reticulatus,XGBoost_single_no_coords,spatial,False,0,0.22708824,-105801.162580743,6831179.93507326
134,1067,Coeranoscincus reticulatus,XGBoost_single_no_coords,spatial,False,0,0.11303661,-109785.840498241,6830382.55130941
135,1075,Coeranoscincus reticulatus,XGBoost_single_no_coords,spatial,False,0,0.08139583,-60576.6608829403,6831437.80904093
136,1083,Coeranoscincus reticulatus,XGBoost_single_no_coords,spatial,False,0,0.095430136,-62745.5415882464,6830732.52392328
137,1091,Coeranoscincus reticulatus,XGBoost_single_no_coords,spatial,False,0,0.16149555,-59930.1265788042,6830667.09207023
138,1099,Coeranoscincus reticulatus,XGBoost_single_no_coords,spatial,False,0,0.02362197,-33656.1895879237,6831782.75910205
139,1107,Coeranoscincus reticulatus,XGBoost_single_no_coords,spatial,False,0,0.08432407,-60097.6324680274,6830057.84195886
140,1115,Coeranoscincus reticulatus,XGBoost_single_no_coords,spatial,False,0,0.076041386,-59480.1149542754,6829686.55327432
141,1123,Coeranoscincus reticulatus,XGBoost_single_no_coords,spatial,False,0,0.1099379,-59274.1159834863,6829696.39928037
142,1131,Coeranoscincus reticulatus,XGBoost_single_no_coords,spatial,False,0,0.13499787,-58470.0105331185,6829534.39062915
143,1139,Coeranoscincus reticulatus,XGBoost_single_no_coords,spatial,False,0,0.13262449,-58067.8332822076,6829553.57641624
144,1147,Coeranoscincus reticulatus,XGBoost_single_no_coords,spatial,False,0,0.022015681,-35003.9025977263,6830519.3124224
145,1155,Coeranoscincus reticulatus,XGBoost_single_no_coords,spatial,False,0,0.11264974,-57852.3087704955,6829363.4472621
146,1163,Coeranoscincus reticulatus,XGBoost_single_no_coords,spatial,False,0,0.022015681,-34994.2569791634,6830308.29905931
147,1171,Coeranoscincus reticulatus,XGBoost_single_no_coords,spatial,False,0,0.06200289,-58647.1030221649,6829125.12230747
148,1179,Coeranoscincus reticulatus,XGBoost_single_no_coords,spatial,False,0,0.057229098,-59039.7148912014,6828905.9612443
149,1187,Coeranoscincus reticulatus,XGBoost_single_no_coords,spatial,False,0,0.062136732,-58039.2252902132,6828953.72338296
150,1195,Coeranoscincus reticulatus,XGBoost_single_no_coords,spatial,False,0,0.022611542,-34359.3605187094,6829747.4641776
151,1203,Coeranoscincus reticulatus,XGBoost_single_no_coords,spatial,False,0,0.022611542,-34751.7720567721,6829518.08321835
152,1211,Coeranoscincus reticulatus,XGBoost_single_no_coords,spatial,False,0,0.022015681,-34733.497415081,6829118.26913623
153,1219,Coeranoscincus reticulatus,XGBoost_single_no_coords,spatial,False,0,0.109629415,-56158.084536112,6827640.49763384
154,1227,Coeranoscincus reticulatus,XGBoost_single_no_coords,spatial,False,0,0.044668876,-56718.2495163478,6826812.23539331
155,1235,Coeranoscincus reticulatus,XGBoost_single_no_coords,spatial,False,0,0.13080028,-59120.6295586857,6826486.03756181
156,1243,Coeranoscincus reticulatus,XGBoost_single_no_coords,spatial,False,0,0.035994656,-57101.2660895063,6826393.18209589
157,1251,Coeranoscincus reticulatus,XGBoost_single_no_coords,spatial,False,0,0.17985484,-57287.8605910979,6826183.88283365
158,1259,Coeranoscincus reticulatus,XGBoost_single_no_coords,spatial,False,0,0.120745175,-57091.7358988385,6826193.23264818
159,1267,Coeranoscincus reticulatus,XGBoost_single_no_coords,spatial,False,0,0.17985484,-57278.3264609204,6825983.9330077
160,1275,Coeranoscincus reticulatus,XGBoost_single_no_coords,spatial,False,0,0.042633057,-57082.2051583753,6825993.28319997
161,1283,Coeranoscincus reticulatus,XGBoost_single_no_coords,spatial,False,0,0.042633057,-57053.0800449767,6825382.32654951
162,1291,Coeranoscincus reticulatus,XGBoost_single_no_coords,spatial,False,0,0.04424454,-57436.0274871426,6824963.25226147
163,1299,Coeranoscincus reticulatus,XGBoost_single_no_coords,spatial,False,1,0.16802962,-118090.3420558,6819503.16714623
164,1307,Coeranoscincus reticulatus,XGBoost_single_no_coords,spatial,False,0,0.022611542,-31234.0531967666,6823468.59821031
165,1315,Coeranoscincus reticulatus,XGBoost_single_no_coords,spatial,False,0,0.28266606,-116199.528148125,6817786.39841097
166,1323,Coeranoscincus reticulatus,XGBoost_single_no_coords,spatial,False,0,0.24107768,-115961.85299911,6817197.07567746
167,1331,Coeranoscincus reticulatus,XGBoost_single_no_coords,spatial,False,0,0.20614097,-115156.930903262,6817038.96223258
168,1339,Coeranoscincus reticulatus,XGBoost_single_no_coords,spatial,False,0,0.15084513,-114320.555073989,6816470.06822849
169,1347,Coeranoscincus reticulatus,XGBoost_single_no_coords,spatial,False,0,0.049644943,-108876.433782581,6816343.47520397
170,1355,Coeranoscincus reticulatus,XGBoost_single_no_coords,spatial,False,1,0.048743222,-109030.042605492,6815332.43919622
171,1363,Coeranoscincus reticulatus,XGBoost_single_no_coords,spatial,False,0,0.022611542,-27097.7448967228,6813229.19629307
172,1371,Coeranoscincus reticulatus,XGBoost_single_no_coords,spatial,False,0,0.34567136,-148834.228828815,6806479.17622519
173,1379,Coeranoscincus reticulatus,XGBoost_single_no_coords,spatial,False,0,0.029267017,-26864.9515665186,6812638.8314962
174,1387,Coeranoscincus reticulatus,XGBoost_single_no_coords,spatial,False,0,0.12055855,-144171.518832433,6805913.46294023
175,1395,Coeranoscincus reticulatus,XGBoost_single_no_coords,spatial,False,0,0.03274386,-26614.0603685924,6811648.67695057
176,1403,Coeranoscincus reticulatus,XGBoost_single_no_coords,spatial,False,0,0.12540051,-146353.923264982,6805201.04834351
177,1411,Coeranoscincus reticulatus,XGBoost_single_no_coords,spatial,False,0,0.026407111,-26577.824176917,6810849.10035356
178,1419,Coeranoscincus reticulatus,XGBoost_single_no_coords,spatial,False,1,0.42911404,-152179.201074767,6801082.64226836
179,1427,Coeranoscincus reticulatus,XGBoost_single_no_coords,spatial,False,1,0.42833647,-158380.85988069,6800363.84186606
180,1435,Coeranoscincus reticulatus,XGBoost_single_no_coords,spatial,False,0,0.022611542,-29780.9705356891,6806663.75964171
181,1443,Coeranoscincus reticulatus,XGBoost_single_no_coords,spatial,False,0,0.022611542,-29379.7381757025,6806682.07694802
182,1451,Coeranoscincus reticulatus,XGBoost_single_no_coords,spatial,False,0,0.47744274,-155726.191227112,6799488.07056547
183,1459,Coeranoscincus reticulatus,XGBoost_single_no_coords,spatial,False,0,0.022611542,-29520.6964365395,6805473.74302288
184,1467,Coeranoscincus reticulatus,XGBoost_single_no_coords,spatial,False,0,0.022611542,-28317.1316235074,6805528.64452115
185,1475,Coeranoscincus reticulatus,XGBoost_single_no_coords,spatial,False,1,0.37914297,-154680.904774922,6798732.86570032
186,1483,Coeranoscincus reticulatus,XGBoost_single_no_coords,spatial,False,0,0.022611542,-29502.4373697368,6805073.94284487
187,1491,Coeranoscincus reticulatus,XGBoost_single_no_coords,spatial,False,1,0.41573715,-153649.192596345,6798389.56853004
188,1499,Coeranoscincus reticulatus,XGBoost_single_no_coords,spatial,False,1,0.3814161,-154245.287601219,6798155.10832232
189,1507,Coeranoscincus reticulatus,XGBoost_single_no_coords,spatial,False,0,0.2469938,-112502.967446529,6800471.69931174
190,1515,Coeranoscincus reticulatus,XGBoost_single_no_coords,spatial,False,1,0.205952,-112492.387376251,6800271.63658075
191,1523,Coeranoscincus reticulatus,XGBoost_single_no_coords,spatial,False,1,0.3734737,-152408.241373254,6797645.26465756
192,1531,Coeranoscincus reticulatus,XGBoost_single_no_coords,spatial,False,1,0.27681106,-111862.768502251,6799691.91157671
193,1539,Coeranoscincus reticulatus,XGBoost_single_no_coords,spatial,False,1,0.36587214,-153796.263664079,6797165.36470106
194,1547,Coeranoscincus reticulatus,XGBoost_single_no_coords,spatial,False,1,0.20957248,-113057.133584369,6799439.25721174
195,1555,Coeranoscincus reticulatus,XGBoost_single_no_coords,spatial,False,1,0.28154707,-153177.628494992,6796999.50794559
196,1563,Coeranoscincus reticulatus,XGBoost_single_no_coords,spatial,False,1,0.2469938,-111841.623750466,6799291.78871934
197,1571,Coeranoscincus reticulatus,XGBoost_single_no_coords,spatial,False,0,0.022170745,-31200.4121417062,6802970.7749555
198,1579,Coeranoscincus reticulatus,XGBoost_single_no_coords,spatial,False,1,0.19897912,-111757.020588895,6797691.29771726
199,1587,Coeranoscincus reticulatus,XGBoost_single_no_coords,spatial,False,1,0.24002053,-111540.073845013,6797301.52655841
200,1595,Coeranoscincus reticulatus,XGBoost_single_no_coords,spatial,False,1,0.3865929,-165917.840413128,6794142.17633504
201,1603,Coeranoscincus reticulatus,XGBoost_single_no_coords,spatial,False,1,0.24865279,-111724.493680147,6796890.5347694
202,1611,Coeranoscincus reticulatus,XGBoost_single_no_coords,spatial,False,1,0.2536749,-111508.34435778,6796701.34390328
203,1619,Coeranoscincus reticulatus,XGBoost_single_no_coords,spatial,False,1,0.4589437,-165638.858103626,6792540.33884748
204,1627,Coeranoscincus reticulatus,XGBoost_single_no_coords,spatial,False,0,0.09077055,-111628.657553236,6795078.86889821
205,1635,Coeranoscincus reticulatus,XGBoost_single_no_coords,spatial,False,0,0.055822987,-111987.574051639,6794257.38010052
206,1643,Coeranoscincus reticulatus,XGBoost_single_no_coords,spatial,False,1,0.05890608,-111543.951324666,6793478.37953304
207,1651,Coeranoscincus reticulatus,XGBoost_single_no_coords,spatial,False,1,0.3317082,-166932.442763671,6790267.55776097
208,1659,Coeranoscincus reticulatus,XGBoost_single_no_coords,spatial,False,0,0.09592481,-113333.176647029,6792982.26555712
209,1667,Coeranoscincus reticulatus,XGBoost_single_no_coords,spatial,False,1,0.07840226,-112530.721336831,6793024.84869485
210,1675,Coeranoscincus reticulatus,XGBoost_single_no_coords,spatial,False,0,0.065302424,-112129.496210697,6793046.11909854
211,1683,Coeranoscincus reticulatus,XGBoost_single_no_coords,spatial,False,1,0.23837958,-164829.821681687,6788558.93776823
212,1691,Coeranoscincus reticulatus,XGBoost_single_no_coords,spatial,False,0,0.20630912,-165023.878239824,6788346.91096964
213,1699,Coeranoscincus reticulatus,XGBoost_single_no_coords,spatial,False,1,0.27983415,-164391.455012656,6787769.669967
214,1707,Coeranoscincus reticulatus,XGBoost_single_no_coords,spatial,False,0,0.046577282,-110822.113763642,6787074.42336939
215,1715,Coeranoscincus reticulatus,XGBoost_single_no_coords,spatial,False,0,0.18040693,-110616.719576928,6787085.30761186
216,1723,Coeranoscincus reticulatus,XGBoost_single_no_coords,spatial,False,0,0.23072892,-110020.100859829,6787116.90272986
217,1731,Coeranoscincus reticulatus,XGBoost_single_no_coords,spatial,False,1,0.053291295,-109413.705304275,6787148.98376259
218,1739,Coeranoscincus reticulatus,XGBoost_single_no_coords,spatial,False,0,0.14048097,-110779.695476226,6786274.18349996
219,1747,Coeranoscincus reticulatus,XGBoost_single_no_coords,spatial,False,0,0.13419414,-110346.917478988,6785695.25630047
220,1755,Coeranoscincus reticulatus,XGBoost_single_no_coords,spatial,False,0,0.14328171,-110140.731442662,6785505.55962449
221,1763,Coeranoscincus reticulatus,XGBoost_single_no_coords,spatial,False,1,0.41998586,-157491.757049911,6782687.30974027
222,1771,Coeranoscincus reticulatus,XGBoost_single_no_coords,spatial,False,0,0.16258368,-109512.656336634,6785126.43261431
223,1779,Coeranoscincus reticulatus,XGBoost_single_no_coords,spatial,False,0,0.35481447,-109707.419900115,6784915.50427338
224,1787,Coeranoscincus reticulatus,XGBoost_single_no_coords,spatial,False,1,0.43348306,-150843.666641707,6782630.05200801
225,1795,Coeranoscincus reticulatus,XGBoost_single_no_coords,spatial,False,1,0.42688936,-157628.595163146,6781474.60411432
226,1803,Coeranoscincus reticulatus,XGBoost_single_no_coords,spatial,False,1,0.35635242,-156768.616233883,6780508.50732801
227,1811,Coeranoscincus reticulatus,XGBoost_single_no_coords,spatial,False,0,0.05336149,-110619.113371872,6783061.59249324
228,1819,Coeranoscincus reticulatus,XGBoost_single_no_coords,spatial,False,0,0.08850464,-108593.63854256,6782767.65906175
229,1827,Coeranoscincus reticulatus,XGBoost_single_no_coords,spatial,False,1,0.12941691,-108377.162322395,6782567.34735566
230,1835,Coeranoscincus reticulatus,XGBoost_single_no_coords,spatial,False,0,0.04531959,-58637.6336775981,6785100.52209461
231,1843,Coeranoscincus reticulatus,XGBoost_single_no_coords,spatial,False,1,0.036462426,-107923.462038802,6781588.26422547
232,1851,Coeranoscincus reticulatus,XGBoost_single_no_coords,spatial,False,0,0.2546818,-154268.894705046,6778832.59399199
233,1859,Coeranoscincus reticulatus,XGBoost_single_no_coords,spatial,False,1,0.17654,-151231.119203658,6778380.41797512
234,1867,Coeranoscincus reticulatus,XGBoost_single_no_coords,spatial,False,0,0.31777334,-150784.191440288,6777591.42724006
235,1875,Coeranoscincus reticulatus,XGBoost_single_no_coords,spatial,False,1,0.19790037,-157053.44484427,6770228.31904544
236,1883,Coeranoscincus reticulatus,XGBoost_single_no_coords,spatial,False,1,0.14901628,-157007.529503806,6769427.67794309
237,1891,Coeranoscincus reticulatus,XGBoost_single_no_coords,spatial,False,1,0.23600625,-157601.945479142,6769192.74860327
238,1899,Coeranoscincus reticulatus,XGBoost_single_no_coords,spatial,False,0,0.02568176,-42631.6013249115,6774856.7836682
239,1907,Coeranoscincus reticulatus,XGBoost_single_no_coords,spatial,False,0,0.03100333,-42808.1790068126,6774247.29778187
240,1915,Coeranoscincus reticulatus,XGBoost_single_no_coords,spatial,False,0,0.031633146,-90697.5110841577,6771199.36165782
241,1923,Coeranoscincus reticulatus,XGBoost_single_no_coords,spatial,False,0,0.031633146,-89886.5465170286,6771040.60297007
242,1931,Coeranoscincus reticulatus,XGBoost_single_no_coords,spatial,False,0,0.037679434,-45884.998116622,6771685.40364584
243,1939,Coeranoscincus reticulatus,XGBoost_single_no_coords,spatial,False,0,0.037679434,-45846.3441318398,6770874.56187869
244,1947,Coeranoscincus reticulatus,XGBoost_single_no_coords,spatial,False,0,0.037679434,-46208.2545646069,6770055.74332879
245,1955,Coeranoscincus reticulatus,XGBoost_single_no_coords,spatial,False,0,0.026237946,-42736.9260770733,6769029.74166907
246,1963,Coeranoscincus reticulatus,XGBoost_single_no_coords,spatial,False,0,0.026163813,-42727.4414379179,6768829.81362177
247,1971,Coeranoscincus reticulatus,XGBoost_single_no_coords,spatial,False,0,0.026163813,-42717.9562631494,6768629.88557173
248,1979,Coeranoscincus reticulatus,XGBoost_single_no_coords,spatial,False,0,0.34343266,-139175.743651501,6763098.07298971
249,1987,Coeranoscincus reticulatus,XGBoost_single_no_coords,spatial,False,1,0.4216087,-138923.869162796,6762097.27372678
252,2011,Coeranoscincus reticulatus,XGBoost_single_no_coords,spatial,False,0,0.02568176,-43112.7372327422,6764592.40958821
254,2027,Coeranoscincus reticulatus,XGBoost_single_no_coords,spatial,False,0,0.02568176,-43678.7671977115,6763752.8151483
255,2035,Coeranoscincus reticulatus,XGBoost_single_no_coords,spatial,False,0,0.01930745,-47276.750227819,6763369.40347618
106,844,Egernia mcpheei,XGBoost_single_no_coords,spatial,False,0,0.10213918,-147293.925634327,6831915.7941736
111,884,Egernia mcpheei,XGBoost_single_no_coords,spatial,False,1,0.031295534,-146869.047423431,6831537.755626
122,972,Egernia mcpheei,XGBoost_single_no_coords,spatial,False,0,0.0036133137,-121930.447488692,6831783.7962185
125,996,Egernia mcpheei,XGBoost_single_no_coords,spatial,False,0,0.011660252,-119100.196556909,6831521.23488212
126,1004,Egernia mcpheei,XGBoost_single_no_coords,spatial,False,1,0.009023694,-122301.197680874,6831162.17696098
127,1012,Egernia mcpheei,XGBoost_single_no_coords,spatial,False,0,0.0034821448,-113069.978206809,6831626.51450922
128,1020,Egernia mcpheei,XGBoost_single_no_coords,spatial,False,0,0.004584928,-110250.872026258,6831561.92472725
130,1036,Egernia mcpheei,XGBoost_single_no_coords,spatial,False,0,0.0035983694,-112831.744333792,6830836.54025889
132,1052,Egernia mcpheei,XGBoost_single_no_coords,spatial,False,0,0.020168548,-105801.162580743,6831179.93507326
134,1068,Egernia mcpheei,XGBoost_single_no_coords,spatial,False,0,0.085031964,-109785.840498241,6830382.55130941
135,1076,Egernia mcpheei,XGBoost_single_no_coords,spatial,False,0,0.03426214,-60576.6608829403,6831437.80904093
136,1084,Egernia mcpheei,XGBoost_single_no_coords,spatial,False,0,0.0043930183,-62745.5415882464,6830732.52392328
137,1092,Egernia mcpheei,XGBoost_single_no_coords,spatial,False,0,0.00565953,-59930.1265788042,6830667.09207023
138,1100,Egernia mcpheei,XGBoost_single_no_coords,spatial,False,0,0.023568867,-33656.1895879237,6831782.75910205
139,1108,Egernia mcpheei,XGBoost_single_no_coords,spatial,False,0,0.044688012,-60097.6324680274,6830057.84195886
140,1116,Egernia mcpheei,XGBoost_single_no_coords,spatial,False,0,0.0036133137,-59480.1149542754,6829686.55327432
141,1124,Egernia mcpheei,XGBoost_single_no_coords,spatial,False,0,0.008174024,-59274.1159834863,6829696.39928037
142,1132,Egernia mcpheei,XGBoost_single_no_coords,spatial,False,0,0.044688012,-58470.0105331185,6829534.39062915
143,1140,Egernia mcpheei,XGBoost_single_no_coords,spatial,False,0,0.0055407267,-58067.8332822076,6829553.57641624
144,1148,Egernia mcpheei,XGBoost_single_no_coords,spatial,False,0,0.004598639,-35003.9025977263,6830519.3124224
145,1156,Egernia mcpheei,XGBoost_single_no_coords,spatial,False,0,0.0071783364,-57852.3087704955,6829363.4472621
146,1164,Egernia mcpheei,XGBoost_single_no_coords,spatial,False,0,0.004598639,-34994.2569791634,6830308.29905931
147,1172,Egernia mcpheei,XGBoost_single_no_coords,spatial,False,0,0.14323983,-58647.1030221649,6829125.12230747
148,1180,Egernia mcpheei,XGBoost_single_no_coords,spatial,False,1,0.085031964,-59039.7148912014,6828905.9612443
149,1188,Egernia mcpheei,XGBoost_single_no_coords,spatial,False,0,0.08629441,-58039.2252902132,6828953.72338296
150,1196,Egernia mcpheei,XGBoost_single_no_coords,spatial,False,0,0.004598639,-34359.3605187094,6829747.4641776
151,1204,Egernia mcpheei,XGBoost_single_no_coords,spatial,False,0,0.004598639,-34751.7720567721,6829518.08321835
152,1212,Egernia mcpheei,XGBoost_single_no_coords,spatial,False,0,0.004598639,-34733.497415081,6829118.26913623
153,1220,Egernia mcpheei,XGBoost_single_no_coords,spatial,False,0,0.109468274,-56158.084536112,6827640.49763384
154,1228,Egernia mcpheei,XGBoost_single_no_coords,spatial,False,0,0.015042685,-56718.2495163478,6826812.23539331
155,1236,Egernia mcpheei,XGBoost_single_no_coords,spatial,False,0,0.034347426,-59120.6295586857,6826486.03756181
156,1244,Egernia mcpheei,XGBoost_single_no_coords,spatial,False,0,0.015715092,-57101.2660895063,6826393.18209589
157,1252,Egernia mcpheei,XGBoost_single_no_coords,spatial,False,0,0.109468274,-57287.8605910979,6826183.88283365
158,1260,Egernia mcpheei,XGBoost_single_no_coords,spatial,False,0,0.109468274,-57091.7358988385,6826193.23264818
159,1268,Egernia mcpheei,XGBoost_single_no_coords,spatial,False,0,0.109468274,-57278.3264609204,6825983.9330077
160,1276,Egernia mcpheei,XGBoost_single_no_coords,spatial,False,0,0.109468274,-57082.2051583753,6825993.28319997
161,1284,Egernia mcpheei,XGBoost_single_no_coords,spatial,False,0,0.109468274,-57053.0800449767,6825382.32654951
162,1292,Egernia mcpheei,XGBoost_single_no_coords,spatial,False,0,0.034347426,-57436.0274871426,6824963.25226147
163,1300,Egernia mcpheei,XGBoost_single_no_coords,spatial,False,0,0.0034363724,-118090.3420558,6819503.16714623
164,1308,Egernia mcpheei,XGBoost_single_no_coords,spatial,False,0,0.004598639,-31234.0531967666,6823468.59821031
165,1316,Egernia mcpheei,XGBoost_single_no_coords,spatial,False,0,0.004584928,-116199.528148125,6817786.39841097
166,1324,Egernia mcpheei,XGBoost_single_no_coords,spatial,False,0,0.004776367,-115961.85299911,6817197.07567746
167,1332,Egernia mcpheei,XGBoost_single_no_coords,spatial,False,0,0.0036264567,-115156.930903262,6817038.96223258
168,1340,Egernia mcpheei,XGBoost_single_no_coords,spatial,False,0,0.04056701,-114320.555073989,6816470.06822849
169,1348,Egernia mcpheei,XGBoost_single_no_coords,spatial,False,0,0.018569697,-108876.433782581,6816343.47520397
170,1356,Egernia mcpheei,XGBoost_single_no_coords,spatial,False,0,0.0108268205,-109030.042605492,6815332.43919622
171,1364,Egernia mcpheei,XGBoost_single_no_coords,spatial,False,0,0.004598639,-27097.7448967228,6813229.19629307
172,1372,Egernia mcpheei,XGBoost_single_no_coords,spatial,False,0,0.0035269796,-148834.228828815,6806479.17622519
173,1380,Egernia mcpheei,XGBoost_single_no_coords,spatial,False,0,0.0041694026,-26864.9515665186,6812638.8314962
174,1388,Egernia mcpheei,XGBoost_single_no_coords,spatial,False,0,0.0044889366,-144171.518832433,6805913.46294023
175,1396,Egernia mcpheei,XGBoost_single_no_coords,spatial,False,0,0.013928014,-26614.0603685924,6811648.67695057
176,1404,Egernia mcpheei,XGBoost_single_no_coords,spatial,False,0,0.0035269796,-146353.923264982,6805201.04834351
177,1412,Egernia mcpheei,XGBoost_single_no_coords,spatial,False,0,0.023124902,-26577.824176917,6810849.10035356
178,1420,Egernia mcpheei,XGBoost_single_no_coords,spatial,False,0,0.0056660166,-152179.201074767,6801082.64226836
179,1428,Egernia mcpheei,XGBoost_single_no_coords,spatial,False,0,0.0022702515,-158380.85988069,6800363.84186606
180,1436,Egernia mcpheei,XGBoost_single_no_coords,spatial,False,0,0.004598639,-29780.9705356891,6806663.75964171
181,1444,Egernia mcpheei,XGBoost_single_no_coords,spatial,False,0,0.004598639,-29379.7381757025,6806682.07694802
182,1452,Egernia mcpheei,XGBoost_single_no_coords,spatial,False,0,0.005369603,-155726.191227112,6799488.07056547
183,1460,Egernia mcpheei,XGBoost_single_no_coords,spatial,False,0,0.004598639,-29520.6964365395,6805473.74302288
184,1468,Egernia mcpheei,XGBoost_single_no_coords,spatial,False,0,0.004598639,-28317.1316235074,6805528.64452115
185,1476,Egernia mcpheei,XGBoost_single_no_coords,spatial,False,0,0.005369603,-154680.904774922,6798732.86570032
186,1484,Egernia mcpheei,XGBoost_single_no_coords,spatial,False,0,0.004598639,-29502.4373697368,6805073.94284487
187,1492,Egernia mcpheei,XGBoost_single_no_coords,spatial,False,0,0.0044007166,-153649.192596345,6798389.56853004
188,1500,Egernia mcpheei,XGBoost_single_no_coords,spatial,False,0,0.005369603,-154245.287601219,6798155.10832232
189,1508,Egernia mcpheei,XGBoost_single_no_coords,spatial,False,0,0.026105631,-112502.967446529,6800471.69931174
190,1516,Egernia mcpheei,XGBoost_single_no_coords,spatial,False,0,0.061197553,-112492.387376251,6800271.63658075
191,1524,Egernia mcpheei,XGBoost_single_no_coords,spatial,False,0,0.005369603,-152408.241373254,6797645.26465756
192,1532,Egernia mcpheei,XGBoost_single_no_coords,spatial,False,0,0.020168548,-111862.768502251,6799691.91157671
193,1540,Egernia mcpheei,XGBoost_single_no_coords,spatial,False,0,0.004304331,-153796.263664079,6797165.36470106
194,1548,Egernia mcpheei,XGBoost_single_no_coords,spatial,False,0,0.061197553,-113057.133584369,6799439.25721174
195,1556,Egernia mcpheei,XGBoost_single_no_coords,spatial,False,0,0.014687519,-153177.628494992,6796999.50794559
196,1564,Egernia mcpheei,XGBoost_single_no_coords,spatial,False,1,0.026105631,-111841.623750466,6799291.78871934
197,1572,Egernia mcpheei,XGBoost_single_no_coords,spatial,False,0,0.004598639,-31200.4121417062,6802970.7749555
198,1580,Egernia mcpheei,XGBoost_single_no_coords,spatial,False,0,0.017956512,-111757.020588895,6797691.29771726
199,1588,Egernia mcpheei,XGBoost_single_no_coords,spatial,False,1,0.12579648,-111540.073845013,6797301.52655841
200,1596,Egernia mcpheei,XGBoost_single_no_coords,spatial,False,0,0.0022702515,-165917.840413128,6794142.17633504
201,1604,Egernia mcpheei,XGBoost_single_no_coords,spatial,False,0,0.12579648,-111724.493680147,6796890.5347694
202,1612,Egernia mcpheei,XGBoost_single_no_coords,spatial,False,0,0.08609344,-111508.34435778,6796701.34390328
203,1620,Egernia mcpheei,XGBoost_single_no_coords,spatial,False,0,0.0022702515,-165638.858103626,6792540.33884748
204,1628,Egernia mcpheei,XGBoost_single_no_coords,spatial,False,0,0.004304331,-111628.657553236,6795078.86889821
205,1636,Egernia mcpheei,XGBoost_single_no_coords,spatial,False,0,0.004573061,-111987.574051639,6794257.38010052
206,1644,Egernia mcpheei,XGBoost_single_no_coords,spatial,False,0,0.011875129,-111543.951324666,6793478.37953304
207,1652,Egernia mcpheei,XGBoost_single_no_coords,spatial,False,0,0.0026852181,-166932.442763671,6790267.55776097
208,1660,Egernia mcpheei,XGBoost_single_no_coords,spatial,False,0,0.011875129,-113333.176647029,6792982.26555712
209,1668,Egernia mcpheei,XGBoost_single_no_coords,spatial,False,0,0.0037473605,-112530.721336831,6793024.84869485
210,1676,Egernia mcpheei,XGBoost_single_no_coords,spatial,False,0,0.0071810246,-112129.496210697,6793046.11909854
211,1684,Egernia mcpheei,XGBoost_single_no_coords,spatial,False,0,0.003986844,-164829.821681687,6788558.93776823
212,1692,Egernia mcpheei,XGBoost_single_no_coords,spatial,False,0,0.003986844,-165023.878239824,6788346.91096964
213,1700,Egernia mcpheei,XGBoost_single_no_coords,spatial,False,0,0.003986844,-164391.455012656,6787769.669967
214,1708,Egernia mcpheei,XGBoost_single_no_coords,spatial,False,0,0.006305948,-110822.113763642,6787074.42336939
215,1716,Egernia mcpheei,XGBoost_single_no_coords,spatial,False,0,0.004573061,-110616.719576928,6787085.30761186
216,1724,Egernia mcpheei,XGBoost_single_no_coords,spatial,False,0,0.0071810246,-110020.100859829,6787116.90272986
217,1732,Egernia mcpheei,XGBoost_single_no_coords,spatial,False,0,0.018569697,-109413.705304275,6787148.98376259
218,1740,Egernia mcpheei,XGBoost_single_no_coords,spatial,False,0,0.0035269796,-110779.695476226,6786274.18349996
219,1748,Egernia mcpheei,XGBoost_single_no_coords,spatial,False,0,0.004304331,-110346.917478988,6785695.25630047
220,1756,Egernia mcpheei,XGBoost_single_no_coords,spatial,False,1,0.0035269796,-110140.731442662,6785505.55962449
221,1764,Egernia mcpheei,XGBoost_single_no_coords,spatial,False,0,0.0044007166,-157491.757049911,6782687.30974027
222,1772,Egernia mcpheei,XGBoost_single_no_coords,spatial,False,0,0.045800168,-109512.656336634,6785126.43261431
223,1780,Egernia mcpheei,XGBoost_single_no_coords,spatial,False,0,0.024475027,-109707.419900115,6784915.50427338
224,1788,Egernia mcpheei,XGBoost_single_no_coords,spatial,False,0,0.005369603,-150843.666641707,6782630.05200801
225,1796,Egernia mcpheei,XGBoost_single_no_coords,spatial,False,0,0.0044007166,-157628.595163146,6781474.60411432
226,1804,Egernia mcpheei,XGBoost_single_no_coords,spatial,False,0,0.0056660166,-156768.616233883,6780508.50732801
227,1812,Egernia mcpheei,XGBoost_single_no_coords,spatial,False,0,0.0031713997,-110619.113371872,6783061.59249324
228,1820,Egernia mcpheei,XGBoost_single_no_coords,spatial,False,0,0.0037473605,-108593.63854256,6782767.65906175
229,1828,Egernia mcpheei,XGBoost_single_no_coords,spatial,False,0,0.0071810246,-108377.162322395,6782567.34735566
230,1836,Egernia mcpheei,XGBoost_single_no_coords,spatial,False,0,0.08440974,-58637.6336775981,6785100.52209461
231,1844,Egernia mcpheei,XGBoost_single_no_coords,spatial,False,0,0.017740985,-107923.462038802,6781588.26422547
232,1852,Egernia mcpheei,XGBoost_single_no_coords,spatial,False,0,0.0039026965,-154268.894705046,6778832.59399199
233,1860,Egernia mcpheei,XGBoost_single_no_coords,spatial,False,0,0.0031737038,-151231.119203658,6778380.41797512
234,1868,Egernia mcpheei,XGBoost_single_no_coords,spatial,False,0,0.0018633308,-150784.191440288,6777591.42724006
235,1876,Egernia mcpheei,XGBoost_single_no_coords,spatial,False,0,0.003923349,-157053.44484427,6770228.31904544
236,1884,Egernia mcpheei,XGBoost_single_no_coords,spatial,False,0,0.003986844,-157007.529503806,6769427.67794309
237,1892,Egernia mcpheei,XGBoost_single_no_coords,spatial,False,0,0.003986844,-157601.945479142,6769192.74860327
238,1900,Egernia mcpheei,XGBoost_single_no_coords,spatial,False,0,0.015715092,-42631.6013249115,6774856.7836682
239,1908,Egernia mcpheei,XGBoost_single_no_coords,spatial,False,0,0.0074352673,-42808.1790068126,6774247.29778187
240,1916,Egernia mcpheei,XGBoost_single_no_coords,spatial,False,0,0.0071810246,-90697.5110841577,6771199.36165782
241,1924,Egernia mcpheei,XGBoost_single_no_coords,spatial,False,0,0.0071810246,-89886.5465170286,6771040.60297007
242,1932,Egernia mcpheei,XGBoost_single_no_coords,spatial,False,0,0.008146218,-45884.998116622,6771685.40364584
243,1940,Egernia mcpheei,XGBoost_single_no_coords,spatial,False,0,0.0074352673,-45846.3441318398,6770874.56187869
244,1948,Egernia mcpheei,XGBoost_single_no_coords,spatial,False,0,0.008146218,-46208.2545646069,6770055.74332879
245,1956,Egernia mcpheei,XGBoost_single_no_coords,spatial,False,0,0.0074352673,-42736.9260770733,6769029.74166907
246,1964,Egernia mcpheei,XGBoost_single_no_coords,spatial,False,0,0.004598639,-42727.4414379179,6768829.81362177
247,1972,Egernia mcpheei,XGBoost_single_no_coords,spatial,False,0,0.004598639,-42717.9562631494,6768629.88557173
248,1980,Egernia mcpheei,XGBoost_single_no_coords,spatial,False,0,0.0051146173,-139175.743651501,6763098.07298971
249,1988,Egernia mcpheei,XGBoost_single_no_coords,spatial,False,0,0.004753014,-138923.869162796,6762097.27372678
252,2012,Egernia mcpheei,XGBoost_single_no_coords,spatial,False,0,0.0074352673,-43112.7372327422,6764592.40958821
254,2028,Egernia mcpheei,XGBoost_single_no_coords,spatial,False,0,0.008558808,-43678.7671977115,6763752.8151483
255,2036,Egernia mcpheei,XGBoost_single_no_coords,spatial,False,0,0.014389306,-47276.750227819,6763369.40347618
106,845,Eulamprus murrayi,XGBoost_single_no_coords,spatial,False,0,0.0005873907,-147293.925634327,6831915.7941736
111,885,Eulamprus murrayi,XGBoost_single_no_coords,spatial,False,0,0.0010810745,-146869.047423431,6831537.755626
122,973,Eulamprus murrayi,XGBoost_single_no_coords,spatial,False,0,0.0012047074,-121930.447488692,6831783.7962185
125,997,Eulamprus murrayi,XGBoost_single_no_coords,spatial,False,0,0.01711247,-119100.196556909,6831521.23488212
126,1005,Eulamprus murrayi,XGBoost_single_no_coords,spatial,False,0,0.00050560327,-122301.197680874,6831162.17696098
127,1013,Eulamprus murrayi,XGBoost_single_no_coords,spatial,False,0,0.008572216,-113069.978206809,6831626.51450922
128,1021,Eulamprus murrayi,XGBoost_single_no_coords,spatial,False,0,0.040009834,-110250.872026258,6831561.92472725
130,1037,Eulamprus murrayi,XGBoost_single_no_coords,spatial,False,0,0.0066620926,-112831.744333792,6830836.54025889
132,1053,Eulamprus murrayi,XGBoost_single_no_coords,spatial,False,0,0.0011354381,-105801.162580743,6831179.93507326
134,1069,Eulamprus murrayi,XGBoost_single_no_coords,spatial,False,0,0.0037306037,-109785.840498241,6830382.55130941
135,1077,Eulamprus murrayi,XGBoost_single_no_coords,spatial,False,0,0.0038346706,-60576.6608829403,6831437.80904093
136,1085,Eulamprus murrayi,XGBoost_single_no_coords,spatial,False,0,0.0016208475,-62745.5415882464,6830732.52392328
137,1093,Eulamprus murrayi,XGBoost_single_no_coords,spatial,False,0,0.0033743521,-59930.1265788042,6830667.09207023
138,1101,Eulamprus murrayi,XGBoost_single_no_coords,spatial,False,0,0.0011511939,-33656.1895879237,6831782.75910205
139,1109,Eulamprus murrayi,XGBoost_single_no_coords,spatial,False,0,0.00061694393,-60097.6324680274,6830057.84195886
140,1117,Eulamprus murrayi,XGBoost_single_no_coords,spatial,False,0,0.001187466,-59480.1149542754,6829686.55327432
141,1125,Eulamprus murrayi,XGBoost_single_no_coords,spatial,False,0,0.001187466,-59274.1159834863,6829696.39928037
142,1133,Eulamprus murrayi,XGBoost_single_no_coords,spatial,False,0,0.00083740306,-58470.0105331185,6829534.39062915
143,1141,Eulamprus murrayi,XGBoost_single_no_coords,spatial,False,0,0.00083740306,-58067.8332822076,6829553.57641624
144,1149,Eulamprus murrayi,XGBoost_single_no_coords,spatial,False,0,0.0011511939,-35003.9025977263,6830519.3124224
145,1157,Eulamprus murrayi,XGBoost_single_no_coords,spatial,False,0,0.00083740306,-57852.3087704955,6829363.4472621
146,1165,Eulamprus murrayi,XGBoost_single_no_coords,spatial,False,0,0.0011511939,-34994.2569791634,6830308.29905931
147,1173,Eulamprus murrayi,XGBoost_single_no_coords,spatial,False,0,0.0037306037,-58647.1030221649,6829125.12230747
148,1181,Eulamprus murrayi,XGBoost_single_no_coords,spatial,False,0,0.0035328816,-59039.7148912014,6828905.9612443
149,1189,Eulamprus murrayi,XGBoost_single_no_coords,spatial,False,0,0.0018824216,-58039.2252902132,6828953.72338296
150,1197,Eulamprus murrayi,XGBoost_single_no_coords,spatial,False,0,0.0011511939,-34359.3605187094,6829747.4641776
151,1205,Eulamprus murrayi,XGBoost_single_no_coords,spatial,False,0,0.0013624057,-34751.7720567721,6829518.08321835
152,1213,Eulamprus murrayi,XGBoost_single_no_coords,spatial,False,0,0.0027404544,-34733.497415081,6829118.26913623
153,1221,Eulamprus murrayi,XGBoost_single_no_coords,spatial,False,0,0.005122976,-56158.084536112,6827640.49763384
154,1229,Eulamprus murrayi,XGBoost_single_no_coords,spatial,False,0,0.0011511939,-56718.2495163478,6826812.23539331
155,1237,Eulamprus murrayi,XGBoost_single_no_coords,spatial,False,0,0.005122976,-59120.6295586857,6826486.03756181
156,1245,Eulamprus murrayi,XGBoost_single_no_coords,spatial,False,0,0.005122976,-57101.2660895063,6826393.18209589
157,1253,Eulamprus murrayi,XGBoost_single_no_coords,spatial,False,0,0.005122976,-57287.8605910979,6826183.88283365
158,1261,Eulamprus murrayi,XGBoost_single_no_coords,spatial,False,0,0.005122976,-57091.7358988385,6826193.23264818
159,1269,Eulamprus murrayi,XGBoost_single_no_coords,spatial,False,0,0.005122976,-57278.3264609204,6825983.9330077
160,1277,Eulamprus murrayi,XGBoost_single_no_coords,spatial,False,0,0.005122976,-57082.2051583753,6825993.28319997
161,1285,Eulamprus murrayi,XGBoost_single_no_coords,spatial,False,0,0.005122976,-57053.0800449767,6825382.32654951
162,1293,Eulamprus murrayi,XGBoost_single_no_coords,spatial,False,0,0.005122976,-57436.0274871426,6824963.25226147
163,1301,Eulamprus murrayi,XGBoost_single_no_coords,spatial,False,0,0.00057919504,-118090.3420558,6819503.16714623
164,1309,Eulamprus murrayi,XGBoost_single_no_coords,spatial,False,0,0.0011511939,-31234.0531967666,6823468.59821031
165,1317,Eulamprus murrayi,XGBoost_single_no_coords,spatial,False,0,0.0076609543,-116199.528148125,6817786.39841097
166,1325,Eulamprus murrayi,XGBoost_single_no_coords,spatial,False,0,0.00080841326,-115961.85299911,6817197.07567746
167,1333,Eulamprus murrayi,XGBoost_single_no_coords,spatial,False,0,0.027876213,-115156.930903262,6817038.96223258
168,1341,Eulamprus murrayi,XGBoost_single_no_coords,spatial,False,0,0.027876213,-114320.555073989,6816470.06822849
169,1349,Eulamprus murrayi,XGBoost_single_no_coords,spatial,False,0,0.0016869868,-108876.433782581,6816343.47520397
170,1357,Eulamprus murrayi,XGBoost_single_no_coords,spatial,False,0,0.00080757326,-109030.042605492,6815332.43919622
171,1365,Eulamprus murrayi,XGBoost_single_no_coords,spatial,False,0,0.0016006526,-27097.7448967228,6813229.19629307
172,1373,Eulamprus murrayi,XGBoost_single_no_coords,spatial,False,0,0.016625617,-148834.228828815,6806479.17622519
173,1381,Eulamprus murrayi,XGBoost_single_no_coords,spatial,False,0,0.0011511939,-26864.9515665186,6812638.8314962
174,1389,Eulamprus murrayi,XGBoost_single_no_coords,spatial,False,0,0.02428117,-144171.518832433,6805913.46294023
175,1397,Eulamprus murrayi,XGBoost_single_no_coords,spatial,False,0,0.0011511939,-26614.0603685924,6811648.67695057
176,1405,Eulamprus murrayi,XGBoost_single_no_coords,spatial,False,0,0.009279163,-146353.923264982,6805201.04834351
177,1413,Eulamprus murrayi,XGBoost_single_no_coords,spatial,False,0,0.0011511939,-26577.824176917,6810849.10035356
178,1421,Eulamprus murrayi,XGBoost_single_no_coords,spatial,False,0,0.02839708,-152179.201074767,6801082.64226836
179,1429,Eulamprus murrayi,XGBoost_single_no_coords,spatial,False,0,0.006764863,-158380.85988069,6800363.84186606
180,1437,Eulamprus murrayi,XGBoost_single_no_coords,spatial,False,0,0.0013624057,-29780.9705356891,6806663.75964171
181,1445,Eulamprus murrayi,XGBoost_single_no_coords,spatial,False,0,0.0011511939,-29379.7381757025,6806682.07694802
182,1453,Eulamprus murrayi,XGBoost_single_no_coords,spatial,False,0,0.004771589,-155726.191227112,6799488.07056547
183,1461,Eulamprus murrayi,XGBoost_single_no_coords,spatial,False,0,0.0011511939,-29520.6964365395,6805473.74302288
184,1469,Eulamprus murrayi,XGBoost_single_no_coords,spatial,False,0,0.0011511939,-28317.1316235074,6805528.64452115
185,1477,Eulamprus murrayi,XGBoost_single_no_coords,spatial,False,0,0.008165241,-154680.904774922,6798732.86570032
186,1485,Eulamprus murrayi,XGBoost_single_no_coords,spatial,False,0,0.0011511939,-29502.4373697368,6805073.94284487
187,1493,Eulamprus murrayi,XGBoost_single_no_coords,spatial,False,0,0.0022358426,-153649.192596345,6798389.56853004
188,1501,Eulamprus murrayi,XGBoost_single_no_coords,spatial,False,0,0.0066703055,-154245.287601219,6798155.10832232
189,1509,Eulamprus murrayi,XGBoost_single_no_coords,spatial,False,0,0.00080841326,-112502.967446529,6800471.69931174
190,1517,Eulamprus murrayi,XGBoost_single_no_coords,spatial,False,0,0.00080841326,-112492.387376251,6800271.63658075
191,1525,Eulamprus murrayi,XGBoost_single_no_coords,spatial,False,0,0.0012102546,-152408.241373254,6797645.26465756
192,1533,Eulamprus murrayi,XGBoost_single_no_coords,spatial,False,0,0.0017249205,-111862.768502251,6799691.91157671
193,1541,Eulamprus murrayi,XGBoost_single_no_coords,spatial,False,0,0.00995403,-153796.263664079,6797165.36470106
194,1549,Eulamprus murrayi,XGBoost_single_no_coords,spatial,False,0,0.00080841326,-113057.133584369,6799439.25721174
195,1557,Eulamprus murrayi,XGBoost_single_no_coords,spatial,False,0,0.023242727,-153177.628494992,6796999.50794559
196,1565,Eulamprus murrayi,XGBoost_single_no_coords,spatial,False,0,0.00082562916,-111841.623750466,6799291.78871934
197,1573,Eulamprus murrayi,XGBoost_single_no_coords,spatial,False,0,0.0011511939,-31200.4121417062,6802970.7749555
198,1581,Eulamprus murrayi,XGBoost_single_no_coords,spatial,False,0,0.00076268264,-111757.020588895,6797691.29771726
199,1589,Eulamprus murrayi,XGBoost_single_no_coords,spatial,False,0,0.0026373598,-111540.073845013,6797301.52655841
200,1597,Eulamprus murrayi,XGBoost_single_no_coords,spatial,False,0,0.004691463,-165917.840413128,6794142.17633504
201,1605,Eulamprus murrayi,XGBoost_single_no_coords,spatial,False,0,0.002530915,-111724.493680147,6796890.5347694
202,1613,Eulamprus murrayi,XGBoost_single_no_coords,spatial,False,0,0.0005690392,-111508.34435778,6796701.34390328
203,1621,Eulamprus murrayi,XGBoost_single_no_coords,spatial,False,0,0.0018647185,-165638.858103626,6792540.33884748
204,1629,Eulamprus murrayi,XGBoost_single_no_coords,spatial,False,0,0.006549927,-111628.657553236,6795078.86889821
205,1637,Eulamprus murrayi,XGBoost_single_no_coords,spatial,False,0,0.0022771356,-111987.574051639,6794257.38010052
206,1645,Eulamprus murrayi,XGBoost_single_no_coords,spatial,False,0,0.0012133152,-111543.951324666,6793478.37953304
207,1653,Eulamprus murrayi,XGBoost_single_no_coords,spatial,False,0,0.0018647185,-166932.442763671,6790267.55776097
208,1661,Eulamprus murrayi,XGBoost_single_no_coords,spatial,False,0,0.003598084,-113333.176647029,6792982.26555712
209,1669,Eulamprus murrayi,XGBoost_single_no_coords,spatial,False,0,0.0014860401,-112530.721336831,6793024.84869485
210,1677,Eulamprus murrayi,XGBoost_single_no_coords,spatial,False,0,0.006256307,-112129.496210697,6793046.11909854
211,1685,Eulamprus murrayi,XGBoost_single_no_coords,spatial,False,0,0.0006109815,-164829.821681687,6788558.93776823
212,1693,Eulamprus murrayi,XGBoost_single_no_coords,spatial,False,0,0.00056548906,-165023.878239824,6788346.91096964
213,1701,Eulamprus murrayi,XGBoost_single_no_coords,spatial,False,0,0.00096888107,-164391.455012656,6787769.669967
214,1709,Eulamprus murrayi,XGBoost_single_no_coords,spatial,False,0,0.00080757326,-110822.113763642,6787074.42336939
215,1717,Eulamprus murrayi,XGBoost_single_no_coords,spatial,False,0,0.0053982628,-110616.719576928,6787085.30761186
216,1725,Eulamprus murrayi,XGBoost_single_no_coords,spatial,False,0,0.014378288,-110020.100859829,6787116.90272986
217,1733,Eulamprus murrayi,XGBoost_single_no_coords,spatial,False,0,0.003598084,-109413.705304275,6787148.98376259
218,1741,Eulamprus murrayi,XGBoost_single_no_coords,spatial,False,0,0.009279163,-110779.695476226,6786274.18349996
219,1749,Eulamprus murrayi,XGBoost_single_no_coords,spatial,False,0,0.009279163,-110346.917478988,6785695.25630047
220,1757,Eulamprus murrayi,XGBoost_single_no_coords,spatial,False,0,0.0022571299,-110140.731442662,6785505.55962449
221,1765,Eulamprus murrayi,XGBoost_single_no_coords,spatial,False,0,0.00088260503,-157491.757049911,6782687.30974027
222,1773,Eulamprus murrayi,XGBoost_single_no_coords,spatial,False,0,0.009465712,-109512.656336634,6785126.43261431
223,1781,Eulamprus murrayi,XGBoost_single_no_coords,spatial,False,0,0.009187011,-109707.419900115,6784915.50427338
224,1789,Eulamprus murrayi,XGBoost_single_no_coords,spatial,False,0,0.0007810806,-150843.666641707,6782630.05200801
225,1797,Eulamprus murrayi,XGBoost_single_no_coords,spatial,False,0,0.0026922133,-157628.595163146,6781474.60411432
226,1805,Eulamprus murrayi,XGBoost_single_no_coords,spatial,False,0,0.003907081,-156768.616233883,6780508.50732801
227,1813,Eulamprus murrayi,XGBoost_single_no_coords,spatial,False,0,0.00080757326,-110619.113371872,6783061.59249324
228,1821,Eulamprus murrayi,XGBoost_single_no_coords,spatial,False,0,0.0055389665,-108593.63854256,6782767.65906175
229,1829,Eulamprus murrayi,XGBoost_single_no_coords,spatial,False,0,0.0053982628,-108377.162322395,6782567.34735566
230,1837,Eulamprus murrayi,XGBoost_single_no_coords,spatial,False,0,0.00088676205,-58637.6336775981,6785100.52209461
231,1845,Eulamprus murrayi,XGBoost_single_no_coords,spatial,False,0,0.003598084,-107923.462038802,6781588.26422547
232,1853,Eulamprus murrayi,XGBoost_single_no_coords,spatial,False,0,0.0024301845,-154268.894705046,6778832.59399199
233,1861,Eulamprus murrayi,XGBoost_single_no_coords,spatial,False,0,0.0005593771,-151231.119203658,6778380.41797512
234,1869,Eulamprus murrayi,XGBoost_single_no_coords,spatial,False,0,0.0033665102,-150784.191440288,6777591.42724006
235,1877,Eulamprus murrayi,XGBoost_single_no_coords,spatial,False,0,0.0004550094,-157053.44484427,6770228.31904544
236,1885,Eulamprus murrayi,XGBoost_single_no_coords,spatial,False,0,0.0006837369,-157007.529503806,6769427.67794309
237,1893,Eulamprus murrayi,XGBoost_single_no_coords,spatial,False,0,0.0027240354,-157601.945479142,6769192.74860327
238,1901,Eulamprus murrayi,XGBoost_single_no_coords,spatial,False,0,0.002160665,-42631.6013249115,6774856.7836682
239,1909,Eulamprus murrayi,XGBoost_single_no_coords,spatial,False,0,0.001127197,-42808.1790068126,6774247.29778187
240,1917,Eulamprus murrayi,XGBoost_single_no_coords,spatial,False,0,0.0012133152,-90697.5110841577,6771199.36165782
241,1925,Eulamprus murrayi,XGBoost_single_no_coords,spatial,False,0,0.0012133152,-89886.5465170286,6771040.60297007
242,1933,Eulamprus murrayi,XGBoost_single_no_coords,spatial,False,0,0.0009936823,-45884.998116622,6771685.40364584
243,1941,Eulamprus murrayi,XGBoost_single_no_coords,spatial,False,0,0.0009936823,-45846.3441318398,6770874.56187869
244,1949,Eulamprus murrayi,XGBoost_single_no_coords,spatial,False,0,0.0009936823,-46208.2545646069,6770055.74332879
245,1957,Eulamprus murrayi,XGBoost_single_no_coords,spatial,False,0,0.0011511939,-42736.9260770733,6769029.74166907
246,1965,Eulamprus murrayi,XGBoost_single_no_coords,spatial,False,0,0.0013624057,-42727.4414379179,6768829.81362177
247,1973,Eulamprus murrayi,XGBoost_single_no_coords,spatial,False,0,0.0011511939,-42717.9562631494,6768629.88557173
248,1981,Eulamprus murrayi,XGBoost_single_no_coords,spatial,False,0,0.034192283,-139175.743651501,6763098.07298971
249,1989,Eulamprus murrayi,XGBoost_single_no_coords,spatial,False,0,0.00095498556,-138923.869162796,6762097.27372678
252,2013,Eulamprus murrayi,XGBoost_single_no_coords,spatial,False,0,0.0011511939,-43112.7372327422,6764592.40958821
254,2029,Eulamprus murrayi,XGBoost_single_no_coords,spatial,False,0,0.0013624057,-43678.7671977115,6763752.8151483
255,2037,Eulamprus murrayi,XGBoost_single_no_coords,spatial,False,0,0.0017071781,-47276.750227819,6763369.40347618
106,846,Ophioscincus truncatus,XGBoost_single_no_coords,spatial,False,0,0.1585471,-147293.925634327,6831915.7941736
111,886,Ophioscincus truncatus,XGBoost_single_no_coords,spatial,False,0,0.14887898,-146869.047423431,6831537.755626
122,974,Ophioscincus truncatus,XGBoost_single_no_coords,spatial,False,1,0.21814217,-121930.447488692,6831783.7962185
125,998,Ophioscincus truncatus,XGBoost_single_no_coords,spatial,False,0,0.22434145,-119100.196556909,6831521.23488212
126,1006,Ophioscincus truncatus,XGBoost_single_no_coords,spatial,False,0,0.23288117,-122301.197680874,6831162.17696098
127,1014,Ophioscincus truncatus,XGBoost_single_no_coords,spatial,False,0,0.533036,-113069.978206809,6831626.51450922
128,1022,Ophioscincus truncatus,XGBoost_single_no_coords,spatial,False,0,0.36630479,-110250.872026258,6831561.92472725
130,1038,Ophioscincus truncatus,XGBoost_single_no_coords,spatial,False,0,0.1949639,-112831.744333792,6830836.54025889
132,1054,Ophioscincus truncatus,XGBoost_single_no_coords,spatial,False,0,0.19209145,-105801.162580743,6831179.93507326
134,1070,Ophioscincus truncatus,XGBoost_single_no_coords,spatial,False,0,0.2797228,-109785.840498241,6830382.55130941
135,1078,Ophioscincus truncatus,XGBoost_single_no_coords,spatial,False,1,0.24020585,-60576.6608829403,6831437.80904093
136,1086,Ophioscincus truncatus,XGBoost_single_no_coords,spatial,False,1,0.18349321,-62745.5415882464,6830732.52392328
137,1094,Ophioscincus truncatus,XGBoost_single_no_coords,spatial,False,0,0.35505435,-59930.1265788042,6830667.09207023
138,1102,Ophioscincus truncatus,XGBoost_single_no_coords,spatial,False,0,0.04472206,-33656.1895879237,6831782.75910205
139,1110,Ophioscincus truncatus,XGBoost_single_no_coords,spatial,False,1,0.52640754,-60097.6324680274,6830057.84195886
140,1118,Ophioscincus truncatus,XGBoost_single_no_coords,spatial,False,0,0.38003236,-59480.1149542754,6829686.55327432
141,1126,Ophioscincus truncatus,XGBoost_single_no_coords,spatial,False,0,0.26382518,-59274.1159834863,6829696.39928037
142,1134,Ophioscincus truncatus,XGBoost_single_no_coords,spatial,False,0,0.24942453,-58470.0105331185,6829534.39062915
143,1142,Ophioscincus truncatus,XGBoost_single_no_coords,spatial,False,0,0.23514959,-58067.8332822076,6829553.57641624
144,1150,Ophioscincus truncatus,XGBoost_single_no_coords,spatial,False,0,0.07314272,-35003.9025977263,6830519.3124224
145,1158,Ophioscincus truncatus,XGBoost_single_no_coords,spatial,False,0,0.3566458,-57852.3087704955,6829363.4472621
146,1166,Ophioscincus truncatus,XGBoost_single_no_coords,spatial,False,0,0.07314272,-34994.2569791634,6830308.29905931
147,1174,Ophioscincus truncatus,XGBoost_single_no_coords,spatial,False,1,0.37837002,-58647.1030221649,6829125.12230747
148,1182,Ophioscincus truncatus,XGBoost_single_no_coords,spatial,False,1,0.3747775,-59039.7148912014,6828905.9612443
149,1190,Ophioscincus truncatus,XGBoost_single_no_coords,spatial,False,0,0.4267318,-58039.2252902132,6828953.72338296
150,1198,Ophioscincus truncatus,XGBoost_single_no_coords,spatial,False,0,0.07314272,-34359.3605187094,6829747.4641776
151,1206,Ophioscincus truncatus,XGBoost_single_no_coords,spatial,False,0,0.07314272,-34751.7720567721,6829518.08321835
152,1214,Ophioscincus truncatus,XGBoost_single_no_coords,spatial,False,0,0.0820136,-34733.497415081,6829118.26913623
153,1222,Ophioscincus truncatus,XGBoost_single_no_coords,spatial,False,1,0.6993846,-56158.084536112,6827640.49763384
154,1230,Ophioscincus truncatus,XGBoost_single_no_coords,spatial,False,1,0.30334195,-56718.2495163478,6826812.23539331
155,1238,Ophioscincus truncatus,XGBoost_single_no_coords,spatial,False,0,0.7592532,-59120.6295586857,6826486.03756181
156,1246,Ophioscincus truncatus,XGBoost_single_no_coords,spatial,False,0,0.35504645,-57101.2660895063,6826393.18209589
157,1254,Ophioscincus truncatus,XGBoost_single_no_coords,spatial,False,0,0.69310206,-57287.8605910979,6826183.88283365
158,1262,Ophioscincus truncatus,XGBoost_single_no_coords,spatial,False,1,0.69851047,-57091.7358988385,6826193.23264818
159,1270,Ophioscincus truncatus,XGBoost_single_no_coords,spatial,False,1,0.69310206,-57278.3264609204,6825983.9330077
160,1278,Ophioscincus truncatus,XGBoost_single_no_coords,spatial,False,0,0.55271906,-57082.2051583753,6825993.28319997
161,1286,Ophioscincus truncatus,XGBoost_single_no_coords,spatial,False,1,0.55271906,-57053.0800449767,6825382.32654951
162,1294,Ophioscincus truncatus,XGBoost_single_no_coords,spatial,False,1,0.5171622,-57436.0274871426,6824963.25226147
163,1302,Ophioscincus truncatus,XGBoost_single_no_coords,spatial,False,0,0.26820195,-118090.3420558,6819503.16714623
164,1310,Ophioscincus truncatus,XGBoost_single_no_coords,spatial,False,0,0.09167716,-31234.0531967666,6823468.59821031
165,1318,Ophioscincus truncatus,XGBoost_single_no_coords,spatial,False,0,0.43245304,-116199.528148125,6817786.39841097
166,1326,Ophioscincus truncatus,XGBoost_single_no_coords,spatial,False,0,0.20317012,-115961.85299911,6817197.07567746
167,1334,Ophioscincus truncatus,XGBoost_single_no_coords,spatial,False,0,0.3848411,-115156.930903262,6817038.96223258
168,1342,Ophioscincus truncatus,XGBoost_single_no_coords,spatial,False,0,0.18880552,-114320.555073989,6816470.06822849
169,1350,Ophioscincus truncatus,XGBoost_single_no_coords,spatial,False,0,0.027414357,-108876.433782581,6816343.47520397
170,1358,Ophioscincus truncatus,XGBoost_single_no_coords,spatial,False,0,0.036725968,-109030.042605492,6815332.43919622
171,1366,Ophioscincus truncatus,XGBoost_single_no_coords,spatial,False,0,0.09447515,-27097.7448967228,6813229.19629307
172,1374,Ophioscincus truncatus,XGBoost_single_no_coords,spatial,False,0,0.07290202,-148834.228828815,6806479.17622519
173,1382,Ophioscincus truncatus,XGBoost_single_no_coords,spatial,False,0,0.08713481,-26864.9515665186,6812638.8314962
174,1390,Ophioscincus truncatus,XGBoost_single_no_coords,spatial,False,0,0.040108614,-144171.518832433,6805913.46294023
175,1398,Ophioscincus truncatus,XGBoost_single_no_coords,spatial,False,0,0.082781844,-26614.0603685924,6811648.67695057
176,1406,Ophioscincus truncatus,XGBoost_single_no_coords,spatial,False,0,0.053171933,-146353.923264982,6805201.04834351
177,1414,Ophioscincus truncatus,XGBoost_single_no_coords,spatial,False,0,0.036012247,-26577.824176917,6810849.10035356
178,1422,Ophioscincus truncatus,XGBoost_single_no_coords,spatial,False,0,0.33680847,-152179.201074767,6801082.64226836
179,1430,Ophioscincus truncatus,XGBoost_single_no_coords,spatial,False,0,0.12205254,-158380.85988069,6800363.84186606
180,1438,Ophioscincus truncatus,XGBoost_single_no_coords,spatial,False,0,0.028737161,-29780.9705356891,6806663.75964171
181,1446,Ophioscincus truncatus,XGBoost_single_no_coords,spatial,False,0,0.028737161,-29379.7381757025,6806682.07694802
182,1454,Ophioscincus truncatus,XGBoost_single_no_coords,spatial,False,0,0.15847674,-155726.191227112,6799488.07056547
183,1462,Ophioscincus truncatus,XGBoost_single_no_coords,spatial,False,0,0.028737161,-29520.6964365395,6805473.74302288
184,1470,Ophioscincus truncatus,XGBoost_single_no_coords,spatial,False,0,0.028737161,-28317.1316235074,6805528.64452115
185,1478,Ophioscincus truncatus,XGBoost_single_no_coords,spatial,False,0,0.112479515,-154680.904774922,6798732.86570032
186,1486,Ophioscincus truncatus,XGBoost_single_no_coords,spatial,False,0,0.028737161,-29502.4373697368,6805073.94284487
187,1494,Ophioscincus truncatus,XGBoost_single_no_coords,spatial,False,0,0.165844,-153649.192596345,6798389.56853004
188,1502,Ophioscincus truncatus,XGBoost_single_no_coords,spatial,False,0,0.1068327,-154245.287601219,6798155.10832232
189,1510,Ophioscincus truncatus,XGBoost_single_no_coords,spatial,False,0,0.2203288,-112502.967446529,6800471.69931174
190,1518,Ophioscincus truncatus,XGBoost_single_no_coords,spatial,False,0,0.24529764,-112492.387376251,6800271.63658075
191,1526,Ophioscincus truncatus,XGBoost_single_no_coords,spatial,False,0,0.14998527,-152408.241373254,6797645.26465756
192,1534,Ophioscincus truncatus,XGBoost_single_no_coords,spatial,False,0,0.19309662,-111862.768502251,6799691.91157671
193,1542,Ophioscincus truncatus,XGBoost_single_no_coords,spatial,False,0,0.08924586,-153796.263664079,6797165.36470106
194,1550,Ophioscincus truncatus,XGBoost_single_no_coords,spatial,False,0,0.24529764,-113057.133584369,6799439.25721174
195,1558,Ophioscincus truncatus,XGBoost_single_no_coords,spatial,False,0,0.41774604,-153177.628494992,6796999.50794559
196,1566,Ophioscincus truncatus,XGBoost_single_no_coords,spatial,False,0,0.25173688,-111841.623750466,6799291.78871934
197,1574,Ophioscincus truncatus,XGBoost_single_no_coords,spatial,False,0,0.028737161,-31200.4121417062,6802970.7749555
198,1582,Ophioscincus truncatus,XGBoost_single_no_coords,spatial,False,0,0.2659509,-111757.020588895,6797691.29771726
199,1590,Ophioscincus truncatus,XGBoost_single_no_coords,spatial,False,0,0.5279954,-111540.073845013,6797301.52655841
200,1598,Ophioscincus truncatus,XGBoost_single_no_coords,spatial,False,0,0.13359015,-165917.840413128,6794142.17633504
201,1606,Ophioscincus truncatus,XGBoost_single_no_coords,spatial,False,0,0.5088118,-111724.493680147,6796890.5347694
202,1614,Ophioscincus truncatus,XGBoost_single_no_coords,spatial,False,0,0.27252385,-111508.34435778,6796701.34390328
203,1622,Ophioscincus truncatus,XGBoost_single_no_coords,spatial,False,0,0.16792928,-165638.858103626,6792540.33884748
204,1630,Ophioscincus truncatus,XGBoost_single_no_coords,spatial,False,0,0.049782287,-111628.657553236,6795078.86889821
205,1638,Ophioscincus truncatus,XGBoost_single_no_coords,spatial,False,0,0.04303587,-111987.574051639,6794257.38010052
206,1646,Ophioscincus truncatus,XGBoost_single_no_coords,spatial,False,0,0.04303587,-111543.951324666,6793478.37953304
207,1654,Ophioscincus truncatus,XGBoost_single_no_coords,spatial,False,0,0.15894033,-166932.442763671,6790267.55776097
208,1662,Ophioscincus truncatus,XGBoost_single_no_coords,spatial,False,0,0.16669427,-113333.176647029,6792982.26555712
209,1670,Ophioscincus truncatus,XGBoost_single_no_coords,spatial,False,0,0.04966873,-112530.721336831,6793024.84869485
210,1678,Ophioscincus truncatus,XGBoost_single_no_coords,spatial,False,0,0.030927578,-112129.496210697,6793046.11909854
211,1686,Ophioscincus truncatus,XGBoost_single_no_coords,spatial,False,0,0.17563225,-164829.821681687,6788558.93776823
212,1694,Ophioscincus truncatus,XGBoost_single_no_coords,spatial,False,0,0.17785135,-165023.878239824,6788346.91096964
213,1702,Ophioscincus truncatus,XGBoost_single_no_coords,spatial,False,0,0.17145418,-164391.455012656,6787769.669967
214,1710,Ophioscincus truncatus,XGBoost_single_no_coords,spatial,False,0,0.08663322,-110822.113763642,6787074.42336939
215,1718,Ophioscincus truncatus,XGBoost_single_no_coords,spatial,False,0,0.37688628,-110616.719576928,6787085.30761186
216,1726,Ophioscincus truncatus,XGBoost_single_no_coords,spatial,False,0,0.19750817,-110020.100859829,6787116.90272986
217,1734,Ophioscincus truncatus,XGBoost_single_no_coords,spatial,False,0,0.031189919,-109413.705304275,6787148.98376259
218,1742,Ophioscincus truncatus,XGBoost_single_no_coords,spatial,False,0,0.06116688,-110779.695476226,6786274.18349996
219,1750,Ophioscincus truncatus,XGBoost_single_no_coords,spatial,False,0,0.053395003,-110346.917478988,6785695.25630047
220,1758,Ophioscincus truncatus,XGBoost_single_no_coords,spatial,False,0,0.08408324,-110140.731442662,6785505.55962449
221,1766,Ophioscincus truncatus,XGBoost_single_no_coords,spatial,False,0,0.19241509,-157491.757049911,6782687.30974027
222,1774,Ophioscincus truncatus,XGBoost_single_no_coords,spatial,False,0,0.1032701,-109512.656336634,6785126.43261431
223,1782,Ophioscincus truncatus,XGBoost_single_no_coords,spatial,False,0,0.12833218,-109707.419900115,6784915.50427338
224,1790,Ophioscincus truncatus,XGBoost_single_no_coords,spatial,False,0,0.20072877,-150843.666641707,6782630.05200801
225,1798,Ophioscincus truncatus,XGBoost_single_no_coords,spatial,False,0,0.13800894,-157628.595163146,6781474.60411432
226,1806,Ophioscincus truncatus,XGBoost_single_no_coords,spatial,False,0,0.15390743,-156768.616233883,6780508.50732801
227,1814,Ophioscincus truncatus,XGBoost_single_no_coords,spatial,False,0,0.06266426,-110619.113371872,6783061.59249324
228,1822,Ophioscincus truncatus,XGBoost_single_no_coords,spatial,False,0,0.043098535,-108593.63854256,6782767.65906175
229,1830,Ophioscincus truncatus,XGBoost_single_no_coords,spatial,False,0,0.114547595,-108377.162322395,6782567.34735566
230,1838,Ophioscincus truncatus,XGBoost_single_no_coords,spatial,False,0,0.03725646,-58637.6336775981,6785100.52209461
231,1846,Ophioscincus truncatus,XGBoost_single_no_coords,spatial,False,0,0.12349436,-107923.462038802,6781588.26422547
232,1854,Ophioscincus truncatus,XGBoost_single_no_coords,spatial,False,0,0.23338117,-154268.894705046,6778832.59399199
233,1862,Ophioscincus truncatus,XGBoost_single_no_coords,spatial,False,0,0.20998822,-151231.119203658,6778380.41797512
234,1870,Ophioscincus truncatus,XGBoost_single_no_coords,spatial,False,0,0.22519197,-150784.191440288,6777591.42724006
235,1878,Ophioscincus truncatus,XGBoost_single_no_coords,spatial,False,0,0.23386677,-157053.44484427,6770228.31904544
236,1886,Ophioscincus truncatus,XGBoost_single_no_coords,spatial,False,0,0.19935441,-157007.529503806,6769427.67794309
237,1894,Ophioscincus truncatus,XGBoost_single_no_coords,spatial,False,0,0.3766437,-157601.945479142,6769192.74860327
238,1902,Ophioscincus truncatus,XGBoost_single_no_coords,spatial,False,0,0.026743194,-42631.6013249115,6774856.7836682
239,1910,Ophioscincus truncatus,XGBoost_single_no_coords,spatial,False,0,0.026316555,-42808.1790068126,6774247.29778187
240,1918,Ophioscincus truncatus,XGBoost_single_no_coords,spatial,False,0,0.024579352,-90697.5110841577,6771199.36165782
241,1926,Ophioscincus truncatus,XGBoost_single_no_coords,spatial,False,0,0.024579352,-89886.5465170286,6771040.60297007
242,1934,Ophioscincus truncatus,XGBoost_single_no_coords,spatial,False,0,0.026316555,-45884.998116622,6771685.40364584
243,1942,Ophioscincus truncatus,XGBoost_single_no_coords,spatial,False,0,0.026316555,-45846.3441318398,6770874.56187869
244,1950,Ophioscincus truncatus,XGBoost_single_no_coords,spatial,False,0,0.026316555,-46208.2545646069,6770055.74332879
245,1958,Ophioscincus truncatus,XGBoost_single_no_coords,spatial,False,0,0.025315752,-42736.9260770733,6769029.74166907
246,1966,Ophioscincus truncatus,XGBoost_single_no_coords,spatial,False,0,0.02605184,-42727.4414379179,6768829.81362177
247,1974,Ophioscincus truncatus,XGBoost_single_no_coords,spatial,False,0,0.02605184,-42717.9562631494,6768629.88557173
248,1982,Ophioscincus truncatus,XGBoost_single_no_coords,spatial,False,0,0.34020147,-139175.743651501,6763098.07298971
249,1990,Ophioscincus truncatus,XGBoost_single_no_coords,spatial,False,1,0.23265201,-138923.869162796,6762097.27372678
252,2014,Ophioscincus truncatus,XGBoost_single_no_coords,spatial,False,0,0.025315752,-43112.7372327422,6764592.40958821
254,2030,Ophioscincus truncatus,XGBoost_single_no_coords,spatial,False,0,0.025315752,-43678.7671977115,6763752.8151483
255,2038,Ophioscincus truncatus,XGBoost_single_no_coords,spatial,False,0,0.029903626,-47276.750227819,6763369.40347618
106,847,Pseudechis porphyricaus,XGBoost_single_no_coords,spatial,False,0,0.021510616,-147293.925634327,6831915.7941736
111,887,Pseudechis porphyricaus,XGBoost_single_no_coords,spatial,False,0,0.01346998,-146869.047423431,6831537.755626
122,975,Pseudechis porphyricaus,XGBoost_single_no_coords,spatial,False,0,0.0049359193,-121930.447488692,6831783.7962185
125,999,Pseudechis porphyricaus,XGBoost_single_no_coords,spatial,False,0,0.02986311,-119100.196556909,6831521.23488212
126,1007,Pseudechis porphyricaus,XGBoost_single_no_coords,spatial,False,0,0.057097048,-122301.197680874,6831162.17696098
127,1015,Pseudechis porphyricaus,XGBoost_single_no_coords,spatial,False,0,0.0022481391,-113069.978206809,6831626.51450922
128,1023,Pseudechis porphyricaus,XGBoost_single_no_coords,spatial,False,0,0.000924416,-110250.872026258,6831561.92472725
130,1039,Pseudechis porphyricaus,XGBoost_single_no_coords,spatial,False,0,0.0017759806,-112831.744333792,6830836.54025889
132,1055,Pseudechis porphyricaus,XGBoost_single_no_coords,spatial,False,0,0.013451161,-105801.162580743,6831179.93507326
134,1071,Pseudechis porphyricaus,XGBoost_single_no_coords,spatial,False,0,0.0012025761,-109785.840498241,6830382.55130941
135,1079,Pseudechis porphyricaus,XGBoost_single_no_coords,spatial,False,0,0.0017930502,-60576.6608829403,6831437.80904093
136,1087,Pseudechis porphyricaus,XGBoost_single_no_coords,spatial,False,0,0.0026382855,-62745.5415882464,6830732.52392328
137,1095,Pseudechis porphyricaus,XGBoost_single_no_coords,spatial,False,0,0.00078298163,-59930.1265788042,6830667.09207023
138,1103,Pseudechis porphyricaus,XGBoost_single_no_coords,spatial,False,0,0.0038287607,-33656.1895879237,6831782.75910205
139,1111,Pseudechis porphyricaus,XGBoost_single_no_coords,spatial,False,0,0.0012027165,-60097.6324680274,6830057.84195886
140,1119,Pseudechis porphyricaus,XGBoost_single_no_coords,spatial,False,0,0.0038802738,-59480.1149542754,6829686.55327432
141,1127,Pseudechis porphyricaus,XGBoost_single_no_coords,spatial,False,0,0.0010661437,-59274.1159834863,6829696.39928037
142,1135,Pseudechis porphyricaus,XGBoost_single_no_coords,spatial,False,0,0.0018750884,-58470.0105331185,6829534.39062915
143,1143,Pseudechis porphyricaus,XGBoost_single_no_coords,spatial,False,0,0.008752282,-58067.8332822076,6829553.57641624
144,1151,Pseudechis porphyricaus,XGBoost_single_no_coords,spatial,False,0,0.014457293,-35003.9025977263,6830519.3124224
145,1159,Pseudechis porphyricaus,XGBoost_single_no_coords,spatial,False,0,0.005973919,-57852.3087704955,6829363.4472621
146,1167,Pseudechis porphyricaus,XGBoost_single_no_coords,spatial,False,0,0.014457293,-34994.2569791634,6830308.29905931
147,1175,Pseudechis porphyricaus,XGBoost_single_no_coords,spatial,False,0,0.0023710579,-58647.1030221649,6829125.12230747
148,1183,Pseudechis porphyricaus,XGBoost_single_no_coords,spatial,False,0,0.0015467848,-59039.7148912014,6828905.9612443
149,1191,Pseudechis porphyricaus,XGBoost_single_no_coords,spatial,False,0,0.0039427113,-58039.2252902132,6828953.72338296
150,1199,Pseudechis porphyricaus,XGBoost_single_no_coords,spatial,False,0,0.0065652565,-34359.3605187094,6829747.4641776
151,1207,Pseudechis porphyricaus,XGBoost_single_no_coords,spatial,False,0,0.008782778,-34751.7720567721,6829518.08321835
152,1215,Pseudechis porphyricaus,XGBoost_single_no_coords,spatial,False,0,0.00882893,-34733.497415081,6829118.26913623
153,1223,Pseudechis porphyricaus,XGBoost_single_no_coords,spatial,False,0,0.0022944598,-56158.084536112,6827640.49763384
154,1231,Pseudechis porphyricaus,XGBoost_single_no_coords,spatial,False,0,0.0050115874,-56718.2495163478,6826812.23539331
155,1239,Pseudechis porphyricaus,XGBoost_single_no_coords,spatial,False,0,0.0031081662,-59120.6295586857,6826486.03756181
156,1247,Pseudechis porphyricaus,XGBoost_single_no_coords,spatial,False,0,0.0013537285,-57101.2660895063,6826393.18209589
157,1255,Pseudechis porphyricaus,XGBoost_single_no_coords,spatial,False,0,0.002089297,-57287.8605910979,6826183.88283365
158,1263,Pseudechis porphyricaus,XGBoost_single_no_coords,spatial,False,0,0.002089297,-57091.7358988385,6826193.23264818
159,1271,Pseudechis porphyricaus,XGBoost_single_no_coords,spatial,False,0,0.0021193104,-57278.3264609204,6825983.9330077
160,1279,Pseudechis porphyricaus,XGBoost_single_no_coords,spatial,False,0,0.00207149,-57082.2051583753,6825993.28319997
161,1287,Pseudechis porphyricaus,XGBoost_single_no_coords,spatial,False,0,0.0020421525,-57053.0800449767,6825382.32654951
162,1295,Pseudechis porphyricaus,XGBoost_single_no_coords,spatial,False,0,0.0032584004,-57436.0274871426,6824963.25226147
163,1303,Pseudechis porphyricaus,XGBoost_single_no_coords,spatial,False,0,0.17941456,-118090.3420558,6819503.16714623
164,1311,Pseudechis porphyricaus,XGBoost_single_no_coords,spatial,False,0,0.008539924,-31234.0531967666,6823468.59821031
165,1319,Pseudechis porphyricaus,XGBoost_single_no_coords,spatial,False,0,0.0044726883,-116199.528148125,6817786.39841097
166,1327,Pseudechis porphyricaus,XGBoost_single_no_coords,spatial,False,0,0.015164289,-115961.85299911,6817197.07567746
167,1335,Pseudechis porphyricaus,XGBoost_single_no_coords,spatial,False,0,0.05050515,-115156.930903262,6817038.96223258
168,1343,Pseudechis porphyricaus,XGBoost_single_no_coords,spatial,False,0,0.03442599,-114320.555073989,6816470.06822849
169,1351,Pseudechis porphyricaus,XGBoost_single_no_coords,spatial,False,0,0.013190291,-108876.433782581,6816343.47520397
170,1359,Pseudechis porphyricaus,XGBoost_single_no_coords,spatial,False,0,0.007099577,-109030.042605492,6815332.43919622
171,1367,Pseudechis porphyricaus,XGBoost_single_no_coords,spatial,False,0,0.0089321155,-27097.7448967228,6813229.19629307
172,1375,Pseudechis porphyricaus,XGBoost_single_no_coords,spatial,False,0,0.0032296344,-148834.228828815,6806479.17622519
173,1383,Pseudechis porphyricaus,XGBoost_single_no_coords,spatial,False,0,0.005853883,-26864.9515665186,6812638.8314962
174,1391,Pseudechis porphyricaus,XGBoost_single_no_coords,spatial,False,0,0.0028440238,-144171.518832433,6805913.46294023
175,1399,Pseudechis porphyricaus,XGBoost_single_no_coords,spatial,False,0,0.0016092523,-26614.0603685924,6811648.67695057
176,1407,Pseudechis porphyricaus,XGBoost_single_no_coords,spatial,False,0,0.003298294,-146353.923264982,6805201.04834351
177,1415,Pseudechis porphyricaus,XGBoost_single_no_coords,spatial,False,0,0.0011979213,-26577.824176917,6810849.10035356
178,1423,Pseudechis porphyricaus,XGBoost_single_no_coords,spatial,False,0,0.0066035055,-152179.201074767,6801082.64226836
179,1431,Pseudechis porphyricaus,XGBoost_single_no_coords,spatial,False,0,0.014418895,-158380.85988069,6800363.84186606
180,1439,Pseudechis porphyricaus,XGBoost_single_no_coords,spatial,False,0,0.008371297,-29780.9705356891,6806663.75964171
181,1447,Pseudechis porphyricaus,XGBoost_single_no_coords,spatial,False,0,0.008139724,-29379.7381757025,6806682.07694802
182,1455,Pseudechis porphyricaus,XGBoost_single_no_coords,spatial,False,0,0.0024359156,-155726.191227112,6799488.07056547
183,1463,Pseudechis porphyricaus,XGBoost_single_no_coords,spatial,False,0,0.008139724,-29520.6964365395,6805473.74302288
184,1471,Pseudechis porphyricaus,XGBoost_single_no_coords,spatial,False,0,0.007982016,-28317.1316235074,6805528.64452115
185,1479,Pseudechis porphyricaus,XGBoost_single_no_coords,spatial,False,0,0.008397847,-154680.904774922,6798732.86570032
186,1487,Pseudechis porphyricaus,XGBoost_single_no_coords,spatial,False,0,0.008139724,-29502.4373697368,6805073.94284487
187,1495,Pseudechis porphyricaus,XGBoost_single_no_coords,spatial,False,0,0.0058370214,-153649.192596345,6798389.56853004
188,1503,Pseudechis porphyricaus,XGBoost_single_no_coords,spatial,False,0,0.01140051,-154245.287601219,6798155.10832232
189,1511,Pseudechis porphyricaus,XGBoost_single_no_coords,spatial,False,0,0.006488893,-112502.967446529,6800471.69931174
190,1519,Pseudechis porphyricaus,XGBoost_single_no_coords,spatial,False,0,0.044853594,-112492.387376251,6800271.63658075
191,1527,Pseudechis porphyricaus,XGBoost_single_no_coords,spatial,False,0,0.025365464,-152408.241373254,6797645.26465756
192,1535,Pseudechis porphyricaus,XGBoost_single_no_coords,spatial,False,0,0.00383337,-111862.768502251,6799691.91157671
193,1543,Pseudechis porphyricaus,XGBoost_single_no_coords,spatial,False,0,0.0016063527,-153796.263664079,6797165.36470106
194,1551,Pseudechis porphyricaus,XGBoost_single_no_coords,spatial,False,0,0.017837824,-113057.133584369,6799439.25721174
195,1559,Pseudechis porphyricaus,XGBoost_single_no_coords,spatial,False,0,0.04101706,-153177.628494992,6796999.50794559
196,1567,Pseudechis porphyricaus,XGBoost_single_no_coords,spatial,False,0,0.009830938,-111841.623750466,6799291.78871934
197,1575,Pseudechis porphyricaus,XGBoost_single_no_coords,spatial,False,0,0.013518082,-31200.4121417062,6802970.7749555
198,1583,Pseudechis porphyricaus,XGBoost_single_no_coords,spatial,False,0,0.045036864,-111757.020588895,6797691.29771726
199,1591,Pseudechis porphyricaus,XGBoost_single_no_coords,spatial,False,0,0.0077051646,-111540.073845013,6797301.52655841
200,1599,Pseudechis porphyricaus,XGBoost_single_no_coords,spatial,False,0,0.06037188,-165917.840413128,6794142.17633504
201,1607,Pseudechis porphyricaus,XGBoost_single_no_coords,spatial,False,0,0.009175352,-111724.493680147,6796890.5347694
202,1615,Pseudechis porphyricaus,XGBoost_single_no_coords,spatial,False,0,0.017813038,-111508.34435778,6796701.34390328
203,1623,Pseudechis porphyricaus,XGBoost_single_no_coords,spatial,False,0,0.07343299,-165638.858103626,6792540.33884748
204,1631,Pseudechis porphyricaus,XGBoost_single_no_coords,spatial,False,0,0.00080368377,-111628.657553236,6795078.86889821
205,1639,Pseudechis porphyricaus,XGBoost_single_no_coords,spatial,False,0,0.014004568,-111987.574051639,6794257.38010052
206,1647,Pseudechis porphyricaus,XGBoost_single_no_coords,spatial,False,0,0.011755768,-111543.951324666,6793478.37953304
207,1655,Pseudechis porphyricaus,XGBoost_single_no_coords,spatial,False,0,0.02360498,-166932.442763671,6790267.55776097
208,1663,Pseudechis porphyricaus,XGBoost_single_no_coords,spatial,False,1,0.010326744,-113333.176647029,6792982.26555712
209,1671,Pseudechis porphyricaus,XGBoost_single_no_coords,spatial,False,0,0.008341843,-112530.721336831,6793024.84869485
210,1679,Pseudechis porphyricaus,XGBoost_single_no_coords,spatial,False,0,0.008159347,-112129.496210697,6793046.11909854
211,1687,Pseudechis porphyricaus,XGBoost_single_no_coords,spatial,False,0,0.0948844,-164829.821681687,6788558.93776823
212,1695,Pseudechis porphyricaus,XGBoost_single_no_coords,spatial,False,0,0.11915114,-165023.878239824,6788346.91096964
213,1703,Pseudechis porphyricaus,XGBoost_single_no_coords,spatial,False,0,0.6779183,-164391.455012656,6787769.669967
214,1711,Pseudechis porphyricaus,XGBoost_single_no_coords,spatial,False,0,0.010925573,-110822.113763642,6787074.42336939
215,1719,Pseudechis porphyricaus,XGBoost_single_no_coords,spatial,False,0,0.0050776876,-110616.719576928,6787085.30761186
216,1727,Pseudechis porphyricaus,XGBoost_single_no_coords,spatial,False,0,0.0018157475,-110020.100859829,6787116.90272986
217,1735,Pseudechis porphyricaus,XGBoost_single_no_coords,spatial,False,0,0.0047818962,-109413.705304275,6787148.98376259
218,1743,Pseudechis porphyricaus,XGBoost_single_no_coords,spatial,False,0,0.002842553,-110779.695476226,6786274.18349996
219,1751,Pseudechis porphyricaus,XGBoost_single_no_coords,spatial,False,0,0.0009263019,-110346.917478988,6785695.25630047
220,1759,Pseudechis porphyricaus,XGBoost_single_no_coords,spatial,False,0,0.0025000325,-110140.731442662,6785505.55962449
221,1767,Pseudechis porphyricaus,XGBoost_single_no_coords,spatial,False,0,0.020660086,-157491.757049911,6782687.30974027
222,1775,Pseudechis porphyricaus,XGBoost_single_no_coords,spatial,False,0,0.0022273976,-109512.656336634,6785126.43261431
223,1783,Pseudechis porphyricaus,XGBoost_single_no_coords,spatial,False,0,0.01825806,-109707.419900115,6784915.50427338
224,1791,Pseudechis porphyricaus,XGBoost_single_no_coords,spatial,False,0,0.00824634,-150843.666641707,6782630.05200801
225,1799,Pseudechis porphyricaus,XGBoost_single_no_coords,spatial,False,0,0.010757812,-157628.595163146,6781474.60411432
226,1807,Pseudechis porphyricaus,XGBoost_single_no_coords,spatial,False,0,0.11348767,-156768.616233883,6780508.50732801
227,1815,Pseudechis porphyricaus,XGBoost_single_no_coords,spatial,False,0,0.011310128,-110619.113371872,6783061.59249324
228,1823,Pseudechis porphyricaus,XGBoost_single_no_coords,spatial,False,0,0.0029472413,-108593.63854256,6782767.65906175
229,1831,Pseudechis porphyricaus,XGBoost_single_no_coords,spatial,False,0,0.008157846,-108377.162322395,6782567.34735566
230,1839,Pseudechis porphyricaus,XGBoost_single_no_coords,spatial,False,0,0.013259474,-58637.6336775981,6785100.52209461
231,1847,Pseudechis porphyricaus,XGBoost_single_no_coords,spatial,False,0,0.011839155,-107923.462038802,6781588.26422547
232,1855,Pseudechis porphyricaus,XGBoost_single_no_coords,spatial,False,0,0.010936626,-154268.894705046,6778832.59399199
233,1863,Pseudechis porphyricaus,XGBoost_single_no_coords,spatial,False,0,0.0057495544,-151231.119203658,6778380.41797512
234,1871,Pseudechis porphyricaus,XGBoost_single_no_coords,spatial,False,0,0.00078990404,-150784.191440288,6777591.42724006
235,1879,Pseudechis porphyricaus,XGBoost_single_no_coords,spatial,False,1,0.07950053,-157053.44484427,6770228.31904544
236,1887,Pseudechis porphyricaus,XGBoost_single_no_coords,spatial,False,0,0.04933946,-157007.529503806,6769427.67794309
237,1895,Pseudechis porphyricaus,XGBoost_single_no_coords,spatial,False,0,0.31309336,-157601.945479142,6769192.74860327
238,1903,Pseudechis porphyricaus,XGBoost_single_no_coords,spatial,False,0,0.07486573,-42631.6013249115,6774856.7836682
239,1911,Pseudechis porphyricaus,XGBoost_single_no_coords,spatial,False,0,0.030046476,-42808.1790068126,6774247.29778187
240,1919,Pseudechis porphyricaus,XGBoost_single_no_coords,spatial,False,0,0.013032622,-90697.5110841577,6771199.36165782
241,1927,Pseudechis porphyricaus,XGBoost_single_no_coords,spatial,False,0,0.015144527,-89886.5465170286,6771040.60297007
242,1935,Pseudechis porphyricaus,XGBoost_single_no_coords,spatial,False,0,0.037716635,-45884.998116622,6771685.40364584
243,1943,Pseudechis porphyricaus,XGBoost_single_no_coords,spatial,False,0,0.029371537,-45846.3441318398,6770874.56187869
244,1951,Pseudechis porphyricaus,XGBoost_single_no_coords,spatial,False,0,0.037716635,-46208.2545646069,6770055.74332879
245,1959,Pseudechis porphyricaus,XGBoost_single_no_coords,spatial,False,0,0.031139327,-42736.9260770733,6769029.74166907
246,1967,Pseudechis porphyricaus,XGBoost_single_no_coords,spatial,False,0,0.035975315,-42727.4414379179,6768829.81362177
247,1975,Pseudechis porphyricaus,XGBoost_single_no_coords,spatial,False,0,0.0402946,-42717.9562631494,6768629.88557173
248,1983,Pseudechis porphyricaus,XGBoost_single_no_coords,spatial,False,0,0.0014974759,-139175.743651501,6763098.07298971
249,1991,Pseudechis porphyricaus,XGBoost_single_no_coords,spatial,False,0,0.0060416805,-138923.869162796,6762097.27372678
252,2015,Pseudechis porphyricaus,XGBoost_single_no_coords,spatial,False,0,0.0077538015,-43112.7372327422,6764592.40958821
254,2031,Pseudechis porphyricaus,XGBoost_single_no_coords,spatial,False,0,0.010368587,-43678.7671977115,6763752.8151483
255,2039,Pseudechis porphyricaus,XGBoost_single_no_coords,spatial,False,0,0.0046172733,-47276.750227819,6763369.40347618
106,848,Saltuarius swaini,XGBoost_single_no_coords,spatial,False,0,0.005675779,-147293.925634327,6831915.7941736
111,888,Saltuarius swaini,XGBoost_single_no_coords,spatial,False,0,0.008882586,-146869.047423431,6831537.755626
122,976,Saltuarius swaini,XGBoost_single_no_coords,spatial,False,0,0.03618598,-121930.447488692,6831783.7962185
125,1000,Saltuarius swaini,XGBoost_single_no_coords,spatial,False,0,0.022504086,-119100.196556909,6831521.23488212
126,1008,Saltuarius swaini,XGBoost_single_no_coords,spatial,False,0,0.011419039,-122301.197680874,6831162.17696098
127,1016,Saltuarius swaini,XGBoost_single_no_coords,spatial,False,0,0.040354937,-113069.978206809,6831626.51450922
128,1024,Saltuarius swaini,XGBoost_single_no_coords,spatial,False,0,0.012659966,-110250.872026258,6831561.92472725
130,1040,Saltuarius swaini,XGBoost_single_no_coords,spatial,False,0,0.05550424,-112831.744333792,6830836.54025889
132,1056,Saltuarius swaini,XGBoost_single_no_coords,spatial,False,0,0.010195129,-105801.162580743,6831179.93507326
134,1072,Saltuarius swaini,XGBoost_single_no_coords,spatial,False,0,0.014270083,-109785.840498241,6830382.55130941
135,1080,Saltuarius swaini,XGBoost_single_no_coords,spatial,False,0,0.0049982304,-60576.6608829403,6831437.80904093
136,1088,Saltuarius swaini,XGBoost_single_no_coords,spatial,False,0,0.004827476,-62745.5415882464,6830732.52392328
137,1096,Saltuarius swaini,XGBoost_single_no_coords,spatial,False,0,0.005050024,-59930.1265788042,6830667.09207023
138,1104,Saltuarius swaini,XGBoost_single_no_coords,spatial,False,0,0.014133572,-33656.1895879237,6831782.75910205
139,1112,Saltuarius swaini,XGBoost_single_no_coords,spatial,False,0,0.0059250756,-60097.6324680274,6830057.84195886
140,1120,Saltuarius swaini,XGBoost_single_no_coords,spatial,False,0,0.011843145,-59480.1149542754,6829686.55327432
141,1128,Saltuarius swaini,XGBoost_single_no_coords,spatial,False,0,0.010866008,-59274.1159834863,6829696.39928037
142,1136,Saltuarius swaini,XGBoost_single_no_coords,spatial,False,0,0.00750028,-58470.0105331185,6829534.39062915
143,1144,Saltuarius swaini,XGBoost_single_no_coords,spatial,False,0,0.005921552,-58067.8332822076,6829553.57641624
144,1152,Saltuarius swaini,XGBoost_single_no_coords,spatial,False,0,0.01716545,-35003.9025977263,6830519.3124224
145,1160,Saltuarius swaini,XGBoost_single_no_coords,spatial,False,0,0.0074325646,-57852.3087704955,6829363.4472621
146,1168,Saltuarius swaini,XGBoost_single_no_coords,spatial,False,0,0.01716545,-34994.2569791634,6830308.29905931
147,1176,Saltuarius swaini,XGBoost_single_no_coords,spatial,False,0,0.011726158,-58647.1030221649,6829125.12230747
148,1184,Saltuarius swaini,XGBoost_single_no_coords,spatial,False,0,0.01152502,-59039.7148912014,6828905.9612443
149,1192,Saltuarius swaini,XGBoost_single_no_coords,spatial,False,0,0.010855189,-58039.2252902132,6828953.72338296
150,1200,Saltuarius swaini,XGBoost_single_no_coords,spatial,False,0,0.0234402,-34359.3605187094,6829747.4641776
151,1208,Saltuarius swaini,XGBoost_single_no_coords,spatial,False,0,0.01668763,-34751.7720567721,6829518.08321835
152,1216,Saltuarius swaini,XGBoost_single_no_coords,spatial,False,0,0.0291581,-34733.497415081,6829118.26913623
153,1224,Saltuarius swaini,XGBoost_single_no_coords,spatial,False,0,0.011965614,-56158.084536112,6827640.49763384
154,1232,Saltuarius swaini,XGBoost_single_no_coords,spatial,False,0,0.007340474,-56718.2495163478,6826812.23539331
155,1240,Saltuarius swaini,XGBoost_single_no_coords,spatial,False,0,0.01232671,-59120.6295586857,6826486.03756181
156,1248,Saltuarius swaini,XGBoost_single_no_coords,spatial,False,0,0.01774824,-57101.2660895063,6826393.18209589
157,1256,Saltuarius swaini,XGBoost_single_no_coords,spatial,False,0,0.0122078275,-57287.8605910979,6826183.88283365
158,1264,Saltuarius swaini,XGBoost_single_no_coords,spatial,False,0,0.0122078275,-57091.7358988385,6826193.23264818
159,1272,Saltuarius swaini,XGBoost_single_no_coords,spatial,False,0,0.0122078275,-57278.3264609204,6825983.9330077
160,1280,Saltuarius swaini,XGBoost_single_no_coords,spatial,False,0,0.0122078275,-57082.2051583753,6825993.28319997
161,1288,Saltuarius swaini,XGBoost_single_no_coords,spatial,False,0,0.0122078275,-57053.0800449767,6825382.32654951
162,1296,Saltuarius swaini,XGBoost_single_no_coords,spatial,False,0,0.012576141,-57436.0274871426,6824963.25226147
163,1304,Saltuarius swaini,XGBoost_single_no_coords,spatial,False,0,0.058268383,-118090.3420558,6819503.16714623
164,1312,Saltuarius swaini,XGBoost_single_no_coords,spatial,False,0,0.01668763,-31234.0531967666,6823468.59821031
165,1320,Saltuarius swaini,XGBoost_single_no_coords,spatial,False,0,0.012659966,-116199.528148125,6817786.39841097
166,1328,Saltuarius swaini,XGBoost_single_no_coords,spatial,False,0,0.01253405,-115961.85299911,6817197.07567746
167,1336,Saltuarius swaini,XGBoost_single_no_coords,spatial,False,0,0.04254104,-115156.930903262,6817038.96223258
168,1344,Saltuarius swaini,XGBoost_single_no_coords,spatial,False,0,0.03621524,-114320.555073989,6816470.06822849
169,1352,Saltuarius swaini,XGBoost_single_no_coords,spatial,False,0,0.01333219,-108876.433782581,6816343.47520397
170,1360,Saltuarius swaini,XGBoost_single_no_coords,spatial,False,0,0.008178332,-109030.042605492,6815332.43919622
171,1368,Saltuarius swaini,XGBoost_single_no_coords,spatial,False,0,0.01668763,-27097.7448967228,6813229.19629307
172,1376,Saltuarius swaini,XGBoost_single_no_coords,spatial,False,0,0.004192556,-148834.228828815,6806479.17622519
173,1384,Saltuarius swaini,XGBoost_single_no_coords,spatial,False,0,0.018974504,-26864.9515665186,6812638.8314962
174,1392,Saltuarius swaini,XGBoost_single_no_coords,spatial,False,0,0.007914971,-144171.518832433,6805913.46294023
175,1400,Saltuarius swaini,XGBoost_single_no_coords,spatial,False,0,0.023669474,-26614.0603685924,6811648.67695057
176,1408,Saltuarius swaini,XGBoost_single_no_coords,spatial,False,0,0.004347393,-146353.923264982,6805201.04834351
177,1416,Saltuarius swaini,XGBoost_single_no_coords,spatial,False,0,0.0274122,-26577.824176917,6810849.10035356
178,1424,Saltuarius swaini,XGBoost_single_no_coords,spatial,False,0,0.007858881,-152179.201074767,6801082.64226836
179,1432,Saltuarius swaini,XGBoost_single_no_coords,spatial,False,0,0.004763435,-158380.85988069,6800363.84186606
180,1440,Saltuarius swaini,XGBoost_single_no_coords,spatial,False,0,0.016407132,-29780.9705356891,6806663.75964171
181,1448,Saltuarius swaini,XGBoost_single_no_coords,spatial,False,0,0.016407132,-29379.7381757025,6806682.07694802
182,1456,Saltuarius swaini,XGBoost_single_no_coords,spatial,False,0,0.0043508345,-155726.191227112,6799488.07056547
183,1464,Saltuarius swaini,XGBoost_single_no_coords,spatial,False,0,0.016407132,-29520.6964365395,6805473.74302288
184,1472,Saltuarius swaini,XGBoost_single_no_coords,spatial,False,0,0.016407132,-28317.1316235074,6805528.64452115
185,1480,Saltuarius swaini,XGBoost_single_no_coords,spatial,False,0,0.004342673,-154680.904774922,6798732.86570032
186,1488,Saltuarius swaini,XGBoost_single_no_coords,spatial,False,0,0.016407132,-29502.4373697368,6805073.94284487
187,1496,Saltuarius swaini,XGBoost_single_no_coords,spatial,False,0,0.0042798114,-153649.192596345,6798389.56853004
188,1504,Saltuarius swaini,XGBoost_single_no_coords,spatial,False,0,0.0046398523,-154245.287601219,6798155.10832232
189,1512,Saltuarius swaini,XGBoost_single_no_coords,spatial,False,0,0.007617435,-112502.967446529,6800471.69931174
190,1520,Saltuarius swaini,XGBoost_single_no_coords,spatial,False,0,0.008625548,-112492.387376251,6800271.63658075
191,1528,Saltuarius swaini,XGBoost_single_no_coords,spatial,False,0,0.004342673,-152408.241373254,6797645.26465756
192,1536,Saltuarius swaini,XGBoost_single_no_coords,spatial,False,0,0.006067722,-111862.768502251,6799691.91157671
193,1544,Saltuarius swaini,XGBoost_single_no_coords,spatial,False,0,0.004342673,-153796.263664079,6797165.36470106
194,1552,Saltuarius swaini,XGBoost_single_no_coords,spatial,False,0,0.010881687,-113057.133584369,6799439.25721174
195,1560,Saltuarius swaini,XGBoost_single_no_coords,spatial,False,0,0.014105295,-153177.628494992,6796999.50794559
196,1568,Saltuarius swaini,XGBoost_single_no_coords,spatial,False,0,0.009825248,-111841.623750466,6799291.78871934
197,1576,Saltuarius swaini,XGBoost_single_no_coords,spatial,False,0,0.01687706,-31200.4121417062,6802970.7749555
198,1584,Saltuarius swaini,XGBoost_single_no_coords,spatial,False,0,0.013817393,-111757.020588895,6797691.29771726
199,1592,Saltuarius swaini,XGBoost_single_no_coords,spatial,False,0,0.030076683,-111540.073845013,6797301.52655841
200,1600,Saltuarius swaini,XGBoost_single_no_coords,spatial,False,0,0.005078883,-165917.840413128,6794142.17633504
201,1608,Saltuarius swaini,XGBoost_single_no_coords,spatial,False,0,0.03564832,-111724.493680147,6796890.5347694
202,1616,Saltuarius swaini,XGBoost_single_no_coords,spatial,False,0,0.021049747,-111508.34435778,6796701.34390328
203,1624,Saltuarius swaini,XGBoost_single_no_coords,spatial,False,0,0.0051601445,-165638.858103626,6792540.33884748
204,1632,Saltuarius swaini,XGBoost_single_no_coords,spatial,False,0,0.0038913111,-111628.657553236,6795078.86889821
205,1640,Saltuarius swaini,XGBoost_single_no_coords,spatial,False,0,0.008138731,-111987.574051639,6794257.38010052
206,1648,Saltuarius swaini,XGBoost_single_no_coords,spatial,False,0,0.008764987,-111543.951324666,6793478.37953304
207,1656,Saltuarius swaini,XGBoost_single_no_coords,spatial,False,0,0.0055380315,-166932.442763671,6790267.55776097
208,1664,Saltuarius swaini,XGBoost_single_no_coords,spatial,False,0,0.014375571,-113333.176647029,6792982.26555712
209,1672,Saltuarius swaini,XGBoost_single_no_coords,spatial,False,0,0.009222733,-112530.721336831,6793024.84869485
210,1680,Saltuarius swaini,XGBoost_single_no_coords,spatial,False,0,0.017887801,-112129.496210697,6793046.11909854
211,1688,Saltuarius swaini,XGBoost_single_no_coords,spatial,False,0,0.011432644,-164829.821681687,6788558.93776823
212,1696,Saltuarius swaini,XGBoost_single_no_coords,spatial,False,0,0.008257325,-165023.878239824,6788346.91096964
213,1704,Saltuarius swaini,XGBoost_single_no_coords,spatial,False,0,0.01735498,-164391.455012656,6787769.669967
214,1712,Saltuarius swaini,XGBoost_single_no_coords,spatial,False,0,0.010413978,-110822.113763642,6787074.42336939
215,1720,Saltuarius swaini,XGBoost_single_no_coords,spatial,False,0,0.016917363,-110616.719576928,6787085.30761186
216,1728,Saltuarius swaini,XGBoost_single_no_coords,spatial,False,0,0.008169622,-110020.100859829,6787116.90272986
217,1736,Saltuarius swaini,XGBoost_single_no_coords,spatial,False,0,0.013562181,-109413.705304275,6787148.98376259
218,1744,Saltuarius swaini,XGBoost_single_no_coords,spatial,False,0,0.004508913,-110779.695476226,6786274.18349996
219,1752,Saltuarius swaini,XGBoost_single_no_coords,spatial,False,0,0.00468465,-110346.917478988,6785695.25630047
220,1760,Saltuarius swaini,XGBoost_single_no_coords,spatial,False,0,0.0044645127,-110140.731442662,6785505.55962449
221,1768,Saltuarius swaini,XGBoost_single_no_coords,spatial,False,0,0.0090262145,-157491.757049911,6782687.30974027
222,1776,Saltuarius swaini,XGBoost_single_no_coords,spatial,False,0,0.0068553938,-109512.656336634,6785126.43261431
223,1784,Saltuarius swaini,XGBoost_single_no_coords,spatial,False,0,0.007002698,-109707.419900115,6784915.50427338
224,1792,Saltuarius swaini,XGBoost_single_no_coords,spatial,False,0,0.009082801,-150843.666641707,6782630.05200801
225,1800,Saltuarius swaini,XGBoost_single_no_coords,spatial,False,0,0.0043483484,-157628.595163146,6781474.60411432
226,1808,Saltuarius swaini,XGBoost_single_no_coords,spatial,False,0,0.007384655,-156768.616233883,6780508.50732801
227,1816,Saltuarius swaini,XGBoost_single_no_coords,spatial,False,0,0.011445057,-110619.113371872,6783061.59249324
228,1824,Saltuarius swaini,XGBoost_single_no_coords,spatial,False,0,0.004508913,-108593.63854256,6782767.65906175
229,1832,Saltuarius swaini,XGBoost_single_no_coords,spatial,False,0,0.01695765,-108377.162322395,6782567.34735566
230,1840,Saltuarius swaini,XGBoost_single_no_coords,spatial,False,0,0.013038034,-58637.6336775981,6785100.52209461
231,1848,Saltuarius swaini,XGBoost_single_no_coords,spatial,False,0,0.0298569,-107923.462038802,6781588.26422547
232,1856,Saltuarius swaini,XGBoost_single_no_coords,spatial,False,0,0.017074294,-154268.894705046,6778832.59399199
233,1864,Saltuarius swaini,XGBoost_single_no_coords,spatial,False,0,0.019569028,-151231.119203658,6778380.41797512
234,1872,Saltuarius swaini,XGBoost_single_no_coords,spatial,False,0,0.013063276,-150784.191440288,6777591.42724006
235,1880,Saltuarius swaini,XGBoost_single_no_coords,spatial,False,0,0.010697223,-157053.44484427,6770228.31904544
236,1888,Saltuarius swaini,XGBoost_single_no_coords,spatial,False,0,0.0085386215,-157007.529503806,6769427.67794309
237,1896,Saltuarius swaini,XGBoost_single_no_coords,spatial,False,0,0.020405423,-157601.945479142,6769192.74860327
238,1904,Saltuarius swaini,XGBoost_single_no_coords,spatial,False,0,0.025843076,-42631.6013249115,6774856.7836682
239,1912,Saltuarius swaini,XGBoost_single_no_coords,spatial,False,0,0.03909406,-42808.1790068126,6774247.29778187
240,1920,Saltuarius swaini,XGBoost_single_no_coords,spatial,False,0,0.018054279,-90697.5110841577,6771199.36165782
241,1928,Saltuarius swaini,XGBoost_single_no_coords,spatial,False,0,0.02002797,-89886.5465170286,6771040.60297007
242,1936,Saltuarius swaini,XGBoost_single_no_coords,spatial,False,0,0.031110613,-45884.998116622,6771685.40364584
243,1944,Saltuarius swaini,XGBoost_single_no_coords,spatial,False,0,0.041992854,-45846.3441318398,6770874.56187869
244,1952,Saltuarius swaini,XGBoost_single_no_coords,spatial,False,0,0.03023293,-46208.2545646069,6770055.74332879
245,1960,Saltuarius swaini,XGBoost_single_no_coords,spatial,False,0,0.034949712,-42736.9260770733,6769029.74166907
246,1968,Saltuarius swaini,XGBoost_single_no_coords,spatial,False,0,0.025339449,-42727.4414379179,6768829.81362177
247,1976,Saltuarius swaini,XGBoost_single_no_coords,spatial,False,0,0.025339449,-42717.9562631494,6768629.88557173
248,1984,Saltuarius swaini,XGBoost_single_no_coords,spatial,False,0,0.00820201,-139175.743651501,6763098.07298971
249,1992,Saltuarius swaini,XGBoost_single_no_coords,spatial,False,0,0.007922186,-138923.869162796,6762097.27372678
252,2016,Saltuarius swaini,XGBoost_single_no_coords,spatial,False,0,0.036860965,-43112.7372327422,6764592.40958821
254,2032,Saltuarius swaini,XGBoost_single_no_coords,spatial,False,0,0.025824685,-43678.7671977115,6763752.8151483
255,2040,Saltuarius swaini,XGBoost_single_no_coords,spatial,False,0,0.033220436,-47276.750227819,6763369.40347618
106,841,Cacophis kreftii,XGBoost_multi_no_coords,spatial,False,1,0.26133657,-147293.925634327,6831915.7941736
106,842,Calyptotis scutirostrum,XGBoost_multi_no_coords,spatial,False,1,0.7525947,-147293.925634327,6831915.7941736
106,843,Coeranoscincus reticulatus,XGBoost_multi_no_coords,spatial,False,1,0.5818135,-147293.925634327,6831915.7941736
106,844,Egernia mcpheei,XGBoost_multi_no_coords,spatial,False,0,0.13204259,-147293.925634327,6831915.7941736
106,845,Eulamprus murrayi,XGBoost_multi_no_coords,spatial,False,0,0.03436334,-147293.925634327,6831915.7941736
106,846,Ophioscincus truncatus,XGBoost_multi_no_coords,spatial,False,0,0.22967069,-147293.925634327,6831915.7941736
106,847,Pseudechis porphyricaus,XGBoost_multi_no_coords,spatial,False,0,0.09443123,-147293.925634327,6831915.7941736
106,848,Saltuarius swaini,XGBoost_multi_no_coords,spatial,False,0,0.05053978,-147293.925634327,6831915.7941736
111,881,Cacophis kreftii,XGBoost_multi_no_coords,spatial,False,0,0.25743508,-146869.047423431,6831537.755626
111,882,Calyptotis scutirostrum,XGBoost_multi_no_coords,spatial,False,1,0.77717084,-146869.047423431,6831537.755626
111,883,Coeranoscincus reticulatus,XGBoost_multi_no_coords,spatial,False,0,0.64150274,-146869.047423431,6831537.755626
111,884,Egernia mcpheei,XGBoost_multi_no_coords,spatial,False,1,0.10480593,-146869.047423431,6831537.755626
111,885,Eulamprus murrayi,XGBoost_multi_no_coords,spatial,False,0,0.035477355,-146869.047423431,6831537.755626
111,886,Ophioscincus truncatus,XGBoost_multi_no_coords,spatial,False,0,0.21093406,-146869.047423431,6831537.755626
111,887,Pseudechis porphyricaus,XGBoost_multi_no_coords,spatial,False,0,0.081837215,-146869.047423431,6831537.755626
111,888,Saltuarius swaini,XGBoost_multi_no_coords,spatial,False,0,0.056567322,-146869.047423431,6831537.755626
122,969,Cacophis kreftii,XGBoost_multi_no_coords,spatial,False,0,0.09834038,-121930.447488692,6831783.7962185
122,970,Calyptotis scutirostrum,XGBoost_multi_no_coords,spatial,False,0,0.10485198,-121930.447488692,6831783.7962185
122,971,Coeranoscincus reticulatus,XGBoost_multi_no_coords,spatial,False,1,0.51854783,-121930.447488692,6831783.7962185
122,972,Egernia mcpheei,XGBoost_multi_no_coords,spatial,False,0,0.02077223,-121930.447488692,6831783.7962185
122,973,Eulamprus murrayi,XGBoost_multi_no_coords,spatial,False,0,0.011198478,-121930.447488692,6831783.7962185
122,974,Ophioscincus truncatus,XGBoost_multi_no_coords,spatial,False,1,0.37178308,-121930.447488692,6831783.7962185
122,975,Pseudechis porphyricaus,XGBoost_multi_no_coords,spatial,False,0,0.04157609,-121930.447488692,6831783.7962185
122,976,Saltuarius swaini,XGBoost_multi_no_coords,spatial,False,0,0.03211907,-121930.447488692,6831783.7962185
125,993,Cacophis kreftii,XGBoost_multi_no_coords,spatial,False,0,0.071518496,-119100.196556909,6831521.23488212
125,994,Calyptotis scutirostrum,XGBoost_multi_no_coords,spatial,False,1,0.08546104,-119100.196556909,6831521.23488212
125,995,Coeranoscincus reticulatus,XGBoost_multi_no_coords,spatial,False,0,0.32730806,-119100.196556909,6831521.23488212
125,996,Egernia mcpheei,XGBoost_multi_no_coords,spatial,False,0,0.031207208,-119100.196556909,6831521.23488212
125,997,Eulamprus murrayi,XGBoost_multi_no_coords,spatial,False,0,0.009794965,-119100.196556909,6831521.23488212
125,998,Ophioscincus truncatus,XGBoost_multi_no_coords,spatial,False,0,0.28154665,-119100.196556909,6831521.23488212
125,999,Pseudechis porphyricaus,XGBoost_multi_no_coords,spatial,False,0,0.042262845,-119100.196556909,6831521.23488212
125,1000,Saltuarius swaini,XGBoost_multi_no_coords,spatial,False,0,0.029894864,-119100.196556909,6831521.23488212
126,1001,Cacophis kreftii,XGBoost_multi_no_coords,spatial,False,0,0.057521034,-122301.197680874,6831162.17696098
126,1002,Calyptotis scutirostrum,XGBoost_multi_no_coords,spatial,False,0,0.08074294,-122301.197680874,6831162.17696098
126,1003,Coeranoscincus reticulatus,XGBoost_multi_no_coords,spatial,False,0,0.37169385,-122301.197680874,6831162.17696098
126,1004,Egernia mcpheei,XGBoost_multi_no_coords,spatial,False,1,0.016109366,-122301.197680874,6831162.17696098
126,1005,Eulamprus murrayi,XGBoost_multi_no_coords,spatial,False,0,0.0071904305,-122301.197680874,6831162.17696098
126,1006,Ophioscincus truncatus,XGBoost_multi_no_coords,spatial,False,0,0.24325535,-122301.197680874,6831162.17696098
126,1007,Pseudechis porphyricaus,XGBoost_multi_no_coords,spatial,False,0,0.039544538,-122301.197680874,6831162.17696098
126,1008,Saltuarius swaini,XGBoost_multi_no_coords,spatial,False,0,0.020445183,-122301.197680874,6831162.17696098
127,1009,Cacophis kreftii,XGBoost_multi_no_coords,spatial,False,0,0.1195236,-113069.978206809,6831626.51450922
127,1010,Calyptotis scutirostrum,XGBoost_multi_no_coords,spatial,False,0,0.16534393,-113069.978206809,6831626.51450922
127,1011,Coeranoscincus reticulatus,XGBoost_multi_no_coords,spatial,False,1,0.45663258,-113069.978206809,6831626.51450922
127,1012,Egernia mcpheei,XGBoost_multi_no_coords,spatial,False,0,0.038653594,-113069.978206809,6831626.51450922
127,1013,Eulamprus murrayi,XGBoost_multi_no_coords,spatial,False,0,0.028937647,-113069.978206809,6831626.51450922
127,1014,Ophioscincus truncatus,XGBoost_multi_no_coords,spatial,False,0,0.7018179,-113069.978206809,6831626.51450922
127,1015,Pseudechis porphyricaus,XGBoost_multi_no_coords,spatial,False,0,0.057496224,-113069.978206809,6831626.51450922
127,1016,Saltuarius swaini,XGBoost_multi_no_coords,spatial,False,0,0.07479368,-113069.978206809,6831626.51450922
128,1017,Cacophis kreftii,XGBoost_multi_no_coords,spatial,False,0,0.13120541,-110250.872026258,6831561.92472725
128,1018,Calyptotis scutirostrum,XGBoost_multi_no_coords,spatial,False,0,0.21277162,-110250.872026258,6831561.92472725
128,1019,Coeranoscincus reticulatus,XGBoost_multi_no_coords,spatial,False,0,0.46686053,-110250.872026258,6831561.92472725
128,1020,Egernia mcpheei,XGBoost_multi_no_coords,spatial,False,0,0.04691339,-110250.872026258,6831561.92472725
128,1021,Eulamprus murrayi,XGBoost_multi_no_coords,spatial,False,0,0.061557073,-110250.872026258,6831561.92472725
128,1022,Ophioscincus truncatus,XGBoost_multi_no_coords,spatial,False,0,0.5269662,-110250.872026258,6831561.92472725
128,1023,Pseudechis porphyricaus,XGBoost_multi_no_coords,spatial,False,0,0.06187225,-110250.872026258,6831561.92472725
128,1024,Saltuarius swaini,XGBoost_multi_no_coords,spatial,False,0,0.04943793,-110250.872026258,6831561.92472725
130,1033,Cacophis kreftii,XGBoost_multi_no_coords,spatial,False,0,0.03353458,-112831.744333792,6830836.54025889
130,1034,Calyptotis scutirostrum,XGBoost_multi_no_coords,spatial,False,0,0.04644766,-112831.744333792,6830836.54025889
130,1035,Coeranoscincus reticulatus,XGBoost_multi_no_coords,spatial,False,0,0.16027391,-112831.744333792,6830836.54025889
130,1036,Egernia mcpheei,XGBoost_multi_no_coords,spatial,False,0,0.013500346,-112831.744333792,6830836.54025889
130,1037,Eulamprus murrayi,XGBoost_multi_no_coords,spatial,False,0,0.008036936,-112831.744333792,6830836.54025889
130,1038,Ophioscincus truncatus,XGBoost_multi_no_coords,spatial,False,0,0.25685027,-112831.744333792,6830836.54025889
130,1039,Pseudechis porphyricaus,XGBoost_multi_no_coords,spatial,False,0,0.01672192,-112831.744333792,6830836.54025889
130,1040,Saltuarius swaini,XGBoost_multi_no_coords,spatial,False,0,0.031533137,-112831.744333792,6830836.54025889
132,1049,Cacophis kreftii,XGBoost_multi_no_coords,spatial,False,0,0.07004881,-105801.162580743,6831179.93507326
132,1050,Calyptotis scutirostrum,XGBoost_multi_no_coords,spatial,False,0,0.31443092,-105801.162580743,6831179.93507326
132,1051,Coeranoscincus reticulatus,XGBoost_multi_no_coords,spatial,False,0,0.20505372,-105801.162580743,6831179.93507326
132,1052,Egernia mcpheei,XGBoost_multi_no_coords,spatial,False,0,0.024365174,-105801.162580743,6831179.93507326
132,1053,Eulamprus murrayi,XGBoost_multi_no_coords,spatial,False,0,0.008772343,-105801.162580743,6831179.93507326
132,1054,Ophioscincus truncatus,XGBoost_multi_no_coords,spatial,False,0,0.14515787,-105801.162580743,6831179.93507326
132,1055,Pseudechis porphyricaus,XGBoost_multi_no_coords,spatial,False,0,0.020249529,-105801.162580743,6831179.93507326
132,1056,Saltuarius swaini,XGBoost_multi_no_coords,spatial,False,0,0.020849332,-105801.162580743,6831179.93507326
134,1065,Cacophis kreftii,XGBoost_multi_no_coords,spatial,False,0,0.09036358,-109785.840498241,6830382.55130941
134,1066,Calyptotis scutirostrum,XGBoost_multi_no_coords,spatial,False,0,0.32308576,-109785.840498241,6830382.55130941
134,1067,Coeranoscincus reticulatus,XGBoost_multi_no_coords,spatial,False,0,0.123907,-109785.840498241,6830382.55130941
134,1068,Egernia mcpheei,XGBoost_multi_no_coords,spatial,False,0,0.032489404,-109785.840498241,6830382.55130941
134,1069,Eulamprus murrayi,XGBoost_multi_no_coords,spatial,False,0,0.0132129695,-109785.840498241,6830382.55130941
134,1070,Ophioscincus truncatus,XGBoost_multi_no_coords,spatial,False,0,0.2613006,-109785.840498241,6830382.55130941
134,1071,Pseudechis porphyricaus,XGBoost_multi_no_coords,spatial,False,0,0.02354448,-109785.840498241,6830382.55130941
134,1072,Saltuarius swaini,XGBoost_multi_no_coords,spatial,False,0,0.0275323,-109785.840498241,6830382.55130941
135,1073,Cacophis kreftii,XGBoost_multi_no_coords,spatial,False,0,0.06108108,-60576.6608829403,6831437.80904093
135,1074,Calyptotis scutirostrum,XGBoost_multi_no_coords,spatial,False,0,0.20148568,-60576.6608829403,6831437.80904093
135,1075,Coeranoscincus reticulatus,XGBoost_multi_no_coords,spatial,False,0,0.04540752,-60576.6608829403,6831437.80904093
135,1076,Egernia mcpheei,XGBoost_multi_no_coords,spatial,False,0,0.019327968,-60576.6608829403,6831437.80904093
135,1077,Eulamprus murrayi,XGBoost_multi_no_coords,spatial,False,0,0.009404071,-60576.6608829403,6831437.80904093
135,1078,Ophioscincus truncatus,XGBoost_multi_no_coords,spatial,False,1,0.124234945,-60576.6608829403,6831437.80904093
135,1079,Pseudechis porphyricaus,XGBoost_multi_no_coords,spatial,False,0,0.01571527,-60576.6608829403,6831437.80904093
135,1080,Saltuarius swaini,XGBoost_multi_no_coords,spatial,False,0,0.01646663,-60576.6608829403,6831437.80904093
136,1081,Cacophis kreftii,XGBoost_multi_no_coords,spatial,False,0,0.04758326,-62745.5415882464,6830732.52392328
136,1082,Calyptotis scutirostrum,XGBoost_multi_no_coords,spatial,False,0,0.056147896,-62745.5415882464,6830732.52392328
136,1083,Coeranoscincus reticulatus,XGBoost_multi_no_coords,spatial,False,0,0.04464911,-62745.5415882464,6830732.52392328
136,1084,Egernia mcpheei,XGBoost_multi_no_coords,spatial,False,0,0.009631337,-62745.5415882464,6830732.52392328
136,1085,Eulamprus murrayi,XGBoost_multi_no_coords,spatial,False,0,0.012753098,-62745.5415882464,6830732.52392328
136,1086,Ophioscincus truncatus,XGBoost_multi_no_coords,spatial,False,1,0.08212855,-62745.5415882464,6830732.52392328
136,1087,Pseudechis porphyricaus,XGBoost_multi_no_coords,spatial,False,0,0.0150005175,-62745.5415882464,6830732.52392328
136,1088,Saltuarius swaini,XGBoost_multi_no_coords,spatial,False,0,0.016029697,-62745.5415882464,6830732.52392328
137,1089,Cacophis kreftii,XGBoost_multi_no_coords,spatial,False,0,0.06349327,-59930.1265788042,6830667.09207023
137,1090,Calyptotis scutirostrum,XGBoost_multi_no_coords,spatial,False,0,0.09130854,-59930.1265788042,6830667.09207023
137,1091,Coeranoscincus reticulatus,XGBoost_multi_no_coords,spatial,False,0,0.11949993,-59930.1265788042,6830667.09207023
137,1092,Egernia mcpheei,XGBoost_multi_no_coords,spatial,False,0,0.013711218,-59930.1265788042,6830667.09207023
137,1093,Eulamprus murrayi,XGBoost_multi_no_coords,spatial,False,0,0.01450332,-59930.1265788042,6830667.09207023
137,1094,Ophioscincus truncatus,XGBoost_multi_no_coords,spatial,False,0,0.30541083,-59930.1265788042,6830667.09207023
137,1095,Pseudechis porphyricaus,XGBoost_multi_no_coords,spatial,False,0,0.023251241,-59930.1265788042,6830667.09207023
137,1096,Saltuarius swaini,XGBoost_multi_no_coords,spatial,False,0,0.015039175,-59930.1265788042,6830667.09207023
138,1097,Cacophis kreftii,XGBoost_multi_no_coords,spatial,False,0,0.0077357613,-33656.1895879237,6831782.75910205
138,1098,Calyptotis scutirostrum,XGBoost_multi_no_coords,spatial,False,0,0.025187569,-33656.1895879237,6831782.75910205
138,1099,Coeranoscincus reticulatus,XGBoost_multi_no_coords,spatial,False,0,0.004937943,-33656.1895879237,6831782.75910205
138,1100,Egernia mcpheei,XGBoost_multi_no_coords,spatial,False,0,0.00587639,-33656.1895879237,6831782.75910205
138,1101,Eulamprus murrayi,XGBoost_multi_no_coords,spatial,False,0,0.0025373213,-33656.1895879237,6831782.75910205
138,1102,Ophioscincus truncatus,XGBoost_multi_no_coords,spatial,False,0,0.019606436,-33656.1895879237,6831782.75910205
138,1103,Pseudechis porphyricaus,XGBoost_multi_no_coords,spatial,False,0,0.0046585645,-33656.1895879237,6831782.75910205
138,1104,Saltuarius swaini,XGBoost_multi_no_coords,spatial,False,0,0.013133459,-33656.1895879237,6831782.75910205
139,1105,Cacophis kreftii,XGBoost_multi_no_coords,spatial,False,0,0.123486534,-60097.6324680274,6830057.84195886
139,1106,Calyptotis scutirostrum,XGBoost_multi_no_coords,spatial,False,0,0.4334451,-60097.6324680274,6830057.84195886
139,1107,Coeranoscincus reticulatus,XGBoost_multi_no_coords,spatial,False,0,0.06606771,-60097.6324680274,6830057.84195886
139,1108,Egernia mcpheei,XGBoost_multi_no_coords,spatial,False,0,0.052064236,-60097.6324680274,6830057.84195886
139,1109,Eulamprus murrayi,XGBoost_multi_no_coords,spatial,False,0,0.01664198,-60097.6324680274,6830057.84195886
139,1110,Ophioscincus truncatus,XGBoost_multi_no_coords,spatial,False,1,0.5739247,-60097.6324680274,6830057.84195886
139,1111,Pseudechis porphyricaus,XGBoost_multi_no_coords,spatial,False,0,0.026938526,-60097.6324680274,6830057.84195886
139,1112,Saltuarius swaini,XGBoost_multi_no_coords,spatial,False,0,0.021480657,-60097.6324680274,6830057.84195886
140,1113,Cacophis kreftii,XGBoost_multi_no_coords,spatial,False,0,0.054465424,-59480.1149542754,6829686.55327432
140,1114,Calyptotis scutirostrum,XGBoost_multi_no_coords,spatial,False,0,0.08280998,-59480.1149542754,6829686.55327432
140,1115,Coeranoscincus reticulatus,XGBoost_multi_no_coords,spatial,False,0,0.056368418,-59480.1149542754,6829686.55327432
140,1116,Egernia mcpheei,XGBoost_multi_no_coords,spatial,False,0,0.013174367,-59480.1149542754,6829686.55327432
140,1117,Eulamprus murrayi,XGBoost_multi_no_coords,spatial,False,0,0.008315079,-59480.1149542754,6829686.55327432
140,1118,Ophioscincus truncatus,XGBoost_multi_no_coords,spatial,False,0,0.227222,-59480.1149542754,6829686.55327432
140,1119,Pseudechis porphyricaus,XGBoost_multi_no_coords,spatial,False,0,0.024728997,-59480.1149542754,6829686.55327432
140,1120,Saltuarius swaini,XGBoost_multi_no_coords,spatial,False,0,0.021378145,-59480.1149542754,6829686.55327432
141,1121,Cacophis kreftii,XGBoost_multi_no_coords,spatial,False,0,0.06423264,-59274.1159834863,6829696.39928037
141,1122,Calyptotis scutirostrum,XGBoost_multi_no_coords,spatial,False,0,0.09811023,-59274.1159834863,6829696.39928037
141,1123,Coeranoscincus reticulatus,XGBoost_multi_no_coords,spatial,False,0,0.09383313,-59274.1159834863,6829696.39928037
141,1124,Egernia mcpheei,XGBoost_multi_no_coords,spatial,False,0,0.017990181,-59274.1159834863,6829696.39928037
141,1125,Eulamprus murrayi,XGBoost_multi_no_coords,spatial,False,0,0.0075950366,-59274.1159834863,6829696.39928037
141,1126,Ophioscincus truncatus,XGBoost_multi_no_coords,spatial,False,0,0.18804412,-59274.1159834863,6829696.39928037
141,1127,Pseudechis porphyricaus,XGBoost_multi_no_coords,spatial,False,0,0.021456549,-59274.1159834863,6829696.39928037
141,1128,Saltuarius swaini,XGBoost_multi_no_coords,spatial,False,0,0.016003724,-59274.1159834863,6829696.39928037
142,1129,Cacophis kreftii,XGBoost_multi_no_coords,spatial,False,0,0.12523742,-58470.0105331185,6829534.39062915
142,1130,Calyptotis scutirostrum,XGBoost_multi_no_coords,spatial,False,1,0.35790175,-58470.0105331185,6829534.39062915
142,1131,Coeranoscincus reticulatus,XGBoost_multi_no_coords,spatial,False,0,0.09152131,-58470.0105331185,6829534.39062915
142,1132,Egernia mcpheei,XGBoost_multi_no_coords,spatial,False,0,0.03903468,-58470.0105331185,6829534.39062915
142,1133,Eulamprus murrayi,XGBoost_multi_no_coords,spatial,False,0,0.022599831,-58470.0105331185,6829534.39062915
142,1134,Ophioscincus truncatus,XGBoost_multi_no_coords,spatial,False,0,0.18026328,-58470.0105331185,6829534.39062915
142,1135,Pseudechis porphyricaus,XGBoost_multi_no_coords,spatial,False,0,0.02691146,-58470.0105331185,6829534.39062915
142,1136,Saltuarius swaini,XGBoost_multi_no_coords,spatial,False,0,0.021005597,-58470.0105331185,6829534.39062915
143,1137,Cacophis kreftii,XGBoost_multi_no_coords,spatial,False,0,0.102342375,-58067.8332822076,6829553.57641624
143,1138,Calyptotis scutirostrum,XGBoost_multi_no_coords,spatial,False,1,0.27488357,-58067.8332822076,6829553.57641624
143,1139,Coeranoscincus reticulatus,XGBoost_multi_no_coords,spatial,False,0,0.08941991,-58067.8332822076,6829553.57641624
143,1140,Egernia mcpheei,XGBoost_multi_no_coords,spatial,False,0,0.022311078,-58067.8332822076,6829553.57641624
143,1141,Eulamprus murrayi,XGBoost_multi_no_coords,spatial,False,0,0.020136714,-58067.8332822076,6829553.57641624
143,1142,Ophioscincus truncatus,XGBoost_multi_no_coords,spatial,False,0,0.15175198,-58067.8332822076,6829553.57641624
143,1143,Pseudechis porphyricaus,XGBoost_multi_no_coords,spatial,False,0,0.029043254,-58067.8332822076,6829553.57641624
143,1144,Saltuarius swaini,XGBoost_multi_no_coords,spatial,False,0,0.019898208,-58067.8332822076,6829553.57641624
144,1145,Cacophis kreftii,XGBoost_multi_no_coords,spatial,False,0,0.0036111355,-35003.9025977263,6830519.3124224
144,1146,Calyptotis scutirostrum,XGBoost_multi_no_coords,spatial,False,0,0.0039883573,-35003.9025977263,6830519.3124224
144,1147,Coeranoscincus reticulatus,XGBoost_multi_no_coords,spatial,False,0,0.003881015,-35003.9025977263,6830519.3124224
144,1148,Egernia mcpheei,XGBoost_multi_no_coords,spatial,False,0,0.0022395134,-35003.9025977263,6830519.3124224
144,1149,Eulamprus murrayi,XGBoost_multi_no_coords,spatial,False,0,0.0016261898,-35003.9025977263,6830519.3124224
144,1150,Ophioscincus truncatus,XGBoost_multi_no_coords,spatial,False,0,0.022151675,-35003.9025977263,6830519.3124224
144,1151,Pseudechis porphyricaus,XGBoost_multi_no_coords,spatial,False,0,0.0077204695,-35003.9025977263,6830519.3124224
144,1152,Saltuarius swaini,XGBoost_multi_no_coords,spatial,False,0,0.009330155,-35003.9025977263,6830519.3124224
145,1153,Cacophis kreftii,XGBoost_multi_no_coords,spatial,False,0,0.1175878,-57852.3087704955,6829363.4472621
145,1154,Calyptotis scutirostrum,XGBoost_multi_no_coords,spatial,False,0,0.3286484,-57852.3087704955,6829363.4472621
145,1155,Coeranoscincus reticulatus,XGBoost_multi_no_coords,spatial,False,0,0.09916796,-57852.3087704955,6829363.4472621
145,1156,Egernia mcpheei,XGBoost_multi_no_coords,spatial,False,0,0.029225819,-57852.3087704955,6829363.4472621
145,1157,Eulamprus murrayi,XGBoost_multi_no_coords,spatial,False,0,0.013807462,-57852.3087704955,6829363.4472621
145,1158,Ophioscincus truncatus,XGBoost_multi_no_coords,spatial,False,0,0.28469732,-57852.3087704955,6829363.4472621
145,1159,Pseudechis porphyricaus,XGBoost_multi_no_coords,spatial,False,0,0.02979718,-57852.3087704955,6829363.4472621
145,1160,Saltuarius swaini,XGBoost_multi_no_coords,spatial,False,0,0.023783589,-57852.3087704955,6829363.4472621
146,1161,Cacophis kreftii,XGBoost_multi_no_coords,spatial,False,0,0.0036111355,-34994.2569791634,6830308.29905931
146,1162,Calyptotis scutirostrum,XGBoost_multi_no_coords,spatial,False,0,0.0039883573,-34994.2569791634,6830308.29905931
146,1163,Coeranoscincus reticulatus,XGBoost_multi_no_coords,spatial,False,0,0.003881015,-34994.2569791634,6830308.29905931
146,1164,Egernia mcpheei,XGBoost_multi_no_coords,spatial,False,0,0.0022395134,-34994.2569791634,6830308.29905931
146,1165,Eulamprus murrayi,XGBoost_multi_no_coords,spatial,False,0,0.0016261898,-34994.2569791634,6830308.29905931
146,1166,Ophioscincus truncatus,XGBoost_multi_no_coords,spatial,False,0,0.022151675,-34994.2569791634,6830308.29905931
146,1167,Pseudechis porphyricaus,XGBoost_multi_no_coords,spatial,False,0,0.0077204695,-34994.2569791634,6830308.29905931
146,1168,Saltuarius swaini,XGBoost_multi_no_coords,spatial,False,0,0.009330155,-34994.2569791634,6830308.29905931
147,1169,Cacophis kreftii,XGBoost_multi_no_coords,spatial,False,0,0.17794517,-58647.1030221649,6829125.12230747
147,1170,Calyptotis scutirostrum,XGBoost_multi_no_coords,spatial,False,0,0.4948835,-58647.1030221649,6829125.12230747
147,1171,Coeranoscincus reticulatus,XGBoost_multi_no_coords,spatial,False,0,0.07776969,-58647.1030221649,6829125.12230747
147,1172,Egernia mcpheei,XGBoost_multi_no_coords,spatial,False,0,0.0719085,-58647.1030221649,6829125.12230747
147,1173,Eulamprus murrayi,XGBoost_multi_no_coords,spatial,False,0,0.02343141,-58647.1030221649,6829125.12230747
147,1174,Ophioscincus truncatus,XGBoost_multi_no_coords,spatial,False,1,0.3620323,-58647.1030221649,6829125.12230747
147,1175,Pseudechis porphyricaus,XGBoost_multi_no_coords,spatial,False,0,0.0426269,-58647.1030221649,6829125.12230747
147,1176,Saltuarius swaini,XGBoost_multi_no_coords,spatial,False,0,0.046157923,-58647.1030221649,6829125.12230747
148,1177,Cacophis kreftii,XGBoost_multi_no_coords,spatial,False,0,0.1656446,-59039.7148912014,6828905.9612443
148,1178,Calyptotis scutirostrum,XGBoost_multi_no_coords,spatial,False,1,0.5099199,-59039.7148912014,6828905.9612443
148,1179,Coeranoscincus reticulatus,XGBoost_multi_no_coords,spatial,False,0,0.07793807,-59039.7148912014,6828905.9612443
148,1180,Egernia mcpheei,XGBoost_multi_no_coords,spatial,False,1,0.048015982,-59039.7148912014,6828905.9612443
148,1181,Eulamprus murrayi,XGBoost_multi_no_coords,spatial,False,0,0.020783145,-59039.7148912014,6828905.9612443
148,1182,Ophioscincus truncatus,XGBoost_multi_no_coords,spatial,False,1,0.3694695,-59039.7148912014,6828905.9612443
148,1183,Pseudechis porphyricaus,XGBoost_multi_no_coords,spatial,False,0,0.035671916,-59039.7148912014,6828905.9612443
148,1184,Saltuarius swaini,XGBoost_multi_no_coords,spatial,False,0,0.037678458,-59039.7148912014,6828905.9612443
149,1185,Cacophis kreftii,XGBoost_multi_no_coords,spatial,False,0,0.1775637,-58039.2252902132,6828953.72338296
149,1186,Calyptotis scutirostrum,XGBoost_multi_no_coords,spatial,False,1,0.5239805,-58039.2252902132,6828953.72338296
149,1187,Coeranoscincus reticulatus,XGBoost_multi_no_coords,spatial,False,0,0.08242002,-58039.2252902132,6828953.72338296
149,1188,Egernia mcpheei,XGBoost_multi_no_coords,spatial,False,0,0.065037005,-58039.2252902132,6828953.72338296
149,1189,Eulamprus murrayi,XGBoost_multi_no_coords,spatial,False,0,0.020365827,-58039.2252902132,6828953.72338296
149,1190,Ophioscincus truncatus,XGBoost_multi_no_coords,spatial,False,0,0.37832114,-58039.2252902132,6828953.72338296
149,1191,Pseudechis porphyricaus,XGBoost_multi_no_coords,spatial,False,0,0.04023915,-58039.2252902132,6828953.72338296
149,1192,Saltuarius swaini,XGBoost_multi_no_coords,spatial,False,0,0.04103397,-58039.2252902132,6828953.72338296
150,1193,Cacophis kreftii,XGBoost_multi_no_coords,spatial,False,0,0.0040669497,-34359.3605187094,6829747.4641776
150,1194,Calyptotis scutirostrum,XGBoost_multi_no_coords,spatial,False,0,0.0044709514,-34359.3605187094,6829747.4641776
150,1195,Coeranoscincus reticulatus,XGBoost_multi_no_coords,spatial,False,0,0.0044070035,-34359.3605187094,6829747.4641776
150,1196,Egernia mcpheei,XGBoost_multi_no_coords,spatial,False,0,0.002506635,-34359.3605187094,6829747.4641776
150,1197,Eulamprus murrayi,XGBoost_multi_no_coords,spatial,False,0,0.0015666338,-34359.3605187094,6829747.4641776
150,1198,Ophioscincus truncatus,XGBoost_multi_no_coords,spatial,False,0,0.019334523,-34359.3605187094,6829747.4641776
150,1199,Pseudechis porphyricaus,XGBoost_multi_no_coords,spatial,False,0,0.007868665,-34359.3605187094,6829747.4641776
150,1200,Saltuarius swaini,XGBoost_multi_no_coords,spatial,False,0,0.01080126,-34359.3605187094,6829747.4641776
151,1201,Cacophis kreftii,XGBoost_multi_no_coords,spatial,False,0,0.0036898823,-34751.7720567721,6829518.08321835
151,1202,Calyptotis scutirostrum,XGBoost_multi_no_coords,spatial,False,0,0.004224196,-34751.7720567721,6829518.08321835
151,1203,Coeranoscincus reticulatus,XGBoost_multi_no_coords,spatial,False,0,0.0039985343,-34751.7720567721,6829518.08321835
151,1204,Egernia mcpheei,XGBoost_multi_no_coords,spatial,False,0,0.0022738997,-34751.7720567721,6829518.08321835
151,1205,Eulamprus murrayi,XGBoost_multi_no_coords,spatial,False,0,0.0014210525,-34751.7720567721,6829518.08321835
151,1206,Ophioscincus truncatus,XGBoost_multi_no_coords,spatial,False,0,0.017824939,-34751.7720567721,6829518.08321835
151,1207,Pseudechis porphyricaus,XGBoost_multi_no_coords,spatial,False,0,0.006923039,-34751.7720567721,6829518.08321835
151,1208,Saltuarius swaini,XGBoost_multi_no_coords,spatial,False,0,0.009172543,-34751.7720567721,6829518.08321835
152,1209,Cacophis kreftii,XGBoost_multi_no_coords,spatial,False,0,0.005205238,-34733.497415081,6829118.26913623
152,1210,Calyptotis scutirostrum,XGBoost_multi_no_coords,spatial,False,0,0.0069510425,-34733.497415081,6829118.26913623
152,1211,Coeranoscincus reticulatus,XGBoost_multi_no_coords,spatial,False,0,0.0054084826,-34733.497415081,6829118.26913623
152,1212,Egernia mcpheei,XGBoost_multi_no_coords,spatial,False,0,0.0031761697,-34733.497415081,6829118.26913623
152,1213,Eulamprus murrayi,XGBoost_multi_no_coords,spatial,False,0,0.0020739234,-34733.497415081,6829118.26913623
152,1214,Ophioscincus truncatus,XGBoost_multi_no_coords,spatial,False,0,0.030739984,-34733.497415081,6829118.26913623
152,1215,Pseudechis porphyricaus,XGBoost_multi_no_coords,spatial,False,0,0.005336241,-34733.497415081,6829118.26913623
152,1216,Saltuarius swaini,XGBoost_multi_no_coords,spatial,False,0,0.012409121,-34733.497415081,6829118.26913623
153,1217,Cacophis kreftii,XGBoost_multi_no_coords,spatial,False,0,0.06326845,-56158.084536112,6827640.49763384
153,1218,Calyptotis scutirostrum,XGBoost_multi_no_coords,spatial,False,1,0.1692414,-56158.084536112,6827640.49763384
153,1219,Coeranoscincus reticulatus,XGBoost_multi_no_coords,spatial,False,0,0.070885606,-56158.084536112,6827640.49763384
153,1220,Egernia mcpheei,XGBoost_multi_no_coords,spatial,False,0,0.054959763,-56158.084536112,6827640.49763384
153,1221,Eulamprus murrayi,XGBoost_multi_no_coords,spatial,False,0,0.018535705,-56158.084536112,6827640.49763384
153,1222,Ophioscincus truncatus,XGBoost_multi_no_coords,spatial,False,1,0.55061144,-56158.084536112,6827640.49763384
153,1223,Pseudechis porphyricaus,XGBoost_multi_no_coords,spatial,False,0,0.028672757,-56158.084536112,6827640.49763384
153,1224,Saltuarius swaini,XGBoost_multi_no_coords,spatial,False,0,0.038051907,-56158.084536112,6827640.49763384
154,1225,Cacophis kreftii,XGBoost_multi_no_coords,spatial,False,0,0.0145524815,-56718.2495163478,6826812.23539331
154,1226,Calyptotis scutirostrum,XGBoost_multi_no_coords,spatial,False,0,0.03309485,-56718.2495163478,6826812.23539331
154,1227,Coeranoscincus reticulatus,XGBoost_multi_no_coords,spatial,False,0,0.010789808,-56718.2495163478,6826812.23539331
154,1228,Egernia mcpheei,XGBoost_multi_no_coords,spatial,False,0,0.010019325,-56718.2495163478,6826812.23539331
154,1229,Eulamprus murrayi,XGBoost_multi_no_coords,spatial,False,0,0.0045538195,-56718.2495163478,6826812.23539331
154,1230,Ophioscincus truncatus,XGBoost_multi_no_coords,spatial,False,1,0.118625216,-56718.2495163478,6826812.23539331
154,1231,Pseudechis porphyricaus,XGBoost_multi_no_coords,spatial,False,0,0.0067126043,-56718.2495163478,6826812.23539331
154,1232,Saltuarius swaini,XGBoost_multi_no_coords,spatial,False,0,0.0123712765,-56718.2495163478,6826812.23539331
155,1233,Cacophis kreftii,XGBoost_multi_no_coords,spatial,False,0,0.05145762,-59120.6295586857,6826486.03756181
155,1234,Calyptotis scutirostrum,XGBoost_multi_no_coords,spatial,False,0,0.11946526,-59120.6295586857,6826486.03756181
155,1235,Coeranoscincus reticulatus,XGBoost_multi_no_coords,spatial,False,0,0.05875013,-59120.6295586857,6826486.03756181
155,1236,Egernia mcpheei,XGBoost_multi_no_coords,spatial,False,0,0.031419113,-59120.6295586857,6826486.03756181
155,1237,Eulamprus murrayi,XGBoost_multi_no_coords,spatial,False,0,0.019715548,-59120.6295586857,6826486.03756181
155,1238,Ophioscincus truncatus,XGBoost_multi_no_coords,spatial,False,0,0.7160099,-59120.6295586857,6826486.03756181
155,1239,Pseudechis porphyricaus,XGBoost_multi_no_coords,spatial,False,0,0.026623132,-59120.6295586857,6826486.03756181
155,1240,Saltuarius swaini,XGBoost_multi_no_coords,spatial,False,0,0.03545739,-59120.6295586857,6826486.03756181
156,1241,Cacophis kreftii,XGBoost_multi_no_coords,spatial,False,0,0.018574769,-57101.2660895063,6826393.18209589
156,1242,Calyptotis scutirostrum,XGBoost_multi_no_coords,spatial,False,1,0.027918143,-57101.2660895063,6826393.18209589
156,1243,Coeranoscincus reticulatus,XGBoost_multi_no_coords,spatial,False,0,0.02186499,-57101.2660895063,6826393.18209589
156,1244,Egernia mcpheei,XGBoost_multi_no_coords,spatial,False,0,0.012510312,-57101.2660895063,6826393.18209589
156,1245,Eulamprus murrayi,XGBoost_multi_no_coords,spatial,False,0,0.0047326526,-57101.2660895063,6826393.18209589
156,1246,Ophioscincus truncatus,XGBoost_multi_no_coords,spatial,False,0,0.2192174,-57101.2660895063,6826393.18209589
156,1247,Pseudechis porphyricaus,XGBoost_multi_no_coords,spatial,False,0,0.010262328,-57101.2660895063,6826393.18209589
156,1248,Saltuarius swaini,XGBoost_multi_no_coords,spatial,False,0,0.023692174,-57101.2660895063,6826393.18209589
157,1249,Cacophis kreftii,XGBoost_multi_no_coords,spatial,False,0,0.08989614,-57287.8605910979,6826183.88283365
157,1250,Calyptotis scutirostrum,XGBoost_multi_no_coords,spatial,False,1,0.20936508,-57287.8605910979,6826183.88283365
157,1251,Coeranoscincus reticulatus,XGBoost_multi_no_coords,spatial,False,0,0.11590058,-57287.8605910979,6826183.88283365
157,1252,Egernia mcpheei,XGBoost_multi_no_coords,spatial,False,0,0.08474658,-57287.8605910979,6826183.88283365
157,1253,Eulamprus murrayi,XGBoost_multi_no_coords,spatial,False,0,0.035819944,-57287.8605910979,6826183.88283365
157,1254,Ophioscincus truncatus,XGBoost_multi_no_coords,spatial,False,0,0.61017525,-57287.8605910979,6826183.88283365
157,1255,Pseudechis porphyricaus,XGBoost_multi_no_coords,spatial,False,0,0.039632577,-57287.8605910979,6826183.88283365
157,1256,Saltuarius swaini,XGBoost_multi_no_coords,spatial,False,0,0.06641875,-57287.8605910979,6826183.88283365
158,1257,Cacophis kreftii,XGBoost_multi_no_coords,spatial,False,0,0.061517145,-57091.7358988385,6826193.23264818
158,1258,Calyptotis scutirostrum,XGBoost_multi_no_coords,spatial,False,0,0.17521518,-57091.7358988385,6826193.23264818
158,1259,Coeranoscincus reticulatus,XGBoost_multi_no_coords,spatial,False,0,0.08083226,-57091.7358988385,6826193.23264818
158,1260,Egernia mcpheei,XGBoost_multi_no_coords,spatial,False,0,0.05438649,-57091.7358988385,6826193.23264818
158,1261,Eulamprus murrayi,XGBoost_multi_no_coords,spatial,False,0,0.01793682,-57091.7358988385,6826193.23264818
158,1262,Ophioscincus truncatus,XGBoost_multi_no_coords,spatial,False,1,0.56511205,-57091.7358988385,6826193.23264818
158,1263,Pseudechis porphyricaus,XGBoost_multi_no_coords,spatial,False,0,0.027593188,-57091.7358988385,6826193.23264818
158,1264,Saltuarius swaini,XGBoost_multi_no_coords,spatial,False,0,0.044947863,-57091.7358988385,6826193.23264818
159,1265,Cacophis kreftii,XGBoost_multi_no_coords,spatial,False,0,0.095338404,-57278.3264609204,6825983.9330077
159,1266,Calyptotis scutirostrum,XGBoost_multi_no_coords,spatial,False,0,0.18193306,-57278.3264609204,6825983.9330077
159,1267,Coeranoscincus reticulatus,XGBoost_multi_no_coords,spatial,False,0,0.122704975,-57278.3264609204,6825983.9330077
159,1268,Egernia mcpheei,XGBoost_multi_no_coords,spatial,False,0,0.08990788,-57278.3264609204,6825983.9330077
159,1269,Eulamprus murrayi,XGBoost_multi_no_coords,spatial,False,0,0.038125604,-57278.3264609204,6825983.9330077
159,1270,Ophioscincus truncatus,XGBoost_multi_no_coords,spatial,False,1,0.6045411,-57278.3264609204,6825983.9330077
159,1271,Pseudechis porphyricaus,XGBoost_multi_no_coords,spatial,False,0,0.042172916,-57278.3264609204,6825983.9330077
159,1272,Saltuarius swaini,XGBoost_multi_no_coords,spatial,False,0,0.07038313,-57278.3264609204,6825983.9330077
160,1273,Cacophis kreftii,XGBoost_multi_no_coords,spatial,False,0,0.04460566,-57082.2051583753,6825993.28319997
160,1274,Calyptotis scutirostrum,XGBoost_multi_no_coords,spatial,False,1,0.110985614,-57082.2051583753,6825993.28319997
160,1275,Coeranoscincus reticulatus,XGBoost_multi_no_coords,spatial,False,0,0.050594334,-57082.2051583753,6825993.28319997
160,1276,Egernia mcpheei,XGBoost_multi_no_coords,spatial,False,0,0.039847795,-57082.2051583753,6825993.28319997
160,1277,Eulamprus murrayi,XGBoost_multi_no_coords,spatial,False,0,0.0109815765,-57082.2051583753,6825993.28319997
160,1278,Ophioscincus truncatus,XGBoost_multi_no_coords,spatial,False,0,0.35743037,-57082.2051583753,6825993.28319997
160,1279,Pseudechis porphyricaus,XGBoost_multi_no_coords,spatial,False,0,0.020715822,-57082.2051583753,6825993.28319997
160,1280,Saltuarius swaini,XGBoost_multi_no_coords,spatial,False,0,0.030321917,-57082.2051583753,6825993.28319997
161,1281,Cacophis kreftii,XGBoost_multi_no_coords,spatial,False,0,0.04458669,-57053.0800449767,6825382.32654951
161,1282,Calyptotis scutirostrum,XGBoost_multi_no_coords,spatial,False,0,0.14004585,-57053.0800449767,6825382.32654951
161,1283,Coeranoscincus reticulatus,XGBoost_multi_no_coords,spatial,False,0,0.04579522,-57053.0800449767,6825382.32654951
161,1284,Egernia mcpheei,XGBoost_multi_no_coords,spatial,False,0,0.03983076,-57053.0800449767,6825382.32654951
161,1285,Eulamprus murrayi,XGBoost_multi_no_coords,spatial,False,0,0.010501298,-57053.0800449767,6825382.32654951
161,1286,Ophioscincus truncatus,XGBoost_multi_no_coords,spatial,False,1,0.37846592,-57053.0800449767,6825382.32654951
161,1287,Pseudechis porphyricaus,XGBoost_multi_no_coords,spatial,False,0,0.02070679,-57053.0800449767,6825382.32654951
161,1288,Saltuarius swaini,XGBoost_multi_no_coords,spatial,False,0,0.03358689,-57053.0800449767,6825382.32654951
162,1289,Cacophis kreftii,XGBoost_multi_no_coords,spatial,False,0,0.04085263,-57436.0274871426,6824963.25226147
162,1290,Calyptotis scutirostrum,XGBoost_multi_no_coords,spatial,False,0,0.089782715,-57436.0274871426,6824963.25226147
162,1291,Coeranoscincus reticulatus,XGBoost_multi_no_coords,spatial,False,0,0.038440943,-57436.0274871426,6824963.25226147
162,1292,Egernia mcpheei,XGBoost_multi_no_coords,spatial,False,0,0.028109401,-57436.0274871426,6824963.25226147
162,1293,Eulamprus murrayi,XGBoost_multi_no_coords,spatial,False,0,0.0114829475,-57436.0274871426,6824963.25226147
162,1294,Ophioscincus truncatus,XGBoost_multi_no_coords,spatial,False,1,0.44742966,-57436.0274871426,6824963.25226147
162,1295,Pseudechis porphyricaus,XGBoost_multi_no_coords,spatial,False,0,0.020143837,-57436.0274871426,6824963.25226147
162,1296,Saltuarius swaini,XGBoost_multi_no_coords,spatial,False,0,0.03588468,-57436.0274871426,6824963.25226147
163,1297,Cacophis kreftii,XGBoost_multi_no_coords,spatial,False,0,0.068967804,-118090.3420558,6819503.16714623
163,1298,Calyptotis scutirostrum,XGBoost_multi_no_coords,spatial,False,0,0.08018942,-118090.3420558,6819503.16714623
163,1299,Coeranoscincus reticulatus,XGBoost_multi_no_coords,spatial,False,1,0.2487252,-118090.3420558,6819503.16714623
163,1300,Egernia mcpheei,XGBoost_multi_no_coords,spatial,False,0,0.021806058,-118090.3420558,6819503.16714623
163,1301,Eulamprus murrayi,XGBoost_multi_no_coords,spatial,False,0,0.00896738,-118090.3420558,6819503.16714623
163,1302,Ophioscincus truncatus,XGBoost_multi_no_coords,spatial,False,0,0.38120034,-118090.3420558,6819503.16714623
163,1303,Pseudechis porphyricaus,XGBoost_multi_no_coords,spatial,False,0,0.048057217,-118090.3420558,6819503.16714623
163,1304,Saltuarius swaini,XGBoost_multi_no_coords,spatial,False,0,0.0321767,-118090.3420558,6819503.16714623
164,1305,Cacophis kreftii,XGBoost_multi_no_coords,spatial,False,0,0.004597513,-31234.0531967666,6823468.59821031
164,1306,Calyptotis scutirostrum,XGBoost_multi_no_coords,spatial,False,0,0.0050593694,-31234.0531967666,6823468.59821031
164,1307,Coeranoscincus reticulatus,XGBoost_multi_no_coords,spatial,False,0,0.004981712,-31234.0531967666,6823468.59821031
164,1308,Egernia mcpheei,XGBoost_multi_no_coords,spatial,False,0,0.002799988,-31234.0531967666,6823468.59821031
164,1309,Eulamprus murrayi,XGBoost_multi_no_coords,spatial,False,0,0.0016773774,-31234.0531967666,6823468.59821031
164,1310,Ophioscincus truncatus,XGBoost_multi_no_coords,spatial,False,0,0.02151051,-31234.0531967666,6823468.59821031
164,1311,Pseudechis porphyricaus,XGBoost_multi_no_coords,spatial,False,0,0.008890755,-31234.0531967666,6823468.59821031
164,1312,Saltuarius swaini,XGBoost_multi_no_coords,spatial,False,0,0.0116032995,-31234.0531967666,6823468.59821031
165,1313,Cacophis kreftii,XGBoost_multi_no_coords,spatial,False,0,0.09498417,-116199.528148125,6817786.39841097
165,1314,Calyptotis scutirostrum,XGBoost_multi_no_coords,spatial,False,0,0.19426005,-116199.528148125,6817786.39841097
165,1315,Coeranoscincus reticulatus,XGBoost_multi_no_coords,spatial,False,0,0.39075744,-116199.528148125,6817786.39841097
165,1316,Egernia mcpheei,XGBoost_multi_no_coords,spatial,False,0,0.02314209,-116199.528148125,6817786.39841097
165,1317,Eulamprus murrayi,XGBoost_multi_no_coords,spatial,False,0,0.01805042,-116199.528148125,6817786.39841097
165,1318,Ophioscincus truncatus,XGBoost_multi_no_coords,spatial,False,0,0.47423756,-116199.528148125,6817786.39841097
165,1319,Pseudechis porphyricaus,XGBoost_multi_no_coords,spatial,False,0,0.042223014,-116199.528148125,6817786.39841097
165,1320,Saltuarius swaini,XGBoost_multi_no_coords,spatial,False,0,0.036130667,-116199.528148125,6817786.39841097
166,1321,Cacophis kreftii,XGBoost_multi_no_coords,spatial,False,0,0.079424456,-115961.85299911,6817197.07567746
166,1322,Calyptotis scutirostrum,XGBoost_multi_no_coords,spatial,False,1,0.17582205,-115961.85299911,6817197.07567746
166,1323,Coeranoscincus reticulatus,XGBoost_multi_no_coords,spatial,False,0,0.3226624,-115961.85299911,6817197.07567746
166,1324,Egernia mcpheei,XGBoost_multi_no_coords,spatial,False,0,0.02072362,-115961.85299911,6817197.07567746
166,1325,Eulamprus murrayi,XGBoost_multi_no_coords,spatial,False,0,0.00971108,-115961.85299911,6817197.07567746
166,1326,Ophioscincus truncatus,XGBoost_multi_no_coords,spatial,False,0,0.22878438,-115961.85299911,6817197.07567746
166,1327,Pseudechis porphyricaus,XGBoost_multi_no_coords,spatial,False,0,0.081559695,-115961.85299911,6817197.07567746
166,1328,Saltuarius swaini,XGBoost_multi_no_coords,spatial,False,0,0.018413924,-115961.85299911,6817197.07567746
167,1329,Cacophis kreftii,XGBoost_multi_no_coords,spatial,False,0,0.06803521,-115156.930903262,6817038.96223258
167,1330,Calyptotis scutirostrum,XGBoost_multi_no_coords,spatial,False,0,0.08547729,-115156.930903262,6817038.96223258
167,1331,Coeranoscincus reticulatus,XGBoost_multi_no_coords,spatial,False,0,0.17499714,-115156.930903262,6817038.96223258
167,1332,Egernia mcpheei,XGBoost_multi_no_coords,spatial,False,0,0.024637312,-115156.930903262,6817038.96223258
167,1333,Eulamprus murrayi,XGBoost_multi_no_coords,spatial,False,0,0.0150401,-115156.930903262,6817038.96223258
167,1334,Ophioscincus truncatus,XGBoost_multi_no_coords,spatial,False,0,0.4832903,-115156.930903262,6817038.96223258
167,1335,Pseudechis porphyricaus,XGBoost_multi_no_coords,spatial,False,0,0.049955964,-115156.930903262,6817038.96223258
167,1336,Saltuarius swaini,XGBoost_multi_no_coords,spatial,False,0,0.031374685,-115156.930903262,6817038.96223258
168,1337,Cacophis kreftii,XGBoost_multi_no_coords,spatial,False,0,0.122717254,-114320.555073989,6816470.06822849
168,1338,Calyptotis scutirostrum,XGBoost_multi_no_coords,spatial,False,0,0.30926237,-114320.555073989,6816470.06822849
168,1339,Coeranoscincus reticulatus,XGBoost_multi_no_coords,spatial,False,0,0.18468978,-114320.555073989,6816470.06822849
168,1340,Egernia mcpheei,XGBoost_multi_no_coords,spatial,False,0,0.076330505,-114320.555073989,6816470.06822849
168,1341,Eulamprus murrayi,XGBoost_multi_no_coords,spatial,False,0,0.022751464,-114320.555073989,6816470.06822849
168,1342,Ophioscincus truncatus,XGBoost_multi_no_coords,spatial,False,0,0.36773276,-114320.555073989,6816470.06822849
168,1343,Pseudechis porphyricaus,XGBoost_multi_no_coords,spatial,False,0,0.044523124,-114320.555073989,6816470.06822849
168,1344,Saltuarius swaini,XGBoost_multi_no_coords,spatial,False,0,0.052427836,-114320.555073989,6816470.06822849
169,1345,Cacophis kreftii,XGBoost_multi_no_coords,spatial,False,0,0.004623552,-108876.433782581,6816343.47520397
169,1346,Calyptotis scutirostrum,XGBoost_multi_no_coords,spatial,False,0,0.004966933,-108876.433782581,6816343.47520397
169,1347,Coeranoscincus reticulatus,XGBoost_multi_no_coords,spatial,False,0,0.015936926,-108876.433782581,6816343.47520397
169,1348,Egernia mcpheei,XGBoost_multi_no_coords,spatial,False,0,0.0037034878,-108876.433782581,6816343.47520397
169,1349,Eulamprus murrayi,XGBoost_multi_no_coords,spatial,False,0,0.0015535281,-108876.433782581,6816343.47520397
169,1350,Ophioscincus truncatus,XGBoost_multi_no_coords,spatial,False,0,0.00868746,-108876.433782581,6816343.47520397
169,1351,Pseudechis porphyricaus,XGBoost_multi_no_coords,spatial,False,0,0.004392138,-108876.433782581,6816343.47520397
169,1352,Saltuarius swaini,XGBoost_multi_no_coords,spatial,False,0,0.009436904,-108876.433782581,6816343.47520397
170,1353,Cacophis kreftii,XGBoost_multi_no_coords,spatial,False,0,0.0053149723,-109030.042605492,6815332.43919622
170,1354,Calyptotis scutirostrum,XGBoost_multi_no_coords,spatial,False,0,0.0059716906,-109030.042605492,6815332.43919622
170,1355,Coeranoscincus reticulatus,XGBoost_multi_no_coords,spatial,False,1,0.016026823,-109030.042605492,6815332.43919622
170,1356,Egernia mcpheei,XGBoost_multi_no_coords,spatial,False,0,0.0036060591,-109030.042605492,6815332.43919622
170,1357,Eulamprus murrayi,XGBoost_multi_no_coords,spatial,False,0,0.001779549,-109030.042605492,6815332.43919622
170,1358,Ophioscincus truncatus,XGBoost_multi_no_coords,spatial,False,0,0.015100388,-109030.042605492,6815332.43919622
170,1359,Pseudechis porphyricaus,XGBoost_multi_no_coords,spatial,False,0,0.004119461,-109030.042605492,6815332.43919622
170,1360,Saltuarius swaini,XGBoost_multi_no_coords,spatial,False,0,0.007312605,-109030.042605492,6815332.43919622
171,1361,Cacophis kreftii,XGBoost_multi_no_coords,spatial,False,0,0.0045775585,-27097.7448967228,6813229.19629307
171,1362,Calyptotis scutirostrum,XGBoost_multi_no_coords,spatial,False,0,0.005037418,-27097.7448967228,6813229.19629307
171,1363,Coeranoscincus reticulatus,XGBoost_multi_no_coords,spatial,False,0,0.0049600936,-27097.7448967228,6813229.19629307
171,1364,Egernia mcpheei,XGBoost_multi_no_coords,spatial,False,0,0.002787811,-27097.7448967228,6813229.19629307
171,1365,Eulamprus murrayi,XGBoost_multi_no_coords,spatial,False,0,0.0016410936,-27097.7448967228,6813229.19629307
171,1366,Ophioscincus truncatus,XGBoost_multi_no_coords,spatial,False,0,0.024640199,-27097.7448967228,6813229.19629307
171,1367,Pseudechis porphyricaus,XGBoost_multi_no_coords,spatial,False,0,0.008581817,-27097.7448967228,6813229.19629307
171,1368,Saltuarius swaini,XGBoost_multi_no_coords,spatial,False,0,0.011364141,-27097.7448967228,6813229.19629307
172,1369,Cacophis kreftii,XGBoost_multi_no_coords,spatial,False,0,0.04221187,-148834.228828815,6806479.17622519
172,1370,Calyptotis scutirostrum,XGBoost_multi_no_coords,spatial,False,0,0.08806903,-148834.228828815,6806479.17622519
172,1371,Coeranoscincus reticulatus,XGBoost_multi_no_coords,spatial,False,0,0.52525806,-148834.228828815,6806479.17622519
172,1372,Egernia mcpheei,XGBoost_multi_no_coords,spatial,False,0,0.0139401015,-148834.228828815,6806479.17622519
172,1373,Eulamprus murrayi,XGBoost_multi_no_coords,spatial,False,0,0.018234732,-148834.228828815,6806479.17622519
172,1374,Ophioscincus truncatus,XGBoost_multi_no_coords,spatial,False,0,0.08572651,-148834.228828815,6806479.17622519
172,1375,Pseudechis porphyricaus,XGBoost_multi_no_coords,spatial,False,0,0.027287398,-148834.228828815,6806479.17622519
172,1376,Saltuarius swaini,XGBoost_multi_no_coords,spatial,False,0,0.015348065,-148834.228828815,6806479.17622519
173,1377,Cacophis kreftii,XGBoost_multi_no_coords,spatial,False,0,0.0039035492,-26864.9515665186,6812638.8314962
173,1378,Calyptotis scutirostrum,XGBoost_multi_no_coords,spatial,False,0,0.004272896,-26864.9515665186,6812638.8314962
173,1379,Coeranoscincus reticulatus,XGBoost_multi_no_coords,spatial,False,0,0.005413394,-26864.9515665186,6812638.8314962
173,1380,Egernia mcpheei,XGBoost_multi_no_coords,spatial,False,0,0.0023699787,-26864.9515665186,6812638.8314962
173,1381,Eulamprus murrayi,XGBoost_multi_no_coords,spatial,False,0,0.0020937726,-26864.9515665186,6812638.8314962
173,1382,Ophioscincus truncatus,XGBoost_multi_no_coords,spatial,False,0,0.030291604,-26864.9515665186,6812638.8314962
173,1383,Pseudechis porphyricaus,XGBoost_multi_no_coords,spatial,False,0,0.0037064673,-26864.9515665186,6812638.8314962
173,1384,Saltuarius swaini,XGBoost_multi_no_coords,spatial,False,0,0.0096270675,-26864.9515665186,6812638.8314962
174,1385,Cacophis kreftii,XGBoost_multi_no_coords,spatial,False,0,0.008815516,-144171.518832433,6805913.46294023
174,1386,Calyptotis scutirostrum,XGBoost_multi_no_coords,spatial,False,0,0.022663077,-144171.518832433,6805913.46294023
174,1387,Coeranoscincus reticulatus,XGBoost_multi_no_coords,spatial,False,0,0.099266045,-144171.518832433,6805913.46294023
174,1388,Egernia mcpheei,XGBoost_multi_no_coords,spatial,False,0,0.004813525,-144171.518832433,6805913.46294023
174,1389,Eulamprus murrayi,XGBoost_multi_no_coords,spatial,False,0,0.0038339568,-144171.518832433,6805913.46294023
174,1390,Ophioscincus truncatus,XGBoost_multi_no_coords,spatial,False,0,0.016434982,-144171.518832433,6805913.46294023
174,1391,Pseudechis porphyricaus,XGBoost_multi_no_coords,spatial,False,0,0.0064350776,-144171.518832433,6805913.46294023
174,1392,Saltuarius swaini,XGBoost_multi_no_coords,spatial,False,0,0.009897643,-144171.518832433,6805913.46294023
175,1393,Cacophis kreftii,XGBoost_multi_no_coords,spatial,False,0,0.0062123337,-26614.0603685924,6811648.67695057
175,1394,Calyptotis scutirostrum,XGBoost_multi_no_coords,spatial,False,1,0.0075763767,-26614.0603685924,6811648.67695057
175,1395,Coeranoscincus reticulatus,XGBoost_multi_no_coords,spatial,False,0,0.0079824645,-26614.0603685924,6811648.67695057
175,1396,Egernia mcpheei,XGBoost_multi_no_coords,spatial,False,0,0.0048356866,-26614.0603685924,6811648.67695057
175,1397,Eulamprus murrayi,XGBoost_multi_no_coords,spatial,False,0,0.0020687527,-26614.0603685924,6811648.67695057
175,1398,Ophioscincus truncatus,XGBoost_multi_no_coords,spatial,False,0,0.03677167,-26614.0603685924,6811648.67695057
175,1399,Pseudechis porphyricaus,XGBoost_multi_no_coords,spatial,False,0,0.0039041669,-26614.0603685924,6811648.67695057
175,1400,Saltuarius swaini,XGBoost_multi_no_coords,spatial,False,0,0.013061801,-26614.0603685924,6811648.67695057
176,1401,Cacophis kreftii,XGBoost_multi_no_coords,spatial,False,0,0.009770428,-146353.923264982,6805201.04834351
176,1402,Calyptotis scutirostrum,XGBoost_multi_no_coords,spatial,False,0,0.01949416,-146353.923264982,6805201.04834351
176,1403,Coeranoscincus reticulatus,XGBoost_multi_no_coords,spatial,False,0,0.11203755,-146353.923264982,6805201.04834351
176,1404,Egernia mcpheei,XGBoost_multi_no_coords,spatial,False,0,0.0051722093,-146353.923264982,6805201.04834351
176,1405,Eulamprus murrayi,XGBoost_multi_no_coords,spatial,False,0,0.005629424,-146353.923264982,6805201.04834351
176,1406,Ophioscincus truncatus,XGBoost_multi_no_coords,spatial,False,0,0.03574235,-146353.923264982,6805201.04834351
176,1407,Pseudechis porphyricaus,XGBoost_multi_no_coords,spatial,False,0,0.006919132,-146353.923264982,6805201.04834351
176,1408,Saltuarius swaini,XGBoost_multi_no_coords,spatial,False,0,0.008946267,-146353.923264982,6805201.04834351
177,1409,Cacophis kreftii,XGBoost_multi_no_coords,spatial,False,0,0.0076255067,-26577.824176917,6810849.10035356
177,1410,Calyptotis scutirostrum,XGBoost_multi_no_coords,spatial,False,0,0.008870856,-26577.824176917,6810849.10035356
177,1411,Coeranoscincus reticulatus,XGBoost_multi_no_coords,spatial,False,0,0.008829831,-26577.824176917,6810849.10035356
177,1412,Egernia mcpheei,XGBoost_multi_no_coords,spatial,False,0,0.006282958,-26577.824176917,6810849.10035356
177,1413,Eulamprus murrayi,XGBoost_multi_no_coords,spatial,False,0,0.0023925116,-26577.824176917,6810849.10035356
177,1414,Ophioscincus truncatus,XGBoost_multi_no_coords,spatial,False,0,0.025143877,-26577.824176917,6810849.10035356
177,1415,Pseudechis porphyricaus,XGBoost_multi_no_coords,spatial,False,0,0.004760375,-26577.824176917,6810849.10035356
177,1416,Saltuarius swaini,XGBoost_multi_no_coords,spatial,False,0,0.015742324,-26577.824176917,6810849.10035356
178,1417,Cacophis kreftii,XGBoost_multi_no_coords,spatial,False,0,0.087592974,-152179.201074767,6801082.64226836
178,1418,Calyptotis scutirostrum,XGBoost_multi_no_coords,spatial,False,0,0.16769905,-152179.201074767,6801082.64226836
178,1419,Coeranoscincus reticulatus,XGBoost_multi_no_coords,spatial,False,1,0.5890409,-152179.201074767,6801082.64226836
178,1420,Egernia mcpheei,XGBoost_multi_no_coords,spatial,False,0,0.030591445,-152179.201074767,6801082.64226836
178,1421,Eulamprus murrayi,XGBoost_multi_no_coords,spatial,False,0,0.04139048,-152179.201074767,6801082.64226836
178,1422,Ophioscincus truncatus,XGBoost_multi_no_coords,spatial,False,0,0.37158343,-152179.201074767,6801082.64226836
178,1423,Pseudechis porphyricaus,XGBoost_multi_no_coords,spatial,False,0,0.049520917,-152179.201074767,6801082.64226836
178,1424,Saltuarius swaini,XGBoost_multi_no_coords,spatial,False,0,0.032168113,-152179.201074767,6801082.64226836
179,1425,Cacophis kreftii,XGBoost_multi_no_coords,spatial,False,0,0.10044369,-158380.85988069,6800363.84186606
179,1426,Calyptotis scutirostrum,XGBoost_multi_no_coords,spatial,False,0,0.11773968,-158380.85988069,6800363.84186606
179,1427,Coeranoscincus reticulatus,XGBoost_multi_no_coords,spatial,False,1,0.59164417,-158380.85988069,6800363.84186606
179,1428,Egernia mcpheei,XGBoost_multi_no_coords,spatial,False,0,0.021454036,-158380.85988069,6800363.84186606
179,1429,Eulamprus murrayi,XGBoost_multi_no_coords,spatial,False,0,0.043780137,-158380.85988069,6800363.84186606
179,1430,Ophioscincus truncatus,XGBoost_multi_no_coords,spatial,False,0,0.2413374,-158380.85988069,6800363.84186606
179,1431,Pseudechis porphyricaus,XGBoost_multi_no_coords,spatial,False,0,0.07227458,-158380.85988069,6800363.84186606
179,1432,Saltuarius swaini,XGBoost_multi_no_coords,spatial,False,0,0.02480771,-158380.85988069,6800363.84186606
180,1433,Cacophis kreftii,XGBoost_multi_no_coords,spatial,False,0,0.003068817,-29780.9705356891,6806663.75964171
180,1434,Calyptotis scutirostrum,XGBoost_multi_no_coords,spatial,False,0,0.0035135162,-29780.9705356891,6806663.75964171
180,1435,Coeranoscincus reticulatus,XGBoost_multi_no_coords,spatial,False,0,0.0034831262,-29780.9705356891,6806663.75964171
180,1436,Egernia mcpheei,XGBoost_multi_no_coords,spatial,False,0,0.0018907163,-29780.9705356891,6806663.75964171
180,1437,Eulamprus murrayi,XGBoost_multi_no_coords,spatial,False,0,0.0011810788,-29780.9705356891,6806663.75964171
180,1438,Ophioscincus truncatus,XGBoost_multi_no_coords,spatial,False,0,0.0061509134,-29780.9705356891,6806663.75964171
180,1439,Pseudechis porphyricaus,XGBoost_multi_no_coords,spatial,False,0,0.0057609403,-29780.9705356891,6806663.75964171
180,1440,Saltuarius swaini,XGBoost_multi_no_coords,spatial,False,0,0.007888566,-29780.9705356891,6806663.75964171
181,1441,Cacophis kreftii,XGBoost_multi_no_coords,spatial,False,0,0.003226532,-29379.7381757025,6806682.07694802
181,1442,Calyptotis scutirostrum,XGBoost_multi_no_coords,spatial,False,0,0.0036940004,-29379.7381757025,6806682.07694802
181,1443,Coeranoscincus reticulatus,XGBoost_multi_no_coords,spatial,False,0,0.0036620556,-29379.7381757025,6806682.07694802
181,1444,Egernia mcpheei,XGBoost_multi_no_coords,spatial,False,0,0.001988006,-29379.7381757025,6806682.07694802
181,1445,Eulamprus murrayi,XGBoost_multi_no_coords,spatial,False,0,0.0012418985,-29379.7381757025,6806682.07694802
181,1446,Ophioscincus truncatus,XGBoost_multi_no_coords,spatial,False,0,0.006206093,-29379.7381757025,6806682.07694802
181,1447,Pseudechis porphyricaus,XGBoost_multi_no_coords,spatial,False,0,0.006247568,-29379.7381757025,6806682.07694802
181,1448,Saltuarius swaini,XGBoost_multi_no_coords,spatial,False,0,0.008430371,-29379.7381757025,6806682.07694802
182,1449,Cacophis kreftii,XGBoost_multi_no_coords,spatial,False,0,0.03036162,-155726.191227112,6799488.07056547
182,1450,Calyptotis scutirostrum,XGBoost_multi_no_coords,spatial,False,0,0.039777763,-155726.191227112,6799488.07056547
182,1451,Coeranoscincus reticulatus,XGBoost_multi_no_coords,spatial,False,0,0.47938892,-155726.191227112,6799488.07056547
182,1452,Egernia mcpheei,XGBoost_multi_no_coords,spatial,False,0,0.0076116375,-155726.191227112,6799488.07056547
182,1453,Eulamprus murrayi,XGBoost_multi_no_coords,spatial,False,0,0.0044072857,-155726.191227112,6799488.07056547
182,1454,Ophioscincus truncatus,XGBoost_multi_no_coords,spatial,False,0,0.12390266,-155726.191227112,6799488.07056547
182,1455,Pseudechis porphyricaus,XGBoost_multi_no_coords,spatial,False,0,0.017047819,-155726.191227112,6799488.07056547
182,1456,Saltuarius swaini,XGBoost_multi_no_coords,spatial,False,0,0.0072543765,-155726.191227112,6799488.07056547
183,1457,Cacophis kreftii,XGBoost_multi_no_coords,spatial,False,0,0.003226532,-29520.6964365395,6805473.74302288
183,1458,Calyptotis scutirostrum,XGBoost_multi_no_coords,spatial,False,0,0.0036940004,-29520.6964365395,6805473.74302288
183,1459,Coeranoscincus reticulatus,XGBoost_multi_no_coords,spatial,False,0,0.0036620556,-29520.6964365395,6805473.74302288
183,1460,Egernia mcpheei,XGBoost_multi_no_coords,spatial,False,0,0.001988006,-29520.6964365395,6805473.74302288
183,1461,Eulamprus murrayi,XGBoost_multi_no_coords,spatial,False,0,0.0012418985,-29520.6964365395,6805473.74302288
183,1462,Ophioscincus truncatus,XGBoost_multi_no_coords,spatial,False,0,0.006206093,-29520.6964365395,6805473.74302288
183,1463,Pseudechis porphyricaus,XGBoost_multi_no_coords,spatial,False,0,0.006247568,-29520.6964365395,6805473.74302288
183,1464,Saltuarius swaini,XGBoost_multi_no_coords,spatial,False,0,0.008430371,-29520.6964365395,6805473.74302288
184,1465,Cacophis kreftii,XGBoost_multi_no_coords,spatial,False,0,0.003226532,-28317.1316235074,6805528.64452115
184,1466,Calyptotis scutirostrum,XGBoost_multi_no_coords,spatial,False,0,0.0036940004,-28317.1316235074,6805528.64452115
184,1467,Coeranoscincus reticulatus,XGBoost_multi_no_coords,spatial,False,0,0.0036620556,-28317.1316235074,6805528.64452115
184,1468,Egernia mcpheei,XGBoost_multi_no_coords,spatial,False,0,0.001988006,-28317.1316235074,6805528.64452115
184,1469,Eulamprus murrayi,XGBoost_multi_no_coords,spatial,False,0,0.0012196109,-28317.1316235074,6805528.64452115
184,1470,Ophioscincus truncatus,XGBoost_multi_no_coords,spatial,False,0,0.006206093,-28317.1316235074,6805528.64452115
184,1471,Pseudechis porphyricaus,XGBoost_multi_no_coords,spatial,False,0,0.006247568,-28317.1316235074,6805528.64452115
184,1472,Saltuarius swaini,XGBoost_multi_no_coords,spatial,False,0,0.008430371,-28317.1316235074,6805528.64452115
185,1473,Cacophis kreftii,XGBoost_multi_no_coords,spatial,False,0,0.030856684,-154680.904774922,6798732.86570032
185,1474,Calyptotis scutirostrum,XGBoost_multi_no_coords,spatial,False,0,0.04570819,-154680.904774922,6798732.86570032
185,1475,Coeranoscincus reticulatus,XGBoost_multi_no_coords,spatial,False,1,0.38815886,-154680.904774922,6798732.86570032
185,1476,Egernia mcpheei,XGBoost_multi_no_coords,spatial,False,0,0.00962874,-154680.904774922,6798732.86570032
185,1477,Eulamprus murrayi,XGBoost_multi_no_coords,spatial,False,0,0.008406802,-154680.904774922,6798732.86570032
185,1478,Ophioscincus truncatus,XGBoost_multi_no_coords,spatial,False,0,0.077781215,-154680.904774922,6798732.86570032
185,1479,Pseudechis porphyricaus,XGBoost_multi_no_coords,spatial,False,0,0.0180508,-154680.904774922,6798732.86570032
185,1480,Saltuarius swaini,XGBoost_multi_no_coords,spatial,False,0,0.0072796536,-154680.904774922,6798732.86570032
186,1481,Cacophis kreftii,XGBoost_multi_no_coords,spatial,False,0,0.003226532,-29502.4373697368,6805073.94284487
186,1482,Calyptotis scutirostrum,XGBoost_multi_no_coords,spatial,False,0,0.0036940004,-29502.4373697368,6805073.94284487
186,1483,Coeranoscincus reticulatus,XGBoost_multi_no_coords,spatial,False,0,0.0036620556,-29502.4373697368,6805073.94284487
186,1484,Egernia mcpheei,XGBoost_multi_no_coords,spatial,False,0,0.001988006,-29502.4373697368,6805073.94284487
186,1485,Eulamprus murrayi,XGBoost_multi_no_coords,spatial,False,0,0.0012418985,-29502.4373697368,6805073.94284487
186,1486,Ophioscincus truncatus,XGBoost_multi_no_coords,spatial,False,0,0.006206093,-29502.4373697368,6805073.94284487
186,1487,Pseudechis porphyricaus,XGBoost_multi_no_coords,spatial,False,0,0.006247568,-29502.4373697368,6805073.94284487
186,1488,Saltuarius swaini,XGBoost_multi_no_coords,spatial,False,0,0.008430371,-29502.4373697368,6805073.94284487
187,1489,Cacophis kreftii,XGBoost_multi_no_coords,spatial,False,0,0.032332424,-153649.192596345,6798389.56853004
187,1490,Calyptotis scutirostrum,XGBoost_multi_no_coords,spatial,False,0,0.04765566,-153649.192596345,6798389.56853004
187,1491,Coeranoscincus reticulatus,XGBoost_multi_no_coords,spatial,False,1,0.40565422,-153649.192596345,6798389.56853004
187,1492,Egernia mcpheei,XGBoost_multi_no_coords,spatial,False,0,0.008406083,-153649.192596345,6798389.56853004
187,1493,Eulamprus murrayi,XGBoost_multi_no_coords,spatial,False,0,0.0049390798,-153649.192596345,6798389.56853004
187,1494,Ophioscincus truncatus,XGBoost_multi_no_coords,spatial,False,0,0.11770765,-153649.192596345,6798389.56853004
187,1495,Pseudechis porphyricaus,XGBoost_multi_no_coords,spatial,False,0,0.01591064,-153649.192596345,6798389.56853004
187,1496,Saltuarius swaini,XGBoost_multi_no_coords,spatial,False,0,0.00810249,-153649.192596345,6798389.56853004
188,1497,Cacophis kreftii,XGBoost_multi_no_coords,spatial,False,0,0.06316521,-154245.287601219,6798155.10832232
188,1498,Calyptotis scutirostrum,XGBoost_multi_no_coords,spatial,False,0,0.16641937,-154245.287601219,6798155.10832232
188,1499,Coeranoscincus reticulatus,XGBoost_multi_no_coords,spatial,False,1,0.6000401,-154245.287601219,6798155.10832232
188,1500,Egernia mcpheei,XGBoost_multi_no_coords,spatial,False,0,0.01958857,-154245.287601219,6798155.10832232
188,1501,Eulamprus murrayi,XGBoost_multi_no_coords,spatial,False,0,0.01693089,-154245.287601219,6798155.10832232
188,1502,Ophioscincus truncatus,XGBoost_multi_no_coords,spatial,False,0,0.09839402,-154245.287601219,6798155.10832232
188,1503,Pseudechis porphyricaus,XGBoost_multi_no_coords,spatial,False,0,0.037509292,-154245.287601219,6798155.10832232
188,1504,Saltuarius swaini,XGBoost_multi_no_coords,spatial,False,0,0.015078802,-154245.287601219,6798155.10832232
189,1505,Cacophis kreftii,XGBoost_multi_no_coords,spatial,False,0,0.13783942,-112502.967446529,6800471.69931174
189,1506,Calyptotis scutirostrum,XGBoost_multi_no_coords,spatial,False,0,0.6152629,-112502.967446529,6800471.69931174
189,1507,Coeranoscincus reticulatus,XGBoost_multi_no_coords,spatial,False,0,0.32591596,-112502.967446529,6800471.69931174
189,1508,Egernia mcpheei,XGBoost_multi_no_coords,spatial,False,0,0.0452815,-112502.967446529,6800471.69931174
189,1509,Eulamprus murrayi,XGBoost_multi_no_coords,spatial,False,0,0.01562465,-112502.967446529,6800471.69931174
189,1510,Ophioscincus truncatus,XGBoost_multi_no_coords,spatial,False,0,0.29624435,-112502.967446529,6800471.69931174
189,1511,Pseudechis porphyricaus,XGBoost_multi_no_coords,spatial,False,0,0.03305456,-112502.967446529,6800471.69931174
189,1512,Saltuarius swaini,XGBoost_multi_no_coords,spatial,False,0,0.02544657,-112502.967446529,6800471.69931174
190,1513,Cacophis kreftii,XGBoost_multi_no_coords,spatial,False,0,0.14570992,-112492.387376251,6800271.63658075
190,1514,Calyptotis scutirostrum,XGBoost_multi_no_coords,spatial,False,0,0.61282396,-112492.387376251,6800271.63658075
190,1515,Coeranoscincus reticulatus,XGBoost_multi_no_coords,spatial,False,1,0.30805972,-112492.387376251,6800271.63658075
190,1516,Egernia mcpheei,XGBoost_multi_no_coords,spatial,False,0,0.05209563,-112492.387376251,6800271.63658075
190,1517,Eulamprus murrayi,XGBoost_multi_no_coords,spatial,False,0,0.015566744,-112492.387376251,6800271.63658075
190,1518,Ophioscincus truncatus,XGBoost_multi_no_coords,spatial,False,0,0.33659115,-112492.387376251,6800271.63658075
190,1519,Pseudechis porphyricaus,XGBoost_multi_no_coords,spatial,False,0,0.036634278,-112492.387376251,6800271.63658075
190,1520,Saltuarius swaini,XGBoost_multi_no_coords,spatial,False,0,0.026061108,-112492.387376251,6800271.63658075
191,1521,Cacophis kreftii,XGBoost_multi_no_coords,spatial,False,0,0.031458747,-152408.241373254,6797645.26465756
191,1522,Calyptotis scutirostrum,XGBoost_multi_no_coords,spatial,False,0,0.05127147,-152408.241373254,6797645.26465756
191,1523,Coeranoscincus reticulatus,XGBoost_multi_no_coords,spatial,False,1,0.3609177,-152408.241373254,6797645.26465756
191,1524,Egernia mcpheei,XGBoost_multi_no_coords,spatial,False,0,0.009682184,-152408.241373254,6797645.26465756
191,1525,Eulamprus murrayi,XGBoost_multi_no_coords,spatial,False,0,0.004615089,-152408.241373254,6797645.26465756
191,1526,Ophioscincus truncatus,XGBoost_multi_no_coords,spatial,False,0,0.08981169,-152408.241373254,6797645.26465756
191,1527,Pseudechis porphyricaus,XGBoost_multi_no_coords,spatial,False,0,0.018172221,-152408.241373254,6797645.26465756
191,1528,Saltuarius swaini,XGBoost_multi_no_coords,spatial,False,0,0.008239203,-152408.241373254,6797645.26465756
192,1529,Cacophis kreftii,XGBoost_multi_no_coords,spatial,False,0,0.06554798,-111862.768502251,6799691.91157671
192,1530,Calyptotis scutirostrum,XGBoost_multi_no_coords,spatial,False,0,0.4077365,-111862.768502251,6799691.91157671
192,1531,Coeranoscincus reticulatus,XGBoost_multi_no_coords,spatial,False,1,0.24978882,-111862.768502251,6799691.91157671
192,1532,Egernia mcpheei,XGBoost_multi_no_coords,spatial,False,0,0.02250396,-111862.768502251,6799691.91157671
192,1533,Eulamprus murrayi,XGBoost_multi_no_coords,spatial,False,0,0.007824339,-111862.768502251,6799691.91157671
192,1534,Ophioscincus truncatus,XGBoost_multi_no_coords,spatial,False,0,0.12731776,-111862.768502251,6799691.91157671
192,1535,Pseudechis porphyricaus,XGBoost_multi_no_coords,spatial,False,0,0.01613054,-111862.768502251,6799691.91157671
192,1536,Saltuarius swaini,XGBoost_multi_no_coords,spatial,False,0,0.013766441,-111862.768502251,6799691.91157671
193,1537,Cacophis kreftii,XGBoost_multi_no_coords,spatial,False,0,0.04059198,-153796.263664079,6797165.36470106
193,1538,Calyptotis scutirostrum,XGBoost_multi_no_coords,spatial,False,0,0.06895987,-153796.263664079,6797165.36470106
193,1539,Coeranoscincus reticulatus,XGBoost_multi_no_coords,spatial,False,1,0.5001913,-153796.263664079,6797165.36470106
193,1540,Egernia mcpheei,XGBoost_multi_no_coords,spatial,False,0,0.015415473,-153796.263664079,6797165.36470106
193,1541,Eulamprus murrayi,XGBoost_multi_no_coords,spatial,False,0,0.010114,-153796.263664079,6797165.36470106
193,1542,Ophioscincus truncatus,XGBoost_multi_no_coords,spatial,False,0,0.08553481,-153796.263664079,6797165.36470106
193,1543,Pseudechis porphyricaus,XGBoost_multi_no_coords,spatial,False,0,0.025439471,-153796.263664079,6797165.36470106
193,1544,Saltuarius swaini,XGBoost_multi_no_coords,spatial,False,0,0.010412411,-153796.263664079,6797165.36470106
194,1545,Cacophis kreftii,XGBoost_multi_no_coords,spatial,False,0,0.15178019,-113057.133584369,6799439.25721174
194,1546,Calyptotis scutirostrum,XGBoost_multi_no_coords,spatial,False,0,0.60419166,-113057.133584369,6799439.25721174
194,1547,Coeranoscincus reticulatus,XGBoost_multi_no_coords,spatial,False,1,0.31837294,-113057.133584369,6799439.25721174
194,1548,Egernia mcpheei,XGBoost_multi_no_coords,spatial,False,0,0.05690875,-113057.133584369,6799439.25721174
194,1549,Eulamprus murrayi,XGBoost_multi_no_coords,spatial,False,0,0.01631882,-113057.133584369,6799439.25721174
194,1550,Ophioscincus truncatus,XGBoost_multi_no_coords,spatial,False,0,0.34738,-113057.133584369,6799439.25721174
194,1551,Pseudechis porphyricaus,XGBoost_multi_no_coords,spatial,False,0,0.03809815,-113057.133584369,6799439.25721174
194,1552,Saltuarius swaini,XGBoost_multi_no_coords,spatial,False,0,0.027306141,-113057.133584369,6799439.25721174
195,1553,Cacophis kreftii,XGBoost_multi_no_coords,spatial,False,0,0.10468024,-153177.628494992,6796999.50794559
195,1554,Calyptotis scutirostrum,XGBoost_multi_no_coords,spatial,False,0,0.20021102,-153177.628494992,6796999.50794559
195,1555,Coeranoscincus reticulatus,XGBoost_multi_no_coords,spatial,False,1,0.37666062,-153177.628494992,6796999.50794559
195,1556,Egernia mcpheei,XGBoost_multi_no_coords,spatial,False,0,0.049922258,-153177.628494992,6796999.50794559
195,1557,Eulamprus murrayi,XGBoost_multi_no_coords,spatial,False,0,0.029020669,-153177.628494992,6796999.50794559
195,1558,Ophioscincus truncatus,XGBoost_multi_no_coords,spatial,False,0,0.54854393,-153177.628494992,6796999.50794559
195,1559,Pseudechis porphyricaus,XGBoost_multi_no_coords,spatial,False,0,0.064024314,-153177.628494992,6796999.50794559
195,1560,Saltuarius swaini,XGBoost_multi_no_coords,spatial,False,0,0.038138505,-153177.628494992,6796999.50794559
196,1561,Cacophis kreftii,XGBoost_multi_no_coords,spatial,False,0,0.1637311,-111841.623750466,6799291.78871934
196,1562,Calyptotis scutirostrum,XGBoost_multi_no_coords,spatial,False,0,0.64497894,-111841.623750466,6799291.78871934
196,1563,Coeranoscincus reticulatus,XGBoost_multi_no_coords,spatial,False,1,0.38042745,-111841.623750466,6799291.78871934
196,1564,Egernia mcpheei,XGBoost_multi_no_coords,spatial,False,1,0.050329115,-111841.623750466,6799291.78871934
196,1565,Eulamprus murrayi,XGBoost_multi_no_coords,spatial,False,0,0.017007155,-111841.623750466,6799291.78871934
196,1566,Ophioscincus truncatus,XGBoost_multi_no_coords,spatial,False,0,0.38892803,-111841.623750466,6799291.78871934
196,1567,Pseudechis porphyricaus,XGBoost_multi_no_coords,spatial,False,0,0.038291235,-111841.623750466,6799291.78871934
196,1568,Saltuarius swaini,XGBoost_multi_no_coords,spatial,False,0,0.031168407,-111841.623750466,6799291.78871934
197,1569,Cacophis kreftii,XGBoost_multi_no_coords,spatial,False,0,0.0036597908,-31200.4121417062,6802970.7749555
197,1570,Calyptotis scutirostrum,XGBoost_multi_no_coords,spatial,False,0,0.003933191,-31200.4121417062,6802970.7749555
197,1571,Coeranoscincus reticulatus,XGBoost_multi_no_coords,spatial,False,0,0.0044713486,-31200.4121417062,6802970.7749555
197,1572,Egernia mcpheei,XGBoost_multi_no_coords,spatial,False,0,0.0022697279,-31200.4121417062,6802970.7749555
197,1573,Eulamprus murrayi,XGBoost_multi_no_coords,spatial,False,0,0.0014827811,-31200.4121417062,6802970.7749555
197,1574,Ophioscincus truncatus,XGBoost_multi_no_coords,spatial,False,0,0.008942644,-31200.4121417062,6802970.7749555
197,1575,Pseudechis porphyricaus,XGBoost_multi_no_coords,spatial,False,0,0.00782405,-31200.4121417062,6802970.7749555
197,1576,Saltuarius swaini,XGBoost_multi_no_coords,spatial,False,0,0.009767614,-31200.4121417062,6802970.7749555
198,1577,Cacophis kreftii,XGBoost_multi_no_coords,spatial,False,0,0.104716875,-111757.020588895,6797691.29771726
198,1578,Calyptotis scutirostrum,XGBoost_multi_no_coords,spatial,False,0,0.37800398,-111757.020588895,6797691.29771726
198,1579,Coeranoscincus reticulatus,XGBoost_multi_no_coords,spatial,False,1,0.25069582,-111757.020588895,6797691.29771726
198,1580,Egernia mcpheei,XGBoost_multi_no_coords,spatial,False,0,0.029688966,-111757.020588895,6797691.29771726
198,1581,Eulamprus murrayi,XGBoost_multi_no_coords,spatial,False,0,0.013682448,-111757.020588895,6797691.29771726
198,1582,Ophioscincus truncatus,XGBoost_multi_no_coords,spatial,False,0,0.3612039,-111757.020588895,6797691.29771726
198,1583,Pseudechis porphyricaus,XGBoost_multi_no_coords,spatial,False,0,0.030124199,-111757.020588895,6797691.29771726
198,1584,Saltuarius swaini,XGBoost_multi_no_coords,spatial,False,0,0.029335221,-111757.020588895,6797691.29771726
199,1585,Cacophis kreftii,XGBoost_multi_no_coords,spatial,False,0,0.26506826,-111540.073845013,6797301.52655841
199,1586,Calyptotis scutirostrum,XGBoost_multi_no_coords,spatial,False,0,0.68905604,-111540.073845013,6797301.52655841
199,1587,Coeranoscincus reticulatus,XGBoost_multi_no_coords,spatial,False,1,0.3814907,-111540.073845013,6797301.52655841
199,1588,Egernia mcpheei,XGBoost_multi_no_coords,spatial,False,1,0.1600662,-111540.073845013,6797301.52655841
199,1589,Eulamprus murrayi,XGBoost_multi_no_coords,spatial,False,0,0.039731227,-111540.073845013,6797301.52655841
199,1590,Ophioscincus truncatus,XGBoost_multi_no_coords,spatial,False,0,0.7871276,-111540.073845013,6797301.52655841
199,1591,Pseudechis porphyricaus,XGBoost_multi_no_coords,spatial,False,0,0.070479475,-111540.073845013,6797301.52655841
199,1592,Saltuarius swaini,XGBoost_multi_no_coords,spatial,False,0,0.083597995,-111540.073845013,6797301.52655841
200,1593,Cacophis kreftii,XGBoost_multi_no_coords,spatial,False,0,0.022836119,-165917.840413128,6794142.17633504
200,1594,Calyptotis scutirostrum,XGBoost_multi_no_coords,spatial,False,0,0.020015214,-165917.840413128,6794142.17633504
200,1595,Coeranoscincus reticulatus,XGBoost_multi_no_coords,spatial,False,1,0.30329287,-165917.840413128,6794142.17633504
200,1596,Egernia mcpheei,XGBoost_multi_no_coords,spatial,False,0,0.0054056537,-165917.840413128,6794142.17633504
200,1597,Eulamprus murrayi,XGBoost_multi_no_coords,spatial,False,0,0.0077843694,-165917.840413128,6794142.17633504
200,1598,Ophioscincus truncatus,XGBoost_multi_no_coords,spatial,False,0,0.12721682,-165917.840413128,6794142.17633504
200,1599,Pseudechis porphyricaus,XGBoost_multi_no_coords,spatial,False,0,0.051105615,-165917.840413128,6794142.17633504
200,1600,Saltuarius swaini,XGBoost_multi_no_coords,spatial,False,0,0.006713558,-165917.840413128,6794142.17633504
201,1601,Cacophis kreftii,XGBoost_multi_no_coords,spatial,False,0,0.2526301,-111724.493680147,6796890.5347694
201,1602,Calyptotis scutirostrum,XGBoost_multi_no_coords,spatial,False,0,0.6350425,-111724.493680147,6796890.5347694
201,1603,Coeranoscincus reticulatus,XGBoost_multi_no_coords,spatial,False,1,0.37515068,-111724.493680147,6796890.5347694
201,1604,Egernia mcpheei,XGBoost_multi_no_coords,spatial,False,0,0.15619351,-111724.493680147,6796890.5347694
201,1605,Eulamprus murrayi,XGBoost_multi_no_coords,spatial,False,0,0.040743608,-111724.493680147,6796890.5347694
201,1606,Ophioscincus truncatus,XGBoost_multi_no_coords,spatial,False,0,0.7537928,-111724.493680147,6796890.5347694
201,1607,Pseudechis porphyricaus,XGBoost_multi_no_coords,spatial,False,0,0.06848217,-111724.493680147,6796890.5347694
201,1608,Saltuarius swaini,XGBoost_multi_no_coords,spatial,False,0,0.07610109,-111724.493680147,6796890.5347694
202,1609,Cacophis kreftii,XGBoost_multi_no_coords,spatial,False,0,0.17384334,-111508.34435778,6796701.34390328
202,1610,Calyptotis scutirostrum,XGBoost_multi_no_coords,spatial,False,0,0.5386082,-111508.34435778,6796701.34390328
202,1611,Coeranoscincus reticulatus,XGBoost_multi_no_coords,spatial,False,1,0.3541453,-111508.34435778,6796701.34390328
202,1612,Egernia mcpheei,XGBoost_multi_no_coords,spatial,False,0,0.104291186,-111508.34435778,6796701.34390328
202,1613,Eulamprus murrayi,XGBoost_multi_no_coords,spatial,False,0,0.020155374,-111508.34435778,6796701.34390328
202,1614,Ophioscincus truncatus,XGBoost_multi_no_coords,spatial,False,0,0.5023833,-111508.34435778,6796701.34390328
202,1615,Pseudechis porphyricaus,XGBoost_multi_no_coords,spatial,False,0,0.04998331,-111508.34435778,6796701.34390328
202,1616,Saltuarius swaini,XGBoost_multi_no_coords,spatial,False,0,0.040336236,-111508.34435778,6796701.34390328
203,1617,Cacophis kreftii,XGBoost_multi_no_coords,spatial,False,0,0.058559995,-165638.858103626,6792540.33884748
203,1618,Calyptotis scutirostrum,XGBoost_multi_no_coords,spatial,False,0,0.084619075,-165638.858103626,6792540.33884748
203,1619,Coeranoscincus reticulatus,XGBoost_multi_no_coords,spatial,False,1,0.60007626,-165638.858103626,6792540.33884748
203,1620,Egernia mcpheei,XGBoost_multi_no_coords,spatial,False,0,0.011876421,-165638.858103626,6792540.33884748
203,1621,Eulamprus murrayi,XGBoost_multi_no_coords,spatial,False,0,0.010240146,-165638.858103626,6792540.33884748
203,1622,Ophioscincus truncatus,XGBoost_multi_no_coords,spatial,False,0,0.299994,-165638.858103626,6792540.33884748
203,1623,Pseudechis porphyricaus,XGBoost_multi_no_coords,spatial,False,0,0.1152771,-165638.858103626,6792540.33884748
203,1624,Saltuarius swaini,XGBoost_multi_no_coords,spatial,False,0,0.020071803,-165638.858103626,6792540.33884748
204,1625,Cacophis kreftii,XGBoost_multi_no_coords,spatial,False,0,0.0041300654,-111628.657553236,6795078.86889821
204,1626,Calyptotis scutirostrum,XGBoost_multi_no_coords,spatial,False,0,0.005697292,-111628.657553236,6795078.86889821
204,1627,Coeranoscincus reticulatus,XGBoost_multi_no_coords,spatial,False,0,0.034737222,-111628.657553236,6795078.86889821
204,1628,Egernia mcpheei,XGBoost_multi_no_coords,spatial,False,0,0.0024772142,-111628.657553236,6795078.86889821
204,1629,Eulamprus murrayi,XGBoost_multi_no_coords,spatial,False,0,0.0012551156,-111628.657553236,6795078.86889821
204,1630,Ophioscincus truncatus,XGBoost_multi_no_coords,spatial,False,0,0.013218865,-111628.657553236,6795078.86889821
204,1631,Pseudechis porphyricaus,XGBoost_multi_no_coords,spatial,False,0,0.0029397223,-111628.657553236,6795078.86889821
204,1632,Saltuarius swaini,XGBoost_multi_no_coords,spatial,False,0,0.0037227927,-111628.657553236,6795078.86889821
205,1633,Cacophis kreftii,XGBoost_multi_no_coords,spatial,False,0,0.004562654,-111987.574051639,6794257.38010052
205,1634,Calyptotis scutirostrum,XGBoost_multi_no_coords,spatial,False,0,0.006490597,-111987.574051639,6794257.38010052
205,1635,Coeranoscincus reticulatus,XGBoost_multi_no_coords,spatial,False,0,0.015962912,-111987.574051639,6794257.38010052
205,1636,Egernia mcpheei,XGBoost_multi_no_coords,spatial,False,0,0.0027297789,-111987.574051639,6794257.38010052
205,1637,Eulamprus murrayi,XGBoost_multi_no_coords,spatial,False,0,0.0014378389,-111987.574051639,6794257.38010052
205,1638,Ophioscincus truncatus,XGBoost_multi_no_coords,spatial,False,0,0.011592919,-111987.574051639,6794257.38010052
205,1639,Pseudechis porphyricaus,XGBoost_multi_no_coords,spatial,False,0,0.0042970125,-111987.574051639,6794257.38010052
205,1640,Saltuarius swaini,XGBoost_multi_no_coords,spatial,False,0,0.0060112863,-111987.574051639,6794257.38010052
206,1641,Cacophis kreftii,XGBoost_multi_no_coords,spatial,False,0,0.0064357575,-111543.951324666,6793478.37953304
206,1642,Calyptotis scutirostrum,XGBoost_multi_no_coords,spatial,False,0,0.007735582,-111543.951324666,6793478.37953304
206,1643,Coeranoscincus reticulatus,XGBoost_multi_no_coords,spatial,False,1,0.02456149,-111543.951324666,6793478.37953304
206,1644,Egernia mcpheei,XGBoost_multi_no_coords,spatial,False,0,0.004742138,-111543.951324666,6793478.37953304
206,1645,Eulamprus murrayi,XGBoost_multi_no_coords,spatial,False,0,0.002077398,-111543.951324666,6793478.37953304
206,1646,Ophioscincus truncatus,XGBoost_multi_no_coords,spatial,False,0,0.019857716,-111543.951324666,6793478.37953304
206,1647,Pseudechis porphyricaus,XGBoost_multi_no_coords,spatial,False,0,0.005557723,-111543.951324666,6793478.37953304
206,1648,Saltuarius swaini,XGBoost_multi_no_coords,spatial,False,0,0.008091059,-111543.951324666,6793478.37953304
207,1649,Cacophis kreftii,XGBoost_multi_no_coords,spatial,False,0,0.02217311,-166932.442763671,6790267.55776097
207,1650,Calyptotis scutirostrum,XGBoost_multi_no_coords,spatial,False,0,0.014458231,-166932.442763671,6790267.55776097
207,1651,Coeranoscincus reticulatus,XGBoost_multi_no_coords,spatial,False,1,0.2990363,-166932.442763671,6790267.55776097
207,1652,Egernia mcpheei,XGBoost_multi_no_coords,spatial,False,0,0.005422102,-166932.442763671,6790267.55776097
207,1653,Eulamprus murrayi,XGBoost_multi_no_coords,spatial,False,0,0.0038013996,-166932.442763671,6790267.55776097
207,1654,Ophioscincus truncatus,XGBoost_multi_no_coords,spatial,False,0,0.17778035,-166932.442763671,6790267.55776097
207,1655,Pseudechis porphyricaus,XGBoost_multi_no_coords,spatial,False,0,0.05902873,-166932.442763671,6790267.55776097
207,1656,Saltuarius swaini,XGBoost_multi_no_coords,spatial,False,0,0.00797102,-166932.442763671,6790267.55776097
208,1657,Cacophis kreftii,XGBoost_multi_no_coords,spatial,False,0,0.010261995,-113333.176647029,6792982.26555712
208,1658,Calyptotis scutirostrum,XGBoost_multi_no_coords,spatial,False,0,0.014332489,-113333.176647029,6792982.26555712
208,1659,Coeranoscincus reticulatus,XGBoost_multi_no_coords,spatial,False,0,0.04877393,-113333.176647029,6792982.26555712
208,1660,Egernia mcpheei,XGBoost_multi_no_coords,spatial,False,0,0.0062906207,-113333.176647029,6792982.26555712
208,1661,Eulamprus murrayi,XGBoost_multi_no_coords,spatial,False,0,0.0039367178,-113333.176647029,6792982.26555712
208,1662,Ophioscincus truncatus,XGBoost_multi_no_coords,spatial,False,0,0.10299702,-113333.176647029,6792982.26555712
208,1663,Pseudechis porphyricaus,XGBoost_multi_no_coords,spatial,False,1,0.008085722,-113333.176647029,6792982.26555712
208,1664,Saltuarius swaini,XGBoost_multi_no_coords,spatial,False,0,0.01018264,-113333.176647029,6792982.26555712
209,1665,Cacophis kreftii,XGBoost_multi_no_coords,spatial,False,0,0.0064987163,-112530.721336831,6793024.84869485
209,1666,Calyptotis scutirostrum,XGBoost_multi_no_coords,spatial,False,0,0.009249778,-112530.721336831,6793024.84869485
209,1667,Coeranoscincus reticulatus,XGBoost_multi_no_coords,spatial,False,1,0.03092173,-112530.721336831,6793024.84869485
209,1668,Egernia mcpheei,XGBoost_multi_no_coords,spatial,False,0,0.003775919,-112530.721336831,6793024.84869485
209,1669,Eulamprus murrayi,XGBoost_multi_no_coords,spatial,False,0,0.002300271,-112530.721336831,6793024.84869485
209,1670,Ophioscincus truncatus,XGBoost_multi_no_coords,spatial,False,0,0.01958395,-112530.721336831,6793024.84869485
209,1671,Pseudechis porphyricaus,XGBoost_multi_no_coords,spatial,False,0,0.004904975,-112530.721336831,6793024.84869485
209,1672,Saltuarius swaini,XGBoost_multi_no_coords,spatial,False,0,0.0088676205,-112530.721336831,6793024.84869485
210,1673,Cacophis kreftii,XGBoost_multi_no_coords,spatial,False,0,0.005419336,-112129.496210697,6793046.11909854
210,1674,Calyptotis scutirostrum,XGBoost_multi_no_coords,spatial,False,0,0.006662708,-112129.496210697,6793046.11909854
210,1675,Coeranoscincus reticulatus,XGBoost_multi_no_coords,spatial,False,0,0.025512015,-112129.496210697,6793046.11909854
210,1676,Egernia mcpheei,XGBoost_multi_no_coords,spatial,False,0,0.0032953466,-112129.496210697,6793046.11909854
210,1677,Eulamprus murrayi,XGBoost_multi_no_coords,spatial,False,0,0.0021378624,-112129.496210697,6793046.11909854
210,1678,Ophioscincus truncatus,XGBoost_multi_no_coords,spatial,False,0,0.009815433,-112129.496210697,6793046.11909854
210,1679,Pseudechis porphyricaus,XGBoost_multi_no_coords,spatial,False,0,0.004553893,-112129.496210697,6793046.11909854
210,1680,Saltuarius swaini,XGBoost_multi_no_coords,spatial,False,0,0.007856235,-112129.496210697,6793046.11909854
211,1681,Cacophis kreftii,XGBoost_multi_no_coords,spatial,False,0,0.028551297,-164829.821681687,6788558.93776823
211,1682,Calyptotis scutirostrum,XGBoost_multi_no_coords,spatial,False,0,0.01662957,-164829.821681687,6788558.93776823
211,1683,Coeranoscincus reticulatus,XGBoost_multi_no_coords,spatial,False,1,0.18845333,-164829.821681687,6788558.93776823
211,1684,Egernia mcpheei,XGBoost_multi_no_coords,spatial,False,0,0.008305757,-164829.821681687,6788558.93776823
211,1685,Eulamprus murrayi,XGBoost_multi_no_coords,spatial,False,0,0.0038967857,-164829.821681687,6788558.93776823
211,1686,Ophioscincus truncatus,XGBoost_multi_no_coords,spatial,False,0,0.17678706,-164829.821681687,6788558.93776823
211,1687,Pseudechis porphyricaus,XGBoost_multi_no_coords,spatial,False,0,0.08405742,-164829.821681687,6788558.93776823
211,1688,Saltuarius swaini,XGBoost_multi_no_coords,spatial,False,0,0.011165905,-164829.821681687,6788558.93776823
212,1689,Cacophis kreftii,XGBoost_multi_no_coords,spatial,False,0,0.02554656,-165023.878239824,6788346.91096964
212,1690,Calyptotis scutirostrum,XGBoost_multi_no_coords,spatial,False,0,0.015355605,-165023.878239824,6788346.91096964
212,1691,Coeranoscincus reticulatus,XGBoost_multi_no_coords,spatial,False,0,0.16524282,-165023.878239824,6788346.91096964
212,1692,Egernia mcpheei,XGBoost_multi_no_coords,spatial,False,0,0.0068725273,-165023.878239824,6788346.91096964
212,1693,Eulamprus murrayi,XGBoost_multi_no_coords,spatial,False,0,0.0036368123,-165023.878239824,6788346.91096964
212,1694,Ophioscincus truncatus,XGBoost_multi_no_coords,spatial,False,0,0.21203284,-165023.878239824,6788346.91096964
212,1695,Pseudechis porphyricaus,XGBoost_multi_no_coords,spatial,False,0,0.082522675,-165023.878239824,6788346.91096964
212,1696,Saltuarius swaini,XGBoost_multi_no_coords,spatial,False,0,0.010336739,-165023.878239824,6788346.91096964
213,1697,Cacophis kreftii,XGBoost_multi_no_coords,spatial,False,0,0.039412018,-164391.455012656,6787769.669967
213,1698,Calyptotis scutirostrum,XGBoost_multi_no_coords,spatial,False,0,0.02510369,-164391.455012656,6787769.669967
213,1699,Coeranoscincus reticulatus,XGBoost_multi_no_coords,spatial,False,1,0.3040021,-164391.455012656,6787769.669967
213,1700,Egernia mcpheei,XGBoost_multi_no_coords,spatial,False,0,0.010377295,-164391.455012656,6787769.669967
213,1701,Eulamprus murrayi,XGBoost_multi_no_coords,spatial,False,0,0.005685904,-164391.455012656,6787769.669967
213,1702,Ophioscincus truncatus,XGBoost_multi_no_coords,spatial,False,0,0.1749845,-164391.455012656,6787769.669967
213,1703,Pseudechis porphyricaus,XGBoost_multi_no_coords,spatial,False,0,0.11677685,-164391.455012656,6787769.669967
213,1704,Saltuarius swaini,XGBoost_multi_no_coords,spatial,False,0,0.019085782,-164391.455012656,6787769.669967
214,1705,Cacophis kreftii,XGBoost_multi_no_coords,spatial,False,0,0.0065402747,-110822.113763642,6787074.42336939
214,1706,Calyptotis scutirostrum,XGBoost_multi_no_coords,spatial,False,0,0.008311498,-110822.113763642,6787074.42336939
214,1707,Coeranoscincus reticulatus,XGBoost_multi_no_coords,spatial,False,0,0.017430412,-110822.113763642,6787074.42336939
214,1708,Egernia mcpheei,XGBoost_multi_no_coords,spatial,False,0,0.0040867263,-110822.113763642,6787074.42336939
214,1709,Eulamprus murrayi,XGBoost_multi_no_coords,spatial,False,0,0.002305929,-110822.113763642,6787074.42336939
214,1710,Ophioscincus truncatus,XGBoost_multi_no_coords,spatial,False,0,0.044028085,-110822.113763642,6787074.42336939
214,1711,Pseudechis porphyricaus,XGBoost_multi_no_coords,spatial,False,0,0.0049573644,-110822.113763642,6787074.42336939
214,1712,Saltuarius swaini,XGBoost_multi_no_coords,spatial,False,0,0.0066363956,-110822.113763642,6787074.42336939
215,1713,Cacophis kreftii,XGBoost_multi_no_coords,spatial,False,0,0.02828547,-110616.719576928,6787085.30761186
215,1714,Calyptotis scutirostrum,XGBoost_multi_no_coords,spatial,False,0,0.029877655,-110616.719576928,6787085.30761186
215,1715,Coeranoscincus reticulatus,XGBoost_multi_no_coords,spatial,False,0,0.14960106,-110616.719576928,6787085.30761186
215,1716,Egernia mcpheei,XGBoost_multi_no_coords,spatial,False,0,0.0138275195,-110616.719576928,6787085.30761186
215,1717,Eulamprus murrayi,XGBoost_multi_no_coords,spatial,False,0,0.013662579,-110616.719576928,6787085.30761186
215,1718,Ophioscincus truncatus,XGBoost_multi_no_coords,spatial,False,0,0.27246198,-110616.719576928,6787085.30761186
215,1719,Pseudechis porphyricaus,XGBoost_multi_no_coords,spatial,False,0,0.019751199,-110616.719576928,6787085.30761186
215,1720,Saltuarius swaini,XGBoost_multi_no_coords,spatial,False,0,0.02599567,-110616.719576928,6787085.30761186
216,1721,Cacophis kreftii,XGBoost_multi_no_coords,spatial,False,0,0.019291606,-110020.100859829,6787116.90272986
216,1722,Calyptotis scutirostrum,XGBoost_multi_no_coords,spatial,False,0,0.018719984,-110020.100859829,6787116.90272986
216,1723,Coeranoscincus reticulatus,XGBoost_multi_no_coords,spatial,False,0,0.21254347,-110020.100859829,6787116.90272986
216,1724,Egernia mcpheei,XGBoost_multi_no_coords,spatial,False,0,0.009563639,-110020.100859829,6787116.90272986
216,1725,Eulamprus murrayi,XGBoost_multi_no_coords,spatial,False,0,0.010616604,-110020.100859829,6787116.90272986
216,1726,Ophioscincus truncatus,XGBoost_multi_no_coords,spatial,False,0,0.11228008,-110020.100859829,6787116.90272986
216,1727,Pseudechis porphyricaus,XGBoost_multi_no_coords,spatial,False,0,0.013360158,-110020.100859829,6787116.90272986
216,1728,Saltuarius swaini,XGBoost_multi_no_coords,spatial,False,0,0.017058665,-110020.100859829,6787116.90272986
217,1729,Cacophis kreftii,XGBoost_multi_no_coords,spatial,False,0,0.006872169,-109413.705304275,6787148.98376259
217,1730,Calyptotis scutirostrum,XGBoost_multi_no_coords,spatial,False,0,0.008711783,-109413.705304275,6787148.98376259
217,1731,Coeranoscincus reticulatus,XGBoost_multi_no_coords,spatial,False,1,0.022521095,-109413.705304275,6787148.98376259
217,1732,Egernia mcpheei,XGBoost_multi_no_coords,spatial,False,0,0.005181635,-109413.705304275,6787148.98376259
217,1733,Eulamprus murrayi,XGBoost_multi_no_coords,spatial,False,0,0.0023750826,-109413.705304275,6787148.98376259
217,1734,Ophioscincus truncatus,XGBoost_multi_no_coords,spatial,False,0,0.00984629,-109413.705304275,6787148.98376259
217,1735,Pseudechis porphyricaus,XGBoost_multi_no_coords,spatial,False,0,0.0047503007,-109413.705304275,6787148.98376259
217,1736,Saltuarius swaini,XGBoost_multi_no_coords,spatial,False,0,0.008076709,-109413.705304275,6787148.98376259
218,1737,Cacophis kreftii,XGBoost_multi_no_coords,spatial,False,0,0.006731267,-110779.695476226,6786274.18349996
218,1738,Calyptotis scutirostrum,XGBoost_multi_no_coords,spatial,False,0,0.00903328,-110779.695476226,6786274.18349996
218,1739,Coeranoscincus reticulatus,XGBoost_multi_no_coords,spatial,False,0,0.07257514,-110779.695476226,6786274.18349996
218,1740,Egernia mcpheei,XGBoost_multi_no_coords,spatial,False,0,0.003430559,-110779.695476226,6786274.18349996
218,1741,Eulamprus murrayi,XGBoost_multi_no_coords,spatial,False,0,0.0031448982,-110779.695476226,6786274.18349996
218,1742,Ophioscincus truncatus,XGBoost_multi_no_coords,spatial,False,0,0.023708083,-110779.695476226,6786274.18349996
218,1743,Pseudechis porphyricaus,XGBoost_multi_no_coords,spatial,False,0,0.005306081,-110779.695476226,6786274.18349996
218,1744,Saltuarius swaini,XGBoost_multi_no_coords,spatial,False,0,0.00636096,-110779.695476226,6786274.18349996
219,1745,Cacophis kreftii,XGBoost_multi_no_coords,spatial,False,0,0.0064160572,-110346.917478988,6785695.25630047
219,1746,Calyptotis scutirostrum,XGBoost_multi_no_coords,spatial,False,0,0.007916072,-110346.917478988,6785695.25630047
219,1747,Coeranoscincus reticulatus,XGBoost_multi_no_coords,spatial,False,0,0.064764366,-110346.917478988,6785695.25630047
219,1748,Egernia mcpheei,XGBoost_multi_no_coords,spatial,False,0,0.0037183913,-110346.917478988,6785695.25630047
219,1749,Eulamprus murrayi,XGBoost_multi_no_coords,spatial,False,0,0.0029012205,-110346.917478988,6785695.25630047
219,1750,Ophioscincus truncatus,XGBoost_multi_no_coords,spatial,False,0,0.017031621,-110346.917478988,6785695.25630047
219,1751,Pseudechis porphyricaus,XGBoost_multi_no_coords,spatial,False,0,0.004515231,-110346.917478988,6785695.25630047
219,1752,Saltuarius swaini,XGBoost_multi_no_coords,spatial,False,0,0.005041832,-110346.917478988,6785695.25630047
220,1753,Cacophis kreftii,XGBoost_multi_no_coords,spatial,False,0,0.005009961,-110140.731442662,6785505.55962449
220,1754,Calyptotis scutirostrum,XGBoost_multi_no_coords,spatial,False,0,0.0070545706,-110140.731442662,6785505.55962449
220,1755,Coeranoscincus reticulatus,XGBoost_multi_no_coords,spatial,False,0,0.048567135,-110140.731442662,6785505.55962449
220,1756,Egernia mcpheei,XGBoost_multi_no_coords,spatial,False,1,0.0026231208,-110140.731442662,6785505.55962449
220,1757,Eulamprus murrayi,XGBoost_multi_no_coords,spatial,False,0,0.0015662631,-110140.731442662,6785505.55962449
220,1758,Ophioscincus truncatus,XGBoost_multi_no_coords,spatial,False,0,0.018861616,-110140.731442662,6785505.55962449
220,1759,Pseudechis porphyricaus,XGBoost_multi_no_coords,spatial,False,0,0.0036466469,-110140.731442662,6785505.55962449
220,1760,Saltuarius swaini,XGBoost_multi_no_coords,spatial,False,0,0.0049719126,-110140.731442662,6785505.55962449
221,1761,Cacophis kreftii,XGBoost_multi_no_coords,spatial,False,0,0.059026726,-157491.757049911,6782687.30974027
221,1762,Calyptotis scutirostrum,XGBoost_multi_no_coords,spatial,False,0,0.07551617,-157491.757049911,6782687.30974027
221,1763,Coeranoscincus reticulatus,XGBoost_multi_no_coords,spatial,False,1,0.4044541,-157491.757049911,6782687.30974027
221,1764,Egernia mcpheei,XGBoost_multi_no_coords,spatial,False,0,0.013260129,-157491.757049911,6782687.30974027
221,1765,Eulamprus murrayi,XGBoost_multi_no_coords,spatial,False,0,0.010311569,-157491.757049911,6782687.30974027
221,1766,Ophioscincus truncatus,XGBoost_multi_no_coords,spatial,False,0,0.21605179,-157491.757049911,6782687.30974027
221,1767,Pseudechis porphyricaus,XGBoost_multi_no_coords,spatial,False,0,0.02957579,-157491.757049911,6782687.30974027
221,1768,Saltuarius swaini,XGBoost_multi_no_coords,spatial,False,0,0.015558176,-157491.757049911,6782687.30974027
222,1769,Cacophis kreftii,XGBoost_multi_no_coords,spatial,False,0,0.029972931,-109512.656336634,6785126.43261431
222,1770,Calyptotis scutirostrum,XGBoost_multi_no_coords,spatial,False,0,0.093720905,-109512.656336634,6785126.43261431
222,1771,Coeranoscincus reticulatus,XGBoost_multi_no_coords,spatial,False,0,0.12825267,-109512.656336634,6785126.43261431
222,1772,Egernia mcpheei,XGBoost_multi_no_coords,spatial,False,0,0.023252036,-109512.656336634,6785126.43261431
222,1773,Eulamprus murrayi,XGBoost_multi_no_coords,spatial,False,0,0.008697174,-109512.656336634,6785126.43261431
222,1774,Ophioscincus truncatus,XGBoost_multi_no_coords,spatial,False,0,0.07222345,-109512.656336634,6785126.43261431
222,1775,Pseudechis porphyricaus,XGBoost_multi_no_coords,spatial,False,0,0.013023089,-109512.656336634,6785126.43261431
222,1776,Saltuarius swaini,XGBoost_multi_no_coords,spatial,False,0,0.021056427,-109512.656336634,6785126.43261431
223,1777,Cacophis kreftii,XGBoost_multi_no_coords,spatial,False,0,0.17733605,-109707.419900115,6784915.50427338
223,1778,Calyptotis scutirostrum,XGBoost_multi_no_coords,spatial,False,0,0.35804605,-109707.419900115,6784915.50427338
223,1779,Coeranoscincus reticulatus,XGBoost_multi_no_coords,spatial,False,0,0.48203987,-109707.419900115,6784915.50427338
223,1780,Egernia mcpheei,XGBoost_multi_no_coords,spatial,False,0,0.08658993,-109707.419900115,6784915.50427338
223,1781,Eulamprus murrayi,XGBoost_multi_no_coords,spatial,False,0,0.0587896,-109707.419900115,6784915.50427338
223,1782,Ophioscincus truncatus,XGBoost_multi_no_coords,spatial,False,0,0.22621289,-109707.419900115,6784915.50427338
223,1783,Pseudechis porphyricaus,XGBoost_multi_no_coords,spatial,False,0,0.071089886,-109707.419900115,6784915.50427338
223,1784,Saltuarius swaini,XGBoost_multi_no_coords,spatial,False,0,0.058962308,-109707.419900115,6784915.50427338
224,1785,Cacophis kreftii,XGBoost_multi_no_coords,spatial,False,0,0.08638076,-150843.666641707,6782630.05200801
224,1786,Calyptotis scutirostrum,XGBoost_multi_no_coords,spatial,False,0,0.10622206,-150843.666641707,6782630.05200801
224,1787,Coeranoscincus reticulatus,XGBoost_multi_no_coords,spatial,False,1,0.56564033,-150843.666641707,6782630.05200801
224,1788,Egernia mcpheei,XGBoost_multi_no_coords,spatial,False,0,0.02073863,-150843.666641707,6782630.05200801
224,1789,Eulamprus murrayi,XGBoost_multi_no_coords,spatial,False,0,0.009653996,-150843.666641707,6782630.05200801
224,1790,Ophioscincus truncatus,XGBoost_multi_no_coords,spatial,False,0,0.31874552,-150843.666641707,6782630.05200801
224,1791,Pseudechis porphyricaus,XGBoost_multi_no_coords,spatial,False,0,0.042275894,-150843.666641707,6782630.05200801
224,1792,Saltuarius swaini,XGBoost_multi_no_coords,spatial,False,0,0.023185162,-150843.666641707,6782630.05200801
225,1793,Cacophis kreftii,XGBoost_multi_no_coords,spatial,False,0,0.0247167,-157628.595163146,6781474.60411432
225,1794,Calyptotis scutirostrum,XGBoost_multi_no_coords,spatial,False,0,0.036739137,-157628.595163146,6781474.60411432
225,1795,Coeranoscincus reticulatus,XGBoost_multi_no_coords,spatial,False,1,0.36956316,-157628.595163146,6781474.60411432
225,1796,Egernia mcpheei,XGBoost_multi_no_coords,spatial,False,0,0.006470959,-157628.595163146,6781474.60411432
225,1797,Eulamprus murrayi,XGBoost_multi_no_coords,spatial,False,0,0.004664295,-157628.595163146,6781474.60411432
225,1798,Ophioscincus truncatus,XGBoost_multi_no_coords,spatial,False,0,0.08217197,-157628.595163146,6781474.60411432
225,1799,Pseudechis porphyricaus,XGBoost_multi_no_coords,spatial,False,0,0.0148977265,-157628.595163146,6781474.60411432
225,1800,Saltuarius swaini,XGBoost_multi_no_coords,spatial,False,0,0.00864627,-157628.595163146,6781474.60411432
226,1801,Cacophis kreftii,XGBoost_multi_no_coords,spatial,False,0,0.046739753,-156768.616233883,6780508.50732801
226,1802,Calyptotis scutirostrum,XGBoost_multi_no_coords,spatial,False,0,0.06611769,-156768.616233883,6780508.50732801
226,1803,Coeranoscincus reticulatus,XGBoost_multi_no_coords,spatial,False,1,0.4793371,-156768.616233883,6780508.50732801
226,1804,Egernia mcpheei,XGBoost_multi_no_coords,spatial,False,0,0.011332426,-156768.616233883,6780508.50732801
226,1805,Eulamprus murrayi,XGBoost_multi_no_coords,spatial,False,0,0.0073448247,-156768.616233883,6780508.50732801
226,1806,Ophioscincus truncatus,XGBoost_multi_no_coords,spatial,False,0,0.13565996,-156768.616233883,6780508.50732801
226,1807,Pseudechis porphyricaus,XGBoost_multi_no_coords,spatial,False,0,0.032205142,-156768.616233883,6780508.50732801
226,1808,Saltuarius swaini,XGBoost_multi_no_coords,spatial,False,0,0.021463946,-156768.616233883,6780508.50732801
227,1809,Cacophis kreftii,XGBoost_multi_no_coords,spatial,False,0,0.0099317385,-110619.113371872,6783061.59249324
227,1810,Calyptotis scutirostrum,XGBoost_multi_no_coords,spatial,False,0,0.013309791,-110619.113371872,6783061.59249324
227,1811,Coeranoscincus reticulatus,XGBoost_multi_no_coords,spatial,False,0,0.026794262,-110619.113371872,6783061.59249324
227,1812,Egernia mcpheei,XGBoost_multi_no_coords,spatial,False,0,0.0050771385,-110619.113371872,6783061.59249324
227,1813,Eulamprus murrayi,XGBoost_multi_no_coords,spatial,False,0,0.0023853602,-110619.113371872,6783061.59249324
227,1814,Ophioscincus truncatus,XGBoost_multi_no_coords,spatial,False,0,0.040556505,-110619.113371872,6783061.59249324
227,1815,Pseudechis porphyricaus,XGBoost_multi_no_coords,spatial,False,0,0.007999063,-110619.113371872,6783061.59249324
227,1816,Saltuarius swaini,XGBoost_multi_no_coords,spatial,False,0,0.011263869,-110619.113371872,6783061.59249324
228,1817,Cacophis kreftii,XGBoost_multi_no_coords,spatial,False,0,0.0035649678,-108593.63854256,6782767.65906175
228,1818,Calyptotis scutirostrum,XGBoost_multi_no_coords,spatial,False,0,0.0046887714,-108593.63854256,6782767.65906175
228,1819,Coeranoscincus reticulatus,XGBoost_multi_no_coords,spatial,False,0,0.029515063,-108593.63854256,6782767.65906175
228,1820,Egernia mcpheei,XGBoost_multi_no_coords,spatial,False,0,0.0022567713,-108593.63854256,6782767.65906175
228,1821,Eulamprus murrayi,XGBoost_multi_no_coords,spatial,False,0,0.0012868379,-108593.63854256,6782767.65906175
228,1822,Ophioscincus truncatus,XGBoost_multi_no_coords,spatial,False,0,0.010835546,-108593.63854256,6782767.65906175
228,1823,Pseudechis porphyricaus,XGBoost_multi_no_coords,spatial,False,0,0.0030032834,-108593.63854256,6782767.65906175
228,1824,Saltuarius swaini,XGBoost_multi_no_coords,spatial,False,0,0.004608266,-108593.63854256,6782767.65906175
229,1825,Cacophis kreftii,XGBoost_multi_no_coords,spatial,False,0,0.008331514,-108377.162322395,6782567.34735566
229,1826,Calyptotis scutirostrum,XGBoost_multi_no_coords,spatial,False,0,0.010175169,-108377.162322395,6782567.34735566
229,1827,Coeranoscincus reticulatus,XGBoost_multi_no_coords,spatial,False,1,0.049768597,-108377.162322395,6782567.34735566
229,1828,Egernia mcpheei,XGBoost_multi_no_coords,spatial,False,0,0.0041971006,-108377.162322395,6782567.34735566
229,1829,Eulamprus murrayi,XGBoost_multi_no_coords,spatial,False,0,0.0035675485,-108377.162322395,6782567.34735566
229,1830,Ophioscincus truncatus,XGBoost_multi_no_coords,spatial,False,0,0.05520759,-108377.162322395,6782567.34735566
229,1831,Pseudechis porphyricaus,XGBoost_multi_no_coords,spatial,False,0,0.006177854,-108377.162322395,6782567.34735566
229,1832,Saltuarius swaini,XGBoost_multi_no_coords,spatial,False,0,0.009358419,-108377.162322395,6782567.34735566
230,1833,Cacophis kreftii,XGBoost_multi_no_coords,spatial,False,0,0.013985032,-58637.6336775981,6785100.52209461
230,1834,Calyptotis scutirostrum,XGBoost_multi_no_coords,spatial,False,0,0.028855624,-58637.6336775981,6785100.52209461
230,1835,Coeranoscincus reticulatus,XGBoost_multi_no_coords,spatial,False,0,0.020712586,-58637.6336775981,6785100.52209461
230,1836,Egernia mcpheei,XGBoost_multi_no_coords,spatial,False,0,0.012785522,-58637.6336775981,6785100.52209461
230,1837,Eulamprus murrayi,XGBoost_multi_no_coords,spatial,False,0,0.003987041,-58637.6336775981,6785100.52209461
230,1838,Ophioscincus truncatus,XGBoost_multi_no_coords,spatial,False,0,0.015525336,-58637.6336775981,6785100.52209461
230,1839,Pseudechis porphyricaus,XGBoost_multi_no_coords,spatial,False,0,0.008519399,-58637.6336775981,6785100.52209461
230,1840,Saltuarius swaini,XGBoost_multi_no_coords,spatial,False,0,0.020814342,-58637.6336775981,6785100.52209461
231,1841,Cacophis kreftii,XGBoost_multi_no_coords,spatial,False,0,0.007783765,-107923.462038802,6781588.26422547
231,1842,Calyptotis scutirostrum,XGBoost_multi_no_coords,spatial,False,0,0.009267427,-107923.462038802,6781588.26422547
231,1843,Coeranoscincus reticulatus,XGBoost_multi_no_coords,spatial,False,1,0.025223942,-107923.462038802,6781588.26422547
231,1844,Egernia mcpheei,XGBoost_multi_no_coords,spatial,False,0,0.0045456244,-107923.462038802,6781588.26422547
231,1845,Eulamprus murrayi,XGBoost_multi_no_coords,spatial,False,0,0.003001729,-107923.462038802,6781588.26422547
231,1846,Ophioscincus truncatus,XGBoost_multi_no_coords,spatial,False,0,0.060951333,-107923.462038802,6781588.26422547
231,1847,Pseudechis porphyricaus,XGBoost_multi_no_coords,spatial,False,0,0.0063301995,-107923.462038802,6781588.26422547
231,1848,Saltuarius swaini,XGBoost_multi_no_coords,spatial,False,0,0.01226618,-107923.462038802,6781588.26422547
232,1849,Cacophis kreftii,XGBoost_multi_no_coords,spatial,False,0,0.0505256,-154268.894705046,6778832.59399199
232,1850,Calyptotis scutirostrum,XGBoost_multi_no_coords,spatial,False,0,0.064168714,-154268.894705046,6778832.59399199
232,1851,Coeranoscincus reticulatus,XGBoost_multi_no_coords,spatial,False,0,0.26329428,-154268.894705046,6778832.59399199
232,1852,Egernia mcpheei,XGBoost_multi_no_coords,spatial,False,0,0.012283812,-154268.894705046,6778832.59399199
232,1853,Eulamprus murrayi,XGBoost_multi_no_coords,spatial,False,0,0.008437876,-154268.894705046,6778832.59399199
232,1854,Ophioscincus truncatus,XGBoost_multi_no_coords,spatial,False,0,0.18702383,-154268.894705046,6778832.59399199
232,1855,Pseudechis porphyricaus,XGBoost_multi_no_coords,spatial,False,0,0.031788357,-154268.894705046,6778832.59399199
232,1856,Saltuarius swaini,XGBoost_multi_no_coords,spatial,False,0,0.02311768,-154268.894705046,6778832.59399199
233,1857,Cacophis kreftii,XGBoost_multi_no_coords,spatial,False,0,0.030592363,-151231.119203658,6778380.41797512
233,1858,Calyptotis scutirostrum,XGBoost_multi_no_coords,spatial,False,0,0.020170834,-151231.119203658,6778380.41797512
233,1859,Coeranoscincus reticulatus,XGBoost_multi_no_coords,spatial,False,1,0.21096534,-151231.119203658,6778380.41797512
233,1860,Egernia mcpheei,XGBoost_multi_no_coords,spatial,False,0,0.0069640167,-151231.119203658,6778380.41797512
233,1861,Eulamprus murrayi,XGBoost_multi_no_coords,spatial,False,0,0.003897321,-151231.119203658,6778380.41797512
233,1862,Ophioscincus truncatus,XGBoost_multi_no_coords,spatial,False,0,0.22005552,-151231.119203658,6778380.41797512
233,1863,Pseudechis porphyricaus,XGBoost_multi_no_coords,spatial,False,0,0.017704718,-151231.119203658,6778380.41797512
233,1864,Saltuarius swaini,XGBoost_multi_no_coords,spatial,False,0,0.011114469,-151231.119203658,6778380.41797512
234,1865,Cacophis kreftii,XGBoost_multi_no_coords,spatial,False,0,0.07283831,-150784.191440288,6777591.42724006
234,1866,Calyptotis scutirostrum,XGBoost_multi_no_coords,spatial,False,0,0.047073886,-150784.191440288,6777591.42724006
234,1867,Coeranoscincus reticulatus,XGBoost_multi_no_coords,spatial,False,0,0.4681865,-150784.191440288,6777591.42724006
234,1868,Egernia mcpheei,XGBoost_multi_no_coords,spatial,False,0,0.012292905,-150784.191440288,6777591.42724006
234,1869,Eulamprus murrayi,XGBoost_multi_no_coords,spatial,False,0,0.009501797,-150784.191440288,6777591.42724006
234,1870,Ophioscincus truncatus,XGBoost_multi_no_coords,spatial,False,0,0.4737293,-150784.191440288,6777591.42724006
234,1871,Pseudechis porphyricaus,XGBoost_multi_no_coords,spatial,False,0,0.03660262,-150784.191440288,6777591.42724006
234,1872,Saltuarius swaini,XGBoost_multi_no_coords,spatial,False,0,0.027107656,-150784.191440288,6777591.42724006
235,1873,Cacophis kreftii,XGBoost_multi_no_coords,spatial,False,0,0.028876591,-157053.44484427,6770228.31904544
235,1874,Calyptotis scutirostrum,XGBoost_multi_no_coords,spatial,False,0,0.01568405,-157053.44484427,6770228.31904544
235,1875,Coeranoscincus reticulatus,XGBoost_multi_no_coords,spatial,False,1,0.20561084,-157053.44484427,6770228.31904544
235,1876,Egernia mcpheei,XGBoost_multi_no_coords,spatial,False,0,0.007048073,-157053.44484427,6770228.31904544
235,1877,Eulamprus murrayi,XGBoost_multi_no_coords,spatial,False,0,0.003922805,-157053.44484427,6770228.31904544
235,1878,Ophioscincus truncatus,XGBoost_multi_no_coords,spatial,False,0,0.24018183,-157053.44484427,6770228.31904544
235,1879,Pseudechis porphyricaus,XGBoost_multi_no_coords,spatial,False,1,0.0846288,-157053.44484427,6770228.31904544
235,1880,Saltuarius swaini,XGBoost_multi_no_coords,spatial,False,0,0.012324869,-157053.44484427,6770228.31904544
236,1881,Cacophis kreftii,XGBoost_multi_no_coords,spatial,False,0,0.019491065,-157007.529503806,6769427.67794309
236,1882,Calyptotis scutirostrum,XGBoost_multi_no_coords,spatial,False,0,0.010874416,-157007.529503806,6769427.67794309
236,1883,Coeranoscincus reticulatus,XGBoost_multi_no_coords,spatial,False,1,0.12799816,-157007.529503806,6769427.67794309
236,1884,Egernia mcpheei,XGBoost_multi_no_coords,spatial,False,0,0.0056848424,-157007.529503806,6769427.67794309
236,1885,Eulamprus murrayi,XGBoost_multi_no_coords,spatial,False,0,0.0028637839,-157007.529503806,6769427.67794309
236,1886,Ophioscincus truncatus,XGBoost_multi_no_coords,spatial,False,0,0.15076584,-157007.529503806,6769427.67794309
236,1887,Pseudechis porphyricaus,XGBoost_multi_no_coords,spatial,False,0,0.053201154,-157007.529503806,6769427.67794309
236,1888,Saltuarius swaini,XGBoost_multi_no_coords,spatial,False,0,0.008825563,-157007.529503806,6769427.67794309
237,1889,Cacophis kreftii,XGBoost_multi_no_coords,spatial,False,0,0.028908646,-157601.945479142,6769192.74860327
237,1890,Calyptotis scutirostrum,XGBoost_multi_no_coords,spatial,False,0,0.01791596,-157601.945479142,6769192.74860327
237,1891,Coeranoscincus reticulatus,XGBoost_multi_no_coords,spatial,False,1,0.14650214,-157601.945479142,6769192.74860327
237,1892,Egernia mcpheei,XGBoost_multi_no_coords,spatial,False,0,0.0071432996,-157601.945479142,6769192.74860327
237,1893,Eulamprus murrayi,XGBoost_multi_no_coords,spatial,False,0,0.006155037,-157601.945479142,6769192.74860327
237,1894,Ophioscincus truncatus,XGBoost_multi_no_coords,spatial,False,0,0.32833546,-157601.945479142,6769192.74860327
237,1895,Pseudechis porphyricaus,XGBoost_multi_no_coords,spatial,False,0,0.08006123,-157601.945479142,6769192.74860327
237,1896,Saltuarius swaini,XGBoost_multi_no_coords,spatial,False,0,0.015195385,-157601.945479142,6769192.74860327
238,1897,Cacophis kreftii,XGBoost_multi_no_coords,spatial,False,0,0.005863904,-42631.6013249115,6774856.7836682
238,1898,Calyptotis scutirostrum,XGBoost_multi_no_coords,spatial,False,0,0.007298355,-42631.6013249115,6774856.7836682
238,1899,Coeranoscincus reticulatus,XGBoost_multi_no_coords,spatial,False,0,0.0065291985,-42631.6013249115,6774856.7836682
238,1900,Egernia mcpheei,XGBoost_multi_no_coords,spatial,False,0,0.0046274555,-42631.6013249115,6774856.7836682
238,1901,Eulamprus murrayi,XGBoost_multi_no_coords,spatial,False,0,0.0017970471,-42631.6013249115,6774856.7836682
238,1902,Ophioscincus truncatus,XGBoost_multi_no_coords,spatial,False,0,0.005512386,-42631.6013249115,6774856.7836682
238,1903,Pseudechis porphyricaus,XGBoost_multi_no_coords,spatial,False,0,0.012888318,-42631.6013249115,6774856.7836682
238,1904,Saltuarius swaini,XGBoost_multi_no_coords,spatial,False,0,0.014689355,-42631.6013249115,6774856.7836682
239,1905,Cacophis kreftii,XGBoost_multi_no_coords,spatial,False,0,0.0071998253,-42808.1790068126,6774247.29778187
239,1906,Calyptotis scutirostrum,XGBoost_multi_no_coords,spatial,False,0,0.007990364,-42808.1790068126,6774247.29778187
239,1907,Coeranoscincus reticulatus,XGBoost_multi_no_coords,spatial,False,0,0.01146724,-42808.1790068126,6774247.29778187
239,1908,Egernia mcpheei,XGBoost_multi_no_coords,spatial,False,0,0.0051751346,-42808.1790068126,6774247.29778187
239,1909,Eulamprus murrayi,XGBoost_multi_no_coords,spatial,False,0,0.0019593542,-42808.1790068126,6774247.29778187
239,1910,Ophioscincus truncatus,XGBoost_multi_no_coords,spatial,False,0,0.0078098085,-42808.1790068126,6774247.29778187
239,1911,Pseudechis porphyricaus,XGBoost_multi_no_coords,spatial,False,0,0.016034683,-42808.1790068126,6774247.29778187
239,1912,Saltuarius swaini,XGBoost_multi_no_coords,spatial,False,0,0.019881448,-42808.1790068126,6774247.29778187
240,1913,Cacophis kreftii,XGBoost_multi_no_coords,spatial,False,0,0.0053778044,-90697.5110841577,6771199.36165782
240,1914,Calyptotis scutirostrum,XGBoost_multi_no_coords,spatial,False,0,0.006598649,-90697.5110841577,6771199.36165782
240,1915,Coeranoscincus reticulatus,XGBoost_multi_no_coords,spatial,False,0,0.011699779,-90697.5110841577,6771199.36165782
240,1916,Egernia mcpheei,XGBoost_multi_no_coords,spatial,False,0,0.0037185592,-90697.5110841577,6771199.36165782
240,1917,Eulamprus murrayi,XGBoost_multi_no_coords,spatial,False,0,0.0021225056,-90697.5110841577,6771199.36165782
240,1918,Ophioscincus truncatus,XGBoost_multi_no_coords,spatial,False,0,0.008063749,-90697.5110841577,6771199.36165782
240,1919,Pseudechis porphyricaus,XGBoost_multi_no_coords,spatial,False,0,0.006396274,-90697.5110841577,6771199.36165782
240,1920,Saltuarius swaini,XGBoost_multi_no_coords,spatial,False,0,0.011235631,-90697.5110841577,6771199.36165782
241,1921,Cacophis kreftii,XGBoost_multi_no_coords,spatial,False,0,0.0063573327,-89886.5465170286,6771040.60297007
241,1922,Calyptotis scutirostrum,XGBoost_multi_no_coords,spatial,False,0,0.0077988096,-89886.5465170286,6771040.60297007
241,1923,Coeranoscincus reticulatus,XGBoost_multi_no_coords,spatial,False,0,0.012914455,-89886.5465170286,6771040.60297007
241,1924,Egernia mcpheei,XGBoost_multi_no_coords,spatial,False,0,0.004424522,-89886.5465170286,6771040.60297007
241,1925,Eulamprus murrayi,XGBoost_multi_no_coords,spatial,False,0,0.0025106038,-89886.5465170286,6771040.60297007
241,1926,Ophioscincus truncatus,XGBoost_multi_no_coords,spatial,False,0,0.00934325,-89886.5465170286,6771040.60297007
241,1927,Pseudechis porphyricaus,XGBoost_multi_no_coords,spatial,False,0,0.0075599058,-89886.5465170286,6771040.60297007
241,1928,Saltuarius swaini,XGBoost_multi_no_coords,spatial,False,0,0.013671739,-89886.5465170286,6771040.60297007
242,1929,Cacophis kreftii,XGBoost_multi_no_coords,spatial,False,0,0.004993279,-45884.998116622,6771685.40364584
242,1930,Calyptotis scutirostrum,XGBoost_multi_no_coords,spatial,False,0,0.0048578023,-45884.998116622,6771685.40364584
242,1931,Coeranoscincus reticulatus,XGBoost_multi_no_coords,spatial,False,0,0.008571839,-45884.998116622,6771685.40364584
242,1932,Egernia mcpheei,XGBoost_multi_no_coords,spatial,False,0,0.0037951262,-45884.998116622,6771685.40364584
242,1933,Eulamprus murrayi,XGBoost_multi_no_coords,spatial,False,0,0.001466517,-45884.998116622,6771685.40364584
242,1934,Ophioscincus truncatus,XGBoost_multi_no_coords,spatial,False,0,0.005375795,-45884.998116622,6771685.40364584
242,1935,Pseudechis porphyricaus,XGBoost_multi_no_coords,spatial,False,0,0.011210439,-45884.998116622,6771685.40364584
242,1936,Saltuarius swaini,XGBoost_multi_no_coords,spatial,False,0,0.013535561,-45884.998116622,6771685.40364584
243,1937,Cacophis kreftii,XGBoost_multi_no_coords,spatial,False,0,0.0060311807,-45846.3441318398,6770874.56187869
243,1938,Calyptotis scutirostrum,XGBoost_multi_no_coords,spatial,False,0,0.0056352434,-45846.3441318398,6770874.56187869
243,1939,Coeranoscincus reticulatus,XGBoost_multi_no_coords,spatial,False,0,0.010345855,-45846.3441318398,6770874.56187869
243,1940,Egernia mcpheei,XGBoost_multi_no_coords,spatial,False,0,0.0045851283,-45846.3441318398,6770874.56187869
243,1941,Eulamprus murrayi,XGBoost_multi_no_coords,spatial,False,0,0.0017310706,-45846.3441318398,6770874.56187869
243,1942,Ophioscincus truncatus,XGBoost_multi_no_coords,spatial,False,0,0.006665495,-45846.3441318398,6770874.56187869
243,1943,Pseudechis porphyricaus,XGBoost_multi_no_coords,spatial,False,0,0.013523088,-45846.3441318398,6770874.56187869
243,1944,Saltuarius swaini,XGBoost_multi_no_coords,spatial,False,0,0.016688999,-45846.3441318398,6770874.56187869
244,1945,Cacophis kreftii,XGBoost_multi_no_coords,spatial,False,0,0.0056191143,-46208.2545646069,6770055.74332879
244,1946,Calyptotis scutirostrum,XGBoost_multi_no_coords,spatial,False,0,0.0054667513,-46208.2545646069,6770055.74332879
244,1947,Coeranoscincus reticulatus,XGBoost_multi_no_coords,spatial,False,0,0.00964184,-46208.2545646069,6770055.74332879
244,1948,Egernia mcpheei,XGBoost_multi_no_coords,spatial,False,0,0.0042714356,-46208.2545646069,6770055.74332879
244,1949,Eulamprus murrayi,XGBoost_multi_no_coords,spatial,False,0,0.0016510574,-46208.2545646069,6770055.74332879
244,1950,Ophioscincus truncatus,XGBoost_multi_no_coords,spatial,False,0,0.0060492824,-46208.2545646069,6770055.74332879
244,1951,Pseudechis porphyricaus,XGBoost_multi_no_coords,spatial,False,0,0.0126056345,-46208.2545646069,6770055.74332879
244,1952,Saltuarius swaini,XGBoost_multi_no_coords,spatial,False,0,0.014802046,-46208.2545646069,6770055.74332879
245,1953,Cacophis kreftii,XGBoost_multi_no_coords,spatial,False,0,0.005507605,-42736.9260770733,6769029.74166907
245,1954,Calyptotis scutirostrum,XGBoost_multi_no_coords,spatial,False,0,0.005685745,-42736.9260770733,6769029.74166907
245,1955,Coeranoscincus reticulatus,XGBoost_multi_no_coords,spatial,False,0,0.007179196,-42736.9260770733,6769029.74166907
245,1956,Egernia mcpheei,XGBoost_multi_no_coords,spatial,False,0,0.0042890124,-42736.9260770733,6769029.74166907
245,1957,Eulamprus murrayi,XGBoost_multi_no_coords,spatial,False,0,0.001642746,-42736.9260770733,6769029.74166907
245,1958,Ophioscincus truncatus,XGBoost_multi_no_coords,spatial,False,0,0.0060463846,-42736.9260770733,6769029.74166907
245,1959,Pseudechis porphyricaus,XGBoost_multi_no_coords,spatial,False,0,0.012274986,-42736.9260770733,6769029.74166907
245,1960,Saltuarius swaini,XGBoost_multi_no_coords,spatial,False,0,0.0152544165,-42736.9260770733,6769029.74166907
246,1961,Cacophis kreftii,XGBoost_multi_no_coords,spatial,False,0,0.004069991,-42727.4414379179,6768829.81362177
246,1962,Calyptotis scutirostrum,XGBoost_multi_no_coords,spatial,False,0,0.0044483184,-42727.4414379179,6768829.81362177
246,1963,Coeranoscincus reticulatus,XGBoost_multi_no_coords,spatial,False,0,0.005823655,-42727.4414379179,6768829.81362177
246,1964,Egernia mcpheei,XGBoost_multi_no_coords,spatial,False,0,0.002509899,-42727.4414379179,6768829.81362177
246,1965,Eulamprus murrayi,XGBoost_multi_no_coords,spatial,False,0,0.0013279667,-42727.4414379179,6768829.81362177
246,1966,Ophioscincus truncatus,XGBoost_multi_no_coords,spatial,False,0,0.0060666124,-42727.4414379179,6768829.81362177
246,1967,Pseudechis porphyricaus,XGBoost_multi_no_coords,spatial,False,0,0.008521437,-42727.4414379179,6768829.81362177
246,1968,Saltuarius swaini,XGBoost_multi_no_coords,spatial,False,0,0.010586539,-42727.4414379179,6768829.81362177
247,1969,Cacophis kreftii,XGBoost_multi_no_coords,spatial,False,0,0.0045113196,-42717.9562631494,6768629.88557173
247,1970,Calyptotis scutirostrum,XGBoost_multi_no_coords,spatial,False,0,0.004930465,-42717.9562631494,6768629.88557173
247,1971,Coeranoscincus reticulatus,XGBoost_multi_no_coords,spatial,False,0,0.0064539155,-42717.9562631494,6768629.88557173
247,1972,Egernia mcpheei,XGBoost_multi_no_coords,spatial,False,0,0.0027825295,-42717.9562631494,6768629.88557173
247,1973,Eulamprus murrayi,XGBoost_multi_no_coords,spatial,False,0,0.001472404,-42717.9562631494,6768629.88557173
247,1974,Ophioscincus truncatus,XGBoost_multi_no_coords,spatial,False,0,0.006452818,-42717.9562631494,6768629.88557173
247,1975,Pseudechis porphyricaus,XGBoost_multi_no_coords,spatial,False,0,0.00973821,-42717.9562631494,6768629.88557173
247,1976,Saltuarius swaini,XGBoost_multi_no_coords,spatial,False,0,0.011921272,-42717.9562631494,6768629.88557173
248,1977,Cacophis kreftii,XGBoost_multi_no_coords,spatial,False,0,0.056084692,-139175.743651501,6763098.07298971
248,1978,Calyptotis scutirostrum,XGBoost_multi_no_coords,spatial,False,0,0.07550982,-139175.743651501,6763098.07298971
248,1979,Coeranoscincus reticulatus,XGBoost_multi_no_coords,spatial,False,0,0.36744198,-139175.743651501,6763098.07298971
248,1980,Egernia mcpheei,XGBoost_multi_no_coords,spatial,False,0,0.01209508,-139175.743651501,6763098.07298971
248,1981,Eulamprus murrayi,XGBoost_multi_no_coords,spatial,False,0,0.015647152,-139175.743651501,6763098.07298971
248,1982,Ophioscincus truncatus,XGBoost_multi_no_coords,spatial,False,0,0.33509764,-139175.743651501,6763098.07298971
248,1983,Pseudechis porphyricaus,XGBoost_multi_no_coords,spatial,False,0,0.024756916,-139175.743651501,6763098.07298971
248,1984,Saltuarius swaini,XGBoost_multi_no_coords,spatial,False,0,0.019380827,-139175.743651501,6763098.07298971
249,1985,Cacophis kreftii,XGBoost_multi_no_coords,spatial,False,0,0.10539585,-138923.869162796,6762097.27372678
249,1986,Calyptotis scutirostrum,XGBoost_multi_no_coords,spatial,False,0,0.113632455,-138923.869162796,6762097.27372678
249,1987,Coeranoscincus reticulatus,XGBoost_multi_no_coords,spatial,False,1,0.5883804,-138923.869162796,6762097.27372678
249,1988,Egernia mcpheei,XGBoost_multi_no_coords,spatial,False,0,0.02339744,-138923.869162796,6762097.27372678
249,1989,Eulamprus murrayi,XGBoost_multi_no_coords,spatial,False,0,0.011582575,-138923.869162796,6762097.27372678
249,1990,Ophioscincus truncatus,XGBoost_multi_no_coords,spatial,False,1,0.4143898,-138923.869162796,6762097.27372678
249,1991,Pseudechis porphyricaus,XGBoost_multi_no_coords,spatial,False,0,0.047773056,-138923.869162796,6762097.27372678
249,1992,Saltuarius swaini,XGBoost_multi_no_coords,spatial,False,0,0.031937752,-138923.869162796,6762097.27372678
252,2009,Cacophis kreftii,XGBoost_multi_no_coords,spatial,False,0,0.0052747875,-43112.7372327422,6764592.40958821
252,2010,Calyptotis scutirostrum,XGBoost_multi_no_coords,spatial,False,0,0.005558342,-43112.7372327422,6764592.40958821
252,2011,Coeranoscincus reticulatus,XGBoost_multi_no_coords,spatial,False,0,0.006876212,-43112.7372327422,6764592.40958821
252,2012,Egernia mcpheei,XGBoost_multi_no_coords,spatial,False,0,0.004022927,-43112.7372327422,6764592.40958821
252,2013,Eulamprus murrayi,XGBoost_multi_no_coords,spatial,False,0,0.001621865,-43112.7372327422,6764592.40958821
252,2014,Ophioscincus truncatus,XGBoost_multi_no_coords,spatial,False,0,0.0058996,-43112.7372327422,6764592.40958821
252,2015,Pseudechis porphyricaus,XGBoost_multi_no_coords,spatial,False,0,0.011109297,-43112.7372327422,6764592.40958821
252,2016,Saltuarius swaini,XGBoost_multi_no_coords,spatial,False,0,0.01461563,-43112.7372327422,6764592.40958821
254,2025,Cacophis kreftii,XGBoost_multi_no_coords,spatial,False,0,0.0049806293,-43678.7671977115,6763752.8151483
254,2026,Calyptotis scutirostrum,XGBoost_multi_no_coords,spatial,False,0,0.005465051,-43678.7671977115,6763752.8151483
254,2027,Coeranoscincus reticulatus,XGBoost_multi_no_coords,spatial,False,0,0.006474268,-43678.7671977115,6763752.8151483
254,2028,Egernia mcpheei,XGBoost_multi_no_coords,spatial,False,0,0.0037184604,-43678.7671977115,6763752.8151483
254,2029,Eulamprus murrayi,XGBoost_multi_no_coords,spatial,False,0,0.0016088355,-43678.7671977115,6763752.8151483
254,2030,Ophioscincus truncatus,XGBoost_multi_no_coords,spatial,False,0,0.00565364,-43678.7671977115,6763752.8151483
254,2031,Pseudechis porphyricaus,XGBoost_multi_no_coords,spatial,False,0,0.009652597,-43678.7671977115,6763752.8151483
254,2032,Saltuarius swaini,XGBoost_multi_no_coords,spatial,False,0,0.012919233,-43678.7671977115,6763752.8151483
255,2033,Cacophis kreftii,XGBoost_multi_no_coords,spatial,False,0,0.0056626354,-47276.750227819,6763369.40347618
255,2034,Calyptotis scutirostrum,XGBoost_multi_no_coords,spatial,False,0,0.0072124954,-47276.750227819,6763369.40347618
255,2035,Coeranoscincus reticulatus,XGBoost_multi_no_coords,spatial,False,0,0.0069481204,-47276.750227819,6763369.40347618
255,2036,Egernia mcpheei,XGBoost_multi_no_coords,spatial,False,0,0.0038470547,-47276.750227819,6763369.40347618
255,2037,Eulamprus murrayi,XGBoost_multi_no_coords,spatial,False,0,0.0018734853,-47276.750227819,6763369.40347618
255,2038,Ophioscincus truncatus,XGBoost_multi_no_coords,spatial,False,0,0.007754975,-47276.750227819,6763369.40347618
255,2039,Pseudechis porphyricaus,XGBoost_multi_no_coords,spatial,False,0,0.0045815846,-47276.750227819,6763369.40347618
255,2040,Saltuarius swaini,XGBoost_multi_no_coords,spatial,False,0,0.012327459,-47276.750227819,6763369.40347618
106,841,Cacophis kreftii,XGBoost_multi_interactions_no_coords,spatial,False,1,0.1334716,-147293.925634327,6831915.7941736
106,842,Calyptotis scutirostrum,XGBoost_multi_interactions_no_coords,spatial,False,1,0.8420509,-147293.925634327,6831915.7941736
106,843,Coeranoscincus reticulatus,XGBoost_multi_interactions_no_coords,spatial,False,1,0.54767364,-147293.925634327,6831915.7941736
106,844,Egernia mcpheei,XGBoost_multi_interactions_no_coords,spatial,False,0,0.11098028,-147293.925634327,6831915.7941736
106,845,Eulamprus murrayi,XGBoost_multi_interactions_no_coords,spatial,False,0,0.015238199,-147293.925634327,6831915.7941736
106,846,Ophioscincus truncatus,XGBoost_multi_interactions_no_coords,spatial,False,0,0.14922543,-147293.925634327,6831915.7941736
106,847,Pseudechis porphyricaus,XGBoost_multi_interactions_no_coords,spatial,False,0,0.04366966,-147293.925634327,6831915.7941736
106,848,Saltuarius swaini,XGBoost_multi_interactions_no_coords,spatial,False,0,0.028500093,-147293.925634327,6831915.7941736
111,881,Cacophis kreftii,XGBoost_multi_interactions_no_coords,spatial,False,0,0.12872066,-146869.047423431,6831537.755626
111,882,Calyptotis scutirostrum,XGBoost_multi_interactions_no_coords,spatial,False,1,0.8588772,-146869.047423431,6831537.755626
111,883,Coeranoscincus reticulatus,XGBoost_multi_interactions_no_coords,spatial,False,0,0.6434979,-146869.047423431,6831537.755626
111,884,Egernia mcpheei,XGBoost_multi_interactions_no_coords,spatial,False,1,0.09255876,-146869.047423431,6831537.755626
111,885,Eulamprus murrayi,XGBoost_multi_interactions_no_coords,spatial,False,0,0.014005556,-146869.047423431,6831537.755626
111,886,Ophioscincus truncatus,XGBoost_multi_interactions_no_coords,spatial,False,0,0.11118053,-146869.047423431,6831537.755626
111,887,Pseudechis porphyricaus,XGBoost_multi_interactions_no_coords,spatial,False,0,0.04192567,-146869.047423431,6831537.755626
111,888,Saltuarius swaini,XGBoost_multi_interactions_no_coords,spatial,False,0,0.02924845,-146869.047423431,6831537.755626
122,969,Cacophis kreftii,XGBoost_multi_interactions_no_coords,spatial,False,0,0.08106753,-121930.447488692,6831783.7962185
122,970,Calyptotis scutirostrum,XGBoost_multi_interactions_no_coords,spatial,False,0,0.07791019,-121930.447488692,6831783.7962185
122,971,Coeranoscincus reticulatus,XGBoost_multi_interactions_no_coords,spatial,False,1,0.58358055,-121930.447488692,6831783.7962185
122,972,Egernia mcpheei,XGBoost_multi_interactions_no_coords,spatial,False,0,0.014267924,-121930.447488692,6831783.7962185
122,973,Eulamprus murrayi,XGBoost_multi_interactions_no_coords,spatial,False,0,0.009347414,-121930.447488692,6831783.7962185
122,974,Ophioscincus truncatus,XGBoost_multi_interactions_no_coords,spatial,False,1,0.35815868,-121930.447488692,6831783.7962185
122,975,Pseudechis porphyricaus,XGBoost_multi_interactions_no_coords,spatial,False,0,0.021762582,-121930.447488692,6831783.7962185
122,976,Saltuarius swaini,XGBoost_multi_interactions_no_coords,spatial,False,0,0.03251772,-121930.447488692,6831783.7962185
125,993,Cacophis kreftii,XGBoost_multi_interactions_no_coords,spatial,False,0,0.059115402,-119100.196556909,6831521.23488212
125,994,Calyptotis scutirostrum,XGBoost_multi_interactions_no_coords,spatial,False,1,0.04154293,-119100.196556909,6831521.23488212
125,995,Coeranoscincus reticulatus,XGBoost_multi_interactions_no_coords,spatial,False,0,0.26027578,-119100.196556909,6831521.23488212
125,996,Egernia mcpheei,XGBoost_multi_interactions_no_coords,spatial,False,0,0.016840374,-119100.196556909,6831521.23488212
125,997,Eulamprus murrayi,XGBoost_multi_interactions_no_coords,spatial,False,0,0.007827516,-119100.196556909,6831521.23488212
125,998,Ophioscincus truncatus,XGBoost_multi_interactions_no_coords,spatial,False,0,0.21765935,-119100.196556909,6831521.23488212
125,999,Pseudechis porphyricaus,XGBoost_multi_interactions_no_coords,spatial,False,0,0.023615275,-119100.196556909,6831521.23488212
125,1000,Saltuarius swaini,XGBoost_multi_interactions_no_coords,spatial,False,0,0.0335646,-119100.196556909,6831521.23488212
126,1001,Cacophis kreftii,XGBoost_multi_interactions_no_coords,spatial,False,0,0.05097859,-122301.197680874,6831162.17696098
126,1002,Calyptotis scutirostrum,XGBoost_multi_interactions_no_coords,spatial,False,0,0.07069702,-122301.197680874,6831162.17696098
126,1003,Coeranoscincus reticulatus,XGBoost_multi_interactions_no_coords,spatial,False,0,0.38300836,-122301.197680874,6831162.17696098
126,1004,Egernia mcpheei,XGBoost_multi_interactions_no_coords,spatial,False,1,0.010031161,-122301.197680874,6831162.17696098
126,1005,Eulamprus murrayi,XGBoost_multi_interactions_no_coords,spatial,False,0,0.006122172,-122301.197680874,6831162.17696098
126,1006,Ophioscincus truncatus,XGBoost_multi_interactions_no_coords,spatial,False,0,0.22697905,-122301.197680874,6831162.17696098
126,1007,Pseudechis porphyricaus,XGBoost_multi_interactions_no_coords,spatial,False,0,0.033282746,-122301.197680874,6831162.17696098
126,1008,Saltuarius swaini,XGBoost_multi_interactions_no_coords,spatial,False,0,0.017695995,-122301.197680874,6831162.17696098
127,1009,Cacophis kreftii,XGBoost_multi_interactions_no_coords,spatial,False,0,0.063206136,-113069.978206809,6831626.51450922
127,1010,Calyptotis scutirostrum,XGBoost_multi_interactions_no_coords,spatial,False,0,0.04735347,-113069.978206809,6831626.51450922
127,1011,Coeranoscincus reticulatus,XGBoost_multi_interactions_no_coords,spatial,False,1,0.43863112,-113069.978206809,6831626.51450922
127,1012,Egernia mcpheei,XGBoost_multi_interactions_no_coords,spatial,False,0,0.02168443,-113069.978206809,6831626.51450922
127,1013,Eulamprus murrayi,XGBoost_multi_interactions_no_coords,spatial,False,0,0.017898325,-113069.978206809,6831626.51450922
127,1014,Ophioscincus truncatus,XGBoost_multi_interactions_no_coords,spatial,False,0,0.6365584,-113069.978206809,6831626.51450922
127,1015,Pseudechis porphyricaus,XGBoost_multi_interactions_no_coords,spatial,False,0,0.011542971,-113069.978206809,6831626.51450922
127,1016,Saltuarius swaini,XGBoost_multi_interactions_no_coords,spatial,False,0,0.036902245,-113069.978206809,6831626.51450922
128,1017,Cacophis kreftii,XGBoost_multi_interactions_no_coords,spatial,False,0,0.09995468,-110250.872026258,6831561.92472725
128,1018,Calyptotis scutirostrum,XGBoost_multi_interactions_no_coords,spatial,False,0,0.1855943,-110250.872026258,6831561.92472725
128,1019,Coeranoscincus reticulatus,XGBoost_multi_interactions_no_coords,spatial,False,0,0.5130286,-110250.872026258,6831561.92472725
128,1020,Egernia mcpheei,XGBoost_multi_interactions_no_coords,spatial,False,0,0.029935189,-110250.872026258,6831561.92472725
128,1021,Eulamprus murrayi,XGBoost_multi_interactions_no_coords,spatial,False,0,0.044867065,-110250.872026258,6831561.92472725
128,1022,Ophioscincus truncatus,XGBoost_multi_interactions_no_coords,spatial,False,0,0.535517,-110250.872026258,6831561.92472725
128,1023,Pseudechis porphyricaus,XGBoost_multi_interactions_no_coords,spatial,False,0,0.017568948,-110250.872026258,6831561.92472725
128,1024,Saltuarius swaini,XGBoost_multi_interactions_no_coords,spatial,False,0,0.04443958,-110250.872026258,6831561.92472725
130,1033,Cacophis kreftii,XGBoost_multi_interactions_no_coords,spatial,False,0,0.030391986,-112831.744333792,6830836.54025889
130,1034,Calyptotis scutirostrum,XGBoost_multi_interactions_no_coords,spatial,False,0,0.03307681,-112831.744333792,6830836.54025889
130,1035,Coeranoscincus reticulatus,XGBoost_multi_interactions_no_coords,spatial,False,0,0.090404,-112831.744333792,6830836.54025889
130,1036,Egernia mcpheei,XGBoost_multi_interactions_no_coords,spatial,False,0,0.013586545,-112831.744333792,6830836.54025889
130,1037,Eulamprus murrayi,XGBoost_multi_interactions_no_coords,spatial,False,0,0.008175157,-112831.744333792,6830836.54025889
130,1038,Ophioscincus truncatus,XGBoost_multi_interactions_no_coords,spatial,False,0,0.22660287,-112831.744333792,6830836.54025889
130,1039,Pseudechis porphyricaus,XGBoost_multi_interactions_no_coords,spatial,False,0,0.0073716887,-112831.744333792,6830836.54025889
130,1040,Saltuarius swaini,XGBoost_multi_interactions_no_coords,spatial,False,0,0.022537777,-112831.744333792,6830836.54025889
132,1049,Cacophis kreftii,XGBoost_multi_interactions_no_coords,spatial,False,0,0.05542223,-105801.162580743,6831179.93507326
132,1050,Calyptotis scutirostrum,XGBoost_multi_interactions_no_coords,spatial,False,0,0.49135563,-105801.162580743,6831179.93507326
132,1051,Coeranoscincus reticulatus,XGBoost_multi_interactions_no_coords,spatial,False,0,0.12832096,-105801.162580743,6831179.93507326
132,1052,Egernia mcpheei,XGBoost_multi_interactions_no_coords,spatial,False,0,0.011323818,-105801.162580743,6831179.93507326
132,1053,Eulamprus murrayi,XGBoost_multi_interactions_no_coords,spatial,False,0,0.0059750457,-105801.162580743,6831179.93507326
132,1054,Ophioscincus truncatus,XGBoost_multi_interactions_no_coords,spatial,False,0,0.14618586,-105801.162580743,6831179.93507326
132,1055,Pseudechis porphyricaus,XGBoost_multi_interactions_no_coords,spatial,False,0,0.01184613,-105801.162580743,6831179.93507326
132,1056,Saltuarius swaini,XGBoost_multi_interactions_no_coords,spatial,False,0,0.012858336,-105801.162580743,6831179.93507326
134,1065,Cacophis kreftii,XGBoost_multi_interactions_no_coords,spatial,False,0,0.10100059,-109785.840498241,6830382.55130941
134,1066,Calyptotis scutirostrum,XGBoost_multi_interactions_no_coords,spatial,False,0,0.48737597,-109785.840498241,6830382.55130941
134,1067,Coeranoscincus reticulatus,XGBoost_multi_interactions_no_coords,spatial,False,0,0.054636754,-109785.840498241,6830382.55130941
134,1068,Egernia mcpheei,XGBoost_multi_interactions_no_coords,spatial,False,0,0.026906278,-109785.840498241,6830382.55130941
134,1069,Eulamprus murrayi,XGBoost_multi_interactions_no_coords,spatial,False,0,0.011559282,-109785.840498241,6830382.55130941
134,1070,Ophioscincus truncatus,XGBoost_multi_interactions_no_coords,spatial,False,0,0.4342131,-109785.840498241,6830382.55130941
134,1071,Pseudechis porphyricaus,XGBoost_multi_interactions_no_coords,spatial,False,0,0.013833074,-109785.840498241,6830382.55130941
134,1072,Saltuarius swaini,XGBoost_multi_interactions_no_coords,spatial,False,0,0.030817484,-109785.840498241,6830382.55130941
135,1073,Cacophis kreftii,XGBoost_multi_interactions_no_coords,spatial,False,0,0.053699844,-60576.6608829403,6831437.80904093
135,1074,Calyptotis scutirostrum,XGBoost_multi_interactions_no_coords,spatial,False,0,0.2883204,-60576.6608829403,6831437.80904093
135,1075,Coeranoscincus reticulatus,XGBoost_multi_interactions_no_coords,spatial,False,0,0.022144817,-60576.6608829403,6831437.80904093
135,1076,Egernia mcpheei,XGBoost_multi_interactions_no_coords,spatial,False,0,0.009845895,-60576.6608829403,6831437.80904093
135,1077,Eulamprus murrayi,XGBoost_multi_interactions_no_coords,spatial,False,0,0.0062334854,-60576.6608829403,6831437.80904093
135,1078,Ophioscincus truncatus,XGBoost_multi_interactions_no_coords,spatial,False,1,0.14715561,-60576.6608829403,6831437.80904093
135,1079,Pseudechis porphyricaus,XGBoost_multi_interactions_no_coords,spatial,False,0,0.0086588515,-60576.6608829403,6831437.80904093
135,1080,Saltuarius swaini,XGBoost_multi_interactions_no_coords,spatial,False,0,0.01234108,-60576.6608829403,6831437.80904093
136,1081,Cacophis kreftii,XGBoost_multi_interactions_no_coords,spatial,False,0,0.058363315,-62745.5415882464,6830732.52392328
136,1082,Calyptotis scutirostrum,XGBoost_multi_interactions_no_coords,spatial,False,0,0.04168173,-62745.5415882464,6830732.52392328
136,1083,Coeranoscincus reticulatus,XGBoost_multi_interactions_no_coords,spatial,False,0,0.03161898,-62745.5415882464,6830732.52392328
136,1084,Egernia mcpheei,XGBoost_multi_interactions_no_coords,spatial,False,0,0.00858816,-62745.5415882464,6830732.52392328
136,1085,Eulamprus murrayi,XGBoost_multi_interactions_no_coords,spatial,False,0,0.008616501,-62745.5415882464,6830732.52392328
136,1086,Ophioscincus truncatus,XGBoost_multi_interactions_no_coords,spatial,False,1,0.07298193,-62745.5415882464,6830732.52392328
136,1087,Pseudechis porphyricaus,XGBoost_multi_interactions_no_coords,spatial,False,0,0.012504788,-62745.5415882464,6830732.52392328
136,1088,Saltuarius swaini,XGBoost_multi_interactions_no_coords,spatial,False,0,0.0132856835,-62745.5415882464,6830732.52392328
137,1089,Cacophis kreftii,XGBoost_multi_interactions_no_coords,spatial,False,0,0.07651624,-59930.1265788042,6830667.09207023
137,1090,Calyptotis scutirostrum,XGBoost_multi_interactions_no_coords,spatial,False,0,0.10453188,-59930.1265788042,6830667.09207023
137,1091,Coeranoscincus reticulatus,XGBoost_multi_interactions_no_coords,spatial,False,0,0.09045315,-59930.1265788042,6830667.09207023
137,1092,Egernia mcpheei,XGBoost_multi_interactions_no_coords,spatial,False,0,0.02819604,-59930.1265788042,6830667.09207023
137,1093,Eulamprus murrayi,XGBoost_multi_interactions_no_coords,spatial,False,0,0.011154833,-59930.1265788042,6830667.09207023
137,1094,Ophioscincus truncatus,XGBoost_multi_interactions_no_coords,spatial,False,0,0.23013403,-59930.1265788042,6830667.09207023
137,1095,Pseudechis porphyricaus,XGBoost_multi_interactions_no_coords,spatial,False,0,0.012932459,-59930.1265788042,6830667.09207023
137,1096,Saltuarius swaini,XGBoost_multi_interactions_no_coords,spatial,False,0,0.017749107,-59930.1265788042,6830667.09207023
138,1097,Cacophis kreftii,XGBoost_multi_interactions_no_coords,spatial,False,0,0.006450614,-33656.1895879237,6831782.75910205
138,1098,Calyptotis scutirostrum,XGBoost_multi_interactions_no_coords,spatial,False,0,0.04789417,-33656.1895879237,6831782.75910205
138,1099,Coeranoscincus reticulatus,XGBoost_multi_interactions_no_coords,spatial,False,0,0.0037141189,-33656.1895879237,6831782.75910205
138,1100,Egernia mcpheei,XGBoost_multi_interactions_no_coords,spatial,False,0,0.003884565,-33656.1895879237,6831782.75910205
138,1101,Eulamprus murrayi,XGBoost_multi_interactions_no_coords,spatial,False,0,0.0014249275,-33656.1895879237,6831782.75910205
138,1102,Ophioscincus truncatus,XGBoost_multi_interactions_no_coords,spatial,False,0,0.012268438,-33656.1895879237,6831782.75910205
138,1103,Pseudechis porphyricaus,XGBoost_multi_interactions_no_coords,spatial,False,0,0.004703263,-33656.1895879237,6831782.75910205
138,1104,Saltuarius swaini,XGBoost_multi_interactions_no_coords,spatial,False,0,0.021305615,-33656.1895879237,6831782.75910205
139,1105,Cacophis kreftii,XGBoost_multi_interactions_no_coords,spatial,False,0,0.10644319,-60097.6324680274,6830057.84195886
139,1106,Calyptotis scutirostrum,XGBoost_multi_interactions_no_coords,spatial,False,0,0.6921712,-60097.6324680274,6830057.84195886
139,1107,Coeranoscincus reticulatus,XGBoost_multi_interactions_no_coords,spatial,False,0,0.05322945,-60097.6324680274,6830057.84195886
139,1108,Egernia mcpheei,XGBoost_multi_interactions_no_coords,spatial,False,0,0.047724556,-60097.6324680274,6830057.84195886
139,1109,Eulamprus murrayi,XGBoost_multi_interactions_no_coords,spatial,False,0,0.011686278,-60097.6324680274,6830057.84195886
139,1110,Ophioscincus truncatus,XGBoost_multi_interactions_no_coords,spatial,False,1,0.5960401,-60097.6324680274,6830057.84195886
139,1111,Pseudechis porphyricaus,XGBoost_multi_interactions_no_coords,spatial,False,0,0.013532067,-60097.6324680274,6830057.84195886
139,1112,Saltuarius swaini,XGBoost_multi_interactions_no_coords,spatial,False,0,0.016136922,-60097.6324680274,6830057.84195886
140,1113,Cacophis kreftii,XGBoost_multi_interactions_no_coords,spatial,False,0,0.04083989,-59480.1149542754,6829686.55327432
140,1114,Calyptotis scutirostrum,XGBoost_multi_interactions_no_coords,spatial,False,0,0.051712535,-59480.1149542754,6829686.55327432
140,1115,Coeranoscincus reticulatus,XGBoost_multi_interactions_no_coords,spatial,False,0,0.023075564,-59480.1149542754,6829686.55327432
140,1116,Egernia mcpheei,XGBoost_multi_interactions_no_coords,spatial,False,0,0.0058812886,-59480.1149542754,6829686.55327432
140,1117,Eulamprus murrayi,XGBoost_multi_interactions_no_coords,spatial,False,0,0.004947331,-59480.1149542754,6829686.55327432
140,1118,Ophioscincus truncatus,XGBoost_multi_interactions_no_coords,spatial,False,0,0.16672744,-59480.1149542754,6829686.55327432
140,1119,Pseudechis porphyricaus,XGBoost_multi_interactions_no_coords,spatial,False,0,0.009248056,-59480.1149542754,6829686.55327432
140,1120,Saltuarius swaini,XGBoost_multi_interactions_no_coords,spatial,False,0,0.013777899,-59480.1149542754,6829686.55327432
141,1121,Cacophis kreftii,XGBoost_multi_interactions_no_coords,spatial,False,0,0.06456709,-59274.1159834863,6829696.39928037
141,1122,Calyptotis scutirostrum,XGBoost_multi_interactions_no_coords,spatial,False,0,0.11036335,-59274.1159834863,6829696.39928037
141,1123,Coeranoscincus reticulatus,XGBoost_multi_interactions_no_coords,spatial,False,0,0.060878236,-59274.1159834863,6829696.39928037
141,1124,Egernia mcpheei,XGBoost_multi_interactions_no_coords,spatial,False,0,0.024653077,-59274.1159834863,6829696.39928037
141,1125,Eulamprus murrayi,XGBoost_multi_interactions_no_coords,spatial,False,0,0.0077650393,-59274.1159834863,6829696.39928037
141,1126,Ophioscincus truncatus,XGBoost_multi_interactions_no_coords,spatial,False,0,0.2131416,-59274.1159834863,6829696.39928037
141,1127,Pseudechis porphyricaus,XGBoost_multi_interactions_no_coords,spatial,False,0,0.010413851,-59274.1159834863,6829696.39928037
141,1128,Saltuarius swaini,XGBoost_multi_interactions_no_coords,spatial,False,0,0.01694353,-59274.1159834863,6829696.39928037
142,1129,Cacophis kreftii,XGBoost_multi_interactions_no_coords,spatial,False,0,0.11400282,-58470.0105331185,6829534.39062915
142,1130,Calyptotis scutirostrum,XGBoost_multi_interactions_no_coords,spatial,False,1,0.4907823,-58470.0105331185,6829534.39062915
142,1131,Coeranoscincus reticulatus,XGBoost_multi_interactions_no_coords,spatial,False,0,0.0944923,-58470.0105331185,6829534.39062915
142,1132,Egernia mcpheei,XGBoost_multi_interactions_no_coords,spatial,False,0,0.045339677,-58470.0105331185,6829534.39062915
142,1133,Eulamprus murrayi,XGBoost_multi_interactions_no_coords,spatial,False,0,0.0152376,-58470.0105331185,6829534.39062915
142,1134,Ophioscincus truncatus,XGBoost_multi_interactions_no_coords,spatial,False,0,0.19101723,-58470.0105331185,6829534.39062915
142,1135,Pseudechis porphyricaus,XGBoost_multi_interactions_no_coords,spatial,False,0,0.016589716,-58470.0105331185,6829534.39062915
142,1136,Saltuarius swaini,XGBoost_multi_interactions_no_coords,spatial,False,0,0.020214863,-58470.0105331185,6829534.39062915
143,1137,Cacophis kreftii,XGBoost_multi_interactions_no_coords,spatial,False,0,0.06463939,-58067.8332822076,6829553.57641624
143,1138,Calyptotis scutirostrum,XGBoost_multi_interactions_no_coords,spatial,False,1,0.3152458,-58067.8332822076,6829553.57641624
143,1139,Coeranoscincus reticulatus,XGBoost_multi_interactions_no_coords,spatial,False,0,0.14310391,-58067.8332822076,6829553.57641624
143,1140,Egernia mcpheei,XGBoost_multi_interactions_no_coords,spatial,False,0,0.025626004,-58067.8332822076,6829553.57641624
143,1141,Eulamprus murrayi,XGBoost_multi_interactions_no_coords,spatial,False,0,0.008931005,-58067.8332822076,6829553.57641624
143,1142,Ophioscincus truncatus,XGBoost_multi_interactions_no_coords,spatial,False,0,0.14565444,-58067.8332822076,6829553.57641624
143,1143,Pseudechis porphyricaus,XGBoost_multi_interactions_no_coords,spatial,False,0,0.018025996,-58067.8332822076,6829553.57641624
143,1144,Saltuarius swaini,XGBoost_multi_interactions_no_coords,spatial,False,0,0.013470322,-58067.8332822076,6829553.57641624
144,1145,Cacophis kreftii,XGBoost_multi_interactions_no_coords,spatial,False,0,0.00408232,-35003.9025977263,6830519.3124224
144,1146,Calyptotis scutirostrum,XGBoost_multi_interactions_no_coords,spatial,False,0,0.002692668,-35003.9025977263,6830519.3124224
144,1147,Coeranoscincus reticulatus,XGBoost_multi_interactions_no_coords,spatial,False,0,0.0030718003,-35003.9025977263,6830519.3124224
144,1148,Egernia mcpheei,XGBoost_multi_interactions_no_coords,spatial,False,0,0.00216583,-35003.9025977263,6830519.3124224
144,1149,Eulamprus murrayi,XGBoost_multi_interactions_no_coords,spatial,False,0,0.0010986484,-35003.9025977263,6830519.3124224
144,1150,Ophioscincus truncatus,XGBoost_multi_interactions_no_coords,spatial,False,0,0.023332682,-35003.9025977263,6830519.3124224
144,1151,Pseudechis porphyricaus,XGBoost_multi_interactions_no_coords,spatial,False,0,0.012496906,-35003.9025977263,6830519.3124224
144,1152,Saltuarius swaini,XGBoost_multi_interactions_no_coords,spatial,False,0,0.024191435,-35003.9025977263,6830519.3124224
145,1153,Cacophis kreftii,XGBoost_multi_interactions_no_coords,spatial,False,0,0.06661748,-57852.3087704955,6829363.4472621
145,1154,Calyptotis scutirostrum,XGBoost_multi_interactions_no_coords,spatial,False,0,0.39521652,-57852.3087704955,6829363.4472621
145,1155,Coeranoscincus reticulatus,XGBoost_multi_interactions_no_coords,spatial,False,0,0.08456322,-57852.3087704955,6829363.4472621
145,1156,Egernia mcpheei,XGBoost_multi_interactions_no_coords,spatial,False,0,0.031609476,-57852.3087704955,6829363.4472621
145,1157,Eulamprus murrayi,XGBoost_multi_interactions_no_coords,spatial,False,0,0.0076560397,-57852.3087704955,6829363.4472621
145,1158,Ophioscincus truncatus,XGBoost_multi_interactions_no_coords,spatial,False,0,0.30641225,-57852.3087704955,6829363.4472621
145,1159,Pseudechis porphyricaus,XGBoost_multi_interactions_no_coords,spatial,False,0,0.01172697,-57852.3087704955,6829363.4472621
145,1160,Saltuarius swaini,XGBoost_multi_interactions_no_coords,spatial,False,0,0.015298294,-57852.3087704955,6829363.4472621
146,1161,Cacophis kreftii,XGBoost_multi_interactions_no_coords,spatial,False,0,0.00408232,-34994.2569791634,6830308.29905931
146,1162,Calyptotis scutirostrum,XGBoost_multi_interactions_no_coords,spatial,False,0,0.002692668,-34994.2569791634,6830308.29905931
146,1163,Coeranoscincus reticulatus,XGBoost_multi_interactions_no_coords,spatial,False,0,0.0030718003,-34994.2569791634,6830308.29905931
146,1164,Egernia mcpheei,XGBoost_multi_interactions_no_coords,spatial,False,0,0.00216583,-34994.2569791634,6830308.29905931
146,1165,Eulamprus murrayi,XGBoost_multi_interactions_no_coords,spatial,False,0,0.0010986484,-34994.2569791634,6830308.29905931
146,1166,Ophioscincus truncatus,XGBoost_multi_interactions_no_coords,spatial,False,0,0.023332682,-34994.2569791634,6830308.29905931
146,1167,Pseudechis porphyricaus,XGBoost_multi_interactions_no_coords,spatial,False,0,0.012496906,-34994.2569791634,6830308.29905931
146,1168,Saltuarius swaini,XGBoost_multi_interactions_no_coords,spatial,False,0,0.024191435,-34994.2569791634,6830308.29905931
147,1169,Cacophis kreftii,XGBoost_multi_interactions_no_coords,spatial,False,0,0.09669237,-58647.1030221649,6829125.12230747
147,1170,Calyptotis scutirostrum,XGBoost_multi_interactions_no_coords,spatial,False,0,0.66045916,-58647.1030221649,6829125.12230747
147,1171,Coeranoscincus reticulatus,XGBoost_multi_interactions_no_coords,spatial,False,0,0.037944585,-58647.1030221649,6829125.12230747
147,1172,Egernia mcpheei,XGBoost_multi_interactions_no_coords,spatial,False,0,0.07280474,-58647.1030221649,6829125.12230747
147,1173,Eulamprus murrayi,XGBoost_multi_interactions_no_coords,spatial,False,0,0.011389702,-58647.1030221649,6829125.12230747
147,1174,Ophioscincus truncatus,XGBoost_multi_interactions_no_coords,spatial,False,1,0.3855896,-58647.1030221649,6829125.12230747
147,1175,Pseudechis porphyricaus,XGBoost_multi_interactions_no_coords,spatial,False,0,0.013529806,-58647.1030221649,6829125.12230747
147,1176,Saltuarius swaini,XGBoost_multi_interactions_no_coords,spatial,False,0,0.025135685,-58647.1030221649,6829125.12230747
148,1177,Cacophis kreftii,XGBoost_multi_interactions_no_coords,spatial,False,0,0.1311762,-59039.7148912014,6828905.9612443
148,1178,Calyptotis scutirostrum,XGBoost_multi_interactions_no_coords,spatial,False,1,0.7068119,-59039.7148912014,6828905.9612443
148,1179,Coeranoscincus reticulatus,XGBoost_multi_interactions_no_coords,spatial,False,0,0.043098044,-59039.7148912014,6828905.9612443
148,1180,Egernia mcpheei,XGBoost_multi_interactions_no_coords,spatial,False,1,0.0291373,-59039.7148912014,6828905.9612443
148,1181,Eulamprus murrayi,XGBoost_multi_interactions_no_coords,spatial,False,0,0.014379167,-59039.7148912014,6828905.9612443
148,1182,Ophioscincus truncatus,XGBoost_multi_interactions_no_coords,spatial,False,1,0.4806855,-59039.7148912014,6828905.9612443
148,1183,Pseudechis porphyricaus,XGBoost_multi_interactions_no_coords,spatial,False,0,0.013457167,-59039.7148912014,6828905.9612443
148,1184,Saltuarius swaini,XGBoost_multi_interactions_no_coords,spatial,False,0,0.029865155,-59039.7148912014,6828905.9612443
149,1185,Cacophis kreftii,XGBoost_multi_interactions_no_coords,spatial,False,0,0.13506125,-58039.2252902132,6828953.72338296
149,1186,Calyptotis scutirostrum,XGBoost_multi_interactions_no_coords,spatial,False,1,0.7948581,-58039.2252902132,6828953.72338296
149,1187,Coeranoscincus reticulatus,XGBoost_multi_interactions_no_coords,spatial,False,0,0.04082213,-58039.2252902132,6828953.72338296
149,1188,Egernia mcpheei,XGBoost_multi_interactions_no_coords,spatial,False,0,0.031847622,-58039.2252902132,6828953.72338296
149,1189,Eulamprus murrayi,XGBoost_multi_interactions_no_coords,spatial,False,0,0.01443333,-58039.2252902132,6828953.72338296
149,1190,Ophioscincus truncatus,XGBoost_multi_interactions_no_coords,spatial,False,0,0.46956962,-58039.2252902132,6828953.72338296
149,1191,Pseudechis porphyricaus,XGBoost_multi_interactions_no_coords,spatial,False,0,0.021120213,-58039.2252902132,6828953.72338296
149,1192,Saltuarius swaini,XGBoost_multi_interactions_no_coords,spatial,False,0,0.031755608,-58039.2252902132,6828953.72338296
150,1193,Cacophis kreftii,XGBoost_multi_interactions_no_coords,spatial,False,0,0.0044546835,-34359.3605187094,6829747.4641776
150,1194,Calyptotis scutirostrum,XGBoost_multi_interactions_no_coords,spatial,False,0,0.003975014,-34359.3605187094,6829747.4641776
150,1195,Coeranoscincus reticulatus,XGBoost_multi_interactions_no_coords,spatial,False,0,0.0032834401,-34359.3605187094,6829747.4641776
150,1196,Egernia mcpheei,XGBoost_multi_interactions_no_coords,spatial,False,0,0.0020900487,-34359.3605187094,6829747.4641776
150,1197,Eulamprus murrayi,XGBoost_multi_interactions_no_coords,spatial,False,0,0.0011611406,-34359.3605187094,6829747.4641776
150,1198,Ophioscincus truncatus,XGBoost_multi_interactions_no_coords,spatial,False,0,0.016545307,-34359.3605187094,6829747.4641776
150,1199,Pseudechis porphyricaus,XGBoost_multi_interactions_no_coords,spatial,False,0,0.012287197,-34359.3605187094,6829747.4641776
150,1200,Saltuarius swaini,XGBoost_multi_interactions_no_coords,spatial,False,0,0.024497077,-34359.3605187094,6829747.4641776
151,1201,Cacophis kreftii,XGBoost_multi_interactions_no_coords,spatial,False,0,0.004295032,-34751.7720567721,6829518.08321835
151,1202,Calyptotis scutirostrum,XGBoost_multi_interactions_no_coords,spatial,False,0,0.003997644,-34751.7720567721,6829518.08321835
151,1203,Coeranoscincus reticulatus,XGBoost_multi_interactions_no_coords,spatial,False,0,0.0030109133,-34751.7720567721,6829518.08321835
151,1204,Egernia mcpheei,XGBoost_multi_interactions_no_coords,spatial,False,0,0.0021970128,-34751.7720567721,6829518.08321835
151,1205,Eulamprus murrayi,XGBoost_multi_interactions_no_coords,spatial,False,0,0.0011193937,-34751.7720567721,6829518.08321835
151,1206,Ophioscincus truncatus,XGBoost_multi_interactions_no_coords,spatial,False,0,0.015809493,-34751.7720567721,6829518.08321835
151,1207,Pseudechis porphyricaus,XGBoost_multi_interactions_no_coords,spatial,False,0,0.011979641,-34751.7720567721,6829518.08321835
151,1208,Saltuarius swaini,XGBoost_multi_interactions_no_coords,spatial,False,0,0.02365566,-34751.7720567721,6829518.08321835
152,1209,Cacophis kreftii,XGBoost_multi_interactions_no_coords,spatial,False,0,0.005636649,-34733.497415081,6829118.26913623
152,1210,Calyptotis scutirostrum,XGBoost_multi_interactions_no_coords,spatial,False,0,0.007009827,-34733.497415081,6829118.26913623
152,1211,Coeranoscincus reticulatus,XGBoost_multi_interactions_no_coords,spatial,False,0,0.003153086,-34733.497415081,6829118.26913623
152,1212,Egernia mcpheei,XGBoost_multi_interactions_no_coords,spatial,False,0,0.0029236667,-34733.497415081,6829118.26913623
152,1213,Eulamprus murrayi,XGBoost_multi_interactions_no_coords,spatial,False,0,0.0014165761,-34733.497415081,6829118.26913623
152,1214,Ophioscincus truncatus,XGBoost_multi_interactions_no_coords,spatial,False,0,0.05207673,-34733.497415081,6829118.26913623
152,1215,Pseudechis porphyricaus,XGBoost_multi_interactions_no_coords,spatial,False,0,0.008352626,-34733.497415081,6829118.26913623
152,1216,Saltuarius swaini,XGBoost_multi_interactions_no_coords,spatial,False,0,0.031480018,-34733.497415081,6829118.26913623
153,1217,Cacophis kreftii,XGBoost_multi_interactions_no_coords,spatial,False,0,0.029209355,-56158.084536112,6827640.49763384
153,1218,Calyptotis scutirostrum,XGBoost_multi_interactions_no_coords,spatial,False,1,0.23378703,-56158.084536112,6827640.49763384
153,1219,Coeranoscincus reticulatus,XGBoost_multi_interactions_no_coords,spatial,False,0,0.06741936,-56158.084536112,6827640.49763384
153,1220,Egernia mcpheei,XGBoost_multi_interactions_no_coords,spatial,False,0,0.035454363,-56158.084536112,6827640.49763384
153,1221,Eulamprus murrayi,XGBoost_multi_interactions_no_coords,spatial,False,0,0.007376195,-56158.084536112,6827640.49763384
153,1222,Ophioscincus truncatus,XGBoost_multi_interactions_no_coords,spatial,False,1,0.7421911,-56158.084536112,6827640.49763384
153,1223,Pseudechis porphyricaus,XGBoost_multi_interactions_no_coords,spatial,False,0,0.0100128,-56158.084536112,6827640.49763384
153,1224,Saltuarius swaini,XGBoost_multi_interactions_no_coords,spatial,False,0,0.017804515,-56158.084536112,6827640.49763384
154,1225,Cacophis kreftii,XGBoost_multi_interactions_no_coords,spatial,False,0,0.014728212,-56718.2495163478,6826812.23539331
154,1226,Calyptotis scutirostrum,XGBoost_multi_interactions_no_coords,spatial,False,0,0.06824628,-56718.2495163478,6826812.23539331
154,1227,Coeranoscincus reticulatus,XGBoost_multi_interactions_no_coords,spatial,False,0,0.013241942,-56718.2495163478,6826812.23539331
154,1228,Egernia mcpheei,XGBoost_multi_interactions_no_coords,spatial,False,0,0.0048919334,-56718.2495163478,6826812.23539331
154,1229,Eulamprus murrayi,XGBoost_multi_interactions_no_coords,spatial,False,0,0.0029058133,-56718.2495163478,6826812.23539331
154,1230,Ophioscincus truncatus,XGBoost_multi_interactions_no_coords,spatial,False,1,0.07142125,-56718.2495163478,6826812.23539331
154,1231,Pseudechis porphyricaus,XGBoost_multi_interactions_no_coords,spatial,False,0,0.0076422314,-56718.2495163478,6826812.23539331
154,1232,Saltuarius swaini,XGBoost_multi_interactions_no_coords,spatial,False,0,0.008051318,-56718.2495163478,6826812.23539331
155,1233,Cacophis kreftii,XGBoost_multi_interactions_no_coords,spatial,False,0,0.028118148,-59120.6295586857,6826486.03756181
155,1234,Calyptotis scutirostrum,XGBoost_multi_interactions_no_coords,spatial,False,0,0.12945053,-59120.6295586857,6826486.03756181
155,1235,Coeranoscincus reticulatus,XGBoost_multi_interactions_no_coords,spatial,False,0,0.105172634,-59120.6295586857,6826486.03756181
155,1236,Egernia mcpheei,XGBoost_multi_interactions_no_coords,spatial,False,0,0.015048006,-59120.6295586857,6826486.03756181
155,1237,Eulamprus murrayi,XGBoost_multi_interactions_no_coords,spatial,False,0,0.007906693,-59120.6295586857,6826486.03756181
155,1238,Ophioscincus truncatus,XGBoost_multi_interactions_no_coords,spatial,False,0,0.87763876,-59120.6295586857,6826486.03756181
155,1239,Pseudechis porphyricaus,XGBoost_multi_interactions_no_coords,spatial,False,0,0.012198597,-59120.6295586857,6826486.03756181
155,1240,Saltuarius swaini,XGBoost_multi_interactions_no_coords,spatial,False,0,0.021641836,-59120.6295586857,6826486.03756181
156,1241,Cacophis kreftii,XGBoost_multi_interactions_no_coords,spatial,False,0,0.02195067,-57101.2660895063,6826393.18209589
156,1242,Calyptotis scutirostrum,XGBoost_multi_interactions_no_coords,spatial,False,1,0.051091995,-57101.2660895063,6826393.18209589
156,1243,Coeranoscincus reticulatus,XGBoost_multi_interactions_no_coords,spatial,False,0,0.011727611,-57101.2660895063,6826393.18209589
156,1244,Egernia mcpheei,XGBoost_multi_interactions_no_coords,spatial,False,0,0.018825531,-57101.2660895063,6826393.18209589
156,1245,Eulamprus murrayi,XGBoost_multi_interactions_no_coords,spatial,False,0,0.004497652,-57101.2660895063,6826393.18209589
156,1246,Ophioscincus truncatus,XGBoost_multi_interactions_no_coords,spatial,False,0,0.2164087,-57101.2660895063,6826393.18209589
156,1247,Pseudechis porphyricaus,XGBoost_multi_interactions_no_coords,spatial,False,0,0.0061968416,-57101.2660895063,6826393.18209589
156,1248,Saltuarius swaini,XGBoost_multi_interactions_no_coords,spatial,False,0,0.021899624,-57101.2660895063,6826393.18209589
157,1249,Cacophis kreftii,XGBoost_multi_interactions_no_coords,spatial,False,0,0.04965139,-57287.8605910979,6826183.88283365
157,1250,Calyptotis scutirostrum,XGBoost_multi_interactions_no_coords,spatial,False,1,0.27784905,-57287.8605910979,6826183.88283365
157,1251,Coeranoscincus reticulatus,XGBoost_multi_interactions_no_coords,spatial,False,0,0.14322132,-57287.8605910979,6826183.88283365
157,1252,Egernia mcpheei,XGBoost_multi_interactions_no_coords,spatial,False,0,0.06449693,-57287.8605910979,6826183.88283365
157,1253,Eulamprus murrayi,XGBoost_multi_interactions_no_coords,spatial,False,0,0.012712991,-57287.8605910979,6826183.88283365
157,1254,Ophioscincus truncatus,XGBoost_multi_interactions_no_coords,spatial,False,0,0.7536255,-57287.8605910979,6826183.88283365
157,1255,Pseudechis porphyricaus,XGBoost_multi_interactions_no_coords,spatial,False,0,0.017171308,-57287.8605910979,6826183.88283365
157,1256,Saltuarius swaini,XGBoost_multi_interactions_no_coords,spatial,False,0,0.032576405,-57287.8605910979,6826183.88283365
158,1257,Cacophis kreftii,XGBoost_multi_interactions_no_coords,spatial,False,0,0.034494713,-57091.7358988385,6826193.23264818
158,1258,Calyptotis scutirostrum,XGBoost_multi_interactions_no_coords,spatial,False,0,0.2585747,-57091.7358988385,6826193.23264818
158,1259,Coeranoscincus reticulatus,XGBoost_multi_interactions_no_coords,spatial,False,0,0.09279083,-57091.7358988385,6826193.23264818
158,1260,Egernia mcpheei,XGBoost_multi_interactions_no_coords,spatial,False,0,0.042960547,-57091.7358988385,6826193.23264818
158,1261,Eulamprus murrayi,XGBoost_multi_interactions_no_coords,spatial,False,0,0.008149589,-57091.7358988385,6826193.23264818
158,1262,Ophioscincus truncatus,XGBoost_multi_interactions_no_coords,spatial,False,1,0.71003777,-57091.7358988385,6826193.23264818
158,1263,Pseudechis porphyricaus,XGBoost_multi_interactions_no_coords,spatial,False,0,0.012359454,-57091.7358988385,6826193.23264818
158,1264,Saltuarius swaini,XGBoost_multi_interactions_no_coords,spatial,False,0,0.022685232,-57091.7358988385,6826193.23264818
159,1265,Cacophis kreftii,XGBoost_multi_interactions_no_coords,spatial,False,0,0.050390277,-57278.3264609204,6825983.9330077
159,1266,Calyptotis scutirostrum,XGBoost_multi_interactions_no_coords,spatial,False,0,0.28097984,-57278.3264609204,6825983.9330077
159,1267,Coeranoscincus reticulatus,XGBoost_multi_interactions_no_coords,spatial,False,0,0.13366325,-57278.3264609204,6825983.9330077
159,1268,Egernia mcpheei,XGBoost_multi_interactions_no_coords,spatial,False,0,0.06544153,-57278.3264609204,6825983.9330077
159,1269,Eulamprus murrayi,XGBoost_multi_interactions_no_coords,spatial,False,0,0.012909646,-57278.3264609204,6825983.9330077
159,1270,Ophioscincus truncatus,XGBoost_multi_interactions_no_coords,spatial,False,1,0.74043316,-57278.3264609204,6825983.9330077
159,1271,Pseudechis porphyricaus,XGBoost_multi_interactions_no_coords,spatial,False,0,0.017435703,-57278.3264609204,6825983.9330077
159,1272,Saltuarius swaini,XGBoost_multi_interactions_no_coords,spatial,False,0,0.03307003,-57278.3264609204,6825983.9330077
160,1273,Cacophis kreftii,XGBoost_multi_interactions_no_coords,spatial,False,0,0.025711164,-57082.2051583753,6825993.28319997
160,1274,Calyptotis scutirostrum,XGBoost_multi_interactions_no_coords,spatial,False,1,0.23615691,-57082.2051583753,6825993.28319997
160,1275,Coeranoscincus reticulatus,XGBoost_multi_interactions_no_coords,spatial,False,0,0.02018307,-57082.2051583753,6825993.28319997
160,1276,Egernia mcpheei,XGBoost_multi_interactions_no_coords,spatial,False,0,0.031612802,-57082.2051583753,6825993.28319997
160,1277,Eulamprus murrayi,XGBoost_multi_interactions_no_coords,spatial,False,0,0.005900431,-57082.2051583753,6825993.28319997
160,1278,Ophioscincus truncatus,XGBoost_multi_interactions_no_coords,spatial,False,0,0.46696728,-57082.2051583753,6825993.28319997
160,1279,Pseudechis porphyricaus,XGBoost_multi_interactions_no_coords,spatial,False,0,0.0087666195,-57082.2051583753,6825993.28319997
160,1280,Saltuarius swaini,XGBoost_multi_interactions_no_coords,spatial,False,0,0.015382319,-57082.2051583753,6825993.28319997
161,1281,Cacophis kreftii,XGBoost_multi_interactions_no_coords,spatial,False,0,0.024508748,-57053.0800449767,6825382.32654951
161,1282,Calyptotis scutirostrum,XGBoost_multi_interactions_no_coords,spatial,False,0,0.25489154,-57053.0800449767,6825382.32654951
161,1283,Coeranoscincus reticulatus,XGBoost_multi_interactions_no_coords,spatial,False,0,0.018628683,-57053.0800449767,6825382.32654951
161,1284,Egernia mcpheei,XGBoost_multi_interactions_no_coords,spatial,False,0,0.030142931,-57053.0800449767,6825382.32654951
161,1285,Eulamprus murrayi,XGBoost_multi_interactions_no_coords,spatial,False,0,0.0056191464,-57053.0800449767,6825382.32654951
161,1286,Ophioscincus truncatus,XGBoost_multi_interactions_no_coords,spatial,False,1,0.4706594,-57053.0800449767,6825382.32654951
161,1287,Pseudechis porphyricaus,XGBoost_multi_interactions_no_coords,spatial,False,0,0.008582475,-57053.0800449767,6825382.32654951
161,1288,Saltuarius swaini,XGBoost_multi_interactions_no_coords,spatial,False,0,0.015148574,-57053.0800449767,6825382.32654951
162,1289,Cacophis kreftii,XGBoost_multi_interactions_no_coords,spatial,False,0,0.02428065,-57436.0274871426,6824963.25226147
162,1290,Calyptotis scutirostrum,XGBoost_multi_interactions_no_coords,spatial,False,0,0.16774835,-57436.0274871426,6824963.25226147
162,1291,Coeranoscincus reticulatus,XGBoost_multi_interactions_no_coords,spatial,False,0,0.016858099,-57436.0274871426,6824963.25226147
162,1292,Egernia mcpheei,XGBoost_multi_interactions_no_coords,spatial,False,0,0.015040707,-57436.0274871426,6824963.25226147
162,1293,Eulamprus murrayi,XGBoost_multi_interactions_no_coords,spatial,False,0,0.005201711,-57436.0274871426,6824963.25226147
162,1294,Ophioscincus truncatus,XGBoost_multi_interactions_no_coords,spatial,False,1,0.5485993,-57436.0274871426,6824963.25226147
162,1295,Pseudechis porphyricaus,XGBoost_multi_interactions_no_coords,spatial,False,0,0.010555354,-57436.0274871426,6824963.25226147
162,1296,Saltuarius swaini,XGBoost_multi_interactions_no_coords,spatial,False,0,0.01657146,-57436.0274871426,6824963.25226147
163,1297,Cacophis kreftii,XGBoost_multi_interactions_no_coords,spatial,False,0,0.06315878,-118090.3420558,6819503.16714623
163,1298,Calyptotis scutirostrum,XGBoost_multi_interactions_no_coords,spatial,False,0,0.05911624,-118090.3420558,6819503.16714623
163,1299,Coeranoscincus reticulatus,XGBoost_multi_interactions_no_coords,spatial,False,1,0.19172105,-118090.3420558,6819503.16714623
163,1300,Egernia mcpheei,XGBoost_multi_interactions_no_coords,spatial,False,0,0.01378016,-118090.3420558,6819503.16714623
163,1301,Eulamprus murrayi,XGBoost_multi_interactions_no_coords,spatial,False,0,0.00764933,-118090.3420558,6819503.16714623
163,1302,Ophioscincus truncatus,XGBoost_multi_interactions_no_coords,spatial,False,0,0.31089666,-118090.3420558,6819503.16714623
163,1303,Pseudechis porphyricaus,XGBoost_multi_interactions_no_coords,spatial,False,0,0.036806587,-118090.3420558,6819503.16714623
163,1304,Saltuarius swaini,XGBoost_multi_interactions_no_coords,spatial,False,0,0.04130122,-118090.3420558,6819503.16714623
164,1305,Cacophis kreftii,XGBoost_multi_interactions_no_coords,spatial,False,0,0.004924685,-31234.0531967666,6823468.59821031
164,1306,Calyptotis scutirostrum,XGBoost_multi_interactions_no_coords,spatial,False,0,0.0043623014,-31234.0531967666,6823468.59821031
164,1307,Coeranoscincus reticulatus,XGBoost_multi_interactions_no_coords,spatial,False,0,0.003372762,-31234.0531967666,6823468.59821031
164,1308,Egernia mcpheei,XGBoost_multi_interactions_no_coords,spatial,False,0,0.0024747846,-31234.0531967666,6823468.59821031
164,1309,Eulamprus murrayi,XGBoost_multi_interactions_no_coords,spatial,False,0,0.0012610916,-31234.0531967666,6823468.59821031
164,1310,Ophioscincus truncatus,XGBoost_multi_interactions_no_coords,spatial,False,0,0.018285481,-31234.0531967666,6823468.59821031
164,1311,Pseudechis porphyricaus,XGBoost_multi_interactions_no_coords,spatial,False,0,0.013285703,-31234.0531967666,6823468.59821031
164,1312,Saltuarius swaini,XGBoost_multi_interactions_no_coords,spatial,False,0,0.0270465,-31234.0531967666,6823468.59821031
165,1313,Cacophis kreftii,XGBoost_multi_interactions_no_coords,spatial,False,0,0.085107505,-116199.528148125,6817786.39841097
165,1314,Calyptotis scutirostrum,XGBoost_multi_interactions_no_coords,spatial,False,0,0.2432501,-116199.528148125,6817786.39841097
165,1315,Coeranoscincus reticulatus,XGBoost_multi_interactions_no_coords,spatial,False,0,0.35987577,-116199.528148125,6817786.39841097
165,1316,Egernia mcpheei,XGBoost_multi_interactions_no_coords,spatial,False,0,0.021796722,-116199.528148125,6817786.39841097
165,1317,Eulamprus murrayi,XGBoost_multi_interactions_no_coords,spatial,False,0,0.014815618,-116199.528148125,6817786.39841097
165,1318,Ophioscincus truncatus,XGBoost_multi_interactions_no_coords,spatial,False,0,0.5351651,-116199.528148125,6817786.39841097
165,1319,Pseudechis porphyricaus,XGBoost_multi_interactions_no_coords,spatial,False,0,0.015752058,-116199.528148125,6817786.39841097
165,1320,Saltuarius swaini,XGBoost_multi_interactions_no_coords,spatial,False,0,0.034328073,-116199.528148125,6817786.39841097
166,1321,Cacophis kreftii,XGBoost_multi_interactions_no_coords,spatial,False,0,0.059572477,-115961.85299911,6817197.07567746
166,1322,Calyptotis scutirostrum,XGBoost_multi_interactions_no_coords,spatial,False,1,0.19279997,-115961.85299911,6817197.07567746
166,1323,Coeranoscincus reticulatus,XGBoost_multi_interactions_no_coords,spatial,False,0,0.23162928,-115961.85299911,6817197.07567746
166,1324,Egernia mcpheei,XGBoost_multi_interactions_no_coords,spatial,False,0,0.00976802,-115961.85299911,6817197.07567746
166,1325,Eulamprus murrayi,XGBoost_multi_interactions_no_coords,spatial,False,0,0.007179791,-115961.85299911,6817197.07567746
166,1326,Ophioscincus truncatus,XGBoost_multi_interactions_no_coords,spatial,False,0,0.21776633,-115961.85299911,6817197.07567746
166,1327,Pseudechis porphyricaus,XGBoost_multi_interactions_no_coords,spatial,False,0,0.065386474,-115961.85299911,6817197.07567746
166,1328,Saltuarius swaini,XGBoost_multi_interactions_no_coords,spatial,False,0,0.019134635,-115961.85299911,6817197.07567746
167,1329,Cacophis kreftii,XGBoost_multi_interactions_no_coords,spatial,False,0,0.060681283,-115156.930903262,6817038.96223258
167,1330,Calyptotis scutirostrum,XGBoost_multi_interactions_no_coords,spatial,False,0,0.046200924,-115156.930903262,6817038.96223258
167,1331,Coeranoscincus reticulatus,XGBoost_multi_interactions_no_coords,spatial,False,0,0.21895486,-115156.930903262,6817038.96223258
167,1332,Egernia mcpheei,XGBoost_multi_interactions_no_coords,spatial,False,0,0.018007092,-115156.930903262,6817038.96223258
167,1333,Eulamprus murrayi,XGBoost_multi_interactions_no_coords,spatial,False,0,0.01426087,-115156.930903262,6817038.96223258
167,1334,Ophioscincus truncatus,XGBoost_multi_interactions_no_coords,spatial,False,0,0.4420901,-115156.930903262,6817038.96223258
167,1335,Pseudechis porphyricaus,XGBoost_multi_interactions_no_coords,spatial,False,0,0.022278015,-115156.930903262,6817038.96223258
167,1336,Saltuarius swaini,XGBoost_multi_interactions_no_coords,spatial,False,0,0.043057147,-115156.930903262,6817038.96223258
168,1337,Cacophis kreftii,XGBoost_multi_interactions_no_coords,spatial,False,0,0.110362165,-114320.555073989,6816470.06822849
168,1338,Calyptotis scutirostrum,XGBoost_multi_interactions_no_coords,spatial,False,0,0.3761682,-114320.555073989,6816470.06822849
168,1339,Coeranoscincus reticulatus,XGBoost_multi_interactions_no_coords,spatial,False,0,0.11679099,-114320.555073989,6816470.06822849
168,1340,Egernia mcpheei,XGBoost_multi_interactions_no_coords,spatial,False,0,0.05069001,-114320.555073989,6816470.06822849
168,1341,Eulamprus murrayi,XGBoost_multi_interactions_no_coords,spatial,False,0,0.017223405,-114320.555073989,6816470.06822849
168,1342,Ophioscincus truncatus,XGBoost_multi_interactions_no_coords,spatial,False,0,0.42769936,-114320.555073989,6816470.06822849
168,1343,Pseudechis porphyricaus,XGBoost_multi_interactions_no_coords,spatial,False,0,0.026506307,-114320.555073989,6816470.06822849
168,1344,Saltuarius swaini,XGBoost_multi_interactions_no_coords,spatial,False,0,0.05050199,-114320.555073989,6816470.06822849
169,1345,Cacophis kreftii,XGBoost_multi_interactions_no_coords,spatial,False,0,0.005829599,-108876.433782581,6816343.47520397
169,1346,Calyptotis scutirostrum,XGBoost_multi_interactions_no_coords,spatial,False,0,0.0027106483,-108876.433782581,6816343.47520397
169,1347,Coeranoscincus reticulatus,XGBoost_multi_interactions_no_coords,spatial,False,0,0.0126845995,-108876.433782581,6816343.47520397
169,1348,Egernia mcpheei,XGBoost_multi_interactions_no_coords,spatial,False,0,0.003694341,-108876.433782581,6816343.47520397
169,1349,Eulamprus murrayi,XGBoost_multi_interactions_no_coords,spatial,False,0,0.0013708253,-108876.433782581,6816343.47520397
169,1350,Ophioscincus truncatus,XGBoost_multi_interactions_no_coords,spatial,False,0,0.006829755,-108876.433782581,6816343.47520397
169,1351,Pseudechis porphyricaus,XGBoost_multi_interactions_no_coords,spatial,False,0,0.00508015,-108876.433782581,6816343.47520397
169,1352,Saltuarius swaini,XGBoost_multi_interactions_no_coords,spatial,False,0,0.016955972,-108876.433782581,6816343.47520397
170,1353,Cacophis kreftii,XGBoost_multi_interactions_no_coords,spatial,False,0,0.009117178,-109030.042605492,6815332.43919622
170,1354,Calyptotis scutirostrum,XGBoost_multi_interactions_no_coords,spatial,False,0,0.0038740123,-109030.042605492,6815332.43919622
170,1355,Coeranoscincus reticulatus,XGBoost_multi_interactions_no_coords,spatial,False,1,0.01594576,-109030.042605492,6815332.43919622
170,1356,Egernia mcpheei,XGBoost_multi_interactions_no_coords,spatial,False,0,0.0044849236,-109030.042605492,6815332.43919622
170,1357,Eulamprus murrayi,XGBoost_multi_interactions_no_coords,spatial,False,0,0.002085467,-109030.042605492,6815332.43919622
170,1358,Ophioscincus truncatus,XGBoost_multi_interactions_no_coords,spatial,False,0,0.014640042,-109030.042605492,6815332.43919622
170,1359,Pseudechis porphyricaus,XGBoost_multi_interactions_no_coords,spatial,False,0,0.0062959255,-109030.042605492,6815332.43919622
170,1360,Saltuarius swaini,XGBoost_multi_interactions_no_coords,spatial,False,0,0.0050449497,-109030.042605492,6815332.43919622
171,1361,Cacophis kreftii,XGBoost_multi_interactions_no_coords,spatial,False,0,0.0052200244,-27097.7448967228,6813229.19629307
171,1362,Calyptotis scutirostrum,XGBoost_multi_interactions_no_coords,spatial,False,0,0.004806818,-27097.7448967228,6813229.19629307
171,1363,Coeranoscincus reticulatus,XGBoost_multi_interactions_no_coords,spatial,False,0,0.0034907628,-27097.7448967228,6813229.19629307
171,1364,Egernia mcpheei,XGBoost_multi_interactions_no_coords,spatial,False,0,0.0026235874,-27097.7448967228,6813229.19629307
171,1365,Eulamprus murrayi,XGBoost_multi_interactions_no_coords,spatial,False,0,0.0013370158,-27097.7448967228,6813229.19629307
171,1366,Ophioscincus truncatus,XGBoost_multi_interactions_no_coords,spatial,False,0,0.02336452,-27097.7448967228,6813229.19629307
171,1367,Pseudechis porphyricaus,XGBoost_multi_interactions_no_coords,spatial,False,0,0.014075367,-27097.7448967228,6813229.19629307
171,1368,Saltuarius swaini,XGBoost_multi_interactions_no_coords,spatial,False,0,0.02794099,-27097.7448967228,6813229.19629307
172,1369,Cacophis kreftii,XGBoost_multi_interactions_no_coords,spatial,False,0,0.040183827,-148834.228828815,6806479.17622519
172,1370,Calyptotis scutirostrum,XGBoost_multi_interactions_no_coords,spatial,False,0,0.061208747,-148834.228828815,6806479.17622519
172,1371,Coeranoscincus reticulatus,XGBoost_multi_interactions_no_coords,spatial,False,0,0.53054965,-148834.228828815,6806479.17622519
172,1372,Egernia mcpheei,XGBoost_multi_interactions_no_coords,spatial,False,0,0.010870632,-148834.228828815,6806479.17622519
172,1373,Eulamprus murrayi,XGBoost_multi_interactions_no_coords,spatial,False,0,0.01881485,-148834.228828815,6806479.17622519
172,1374,Ophioscincus truncatus,XGBoost_multi_interactions_no_coords,spatial,False,0,0.04194414,-148834.228828815,6806479.17622519
172,1375,Pseudechis porphyricaus,XGBoost_multi_interactions_no_coords,spatial,False,0,0.026465124,-148834.228828815,6806479.17622519
172,1376,Saltuarius swaini,XGBoost_multi_interactions_no_coords,spatial,False,0,0.013379561,-148834.228828815,6806479.17622519
173,1377,Cacophis kreftii,XGBoost_multi_interactions_no_coords,spatial,False,0,0.005275533,-26864.9515665186,6812638.8314962
173,1378,Calyptotis scutirostrum,XGBoost_multi_interactions_no_coords,spatial,False,0,0.0029410433,-26864.9515665186,6812638.8314962
173,1379,Coeranoscincus reticulatus,XGBoost_multi_interactions_no_coords,spatial,False,0,0.006424367,-26864.9515665186,6812638.8314962
173,1380,Egernia mcpheei,XGBoost_multi_interactions_no_coords,spatial,False,0,0.0021349306,-26864.9515665186,6812638.8314962
173,1381,Eulamprus murrayi,XGBoost_multi_interactions_no_coords,spatial,False,0,0.0014027648,-26864.9515665186,6812638.8314962
173,1382,Ophioscincus truncatus,XGBoost_multi_interactions_no_coords,spatial,False,0,0.038925465,-26864.9515665186,6812638.8314962
173,1383,Pseudechis porphyricaus,XGBoost_multi_interactions_no_coords,spatial,False,0,0.0063426923,-26864.9515665186,6812638.8314962
173,1384,Saltuarius swaini,XGBoost_multi_interactions_no_coords,spatial,False,0,0.02398278,-26864.9515665186,6812638.8314962
174,1385,Cacophis kreftii,XGBoost_multi_interactions_no_coords,spatial,False,0,0.014688886,-144171.518832433,6805913.46294023
174,1386,Calyptotis scutirostrum,XGBoost_multi_interactions_no_coords,spatial,False,0,0.038938858,-144171.518832433,6805913.46294023
174,1387,Coeranoscincus reticulatus,XGBoost_multi_interactions_no_coords,spatial,False,0,0.10445448,-144171.518832433,6805913.46294023
174,1388,Egernia mcpheei,XGBoost_multi_interactions_no_coords,spatial,False,0,0.007905317,-144171.518832433,6805913.46294023
174,1389,Eulamprus murrayi,XGBoost_multi_interactions_no_coords,spatial,False,0,0.003435246,-144171.518832433,6805913.46294023
174,1390,Ophioscincus truncatus,XGBoost_multi_interactions_no_coords,spatial,False,0,0.01350116,-144171.518832433,6805913.46294023
174,1391,Pseudechis porphyricaus,XGBoost_multi_interactions_no_coords,spatial,False,0,0.009925288,-144171.518832433,6805913.46294023
174,1392,Saltuarius swaini,XGBoost_multi_interactions_no_coords,spatial,False,0,0.008686253,-144171.518832433,6805913.46294023
175,1393,Cacophis kreftii,XGBoost_multi_interactions_no_coords,spatial,False,0,0.008496134,-26614.0603685924,6811648.67695057
175,1394,Calyptotis scutirostrum,XGBoost_multi_interactions_no_coords,spatial,False,1,0.0062795,-26614.0603685924,6811648.67695057
175,1395,Coeranoscincus reticulatus,XGBoost_multi_interactions_no_coords,spatial,False,0,0.0052407505,-26614.0603685924,6811648.67695057
175,1396,Egernia mcpheei,XGBoost_multi_interactions_no_coords,spatial,False,0,0.005566234,-26614.0603685924,6811648.67695057
175,1397,Eulamprus murrayi,XGBoost_multi_interactions_no_coords,spatial,False,0,0.0018456725,-26614.0603685924,6811648.67695057
175,1398,Ophioscincus truncatus,XGBoost_multi_interactions_no_coords,spatial,False,0,0.03957379,-26614.0603685924,6811648.67695057
175,1399,Pseudechis porphyricaus,XGBoost_multi_interactions_no_coords,spatial,False,0,0.0037515727,-26614.0603685924,6811648.67695057
175,1400,Saltuarius swaini,XGBoost_multi_interactions_no_coords,spatial,False,0,0.021141488,-26614.0603685924,6811648.67695057
176,1401,Cacophis kreftii,XGBoost_multi_interactions_no_coords,spatial,False,0,0.013823476,-146353.923264982,6805201.04834351
176,1402,Calyptotis scutirostrum,XGBoost_multi_interactions_no_coords,spatial,False,0,0.0138900485,-146353.923264982,6805201.04834351
176,1403,Coeranoscincus reticulatus,XGBoost_multi_interactions_no_coords,spatial,False,0,0.12170688,-146353.923264982,6805201.04834351
176,1404,Egernia mcpheei,XGBoost_multi_interactions_no_coords,spatial,False,0,0.0049689882,-146353.923264982,6805201.04834351
176,1405,Eulamprus murrayi,XGBoost_multi_interactions_no_coords,spatial,False,0,0.008289842,-146353.923264982,6805201.04834351
176,1406,Ophioscincus truncatus,XGBoost_multi_interactions_no_coords,spatial,False,0,0.018205237,-146353.923264982,6805201.04834351
176,1407,Pseudechis porphyricaus,XGBoost_multi_interactions_no_coords,spatial,False,0,0.00999318,-146353.923264982,6805201.04834351
176,1408,Saltuarius swaini,XGBoost_multi_interactions_no_coords,spatial,False,0,0.0065115336,-146353.923264982,6805201.04834351
177,1409,Cacophis kreftii,XGBoost_multi_interactions_no_coords,spatial,False,0,0.008337178,-26577.824176917,6810849.10035356
177,1410,Calyptotis scutirostrum,XGBoost_multi_interactions_no_coords,spatial,False,0,0.0068165227,-26577.824176917,6810849.10035356
177,1411,Coeranoscincus reticulatus,XGBoost_multi_interactions_no_coords,spatial,False,0,0.0050482396,-26577.824176917,6810849.10035356
177,1412,Egernia mcpheei,XGBoost_multi_interactions_no_coords,spatial,False,0,0.006654769,-26577.824176917,6810849.10035356
177,1413,Eulamprus murrayi,XGBoost_multi_interactions_no_coords,spatial,False,0,0.001810916,-26577.824176917,6810849.10035356
177,1414,Ophioscincus truncatus,XGBoost_multi_interactions_no_coords,spatial,False,0,0.011002191,-26577.824176917,6810849.10035356
177,1415,Pseudechis porphyricaus,XGBoost_multi_interactions_no_coords,spatial,False,0,0.0032952777,-26577.824176917,6810849.10035356
177,1416,Saltuarius swaini,XGBoost_multi_interactions_no_coords,spatial,False,0,0.022730915,-26577.824176917,6810849.10035356
178,1417,Cacophis kreftii,XGBoost_multi_interactions_no_coords,spatial,False,0,0.09199334,-152179.201074767,6801082.64226836
178,1418,Calyptotis scutirostrum,XGBoost_multi_interactions_no_coords,spatial,False,0,0.13332263,-152179.201074767,6801082.64226836
178,1419,Coeranoscincus reticulatus,XGBoost_multi_interactions_no_coords,spatial,False,1,0.6277845,-152179.201074767,6801082.64226836
178,1420,Egernia mcpheei,XGBoost_multi_interactions_no_coords,spatial,False,0,0.029487342,-152179.201074767,6801082.64226836
178,1421,Eulamprus murrayi,XGBoost_multi_interactions_no_coords,spatial,False,0,0.03976001,-152179.201074767,6801082.64226836
178,1422,Ophioscincus truncatus,XGBoost_multi_interactions_no_coords,spatial,False,0,0.3874137,-152179.201074767,6801082.64226836
178,1423,Pseudechis porphyricaus,XGBoost_multi_interactions_no_coords,spatial,False,0,0.040634044,-152179.201074767,6801082.64226836
178,1424,Saltuarius swaini,XGBoost_multi_interactions_no_coords,spatial,False,0,0.041753396,-152179.201074767,6801082.64226836
179,1425,Cacophis kreftii,XGBoost_multi_interactions_no_coords,spatial,False,0,0.074729234,-158380.85988069,6800363.84186606
179,1426,Calyptotis scutirostrum,XGBoost_multi_interactions_no_coords,spatial,False,0,0.062471967,-158380.85988069,6800363.84186606
179,1427,Coeranoscincus reticulatus,XGBoost_multi_interactions_no_coords,spatial,False,1,0.45931652,-158380.85988069,6800363.84186606
179,1428,Egernia mcpheei,XGBoost_multi_interactions_no_coords,spatial,False,0,0.015440413,-158380.85988069,6800363.84186606
179,1429,Eulamprus murrayi,XGBoost_multi_interactions_no_coords,spatial,False,0,0.028354792,-158380.85988069,6800363.84186606
179,1430,Ophioscincus truncatus,XGBoost_multi_interactions_no_coords,spatial,False,0,0.19269818,-158380.85988069,6800363.84186606
179,1431,Pseudechis porphyricaus,XGBoost_multi_interactions_no_coords,spatial,False,0,0.053760067,-158380.85988069,6800363.84186606
179,1432,Saltuarius swaini,XGBoost_multi_interactions_no_coords,spatial,False,0,0.026320564,-158380.85988069,6800363.84186606
180,1433,Cacophis kreftii,XGBoost_multi_interactions_no_coords,spatial,False,0,0.004011861,-29780.9705356891,6806663.75964171
180,1434,Calyptotis scutirostrum,XGBoost_multi_interactions_no_coords,spatial,False,0,0.0037514002,-29780.9705356891,6806663.75964171
180,1435,Coeranoscincus reticulatus,XGBoost_multi_interactions_no_coords,spatial,False,0,0.0029507184,-29780.9705356891,6806663.75964171
180,1436,Egernia mcpheei,XGBoost_multi_interactions_no_coords,spatial,False,0,0.0020518787,-29780.9705356891,6806663.75964171
180,1437,Eulamprus murrayi,XGBoost_multi_interactions_no_coords,spatial,False,0,0.0010453714,-29780.9705356891,6806663.75964171
180,1438,Ophioscincus truncatus,XGBoost_multi_interactions_no_coords,spatial,False,0,0.005524434,-29780.9705356891,6806663.75964171
180,1439,Pseudechis porphyricaus,XGBoost_multi_interactions_no_coords,spatial,False,0,0.011195521,-29780.9705356891,6806663.75964171
180,1440,Saltuarius swaini,XGBoost_multi_interactions_no_coords,spatial,False,0,0.022527626,-29780.9705356891,6806663.75964171
181,1441,Cacophis kreftii,XGBoost_multi_interactions_no_coords,spatial,False,0,0.003861285,-29379.7381757025,6806682.07694802
181,1442,Calyptotis scutirostrum,XGBoost_multi_interactions_no_coords,spatial,False,0,0.0036105646,-29379.7381757025,6806682.07694802
181,1443,Coeranoscincus reticulatus,XGBoost_multi_interactions_no_coords,spatial,False,0,0.0029087286,-29379.7381757025,6806682.07694802
181,1444,Egernia mcpheei,XGBoost_multi_interactions_no_coords,spatial,False,0,0.0019747203,-29379.7381757025,6806682.07694802
181,1445,Eulamprus murrayi,XGBoost_multi_interactions_no_coords,spatial,False,0,0.0010060233,-29379.7381757025,6806682.07694802
181,1446,Ophioscincus truncatus,XGBoost_multi_interactions_no_coords,spatial,False,0,0.0051539894,-29379.7381757025,6806682.07694802
181,1447,Pseudechis porphyricaus,XGBoost_multi_interactions_no_coords,spatial,False,0,0.010778241,-29379.7381757025,6806682.07694802
181,1448,Saltuarius swaini,XGBoost_multi_interactions_no_coords,spatial,False,0,0.021697242,-29379.7381757025,6806682.07694802
182,1449,Cacophis kreftii,XGBoost_multi_interactions_no_coords,spatial,False,0,0.03113642,-155726.191227112,6799488.07056547
182,1450,Calyptotis scutirostrum,XGBoost_multi_interactions_no_coords,spatial,False,0,0.032622505,-155726.191227112,6799488.07056547
182,1451,Coeranoscincus reticulatus,XGBoost_multi_interactions_no_coords,spatial,False,0,0.6109551,-155726.191227112,6799488.07056547
182,1452,Egernia mcpheei,XGBoost_multi_interactions_no_coords,spatial,False,0,0.007863694,-155726.191227112,6799488.07056547
182,1453,Eulamprus murrayi,XGBoost_multi_interactions_no_coords,spatial,False,0,0.0037700352,-155726.191227112,6799488.07056547
182,1454,Ophioscincus truncatus,XGBoost_multi_interactions_no_coords,spatial,False,0,0.10464811,-155726.191227112,6799488.07056547
182,1455,Pseudechis porphyricaus,XGBoost_multi_interactions_no_coords,spatial,False,0,0.009480294,-155726.191227112,6799488.07056547
182,1456,Saltuarius swaini,XGBoost_multi_interactions_no_coords,spatial,False,0,0.011107667,-155726.191227112,6799488.07056547
183,1457,Cacophis kreftii,XGBoost_multi_interactions_no_coords,spatial,False,0,0.003861285,-29520.6964365395,6805473.74302288
183,1458,Calyptotis scutirostrum,XGBoost_multi_interactions_no_coords,spatial,False,0,0.0036105646,-29520.6964365395,6805473.74302288
183,1459,Coeranoscincus reticulatus,XGBoost_multi_interactions_no_coords,spatial,False,0,0.0029087286,-29520.6964365395,6805473.74302288
183,1460,Egernia mcpheei,XGBoost_multi_interactions_no_coords,spatial,False,0,0.0019747203,-29520.6964365395,6805473.74302288
183,1461,Eulamprus murrayi,XGBoost_multi_interactions_no_coords,spatial,False,0,0.0010060233,-29520.6964365395,6805473.74302288
183,1462,Ophioscincus truncatus,XGBoost_multi_interactions_no_coords,spatial,False,0,0.0051539894,-29520.6964365395,6805473.74302288
183,1463,Pseudechis porphyricaus,XGBoost_multi_interactions_no_coords,spatial,False,0,0.010778241,-29520.6964365395,6805473.74302288
183,1464,Saltuarius swaini,XGBoost_multi_interactions_no_coords,spatial,False,0,0.021697242,-29520.6964365395,6805473.74302288
184,1465,Cacophis kreftii,XGBoost_multi_interactions_no_coords,spatial,False,0,0.003861285,-28317.1316235074,6805528.64452115
184,1466,Calyptotis scutirostrum,XGBoost_multi_interactions_no_coords,spatial,False,0,0.0036105646,-28317.1316235074,6805528.64452115
184,1467,Coeranoscincus reticulatus,XGBoost_multi_interactions_no_coords,spatial,False,0,0.0029087286,-28317.1316235074,6805528.64452115
184,1468,Egernia mcpheei,XGBoost_multi_interactions_no_coords,spatial,False,0,0.0019747203,-28317.1316235074,6805528.64452115
184,1469,Eulamprus murrayi,XGBoost_multi_interactions_no_coords,spatial,False,0,0.0010060233,-28317.1316235074,6805528.64452115
184,1470,Ophioscincus truncatus,XGBoost_multi_interactions_no_coords,spatial,False,0,0.0051539894,-28317.1316235074,6805528.64452115
184,1471,Pseudechis porphyricaus,XGBoost_multi_interactions_no_coords,spatial,False,0,0.010778241,-28317.1316235074,6805528.64452115
184,1472,Saltuarius swaini,XGBoost_multi_interactions_no_coords,spatial,False,0,0.021697242,-28317.1316235074,6805528.64452115
185,1473,Cacophis kreftii,XGBoost_multi_interactions_no_coords,spatial,False,0,0.031097958,-154680.904774922,6798732.86570032
185,1474,Calyptotis scutirostrum,XGBoost_multi_interactions_no_coords,spatial,False,0,0.03664516,-154680.904774922,6798732.86570032
185,1475,Coeranoscincus reticulatus,XGBoost_multi_interactions_no_coords,spatial,False,1,0.43262583,-154680.904774922,6798732.86570032
185,1476,Egernia mcpheei,XGBoost_multi_interactions_no_coords,spatial,False,0,0.007219454,-154680.904774922,6798732.86570032
185,1477,Eulamprus murrayi,XGBoost_multi_interactions_no_coords,spatial,False,0,0.009477589,-154680.904774922,6798732.86570032
185,1478,Ophioscincus truncatus,XGBoost_multi_interactions_no_coords,spatial,False,0,0.064165,-154680.904774922,6798732.86570032
185,1479,Pseudechis porphyricaus,XGBoost_multi_interactions_no_coords,spatial,False,0,0.0129947355,-154680.904774922,6798732.86570032
185,1480,Saltuarius swaini,XGBoost_multi_interactions_no_coords,spatial,False,0,0.01041537,-154680.904774922,6798732.86570032
186,1481,Cacophis kreftii,XGBoost_multi_interactions_no_coords,spatial,False,0,0.003861285,-29502.4373697368,6805073.94284487
186,1482,Calyptotis scutirostrum,XGBoost_multi_interactions_no_coords,spatial,False,0,0.0036105646,-29502.4373697368,6805073.94284487
186,1483,Coeranoscincus reticulatus,XGBoost_multi_interactions_no_coords,spatial,False,0,0.0029087286,-29502.4373697368,6805073.94284487
186,1484,Egernia mcpheei,XGBoost_multi_interactions_no_coords,spatial,False,0,0.0019747203,-29502.4373697368,6805073.94284487
186,1485,Eulamprus murrayi,XGBoost_multi_interactions_no_coords,spatial,False,0,0.0010060233,-29502.4373697368,6805073.94284487
186,1486,Ophioscincus truncatus,XGBoost_multi_interactions_no_coords,spatial,False,0,0.0051539894,-29502.4373697368,6805073.94284487
186,1487,Pseudechis porphyricaus,XGBoost_multi_interactions_no_coords,spatial,False,0,0.010778241,-29502.4373697368,6805073.94284487
186,1488,Saltuarius swaini,XGBoost_multi_interactions_no_coords,spatial,False,0,0.021697242,-29502.4373697368,6805073.94284487
187,1489,Cacophis kreftii,XGBoost_multi_interactions_no_coords,spatial,False,0,0.037090767,-153649.192596345,6798389.56853004
187,1490,Calyptotis scutirostrum,XGBoost_multi_interactions_no_coords,spatial,False,0,0.044081025,-153649.192596345,6798389.56853004
187,1491,Coeranoscincus reticulatus,XGBoost_multi_interactions_no_coords,spatial,False,1,0.45830432,-153649.192596345,6798389.56853004
187,1492,Egernia mcpheei,XGBoost_multi_interactions_no_coords,spatial,False,0,0.007172402,-153649.192596345,6798389.56853004
187,1493,Eulamprus murrayi,XGBoost_multi_interactions_no_coords,spatial,False,0,0.004515381,-153649.192596345,6798389.56853004
187,1494,Ophioscincus truncatus,XGBoost_multi_interactions_no_coords,spatial,False,0,0.11069416,-153649.192596345,6798389.56853004
187,1495,Pseudechis porphyricaus,XGBoost_multi_interactions_no_coords,spatial,False,0,0.01462649,-153649.192596345,6798389.56853004
187,1496,Saltuarius swaini,XGBoost_multi_interactions_no_coords,spatial,False,0,0.011385917,-153649.192596345,6798389.56853004
188,1497,Cacophis kreftii,XGBoost_multi_interactions_no_coords,spatial,False,0,0.057396214,-154245.287601219,6798155.10832232
188,1498,Calyptotis scutirostrum,XGBoost_multi_interactions_no_coords,spatial,False,0,0.19181913,-154245.287601219,6798155.10832232
188,1499,Coeranoscincus reticulatus,XGBoost_multi_interactions_no_coords,spatial,False,1,0.6126816,-154245.287601219,6798155.10832232
188,1500,Egernia mcpheei,XGBoost_multi_interactions_no_coords,spatial,False,0,0.014920514,-154245.287601219,6798155.10832232
188,1501,Eulamprus murrayi,XGBoost_multi_interactions_no_coords,spatial,False,0,0.017435826,-154245.287601219,6798155.10832232
188,1502,Ophioscincus truncatus,XGBoost_multi_interactions_no_coords,spatial,False,0,0.06446425,-154245.287601219,6798155.10832232
188,1503,Pseudechis porphyricaus,XGBoost_multi_interactions_no_coords,spatial,False,0,0.026576456,-154245.287601219,6798155.10832232
188,1504,Saltuarius swaini,XGBoost_multi_interactions_no_coords,spatial,False,0,0.018152438,-154245.287601219,6798155.10832232
189,1505,Cacophis kreftii,XGBoost_multi_interactions_no_coords,spatial,False,0,0.094841845,-112502.967446529,6800471.69931174
189,1506,Calyptotis scutirostrum,XGBoost_multi_interactions_no_coords,spatial,False,0,0.80005527,-112502.967446529,6800471.69931174
189,1507,Coeranoscincus reticulatus,XGBoost_multi_interactions_no_coords,spatial,False,0,0.224984,-112502.967446529,6800471.69931174
189,1508,Egernia mcpheei,XGBoost_multi_interactions_no_coords,spatial,False,0,0.017559888,-112502.967446529,6800471.69931174
189,1509,Eulamprus murrayi,XGBoost_multi_interactions_no_coords,spatial,False,0,0.010014629,-112502.967446529,6800471.69931174
189,1510,Ophioscincus truncatus,XGBoost_multi_interactions_no_coords,spatial,False,0,0.28949097,-112502.967446529,6800471.69931174
189,1511,Pseudechis porphyricaus,XGBoost_multi_interactions_no_coords,spatial,False,0,0.013321105,-112502.967446529,6800471.69931174
189,1512,Saltuarius swaini,XGBoost_multi_interactions_no_coords,spatial,False,0,0.0167528,-112502.967446529,6800471.69931174
190,1513,Cacophis kreftii,XGBoost_multi_interactions_no_coords,spatial,False,0,0.098431066,-112492.387376251,6800271.63658075
190,1514,Calyptotis scutirostrum,XGBoost_multi_interactions_no_coords,spatial,False,0,0.84404755,-112492.387376251,6800271.63658075
190,1515,Coeranoscincus reticulatus,XGBoost_multi_interactions_no_coords,spatial,False,1,0.20294474,-112492.387376251,6800271.63658075
190,1516,Egernia mcpheei,XGBoost_multi_interactions_no_coords,spatial,False,0,0.026176862,-112492.387376251,6800271.63658075
190,1517,Eulamprus murrayi,XGBoost_multi_interactions_no_coords,spatial,False,0,0.010430641,-112492.387376251,6800271.63658075
190,1518,Ophioscincus truncatus,XGBoost_multi_interactions_no_coords,spatial,False,0,0.36885864,-112492.387376251,6800271.63658075
190,1519,Pseudechis porphyricaus,XGBoost_multi_interactions_no_coords,spatial,False,0,0.020439414,-112492.387376251,6800271.63658075
190,1520,Saltuarius swaini,XGBoost_multi_interactions_no_coords,spatial,False,0,0.019789761,-112492.387376251,6800271.63658075
191,1521,Cacophis kreftii,XGBoost_multi_interactions_no_coords,spatial,False,0,0.03494727,-152408.241373254,6797645.26465756
191,1522,Calyptotis scutirostrum,XGBoost_multi_interactions_no_coords,spatial,False,0,0.0450724,-152408.241373254,6797645.26465756
191,1523,Coeranoscincus reticulatus,XGBoost_multi_interactions_no_coords,spatial,False,1,0.38300917,-152408.241373254,6797645.26465756
191,1524,Egernia mcpheei,XGBoost_multi_interactions_no_coords,spatial,False,0,0.008305781,-152408.241373254,6797645.26465756
191,1525,Eulamprus murrayi,XGBoost_multi_interactions_no_coords,spatial,False,0,0.0042461352,-152408.241373254,6797645.26465756
191,1526,Ophioscincus truncatus,XGBoost_multi_interactions_no_coords,spatial,False,0,0.09107004,-152408.241373254,6797645.26465756
191,1527,Pseudechis porphyricaus,XGBoost_multi_interactions_no_coords,spatial,False,0,0.017358722,-152408.241373254,6797645.26465756
191,1528,Saltuarius swaini,XGBoost_multi_interactions_no_coords,spatial,False,0,0.0115081705,-152408.241373254,6797645.26465756
192,1529,Cacophis kreftii,XGBoost_multi_interactions_no_coords,spatial,False,0,0.06955294,-111862.768502251,6799691.91157671
192,1530,Calyptotis scutirostrum,XGBoost_multi_interactions_no_coords,spatial,False,0,0.62547016,-111862.768502251,6799691.91157671
192,1531,Coeranoscincus reticulatus,XGBoost_multi_interactions_no_coords,spatial,False,1,0.2684136,-111862.768502251,6799691.91157671
192,1532,Egernia mcpheei,XGBoost_multi_interactions_no_coords,spatial,False,0,0.014715845,-111862.768502251,6799691.91157671
192,1533,Eulamprus murrayi,XGBoost_multi_interactions_no_coords,spatial,False,0,0.007392657,-111862.768502251,6799691.91157671
192,1534,Ophioscincus truncatus,XGBoost_multi_interactions_no_coords,spatial,False,0,0.18635628,-111862.768502251,6799691.91157671
192,1535,Pseudechis porphyricaus,XGBoost_multi_interactions_no_coords,spatial,False,0,0.009915818,-111862.768502251,6799691.91157671
192,1536,Saltuarius swaini,XGBoost_multi_interactions_no_coords,spatial,False,0,0.012559885,-111862.768502251,6799691.91157671
193,1537,Cacophis kreftii,XGBoost_multi_interactions_no_coords,spatial,False,0,0.044315893,-153796.263664079,6797165.36470106
193,1538,Calyptotis scutirostrum,XGBoost_multi_interactions_no_coords,spatial,False,0,0.037187442,-153796.263664079,6797165.36470106
193,1539,Coeranoscincus reticulatus,XGBoost_multi_interactions_no_coords,spatial,False,1,0.57469225,-153796.263664079,6797165.36470106
193,1540,Egernia mcpheei,XGBoost_multi_interactions_no_coords,spatial,False,0,0.013187671,-153796.263664079,6797165.36470106
193,1541,Eulamprus murrayi,XGBoost_multi_interactions_no_coords,spatial,False,0,0.0078193545,-153796.263664079,6797165.36470106
193,1542,Ophioscincus truncatus,XGBoost_multi_interactions_no_coords,spatial,False,0,0.05010854,-153796.263664079,6797165.36470106
193,1543,Pseudechis porphyricaus,XGBoost_multi_interactions_no_coords,spatial,False,0,0.020374293,-153796.263664079,6797165.36470106
193,1544,Saltuarius swaini,XGBoost_multi_interactions_no_coords,spatial,False,0,0.014474085,-153796.263664079,6797165.36470106
194,1545,Cacophis kreftii,XGBoost_multi_interactions_no_coords,spatial,False,0,0.098431066,-113057.133584369,6799439.25721174
194,1546,Calyptotis scutirostrum,XGBoost_multi_interactions_no_coords,spatial,False,0,0.78580153,-113057.133584369,6799439.25721174
194,1547,Coeranoscincus reticulatus,XGBoost_multi_interactions_no_coords,spatial,False,1,0.21205623,-113057.133584369,6799439.25721174
194,1548,Egernia mcpheei,XGBoost_multi_interactions_no_coords,spatial,False,0,0.023083407,-113057.133584369,6799439.25721174
194,1549,Eulamprus murrayi,XGBoost_multi_interactions_no_coords,spatial,False,0,0.010430641,-113057.133584369,6799439.25721174
194,1550,Ophioscincus truncatus,XGBoost_multi_interactions_no_coords,spatial,False,0,0.38372228,-113057.133584369,6799439.25721174
194,1551,Pseudechis porphyricaus,XGBoost_multi_interactions_no_coords,spatial,False,0,0.018039769,-113057.133584369,6799439.25721174
194,1552,Saltuarius swaini,XGBoost_multi_interactions_no_coords,spatial,False,0,0.01934336,-113057.133584369,6799439.25721174
195,1553,Cacophis kreftii,XGBoost_multi_interactions_no_coords,spatial,False,0,0.1281013,-153177.628494992,6796999.50794559
195,1554,Calyptotis scutirostrum,XGBoost_multi_interactions_no_coords,spatial,False,0,0.20693421,-153177.628494992,6796999.50794559
195,1555,Coeranoscincus reticulatus,XGBoost_multi_interactions_no_coords,spatial,False,1,0.35747725,-153177.628494992,6796999.50794559
195,1556,Egernia mcpheei,XGBoost_multi_interactions_no_coords,spatial,False,0,0.04652231,-153177.628494992,6796999.50794559
195,1557,Eulamprus murrayi,XGBoost_multi_interactions_no_coords,spatial,False,0,0.032605253,-153177.628494992,6796999.50794559
195,1558,Ophioscincus truncatus,XGBoost_multi_interactions_no_coords,spatial,False,0,0.55434453,-153177.628494992,6796999.50794559
195,1559,Pseudechis porphyricaus,XGBoost_multi_interactions_no_coords,spatial,False,0,0.06187222,-153177.628494992,6796999.50794559
195,1560,Saltuarius swaini,XGBoost_multi_interactions_no_coords,spatial,False,0,0.056582436,-153177.628494992,6796999.50794559
196,1561,Cacophis kreftii,XGBoost_multi_interactions_no_coords,spatial,False,0,0.10041814,-111841.623750466,6799291.78871934
196,1562,Calyptotis scutirostrum,XGBoost_multi_interactions_no_coords,spatial,False,0,0.80686826,-111841.623750466,6799291.78871934
196,1563,Coeranoscincus reticulatus,XGBoost_multi_interactions_no_coords,spatial,False,1,0.22910698,-111841.623750466,6799291.78871934
196,1564,Egernia mcpheei,XGBoost_multi_interactions_no_coords,spatial,False,1,0.018872045,-111841.623750466,6799291.78871934
196,1565,Eulamprus murrayi,XGBoost_multi_interactions_no_coords,spatial,False,0,0.010662215,-111841.623750466,6799291.78871934
196,1566,Ophioscincus truncatus,XGBoost_multi_interactions_no_coords,spatial,False,0,0.3616849,-111841.623750466,6799291.78871934
196,1567,Pseudechis porphyricaus,XGBoost_multi_interactions_no_coords,spatial,False,0,0.017977016,-111841.623750466,6799291.78871934
196,1568,Saltuarius swaini,XGBoost_multi_interactions_no_coords,spatial,False,0,0.01782823,-111841.623750466,6799291.78871934
197,1569,Cacophis kreftii,XGBoost_multi_interactions_no_coords,spatial,False,0,0.0038106039,-31200.4121417062,6802970.7749555
197,1570,Calyptotis scutirostrum,XGBoost_multi_interactions_no_coords,spatial,False,0,0.0024807493,-31200.4121417062,6802970.7749555
197,1571,Coeranoscincus reticulatus,XGBoost_multi_interactions_no_coords,spatial,False,0,0.0032731148,-31200.4121417062,6802970.7749555
197,1572,Egernia mcpheei,XGBoost_multi_interactions_no_coords,spatial,False,0,0.0020214154,-31200.4121417062,6802970.7749555
197,1573,Eulamprus murrayi,XGBoost_multi_interactions_no_coords,spatial,False,0,0.0010166813,-31200.4121417062,6802970.7749555
197,1574,Ophioscincus truncatus,XGBoost_multi_interactions_no_coords,spatial,False,0,0.008212932,-31200.4121417062,6802970.7749555
197,1575,Pseudechis porphyricaus,XGBoost_multi_interactions_no_coords,spatial,False,0,0.011671698,-31200.4121417062,6802970.7749555
197,1576,Saltuarius swaini,XGBoost_multi_interactions_no_coords,spatial,False,0,0.023023585,-31200.4121417062,6802970.7749555
198,1577,Cacophis kreftii,XGBoost_multi_interactions_no_coords,spatial,False,0,0.06779936,-111757.020588895,6797691.29771726
198,1578,Calyptotis scutirostrum,XGBoost_multi_interactions_no_coords,spatial,False,0,0.4469983,-111757.020588895,6797691.29771726
198,1579,Coeranoscincus reticulatus,XGBoost_multi_interactions_no_coords,spatial,False,1,0.1633517,-111757.020588895,6797691.29771726
198,1580,Egernia mcpheei,XGBoost_multi_interactions_no_coords,spatial,False,0,0.012240491,-111757.020588895,6797691.29771726
198,1581,Eulamprus murrayi,XGBoost_multi_interactions_no_coords,spatial,False,0,0.0073958766,-111757.020588895,6797691.29771726
198,1582,Ophioscincus truncatus,XGBoost_multi_interactions_no_coords,spatial,False,0,0.3592168,-111757.020588895,6797691.29771726
198,1583,Pseudechis porphyricaus,XGBoost_multi_interactions_no_coords,spatial,False,0,0.020681523,-111757.020588895,6797691.29771726
198,1584,Saltuarius swaini,XGBoost_multi_interactions_no_coords,spatial,False,0,0.017999293,-111757.020588895,6797691.29771726
199,1585,Cacophis kreftii,XGBoost_multi_interactions_no_coords,spatial,False,0,0.19570574,-111540.073845013,6797301.52655841
199,1586,Calyptotis scutirostrum,XGBoost_multi_interactions_no_coords,spatial,False,0,0.78777885,-111540.073845013,6797301.52655841
199,1587,Coeranoscincus reticulatus,XGBoost_multi_interactions_no_coords,spatial,False,1,0.3257174,-111540.073845013,6797301.52655841
199,1588,Egernia mcpheei,XGBoost_multi_interactions_no_coords,spatial,False,1,0.08572109,-111540.073845013,6797301.52655841
199,1589,Eulamprus murrayi,XGBoost_multi_interactions_no_coords,spatial,False,0,0.03299525,-111540.073845013,6797301.52655841
199,1590,Ophioscincus truncatus,XGBoost_multi_interactions_no_coords,spatial,False,0,0.8428269,-111540.073845013,6797301.52655841
199,1591,Pseudechis porphyricaus,XGBoost_multi_interactions_no_coords,spatial,False,0,0.028500266,-111540.073845013,6797301.52655841
199,1592,Saltuarius swaini,XGBoost_multi_interactions_no_coords,spatial,False,0,0.06359595,-111540.073845013,6797301.52655841
200,1593,Cacophis kreftii,XGBoost_multi_interactions_no_coords,spatial,False,0,0.020672543,-165917.840413128,6794142.17633504
200,1594,Calyptotis scutirostrum,XGBoost_multi_interactions_no_coords,spatial,False,0,0.014741408,-165917.840413128,6794142.17633504
200,1595,Coeranoscincus reticulatus,XGBoost_multi_interactions_no_coords,spatial,False,1,0.23698293,-165917.840413128,6794142.17633504
200,1596,Egernia mcpheei,XGBoost_multi_interactions_no_coords,spatial,False,0,0.0046478226,-165917.840413128,6794142.17633504
200,1597,Eulamprus murrayi,XGBoost_multi_interactions_no_coords,spatial,False,0,0.0067998045,-165917.840413128,6794142.17633504
200,1598,Ophioscincus truncatus,XGBoost_multi_interactions_no_coords,spatial,False,0,0.07869431,-165917.840413128,6794142.17633504
200,1599,Pseudechis porphyricaus,XGBoost_multi_interactions_no_coords,spatial,False,0,0.044071663,-165917.840413128,6794142.17633504
200,1600,Saltuarius swaini,XGBoost_multi_interactions_no_coords,spatial,False,0,0.009081329,-165917.840413128,6794142.17633504
201,1601,Cacophis kreftii,XGBoost_multi_interactions_no_coords,spatial,False,0,0.19662695,-111724.493680147,6796890.5347694
201,1602,Calyptotis scutirostrum,XGBoost_multi_interactions_no_coords,spatial,False,0,0.7606132,-111724.493680147,6796890.5347694
201,1603,Coeranoscincus reticulatus,XGBoost_multi_interactions_no_coords,spatial,False,1,0.27883565,-111724.493680147,6796890.5347694
201,1604,Egernia mcpheei,XGBoost_multi_interactions_no_coords,spatial,False,0,0.09201224,-111724.493680147,6796890.5347694
201,1605,Eulamprus murrayi,XGBoost_multi_interactions_no_coords,spatial,False,0,0.03278168,-111724.493680147,6796890.5347694
201,1606,Ophioscincus truncatus,XGBoost_multi_interactions_no_coords,spatial,False,0,0.7614523,-111724.493680147,6796890.5347694
201,1607,Pseudechis porphyricaus,XGBoost_multi_interactions_no_coords,spatial,False,0,0.037443075,-111724.493680147,6796890.5347694
201,1608,Saltuarius swaini,XGBoost_multi_interactions_no_coords,spatial,False,0,0.06460652,-111724.493680147,6796890.5347694
202,1609,Cacophis kreftii,XGBoost_multi_interactions_no_coords,spatial,False,0,0.12414384,-111508.34435778,6796701.34390328
202,1610,Calyptotis scutirostrum,XGBoost_multi_interactions_no_coords,spatial,False,0,0.6046855,-111508.34435778,6796701.34390328
202,1611,Coeranoscincus reticulatus,XGBoost_multi_interactions_no_coords,spatial,False,1,0.23467413,-111508.34435778,6796701.34390328
202,1612,Egernia mcpheei,XGBoost_multi_interactions_no_coords,spatial,False,0,0.0412501,-111508.34435778,6796701.34390328
202,1613,Eulamprus murrayi,XGBoost_multi_interactions_no_coords,spatial,False,0,0.015024454,-111508.34435778,6796701.34390328
202,1614,Ophioscincus truncatus,XGBoost_multi_interactions_no_coords,spatial,False,0,0.5204734,-111508.34435778,6796701.34390328
202,1615,Pseudechis porphyricaus,XGBoost_multi_interactions_no_coords,spatial,False,0,0.030405588,-111508.34435778,6796701.34390328
202,1616,Saltuarius swaini,XGBoost_multi_interactions_no_coords,spatial,False,0,0.031429723,-111508.34435778,6796701.34390328
203,1617,Cacophis kreftii,XGBoost_multi_interactions_no_coords,spatial,False,0,0.052445583,-165638.858103626,6792540.33884748
203,1618,Calyptotis scutirostrum,XGBoost_multi_interactions_no_coords,spatial,False,0,0.0846784,-165638.858103626,6792540.33884748
203,1619,Coeranoscincus reticulatus,XGBoost_multi_interactions_no_coords,spatial,False,1,0.582781,-165638.858103626,6792540.33884748
203,1620,Egernia mcpheei,XGBoost_multi_interactions_no_coords,spatial,False,0,0.012148309,-165638.858103626,6792540.33884748
203,1621,Eulamprus murrayi,XGBoost_multi_interactions_no_coords,spatial,False,0,0.006503743,-165638.858103626,6792540.33884748
203,1622,Ophioscincus truncatus,XGBoost_multi_interactions_no_coords,spatial,False,0,0.15788794,-165638.858103626,6792540.33884748
203,1623,Pseudechis porphyricaus,XGBoost_multi_interactions_no_coords,spatial,False,0,0.1182695,-165638.858103626,6792540.33884748
203,1624,Saltuarius swaini,XGBoost_multi_interactions_no_coords,spatial,False,0,0.021002067,-165638.858103626,6792540.33884748
204,1625,Cacophis kreftii,XGBoost_multi_interactions_no_coords,spatial,False,0,0.007813468,-111628.657553236,6795078.86889821
204,1626,Calyptotis scutirostrum,XGBoost_multi_interactions_no_coords,spatial,False,0,0.004761143,-111628.657553236,6795078.86889821
204,1627,Coeranoscincus reticulatus,XGBoost_multi_interactions_no_coords,spatial,False,0,0.034786053,-111628.657553236,6795078.86889821
204,1628,Egernia mcpheei,XGBoost_multi_interactions_no_coords,spatial,False,0,0.003733474,-111628.657553236,6795078.86889821
204,1629,Eulamprus murrayi,XGBoost_multi_interactions_no_coords,spatial,False,0,0.0019686476,-111628.657553236,6795078.86889821
204,1630,Ophioscincus truncatus,XGBoost_multi_interactions_no_coords,spatial,False,0,0.015349377,-111628.657553236,6795078.86889821
204,1631,Pseudechis porphyricaus,XGBoost_multi_interactions_no_coords,spatial,False,0,0.0030347393,-111628.657553236,6795078.86889821
204,1632,Saltuarius swaini,XGBoost_multi_interactions_no_coords,spatial,False,0,0.004085675,-111628.657553236,6795078.86889821
205,1633,Cacophis kreftii,XGBoost_multi_interactions_no_coords,spatial,False,0,0.008770246,-111987.574051639,6794257.38010052
205,1634,Calyptotis scutirostrum,XGBoost_multi_interactions_no_coords,spatial,False,0,0.005981455,-111987.574051639,6794257.38010052
205,1635,Coeranoscincus reticulatus,XGBoost_multi_interactions_no_coords,spatial,False,0,0.01593229,-111987.574051639,6794257.38010052
205,1636,Egernia mcpheei,XGBoost_multi_interactions_no_coords,spatial,False,0,0.0047222762,-111987.574051639,6794257.38010052
205,1637,Eulamprus murrayi,XGBoost_multi_interactions_no_coords,spatial,False,0,0.0020442535,-111987.574051639,6794257.38010052
205,1638,Ophioscincus truncatus,XGBoost_multi_interactions_no_coords,spatial,False,0,0.01718787,-111987.574051639,6794257.38010052
205,1639,Pseudechis porphyricaus,XGBoost_multi_interactions_no_coords,spatial,False,0,0.009343564,-111987.574051639,6794257.38010052
205,1640,Saltuarius swaini,XGBoost_multi_interactions_no_coords,spatial,False,0,0.005271068,-111987.574051639,6794257.38010052
206,1641,Cacophis kreftii,XGBoost_multi_interactions_no_coords,spatial,False,0,0.008984316,-111543.951324666,6793478.37953304
206,1642,Calyptotis scutirostrum,XGBoost_multi_interactions_no_coords,spatial,False,0,0.0031901728,-111543.951324666,6793478.37953304
206,1643,Coeranoscincus reticulatus,XGBoost_multi_interactions_no_coords,spatial,False,1,0.020664431,-111543.951324666,6793478.37953304
206,1644,Egernia mcpheei,XGBoost_multi_interactions_no_coords,spatial,False,0,0.0045126555,-111543.951324666,6793478.37953304
206,1645,Eulamprus murrayi,XGBoost_multi_interactions_no_coords,spatial,False,0,0.0021177924,-111543.951324666,6793478.37953304
206,1646,Ophioscincus truncatus,XGBoost_multi_interactions_no_coords,spatial,False,0,0.02211219,-111543.951324666,6793478.37953304
206,1647,Pseudechis porphyricaus,XGBoost_multi_interactions_no_coords,spatial,False,0,0.0066703307,-111543.951324666,6793478.37953304
206,1648,Saltuarius swaini,XGBoost_multi_interactions_no_coords,spatial,False,0,0.0052416753,-111543.951324666,6793478.37953304
207,1649,Cacophis kreftii,XGBoost_multi_interactions_no_coords,spatial,False,0,0.025289388,-166932.442763671,6790267.55776097
207,1650,Calyptotis scutirostrum,XGBoost_multi_interactions_no_coords,spatial,False,0,0.010264954,-166932.442763671,6790267.55776097
207,1651,Coeranoscincus reticulatus,XGBoost_multi_interactions_no_coords,spatial,False,1,0.38554832,-166932.442763671,6790267.55776097
207,1652,Egernia mcpheei,XGBoost_multi_interactions_no_coords,spatial,False,0,0.0059348433,-166932.442763671,6790267.55776097
207,1653,Eulamprus murrayi,XGBoost_multi_interactions_no_coords,spatial,False,0,0.0032877983,-166932.442763671,6790267.55776097
207,1654,Ophioscincus truncatus,XGBoost_multi_interactions_no_coords,spatial,False,0,0.1185229,-166932.442763671,6790267.55776097
207,1655,Pseudechis porphyricaus,XGBoost_multi_interactions_no_coords,spatial,False,0,0.050190873,-166932.442763671,6790267.55776097
207,1656,Saltuarius swaini,XGBoost_multi_interactions_no_coords,spatial,False,0,0.012300548,-166932.442763671,6790267.55776097
208,1657,Cacophis kreftii,XGBoost_multi_interactions_no_coords,spatial,False,0,0.014074838,-113333.176647029,6792982.26555712
208,1658,Calyptotis scutirostrum,XGBoost_multi_interactions_no_coords,spatial,False,0,0.009940707,-113333.176647029,6792982.26555712
208,1659,Coeranoscincus reticulatus,XGBoost_multi_interactions_no_coords,spatial,False,0,0.072064646,-113333.176647029,6792982.26555712
208,1660,Egernia mcpheei,XGBoost_multi_interactions_no_coords,spatial,False,0,0.0072547337,-113333.176647029,6792982.26555712
208,1661,Eulamprus murrayi,XGBoost_multi_interactions_no_coords,spatial,False,0,0.004178453,-113333.176647029,6792982.26555712
208,1662,Ophioscincus truncatus,XGBoost_multi_interactions_no_coords,spatial,False,0,0.15064166,-113333.176647029,6792982.26555712
208,1663,Pseudechis porphyricaus,XGBoost_multi_interactions_no_coords,spatial,False,1,0.009912276,-113333.176647029,6792982.26555712
208,1664,Saltuarius swaini,XGBoost_multi_interactions_no_coords,spatial,False,0,0.009553446,-113333.176647029,6792982.26555712
209,1665,Cacophis kreftii,XGBoost_multi_interactions_no_coords,spatial,False,0,0.0084189465,-112530.721336831,6793024.84869485
209,1666,Calyptotis scutirostrum,XGBoost_multi_interactions_no_coords,spatial,False,0,0.0046985727,-112530.721336831,6793024.84869485
209,1667,Coeranoscincus reticulatus,XGBoost_multi_interactions_no_coords,spatial,False,1,0.027110688,-112530.721336831,6793024.84869485
209,1668,Egernia mcpheei,XGBoost_multi_interactions_no_coords,spatial,False,0,0.0036124878,-112530.721336831,6793024.84869485
209,1669,Eulamprus murrayi,XGBoost_multi_interactions_no_coords,spatial,False,0,0.0019836577,-112530.721336831,6793024.84869485
209,1670,Ophioscincus truncatus,XGBoost_multi_interactions_no_coords,spatial,False,0,0.024034312,-112530.721336831,6793024.84869485
209,1671,Pseudechis porphyricaus,XGBoost_multi_interactions_no_coords,spatial,False,0,0.006405596,-112530.721336831,6793024.84869485
209,1672,Saltuarius swaini,XGBoost_multi_interactions_no_coords,spatial,False,0,0.0046145082,-112530.721336831,6793024.84869485
210,1673,Cacophis kreftii,XGBoost_multi_interactions_no_coords,spatial,False,0,0.010440666,-112129.496210697,6793046.11909854
210,1674,Calyptotis scutirostrum,XGBoost_multi_interactions_no_coords,spatial,False,0,0.0074581793,-112129.496210697,6793046.11909854
210,1675,Coeranoscincus reticulatus,XGBoost_multi_interactions_no_coords,spatial,False,0,0.028355157,-112129.496210697,6793046.11909854
210,1676,Egernia mcpheei,XGBoost_multi_interactions_no_coords,spatial,False,0,0.005970129,-112129.496210697,6793046.11909854
210,1677,Eulamprus murrayi,XGBoost_multi_interactions_no_coords,spatial,False,0,0.0023884282,-112129.496210697,6793046.11909854
210,1678,Ophioscincus truncatus,XGBoost_multi_interactions_no_coords,spatial,False,0,0.014193821,-112129.496210697,6793046.11909854
210,1679,Pseudechis porphyricaus,XGBoost_multi_interactions_no_coords,spatial,False,0,0.0073604966,-112129.496210697,6793046.11909854
210,1680,Saltuarius swaini,XGBoost_multi_interactions_no_coords,spatial,False,0,0.0073449467,-112129.496210697,6793046.11909854
211,1681,Cacophis kreftii,XGBoost_multi_interactions_no_coords,spatial,False,0,0.030071069,-164829.821681687,6788558.93776823
211,1682,Calyptotis scutirostrum,XGBoost_multi_interactions_no_coords,spatial,False,0,0.0118551655,-164829.821681687,6788558.93776823
211,1683,Coeranoscincus reticulatus,XGBoost_multi_interactions_no_coords,spatial,False,1,0.24294779,-164829.821681687,6788558.93776823
211,1684,Egernia mcpheei,XGBoost_multi_interactions_no_coords,spatial,False,0,0.006868262,-164829.821681687,6788558.93776823
211,1685,Eulamprus murrayi,XGBoost_multi_interactions_no_coords,spatial,False,0,0.0038660124,-164829.821681687,6788558.93776823
211,1686,Ophioscincus truncatus,XGBoost_multi_interactions_no_coords,spatial,False,0,0.14623612,-164829.821681687,6788558.93776823
211,1687,Pseudechis porphyricaus,XGBoost_multi_interactions_no_coords,spatial,False,0,0.11684374,-164829.821681687,6788558.93776823
211,1688,Saltuarius swaini,XGBoost_multi_interactions_no_coords,spatial,False,0,0.014896557,-164829.821681687,6788558.93776823
212,1689,Cacophis kreftii,XGBoost_multi_interactions_no_coords,spatial,False,0,0.026661705,-165023.878239824,6788346.91096964
212,1690,Calyptotis scutirostrum,XGBoost_multi_interactions_no_coords,spatial,False,0,0.011833422,-165023.878239824,6788346.91096964
212,1691,Coeranoscincus reticulatus,XGBoost_multi_interactions_no_coords,spatial,False,0,0.2018356,-165023.878239824,6788346.91096964
212,1692,Egernia mcpheei,XGBoost_multi_interactions_no_coords,spatial,False,0,0.006941533,-165023.878239824,6788346.91096964
212,1693,Eulamprus murrayi,XGBoost_multi_interactions_no_coords,spatial,False,0,0.0034172304,-165023.878239824,6788346.91096964
212,1694,Ophioscincus truncatus,XGBoost_multi_interactions_no_coords,spatial,False,0,0.20786977,-165023.878239824,6788346.91096964
212,1695,Pseudechis porphyricaus,XGBoost_multi_interactions_no_coords,spatial,False,0,0.101384364,-165023.878239824,6788346.91096964
212,1696,Saltuarius swaini,XGBoost_multi_interactions_no_coords,spatial,False,0,0.013645503,-165023.878239824,6788346.91096964
213,1697,Cacophis kreftii,XGBoost_multi_interactions_no_coords,spatial,False,0,0.035932362,-164391.455012656,6787769.669967
213,1698,Calyptotis scutirostrum,XGBoost_multi_interactions_no_coords,spatial,False,0,0.016397303,-164391.455012656,6787769.669967
213,1699,Coeranoscincus reticulatus,XGBoost_multi_interactions_no_coords,spatial,False,1,0.26485962,-164391.455012656,6787769.669967
213,1700,Egernia mcpheei,XGBoost_multi_interactions_no_coords,spatial,False,0,0.009527168,-164391.455012656,6787769.669967
213,1701,Eulamprus murrayi,XGBoost_multi_interactions_no_coords,spatial,False,0,0.0045021526,-164391.455012656,6787769.669967
213,1702,Ophioscincus truncatus,XGBoost_multi_interactions_no_coords,spatial,False,0,0.14711954,-164391.455012656,6787769.669967
213,1703,Pseudechis porphyricaus,XGBoost_multi_interactions_no_coords,spatial,False,0,0.3525326,-164391.455012656,6787769.669967
213,1704,Saltuarius swaini,XGBoost_multi_interactions_no_coords,spatial,False,0,0.023157924,-164391.455012656,6787769.669967
214,1705,Cacophis kreftii,XGBoost_multi_interactions_no_coords,spatial,False,0,0.012205005,-110822.113763642,6787074.42336939
214,1706,Calyptotis scutirostrum,XGBoost_multi_interactions_no_coords,spatial,False,0,0.0055262554,-110822.113763642,6787074.42336939
214,1707,Coeranoscincus reticulatus,XGBoost_multi_interactions_no_coords,spatial,False,0,0.01967801,-110822.113763642,6787074.42336939
214,1708,Egernia mcpheei,XGBoost_multi_interactions_no_coords,spatial,False,0,0.0046234927,-110822.113763642,6787074.42336939
214,1709,Eulamprus murrayi,XGBoost_multi_interactions_no_coords,spatial,False,0,0.003063296,-110822.113763642,6787074.42336939
214,1710,Ophioscincus truncatus,XGBoost_multi_interactions_no_coords,spatial,False,0,0.05651554,-110822.113763642,6787074.42336939
214,1711,Pseudechis porphyricaus,XGBoost_multi_interactions_no_coords,spatial,False,0,0.01174242,-110822.113763642,6787074.42336939
214,1712,Saltuarius swaini,XGBoost_multi_interactions_no_coords,spatial,False,0,0.005917121,-110822.113763642,6787074.42336939
215,1713,Cacophis kreftii,XGBoost_multi_interactions_no_coords,spatial,False,0,0.024922594,-110616.719576928,6787085.30761186
215,1714,Calyptotis scutirostrum,XGBoost_multi_interactions_no_coords,spatial,False,0,0.015067249,-110616.719576928,6787085.30761186
215,1715,Coeranoscincus reticulatus,XGBoost_multi_interactions_no_coords,spatial,False,0,0.25130036,-110616.719576928,6787085.30761186
215,1716,Egernia mcpheei,XGBoost_multi_interactions_no_coords,spatial,False,0,0.011469532,-110616.719576928,6787085.30761186
215,1717,Eulamprus murrayi,XGBoost_multi_interactions_no_coords,spatial,False,0,0.008049718,-110616.719576928,6787085.30761186
215,1718,Ophioscincus truncatus,XGBoost_multi_interactions_no_coords,spatial,False,0,0.39589933,-110616.719576928,6787085.30761186
215,1719,Pseudechis porphyricaus,XGBoost_multi_interactions_no_coords,spatial,False,0,0.0112201795,-110616.719576928,6787085.30761186
215,1720,Saltuarius swaini,XGBoost_multi_interactions_no_coords,spatial,False,0,0.014080199,-110616.719576928,6787085.30761186
216,1721,Cacophis kreftii,XGBoost_multi_interactions_no_coords,spatial,False,0,0.019469757,-110020.100859829,6787116.90272986
216,1722,Calyptotis scutirostrum,XGBoost_multi_interactions_no_coords,spatial,False,0,0.013117037,-110020.100859829,6787116.90272986
216,1723,Coeranoscincus reticulatus,XGBoost_multi_interactions_no_coords,spatial,False,0,0.374077,-110020.100859829,6787116.90272986
216,1724,Egernia mcpheei,XGBoost_multi_interactions_no_coords,spatial,False,0,0.009642319,-110020.100859829,6787116.90272986
216,1725,Eulamprus murrayi,XGBoost_multi_interactions_no_coords,spatial,False,0,0.0063621113,-110020.100859829,6787116.90272986
216,1726,Ophioscincus truncatus,XGBoost_multi_interactions_no_coords,spatial,False,0,0.18249217,-110020.100859829,6787116.90272986
216,1727,Pseudechis porphyricaus,XGBoost_multi_interactions_no_coords,spatial,False,0,0.0090244915,-110020.100859829,6787116.90272986
216,1728,Saltuarius swaini,XGBoost_multi_interactions_no_coords,spatial,False,0,0.011731663,-110020.100859829,6787116.90272986
217,1729,Cacophis kreftii,XGBoost_multi_interactions_no_coords,spatial,False,0,0.012235586,-109413.705304275,6787148.98376259
217,1730,Calyptotis scutirostrum,XGBoost_multi_interactions_no_coords,spatial,False,0,0.015271968,-109413.705304275,6787148.98376259
217,1731,Coeranoscincus reticulatus,XGBoost_multi_interactions_no_coords,spatial,False,1,0.022175666,-109413.705304275,6787148.98376259
217,1732,Egernia mcpheei,XGBoost_multi_interactions_no_coords,spatial,False,0,0.008090106,-109413.705304275,6787148.98376259
217,1733,Eulamprus murrayi,XGBoost_multi_interactions_no_coords,spatial,False,0,0.0027669943,-109413.705304275,6787148.98376259
217,1734,Ophioscincus truncatus,XGBoost_multi_interactions_no_coords,spatial,False,0,0.014406995,-109413.705304275,6787148.98376259
217,1735,Pseudechis porphyricaus,XGBoost_multi_interactions_no_coords,spatial,False,0,0.005871965,-109413.705304275,6787148.98376259
217,1736,Saltuarius swaini,XGBoost_multi_interactions_no_coords,spatial,False,0,0.0071036723,-109413.705304275,6787148.98376259
218,1737,Cacophis kreftii,XGBoost_multi_interactions_no_coords,spatial,False,0,0.01068386,-110779.695476226,6786274.18349996
218,1738,Calyptotis scutirostrum,XGBoost_multi_interactions_no_coords,spatial,False,0,0.0053885123,-110779.695476226,6786274.18349996
218,1739,Coeranoscincus reticulatus,XGBoost_multi_interactions_no_coords,spatial,False,0,0.08186013,-110779.695476226,6786274.18349996
218,1740,Egernia mcpheei,XGBoost_multi_interactions_no_coords,spatial,False,0,0.0036782257,-110779.695476226,6786274.18349996
218,1741,Eulamprus murrayi,XGBoost_multi_interactions_no_coords,spatial,False,0,0.0063548903,-110779.695476226,6786274.18349996
218,1742,Ophioscincus truncatus,XGBoost_multi_interactions_no_coords,spatial,False,0,0.022648223,-110779.695476226,6786274.18349996
218,1743,Pseudechis porphyricaus,XGBoost_multi_interactions_no_coords,spatial,False,0,0.0065325373,-110779.695476226,6786274.18349996
218,1744,Saltuarius swaini,XGBoost_multi_interactions_no_coords,spatial,False,0,0.0053583127,-110779.695476226,6786274.18349996
219,1745,Cacophis kreftii,XGBoost_multi_interactions_no_coords,spatial,False,0,0.009884876,-110346.917478988,6785695.25630047
219,1746,Calyptotis scutirostrum,XGBoost_multi_interactions_no_coords,spatial,False,0,0.0050680973,-110346.917478988,6785695.25630047
219,1747,Coeranoscincus reticulatus,XGBoost_multi_interactions_no_coords,spatial,False,0,0.06407538,-110346.917478988,6785695.25630047
219,1748,Egernia mcpheei,XGBoost_multi_interactions_no_coords,spatial,False,0,0.00405423,-110346.917478988,6785695.25630047
219,1749,Eulamprus murrayi,XGBoost_multi_interactions_no_coords,spatial,False,0,0.0058025266,-110346.917478988,6785695.25630047
219,1750,Ophioscincus truncatus,XGBoost_multi_interactions_no_coords,spatial,False,0,0.022548834,-110346.917478988,6785695.25630047
219,1751,Pseudechis porphyricaus,XGBoost_multi_interactions_no_coords,spatial,False,0,0.0036745197,-110346.917478988,6785695.25630047
219,1752,Saltuarius swaini,XGBoost_multi_interactions_no_coords,spatial,False,0,0.0043248874,-110346.917478988,6785695.25630047
220,1753,Cacophis kreftii,XGBoost_multi_interactions_no_coords,spatial,False,0,0.01026337,-110140.731442662,6785505.55962449
220,1754,Calyptotis scutirostrum,XGBoost_multi_interactions_no_coords,spatial,False,0,0.0054206313,-110140.731442662,6785505.55962449
220,1755,Coeranoscincus reticulatus,XGBoost_multi_interactions_no_coords,spatial,False,0,0.08103006,-110140.731442662,6785505.55962449
220,1756,Egernia mcpheei,XGBoost_multi_interactions_no_coords,spatial,False,1,0.003498664,-110140.731442662,6785505.55962449
220,1757,Eulamprus murrayi,XGBoost_multi_interactions_no_coords,spatial,False,0,0.002576679,-110140.731442662,6785505.55962449
220,1758,Ophioscincus truncatus,XGBoost_multi_interactions_no_coords,spatial,False,0,0.029379738,-110140.731442662,6785505.55962449
220,1759,Pseudechis porphyricaus,XGBoost_multi_interactions_no_coords,spatial,False,0,0.0060996953,-110140.731442662,6785505.55962449
220,1760,Saltuarius swaini,XGBoost_multi_interactions_no_coords,spatial,False,0,0.005170512,-110140.731442662,6785505.55962449
221,1761,Cacophis kreftii,XGBoost_multi_interactions_no_coords,spatial,False,0,0.055001795,-157491.757049911,6782687.30974027
221,1762,Calyptotis scutirostrum,XGBoost_multi_interactions_no_coords,spatial,False,0,0.05259859,-157491.757049911,6782687.30974027
221,1763,Coeranoscincus reticulatus,XGBoost_multi_interactions_no_coords,spatial,False,1,0.51746875,-157491.757049911,6782687.30974027
221,1764,Egernia mcpheei,XGBoost_multi_interactions_no_coords,spatial,False,0,0.010357667,-157491.757049911,6782687.30974027
221,1765,Eulamprus murrayi,XGBoost_multi_interactions_no_coords,spatial,False,0,0.0072371825,-157491.757049911,6782687.30974027
221,1766,Ophioscincus truncatus,XGBoost_multi_interactions_no_coords,spatial,False,0,0.21704598,-157491.757049911,6782687.30974027
221,1767,Pseudechis porphyricaus,XGBoost_multi_interactions_no_coords,spatial,False,0,0.026573889,-157491.757049911,6782687.30974027
221,1768,Saltuarius swaini,XGBoost_multi_interactions_no_coords,spatial,False,0,0.016249318,-157491.757049911,6782687.30974027
222,1769,Cacophis kreftii,XGBoost_multi_interactions_no_coords,spatial,False,0,0.035759486,-109512.656336634,6785126.43261431
222,1770,Calyptotis scutirostrum,XGBoost_multi_interactions_no_coords,spatial,False,0,0.14148869,-109512.656336634,6785126.43261431
222,1771,Coeranoscincus reticulatus,XGBoost_multi_interactions_no_coords,spatial,False,0,0.13292438,-109512.656336634,6785126.43261431
222,1772,Egernia mcpheei,XGBoost_multi_interactions_no_coords,spatial,False,0,0.022679798,-109512.656336634,6785126.43261431
222,1773,Eulamprus murrayi,XGBoost_multi_interactions_no_coords,spatial,False,0,0.0077368636,-109512.656336634,6785126.43261431
222,1774,Ophioscincus truncatus,XGBoost_multi_interactions_no_coords,spatial,False,0,0.06725338,-109512.656336634,6785126.43261431
222,1775,Pseudechis porphyricaus,XGBoost_multi_interactions_no_coords,spatial,False,0,0.011744844,-109512.656336634,6785126.43261431
222,1776,Saltuarius swaini,XGBoost_multi_interactions_no_coords,spatial,False,0,0.015013762,-109512.656336634,6785126.43261431
223,1777,Cacophis kreftii,XGBoost_multi_interactions_no_coords,spatial,False,0,0.1194116,-109707.419900115,6784915.50427338
223,1778,Calyptotis scutirostrum,XGBoost_multi_interactions_no_coords,spatial,False,0,0.2560792,-109707.419900115,6784915.50427338
223,1779,Coeranoscincus reticulatus,XGBoost_multi_interactions_no_coords,spatial,False,0,0.5067485,-109707.419900115,6784915.50427338
223,1780,Egernia mcpheei,XGBoost_multi_interactions_no_coords,spatial,False,0,0.03375312,-109707.419900115,6784915.50427338
223,1781,Eulamprus murrayi,XGBoost_multi_interactions_no_coords,spatial,False,0,0.023653701,-109707.419900115,6784915.50427338
223,1782,Ophioscincus truncatus,XGBoost_multi_interactions_no_coords,spatial,False,0,0.15623645,-109707.419900115,6784915.50427338
223,1783,Pseudechis porphyricaus,XGBoost_multi_interactions_no_coords,spatial,False,0,0.048109885,-109707.419900115,6784915.50427338
223,1784,Saltuarius swaini,XGBoost_multi_interactions_no_coords,spatial,False,0,0.02694351,-109707.419900115,6784915.50427338
224,1785,Cacophis kreftii,XGBoost_multi_interactions_no_coords,spatial,False,0,0.06964034,-150843.666641707,6782630.05200801
224,1786,Calyptotis scutirostrum,XGBoost_multi_interactions_no_coords,spatial,False,0,0.09081839,-150843.666641707,6782630.05200801
224,1787,Coeranoscincus reticulatus,XGBoost_multi_interactions_no_coords,spatial,False,1,0.6308984,-150843.666641707,6782630.05200801
224,1788,Egernia mcpheei,XGBoost_multi_interactions_no_coords,spatial,False,0,0.014344215,-150843.666641707,6782630.05200801
224,1789,Eulamprus murrayi,XGBoost_multi_interactions_no_coords,spatial,False,0,0.008185366,-150843.666641707,6782630.05200801
224,1790,Ophioscincus truncatus,XGBoost_multi_interactions_no_coords,spatial,False,0,0.27304953,-150843.666641707,6782630.05200801
224,1791,Pseudechis porphyricaus,XGBoost_multi_interactions_no_coords,spatial,False,0,0.022258399,-150843.666641707,6782630.05200801
224,1792,Saltuarius swaini,XGBoost_multi_interactions_no_coords,spatial,False,0,0.019815097,-150843.666641707,6782630.05200801
225,1793,Cacophis kreftii,XGBoost_multi_interactions_no_coords,spatial,False,0,0.03098837,-157628.595163146,6781474.60411432
225,1794,Calyptotis scutirostrum,XGBoost_multi_interactions_no_coords,spatial,False,0,0.02764413,-157628.595163146,6781474.60411432
225,1795,Coeranoscincus reticulatus,XGBoost_multi_interactions_no_coords,spatial,False,1,0.50887483,-157628.595163146,6781474.60411432
225,1796,Egernia mcpheei,XGBoost_multi_interactions_no_coords,spatial,False,0,0.0060051153,-157628.595163146,6781474.60411432
225,1797,Eulamprus murrayi,XGBoost_multi_interactions_no_coords,spatial,False,0,0.0038003235,-157628.595163146,6781474.60411432
225,1798,Ophioscincus truncatus,XGBoost_multi_interactions_no_coords,spatial,False,0,0.071369536,-157628.595163146,6781474.60411432
225,1799,Pseudechis porphyricaus,XGBoost_multi_interactions_no_coords,spatial,False,0,0.018474026,-157628.595163146,6781474.60411432
225,1800,Saltuarius swaini,XGBoost_multi_interactions_no_coords,spatial,False,0,0.010518833,-157628.595163146,6781474.60411432
226,1801,Cacophis kreftii,XGBoost_multi_interactions_no_coords,spatial,False,0,0.048879962,-156768.616233883,6780508.50732801
226,1802,Calyptotis scutirostrum,XGBoost_multi_interactions_no_coords,spatial,False,0,0.051943168,-156768.616233883,6780508.50732801
226,1803,Coeranoscincus reticulatus,XGBoost_multi_interactions_no_coords,spatial,False,1,0.44245252,-156768.616233883,6780508.50732801
226,1804,Egernia mcpheei,XGBoost_multi_interactions_no_coords,spatial,False,0,0.0122471,-156768.616233883,6780508.50732801
226,1805,Eulamprus murrayi,XGBoost_multi_interactions_no_coords,spatial,False,0,0.0059073404,-156768.616233883,6780508.50732801
226,1806,Ophioscincus truncatus,XGBoost_multi_interactions_no_coords,spatial,False,0,0.120187625,-156768.616233883,6780508.50732801
226,1807,Pseudechis porphyricaus,XGBoost_multi_interactions_no_coords,spatial,False,0,0.0537395,-156768.616233883,6780508.50732801
226,1808,Saltuarius swaini,XGBoost_multi_interactions_no_coords,spatial,False,0,0.025090989,-156768.616233883,6780508.50732801
227,1809,Cacophis kreftii,XGBoost_multi_interactions_no_coords,spatial,False,0,0.013229898,-110619.113371872,6783061.59249324
227,1810,Calyptotis scutirostrum,XGBoost_multi_interactions_no_coords,spatial,False,0,0.008641588,-110619.113371872,6783061.59249324
227,1811,Coeranoscincus reticulatus,XGBoost_multi_interactions_no_coords,spatial,False,0,0.019162327,-110619.113371872,6783061.59249324
227,1812,Egernia mcpheei,XGBoost_multi_interactions_no_coords,spatial,False,0,0.0049467157,-110619.113371872,6783061.59249324
227,1813,Eulamprus murrayi,XGBoost_multi_interactions_no_coords,spatial,False,0,0.0028115325,-110619.113371872,6783061.59249324
227,1814,Ophioscincus truncatus,XGBoost_multi_interactions_no_coords,spatial,False,0,0.051875383,-110619.113371872,6783061.59249324
227,1815,Pseudechis porphyricaus,XGBoost_multi_interactions_no_coords,spatial,False,0,0.011159804,-110619.113371872,6783061.59249324
227,1816,Saltuarius swaini,XGBoost_multi_interactions_no_coords,spatial,False,0,0.00977675,-110619.113371872,6783061.59249324
228,1817,Cacophis kreftii,XGBoost_multi_interactions_no_coords,spatial,False,0,0.0069726054,-108593.63854256,6782767.65906175
228,1818,Calyptotis scutirostrum,XGBoost_multi_interactions_no_coords,spatial,False,0,0.002717547,-108593.63854256,6782767.65906175
228,1819,Coeranoscincus reticulatus,XGBoost_multi_interactions_no_coords,spatial,False,0,0.034870807,-108593.63854256,6782767.65906175
228,1820,Egernia mcpheei,XGBoost_multi_interactions_no_coords,spatial,False,0,0.0030412641,-108593.63854256,6782767.65906175
228,1821,Eulamprus murrayi,XGBoost_multi_interactions_no_coords,spatial,False,0,0.001666653,-108593.63854256,6782767.65906175
228,1822,Ophioscincus truncatus,XGBoost_multi_interactions_no_coords,spatial,False,0,0.013176388,-108593.63854256,6782767.65906175
228,1823,Pseudechis porphyricaus,XGBoost_multi_interactions_no_coords,spatial,False,0,0.004436772,-108593.63854256,6782767.65906175
228,1824,Saltuarius swaini,XGBoost_multi_interactions_no_coords,spatial,False,0,0.0038288278,-108593.63854256,6782767.65906175
229,1825,Cacophis kreftii,XGBoost_multi_interactions_no_coords,spatial,False,0,0.013119728,-108377.162322395,6782567.34735566
229,1826,Calyptotis scutirostrum,XGBoost_multi_interactions_no_coords,spatial,False,0,0.009439036,-108377.162322395,6782567.34735566
229,1827,Coeranoscincus reticulatus,XGBoost_multi_interactions_no_coords,spatial,False,1,0.115268335,-108377.162322395,6782567.34735566
229,1828,Egernia mcpheei,XGBoost_multi_interactions_no_coords,spatial,False,0,0.0064021708,-108377.162322395,6782567.34735566
229,1829,Eulamprus murrayi,XGBoost_multi_interactions_no_coords,spatial,False,0,0.003892254,-108377.162322395,6782567.34735566
229,1830,Ophioscincus truncatus,XGBoost_multi_interactions_no_coords,spatial,False,0,0.072603166,-108377.162322395,6782567.34735566
229,1831,Pseudechis porphyricaus,XGBoost_multi_interactions_no_coords,spatial,False,0,0.00904683,-108377.162322395,6782567.34735566
229,1832,Saltuarius swaini,XGBoost_multi_interactions_no_coords,spatial,False,0,0.009039843,-108377.162322395,6782567.34735566
230,1833,Cacophis kreftii,XGBoost_multi_interactions_no_coords,spatial,False,0,0.01136173,-58637.6336775981,6785100.52209461
230,1834,Calyptotis scutirostrum,XGBoost_multi_interactions_no_coords,spatial,False,0,0.02599896,-58637.6336775981,6785100.52209461
230,1835,Coeranoscincus reticulatus,XGBoost_multi_interactions_no_coords,spatial,False,0,0.008682882,-58637.6336775981,6785100.52209461
230,1836,Egernia mcpheei,XGBoost_multi_interactions_no_coords,spatial,False,0,0.008368092,-58637.6336775981,6785100.52209461
230,1837,Eulamprus murrayi,XGBoost_multi_interactions_no_coords,spatial,False,0,0.0022316957,-58637.6336775981,6785100.52209461
230,1838,Ophioscincus truncatus,XGBoost_multi_interactions_no_coords,spatial,False,0,0.011187238,-58637.6336775981,6785100.52209461
230,1839,Pseudechis porphyricaus,XGBoost_multi_interactions_no_coords,spatial,False,0,0.00844651,-58637.6336775981,6785100.52209461
230,1840,Saltuarius swaini,XGBoost_multi_interactions_no_coords,spatial,False,0,0.02108587,-58637.6336775981,6785100.52209461
231,1841,Cacophis kreftii,XGBoost_multi_interactions_no_coords,spatial,False,0,0.010594279,-107923.462038802,6781588.26422547
231,1842,Calyptotis scutirostrum,XGBoost_multi_interactions_no_coords,spatial,False,0,0.011929941,-107923.462038802,6781588.26422547
231,1843,Coeranoscincus reticulatus,XGBoost_multi_interactions_no_coords,spatial,False,1,0.021704799,-107923.462038802,6781588.26422547
231,1844,Egernia mcpheei,XGBoost_multi_interactions_no_coords,spatial,False,0,0.0056014904,-107923.462038802,6781588.26422547
231,1845,Eulamprus murrayi,XGBoost_multi_interactions_no_coords,spatial,False,0,0.0025341301,-107923.462038802,6781588.26422547
231,1846,Ophioscincus truncatus,XGBoost_multi_interactions_no_coords,spatial,False,0,0.0641536,-107923.462038802,6781588.26422547
231,1847,Pseudechis porphyricaus,XGBoost_multi_interactions_no_coords,spatial,False,0,0.009321507,-107923.462038802,6781588.26422547
231,1848,Saltuarius swaini,XGBoost_multi_interactions_no_coords,spatial,False,0,0.027397629,-107923.462038802,6781588.26422547
232,1849,Cacophis kreftii,XGBoost_multi_interactions_no_coords,spatial,False,0,0.053043198,-154268.894705046,6778832.59399199
232,1850,Calyptotis scutirostrum,XGBoost_multi_interactions_no_coords,spatial,False,0,0.03957436,-154268.894705046,6778832.59399199
232,1851,Coeranoscincus reticulatus,XGBoost_multi_interactions_no_coords,spatial,False,0,0.23267509,-154268.894705046,6778832.59399199
232,1852,Egernia mcpheei,XGBoost_multi_interactions_no_coords,spatial,False,0,0.013784036,-154268.894705046,6778832.59399199
232,1853,Eulamprus murrayi,XGBoost_multi_interactions_no_coords,spatial,False,0,0.0071040895,-154268.894705046,6778832.59399199
232,1854,Ophioscincus truncatus,XGBoost_multi_interactions_no_coords,spatial,False,0,0.17425266,-154268.894705046,6778832.59399199
232,1855,Pseudechis porphyricaus,XGBoost_multi_interactions_no_coords,spatial,False,0,0.023167241,-154268.894705046,6778832.59399199
232,1856,Saltuarius swaini,XGBoost_multi_interactions_no_coords,spatial,False,0,0.027986778,-154268.894705046,6778832.59399199
233,1857,Cacophis kreftii,XGBoost_multi_interactions_no_coords,spatial,False,0,0.032711104,-151231.119203658,6778380.41797512
233,1858,Calyptotis scutirostrum,XGBoost_multi_interactions_no_coords,spatial,False,0,0.012394957,-151231.119203658,6778380.41797512
233,1859,Coeranoscincus reticulatus,XGBoost_multi_interactions_no_coords,spatial,False,1,0.19723162,-151231.119203658,6778380.41797512
233,1860,Egernia mcpheei,XGBoost_multi_interactions_no_coords,spatial,False,0,0.005924073,-151231.119203658,6778380.41797512
233,1861,Eulamprus murrayi,XGBoost_multi_interactions_no_coords,spatial,False,0,0.0040705996,-151231.119203658,6778380.41797512
233,1862,Ophioscincus truncatus,XGBoost_multi_interactions_no_coords,spatial,False,0,0.19789559,-151231.119203658,6778380.41797512
233,1863,Pseudechis porphyricaus,XGBoost_multi_interactions_no_coords,spatial,False,0,0.011126723,-151231.119203658,6778380.41797512
233,1864,Saltuarius swaini,XGBoost_multi_interactions_no_coords,spatial,False,0,0.019224538,-151231.119203658,6778380.41797512
234,1865,Cacophis kreftii,XGBoost_multi_interactions_no_coords,spatial,False,0,0.05989439,-150784.191440288,6777591.42724006
234,1866,Calyptotis scutirostrum,XGBoost_multi_interactions_no_coords,spatial,False,0,0.03134695,-150784.191440288,6777591.42724006
234,1867,Coeranoscincus reticulatus,XGBoost_multi_interactions_no_coords,spatial,False,0,0.45915613,-150784.191440288,6777591.42724006
234,1868,Egernia mcpheei,XGBoost_multi_interactions_no_coords,spatial,False,0,0.010593439,-150784.191440288,6777591.42724006
234,1869,Eulamprus murrayi,XGBoost_multi_interactions_no_coords,spatial,False,0,0.0072255055,-150784.191440288,6777591.42724006
234,1870,Ophioscincus truncatus,XGBoost_multi_interactions_no_coords,spatial,False,0,0.3768701,-150784.191440288,6777591.42724006
234,1871,Pseudechis porphyricaus,XGBoost_multi_interactions_no_coords,spatial,False,0,0.020674609,-150784.191440288,6777591.42724006
234,1872,Saltuarius swaini,XGBoost_multi_interactions_no_coords,spatial,False,0,0.02751056,-150784.191440288,6777591.42724006
235,1873,Cacophis kreftii,XGBoost_multi_interactions_no_coords,spatial,False,0,0.026742226,-157053.44484427,6770228.31904544
235,1874,Calyptotis scutirostrum,XGBoost_multi_interactions_no_coords,spatial,False,0,0.012163952,-157053.44484427,6770228.31904544
235,1875,Coeranoscincus reticulatus,XGBoost_multi_interactions_no_coords,spatial,False,1,0.2722152,-157053.44484427,6770228.31904544
235,1876,Egernia mcpheei,XGBoost_multi_interactions_no_coords,spatial,False,0,0.007229207,-157053.44484427,6770228.31904544
235,1877,Eulamprus murrayi,XGBoost_multi_interactions_no_coords,spatial,False,0,0.0035977662,-157053.44484427,6770228.31904544
235,1878,Ophioscincus truncatus,XGBoost_multi_interactions_no_coords,spatial,False,0,0.27021238,-157053.44484427,6770228.31904544
235,1879,Pseudechis porphyricaus,XGBoost_multi_interactions_no_coords,spatial,False,1,0.12699547,-157053.44484427,6770228.31904544
235,1880,Saltuarius swaini,XGBoost_multi_interactions_no_coords,spatial,False,0,0.013013359,-157053.44484427,6770228.31904544
236,1881,Cacophis kreftii,XGBoost_multi_interactions_no_coords,spatial,False,0,0.023901604,-157007.529503806,6769427.67794309
236,1882,Calyptotis scutirostrum,XGBoost_multi_interactions_no_coords,spatial,False,0,0.010384849,-157007.529503806,6769427.67794309
236,1883,Coeranoscincus reticulatus,XGBoost_multi_interactions_no_coords,spatial,False,1,0.115483925,-157007.529503806,6769427.67794309
236,1884,Egernia mcpheei,XGBoost_multi_interactions_no_coords,spatial,False,0,0.0066762855,-157007.529503806,6769427.67794309
236,1885,Eulamprus murrayi,XGBoost_multi_interactions_no_coords,spatial,False,0,0.003207503,-157007.529503806,6769427.67794309
236,1886,Ophioscincus truncatus,XGBoost_multi_interactions_no_coords,spatial,False,0,0.1775946,-157007.529503806,6769427.67794309
236,1887,Pseudechis porphyricaus,XGBoost_multi_interactions_no_coords,spatial,False,0,0.089894734,-157007.529503806,6769427.67794309
236,1888,Saltuarius swaini,XGBoost_multi_interactions_no_coords,spatial,False,0,0.011613651,-157007.529503806,6769427.67794309
237,1889,Cacophis kreftii,XGBoost_multi_interactions_no_coords,spatial,False,0,0.03231359,-157601.945479142,6769192.74860327
237,1890,Calyptotis scutirostrum,XGBoost_multi_interactions_no_coords,spatial,False,0,0.014367695,-157601.945479142,6769192.74860327
237,1891,Coeranoscincus reticulatus,XGBoost_multi_interactions_no_coords,spatial,False,1,0.13804339,-157601.945479142,6769192.74860327
237,1892,Egernia mcpheei,XGBoost_multi_interactions_no_coords,spatial,False,0,0.008455648,-157601.945479142,6769192.74860327
237,1893,Eulamprus murrayi,XGBoost_multi_interactions_no_coords,spatial,False,0,0.0058723106,-157601.945479142,6769192.74860327
237,1894,Ophioscincus truncatus,XGBoost_multi_interactions_no_coords,spatial,False,0,0.35101047,-157601.945479142,6769192.74860327
237,1895,Pseudechis porphyricaus,XGBoost_multi_interactions_no_coords,spatial,False,0,0.19127555,-157601.945479142,6769192.74860327
237,1896,Saltuarius swaini,XGBoost_multi_interactions_no_coords,spatial,False,0,0.020572605,-157601.945479142,6769192.74860327
238,1897,Cacophis kreftii,XGBoost_multi_interactions_no_coords,spatial,False,0,0.005641994,-42631.6013249115,6774856.7836682
238,1898,Calyptotis scutirostrum,XGBoost_multi_interactions_no_coords,spatial,False,0,0.01503212,-42631.6013249115,6774856.7836682
238,1899,Coeranoscincus reticulatus,XGBoost_multi_interactions_no_coords,spatial,False,0,0.0041405694,-42631.6013249115,6774856.7836682
238,1900,Egernia mcpheei,XGBoost_multi_interactions_no_coords,spatial,False,0,0.0048955837,-42631.6013249115,6774856.7836682
238,1901,Eulamprus murrayi,XGBoost_multi_interactions_no_coords,spatial,False,0,0.0014112486,-42631.6013249115,6774856.7836682
238,1902,Ophioscincus truncatus,XGBoost_multi_interactions_no_coords,spatial,False,0,0.004920743,-42631.6013249115,6774856.7836682
238,1903,Pseudechis porphyricaus,XGBoost_multi_interactions_no_coords,spatial,False,0,0.031013874,-42631.6013249115,6774856.7836682
238,1904,Saltuarius swaini,XGBoost_multi_interactions_no_coords,spatial,False,0,0.036988772,-42631.6013249115,6774856.7836682
239,1905,Cacophis kreftii,XGBoost_multi_interactions_no_coords,spatial,False,0,0.0059779524,-42808.1790068126,6774247.29778187
239,1906,Calyptotis scutirostrum,XGBoost_multi_interactions_no_coords,spatial,False,0,0.0070807957,-42808.1790068126,6774247.29778187
239,1907,Coeranoscincus reticulatus,XGBoost_multi_interactions_no_coords,spatial,False,0,0.0066816984,-42808.1790068126,6774247.29778187
239,1908,Egernia mcpheei,XGBoost_multi_interactions_no_coords,spatial,False,0,0.0047563734,-42808.1790068126,6774247.29778187
239,1909,Eulamprus murrayi,XGBoost_multi_interactions_no_coords,spatial,False,0,0.0014917033,-42808.1790068126,6774247.29778187
239,1910,Ophioscincus truncatus,XGBoost_multi_interactions_no_coords,spatial,False,0,0.0047531268,-42808.1790068126,6774247.29778187
239,1911,Pseudechis porphyricaus,XGBoost_multi_interactions_no_coords,spatial,False,0,0.019373687,-42808.1790068126,6774247.29778187
239,1912,Saltuarius swaini,XGBoost_multi_interactions_no_coords,spatial,False,0,0.042690996,-42808.1790068126,6774247.29778187
240,1913,Cacophis kreftii,XGBoost_multi_interactions_no_coords,spatial,False,0,0.00856816,-90697.5110841577,6771199.36165782
240,1914,Calyptotis scutirostrum,XGBoost_multi_interactions_no_coords,spatial,False,0,0.0057125064,-90697.5110841577,6771199.36165782
240,1915,Coeranoscincus reticulatus,XGBoost_multi_interactions_no_coords,spatial,False,0,0.020232925,-90697.5110841577,6771199.36165782
240,1916,Egernia mcpheei,XGBoost_multi_interactions_no_coords,spatial,False,0,0.0049970043,-90697.5110841577,6771199.36165782
240,1917,Eulamprus murrayi,XGBoost_multi_interactions_no_coords,spatial,False,0,0.0020368823,-90697.5110841577,6771199.36165782
240,1918,Ophioscincus truncatus,XGBoost_multi_interactions_no_coords,spatial,False,0,0.0072029172,-90697.5110841577,6771199.36165782
240,1919,Pseudechis porphyricaus,XGBoost_multi_interactions_no_coords,spatial,False,0,0.007890894,-90697.5110841577,6771199.36165782
240,1920,Saltuarius swaini,XGBoost_multi_interactions_no_coords,spatial,False,0,0.01924205,-90697.5110841577,6771199.36165782
241,1921,Cacophis kreftii,XGBoost_multi_interactions_no_coords,spatial,False,0,0.0090110265,-89886.5465170286,6771040.60297007
241,1922,Calyptotis scutirostrum,XGBoost_multi_interactions_no_coords,spatial,False,0,0.0060086655,-89886.5465170286,6771040.60297007
241,1923,Coeranoscincus reticulatus,XGBoost_multi_interactions_no_coords,spatial,False,0,0.019453265,-89886.5465170286,6771040.60297007
241,1924,Egernia mcpheei,XGBoost_multi_interactions_no_coords,spatial,False,0,0.0052562654,-89886.5465170286,6771040.60297007
241,1925,Eulamprus murrayi,XGBoost_multi_interactions_no_coords,spatial,False,0,0.0021428934,-89886.5465170286,6771040.60297007
241,1926,Ophioscincus truncatus,XGBoost_multi_interactions_no_coords,spatial,False,0,0.0075937896,-89886.5465170286,6771040.60297007
241,1927,Pseudechis porphyricaus,XGBoost_multi_interactions_no_coords,spatial,False,0,0.00847369,-89886.5465170286,6771040.60297007
241,1928,Saltuarius swaini,XGBoost_multi_interactions_no_coords,spatial,False,0,0.020670898,-89886.5465170286,6771040.60297007
242,1929,Cacophis kreftii,XGBoost_multi_interactions_no_coords,spatial,False,0,0.0048212656,-45884.998116622,6771685.40364584
242,1930,Calyptotis scutirostrum,XGBoost_multi_interactions_no_coords,spatial,False,0,0.002917077,-45884.998116622,6771685.40364584
242,1931,Coeranoscincus reticulatus,XGBoost_multi_interactions_no_coords,spatial,False,0,0.00537934,-45884.998116622,6771685.40364584
242,1932,Egernia mcpheei,XGBoost_multi_interactions_no_coords,spatial,False,0,0.004180935,-45884.998116622,6771685.40364584
242,1933,Eulamprus murrayi,XGBoost_multi_interactions_no_coords,spatial,False,0,0.0012020207,-45884.998116622,6771685.40364584
242,1934,Ophioscincus truncatus,XGBoost_multi_interactions_no_coords,spatial,False,0,0.003964855,-45884.998116622,6771685.40364584
242,1935,Pseudechis porphyricaus,XGBoost_multi_interactions_no_coords,spatial,False,0,0.015618871,-45884.998116622,6771685.40364584
242,1936,Saltuarius swaini,XGBoost_multi_interactions_no_coords,spatial,False,0,0.035716236,-45884.998116622,6771685.40364584
243,1937,Cacophis kreftii,XGBoost_multi_interactions_no_coords,spatial,False,0,0.005646785,-45846.3441318398,6770874.56187869
243,1938,Calyptotis scutirostrum,XGBoost_multi_interactions_no_coords,spatial,False,0,0.0034022438,-45846.3441318398,6770874.56187869
243,1939,Coeranoscincus reticulatus,XGBoost_multi_interactions_no_coords,spatial,False,0,0.006466176,-45846.3441318398,6770874.56187869
243,1940,Egernia mcpheei,XGBoost_multi_interactions_no_coords,spatial,False,0,0.004492573,-45846.3441318398,6770874.56187869
243,1941,Eulamprus murrayi,XGBoost_multi_interactions_no_coords,spatial,False,0,0.0014087135,-45846.3441318398,6770874.56187869
243,1942,Ophioscincus truncatus,XGBoost_multi_interactions_no_coords,spatial,False,0,0.004541434,-45846.3441318398,6770874.56187869
243,1943,Pseudechis porphyricaus,XGBoost_multi_interactions_no_coords,spatial,False,0,0.017809369,-45846.3441318398,6770874.56187869
243,1944,Saltuarius swaini,XGBoost_multi_interactions_no_coords,spatial,False,0,0.041329026,-45846.3441318398,6770874.56187869
244,1945,Cacophis kreftii,XGBoost_multi_interactions_no_coords,spatial,False,0,0.005230248,-46208.2545646069,6770055.74332879
244,1946,Calyptotis scutirostrum,XGBoost_multi_interactions_no_coords,spatial,False,0,0.0032866267,-46208.2545646069,6770055.74332879
244,1947,Coeranoscincus reticulatus,XGBoost_multi_interactions_no_coords,spatial,False,0,0.0058353865,-46208.2545646069,6770055.74332879
244,1948,Egernia mcpheei,XGBoost_multi_interactions_no_coords,spatial,False,0,0.0045358473,-46208.2545646069,6770055.74332879
244,1949,Eulamprus murrayi,XGBoost_multi_interactions_no_coords,spatial,False,0,0.0013043892,-46208.2545646069,6770055.74332879
244,1950,Ophioscincus truncatus,XGBoost_multi_interactions_no_coords,spatial,False,0,0.0042060884,-46208.2545646069,6770055.74332879
244,1951,Pseudechis porphyricaus,XGBoost_multi_interactions_no_coords,spatial,False,0,0.016928231,-46208.2545646069,6770055.74332879
244,1952,Saltuarius swaini,XGBoost_multi_interactions_no_coords,spatial,False,0,0.037448168,-46208.2545646069,6770055.74332879
245,1953,Cacophis kreftii,XGBoost_multi_interactions_no_coords,spatial,False,0,0.004764601,-42736.9260770733,6769029.74166907
245,1954,Calyptotis scutirostrum,XGBoost_multi_interactions_no_coords,spatial,False,0,0.0045695677,-42736.9260770733,6769029.74166907
245,1955,Coeranoscincus reticulatus,XGBoost_multi_interactions_no_coords,spatial,False,0,0.0046107974,-42736.9260770733,6769029.74166907
245,1956,Egernia mcpheei,XGBoost_multi_interactions_no_coords,spatial,False,0,0.003791868,-42736.9260770733,6769029.74166907
245,1957,Eulamprus murrayi,XGBoost_multi_interactions_no_coords,spatial,False,0,0.0012042538,-42736.9260770733,6769029.74166907
245,1958,Ophioscincus truncatus,XGBoost_multi_interactions_no_coords,spatial,False,0,0.0034984678,-42736.9260770733,6769029.74166907
245,1959,Pseudechis porphyricaus,XGBoost_multi_interactions_no_coords,spatial,False,0,0.016569003,-42736.9260770733,6769029.74166907
245,1960,Saltuarius swaini,XGBoost_multi_interactions_no_coords,spatial,False,0,0.033041418,-42736.9260770733,6769029.74166907
246,1961,Cacophis kreftii,XGBoost_multi_interactions_no_coords,spatial,False,0,0.004379088,-42727.4414379179,6768829.81362177
246,1962,Calyptotis scutirostrum,XGBoost_multi_interactions_no_coords,spatial,False,0,0.0052046822,-42727.4414379179,6768829.81362177
246,1963,Coeranoscincus reticulatus,XGBoost_multi_interactions_no_coords,spatial,False,0,0.0038206198,-42727.4414379179,6768829.81362177
246,1964,Egernia mcpheei,XGBoost_multi_interactions_no_coords,spatial,False,0,0.0023983596,-42727.4414379179,6768829.81362177
246,1965,Eulamprus murrayi,XGBoost_multi_interactions_no_coords,spatial,False,0,0.001131758,-42727.4414379179,6768829.81362177
246,1966,Ophioscincus truncatus,XGBoost_multi_interactions_no_coords,spatial,False,0,0.003292327,-42727.4414379179,6768829.81362177
246,1967,Pseudechis porphyricaus,XGBoost_multi_interactions_no_coords,spatial,False,0,0.015095829,-42727.4414379179,6768829.81362177
246,1968,Saltuarius swaini,XGBoost_multi_interactions_no_coords,spatial,False,0,0.030461904,-42727.4414379179,6768829.81362177
247,1969,Cacophis kreftii,XGBoost_multi_interactions_no_coords,spatial,False,0,0.004320231,-42717.9562631494,6768629.88557173
247,1970,Calyptotis scutirostrum,XGBoost_multi_interactions_no_coords,spatial,False,0,0.0049529327,-42717.9562631494,6768629.88557173
247,1971,Coeranoscincus reticulatus,XGBoost_multi_interactions_no_coords,spatial,False,0,0.0037692364,-42717.9562631494,6768629.88557173
247,1972,Egernia mcpheei,XGBoost_multi_interactions_no_coords,spatial,False,0,0.002366061,-42717.9562631494,6768629.88557173
247,1973,Eulamprus murrayi,XGBoost_multi_interactions_no_coords,spatial,False,0,0.0011164965,-42717.9562631494,6768629.88557173
247,1974,Ophioscincus truncatus,XGBoost_multi_interactions_no_coords,spatial,False,0,0.0032480254,-42717.9562631494,6768629.88557173
247,1975,Pseudechis porphyricaus,XGBoost_multi_interactions_no_coords,spatial,False,0,0.015463829,-42717.9562631494,6768629.88557173
247,1976,Saltuarius swaini,XGBoost_multi_interactions_no_coords,spatial,False,0,0.030063057,-42717.9562631494,6768629.88557173
248,1977,Cacophis kreftii,XGBoost_multi_interactions_no_coords,spatial,False,0,0.058115616,-139175.743651501,6763098.07298971
248,1978,Calyptotis scutirostrum,XGBoost_multi_interactions_no_coords,spatial,False,0,0.064165175,-139175.743651501,6763098.07298971
248,1979,Coeranoscincus reticulatus,XGBoost_multi_interactions_no_coords,spatial,False,0,0.39277172,-139175.743651501,6763098.07298971
248,1980,Egernia mcpheei,XGBoost_multi_interactions_no_coords,spatial,False,0,0.015089316,-139175.743651501,6763098.07298971
248,1981,Eulamprus murrayi,XGBoost_multi_interactions_no_coords,spatial,False,0,0.021370353,-139175.743651501,6763098.07298971
248,1982,Ophioscincus truncatus,XGBoost_multi_interactions_no_coords,spatial,False,0,0.4008964,-139175.743651501,6763098.07298971
248,1983,Pseudechis porphyricaus,XGBoost_multi_interactions_no_coords,spatial,False,0,0.014524314,-139175.743651501,6763098.07298971
248,1984,Saltuarius swaini,XGBoost_multi_interactions_no_coords,spatial,False,0,0.022172324,-139175.743651501,6763098.07298971
249,1985,Cacophis kreftii,XGBoost_multi_interactions_no_coords,spatial,False,0,0.087668225,-138923.869162796,6762097.27372678
249,1986,Calyptotis scutirostrum,XGBoost_multi_interactions_no_coords,spatial,False,0,0.09712759,-138923.869162796,6762097.27372678
249,1987,Coeranoscincus reticulatus,XGBoost_multi_interactions_no_coords,spatial,False,1,0.5977739,-138923.869162796,6762097.27372678
249,1988,Egernia mcpheei,XGBoost_multi_interactions_no_coords,spatial,False,0,0.020983597,-138923.869162796,6762097.27372678
249,1989,Eulamprus murrayi,XGBoost_multi_interactions_no_coords,spatial,False,0,0.010378647,-138923.869162796,6762097.27372678
249,1990,Ophioscincus truncatus,XGBoost_multi_interactions_no_coords,spatial,False,1,0.40787822,-138923.869162796,6762097.27372678
249,1991,Pseudechis porphyricaus,XGBoost_multi_interactions_no_coords,spatial,False,0,0.023216635,-138923.869162796,6762097.27372678
249,1992,Saltuarius swaini,XGBoost_multi_interactions_no_coords,spatial,False,0,0.026988339,-138923.869162796,6762097.27372678
252,2009,Cacophis kreftii,XGBoost_multi_interactions_no_coords,spatial,False,0,0.0047476464,-43112.7372327422,6764592.40958821
252,2010,Calyptotis scutirostrum,XGBoost_multi_interactions_no_coords,spatial,False,0,0.0053686025,-43112.7372327422,6764592.40958821
252,2011,Coeranoscincus reticulatus,XGBoost_multi_interactions_no_coords,spatial,False,0,0.0042912713,-43112.7372327422,6764592.40958821
252,2012,Egernia mcpheei,XGBoost_multi_interactions_no_coords,spatial,False,0,0.003893924,-43112.7372327422,6764592.40958821
252,2013,Eulamprus murrayi,XGBoost_multi_interactions_no_coords,spatial,False,0,0.0011999529,-43112.7372327422,6764592.40958821
252,2014,Ophioscincus truncatus,XGBoost_multi_interactions_no_coords,spatial,False,0,0.003393747,-43112.7372327422,6764592.40958821
252,2015,Pseudechis porphyricaus,XGBoost_multi_interactions_no_coords,spatial,False,0,0.013574844,-43112.7372327422,6764592.40958821
252,2016,Saltuarius swaini,XGBoost_multi_interactions_no_coords,spatial,False,0,0.034712106,-43112.7372327422,6764592.40958821
254,2025,Cacophis kreftii,XGBoost_multi_interactions_no_coords,spatial,False,0,0.0048490483,-43678.7671977115,6763752.8151483
254,2026,Calyptotis scutirostrum,XGBoost_multi_interactions_no_coords,spatial,False,0,0.005772409,-43678.7671977115,6763752.8151483
254,2027,Coeranoscincus reticulatus,XGBoost_multi_interactions_no_coords,spatial,False,0,0.004460221,-43678.7671977115,6763752.8151483
254,2028,Egernia mcpheei,XGBoost_multi_interactions_no_coords,spatial,False,0,0.0043357075,-43678.7671977115,6763752.8151483
254,2029,Eulamprus murrayi,XGBoost_multi_interactions_no_coords,spatial,False,0,0.0012256755,-43678.7671977115,6763752.8151483
254,2030,Ophioscincus truncatus,XGBoost_multi_interactions_no_coords,spatial,False,0,0.003677113,-43678.7671977115,6763752.8151483
254,2031,Pseudechis porphyricaus,XGBoost_multi_interactions_no_coords,spatial,False,0,0.014213818,-43678.7671977115,6763752.8151483
254,2032,Saltuarius swaini,XGBoost_multi_interactions_no_coords,spatial,False,0,0.035449278,-43678.7671977115,6763752.8151483
255,2033,Cacophis kreftii,XGBoost_multi_interactions_no_coords,spatial,False,0,0.008055904,-47276.750227819,6763369.40347618
255,2034,Calyptotis scutirostrum,XGBoost_multi_interactions_no_coords,spatial,False,0,0.010175078,-47276.750227819,6763369.40347618
255,2035,Coeranoscincus reticulatus,XGBoost_multi_interactions_no_coords,spatial,False,0,0.004874756,-47276.750227819,6763369.40347618
255,2036,Egernia mcpheei,XGBoost_multi_interactions_no_coords,spatial,False,0,0.0044952356,-47276.750227819,6763369.40347618
255,2037,Eulamprus murrayi,XGBoost_multi_interactions_no_coords,spatial,False,0,0.0018202906,-47276.750227819,6763369.40347618
255,2038,Ophioscincus truncatus,XGBoost_multi_interactions_no_coords,spatial,False,0,0.006297629,-47276.750227819,6763369.40347618
255,2039,Pseudechis porphyricaus,XGBoost_multi_interactions_no_coords,spatial,False,0,0.007418086,-47276.750227819,6763369.40347618
255,2040,Saltuarius swaini,XGBoost_multi_interactions_no_coords,spatial,False,0,0.03318391,-47276.750227819,6763369.40347618
