model,split_type,use_coords,species,candidate,fold,model__colsample_bytree,model__learning_rate,model__max_depth,model__n_estimators,model__subsample,n,positives,log_loss,auc,average_precision,brier,f1,sensitivity,specificity
XGBoost_single_no_coords,spatial,False,Cacophis kreftii,1,1,0.8,0.03,3,100,0.8,103,4,0.15799079306233993,0.7222222222222222,0.1984848484848485,0.03622751416618506,0.0,0.0,1.0
XGBoost_single_no_coords,spatial,False,Cacophis kreftii,1,2,0.8,0.03,3,100,0.8,103,4,0.15485725143244042,0.76010101010101,0.11345236824312302,0.03736209808691289,0.0,0.0,1.0
XGBoost_single_no_coords,spatial,False,Cacophis kreftii,1,3,0.8,0.03,3,100,0.8,102,3,0.1170842446276499,0.8316498316498315,0.13529411764705884,0.029267090564079737,0.0,0.0,1.0
XGBoost_single_no_coords,spatial,False,Cacophis kreftii,1,4,0.8,0.03,3,100,0.8,103,4,0.15957867698542874,0.7373737373737373,0.09946236559139784,0.038574462347918954,0.0,0.0,1.0
XGBoost_single_no_coords,spatial,False,Cacophis kreftii,1,5,0.8,0.03,3,100,0.8,102,4,0.11877832784072731,0.9285714285714285,0.3603238866396761,0.03291809072738386,0.0,0.0,1.0
XGBoost_single_no_coords,spatial,False,Cacophis kreftii,2,1,0.8,0.03,3,100,1.0,103,4,0.15309583244084424,0.7449494949494949,0.2832244008714597,0.034912753816823704,0.0,0.0,1.0
XGBoost_single_no_coords,spatial,False,Cacophis kreftii,2,2,0.8,0.03,3,100,1.0,103,4,0.15144628662863777,0.7803030303030304,0.1376831501831502,0.03698551674787181,0.0,0.0,1.0
XGBoost_single_no_coords,spatial,False,Cacophis kreftii,2,3,0.8,0.03,3,100,1.0,102,3,0.11894265276169702,0.8484848484848485,0.1507936507936508,0.03023759597241726,0.0,0.0,1.0
XGBoost_single_no_coords,spatial,False,Cacophis kreftii,2,4,0.8,0.03,3,100,1.0,103,4,0.1687103491237284,0.702020202020202,0.08121998587570621,0.03970378046055426,0.0,0.0,1.0
XGBoost_single_no_coords,spatial,False,Cacophis kreftii,2,5,0.8,0.03,3,100,1.0,102,4,0.12218664067260099,0.8954081632653061,0.20238095238095238,0.034374876863652606,0.0,0.0,1.0
XGBoost_single_no_coords,spatial,False,Cacophis kreftii,3,1,0.8,0.03,3,300,0.8,103,4,0.17894939516908737,0.73989898989899,0.2024436090225564,0.037147652622462966,0.0,0.0,1.0
XGBoost_single_no_coords,spatial,False,Cacophis kreftii,3,2,0.8,0.03,3,300,0.8,103,4,0.168445999052547,0.7702020202020202,0.11468239284613013,0.03881738796414869,0.0,0.0,1.0
XGBoost_single_no_coords,spatial,False,Cacophis kreftii,3,3,0.8,0.03,3,300,0.8,102,3,0.12203108072984815,0.8282828282828282,0.18888888888888888,0.031547440715616534,0.0,0.0,0.98989898989899
XGBoost_single_no_coords,spatial,False,Cacophis kreftii,3,4,0.8,0.03,3,300,0.8,103,4,0.174659835693441,0.744949494949495,0.10862903225806451,0.04112183870086227,0.0,0.0,1.0
XGBoost_single_no_coords,spatial,False,Cacophis kreftii,3,5,0.8,0.03,3,300,0.8,102,4,0.11145225868291857,0.9362244897959183,0.37023809523809526,0.032514375303543175,0.0,0.0,0.9897959183673469
XGBoost_single_no_coords,spatial,False,Cacophis kreftii,4,1,0.8,0.03,3,300,1.0,103,4,0.18066094127445828,0.7348484848484849,0.24235588972431077,0.036823553283600666,0.0,0.0,1.0
XGBoost_single_no_coords,spatial,False,Cacophis kreftii,4,2,0.8,0.03,3,300,1.0,103,4,0.16916913250274593,0.7676767676767676,0.1106859410430839,0.03877005525094816,0.0,0.0,1.0
XGBoost_single_no_coords,spatial,False,Cacophis kreftii,4,3,0.8,0.03,3,300,1.0,102,3,0.12646331760969798,0.7946127946127945,0.17592592592592593,0.03134174046088464,0.0,0.0,0.98989898989899
XGBoost_single_no_coords,spatial,False,Cacophis kreftii,4,4,0.8,0.03,3,300,1.0,103,4,0.18234543493525668,0.7146464646464646,0.09600155279503106,0.04240442484272898,0.0,0.0,1.0
XGBoost_single_no_coords,spatial,False,Cacophis kreftii,4,5,0.8,0.03,3,300,1.0,102,4,0.11787728487369047,0.9285714285714285,0.3177521008403361,0.03540625909333717,0.0,0.0,0.9897959183673469
XGBoost_single_no_coords,spatial,False,Cacophis kreftii,5,1,0.8,0.03,5,100,0.8,103,4,0.15752334269152768,0.7297979797979798,0.21540404040404038,0.0361446562919972,0.0,0.0,1.0
XGBoost_single_no_coords,spatial,False,Cacophis kreftii,5,2,0.8,0.03,5,100,0.8,103,4,0.15462924732787178,0.7777777777777778,0.1106859410430839,0.037710825827841986,0.0,0.0,1.0
XGBoost_single_no_coords,spatial,False,Cacophis kreftii,5,3,0.8,0.03,5,100,0.8,102,3,0.11542818586262601,0.8451178451178452,0.13714063714063715,0.029162348252733963,0.0,0.0,1.0
XGBoost_single_no_coords,spatial,False,Cacophis kreftii,5,4,0.8,0.03,5,100,0.8,103,4,0.16455904842428695,0.7424242424242423,0.10096512094462914,0.03942212361429805,0.0,0.0,1.0
XGBoost_single_no_coords,spatial,False,Cacophis kreftii,5,5,0.8,0.03,5,100,0.8,102,4,0.11675298087228307,0.931122448979592,0.36324786324786323,0.032673210501408555,0.0,0.0,1.0
XGBoost_single_no_coords,spatial,False,Cacophis kreftii,6,1,0.8,0.03,5,100,1.0,103,4,0.15885222135645266,0.744949494949495,0.2306026184058529,0.035879187901038,0.0,0.0,1.0
XGBoost_single_no_coords,spatial,False,Cacophis kreftii,6,2,0.8,0.03,5,100,1.0,103,4,0.14882528126960995,0.803030303030303,0.1436224489795918,0.03652014422283325,0.0,0.0,1.0
XGBoost_single_no_coords,spatial,False,Cacophis kreftii,6,3,0.8,0.03,5,100,1.0,102,3,0.11524312249062917,0.8552188552188553,0.14741161616161616,0.0301732039878825,0.0,0.0,1.0
XGBoost_single_no_coords,spatial,False,Cacophis kreftii,6,4,0.8,0.03,5,100,1.0,103,4,0.16481289323231446,0.7272727272727273,0.08695305125215169,0.039243273562564435,0.0,0.0,1.0
XGBoost_single_no_coords,spatial,False,Cacophis kreftii,6,5,0.8,0.03,5,100,1.0,102,4,0.11304552099346876,0.9464285714285715,0.3701048951048951,0.032224410835024066,0.0,0.0,1.0
XGBoost_single_no_coords,spatial,False,Cacophis kreftii,7,1,0.8,0.03,5,300,0.8,103,4,0.1790070622267014,0.755050505050505,0.2036290322580645,0.03695149602137766,0.0,0.0,1.0
XGBoost_single_no_coords,spatial,False,Cacophis kreftii,7,2,0.8,0.03,5,300,0.8,103,4,0.17233364742372387,0.75,0.10416828269769446,0.03884547967817967,0.0,0.0,1.0
XGBoost_single_no_coords,spatial,False,Cacophis kreftii,7,3,0.8,0.03,5,300,0.8,102,3,0.1216747495700941,0.8417508417508418,0.1824074074074074,0.03137416769076126,0.0,0.0,0.98989898989899
XGBoost_single_no_coords,spatial,False,Cacophis kreftii,7,4,0.8,0.03,5,300,0.8,103,4,0.18252970837215218,0.7222222222222222,0.09330689069726597,0.04182445975766931,0.0,0.0,1.0
XGBoost_single_no_coords,spatial,False,Cacophis kreftii,7,5,0.8,0.03,5,300,0.8,102,4,0.11758022307898054,0.9209183673469388,0.3067524580682475,0.03450313067420249,0.0,0.0,0.9897959183673469
XGBoost_single_no_coords,spatial,False,Cacophis kreftii,8,1,0.8,0.03,5,300,1.0,103,4,0.1793570499897785,0.803030303030303,0.22934981684981687,0.03705013252105254,0.0,0.0,1.0
XGBoost_single_no_coords,spatial,False,Cacophis kreftii,8,2,0.8,0.03,5,300,1.0,103,4,0.17376620635831902,0.7651515151515151,0.12476851851851851,0.037790457147339154,0.0,0.0,1.0
XGBoost_single_no_coords,spatial,False,Cacophis kreftii,8,3,0.8,0.03,5,300,1.0,102,3,0.12625563373753843,0.845117845117845,0.19166666666666665,0.0323220657267999,0.0,0.0,0.98989898989899
XGBoost_single_no_coords,spatial,False,Cacophis kreftii,8,4,0.8,0.03,5,300,1.0,103,4,0.179577738864682,0.7550505050505051,0.10627734334630887,0.041417758687600954,0.0,0.0,0.98989898989899
XGBoost_single_no_coords,spatial,False,Cacophis kreftii,8,5,0.8,0.03,5,300,1.0,102,4,0.11796295106699739,0.9311224489795918,0.2833333333333333,0.03700207948829002,0.0,0.0,0.9897959183673469
XGBoost_single_no_coords,spatial,False,Cacophis kreftii,9,1,0.8,0.1,3,100,0.8,103,4,0.18588474153917514,0.7070707070707071,0.17220853858784893,0.03696027686946747,0.0,0.0,1.0
XGBoost_single_no_coords,spatial,False,Cacophis kreftii,9,2,0.8,0.1,3,100,0.8,103,4,0.17011169129728754,0.7424242424242424,0.1193939393939394,0.03858185062408554,0.0,0.0,1.0
XGBoost_single_no_coords,spatial,False,Cacophis kreftii,9,3,0.8,0.1,3,100,0.8,102,3,0.12843933336754051,0.7912457912457913,0.1685185185185185,0.031859142455770866,0.0,0.0,0.98989898989899
XGBoost_single_no_coords,spatial,False,Cacophis kreftii,9,4,0.8,0.1,3,100,0.8,103,4,0.1747634762205081,0.7045454545454546,0.10524509803921568,0.04004515908851872,0.0,0.0,1.0
XGBoost_single_no_coords,spatial,False,Cacophis kreftii,9,5,0.8,0.1,3,100,0.8,102,4,0.11114188355143106,0.9234693877551021,0.3208333333333333,0.032969276382676105,0.0,0.0,0.9897959183673469
XGBoost_single_no_coords,spatial,False,Cacophis kreftii,10,1,0.8,0.1,3,100,1.0,103,4,0.19372880638762954,0.7297979797979799,0.15740472977315084,0.03800452106789598,0.0,0.0,1.0
XGBoost_single_no_coords,spatial,False,Cacophis kreftii,10,2,0.8,0.1,3,100,1.0,103,4,0.17664916486128532,0.7525252525252526,0.10676006868178904,0.03913220809249683,0.0,0.0,1.0
XGBoost_single_no_coords,spatial,False,Cacophis kreftii,10,3,0.8,0.1,3,100,1.0,102,3,0.1207567766117113,0.8282828282828282,0.20031055900621117,0.030749904773663787,0.0,0.0,0.98989898989899
XGBoost_single_no_coords,spatial,False,Cacophis kreftii,10,4,0.8,0.1,3,100,1.0,103,4,0.17682529917236378,0.7272727272727273,0.10650874946649594,0.04105433657815723,0.0,0.0,1.0
XGBoost_single_no_coords,spatial,False,Cacophis kreftii,10,5,0.8,0.1,3,100,1.0,102,4,0.12049083058835132,0.9107142857142857,0.31732954545454545,0.03500657867281628,0.0,0.0,0.9897959183673469
XGBoost_single_no_coords,spatial,False,Cacophis kreftii,11,1,0.8,0.1,3,300,0.8,103,4,0.22715653145508763,0.696969696969697,0.1340277777777778,0.03812735637523222,0.0,0.0,1.0
XGBoost_single_no_coords,spatial,False,Cacophis kreftii,11,2,0.8,0.1,3,300,0.8,103,4,0.21922792899794175,0.6742424242424243,0.10213571181525528,0.03927886009784255,0.0,0.0,1.0
XGBoost_single_no_coords,spatial,False,Cacophis kreftii,11,3,0.8,0.1,3,300,0.8,102,3,0.14421687480922227,0.7777777777777778,0.19496487119437939,0.03293006791958693,0.0,0.0,0.98989898989899
XGBoost_single_no_coords,spatial,False,Cacophis kreftii,11,4,0.8,0.1,3,300,0.8,103,4,0.1984364916731691,0.7171717171717171,0.11694139194139194,0.04149063155490588,0.0,0.0,0.98989898989899
XGBoost_single_no_coords,spatial,False,Cacophis kreftii,11,5,0.8,0.1,3,300,0.8,102,4,0.11131622837427325,0.9234693877551021,0.3386363636363636,0.03294719195404512,0.3333333333333333,0.25,0.9897959183673469
XGBoost_single_no_coords,spatial,False,Cacophis kreftii,12,1,0.8,0.1,3,300,1.0,103,4,0.21776253554926914,0.7398989898989898,0.17422779922779924,0.038553971034458,0.0,0.0,1.0
XGBoost_single_no_coords,spatial,False,Cacophis kreftii,12,2,0.8,0.1,3,300,1.0,103,4,0.2142569412283309,0.7045454545454546,0.11013037913933771,0.0392160390541584,0.0,0.0,1.0
XGBoost_single_no_coords,spatial,False,Cacophis kreftii,12,3,0.8,0.1,3,300,1.0,102,3,0.14125280602166473,0.7946127946127945,0.1964285714285714,0.03135989379819971,0.0,0.0,0.98989898989899
XGBoost_single_no_coords,spatial,False,Cacophis kreftii,12,4,0.8,0.1,3,300,1.0,103,4,0.21016520309306896,0.6893939393939394,0.10941734417344173,0.04229985613879468,0.0,0.0,0.98989898989899
XGBoost_single_no_coords,spatial,False,Cacophis kreftii,12,5,0.8,0.1,3,300,1.0,102,4,0.13666496661936198,0.9056122448979591,0.28809523809523807,0.03972718044381246,0.3333333333333333,0.25,0.9897959183673469
XGBoost_single_no_coords,spatial,False,Cacophis kreftii,13,1,0.8,0.1,5,100,0.8,103,4,0.1881632737146373,0.7373737373737373,0.20083333333333334,0.037314427898225276,0.0,0.0,1.0
XGBoost_single_no_coords,spatial,False,Cacophis kreftii,13,2,0.8,0.1,5,100,0.8,103,4,0.17683478144340964,0.7373737373737373,0.1159090909090909,0.03933366127731247,0.0,0.0,1.0
XGBoost_single_no_coords,spatial,False,Cacophis kreftii,13,3,0.8,0.1,5,100,0.8,102,3,0.1259327248880636,0.8316498316498316,0.18066322136089577,0.03221853465755799,0.0,0.0,0.98989898989899
XGBoost_single_no_coords,spatial,False,Cacophis kreftii,13,4,0.8,0.1,5,100,0.8,103,4,0.1854423413278955,0.7045454545454546,0.0962755315336837,0.04093404655225375,0.0,0.0,1.0
XGBoost_single_no_coords,spatial,False,Cacophis kreftii,13,5,0.8,0.1,5,100,0.8,102,4,0.11207224852729243,0.9336734693877551,0.31997863247863245,0.035122422441499934,0.0,0.0,0.9897959183673469
XGBoost_single_no_coords,spatial,False,Cacophis kreftii,14,1,0.8,0.1,5,100,1.0,103,4,0.19546738087834026,0.7449494949494949,0.14490061909416746,0.038156692770247726,0.0,0.0,1.0
XGBoost_single_no_coords,spatial,False,Cacophis kreftii,14,2,0.8,0.1,5,100,1.0,103,4,0.17313938977860663,0.7626262626262625,0.1398558511069662,0.03742652384683739,0.0,0.0,1.0
XGBoost_single_no_coords,spatial,False,Cacophis kreftii,14,3,0.8,0.1,5,100,1.0,102,3,0.12547347406777654,0.8282828282828283,0.18888888888888888,0.031157699783122196,0.0,0.0,0.98989898989899
XGBoost_single_no_coords,spatial,False,Cacophis kreftii,14,4,0.8,0.1,5,100,1.0,103,4,0.1850452314621769,0.7398989898989898,0.10964209401709402,0.04214389860026857,0.0,0.0,0.98989898989899
XGBoost_single_no_coords,spatial,False,Cacophis kreftii,14,5,0.8,0.1,5,100,1.0,102,4,0.12400266987519139,0.9209183673469388,0.27678571428571425,0.03890841146313491,0.2857142857142857,0.25,0.9795918367346939
XGBoost_single_no_coords,spatial,False,Cacophis kreftii,15,1,0.8,0.1,5,300,0.8,103,4,0.22019666700161308,0.7171717171717171,0.1745394311570782,0.03799197721611468,0.0,0.0,1.0
XGBoost_single_no_coords,spatial,False,Cacophis kreftii,15,2,0.8,0.1,5,300,0.8,103,4,0.21759600979361693,0.6868686868686869,0.09661781430934657,0.04060574513028936,0.0,0.0,1.0
XGBoost_single_no_coords,spatial,False,Cacophis kreftii,15,3,0.8,0.1,5,300,0.8,102,3,0.1496718139417414,0.7609427609427608,0.20936981757877277,0.03360472868520673,0.0,0.0,0.98989898989899
XGBoost_single_no_coords,spatial,False,Cacophis kreftii,15,4,0.8,0.1,5,300,0.8,103,4,0.20418359921984022,0.6944444444444444,0.10515873015873016,0.04138007234084378,0.0,0.0,0.98989898989899
XGBoost_single_no_coords,spatial,False,Cacophis kreftii,15,5,0.8,0.1,5,300,0.8,102,4,0.11351243669381982,0.9362244897959184,0.3256604506604507,0.035872812897359614,0.3333333333333333,0.25,0.9897959183673469
XGBoost_single_no_coords,spatial,False,Cacophis kreftii,16,1,0.8,0.1,5,300,1.0,103,4,0.22116194359956196,0.7474747474747474,0.14069794584500467,0.03879718795859333,0.0,0.0,1.0
XGBoost_single_no_coords,spatial,False,Cacophis kreftii,16,2,0.8,0.1,5,300,1.0,103,4,0.20571482546888697,0.7449494949494949,0.14924242424242423,0.03811240143059778,0.0,0.0,1.0
XGBoost_single_no_coords,spatial,False,Cacophis kreftii,16,3,0.8,0.1,5,300,1.0,102,3,0.14514674772931038,0.7946127946127947,0.18484848484848485,0.033072666624558066,0.0,0.0,0.98989898989899
XGBoost_single_no_coords,spatial,False,Cacophis kreftii,16,4,0.8,0.1,5,300,1.0,103,4,0.2147891921326306,0.6994949494949495,0.1209915611814346,0.04545476917377048,0.0,0.0,0.98989898989899
XGBoost_single_no_coords,spatial,False,Cacophis kreftii,16,5,0.8,0.1,5,300,1.0,102,4,0.13389810318859538,0.9209183673469388,0.30074786324786323,0.04124557423830502,0.25,0.25,0.9693877551020408
XGBoost_single_no_coords,spatial,False,Cacophis kreftii,17,1,1.0,0.03,3,100,0.8,103,4,0.1593079308885487,0.6893939393939394,0.23637254901960783,0.03576364787972744,0.0,0.0,1.0
XGBoost_single_no_coords,spatial,False,Cacophis kreftii,17,2,1.0,0.03,3,100,0.8,103,4,0.15819583880338503,0.744949494949495,0.1146103896103896,0.03778823544439042,0.0,0.0,1.0
XGBoost_single_no_coords,spatial,False,Cacophis kreftii,17,3,1.0,0.03,3,100,0.8,102,3,0.1184416462599125,0.8316498316498316,0.12507427213309566,0.02996938666040191,0.0,0.0,1.0
XGBoost_single_no_coords,spatial,False,Cacophis kreftii,17,4,1.0,0.03,3,100,0.8,103,4,0.16314365292289973,0.7348484848484849,0.08897087632231945,0.03926847054513387,0.0,0.0,1.0
XGBoost_single_no_coords,spatial,False,Cacophis kreftii,17,5,1.0,0.03,3,100,0.8,102,4,0.12646294367505245,0.8877551020408163,0.26071428571428573,0.03460785314585056,0.0,0.0,1.0
XGBoost_single_no_coords,spatial,False,Cacophis kreftii,18,1,1.0,0.03,3,100,1.0,103,4,0.15548403505824798,0.6654040404040404,0.2505892623308599,0.03526053337476877,0.0,0.0,1.0
XGBoost_single_no_coords,spatial,False,Cacophis kreftii,18,2,1.0,0.03,3,100,1.0,103,4,0.15771949935393276,0.7373737373737375,0.1357142857142857,0.037916430501162085,0.0,0.0,1.0
XGBoost_single_no_coords,spatial,False,Cacophis kreftii,18,3,1.0,0.03,3,100,1.0,102,3,0.12074944101525062,0.8417508417508417,0.14393939393939392,0.030841657748756624,0.0,0.0,1.0
XGBoost_single_no_coords,spatial,False,Cacophis kreftii,18,4,1.0,0.03,3,100,1.0,103,4,0.17354130757364739,0.6792929292929293,0.07188670117929155,0.04021933383818713,0.0,0.0,1.0
XGBoost_single_no_coords,spatial,False,Cacophis kreftii,18,5,1.0,0.03,3,100,1.0,102,4,0.12177079994255963,0.9056122448979592,0.275,0.034088781983816034,0.0,0.0,1.0
XGBoost_single_no_coords,spatial,False,Cacophis kreftii,19,1,1.0,0.03,3,300,0.8,103,4,0.17304938036407339,0.73989898989899,0.22235329703569268,0.03613941871245987,0.0,0.0,1.0
XGBoost_single_no_coords,spatial,False,Cacophis kreftii,19,2,1.0,0.03,3,300,0.8,103,4,0.17602480812139015,0.7297979797979798,0.09469864426760978,0.038944390677474655,0.0,0.0,1.0
XGBoost_single_no_coords,spatial,False,Cacophis kreftii,19,3,1.0,0.03,3,300,0.8,102,3,0.1256192945614708,0.8383838383838385,0.18179765130984643,0.03242383807156957,0.0,0.0,0.98989898989899
XGBoost_single_no_coords,spatial,False,Cacophis kreftii,19,4,1.0,0.03,3,300,0.8,103,4,0.1786814206250889,0.7373737373737373,0.1107873820168902,0.04182338728345075,0.0,0.0,0.98989898989899
XGBoost_single_no_coords,spatial,False,Cacophis kreftii,19,5,1.0,0.03,3,300,0.8,102,4,0.12124293528598701,0.9183673469387755,0.27435897435897433,0.03638680748807615,0.0,0.0,0.9795918367346939
XGBoost_single_no_coords,spatial,False,Cacophis kreftii,20,1,1.0,0.03,3,300,1.0,103,4,0.18143661566962474,0.76010101010101,0.19227355434251986,0.03727901336657365,0.0,0.0,1.0
XGBoost_single_no_coords,spatial,False,Cacophis kreftii,20,2,1.0,0.03,3,300,1.0,103,4,0.1741219456897481,0.76010101010101,0.10974415356242566,0.03912734327627418,0.0,0.0,1.0
XGBoost_single_no_coords,spatial,False,Cacophis kreftii,20,3,1.0,0.03,3,300,1.0,102,3,0.13017171125064647,0.7845117845117845,0.1478114478114478,0.03275220371426344,0.0,0.0,0.98989898989899
XGBoost_single_no_coords,spatial,False,Cacophis kreftii,20,4,1.0,0.03,3,300,1.0,103,4,0.17590012221418969,0.75,0.1015773864404696,0.04233678054591138,0.0,0.0,0.98989898989899
XGBoost_single_no_coords,spatial,False,Cacophis kreftii,20,5,1.0,0.03,3,300,1.0,102,4,0.12476389643157976,0.903061224489796,0.27042606516290724,0.03726162501127032,0.0,0.0,0.9795918367346939
XGBoost_single_no_coords,spatial,False,Cacophis kreftii,21,1,1.0,0.03,5,100,0.8,103,4,0.16195444457053612,0.7323232323232324,0.2404040404040404,0.036046297525030975,0.0,0.0,1.0
XGBoost_single_no_coords,spatial,False,Cacophis kreftii,21,2,1.0,0.03,5,100,0.8,103,4,0.1637595585054866,0.75,0.09974720606547816,0.038726225673366886,0.0,0.0,1.0
XGBoost_single_no_coords,spatial,False,Cacophis kreftii,21,3,1.0,0.03,5,100,0.8,102,3,0.1201199316794663,0.8282828282828283,0.12289562289562289,0.029667775896457586,0.0,0.0,1.0
XGBoost_single_no_coords,spatial,False,Cacophis kreftii,21,4,1.0,0.03,5,100,0.8,103,4,0.16279079787292508,0.7575757575757576,0.09869909502262444,0.0393420079439696,0.0,0.0,1.0
XGBoost_single_no_coords,spatial,False,Cacophis kreftii,21,5,1.0,0.03,5,100,0.8,102,4,0.12365212850052672,0.9056122448979591,0.25482954545454545,0.03453296281682409,0.0,0.0,1.0
XGBoost_single_no_coords,spatial,False,Cacophis kreftii,22,1,1.0,0.03,5,100,1.0,103,4,0.16782360469998284,0.6691919191919192,0.20734126984126983,0.036673656968998276,0.0,0.0,1.0
XGBoost_single_no_coords,spatial,False,Cacophis kreftii,22,2,1.0,0.03,5,100,1.0,103,4,0.16232573240968787,0.76010101010101,0.11615550174872208,0.03868150291553795,0.0,0.0,1.0
XGBoost_single_no_coords,spatial,False,Cacophis kreftii,22,3,1.0,0.03,5,100,1.0,102,3,0.1216334848442175,0.861952861952862,0.15448028673835124,0.031842882977787916,0.0,0.0,1.0
XGBoost_single_no_coords,spatial,False,Cacophis kreftii,22,4,1.0,0.03,5,100,1.0,103,4,0.17400097051961977,0.7297979797979798,0.0840258834939686,0.04017494066979733,0.0,0.0,1.0
XGBoost_single_no_coords,spatial,False,Cacophis kreftii,22,5,1.0,0.03,5,100,1.0,102,4,0.11927806483053228,0.9158163265306123,0.253525641025641,0.03446875976827542,0.0,0.0,1.0
XGBoost_single_no_coords,spatial,False,Cacophis kreftii,23,1,1.0,0.03,5,300,0.8,103,4,0.1793209168489032,0.73989898989899,0.2177156177156177,0.03668222691775982,0.0,0.0,1.0
XGBoost_single_no_coords,spatial,False,Cacophis kreftii,23,2,1.0,0.03,5,300,0.8,103,4,0.1816755150454774,0.7297979797979798,0.09009740259740259,0.039432766509520545,0.0,0.0,1.0
XGBoost_single_no_coords,spatial,False,Cacophis kreftii,23,3,1.0,0.03,5,300,0.8,102,3,0.12995826035841734,0.8249158249158248,0.17272727272727273,0.032588965667973216,0.0,0.0,0.98989898989899
XGBoost_single_no_coords,spatial,False,Cacophis kreftii,23,4,1.0,0.03,5,300,0.8,103,4,0.1814676206328564,0.7474747474747474,0.11198830409356725,0.04243031110631641,0.0,0.0,0.98989898989899
XGBoost_single_no_coords,spatial,False,Cacophis kreftii,23,5,1.0,0.03,5,300,0.8,102,4,0.12371194565566813,0.9158163265306122,0.26096491228070173,0.037325810804556235,0.2857142857142857,0.25,0.9795918367346939
XGBoost_single_no_coords,spatial,False,Cacophis kreftii,24,1,1.0,0.03,5,300,1.0,103,4,0.1906344006846127,0.7373737373737373,0.18913690476190476,0.03754860535607603,0.0,0.0,1.0
XGBoost_single_no_coords,spatial,False,Cacophis kreftii,24,2,1.0,0.03,5,300,1.0,103,4,0.17943506868013517,0.7702020202020202,0.10460992907801418,0.0397701830483603,0.0,0.0,1.0
XGBoost_single_no_coords,spatial,False,Cacophis kreftii,24,3,1.0,0.03,5,300,1.0,102,3,0.1367138622616109,0.8181818181818181,0.15555555555555556,0.03361414048876989,0.0,0.0,0.98989898989899
XGBoost_single_no_coords,spatial,False,Cacophis kreftii,24,4,1.0,0.03,5,300,1.0,103,4,0.17965130010824484,0.7348484848484849,0.10104166666666665,0.04087714156230236,0.0,0.0,0.98989898989899
XGBoost_single_no_coords,spatial,False,Cacophis kreftii,24,5,1.0,0.03,5,300,1.0,102,4,0.13159369491047931,0.9132653061224489,0.2408008658008658,0.0417203647910632,0.25,0.25,0.9693877551020408
XGBoost_single_no_coords,spatial,False,Cacophis kreftii,25,1,1.0,0.1,3,100,0.8,103,4,0.1822733872974379,0.7348484848484849,0.2621805613741098,0.03679186883486101,0.0,0.0,1.0
XGBoost_single_no_coords,spatial,False,Cacophis kreftii,25,2,1.0,0.1,3,100,0.8,103,4,0.17421440885332345,0.7626262626262627,0.09853801169590642,0.03872097324350117,0.0,0.0,1.0
XGBoost_single_no_coords,spatial,False,Cacophis kreftii,25,3,1.0,0.1,3,100,0.8,102,3,0.12564331084385685,0.8114478114478115,0.17781557067271353,0.03171629787062993,0.0,0.0,0.9797979797979798
XGBoost_single_no_coords,spatial,False,Cacophis kreftii,25,4,1.0,0.1,3,100,0.8,103,4,0.18599116589134665,0.7095959595959596,0.10921145064980681,0.042584604319017304,0.0,0.0,0.98989898989899
XGBoost_single_no_coords,spatial,False,Cacophis kreftii,25,5,1.0,0.1,3,100,0.8,102,4,0.12139150957916965,0.9107142857142857,0.4136705685618729,0.03512280116633989,0.2857142857142857,0.25,0.9795918367346939
XGBoost_single_no_coords,spatial,False,Cacophis kreftii,26,1,1.0,0.1,3,100,1.0,103,4,0.18626592474659087,0.7689393939393939,0.1729360165118679,0.03763482322428932,0.0,0.0,1.0
XGBoost_single_no_coords,spatial,False,Cacophis kreftii,26,2,1.0,0.1,3,100,1.0,103,4,0.17477715040946146,0.7575757575757576,0.12385964912280702,0.03861417619237604,0.0,0.0,1.0
XGBoost_single_no_coords,spatial,False,Cacophis kreftii,26,3,1.0,0.1,3,100,1.0,102,3,0.13631227328135978,0.7676767676767676,0.14629629629629629,0.033654603356358954,0.0,0.0,0.98989898989899
XGBoost_single_no_coords,spatial,False,Cacophis kreftii,26,4,1.0,0.1,3,100,1.0,103,4,0.18142268549785368,0.7373737373737373,0.09921849714100767,0.04182936265811502,0.0,0.0,1.0
XGBoost_single_no_coords,spatial,False,Cacophis kreftii,26,5,1.0,0.1,3,100,1.0,102,4,0.13002817855992022,0.9132653061224489,0.2571924603174603,0.04053999845538905,0.2857142857142857,0.25,0.9795918367346939
XGBoost_single_no_coords,spatial,False,Cacophis kreftii,27,1,1.0,0.1,3,300,0.8,103,4,0.22132323614987218,0.73989898989899,0.1538965744400527,0.038035074290861955,0.0,0.0,1.0
XGBoost_single_no_coords,spatial,False,Cacophis kreftii,27,2,1.0,0.1,3,300,0.8,103,4,0.2079013881257016,0.7474747474747474,0.09491644248797587,0.03992485497698568,0.0,0.0,1.0
XGBoost_single_no_coords,spatial,False,Cacophis kreftii,27,3,1.0,0.1,3,300,0.8,102,3,0.15063903713040383,0.7912457912457913,0.18452380952380953,0.03522825335808136,0.0,0.0,0.98989898989899
XGBoost_single_no_coords,spatial,False,Cacophis kreftii,27,4,1.0,0.1,3,300,0.8,103,4,0.21290353964741424,0.6868686868686869,0.10989702517162472,0.045795306233799016,0.0,0.0,0.9797979797979798
XGBoost_single_no_coords,spatial,False,Cacophis kreftii,27,5,1.0,0.1,3,300,0.8,102,4,0.12194216876504917,0.9107142857142857,0.42596153846153845,0.03598908907230308,0.3333333333333333,0.25,0.9897959183673469
XGBoost_single_no_coords,spatial,False,Cacophis kreftii,28,1,1.0,0.1,3,300,1.0,103,4,0.21653708605487285,0.7575757575757576,0.14871794871794872,0.038273618018774505,0.0,0.0,1.0
XGBoost_single_no_coords,spatial,False,Cacophis kreftii,28,2,1.0,0.1,3,300,1.0,103,4,0.20934879861638658,0.7121212121212122,0.14329268292682928,0.038279610464626815,0.0,0.0,1.0
XGBoost_single_no_coords,spatial,False,Cacophis kreftii,28,3,1.0,0.1,3,300,1.0,102,3,0.1571724424458157,0.7373737373737375,0.17149191444966094,0.03262091846681254,0.0,0.0,0.98989898989899
XGBoost_single_no_coords,spatial,False,Cacophis kreftii,28,4,1.0,0.1,3,300,1.0,103,4,0.2135290628195312,0.6994949494949495,0.11604127579737336,0.04255872448233474,0.0,0.0,1.0
XGBoost_single_no_coords,spatial,False,Cacophis kreftii,28,5,1.0,0.1,3,300,1.0,102,4,0.14727353667789575,0.9158163265306122,0.2931985294117647,0.04497918323657237,0.25,0.25,0.9693877551020408
XGBoost_single_no_coords,spatial,False,Cacophis kreftii,29,1,1.0,0.1,5,100,0.8,103,4,0.18365466778217876,0.7525252525252525,0.2457664884135472,0.03698321649940678,0.0,0.0,1.0
XGBoost_single_no_coords,spatial,False,Cacophis kreftii,29,2,1.0,0.1,5,100,0.8,103,4,0.184527457196004,0.7449494949494949,0.09006410256410256,0.039563572152577636,0.0,0.0,1.0
XGBoost_single_no_coords,spatial,False,Cacophis kreftii,29,3,1.0,0.1,5,100,0.8,102,3,0.14419868084448925,0.7508417508417508,0.1441712204007286,0.034655976096128915,0.0,0.0,0.98989898989899
XGBoost_single_no_coords,spatial,False,Cacophis kreftii,29,4,1.0,0.1,5,100,0.8,103,4,0.19281572062292765,0.6818181818181818,0.09681876094919573,0.042751437103807424,0.0,0.0,0.9797979797979798
XGBoost_single_no_coords,spatial,False,Cacophis kreftii,29,5,1.0,0.1,5,100,0.8,102,4,0.12234307977153565,0.9311224489795918,0.31666666666666665,0.038382547795305116,0.2857142857142857,0.25,0.9795918367346939
XGBoost_single_no_coords,spatial,False,Cacophis kreftii,30,1,1.0,0.1,5,100,1.0,103,4,0.18280395959889953,0.7929292929292929,0.18832582582582583,0.03724522280590553,0.0,0.0,1.0
XGBoost_single_no_coords,spatial,False,Cacophis kreftii,30,2,1.0,0.1,5,100,1.0,103,4,0.18265898494632377,0.7727272727272727,0.1139766201804758,0.04013707532204051,0.0,0.0,1.0
XGBoost_single_no_coords,spatial,False,Cacophis kreftii,30,3,1.0,0.1,5,100,1.0,102,3,0.14160956078280806,0.7946127946127945,0.14183006535947712,0.03403230468280615,0.0,0.0,0.98989898989899
XGBoost_single_no_coords,spatial,False,Cacophis kreftii,30,4,1.0,0.1,5,100,1.0,103,4,0.18308869964607827,0.7348484848484849,0.11006944444444444,0.04125392772925455,0.0,0.0,0.98989898989899
XGBoost_single_no_coords,spatial,False,Cacophis kreftii,30,5,1.0,0.1,5,100,1.0,102,4,0.13706433125829384,0.9158163265306122,0.23824786324786323,0.04331568663925328,0.25,0.25,0.9693877551020408
XGBoost_single_no_coords,spatial,False,Cacophis kreftii,31,1,1.0,0.1,5,300,0.8,103,4,0.21408886118602094,0.7626262626262625,0.16853002070393375,0.03810428389966197,0.0,0.0,1.0
XGBoost_single_no_coords,spatial,False,Cacophis kreftii,31,2,1.0,0.1,5,300,0.8,103,4,0.22216002372771723,0.696969696969697,0.08068910256410255,0.04089899795598111,0.0,0.0,1.0
XGBoost_single_no_coords,spatial,False,Cacophis kreftii,31,3,1.0,0.1,5,300,0.8,102,3,0.16071387997588737,0.7710437710437711,0.17380085003035822,0.03723023306095211,0.0,0.0,0.9797979797979798
XGBoost_single_no_coords,spatial,False,Cacophis kreftii,31,4,1.0,0.1,5,300,0.8,103,4,0.2174706667897144,0.6717171717171717,0.11511437908496731,0.04513046503623486,0.0,0.0,0.9797979797979798
XGBoost_single_no_coords,spatial,False,Cacophis kreftii,31,5,1.0,0.1,5,300,0.8,102,4,0.11507874734491043,0.9362244897959183,0.3333333333333333,0.036835708082260304,0.3333333333333333,0.25,0.9897959183673469
XGBoost_single_no_coords,spatial,False,Cacophis kreftii,32,1,1.0,0.1,5,300,1.0,103,4,0.2065129441870802,0.7828282828282829,0.19016290726817042,0.03770046885990623,0.0,0.0,1.0
XGBoost_single_no_coords,spatial,False,Cacophis kreftii,32,2,1.0,0.1,5,300,1.0,103,4,0.20959336670052767,0.7398989898989898,0.09839912280701754,0.04034579738138651,0.0,0.0,0.98989898989899
XGBoost_single_no_coords,spatial,False,Cacophis kreftii,32,3,1.0,0.1,5,300,1.0,102,3,0.15539412151981058,0.7845117845117845,0.1621212121212121,0.03419923833401078,0.0,0.0,0.98989898989899
XGBoost_single_no_coords,spatial,False,Cacophis kreftii,32,4,1.0,0.1,5,300,1.0,103,4,0.2169335638524007,0.6944444444444444,0.11185177623519804,0.04381056634677157,0.0,0.0,0.98989898989899
XGBoost_single_no_coords,spatial,False,Cacophis kreftii,32,5,1.0,0.1,5,300,1.0,102,4,0.151741667145124,0.9183673469387755,0.2978238866396761,0.04797971204302784,0.25,0.25,0.9693877551020408
XGBoost_single_no_coords,spatial,False,Calyptotis scutirostrum,1,1,0.8,0.03,3,100,0.8,103,7,0.21822672719049063,0.8325892857142857,0.3501412872841444,0.06065756272846466,0.2,0.14285714285714285,0.9791666666666666
XGBoost_single_no_coords,spatial,False,Calyptotis scutirostrum,1,2,0.8,0.03,3,100,0.8,103,8,0.1471745333829341,0.9657894736842106,0.5941926129426129,0.046019853594943004,0.36363636363636365,0.25,0.9894736842105263
XGBoost_single_no_coords,spatial,False,Calyptotis scutirostrum,1,3,0.8,0.03,3,100,0.8,103,8,0.11815114543175143,0.9881578947368421,0.8668650793650794,0.03437641630961369,0.4,0.25,1.0
XGBoost_single_no_coords,spatial,False,Calyptotis scutirostrum,1,4,0.8,0.03,3,100,0.8,102,7,0.1828728929896894,0.869172932330827,0.4329656661746214,0.0521920973976922,0.3333333333333333,0.2857142857142857,0.968421052631579
XGBoost_single_no_coords,spatial,False,Calyptotis scutirostrum,1,5,0.8,0.03,3,100,0.8,102,7,0.13016627413167287,0.9428571428571428,0.8025372311086596,0.033439690976416955,0.8333333333333334,0.7142857142857143,1.0
XGBoost_single_no_coords,spatial,False,Calyptotis scutirostrum,2,1,0.8,0.03,3,100,1.0,103,7,0.22517746626392782,0.8169642857142857,0.3481849636406287,0.06267336916139685,0.18181818181818182,0.14285714285714285,0.96875
XGBoost_single_no_coords,spatial,False,Calyptotis scutirostrum,2,2,0.8,0.03,3,100,1.0,103,8,0.15015082316412465,0.963157894736842,0.5846230158730159,0.04748736683016542,0.36363636363636365,0.25,0.9894736842105263
XGBoost_single_no_coords,spatial,False,Calyptotis scutirostrum,2,3,0.8,0.03,3,100,1.0,103,8,0.1251577156648123,0.9828947368421052,0.8045454545454546,0.03725103194376796,0.36363636363636365,0.25,0.9894736842105263
XGBoost_single_no_coords,spatial,False,Calyptotis scutirostrum,2,4,0.8,0.03,3,100,1.0,102,7,0.18183012784964112,0.8751879699248121,0.4201480213775296,0.051820713626813765,0.46153846153846156,0.42857142857142855,0.968421052631579
XGBoost_single_no_coords,spatial,False,Calyptotis scutirostrum,2,5,0.8,0.03,3,100,1.0,102,7,0.13436046163174814,0.9503759398496241,0.7627551020408163,0.03674861812993371,0.6666666666666666,0.5714285714285714,0.9894736842105263
XGBoost_single_no_coords,spatial,False,Calyptotis scutirostrum,3,1,0.8,0.03,3,300,0.8,103,7,0.25086640498338025,0.7901785714285714,0.352245594594113,0.06109987993061396,0.3333333333333333,0.2857142857142857,0.96875
XGBoost_single_no_coords,spatial,False,Calyptotis scutirostrum,3,2,0.8,0.03,3,300,0.8,103,8,0.1370483873169837,0.9657894736842105,0.5776175213675214,0.04620565789509108,0.36363636363636365,0.25,0.9894736842105263
XGBoost_single_no_coords,spatial,False,Calyptotis scutirostrum,3,3,0.8,0.03,3,300,0.8,103,8,0.0916194173867398,0.9868421052631579,0.8671130952380953,0.02713555288947633,0.6153846153846154,0.5,0.9894736842105263
XGBoost_single_no_coords,spatial,False,Calyptotis scutirostrum,3,4,0.8,0.03,3,300,0.8,102,7,0.192564991154126,0.855639097744361,0.5855196854570288,0.05318925714619668,0.3333333333333333,0.2857142857142857,0.968421052631579
XGBoost_single_no_coords,spatial,False,Calyptotis scutirostrum,3,5,0.8,0.03,3,300,0.8,102,7,0.11859516581985091,0.9398496240601503,0.6063492063492064,0.031137819720770073,0.7692307692307693,0.7142857142857143,0.9894736842105263
XGBoost_single_no_coords,spatial,False,Calyptotis scutirostrum,4,1,0.8,0.03,3,300,1.0,103,7,0.2719431796936573,0.7738095238095238,0.34844334130048416,0.06446135839976141,0.3333333333333333,0.2857142857142857,0.96875
XGBoost_single_no_coords,spatial,False,Calyptotis scutirostrum,4,2,0.8,0.03,3,300,1.0,103,8,0.14098820307146948,0.9618421052631578,0.573683954933955,0.047595005455417075,0.36363636363636365,0.25,0.9894736842105263
XGBoost_single_no_coords,spatial,False,Calyptotis scutirostrum,4,3,0.8,0.03,3,300,1.0,103,8,0.09183465564792063,0.9907894736842106,0.9040178571428572,0.028067290469657846,0.6153846153846154,0.5,0.9894736842105263
XGBoost_single_no_coords,spatial,False,Calyptotis scutirostrum,4,4,0.8,0.03,3,300,1.0,102,7,0.19529028381145264,0.8661654135338346,0.5641187982042132,0.054023851289071674,0.46153846153846156,0.42857142857142855,0.968421052631579
XGBoost_single_no_coords,spatial,False,Calyptotis scutirostrum,4,5,0.8,0.03,3,300,1.0,102,7,0.12726950393398961,0.9458646616541353,0.7063677394034538,0.03540898265792839,0.6153846153846154,0.5714285714285714,0.9789473684210527
XGBoost_single_no_coords,spatial,False,Calyptotis scutirostrum,5,1,0.8,0.03,5,100,0.8,103,7,0.2158853323881991,0.8467261904761905,0.37399171688085464,0.0602047847516803,0.2,0.14285714285714285,0.9791666666666666
XGBoost_single_no_coords,spatial,False,Calyptotis scutirostrum,5,2,0.8,0.03,5,100,0.8,103,8,0.15154013073367079,0.9631578947368421,0.5784458596958597,0.04883273551770705,0.36363636363636365,0.25,0.9894736842105263
XGBoost_single_no_coords,spatial,False,Calyptotis scutirostrum,5,3,0.8,0.03,5,100,0.8,103,8,0.11422776554360761,0.9881578947368421,0.843190836940837,0.03383383923644794,0.36363636363636365,0.25,0.9894736842105263
XGBoost_single_no_coords,spatial,False,Calyptotis scutirostrum,5,4,0.8,0.03,5,100,0.8,102,7,0.18597529185239467,0.8736842105263157,0.49715735653235654,0.05365544849634912,0.3333333333333333,0.2857142857142857,0.968421052631579
XGBoost_single_no_coords,spatial,False,Calyptotis scutirostrum,5,5,0.8,0.03,5,100,0.8,102,7,0.12869642017244523,0.9383458646616543,0.7773417059131345,0.03281663643696175,0.7272727272727273,0.5714285714285714,1.0
XGBoost_single_no_coords,spatial,False,Calyptotis scutirostrum,6,1,0.8,0.03,5,100,1.0,103,7,0.22487020927547097,0.8258928571428571,0.3588546412936657,0.0628334909607831,0.18181818181818182,0.14285714285714285,0.96875
XGBoost_single_no_coords,spatial,False,Calyptotis scutirostrum,6,2,0.8,0.03,5,100,1.0,103,8,0.1507778884887054,0.9578947368421051,0.5549873737373736,0.04927172786555414,0.36363636363636365,0.25,0.9894736842105263
XGBoost_single_no_coords,spatial,False,Calyptotis scutirostrum,6,3,0.8,0.03,5,100,1.0,103,8,0.11800141511610768,0.9842105263157894,0.8158119658119658,0.03582615889350085,0.36363636363636365,0.25,0.9894736842105263
XGBoost_single_no_coords,spatial,False,Calyptotis scutirostrum,6,4,0.8,0.03,5,100,1.0,102,7,0.1867779461030306,0.8721804511278196,0.43375365497076024,0.053741960526605445,0.3333333333333333,0.2857142857142857,0.968421052631579
XGBoost_single_no_coords,spatial,False,Calyptotis scutirostrum,6,5,0.8,0.03,5,100,1.0,102,7,0.13318447503668132,0.9398496240601504,0.6463860544217688,0.03608400334980356,0.6666666666666666,0.5714285714285714,0.9894736842105263
XGBoost_single_no_coords,spatial,False,Calyptotis scutirostrum,7,1,0.8,0.03,5,300,0.8,103,7,0.25051262731650514,0.8154761904761905,0.35651491365777077,0.062132328542458766,0.3333333333333333,0.2857142857142857,0.96875
XGBoost_single_no_coords,spatial,False,Calyptotis scutirostrum,7,2,0.8,0.03,5,300,0.8,103,8,0.14347257561612242,0.9605263157894737,0.5438762626262625,0.049378652624075134,0.36363636363636365,0.25,0.9894736842105263
XGBoost_single_no_coords,spatial,False,Calyptotis scutirostrum,7,3,0.8,0.03,5,300,0.8,103,8,0.08698328966341558,0.988157894736842,0.8726076007326008,0.026252841270445405,0.6153846153846154,0.5,0.9894736842105263
XGBoost_single_no_coords,spatial,False,Calyptotis scutirostrum,7,4,0.8,0.03,5,300,0.8,102,7,0.20530052211443497,0.8421052631578947,0.5720023781870471,0.05494191630032032,0.3333333333333333,0.2857142857142857,0.968421052631579
XGBoost_single_no_coords,spatial,False,Calyptotis scutirostrum,7,5,0.8,0.03,5,300,0.8,102,7,0.11753138543467946,0.9458646616541353,0.72703081232493,0.031061019906957765,0.7692307692307693,0.7142857142857143,0.9894736842105263
XGBoost_single_no_coords,spatial,False,Calyptotis scutirostrum,8,1,0.8,0.03,5,300,1.0,103,7,0.27182748504236814,0.8125,0.3441557474053451,0.06729989768835794,0.3333333333333333,0.2857142857142857,0.96875
XGBoost_single_no_coords,spatial,False,Calyptotis scutirostrum,8,2,0.8,0.03,5,300,1.0,103,8,0.15186311029636373,0.9578947368421054,0.5631486568986569,0.050086609884252474,0.36363636363636365,0.25,0.9894736842105263
XGBoost_single_no_coords,spatial,False,Calyptotis scutirostrum,8,3,0.8,0.03,5,300,1.0,103,8,0.09587050495191937,0.9842105263157894,0.8501984126984127,0.030449985012747153,0.6153846153846154,0.5,0.9894736842105263
XGBoost_single_no_coords,spatial,False,Calyptotis scutirostrum,8,4,0.8,0.03,5,300,1.0,102,7,0.22255322461874,0.8300751879699249,0.5039063901422638,0.058401936106323465,0.3333333333333333,0.2857142857142857,0.968421052631579
XGBoost_single_no_coords,spatial,False,Calyptotis scutirostrum,8,5,0.8,0.03,5,300,1.0,102,7,0.12297242888925666,0.9473684210526316,0.6163149350649351,0.03348907611011314,0.6666666666666666,0.5714285714285714,0.9894736842105263
XGBoost_single_no_coords,spatial,False,Calyptotis scutirostrum,9,1,0.8,0.1,3,100,0.8,103,7,0.2540747800332217,0.7976190476190477,0.3760770975056689,0.060465452806782734,0.3333333333333333,0.2857142857142857,0.96875
XGBoost_single_no_coords,spatial,False,Calyptotis scutirostrum,9,2,0.8,0.1,3,100,0.8,103,8,0.15198203551594214,0.9578947368421052,0.5503375709258063,0.05031857340779255,0.36363636363636365,0.25,0.9894736842105263
XGBoost_single_no_coords,spatial,False,Calyptotis scutirostrum,9,3,0.8,0.1,3,100,0.8,103,8,0.09404472076573504,0.9842105263157894,0.8311011904761905,0.02871087662343125,0.7142857142857143,0.625,0.9894736842105263
XGBoost_single_no_coords,spatial,False,Calyptotis scutirostrum,9,4,0.8,0.1,3,100,0.8,102,7,0.21102979515929626,0.8541353383458647,0.5322237286523,0.05747411126997701,0.3333333333333333,0.2857142857142857,0.968421052631579
XGBoost_single_no_coords,spatial,False,Calyptotis scutirostrum,9,5,0.8,0.1,3,100,0.8,102,7,0.1267133317432999,0.9368421052631579,0.6048872180451128,0.033383266746175554,0.7692307692307693,0.7142857142857143,0.9894736842105263
XGBoost_single_no_coords,spatial,False,Calyptotis scutirostrum,10,1,0.8,0.1,3,100,1.0,103,7,0.2861943038838374,0.7574404761904762,0.34409809451885187,0.06468382542704587,0.3333333333333333,0.2857142857142857,0.96875
XGBoost_single_no_coords,spatial,False,Calyptotis scutirostrum,10,2,0.8,0.1,3,100,1.0,103,8,0.14794997961433795,0.956578947368421,0.5319444444444444,0.04965686299656913,0.3333333333333333,0.25,0.9789473684210527
XGBoost_single_no_coords,spatial,False,Calyptotis scutirostrum,10,3,0.8,0.1,3,100,1.0,103,8,0.09610486735504765,0.9828947368421054,0.8613095238095239,0.029021238272037196,0.6153846153846154,0.5,0.9894736842105263
XGBoost_single_no_coords,spatial,False,Calyptotis scutirostrum,10,4,0.8,0.1,3,100,1.0,102,7,0.20256884144276208,0.8556390977443609,0.5693379790940767,0.05546387340522944,0.3333333333333333,0.2857142857142857,0.968421052631579
XGBoost_single_no_coords,spatial,False,Calyptotis scutirostrum,10,5,0.8,0.1,3,100,1.0,102,7,0.12769811923461935,0.9443609022556391,0.5983611626468769,0.034879971131529054,0.6153846153846154,0.5714285714285714,0.9789473684210527
XGBoost_single_no_coords,spatial,False,Calyptotis scutirostrum,11,1,0.8,0.1,3,300,0.8,103,7,0.32070562796216273,0.7752976190476191,0.3850840226038534,0.06551936160930877,0.3333333333333333,0.2857142857142857,0.96875
XGBoost_single_no_coords,spatial,False,Calyptotis scutirostrum,11,2,0.8,0.1,3,300,0.8,103,8,0.1668553046455463,0.9526315789473685,0.5186720142602494,0.05664668065949755,0.3076923076923077,0.25,0.968421052631579
XGBoost_single_no_coords,spatial,False,Calyptotis scutirostrum,11,3,0.8,0.1,3,300,0.8,103,8,0.08818424908017215,0.9828947368421053,0.8849206349206349,0.025901203755917684,0.7142857142857143,0.625,0.9894736842105263
XGBoost_single_no_coords,spatial,False,Calyptotis scutirostrum,11,4,0.8,0.1,3,300,0.8,102,7,0.2518165894687289,0.8390977443609023,0.5619348140862771,0.05864516868050794,0.46153846153846156,0.42857142857142855,0.968421052631579
XGBoost_single_no_coords,spatial,False,Calyptotis scutirostrum,11,5,0.8,0.1,3,300,0.8,102,7,0.13924964068747314,0.9353383458646617,0.6042124542124542,0.03380036862023,0.7692307692307693,0.7142857142857143,0.9894736842105263
XGBoost_single_no_coords,spatial,False,Calyptotis scutirostrum,12,1,0.8,0.1,3,300,1.0,103,7,0.3466213028770337,0.7514880952380952,0.3673397780164697,0.06728863577706048,0.3333333333333333,0.2857142857142857,0.96875
XGBoost_single_no_coords,spatial,False,Calyptotis scutirostrum,12,2,0.8,0.1,3,300,1.0,103,8,0.15595372774108848,0.9592105263157894,0.5539089994972348,0.053272257472639806,0.42857142857142855,0.375,0.968421052631579
XGBoost_single_no_coords,spatial,False,Calyptotis scutirostrum,12,3,0.8,0.1,3,300,1.0,103,8,0.09367181693030566,0.9789473684210526,0.8361633249791145,0.02644960231406066,0.8,0.75,0.9894736842105263
XGBoost_single_no_coords,spatial,False,Calyptotis scutirostrum,12,4,0.8,0.1,3,300,1.0,102,7,0.2456893492661737,0.8436090225563909,0.5568457267964657,0.059151686689469345,0.3333333333333333,0.2857142857142857,0.968421052631579
XGBoost_single_no_coords,spatial,False,Calyptotis scutirostrum,12,5,0.8,0.1,3,300,1.0,102,7,0.14070728162333568,0.938345864661654,0.5846415489272632,0.035813902566068916,0.7142857142857143,0.7142857142857143,0.9789473684210527
XGBoost_single_no_coords,spatial,False,Calyptotis scutirostrum,13,1,0.8,0.1,5,100,0.8,103,7,0.2497463840677617,0.819940476190476,0.39635007849293563,0.06044530277988245,0.3333333333333333,0.2857142857142857,0.96875
XGBoost_single_no_coords,spatial,False,Calyptotis scutirostrum,13,2,0.8,0.1,5,100,0.8,103,8,0.15238005670090807,0.9565789473684211,0.5812300637958533,0.04996781071695405,0.36363636363636365,0.25,0.9894736842105263
XGBoost_single_no_coords,spatial,False,Calyptotis scutirostrum,13,3,0.8,0.1,5,100,0.8,103,8,0.08351287480973094,0.9868421052631579,0.8873511904761905,0.024398567340919153,0.7142857142857143,0.625,0.9894736842105263
XGBoost_single_no_coords,spatial,False,Calyptotis scutirostrum,13,4,0.8,0.1,5,100,0.8,102,7,0.2200673031057093,0.8556390977443609,0.5637755102040816,0.05828528814983801,0.3333333333333333,0.2857142857142857,0.968421052631579
XGBoost_single_no_coords,spatial,False,Calyptotis scutirostrum,13,5,0.8,0.1,5,100,0.8,102,7,0.12143934572337456,0.9518796992481202,0.6142857142857143,0.03382820433398047,0.7692307692307693,0.7142857142857143,0.9894736842105263
XGBoost_single_no_coords,spatial,False,Calyptotis scutirostrum,14,1,0.8,0.1,5,100,1.0,103,7,0.2791911267056192,0.7916666666666667,0.34994480715896326,0.06608150954044502,0.3333333333333333,0.2857142857142857,0.96875
XGBoost_single_no_coords,spatial,False,Calyptotis scutirostrum,14,2,0.8,0.1,5,100,1.0,103,8,0.14977888788282845,0.9592105263157895,0.5875534188034188,0.04969202910700483,0.36363636363636365,0.25,0.9894736842105263
XGBoost_single_no_coords,spatial,False,Calyptotis scutirostrum,14,3,0.8,0.1,5,100,1.0,103,8,0.09948887031442974,0.9763157894736842,0.807889515455305,0.031236581001364744,0.6153846153846154,0.5,0.9894736842105263
XGBoost_single_no_coords,spatial,False,Calyptotis scutirostrum,14,4,0.8,0.1,5,100,1.0,102,7,0.2204125890455225,0.8436090225563909,0.5614110623152214,0.057642082287926534,0.3333333333333333,0.2857142857142857,0.968421052631579
XGBoost_single_no_coords,spatial,False,Calyptotis scutirostrum,14,5,0.8,0.1,5,100,1.0,102,7,0.12343049557573868,0.9473684210526316,0.6231601731601731,0.03306780903625166,0.6666666666666666,0.5714285714285714,0.9894736842105263
XGBoost_single_no_coords,spatial,False,Calyptotis scutirostrum,15,1,0.8,0.1,5,300,0.8,103,7,0.3056962052206822,0.7961309523809523,0.4281769108958049,0.06555333601575397,0.3333333333333333,0.2857142857142857,0.96875
XGBoost_single_no_coords,spatial,False,Calyptotis scutirostrum,15,2,0.8,0.1,5,300,0.8,103,8,0.17151907935441585,0.9460526315789475,0.4993055555555555,0.05583727505716911,0.3333333333333333,0.25,0.9789473684210527
XGBoost_single_no_coords,spatial,False,Calyptotis scutirostrum,15,3,0.8,0.1,5,300,0.8,103,8,0.08323725735977104,0.9855263157894737,0.9149305555555556,0.023289011129572327,0.8,0.75,0.9894736842105263
XGBoost_single_no_coords,spatial,False,Calyptotis scutirostrum,15,4,0.8,0.1,5,300,0.8,102,7,0.2528806290629527,0.8360902255639099,0.5679061160262688,0.05908004211685407,0.3333333333333333,0.2857142857142857,0.968421052631579
XGBoost_single_no_coords,spatial,False,Calyptotis scutirostrum,15,5,0.8,0.1,5,300,0.8,102,7,0.13679113641276192,0.9398496240601504,0.5901360544217686,0.03477300462486925,0.6153846153846154,0.5714285714285714,0.9789473684210527
XGBoost_single_no_coords,spatial,False,Calyptotis scutirostrum,16,1,0.8,0.1,5,300,1.0,103,7,0.33043883286460585,0.7738095238095238,0.41301562583075185,0.07064078306508871,0.3076923076923077,0.2857142857142857,0.9583333333333334
XGBoost_single_no_coords,spatial,False,Calyptotis scutirostrum,16,2,0.8,0.1,5,300,1.0,103,8,0.16887160236754103,0.9460526315789473,0.47958245798319327,0.05786531444223431,0.42857142857142855,0.375,0.968421052631579
XGBoost_single_no_coords,spatial,False,Calyptotis scutirostrum,16,3,0.8,0.1,5,300,1.0,103,8,0.0942789822176495,0.9776315789473684,0.8561507936507937,0.0270176713891542,0.7142857142857143,0.625,0.9894736842105263
XGBoost_single_no_coords,spatial,False,Calyptotis scutirostrum,16,4,0.8,0.1,5,300,1.0,102,7,0.2630124599385358,0.8481203007518797,0.5707757694729434,0.06012834882515869,0.3333333333333333,0.2857142857142857,0.968421052631579
XGBoost_single_no_coords,spatial,False,Calyptotis scutirostrum,16,5,0.8,0.1,5,300,1.0,102,7,0.1407711064107736,0.9458646616541354,0.6222689075630252,0.03335334462035464,0.7142857142857143,0.7142857142857143,0.9789473684210527
XGBoost_single_no_coords,spatial,False,Calyptotis scutirostrum,17,1,1.0,0.03,3,100,0.8,103,7,0.250266044055877,0.7767857142857142,0.32957433636187006,0.06799410137630835,0.18181818181818182,0.14285714285714285,0.96875
XGBoost_single_no_coords,spatial,False,Calyptotis scutirostrum,17,2,1.0,0.03,3,100,0.8,103,8,0.1502643068653149,0.9644736842105264,0.5873744311244311,0.04748837624794475,0.5,0.375,0.9894736842105263
XGBoost_single_no_coords,spatial,False,Calyptotis scutirostrum,17,3,1.0,0.03,3,100,0.8,103,8,0.10942172782555856,0.9921052631578947,0.8956845238095238,0.03173627071529612,0.5,0.375,0.9894736842105263
XGBoost_single_no_coords,spatial,False,Calyptotis scutirostrum,17,4,1.0,0.03,3,100,0.8,102,7,0.18446857522133348,0.8586466165413533,0.41398533097449497,0.05223800546018968,0.3333333333333333,0.2857142857142857,0.968421052631579
XGBoost_single_no_coords,spatial,False,Calyptotis scutirostrum,17,5,1.0,0.03,3,100,0.8,102,7,0.12887662588579588,0.9578947368421052,0.7901622187336472,0.034863009918405505,0.7692307692307693,0.7142857142857143,0.9894736842105263
XGBoost_single_no_coords,spatial,False,Calyptotis scutirostrum,18,1,1.0,0.03,3,100,1.0,103,7,0.24810850351288632,0.7507440476190476,0.33195253908014816,0.06627628078834323,0.18181818181818182,0.14285714285714285,0.96875
XGBoost_single_no_coords,spatial,False,Calyptotis scutirostrum,18,2,1.0,0.03,3,100,1.0,103,8,0.14540386277049488,0.9618421052631578,0.5736381673881674,0.046301827564729135,0.46153846153846156,0.375,0.9789473684210527
XGBoost_single_no_coords,spatial,False,Calyptotis scutirostrum,18,3,1.0,0.03,3,100,1.0,103,8,0.11622777919633674,0.9907894736842106,0.8644345238095238,0.03460035809717397,0.5,0.375,0.9894736842105263
XGBoost_single_no_coords,spatial,False,Calyptotis scutirostrum,18,4,1.0,0.03,3,100,1.0,102,7,0.18341549167820556,0.8721804511278195,0.4042397660818713,0.05264834374217571,0.46153846153846156,0.42857142857142855,0.968421052631579
XGBoost_single_no_coords,spatial,False,Calyptotis scutirostrum,18,5,1.0,0.03,3,100,1.0,102,7,0.137231760080641,0.9428571428571428,0.7024961597542243,0.03866681073115383,0.5714285714285714,0.5714285714285714,0.968421052631579
XGBoost_single_no_coords,spatial,False,Calyptotis scutirostrum,19,1,1.0,0.03,3,300,0.8,103,7,0.28675499394436105,0.7485119047619048,0.3246512055032391,0.06904844097229099,0.3333333333333333,0.2857142857142857,0.96875
XGBoost_single_no_coords,spatial,False,Calyptotis scutirostrum,19,2,1.0,0.03,3,300,0.8,103,8,0.14311600638737634,0.9644736842105264,0.5873744311244311,0.048052527324545624,0.36363636363636365,0.25,0.9894736842105263
XGBoost_single_no_coords,spatial,False,Calyptotis scutirostrum,19,3,1.0,0.03,3,300,0.8,103,8,0.08861487486007634,0.9881578947368421,0.8668650793650794,0.02675788093150514,0.7142857142857143,0.625,0.9894736842105263
XGBoost_single_no_coords,spatial,False,Calyptotis scutirostrum,19,4,1.0,0.03,3,300,0.8,102,7,0.20060564717529106,0.8586466165413534,0.580180158187677,0.05519607980280131,0.3333333333333333,0.2857142857142857,0.968421052631579
XGBoost_single_no_coords,spatial,False,Calyptotis scutirostrum,19,5,1.0,0.03,3,300,0.8,102,7,0.12071332842962197,0.9593984962406016,0.6916666666666667,0.03419580949488202,0.7142857142857143,0.7142857142857143,0.9789473684210527
XGBoost_single_no_coords,spatial,False,Calyptotis scutirostrum,20,1,1.0,0.03,3,300,1.0,103,7,0.2928553352014309,0.75,0.34134199134199134,0.06730835758896932,0.3333333333333333,0.2857142857142857,0.96875
XGBoost_single_no_coords,spatial,False,Calyptotis scutirostrum,20,2,1.0,0.03,3,300,1.0,103,8,0.14052860931828579,0.9605263157894737,0.5617063492063492,0.047115653327027225,0.3333333333333333,0.25,0.9789473684210527
XGBoost_single_no_coords,spatial,False,Calyptotis scutirostrum,20,3,1.0,0.03,3,300,1.0,103,8,0.08627517162013719,0.9921052631578948,0.8956845238095239,0.026397095620156734,0.5,0.375,0.9894736842105263
XGBoost_single_no_coords,spatial,False,Calyptotis scutirostrum,20,4,1.0,0.03,3,300,1.0,102,7,0.19645157144766268,0.855639097744361,0.5707023550160805,0.05330044639374217,0.46153846153846156,0.42857142857142855,0.968421052631579
XGBoost_single_no_coords,spatial,False,Calyptotis scutirostrum,20,5,1.0,0.03,3,300,1.0,102,7,0.12593373209076678,0.9473684210526316,0.6707367037724181,0.035570956016431406,0.6153846153846154,0.5714285714285714,0.9789473684210527
XGBoost_single_no_coords,spatial,False,Calyptotis scutirostrum,21,1,1.0,0.03,5,100,0.8,103,7,0.2576403063178595,0.7901785714285714,0.3317319887537805,0.06989514762661161,0.18181818181818182,0.14285714285714285,0.96875
XGBoost_single_no_coords,spatial,False,Calyptotis scutirostrum,21,2,1.0,0.03,5,100,0.8,103,8,0.15011653458696603,0.961842105263158,0.5771103896103896,0.048046997015607926,0.5,0.375,0.9894736842105263
XGBoost_single_no_coords,spatial,False,Calyptotis scutirostrum,21,3,1.0,0.03,5,100,0.8,103,8,0.11114940617556437,0.9881578947368421,0.8477678571428572,0.033029929175343614,0.5,0.375,0.9894736842105263
XGBoost_single_no_coords,spatial,False,Calyptotis scutirostrum,21,4,1.0,0.03,5,100,0.8,102,7,0.1883021890211057,0.863157894736842,0.5391973723127694,0.05394693430978959,0.3333333333333333,0.2857142857142857,0.968421052631579
XGBoost_single_no_coords,spatial,False,Calyptotis scutirostrum,21,5,1.0,0.03,5,100,0.8,102,7,0.12984848412375213,0.9428571428571427,0.7205357142857143,0.03523368800463085,0.6153846153846154,0.5714285714285714,0.9789473684210527
XGBoost_single_no_coords,spatial,False,Calyptotis scutirostrum,22,1,1.0,0.03,5,100,1.0,103,7,0.2645414650718083,0.7938988095238095,0.32166160977268843,0.07090683355807319,0.18181818181818182,0.14285714285714285,0.96875
XGBoost_single_no_coords,spatial,False,Calyptotis scutirostrum,22,2,1.0,0.03,5,100,1.0,103,8,0.13864967170084558,0.963157894736842,0.5653048340548341,0.04597108719446722,0.46153846153846156,0.375,0.9789473684210527
XGBoost_single_no_coords,spatial,False,Calyptotis scutirostrum,22,3,1.0,0.03,5,100,1.0,103,8,0.11593328076495901,0.9763157894736841,0.7533435314685315,0.03609048226072132,0.5,0.375,0.9894736842105263
XGBoost_single_no_coords,spatial,False,Calyptotis scutirostrum,22,4,1.0,0.03,5,100,1.0,102,7,0.1909598072310437,0.881203007518797,0.5372294372294372,0.0553890800508803,0.3333333333333333,0.2857142857142857,0.968421052631579
XGBoost_single_no_coords,spatial,False,Calyptotis scutirostrum,22,5,1.0,0.03,5,100,1.0,102,7,0.14880566234967674,0.9263157894736842,0.5059757236227824,0.04198162311803879,0.6153846153846154,0.5714285714285714,0.9789473684210527
XGBoost_single_no_coords,spatial,False,Calyptotis scutirostrum,23,1,1.0,0.03,5,300,0.8,103,7,0.2936620906350161,0.7857142857142857,0.33346969885515176,0.07082944031356836,0.3333333333333333,0.2857142857142857,0.96875
XGBoost_single_no_coords,spatial,False,Calyptotis scutirostrum,23,2,1.0,0.03,5,300,0.8,103,8,0.1484526683387519,0.9618421052631578,0.5751262626262627,0.04978221334779398,0.36363636363636365,0.25,0.9894736842105263
XGBoost_single_no_coords,spatial,False,Calyptotis scutirostrum,23,3,1.0,0.03,5,300,0.8,103,8,0.09233263294768072,0.9868421052631579,0.860454822954823,0.029085372597495975,0.6153846153846154,0.5,0.9894736842105263
XGBoost_single_no_coords,spatial,False,Calyptotis scutirostrum,23,4,1.0,0.03,5,300,0.8,102,7,0.21607620938251032,0.8526315789473684,0.5555555555555556,0.05798937675433252,0.3333333333333333,0.2857142857142857,0.968421052631579
XGBoost_single_no_coords,spatial,False,Calyptotis scutirostrum,23,5,1.0,0.03,5,300,0.8,102,7,0.12274817201940233,0.956390977443609,0.6032312925170068,0.03456395497849697,0.7142857142857143,0.7142857142857143,0.9789473684210527
XGBoost_single_no_coords,spatial,False,Calyptotis scutirostrum,24,1,1.0,0.03,5,300,1.0,103,7,0.31957826440089426,0.7440476190476191,0.32353485466278875,0.07181495703322893,0.3333333333333333,0.2857142857142857,0.96875
XGBoost_single_no_coords,spatial,False,Calyptotis scutirostrum,24,2,1.0,0.03,5,300,1.0,103,8,0.13486053538196094,0.9618421052631579,0.5596958596958597,0.04625365542239625,0.42857142857142855,0.375,0.968421052631579
XGBoost_single_no_coords,spatial,False,Calyptotis scutirostrum,24,3,1.0,0.03,5,300,1.0,103,8,0.09080685078556187,0.9842105263157895,0.8321810134310135,0.029724188225584442,0.5714285714285714,0.5,0.9789473684210527
XGBoost_single_no_coords,spatial,False,Calyptotis scutirostrum,24,4,1.0,0.03,5,300,1.0,102,7,0.2365862930762281,0.8360902255639098,0.5327538422776519,0.06053527317081543,0.3076923076923077,0.2857142857142857,0.9578947368421052
XGBoost_single_no_coords,spatial,False,Calyptotis scutirostrum,24,5,1.0,0.03,5,300,1.0,102,7,0.13558066479248607,0.9413533834586466,0.5847147950089127,0.03738582853655716,0.6153846153846154,0.5714285714285714,0.9789473684210527
XGBoost_single_no_coords,spatial,False,Calyptotis scutirostrum,25,1,1.0,0.1,3,100,0.8,103,7,0.29195856425873296,0.7440476190476191,0.3416860590390002,0.06790017481916122,0.3333333333333333,0.2857142857142857,0.96875
XGBoost_single_no_coords,spatial,False,Calyptotis scutirostrum,25,2,1.0,0.1,3,100,0.8,103,8,0.1447747746609363,0.9592105263157895,0.5465548340548341,0.04790055833249012,0.3333333333333333,0.25,0.9789473684210527
XGBoost_single_no_coords,spatial,False,Calyptotis scutirostrum,25,3,1.0,0.1,3,100,0.8,103,8,0.09185948335019352,0.986842105263158,0.8413576007326008,0.028289615572472417,0.7142857142857143,0.625,0.9894736842105263
XGBoost_single_no_coords,spatial,False,Calyptotis scutirostrum,25,4,1.0,0.1,3,100,0.8,102,7,0.2034937576063986,0.8571428571428572,0.5738536155202821,0.055489212955710375,0.3333333333333333,0.2857142857142857,0.968421052631579
XGBoost_single_no_coords,spatial,False,Calyptotis scutirostrum,25,5,1.0,0.1,3,100,0.8,102,7,0.11951915012993052,0.9533834586466166,0.6156084656084656,0.0331358156896118,0.7692307692307693,0.7142857142857143,0.9894736842105263
XGBoost_single_no_coords,spatial,False,Calyptotis scutirostrum,26,1,1.0,0.1,3,100,1.0,103,7,0.3149554779966304,0.7247023809523809,0.32657520188576084,0.06884580101480947,0.3333333333333333,0.2857142857142857,0.96875
XGBoost_single_no_coords,spatial,False,Calyptotis scutirostrum,26,2,1.0,0.1,3,100,1.0,103,8,0.14068872193835302,0.9552631578947368,0.5325396825396824,0.04738597464959059,0.3333333333333333,0.25,0.9789473684210527
XGBoost_single_no_coords,spatial,False,Calyptotis scutirostrum,26,3,1.0,0.1,3,100,1.0,103,8,0.08133621635004096,0.993421052631579,0.9206845238095238,0.024912461724312603,0.7142857142857143,0.625,0.9894736842105263
XGBoost_single_no_coords,spatial,False,Calyptotis scutirostrum,26,4,1.0,0.1,3,100,1.0,102,7,0.200840729937601,0.8436090225563909,0.5425875294296346,0.05406611785476358,0.46153846153846156,0.42857142857142855,0.968421052631579
XGBoost_single_no_coords,spatial,False,Calyptotis scutirostrum,26,5,1.0,0.1,3,100,1.0,102,7,0.1277046878956896,0.9458646616541353,0.5875610948191594,0.03600902221690184,0.6153846153846154,0.5714285714285714,0.9789473684210527
XGBoost_single_no_coords,spatial,False,Calyptotis scutirostrum,27,1,1.0,0.1,3,300,0.8,103,7,0.35170842780506567,0.7440476190476191,0.40070410139060025,0.0731857755588734,0.3333333333333333,0.2857142857142857,0.96875
XGBoost_single_no_coords,spatial,False,Calyptotis scutirostrum,27,2,1.0,0.1,3,300,0.8,103,8,0.17579837377995605,0.9381578947368421,0.4492253151260504,0.05982012886324145,0.3076923076923077,0.25,0.968421052631579
XGBoost_single_no_coords,spatial,False,Calyptotis scutirostrum,27,3,1.0,0.1,3,300,0.8,103,8,0.08406061865136683,0.9842105263157895,0.888188608776844,0.02516505794948477,0.7142857142857143,0.625,0.9894736842105263
XGBoost_single_no_coords,spatial,False,Calyptotis scutirostrum,27,4,1.0,0.1,3,300,0.8,102,7,0.27298943282258564,0.825563909774436,0.49031271423298,0.061715563305948164,0.3333333333333333,0.2857142857142857,0.968421052631579
XGBoost_single_no_coords,spatial,False,Calyptotis scutirostrum,27,5,1.0,0.1,3,300,0.8,102,7,0.13384641494479602,0.9473684210526315,0.6108294930875575,0.034105658200587724,0.7142857142857143,0.7142857142857143,0.9789473684210527
XGBoost_single_no_coords,spatial,False,Calyptotis scutirostrum,28,1,1.0,0.1,3,300,1.0,103,7,0.36876764887748315,0.7321428571428571,0.36287636158379105,0.07135497394701794,0.3333333333333333,0.2857142857142857,0.96875
XGBoost_single_no_coords,spatial,False,Calyptotis scutirostrum,28,2,1.0,0.1,3,300,1.0,103,8,0.15873035201842878,0.9539473684210527,0.5338979341736694,0.052792022365810876,0.42857142857142855,0.375,0.968421052631579
XGBoost_single_no_coords,spatial,False,Calyptotis scutirostrum,28,3,1.0,0.1,3,300,1.0,103,8,0.08338465865491307,0.9855263157894737,0.8826388888888889,0.02527980609998299,0.7142857142857143,0.625,0.9894736842105263
XGBoost_single_no_coords,spatial,False,Calyptotis scutirostrum,28,4,1.0,0.1,3,300,1.0,102,7,0.2515161511436464,0.8255639097744362,0.5428877058069604,0.05845080707900654,0.42857142857142855,0.42857142857142855,0.9578947368421052
XGBoost_single_no_coords,spatial,False,Calyptotis scutirostrum,28,5,1.0,0.1,3,300,1.0,102,7,0.15202237974131894,0.938345864661654,0.5739538239538239,0.04080243918605838,0.6153846153846154,0.5714285714285714,0.9789473684210527
XGBoost_single_no_coords,spatial,False,Calyptotis scutirostrum,29,1,1.0,0.1,5,100,0.8,103,7,0.2938406881626733,0.7708333333333334,0.32581180355266737,0.07041598664287786,0.3333333333333333,0.2857142857142857,0.96875
XGBoost_single_no_coords,spatial,False,Calyptotis scutirostrum,29,2,1.0,0.1,5,100,0.8,103,8,0.1623854804474644,0.9526315789473685,0.5271825396825396,0.05346116312878239,0.46153846153846156,0.375,0.9789473684210527
XGBoost_single_no_coords,spatial,False,Calyptotis scutirostrum,29,3,1.0,0.1,5,100,0.8,103,8,0.08483657655885624,0.9881578947368421,0.8726076007326008,0.026349472683646107,0.6153846153846154,0.5,0.9894736842105263
XGBoost_single_no_coords,spatial,False,Calyptotis scutirostrum,29,4,1.0,0.1,5,100,0.8,102,7,0.22448062040448152,0.8526315789473684,0.5375081539465101,0.05890257967769663,0.46153846153846156,0.42857142857142855,0.968421052631579
XGBoost_single_no_coords,spatial,False,Calyptotis scutirostrum,29,5,1.0,0.1,5,100,0.8,102,7,0.11340649240350058,0.9639097744360903,0.7883762200532385,0.03237643899758713,0.6666666666666666,0.5714285714285714,0.9894736842105263
XGBoost_single_no_coords,spatial,False,Calyptotis scutirostrum,30,1,1.0,0.1,5,100,1.0,103,7,0.3179789880791787,0.7633928571428571,0.3277868290173212,0.07276015908033752,0.3076923076923077,0.2857142857142857,0.9583333333333334
XGBoost_single_no_coords,spatial,False,Calyptotis scutirostrum,30,2,1.0,0.1,5,100,1.0,103,8,0.1388865513203816,0.9605263157894737,0.5540140415140414,0.0473357630142319,0.46153846153846156,0.375,0.9789473684210527
XGBoost_single_no_coords,spatial,False,Calyptotis scutirostrum,30,3,1.0,0.1,5,100,1.0,103,8,0.09325255911295235,0.9802631578947368,0.8191287878787878,0.02964943069587354,0.7142857142857143,0.625,0.9894736842105263
XGBoost_single_no_coords,spatial,False,Calyptotis scutirostrum,30,4,1.0,0.1,5,100,1.0,102,7,0.236846445258943,0.8360902255639097,0.541526650820971,0.05948470707619179,0.3333333333333333,0.2857142857142857,0.968421052631579
XGBoost_single_no_coords,spatial,False,Calyptotis scutirostrum,30,5,1.0,0.1,5,100,1.0,102,7,0.13172545807400848,0.9443609022556391,0.5933982683982684,0.03703842705050706,0.6153846153846154,0.5714285714285714,0.9789473684210527
XGBoost_single_no_coords,spatial,False,Calyptotis scutirostrum,31,1,1.0,0.1,5,300,0.8,103,7,0.34912219878714174,0.7663690476190477,0.4113200605157014,0.07453675642204927,0.3076923076923077,0.2857142857142857,0.9583333333333334
XGBoost_single_no_coords,spatial,False,Calyptotis scutirostrum,31,2,1.0,0.1,5,300,0.8,103,8,0.185141747288144,0.9460526315789473,0.4775983309990663,0.0625705942449873,0.3076923076923077,0.25,0.968421052631579
XGBoost_single_no_coords,spatial,False,Calyptotis scutirostrum,31,3,1.0,0.1,5,300,0.8,103,8,0.07237315860085948,0.9894736842105263,0.8976076007326008,0.021429844111114017,0.875,0.875,0.9894736842105263
XGBoost_single_no_coords,spatial,False,Calyptotis scutirostrum,31,4,1.0,0.1,5,300,0.8,102,7,0.2743143029601994,0.8300751879699249,0.5367132625407887,0.06192731323119688,0.3333333333333333,0.2857142857142857,0.968421052631579
XGBoost_single_no_coords,spatial,False,Calyptotis scutirostrum,31,5,1.0,0.1,5,300,0.8,102,7,0.12549085746752475,0.956390977443609,0.7305860805860807,0.033240745427657634,0.7692307692307693,0.7142857142857143,0.9894736842105263
XGBoost_single_no_coords,spatial,False,Calyptotis scutirostrum,32,1,1.0,0.1,5,300,1.0,103,7,0.3548199893487065,0.7514880952380952,0.36123703312057603,0.07438194749767332,0.2857142857142857,0.2857142857142857,0.9479166666666666
XGBoost_single_no_coords,spatial,False,Calyptotis scutirostrum,32,2,1.0,0.1,5,300,1.0,103,8,0.16594945124422109,0.9539473684210525,0.508459595959596,0.05805020156382408,0.3076923076923077,0.25,0.968421052631579
XGBoost_single_no_coords,spatial,False,Calyptotis scutirostrum,32,3,1.0,0.1,5,300,1.0,103,8,0.08531020427380852,0.9815789473684211,0.8715277777777778,0.0240082761751462,0.75,0.75,0.9789473684210527
XGBoost_single_no_coords,spatial,False,Calyptotis scutirostrum,32,4,1.0,0.1,5,300,1.0,102,7,0.2799287206300079,0.825563909774436,0.5377981077488466,0.06359957726424842,0.3333333333333333,0.2857142857142857,0.968421052631579
XGBoost_single_no_coords,spatial,False,Calyptotis scutirostrum,32,5,1.0,0.1,5,300,1.0,102,7,0.13915910227185135,0.9398496240601505,0.5958359101216244,0.0344202790303613,0.6153846153846154,0.5714285714285714,0.9789473684210527
XGBoost_single_no_coords,spatial,False,Coeranoscincus reticulatus,1,1,0.8,0.03,3,100,0.8,102,12,0.29289937207444694,0.8203703703703704,0.38448847599662817,0.08985985316818812,0.14285714285714285,0.08333333333333333,0.9888888888888889
XGBoost_single_no_coords,spatial,False,Coeranoscincus reticulatus,1,2,0.8,0.03,3,100,0.8,103,13,0.30205953776710853,0.8273504273504273,0.37812435343992146,0.09264240963552912,0.0,0.0,0.9888888888888889
XGBoost_single_no_coords,spatial,False,Coeranoscincus reticulatus,1,3,0.8,0.03,3,100,0.8,103,13,0.283226356670957,0.8559829059829059,0.5532023532023532,0.08406196553684277,0.0,0.0,0.9888888888888889
XGBoost_single_no_coords,spatial,False,Coeranoscincus reticulatus,1,4,0.8,0.03,3,100,0.8,103,13,0.30105686712766033,0.8179487179487179,0.4614340733678884,0.09018412102055348,0.14285714285714285,0.07692307692307693,1.0
XGBoost_single_no_coords,spatial,False,Coeranoscincus reticulatus,1,5,0.8,0.03,3,100,0.8,102,13,0.2903151714026022,0.8375108038029387,0.45662834029769517,0.08724242704885421,0.0,0.0,1.0
XGBoost_single_no_coords,spatial,False,Coeranoscincus reticulatus,2,1,0.8,0.03,3,100,1.0,102,12,0.28771991186964224,0.8351851851851851,0.36649764626184683,0.08875743943035498,0.14285714285714285,0.08333333333333333,0.9888888888888889
XGBoost_single_no_coords,spatial,False,Coeranoscincus reticulatus,2,2,0.8,0.03,3,100,1.0,103,13,0.3025343924828894,0.8230769230769232,0.3970337398040057,0.09176298910662081,0.13333333333333333,0.07692307692307693,0.9888888888888889
XGBoost_single_no_coords,spatial,False,Coeranoscincus reticulatus,2,3,0.8,0.03,3,100,1.0,103,13,0.2969143344501906,0.8247863247863249,0.5053747158065439,0.08780103801416159,0.0,0.0,0.9888888888888889
XGBoost_single_no_coords,spatial,False,Coeranoscincus reticulatus,2,4,0.8,0.03,3,100,1.0,103,13,0.3044464154287718,0.8128205128205128,0.3655050102877,0.09278805705574407,0.0,0.0,1.0
XGBoost_single_no_coords,spatial,False,Coeranoscincus reticulatus,2,5,0.8,0.03,3,100,1.0,102,13,0.2909769833240006,0.8375108038029386,0.41419834577729314,0.08796052581113675,0.0,0.0,1.0
XGBoost_single_no_coords,spatial,False,Coeranoscincus reticulatus,3,1,0.8,0.03,3,300,0.8,102,12,0.30238886862333514,0.8398148148148149,0.392829554468025,0.09333181560158509,0.3333333333333333,0.25,0.9666666666666667
XGBoost_single_no_coords,spatial,False,Coeranoscincus reticulatus,3,2,0.8,0.03,3,300,0.8,103,13,0.30403224789814726,0.8333333333333334,0.39588890938675303,0.09472143320304684,0.19047619047619047,0.15384615384615385,0.9333333333333333
XGBoost_single_no_coords,spatial,False,Coeranoscincus reticulatus,3,3,0.8,0.03,3,300,0.8,103,13,0.2882807026677606,0.8324786324786326,0.5498781115899652,0.08158138536172635,0.3333333333333333,0.23076923076923078,0.9777777777777777
XGBoost_single_no_coords,spatial,False,Coeranoscincus reticulatus,3,4,0.8,0.03,3,300,0.8,103,13,0.30131726747657256,0.8102564102564104,0.4335848948971121,0.08853452501144153,0.11764705882352941,0.07692307692307693,0.9666666666666667
XGBoost_single_no_coords,spatial,False,Coeranoscincus reticulatus,3,5,0.8,0.03,3,300,0.8,102,13,0.3190120501209603,0.8202247191011235,0.4485603890679079,0.09502069318036702,0.43478260869565216,0.38461538461538464,0.9438202247191011
XGBoost_single_no_coords,spatial,False,Coeranoscincus reticulatus,4,1,0.8,0.03,3,300,1.0,102,12,0.2933531123696449,0.8444444444444444,0.3899151491063256,0.09240225791584061,0.35294117647058826,0.25,0.9777777777777777
XGBoost_single_no_coords,spatial,False,Coeranoscincus reticulatus,4,2,0.8,0.03,3,300,1.0,103,13,0.29555780398523673,0.8376068376068376,0.4246702557848069,0.0899442193799159,0.3,0.23076923076923078,0.9555555555555556
XGBoost_single_no_coords,spatial,False,Coeranoscincus reticulatus,4,3,0.8,0.03,3,300,1.0,103,13,0.2872511512997045,0.8286324786324788,0.575895539932807,0.07919178316406218,0.25,0.15384615384615385,0.9888888888888889
XGBoost_single_no_coords,spatial,False,Coeranoscincus reticulatus,4,4,0.8,0.03,3,300,1.0,103,13,0.29591036369137635,0.8188034188034189,0.454391909741823,0.08600465251614116,0.23529411764705882,0.15384615384615385,0.9777777777777777
XGBoost_single_no_coords,spatial,False,Coeranoscincus reticulatus,4,5,0.8,0.03,3,300,1.0,102,13,0.31985785372653736,0.8210890233362143,0.3637693594707169,0.09882608746195505,0.36363636363636365,0.3076923076923077,0.9438202247191011
XGBoost_single_no_coords,spatial,False,Coeranoscincus reticulatus,5,1,0.8,0.03,5,100,0.8,102,12,0.29800147101640456,0.8240740740740741,0.38403320705984556,0.09006250912184956,0.26666666666666666,0.16666666666666666,0.9888888888888889
XGBoost_single_no_coords,spatial,False,Coeranoscincus reticulatus,5,2,0.8,0.03,5,100,0.8,103,13,0.2958996996735493,0.8418803418803419,0.4165526302462642,0.09089071736535645,0.2222222222222222,0.15384615384615385,0.9666666666666667
XGBoost_single_no_coords,spatial,False,Coeranoscincus reticulatus,5,3,0.8,0.03,5,100,0.8,103,13,0.2784461663874087,0.8384615384615386,0.5449672273044197,0.0809840221610955,0.23529411764705882,0.15384615384615385,0.9777777777777777
XGBoost_single_no_coords,spatial,False,Coeranoscincus reticulatus,5,4,0.8,0.03,5,100,0.8,103,13,0.27914290349705717,0.8427350427350428,0.603899236963753,0.08166675144432536,0.14285714285714285,0.07692307692307693,1.0
XGBoost_single_no_coords,spatial,False,Coeranoscincus reticulatus,5,5,0.8,0.03,5,100,0.8,102,13,0.2917147226523643,0.8418323249783924,0.4619239609058614,0.0880828681688607,0.38095238095238093,0.3076923076923077,0.9550561797752809
XGBoost_single_no_coords,spatial,False,Coeranoscincus reticulatus,6,1,0.8,0.03,5,100,1.0,102,12,0.3010345254074867,0.8203703703703703,0.357145207767183,0.09242574969435664,0.26666666666666666,0.16666666666666666,0.9888888888888889
XGBoost_single_no_coords,spatial,False,Coeranoscincus reticulatus,6,2,0.8,0.03,5,100,1.0,103,13,0.29350772011289117,0.8393162393162393,0.4117559412386139,0.09004270927214647,0.23529411764705882,0.15384615384615385,0.9777777777777777
XGBoost_single_no_coords,spatial,False,Coeranoscincus reticulatus,6,3,0.8,0.03,5,100,1.0,103,13,0.28572438461059785,0.8363247863247864,0.5047066738538311,0.08412662066561637,0.125,0.07692307692307693,0.9777777777777777
XGBoost_single_no_coords,spatial,False,Coeranoscincus reticulatus,6,4,0.8,0.03,5,100,1.0,103,13,0.2920641591636676,0.8205128205128205,0.48762729716446407,0.08559937520976724,0.23529411764705882,0.15384615384615385,0.9777777777777777
XGBoost_single_no_coords,spatial,False,Coeranoscincus reticulatus,6,5,0.8,0.03,5,100,1.0,102,13,0.30667292541803065,0.8089887640449438,0.40943755096726353,0.09173498500690778,0.38095238095238093,0.3076923076923077,0.9550561797752809
XGBoost_single_no_coords,spatial,False,Coeranoscincus reticulatus,7,1,0.8,0.03,5,300,0.8,102,12,0.32844374245858254,0.8268518518518518,0.37203014432338183,0.09666066512503659,0.25,0.16666666666666666,0.9777777777777777
XGBoost_single_no_coords,spatial,False,Coeranoscincus reticulatus,7,2,0.8,0.03,5,300,0.8,103,13,0.3192203380277446,0.8196581196581197,0.38635222669076486,0.09903323525677564,0.2608695652173913,0.23076923076923078,0.9222222222222223
XGBoost_single_no_coords,spatial,False,Coeranoscincus reticulatus,7,3,0.8,0.03,5,300,0.8,103,13,0.3125680662365352,0.8179487179487179,0.5291056054929053,0.08362442818358476,0.42105263157894735,0.3076923076923077,0.9777777777777777
XGBoost_single_no_coords,spatial,False,Coeranoscincus reticulatus,7,4,0.8,0.03,5,300,0.8,103,13,0.3009363579496393,0.8145299145299146,0.4560987623487623,0.08705821666984286,0.3157894736842105,0.23076923076923078,0.9666666666666667
XGBoost_single_no_coords,spatial,False,Coeranoscincus reticulatus,7,5,0.8,0.03,5,300,0.8,102,13,0.3458094461773198,0.8055315471045809,0.41627525350929595,0.10054955719960923,0.4166666666666667,0.38461538461538464,0.9325842696629213
XGBoost_single_no_coords,spatial,False,Coeranoscincus reticulatus,8,1,0.8,0.03,5,300,1.0,102,12,0.33997079811487896,0.8203703703703703,0.3452204867454228,0.10087034950828895,0.3157894736842105,0.25,0.9555555555555556
XGBoost_single_no_coords,spatial,False,Coeranoscincus reticulatus,8,2,0.8,0.03,5,300,1.0,103,13,0.3223842093879741,0.8179487179487179,0.3773154529958125,0.09976609085498281,0.2727272727272727,0.23076923076923078,0.9333333333333333
XGBoost_single_no_coords,spatial,False,Coeranoscincus reticulatus,8,3,0.8,0.03,5,300,1.0,103,13,0.32849372565724383,0.8094017094017094,0.4788953479409762,0.08898809131629655,0.125,0.07692307692307693,0.9777777777777777
XGBoost_single_no_coords,spatial,False,Coeranoscincus reticulatus,8,4,0.8,0.03,5,300,1.0,103,13,0.3074298014964692,0.8136752136752137,0.4650052811776751,0.08811232328633523,0.3,0.23076923076923078,0.9555555555555556
XGBoost_single_no_coords,spatial,False,Coeranoscincus reticulatus,8,5,0.8,0.03,5,300,1.0,102,13,0.36597861077537014,0.7856525496974935,0.36635668540967514,0.10661190334566545,0.4166666666666667,0.38461538461538464,0.9325842696629213
XGBoost_single_no_coords,spatial,False,Coeranoscincus reticulatus,9,1,0.8,0.1,3,100,0.8,102,12,0.3149076762765337,0.8296296296296296,0.38545599238172845,0.09633017568873183,0.3157894736842105,0.25,0.9555555555555556
XGBoost_single_no_coords,spatial,False,Coeranoscincus reticulatus,9,2,0.8,0.1,3,100,0.8,103,13,0.32108645699539645,0.8239316239316239,0.3964386527768595,0.10142208911300431,0.32,0.3076923076923077,0.9111111111111111
XGBoost_single_no_coords,spatial,False,Coeranoscincus reticulatus,9,3,0.8,0.1,3,100,0.8,103,13,0.3066078253226772,0.8094017094017094,0.5189892222182937,0.08597677852946864,0.3333333333333333,0.23076923076923078,0.9777777777777777
XGBoost_single_no_coords,spatial,False,Coeranoscincus reticulatus,9,4,0.8,0.1,3,100,0.8,103,13,0.3150095210939077,0.8042735042735043,0.4157349176579946,0.09206574557267976,0.11764705882352941,0.07692307692307693,0.9666666666666667
XGBoost_single_no_coords,spatial,False,Coeranoscincus reticulatus,9,5,0.8,0.1,3,100,0.8,102,13,0.32573769099367533,0.8202247191011236,0.4232234506481998,0.09658407000934238,0.43478260869565216,0.38461538461538464,0.9438202247191011
XGBoost_single_no_coords,spatial,False,Coeranoscincus reticulatus,10,1,0.8,0.1,3,100,1.0,102,12,0.2943251976938012,0.8490740740740741,0.4118735846829153,0.09138737857340971,0.35294117647058826,0.25,0.9777777777777777
XGBoost_single_no_coords,spatial,False,Coeranoscincus reticulatus,10,2,0.8,0.1,3,100,1.0,103,13,0.30411698160182915,0.8273504273504273,0.39606411342098924,0.09309653371325856,0.3,0.23076923076923078,0.9555555555555556
XGBoost_single_no_coords,spatial,False,Coeranoscincus reticulatus,10,3,0.8,0.1,3,100,1.0,103,13,0.29165403582978977,0.8264957264957266,0.5859283307211638,0.07925276943139674,0.23529411764705882,0.15384615384615385,0.9777777777777777
XGBoost_single_no_coords,spatial,False,Coeranoscincus reticulatus,10,4,0.8,0.1,3,100,1.0,103,13,0.3068790774222223,0.8076923076923077,0.46020698164670387,0.08816337155987101,0.23529411764705882,0.15384615384615385,0.9777777777777777
XGBoost_single_no_coords,spatial,False,Coeranoscincus reticulatus,10,5,0.8,0.1,3,100,1.0,102,13,0.3297039742566488,0.8072601555747623,0.3396321854651055,0.10169168920883524,0.3333333333333333,0.3076923076923077,0.9213483146067416
XGBoost_single_no_coords,spatial,False,Coeranoscincus reticulatus,11,1,0.8,0.1,3,300,0.8,102,12,0.3805476003704231,0.8185185185185184,0.34752772123200076,0.10709126349166329,0.2222222222222222,0.16666666666666666,0.9555555555555556
XGBoost_single_no_coords,spatial,False,Coeranoscincus reticulatus,11,2,0.8,0.1,3,300,0.8,103,13,0.3888845207331392,0.7760683760683761,0.312050595264881,0.1176811803272802,0.3076923076923077,0.3076923076923077,0.9
XGBoost_single_no_coords,spatial,False,Coeranoscincus reticulatus,11,3,0.8,0.1,3,300,0.8,103,13,0.3851670859051646,0.7786324786324788,0.45517666368477544,0.09161818935559347,0.42105263157894735,0.3076923076923077,0.9777777777777777
XGBoost_single_no_coords,spatial,False,Coeranoscincus reticulatus,11,4,0.8,0.1,3,300,0.8,103,13,0.39153890406597636,0.770940170940171,0.3670058580285564,0.10816001754242399,0.21052631578947367,0.15384615384615385,0.9555555555555556
XGBoost_single_no_coords,spatial,False,Coeranoscincus reticulatus,11,5,0.8,0.1,3,300,0.8,102,13,0.42749039707257674,0.7675021607605877,0.3517491657128172,0.10990402792511754,0.48,0.46153846153846156,0.9325842696629213
XGBoost_single_no_coords,spatial,False,Coeranoscincus reticulatus,12,1,0.8,0.1,3,300,1.0,102,12,0.37502347780309647,0.8287037037037037,0.3605109328089894,0.10707201047686161,0.3,0.25,0.9444444444444444
XGBoost_single_no_coords,spatial,False,Coeranoscincus reticulatus,12,2,0.8,0.1,3,300,1.0,103,13,0.3652629068823784,0.7982905982905983,0.3735676921149733,0.10800799244341781,0.34782608695652173,0.3076923076923077,0.9333333333333333
XGBoost_single_no_coords,spatial,False,Coeranoscincus reticulatus,12,3,0.8,0.1,3,300,1.0,103,13,0.3631670725842074,0.8051282051282052,0.49994366463496015,0.08944197835052489,0.3157894736842105,0.23076923076923078,0.9666666666666667
XGBoost_single_no_coords,spatial,False,Coeranoscincus reticulatus,12,4,0.8,0.1,3,300,1.0,103,13,0.3866510637101205,0.7658119658119659,0.3885115351001583,0.10175269955145935,0.21052631578947367,0.15384615384615385,0.9555555555555556
XGBoost_single_no_coords,spatial,False,Coeranoscincus reticulatus,12,5,0.8,0.1,3,300,1.0,102,13,0.4217849078453431,0.7744165946413137,0.3236675192338808,0.11576386402712557,0.4,0.38461538461538464,0.9213483146067416
XGBoost_single_no_coords,spatial,False,Coeranoscincus reticulatus,13,1,0.8,0.1,5,100,0.8,102,12,0.351333786257486,0.8185185185185185,0.35843788845981833,0.10010688638743843,0.23529411764705882,0.16666666666666666,0.9666666666666667
XGBoost_single_no_coords,spatial,False,Coeranoscincus reticulatus,13,2,0.8,0.1,5,100,0.8,103,13,0.34295668482876007,0.8051282051282052,0.3796397851011464,0.10855589771882983,0.25,0.23076923076923078,0.9111111111111111
XGBoost_single_no_coords,spatial,False,Coeranoscincus reticulatus,13,3,0.8,0.1,5,100,0.8,103,13,0.3243724639845363,0.8205128205128206,0.475368711074444,0.08753537972669113,0.3333333333333333,0.23076923076923078,0.9777777777777777
XGBoost_single_no_coords,spatial,False,Coeranoscincus reticulatus,13,4,0.8,0.1,5,100,0.8,103,13,0.3212536977575271,0.8025641025641026,0.4265762938397209,0.09276269944041202,0.11764705882352941,0.07692307692307693,0.9666666666666667
XGBoost_single_no_coords,spatial,False,Coeranoscincus reticulatus,13,5,0.8,0.1,5,100,0.8,102,13,0.3605284263717141,0.7994814174589455,0.3759842508825973,0.10360977412454281,0.4166666666666667,0.38461538461538464,0.9325842696629213
XGBoost_single_no_coords,spatial,False,Coeranoscincus reticulatus,14,1,0.8,0.1,5,100,1.0,102,12,0.3473187667604156,0.8212962962962963,0.33272595212561956,0.10387172958024539,0.21052631578947367,0.16666666666666666,0.9444444444444444
XGBoost_single_no_coords,spatial,False,Coeranoscincus reticulatus,14,2,0.8,0.1,5,100,1.0,103,13,0.3322883955920479,0.8102564102564103,0.3810193664012804,0.1013312349836809,0.2,0.15384615384615385,0.9444444444444444
XGBoost_single_no_coords,spatial,False,Coeranoscincus reticulatus,14,3,0.8,0.1,5,100,1.0,103,13,0.3303125253087331,0.8128205128205128,0.47368581270200505,0.08930920837405351,0.23529411764705882,0.15384615384615385,0.9777777777777777
XGBoost_single_no_coords,spatial,False,Coeranoscincus reticulatus,14,4,0.8,0.1,5,100,1.0,103,13,0.3282534745958018,0.8034188034188035,0.4468472201503875,0.09376447102232333,0.38095238095238093,0.3076923076923077,0.9555555555555556
XGBoost_single_no_coords,spatial,False,Coeranoscincus reticulatus,14,5,0.8,0.1,5,100,1.0,102,13,0.3652095494668323,0.7882454624027658,0.3423125738081506,0.10874266483543803,0.34782608695652173,0.3076923076923077,0.9325842696629213
XGBoost_single_no_coords,spatial,False,Coeranoscincus reticulatus,15,1,0.8,0.1,5,300,0.8,102,12,0.4208692129881412,0.8101851851851852,0.3472258374894674,0.10682116551713333,0.2222222222222222,0.16666666666666666,0.9555555555555556
XGBoost_single_no_coords,spatial,False,Coeranoscincus reticulatus,15,2,0.8,0.1,5,300,0.8,103,13,0.4214548628769143,0.7803418803418805,0.3178424665806153,0.12164694539163648,0.2608695652173913,0.23076923076923078,0.9222222222222223
XGBoost_single_no_coords,spatial,False,Coeranoscincus reticulatus,15,3,0.8,0.1,5,300,0.8,103,13,0.4131534350925863,0.7991452991452992,0.46496127346758487,0.09155240130535461,0.47619047619047616,0.38461538461538464,0.9666666666666667
XGBoost_single_no_coords,spatial,False,Coeranoscincus reticulatus,15,4,0.8,0.1,5,300,0.8,103,13,0.39381869855015506,0.776923076923077,0.4025554573009884,0.10447724860109645,0.21052631578947367,0.15384615384615385,0.9555555555555556
XGBoost_single_no_coords,spatial,False,Coeranoscincus reticulatus,15,5,0.8,0.1,5,300,0.8,102,13,0.45604267243161467,0.7657735522904062,0.3390195905382916,0.11300155412567929,0.48,0.46153846153846156,0.9325842696629213
XGBoost_single_no_coords,spatial,False,Coeranoscincus reticulatus,16,1,0.8,0.1,5,300,1.0,102,12,0.4274890860083349,0.8111111111111111,0.3426887801597554,0.11324907321375954,0.19047619047619047,0.16666666666666666,0.9222222222222223
XGBoost_single_no_coords,spatial,False,Coeranoscincus reticulatus,16,2,0.8,0.1,5,300,1.0,103,13,0.42353016332788723,0.7863247863247863,0.34236021457175303,0.11467534503572403,0.2727272727272727,0.23076923076923078,0.9333333333333333
XGBoost_single_no_coords,spatial,False,Coeranoscincus reticulatus,16,3,0.8,0.1,5,300,1.0,103,13,0.420093389079325,0.7974358974358975,0.4390460338488902,0.09390425843544946,0.47619047619047616,0.38461538461538464,0.9666666666666667
XGBoost_single_no_coords,spatial,False,Coeranoscincus reticulatus,16,4,0.8,0.1,5,300,1.0,103,13,0.41909696932485613,0.770940170940171,0.3988402319072635,0.107720868580366,0.3,0.23076923076923078,0.9555555555555556
XGBoost_single_no_coords,spatial,False,Coeranoscincus reticulatus,16,5,0.8,0.1,5,300,1.0,102,13,0.4918348825466839,0.7536732929991357,0.30307444331614053,0.12405304732212347,0.4,0.38461538461538464,0.9213483146067416
XGBoost_single_no_coords,spatial,False,Coeranoscincus reticulatus,17,1,1.0,0.03,3,100,0.8,102,12,0.29417702268941887,0.8250000000000001,0.36777656568215084,0.0908620542315126,0.26666666666666666,0.16666666666666666,0.9888888888888889
XGBoost_single_no_coords,spatial,False,Coeranoscincus reticulatus,17,2,1.0,0.03,3,100,0.8,103,13,0.2954497879782637,0.8401709401709403,0.36823118044025893,0.09144319474259974,0.23529411764705882,0.15384615384615385,0.9777777777777777
XGBoost_single_no_coords,spatial,False,Coeranoscincus reticulatus,17,3,1.0,0.03,3,100,0.8,103,13,0.285144077756736,0.8367521367521369,0.5286057085567285,0.08337057294006747,0.13333333333333333,0.07692307692307693,0.9888888888888889
XGBoost_single_no_coords,spatial,False,Coeranoscincus reticulatus,17,4,1.0,0.03,3,100,0.8,103,13,0.2986286712306168,0.8136752136752137,0.43348761463123164,0.09099102429789659,0.13333333333333333,0.07692307692307693,0.9888888888888889
XGBoost_single_no_coords,spatial,False,Coeranoscincus reticulatus,17,5,1.0,0.03,3,100,0.8,102,13,0.28905355977515407,0.8366464995678479,0.4270439416634281,0.08704622090459563,0.0,0.0,0.9887640449438202
XGBoost_single_no_coords,spatial,False,Coeranoscincus reticulatus,18,1,1.0,0.03,3,100,1.0,102,12,0.2991752624265537,0.8152777777777778,0.32002436872184775,0.09232223263868948,0.13333333333333333,0.08333333333333333,0.9777777777777777
XGBoost_single_no_coords,spatial,False,Coeranoscincus reticulatus,18,2,1.0,0.03,3,100,1.0,103,13,0.30199897267857045,0.8277777777777778,0.37565717237662943,0.0929193627320196,0.0,0.0,0.9888888888888889
XGBoost_single_no_coords,spatial,False,Coeranoscincus reticulatus,18,3,1.0,0.03,3,100,1.0,103,13,0.2927018080045074,0.8230769230769232,0.509294920284619,0.08612761391967498,0.0,0.0,0.9888888888888889
XGBoost_single_no_coords,spatial,False,Coeranoscincus reticulatus,18,4,1.0,0.03,3,100,1.0,103,13,0.30033405905605054,0.8094017094017095,0.3435677664121991,0.09297424174192324,0.0,0.0,0.9777777777777777
XGBoost_single_no_coords,spatial,False,Coeranoscincus reticulatus,18,5,1.0,0.03,3,100,1.0,102,13,0.29421617305208403,0.834485738980121,0.40470336323541556,0.08919712877737238,0.0,0.0,1.0
XGBoost_single_no_coords,spatial,False,Coeranoscincus reticulatus,19,1,1.0,0.03,3,300,0.8,102,12,0.3065399815105773,0.836111111111111,0.3787119650002884,0.09485059625914936,0.35294117647058826,0.25,0.9777777777777777
XGBoost_single_no_coords,spatial,False,Coeranoscincus reticulatus,19,2,1.0,0.03,3,300,0.8,103,13,0.3004085758429568,0.8384615384615385,0.4057477745115958,0.09341387915660604,0.2727272727272727,0.23076923076923078,0.9333333333333333
XGBoost_single_no_coords,spatial,False,Coeranoscincus reticulatus,19,3,1.0,0.03,3,300,0.8,103,13,0.2920437368398668,0.8273504273504273,0.5726861906209733,0.08159921244427637,0.3333333333333333,0.23076923076923078,0.9777777777777777
XGBoost_single_no_coords,spatial,False,Coeranoscincus reticulatus,19,4,1.0,0.03,3,300,0.8,103,13,0.3120188999276389,0.8076923076923078,0.44064891173411574,0.089781130541265,0.23529411764705882,0.15384615384615385,0.9777777777777777
XGBoost_single_no_coords,spatial,False,Coeranoscincus reticulatus,19,5,1.0,0.03,3,300,0.8,102,13,0.32573242726825036,0.8081244598098529,0.42206258345592745,0.09707197252539063,0.43478260869565216,0.38461538461538464,0.9438202247191011
XGBoost_single_no_coords,spatial,False,Coeranoscincus reticulatus,20,1,1.0,0.03,3,300,1.0,102,12,0.31762985143558853,0.8240740740740741,0.3200177129346202,0.10029240761437065,0.23529411764705882,0.16666666666666666,0.9666666666666667
XGBoost_single_no_coords,spatial,False,Coeranoscincus reticulatus,20,2,1.0,0.03,3,300,1.0,103,13,0.2981582201180361,0.8324786324786325,0.42951633772529296,0.09141850606861895,0.4,0.3076923076923077,0.9666666666666667
XGBoost_single_no_coords,spatial,False,Coeranoscincus reticulatus,20,3,1.0,0.03,3,300,1.0,103,13,0.2924002964811336,0.8333333333333334,0.6063389389715237,0.0804390570780334,0.35294117647058826,0.23076923076923078,0.9888888888888889
XGBoost_single_no_coords,spatial,False,Coeranoscincus reticulatus,20,4,1.0,0.03,3,300,1.0,103,13,0.29455894145974904,0.8196581196581197,0.47320018280578247,0.08653708401459616,0.2222222222222222,0.15384615384615385,0.9666666666666667
XGBoost_single_no_coords,spatial,False,Coeranoscincus reticulatus,20,5,1.0,0.03,3,300,1.0,102,13,0.3369644024046958,0.7968885047536733,0.3359306875516125,0.10455253891148848,0.2608695652173913,0.23076923076923078,0.9213483146067416
XGBoost_single_no_coords,spatial,False,Coeranoscincus reticulatus,21,1,1.0,0.03,5,100,0.8,102,12,0.29119489706202567,0.8333333333333334,0.3994183562394479,0.08845463781162448,0.375,0.25,0.9888888888888889
XGBoost_single_no_coords,spatial,False,Coeranoscincus reticulatus,21,2,1.0,0.03,5,100,0.8,103,13,0.29615450691704104,0.8435897435897436,0.4061371436371436,0.0926994079315101,0.2222222222222222,0.15384615384615385,0.9666666666666667
XGBoost_single_no_coords,spatial,False,Coeranoscincus reticulatus,21,3,1.0,0.03,5,100,0.8,103,13,0.2833605739567,0.8282051282051281,0.5242222261027083,0.08182129405467974,0.3333333333333333,0.23076923076923078,0.9777777777777777
XGBoost_single_no_coords,spatial,False,Coeranoscincus reticulatus,21,4,1.0,0.03,5,100,0.8,103,13,0.27427945874501947,0.8538461538461538,0.5560239053607754,0.0811115798762792,0.4444444444444444,0.3076923076923077,0.9888888888888889
XGBoost_single_no_coords,spatial,False,Coeranoscincus reticulatus,21,5,1.0,0.03,5,100,0.8,102,13,0.29224440451809,0.8375108038029387,0.5018415878992802,0.088369365486384,0.4,0.3076923076923077,0.9662921348314607
XGBoost_single_no_coords,spatial,False,Coeranoscincus reticulatus,22,1,1.0,0.03,5,100,1.0,102,12,0.307204549511173,0.799074074074074,0.3902980827409619,0.09394343489346785,0.23529411764705882,0.16666666666666666,0.9666666666666667
XGBoost_single_no_coords,spatial,False,Coeranoscincus reticulatus,22,2,1.0,0.03,5,100,1.0,103,13,0.304928932540354,0.8247863247863247,0.3984804564874699,0.09480968164969417,0.3157894736842105,0.23076923076923078,0.9666666666666667
XGBoost_single_no_coords,spatial,False,Coeranoscincus reticulatus,22,3,1.0,0.03,5,100,1.0,103,13,0.29391187979955596,0.8153846153846155,0.4845032628992685,0.08466169122774225,0.3333333333333333,0.23076923076923078,0.9777777777777777
XGBoost_single_no_coords,spatial,False,Coeranoscincus reticulatus,22,4,1.0,0.03,5,100,1.0,103,13,0.274254817359257,0.8606837606837607,0.4739977436762385,0.08294685621263205,0.38095238095238093,0.3076923076923077,0.9555555555555556
XGBoost_single_no_coords,spatial,False,Coeranoscincus reticulatus,22,5,1.0,0.03,5,100,1.0,102,13,0.29752895997577067,0.8366464995678479,0.4800930900640914,0.09147351787927503,0.4,0.3076923076923077,0.9662921348314607
XGBoost_single_no_coords,spatial,False,Coeranoscincus reticulatus,23,1,1.0,0.03,5,300,0.8,102,12,0.34432724767144424,0.8222222222222222,0.3572765606261726,0.09959945302314702,0.2222222222222222,0.16666666666666666,0.9555555555555556
XGBoost_single_no_coords,spatial,False,Coeranoscincus reticulatus,23,2,1.0,0.03,5,300,0.8,103,13,0.3400853679764889,0.8094017094017094,0.3661260129883611,0.1044109309226203,0.3333333333333333,0.3076923076923077,0.9222222222222223
XGBoost_single_no_coords,spatial,False,Coeranoscincus reticulatus,23,3,1.0,0.03,5,300,0.8,103,13,0.33783334658898556,0.8076923076923077,0.47346977736088514,0.08787055528260221,0.42105263157894735,0.3076923076923077,0.9777777777777777
XGBoost_single_no_coords,spatial,False,Coeranoscincus reticulatus,23,4,1.0,0.03,5,300,0.8,103,13,0.3063099683080272,0.8188034188034188,0.4952025474689256,0.08597800935214013,0.42105263157894735,0.3076923076923077,0.9777777777777777
XGBoost_single_no_coords,spatial,False,Coeranoscincus reticulatus,23,5,1.0,0.03,5,300,0.8,102,13,0.3550311498466498,0.8029386343993086,0.3932982010634941,0.10243780585145551,0.43478260869565216,0.38461538461538464,0.9438202247191011
XGBoost_single_no_coords,spatial,False,Coeranoscincus reticulatus,24,1,1.0,0.03,5,300,1.0,102,12,0.34180132613636915,0.8185185185185185,0.36552004695938395,0.09953966092038703,0.3157894736842105,0.25,0.9555555555555556
XGBoost_single_no_coords,spatial,False,Coeranoscincus reticulatus,24,2,1.0,0.03,5,300,1.0,103,13,0.33345391733826885,0.8196581196581196,0.332652970766434,0.10477495841528538,0.2727272727272727,0.23076923076923078,0.9333333333333333
XGBoost_single_no_coords,spatial,False,Coeranoscincus reticulatus,24,3,1.0,0.03,5,300,1.0,103,13,0.34870431069421387,0.7888888888888889,0.49069486069486073,0.09039332745663181,0.3333333333333333,0.23076923076923078,0.9777777777777777
XGBoost_single_no_coords,spatial,False,Coeranoscincus reticulatus,24,4,1.0,0.03,5,300,1.0,103,13,0.2945326262618488,0.8316239316239317,0.5011969173055195,0.08379948999621283,0.4,0.3076923076923077,0.9666666666666667
XGBoost_single_no_coords,spatial,False,Coeranoscincus reticulatus,24,5,1.0,0.03,5,300,1.0,102,13,0.36894887741697113,0.7830596369922213,0.4283199668064783,0.10641160295051379,0.36363636363636365,0.3076923076923077,0.9438202247191011
XGBoost_single_no_coords,spatial,False,Coeranoscincus reticulatus,25,1,1.0,0.1,3,100,0.8,102,12,0.2951509284306871,0.8518518518518517,0.4469111820853025,0.09195081796014408,0.3157894736842105,0.25,0.9555555555555556
XGBoost_single_no_coords,spatial,False,Coeranoscincus reticulatus,25,2,1.0,0.1,3,100,0.8,103,13,0.32136715814620165,0.817948717948718,0.36657956142530534,0.09965258812267248,0.3333333333333333,0.3076923076923077,0.9222222222222223
XGBoost_single_no_coords,spatial,False,Coeranoscincus reticulatus,25,3,1.0,0.1,3,100,0.8,103,13,0.31283399615959806,0.8034188034188036,0.5307636359530967,0.08486341586938223,0.23529411764705882,0.15384615384615385,0.9777777777777777
XGBoost_single_no_coords,spatial,False,Coeranoscincus reticulatus,25,4,1.0,0.1,3,100,0.8,103,13,0.32220185163875775,0.8068376068376069,0.43112138662915583,0.09461090879849576,0.1111111111111111,0.07692307692307693,0.9555555555555556
XGBoost_single_no_coords,spatial,False,Coeranoscincus reticulatus,25,5,1.0,0.1,3,100,0.8,102,13,0.33454988784261375,0.8115816767502162,0.4267558528428093,0.1003556315138967,0.4166666666666667,0.38461538461538464,0.9325842696629213
XGBoost_single_no_coords,spatial,False,Coeranoscincus reticulatus,26,1,1.0,0.1,3,100,1.0,102,12,0.3136838672622818,0.8333333333333333,0.3808231300143065,0.09920597222742689,0.2222222222222222,0.16666666666666666,0.9555555555555556
XGBoost_single_no_coords,spatial,False,Coeranoscincus reticulatus,26,2,1.0,0.1,3,100,1.0,103,13,0.30547874128355507,0.829059829059829,0.4311753222565321,0.09347349549646104,0.3157894736842105,0.23076923076923078,0.9666666666666667
XGBoost_single_no_coords,spatial,False,Coeranoscincus reticulatus,26,3,1.0,0.1,3,100,1.0,103,13,0.3000511572126926,0.8222222222222222,0.5637351283426133,0.08181989469713906,0.3333333333333333,0.23076923076923078,0.9777777777777777
XGBoost_single_no_coords,spatial,False,Coeranoscincus reticulatus,26,4,1.0,0.1,3,100,1.0,103,13,0.30980302949144917,0.8162393162393163,0.4348069822334528,0.0914361613337095,0.2,0.15384615384615385,0.9444444444444444
XGBoost_single_no_coords,spatial,False,Coeranoscincus reticulatus,26,5,1.0,0.1,3,100,1.0,102,13,0.3415252492392442,0.8003457216940363,0.3443090858260298,0.10591570398456764,0.2727272727272727,0.23076923076923078,0.9325842696629213
XGBoost_single_no_coords,spatial,False,Coeranoscincus reticulatus,27,1,1.0,0.1,3,300,0.8,102,12,0.3841079075906166,0.8166666666666667,0.34747946089857856,0.10702442731913546,0.2222222222222222,0.16666666666666666,0.9555555555555556
XGBoost_single_no_coords,spatial,False,Coeranoscincus reticulatus,27,2,1.0,0.1,3,300,0.8,103,13,0.40546517650227537,0.7786324786324786,0.3197105788024434,0.11762222399310945,0.3333333333333333,0.3076923076923077,0.9222222222222223
XGBoost_single_no_coords,spatial,False,Coeranoscincus reticulatus,27,3,1.0,0.1,3,300,0.8,103,13,0.4027054303892319,0.7735042735042735,0.47553960284729513,0.09272510640059975,0.4,0.3076923076923077,0.9666666666666667
XGBoost_single_no_coords,spatial,False,Coeranoscincus reticulatus,27,4,1.0,0.1,3,300,0.8,103,13,0.41940623501363944,0.7538461538461538,0.37463180253630624,0.10803521913442014,0.21052631578947367,0.15384615384615385,0.9555555555555556
XGBoost_single_no_coords,spatial,False,Coeranoscincus reticulatus,27,5,1.0,0.1,3,300,0.8,102,13,0.41988902524110944,0.7744165946413138,0.360182969373086,0.10995486673076811,0.36363636363636365,0.3076923076923077,0.9438202247191011
XGBoost_single_no_coords,spatial,False,Coeranoscincus reticulatus,28,1,1.0,0.1,3,300,1.0,102,12,0.41400975811057505,0.787037037037037,0.3622750363624837,0.11313248452711919,0.2857142857142857,0.25,0.9333333333333333
XGBoost_single_no_coords,spatial,False,Coeranoscincus reticulatus,28,2,1.0,0.1,3,300,1.0,103,13,0.35839327049842973,0.8085470085470086,0.36963928145683356,0.10566437209113831,0.36363636363636365,0.3076923076923077,0.9444444444444444
XGBoost_single_no_coords,spatial,False,Coeranoscincus reticulatus,28,3,1.0,0.1,3,300,1.0,103,13,0.3745901275512556,0.7957264957264958,0.47835800228041603,0.09136379233759284,0.4,0.3076923076923077,0.9666666666666667
XGBoost_single_no_coords,spatial,False,Coeranoscincus reticulatus,28,4,1.0,0.1,3,300,1.0,103,13,0.4172528132516215,0.752991452991453,0.3605306891921019,0.11240280877002798,0.43478260869565216,0.38461538461538464,0.9444444444444444
XGBoost_single_no_coords,spatial,False,Coeranoscincus reticulatus,28,5,1.0,0.1,3,300,1.0,102,13,0.44902923450022625,0.7545375972342264,0.3476690936440489,0.12238239417524355,0.34782608695652173,0.3076923076923077,0.9325842696629213
XGBoost_single_no_coords,spatial,False,Coeranoscincus reticulatus,29,1,1.0,0.1,5,100,0.8,102,12,0.3486921555090616,0.8259259259259258,0.35501620621229785,0.10355379039854667,0.2,0.16666666666666666,0.9333333333333333
XGBoost_single_no_coords,spatial,False,Coeranoscincus reticulatus,29,2,1.0,0.1,5,100,0.8,103,13,0.3501305506152968,0.8102564102564103,0.35884430907100573,0.10595677483506763,0.32,0.3076923076923077,0.9111111111111111
XGBoost_single_no_coords,spatial,False,Coeranoscincus reticulatus,29,3,1.0,0.1,5,100,0.8,103,13,0.3444311950585609,0.8136752136752137,0.5076330962782842,0.08960190525302031,0.3333333333333333,0.23076923076923078,0.9777777777777777
XGBoost_single_no_coords,spatial,False,Coeranoscincus reticulatus,29,4,1.0,0.1,5,100,0.8,103,13,0.3212286923144617,0.8017094017094017,0.4774456816484178,0.08735128847216234,0.4,0.3076923076923077,0.9666666666666667
XGBoost_single_no_coords,spatial,False,Coeranoscincus reticulatus,29,5,1.0,0.1,5,100,0.8,102,13,0.3516680263500822,0.8107173725151253,0.42370436351556645,0.10414641229832097,0.43478260869565216,0.38461538461538464,0.9438202247191011
XGBoost_single_no_coords,spatial,False,Coeranoscincus reticulatus,30,1,1.0,0.1,5,100,1.0,102,12,0.34880716814320945,0.8287037037037037,0.34627948148749316,0.10074458950040746,0.2222222222222222,0.16666666666666666,0.9555555555555556
XGBoost_single_no_coords,spatial,False,Coeranoscincus reticulatus,30,2,1.0,0.1,5,100,1.0,103,13,0.3576994330149392,0.8102564102564103,0.31222353602485514,0.11210113445930718,0.3333333333333333,0.3076923076923077,0.9222222222222223
XGBoost_single_no_coords,spatial,False,Coeranoscincus reticulatus,30,3,1.0,0.1,5,100,1.0,103,13,0.36187975201014044,0.776923076923077,0.44171041748681494,0.09125169659263313,0.42105263157894735,0.3076923076923077,0.9777777777777777
XGBoost_single_no_coords,spatial,False,Coeranoscincus reticulatus,30,4,1.0,0.1,5,100,1.0,103,13,0.30463321742314153,0.8196581196581197,0.4789153317442791,0.08690203285943623,0.45454545454545453,0.38461538461538464,0.9555555555555556
XGBoost_single_no_coords,spatial,False,Coeranoscincus reticulatus,30,5,1.0,0.1,5,100,1.0,102,13,0.39417539779430605,0.7649092480553155,0.3930132204291625,0.11124189169916253,0.34782608695652173,0.3076923076923077,0.9325842696629213
XGBoost_single_no_coords,spatial,False,Coeranoscincus reticulatus,31,1,1.0,0.1,5,300,0.8,102,12,0.4294944271489536,0.8175925925925926,0.3515017876859982,0.11276245687929981,0.2,0.16666666666666666,0.9333333333333333
XGBoost_single_no_coords,spatial,False,Coeranoscincus reticulatus,31,2,1.0,0.1,5,300,0.8,103,13,0.429916780347722,0.7948717948717948,0.34322546256184705,0.11788577875183007,0.4,0.38461538461538464,0.9222222222222223
XGBoost_single_no_coords,spatial,False,Coeranoscincus reticulatus,31,3,1.0,0.1,5,300,0.8,103,13,0.46638806861882076,0.7752136752136752,0.4331788424514228,0.09638700373931469,0.5,0.38461538461538464,0.9777777777777777
XGBoost_single_no_coords,spatial,False,Coeranoscincus reticulatus,31,4,1.0,0.1,5,300,0.8,103,13,0.39911887907654575,0.7752136752136752,0.4304219847417768,0.09901204829839508,0.38095238095238093,0.3076923076923077,0.9555555555555556
XGBoost_single_no_coords,spatial,False,Coeranoscincus reticulatus,31,5,1.0,0.1,5,300,0.8,102,13,0.45711019813382775,0.7657735522904062,0.3559955196955037,0.11303265215801823,0.43478260869565216,0.38461538461538464,0.9438202247191011
XGBoost_single_no_coords,spatial,False,Coeranoscincus reticulatus,32,1,1.0,0.1,5,300,1.0,102,12,0.4361763581100152,0.8055555555555555,0.3535041299303587,0.1067866911099983,0.21052631578947367,0.16666666666666666,0.9444444444444444
XGBoost_single_no_coords,spatial,False,Coeranoscincus reticulatus,32,2,1.0,0.1,5,300,1.0,103,13,0.4210213297304274,0.8076923076923077,0.3416393691953623,0.11720899886139412,0.36363636363636365,0.3076923076923077,0.9444444444444444
XGBoost_single_no_coords,spatial,False,Coeranoscincus reticulatus,32,3,1.0,0.1,5,300,1.0,103,13,0.463636124485694,0.7829059829059829,0.4461945865748014,0.09620487480793338,0.42105263157894735,0.3076923076923077,0.9777777777777777
XGBoost_single_no_coords,spatial,False,Coeranoscincus reticulatus,32,4,1.0,0.1,5,300,1.0,103,13,0.3995274194998251,0.7854700854700856,0.41894188803069354,0.10513395791755421,0.36363636363636365,0.3076923076923077,0.9444444444444444
XGBoost_single_no_coords,spatial,False,Coeranoscincus reticulatus,32,5,1.0,0.1,5,300,1.0,102,13,0.5085193304147089,0.7424373379429559,0.3210305448959533,0.12394536270576548,0.3333333333333333,0.3076923076923077,0.9213483146067416
XGBoost_single_no_coords,spatial,False,Egernia mcpheei,1,1,0.8,0.03,3,100,0.8,103,1,0.03812916509762005,0.9803921568627451,0.3333333333333333,0.008941632781081373,0.0,0.0,1.0
XGBoost_single_no_coords,spatial,False,Egernia mcpheei,1,2,0.8,0.03,3,100,0.8,103,2,0.09232951870824503,0.698019801980198,0.11612903225806452,0.018856816852485435,0.0,0.0,1.0
XGBoost_single_no_coords,spatial,False,Egernia mcpheei,1,3,0.8,0.03,3,100,0.8,103,1,0.04410750870350344,0.9705882352941176,0.25,0.009306349459822656,0.0,0.0,1.0
XGBoost_single_no_coords,spatial,False,Egernia mcpheei,1,4,0.8,0.03,3,100,0.8,102,1,0.03572571569987892,1.0,1.0,0.008406270201713993,0.0,0.0,1.0
XGBoost_single_no_coords,spatial,False,Egernia mcpheei,1,5,0.8,0.03,3,100,0.8,102,1,0.06923491269414458,0.24752475247524752,0.012987012987012988,0.010229806560865407,0.0,0.0,1.0
XGBoost_single_no_coords,spatial,False,Egernia mcpheei,2,1,0.8,0.03,3,100,1.0,103,1,0.03653016544036487,0.9705882352941176,0.25,0.008983969602142733,0.0,0.0,1.0
XGBoost_single_no_coords,spatial,False,Egernia mcpheei,2,2,0.8,0.03,3,100,1.0,103,2,0.07842541338107849,0.8564356435643565,0.532258064516129,0.01788801148451496,0.0,0.0,1.0
XGBoost_single_no_coords,spatial,False,Egernia mcpheei,2,3,0.8,0.03,3,100,1.0,103,1,0.04135099327645993,0.9803921568627452,0.3333333333333333,0.009227546359741953,0.0,0.0,1.0
XGBoost_single_no_coords,spatial,False,Egernia mcpheei,2,4,0.8,0.03,3,100,1.0,102,1,0.03418597286401561,0.9851485148514851,0.3333333333333333,0.008293673101779477,0.0,0.0,1.0
XGBoost_single_no_coords,spatial,False,Egernia mcpheei,2,5,0.8,0.03,3,100,1.0,102,1,0.07485873536264148,0.2376237623762376,0.012658227848101266,0.0111589644575828,0.0,0.0,1.0
XGBoost_single_no_coords,spatial,False,Egernia mcpheei,3,1,0.8,0.03,3,300,0.8,103,1,0.03232390799005311,0.9803921568627451,0.3333333333333333,0.008584484380059385,0.0,0.0,1.0
XGBoost_single_no_coords,spatial,False,Egernia mcpheei,3,2,0.8,0.03,3,300,0.8,103,2,0.07531326140703552,0.8811881188118811,0.5384615384615384,0.017442200507970438,0.0,0.0,1.0
XGBoost_single_no_coords,spatial,False,Egernia mcpheei,3,3,0.8,0.03,3,300,0.8,103,1,0.04054126992563056,0.9803921568627452,0.3333333333333333,0.009724997147313895,0.0,0.0,1.0
XGBoost_single_no_coords,spatial,False,Egernia mcpheei,3,4,0.8,0.03,3,300,0.8,102,1,0.02661898046262916,1.0,1.0,0.007008245490030497,0.0,0.0,1.0
XGBoost_single_no_coords,spatial,False,Egernia mcpheei,3,5,0.8,0.03,3,300,0.8,102,1,0.07281033679849087,0.4653465346534653,0.01818181818181818,0.011261003170612226,0.0,0.0,1.0
XGBoost_single_no_coords,spatial,False,Egernia mcpheei,4,1,0.8,0.03,3,300,1.0,103,1,0.03709435804494264,0.9705882352941175,0.25,0.009130937363564524,0.0,0.0,1.0
XGBoost_single_no_coords,spatial,False,Egernia mcpheei,4,2,0.8,0.03,3,300,1.0,103,2,0.07615077932824131,0.7970297029702971,0.5232558139534884,0.01656596057297263,0.0,0.0,1.0
XGBoost_single_no_coords,spatial,False,Egernia mcpheei,4,3,0.8,0.03,3,300,1.0,103,1,0.046000942045993254,0.9509803921568627,0.16666666666666666,0.010044394050931818,0.0,0.0,1.0
XGBoost_single_no_coords,spatial,False,Egernia mcpheei,4,4,0.8,0.03,3,300,1.0,102,1,0.02541651765624269,1.0,1.0,0.0066429194651868384,0.0,0.0,1.0
XGBoost_single_no_coords,spatial,False,Egernia mcpheei,4,5,0.8,0.03,3,300,1.0,102,1,0.07069519791165144,0.5544554455445545,0.021739130434782608,0.01155523805885653,0.0,0.0,1.0
XGBoost_single_no_coords,spatial,False,Egernia mcpheei,5,1,0.8,0.03,5,100,0.8,103,1,0.03812916509762005,0.9803921568627451,0.3333333333333333,0.008941632781081373,0.0,0.0,1.0
XGBoost_single_no_coords,spatial,False,Egernia mcpheei,5,2,0.8,0.03,5,100,0.8,103,2,0.09232951870824503,0.698019801980198,0.11612903225806452,0.018856816852485435,0.0,0.0,1.0
XGBoost_single_no_coords,spatial,False,Egernia mcpheei,5,3,0.8,0.03,5,100,0.8,103,1,0.04410750870350344,0.9705882352941176,0.25,0.009306349459822656,0.0,0.0,1.0
XGBoost_single_no_coords,spatial,False,Egernia mcpheei,5,4,0.8,0.03,5,100,0.8,102,1,0.03572571569987892,1.0,1.0,0.008406270201713993,0.0,0.0,1.0
XGBoost_single_no_coords,spatial,False,Egernia mcpheei,5,5,0.8,0.03,5,100,0.8,102,1,0.06923491269414458,0.24752475247524752,0.012987012987012988,0.010229806560865407,0.0,0.0,1.0
XGBoost_single_no_coords,spatial,False,Egernia mcpheei,6,1,0.8,0.03,5,100,1.0,103,1,0.03653016544036487,0.9705882352941176,0.25,0.008983969602142733,0.0,0.0,1.0
XGBoost_single_no_coords,spatial,False,Egernia mcpheei,6,2,0.8,0.03,5,100,1.0,103,2,0.07842541338107849,0.8564356435643565,0.532258064516129,0.01788801148451496,0.0,0.0,1.0
XGBoost_single_no_coords,spatial,False,Egernia mcpheei,6,3,0.8,0.03,5,100,1.0,103,1,0.04135099327645993,0.9803921568627452,0.3333333333333333,0.009227546359741953,0.0,0.0,1.0
XGBoost_single_no_coords,spatial,False,Egernia mcpheei,6,4,0.8,0.03,5,100,1.0,102,1,0.03418597286401561,0.9851485148514851,0.3333333333333333,0.008293673101779477,0.0,0.0,1.0
XGBoost_single_no_coords,spatial,False,Egernia mcpheei,6,5,0.8,0.03,5,100,1.0,102,1,0.07485873536264148,0.2376237623762376,0.012658227848101266,0.0111589644575828,0.0,0.0,1.0
XGBoost_single_no_coords,spatial,False,Egernia mcpheei,7,1,0.8,0.03,5,300,0.8,103,1,0.03232390799005311,0.9803921568627451,0.3333333333333333,0.008584484380059385,0.0,0.0,1.0
XGBoost_single_no_coords,spatial,False,Egernia mcpheei,7,2,0.8,0.03,5,300,0.8,103,2,0.07531326140703552,0.8811881188118811,0.5384615384615384,0.017442200507970438,0.0,0.0,1.0
XGBoost_single_no_coords,spatial,False,Egernia mcpheei,7,3,0.8,0.03,5,300,0.8,103,1,0.04054126992563056,0.9803921568627452,0.3333333333333333,0.009724997147313895,0.0,0.0,1.0
XGBoost_single_no_coords,spatial,False,Egernia mcpheei,7,4,0.8,0.03,5,300,0.8,102,1,0.02661898046262916,1.0,1.0,0.007008245490030497,0.0,0.0,1.0
XGBoost_single_no_coords,spatial,False,Egernia mcpheei,7,5,0.8,0.03,5,300,0.8,102,1,0.07281033679849087,0.4653465346534653,0.01818181818181818,0.011261003170612226,0.0,0.0,1.0
XGBoost_single_no_coords,spatial,False,Egernia mcpheei,8,1,0.8,0.03,5,300,1.0,103,1,0.03709435804494264,0.9705882352941175,0.25,0.009130937363564524,0.0,0.0,1.0
XGBoost_single_no_coords,spatial,False,Egernia mcpheei,8,2,0.8,0.03,5,300,1.0,103,2,0.07615077932824131,0.7970297029702971,0.5232558139534884,0.01656596057297263,0.0,0.0,1.0
XGBoost_single_no_coords,spatial,False,Egernia mcpheei,8,3,0.8,0.03,5,300,1.0,103,1,0.046000942045993254,0.9509803921568627,0.16666666666666666,0.010044394050931818,0.0,0.0,1.0
XGBoost_single_no_coords,spatial,False,Egernia mcpheei,8,4,0.8,0.03,5,300,1.0,102,1,0.02541651765624269,1.0,1.0,0.0066429194651868384,0.0,0.0,1.0
XGBoost_single_no_coords,spatial,False,Egernia mcpheei,8,5,0.8,0.03,5,300,1.0,102,1,0.07069519791165144,0.5544554455445545,0.021739130434782608,0.01155523805885653,0.0,0.0,1.0
XGBoost_single_no_coords,spatial,False,Egernia mcpheei,9,1,0.8,0.1,3,100,0.8,103,1,0.03158823770721432,0.9803921568627452,0.3333333333333333,0.008488672799745061,0.0,0.0,1.0
XGBoost_single_no_coords,spatial,False,Egernia mcpheei,9,2,0.8,0.1,3,100,0.8,103,2,0.07192156697264138,0.905940594059406,0.5476190476190477,0.01716924591275007,0.0,0.0,1.0
XGBoost_single_no_coords,spatial,False,Egernia mcpheei,9,3,0.8,0.1,3,100,0.8,103,1,0.043360358300908904,0.9607843137254902,0.2,0.009915238663138972,0.0,0.0,1.0
XGBoost_single_no_coords,spatial,False,Egernia mcpheei,9,4,0.8,0.1,3,100,0.8,102,1,0.028321139063191447,1.0,1.0,0.007554351591020814,0.0,0.0,1.0
XGBoost_single_no_coords,spatial,False,Egernia mcpheei,9,5,0.8,0.1,3,100,0.8,102,1,0.07199013609673688,0.4356435643564357,0.017241379310344827,0.010872847549417877,0.0,0.0,1.0
XGBoost_single_no_coords,spatial,False,Egernia mcpheei,10,1,0.8,0.1,3,100,1.0,103,1,0.03821290582052772,0.9705882352941176,0.25,0.009274595307893945,0.0,0.0,1.0
XGBoost_single_no_coords,spatial,False,Egernia mcpheei,10,2,0.8,0.1,3,100,1.0,103,2,0.07615653899999564,0.7821782178217822,0.5217391304347826,0.016247736960241992,0.0,0.0,1.0
XGBoost_single_no_coords,spatial,False,Egernia mcpheei,10,3,0.8,0.1,3,100,1.0,103,1,0.04497399249696368,0.9509803921568628,0.16666666666666666,0.01020254159254755,0.0,0.0,1.0
XGBoost_single_no_coords,spatial,False,Egernia mcpheei,10,4,0.8,0.1,3,100,1.0,102,1,0.022198012981757664,1.0,1.0,0.005427396982860963,0.0,0.0,1.0
XGBoost_single_no_coords,spatial,False,Egernia mcpheei,10,5,0.8,0.1,3,100,1.0,102,1,0.068603571798256,0.6435643564356436,0.02702702702702703,0.011426329829818973,0.0,0.0,1.0
XGBoost_single_no_coords,spatial,False,Egernia mcpheei,11,1,0.8,0.1,3,300,0.8,103,1,0.031549447724045124,0.9901960784313726,0.5,0.008799281207371796,0.0,0.0,1.0
XGBoost_single_no_coords,spatial,False,Egernia mcpheei,11,2,0.8,0.1,3,300,0.8,103,2,0.07881585176290157,0.8663366336633663,0.5344827586206896,0.01728747112136157,0.0,0.0,1.0
XGBoost_single_no_coords,spatial,False,Egernia mcpheei,11,3,0.8,0.1,3,300,0.8,103,1,0.045607549706356915,0.9215686274509803,0.1111111111111111,0.010396116795035274,0.0,0.0,1.0
XGBoost_single_no_coords,spatial,False,Egernia mcpheei,11,4,0.8,0.1,3,300,0.8,102,1,0.025716464178060807,1.0,1.0,0.007499886274142646,0.0,0.0,1.0
XGBoost_single_no_coords,spatial,False,Egernia mcpheei,11,5,0.8,0.1,3,300,0.8,102,1,0.06234532463562036,0.6831683168316832,0.030303030303030304,0.010356825768816039,0.0,0.0,1.0
XGBoost_single_no_coords,spatial,False,Egernia mcpheei,12,1,0.8,0.1,3,300,1.0,103,1,0.03531690011540538,0.9901960784313726,0.5,0.009618332663084109,0.0,0.0,1.0
XGBoost_single_no_coords,spatial,False,Egernia mcpheei,12,2,0.8,0.1,3,300,1.0,103,2,0.08242914161186284,0.7772277227722773,0.5212765957446809,0.016697160828911532,0.0,0.0,1.0
XGBoost_single_no_coords,spatial,False,Egernia mcpheei,12,3,0.8,0.1,3,300,1.0,103,1,0.0391455816115104,0.9509803921568627,0.16666666666666666,0.010235288216779971,0.0,0.0,1.0
XGBoost_single_no_coords,spatial,False,Egernia mcpheei,12,4,0.8,0.1,3,300,1.0,102,1,0.023128804578071295,1.0,1.0,0.006941726556659643,0.0,0.0,1.0
XGBoost_single_no_coords,spatial,False,Egernia mcpheei,12,5,0.8,0.1,3,300,1.0,102,1,0.06900620147690939,0.5742574257425743,0.022727272727272728,0.01062597878361203,0.0,0.0,1.0
XGBoost_single_no_coords,spatial,False,Egernia mcpheei,13,1,0.8,0.1,5,100,0.8,103,1,0.03158823770721432,0.9803921568627452,0.3333333333333333,0.008488672799745061,0.0,0.0,1.0
XGBoost_single_no_coords,spatial,False,Egernia mcpheei,13,2,0.8,0.1,5,100,0.8,103,2,0.07192156697264138,0.905940594059406,0.5476190476190477,0.01716924591275007,0.0,0.0,1.0
XGBoost_single_no_coords,spatial,False,Egernia mcpheei,13,3,0.8,0.1,5,100,0.8,103,1,0.043360358300908904,0.9607843137254902,0.2,0.009915238663138972,0.0,0.0,1.0
XGBoost_single_no_coords,spatial,False,Egernia mcpheei,13,4,0.8,0.1,5,100,0.8,102,1,0.028321139063191447,1.0,1.0,0.007554351591020814,0.0,0.0,1.0
XGBoost_single_no_coords,spatial,False,Egernia mcpheei,13,5,0.8,0.1,5,100,0.8,102,1,0.07199013609673688,0.4356435643564357,0.017241379310344827,0.010872847549417877,0.0,0.0,1.0
XGBoost_single_no_coords,spatial,False,Egernia mcpheei,14,1,0.8,0.1,5,100,1.0,103,1,0.03821290582052772,0.9705882352941176,0.25,0.009274595307893945,0.0,0.0,1.0
XGBoost_single_no_coords,spatial,False,Egernia mcpheei,14,2,0.8,0.1,5,100,1.0,103,2,0.07615653899999564,0.7821782178217822,0.5217391304347826,0.016247736960241992,0.0,0.0,1.0
XGBoost_single_no_coords,spatial,False,Egernia mcpheei,14,3,0.8,0.1,5,100,1.0,103,1,0.04497399249696368,0.9509803921568628,0.16666666666666666,0.01020254159254755,0.0,0.0,1.0
XGBoost_single_no_coords,spatial,False,Egernia mcpheei,14,4,0.8,0.1,5,100,1.0,102,1,0.022198012981757664,1.0,1.0,0.005427396982860963,0.0,0.0,1.0
XGBoost_single_no_coords,spatial,False,Egernia mcpheei,14,5,0.8,0.1,5,100,1.0,102,1,0.068603571798256,0.6435643564356436,0.02702702702702703,0.011426329829818973,0.0,0.0,1.0
XGBoost_single_no_coords,spatial,False,Egernia mcpheei,15,1,0.8,0.1,5,300,0.8,103,1,0.031549447724045124,0.9901960784313726,0.5,0.008799281207371796,0.0,0.0,1.0
XGBoost_single_no_coords,spatial,False,Egernia mcpheei,15,2,0.8,0.1,5,300,0.8,103,2,0.07881585176290157,0.8663366336633663,0.5344827586206896,0.01728747112136157,0.0,0.0,1.0
XGBoost_single_no_coords,spatial,False,Egernia mcpheei,15,3,0.8,0.1,5,300,0.8,103,1,0.045607549706356915,0.9215686274509803,0.1111111111111111,0.010396116795035274,0.0,0.0,1.0
XGBoost_single_no_coords,spatial,False,Egernia mcpheei,15,4,0.8,0.1,5,300,0.8,102,1,0.025716464178060807,1.0,1.0,0.007499886274142646,0.0,0.0,1.0
XGBoost_single_no_coords,spatial,False,Egernia mcpheei,15,5,0.8,0.1,5,300,0.8,102,1,0.06234532463562036,0.6831683168316832,0.030303030303030304,0.010356825768816039,0.0,0.0,1.0
XGBoost_single_no_coords,spatial,False,Egernia mcpheei,16,1,0.8,0.1,5,300,1.0,103,1,0.03531690011540538,0.9901960784313726,0.5,0.009618332663084109,0.0,0.0,1.0
XGBoost_single_no_coords,spatial,False,Egernia mcpheei,16,2,0.8,0.1,5,300,1.0,103,2,0.08242914161186284,0.7772277227722773,0.5212765957446809,0.016697160828911532,0.0,0.0,1.0
XGBoost_single_no_coords,spatial,False,Egernia mcpheei,16,3,0.8,0.1,5,300,1.0,103,1,0.0391455816115104,0.9509803921568627,0.16666666666666666,0.010235288216779971,0.0,0.0,1.0
XGBoost_single_no_coords,spatial,False,Egernia mcpheei,16,4,0.8,0.1,5,300,1.0,102,1,0.023128804578071295,1.0,1.0,0.006941726556659643,0.0,0.0,1.0
XGBoost_single_no_coords,spatial,False,Egernia mcpheei,16,5,0.8,0.1,5,300,1.0,102,1,0.06900620147690939,0.5742574257425743,0.022727272727272728,0.01062597878361203,0.0,0.0,1.0
XGBoost_single_no_coords,spatial,False,Egernia mcpheei,17,1,1.0,0.03,3,100,0.8,103,1,0.036544964689069676,0.9901960784313726,0.5,0.008805838135289294,0.0,0.0,1.0
XGBoost_single_no_coords,spatial,False,Egernia mcpheei,17,2,1.0,0.03,3,100,0.8,103,2,0.09198022483827153,0.7054455445544554,0.265625,0.018772833014253327,0.0,0.0,1.0
XGBoost_single_no_coords,spatial,False,Egernia mcpheei,17,3,1.0,0.03,3,100,0.8,103,1,0.04456782121251614,0.9607843137254902,0.2,0.009349528664906273,0.0,0.0,1.0
XGBoost_single_no_coords,spatial,False,Egernia mcpheei,17,4,1.0,0.03,3,100,0.8,102,1,0.03610288307359581,0.9900990099009901,0.5,0.008554802305025637,0.0,0.0,1.0
XGBoost_single_no_coords,spatial,False,Egernia mcpheei,17,5,1.0,0.03,3,100,0.8,102,1,0.07033994558473505,0.25742574257425743,0.013157894736842105,0.010396256552450843,0.0,0.0,1.0
XGBoost_single_no_coords,spatial,False,Egernia mcpheei,18,1,1.0,0.03,3,100,1.0,103,1,0.03868972523977301,0.9705882352941176,0.25,0.009209707425119333,0.0,0.0,1.0
XGBoost_single_no_coords,spatial,False,Egernia mcpheei,18,2,1.0,0.03,3,100,1.0,103,2,0.07629447590226478,0.8811881188118812,0.5384615384615384,0.017712053621634166,0.0,0.0,1.0
XGBoost_single_no_coords,spatial,False,Egernia mcpheei,18,3,1.0,0.03,3,100,1.0,103,1,0.04000145783609917,0.9803921568627451,0.3333333333333333,0.009151144505882116,0.0,0.0,1.0
XGBoost_single_no_coords,spatial,False,Egernia mcpheei,18,4,1.0,0.03,3,100,1.0,102,1,0.03369248072129359,0.9851485148514851,0.3333333333333333,0.008224351903353414,0.0,0.0,1.0
XGBoost_single_no_coords,spatial,False,Egernia mcpheei,18,5,1.0,0.03,3,100,1.0,102,1,0.07555186348934369,0.34158415841584155,0.014705882352941176,0.011557450654199443,0.0,0.0,1.0
XGBoost_single_no_coords,spatial,False,Egernia mcpheei,19,1,1.0,0.03,3,300,0.8,103,1,0.03048281237887036,0.9901960784313726,0.5,0.008313354084206673,0.0,0.0,1.0
XGBoost_single_no_coords,spatial,False,Egernia mcpheei,19,2,1.0,0.03,3,300,0.8,103,2,0.07485310287258924,0.8712871287128713,0.5357142857142857,0.017406136105269313,0.0,0.0,1.0
XGBoost_single_no_coords,spatial,False,Egernia mcpheei,19,3,1.0,0.03,3,300,0.8,103,1,0.04343801859238604,0.9509803921568628,0.16666666666666666,0.009864194306610041,0.0,0.0,1.0
XGBoost_single_no_coords,spatial,False,Egernia mcpheei,19,4,1.0,0.03,3,300,0.8,102,1,0.02553183858106934,1.0,1.0,0.006636260019851362,0.0,0.0,1.0
XGBoost_single_no_coords,spatial,False,Egernia mcpheei,19,5,1.0,0.03,3,300,0.8,102,1,0.072940246344214,0.4653465346534653,0.01818181818181818,0.011295475109755265,0.0,0.0,1.0
XGBoost_single_no_coords,spatial,False,Egernia mcpheei,20,1,1.0,0.03,3,300,1.0,103,1,0.03591002897394806,0.9803921568627452,0.3333333333333333,0.009010240306767552,0.0,0.0,1.0
XGBoost_single_no_coords,spatial,False,Egernia mcpheei,20,2,1.0,0.03,3,300,1.0,103,2,0.07802667322147677,0.7772277227722773,0.5212765957446809,0.01693507877670988,0.0,0.0,1.0
XGBoost_single_no_coords,spatial,False,Egernia mcpheei,20,3,1.0,0.03,3,300,1.0,103,1,0.04425511051252992,0.9607843137254902,0.2,0.009930496526660086,0.0,0.0,1.0
XGBoost_single_no_coords,spatial,False,Egernia mcpheei,20,4,1.0,0.03,3,300,1.0,102,1,0.025166981053966253,1.0,1.0,0.006571033169183832,0.0,0.0,1.0
XGBoost_single_no_coords,spatial,False,Egernia mcpheei,20,5,1.0,0.03,3,300,1.0,102,1,0.07078228475432588,0.5742574257425743,0.022727272727272728,0.011780536827399102,0.0,0.0,1.0
XGBoost_single_no_coords,spatial,False,Egernia mcpheei,21,1,1.0,0.03,5,100,0.8,103,1,0.036544964689069676,0.9901960784313726,0.5,0.008805838135289294,0.0,0.0,1.0
XGBoost_single_no_coords,spatial,False,Egernia mcpheei,21,2,1.0,0.03,5,100,0.8,103,2,0.09198022483827153,0.7054455445544554,0.265625,0.018772833014253327,0.0,0.0,1.0
XGBoost_single_no_coords,spatial,False,Egernia mcpheei,21,3,1.0,0.03,5,100,0.8,103,1,0.04456782121251614,0.9607843137254902,0.2,0.009349528664906273,0.0,0.0,1.0
XGBoost_single_no_coords,spatial,False,Egernia mcpheei,21,4,1.0,0.03,5,100,0.8,102,1,0.03610288307359581,0.9900990099009901,0.5,0.008554802305025637,0.0,0.0,1.0
XGBoost_single_no_coords,spatial,False,Egernia mcpheei,21,5,1.0,0.03,5,100,0.8,102,1,0.07033994558473505,0.25742574257425743,0.013157894736842105,0.010396256552450843,0.0,0.0,1.0
XGBoost_single_no_coords,spatial,False,Egernia mcpheei,22,1,1.0,0.03,5,100,1.0,103,1,0.03868972523977301,0.9705882352941176,0.25,0.009209707425119333,0.0,0.0,1.0
XGBoost_single_no_coords,spatial,False,Egernia mcpheei,22,2,1.0,0.03,5,100,1.0,103,2,0.07629447590226478,0.8811881188118812,0.5384615384615384,0.017712053621634166,0.0,0.0,1.0
XGBoost_single_no_coords,spatial,False,Egernia mcpheei,22,3,1.0,0.03,5,100,1.0,103,1,0.04000145783609917,0.9803921568627451,0.3333333333333333,0.009151144505882116,0.0,0.0,1.0
XGBoost_single_no_coords,spatial,False,Egernia mcpheei,22,4,1.0,0.03,5,100,1.0,102,1,0.03369248072129359,0.9851485148514851,0.3333333333333333,0.008224351903353414,0.0,0.0,1.0
XGBoost_single_no_coords,spatial,False,Egernia mcpheei,22,5,1.0,0.03,5,100,1.0,102,1,0.07555186348934369,0.34158415841584155,0.014705882352941176,0.011557450654199443,0.0,0.0,1.0
XGBoost_single_no_coords,spatial,False,Egernia mcpheei,23,1,1.0,0.03,5,300,0.8,103,1,0.03048281237887036,0.9901960784313726,0.5,0.008313354084206673,0.0,0.0,1.0
XGBoost_single_no_coords,spatial,False,Egernia mcpheei,23,2,1.0,0.03,5,300,0.8,103,2,0.07485310287258924,0.8712871287128713,0.5357142857142857,0.017406136105269313,0.0,0.0,1.0
XGBoost_single_no_coords,spatial,False,Egernia mcpheei,23,3,1.0,0.03,5,300,0.8,103,1,0.04343801859238604,0.9509803921568628,0.16666666666666666,0.009864194306610041,0.0,0.0,1.0
XGBoost_single_no_coords,spatial,False,Egernia mcpheei,23,4,1.0,0.03,5,300,0.8,102,1,0.02553183858106934,1.0,1.0,0.006636260019851362,0.0,0.0,1.0
XGBoost_single_no_coords,spatial,False,Egernia mcpheei,23,5,1.0,0.03,5,300,0.8,102,1,0.072940246344214,0.4653465346534653,0.01818181818181818,0.011295475109755265,0.0,0.0,1.0
XGBoost_single_no_coords,spatial,False,Egernia mcpheei,24,1,1.0,0.03,5,300,1.0,103,1,0.03591002897394806,0.9803921568627452,0.3333333333333333,0.009010240306767552,0.0,0.0,1.0
XGBoost_single_no_coords,spatial,False,Egernia mcpheei,24,2,1.0,0.03,5,300,1.0,103,2,0.07802667322147677,0.7772277227722773,0.5212765957446809,0.01693507877670988,0.0,0.0,1.0
XGBoost_single_no_coords,spatial,False,Egernia mcpheei,24,3,1.0,0.03,5,300,1.0,103,1,0.04425511051252992,0.9607843137254902,0.2,0.009930496526660086,0.0,0.0,1.0
XGBoost_single_no_coords,spatial,False,Egernia mcpheei,24,4,1.0,0.03,5,300,1.0,102,1,0.025166981053966253,1.0,1.0,0.006571033169183832,0.0,0.0,1.0
XGBoost_single_no_coords,spatial,False,Egernia mcpheei,24,5,1.0,0.03,5,300,1.0,102,1,0.07078228475432588,0.5742574257425743,0.022727272727272728,0.011780536827399102,0.0,0.0,1.0
XGBoost_single_no_coords,spatial,False,Egernia mcpheei,25,1,1.0,0.1,3,100,0.8,103,1,0.03241226890428025,0.9803921568627452,0.3333333333333333,0.008671368182127956,0.0,0.0,1.0
XGBoost_single_no_coords,spatial,False,Egernia mcpheei,25,2,1.0,0.1,3,100,0.8,103,2,0.0770331796321541,0.8564356435643565,0.532258064516129,0.017474054451454835,0.0,0.0,1.0
XGBoost_single_no_coords,spatial,False,Egernia mcpheei,25,3,1.0,0.1,3,100,0.8,103,1,0.048066603586343064,0.911764705882353,0.1,0.0102036902102847,0.0,0.0,1.0
XGBoost_single_no_coords,spatial,False,Egernia mcpheei,25,4,1.0,0.1,3,100,0.8,102,1,0.027558086697646894,1.0,1.0,0.007317168580237944,0.0,0.0,1.0
XGBoost_single_no_coords,spatial,False,Egernia mcpheei,25,5,1.0,0.1,3,100,0.8,102,1,0.07106514860134647,0.48514851485148514,0.018867924528301886,0.011216896760147838,0.0,0.0,1.0
XGBoost_single_no_coords,spatial,False,Egernia mcpheei,26,1,1.0,0.1,3,100,1.0,103,1,0.03632966537525932,0.9803921568627452,0.3333333333333333,0.009078232151365223,0.0,0.0,1.0
XGBoost_single_no_coords,spatial,False,Egernia mcpheei,26,2,1.0,0.1,3,100,1.0,103,2,0.07913790738019039,0.7722772277227723,0.5208333333333334,0.016876331584168524,0.0,0.0,1.0
XGBoost_single_no_coords,spatial,False,Egernia mcpheei,26,3,1.0,0.1,3,100,1.0,103,1,0.045029410187506905,0.9607843137254902,0.2,0.010162194738971087,0.0,0.0,1.0
XGBoost_single_no_coords,spatial,False,Egernia mcpheei,26,4,1.0,0.1,3,100,1.0,102,1,0.024634949764064964,1.0,1.0,0.006521007133841346,0.0,0.0,1.0
XGBoost_single_no_coords,spatial,False,Egernia mcpheei,26,5,1.0,0.1,3,100,1.0,102,1,0.07181145618666988,0.5445544554455446,0.02127659574468085,0.011628330661651854,0.0,0.0,1.0
XGBoost_single_no_coords,spatial,False,Egernia mcpheei,27,1,1.0,0.1,3,300,0.8,103,1,0.032339979647973006,0.9901960784313726,0.5,0.008935228148697762,0.0,0.0,1.0
XGBoost_single_no_coords,spatial,False,Egernia mcpheei,27,2,1.0,0.1,3,300,0.8,103,2,0.0857069759095585,0.8217821782178218,0.27702702702702703,0.017883306368997577,0.0,0.0,1.0
XGBoost_single_no_coords,spatial,False,Egernia mcpheei,27,3,1.0,0.1,3,300,0.8,103,1,0.04889873657438833,0.9215686274509803,0.1111111111111111,0.010682344765927365,0.0,0.0,1.0
XGBoost_single_no_coords,spatial,False,Egernia mcpheei,27,4,1.0,0.1,3,300,0.8,102,1,0.024618444775593672,1.0,1.0,0.007228588616925245,0.0,0.0,1.0
XGBoost_single_no_coords,spatial,False,Egernia mcpheei,27,5,1.0,0.1,3,300,0.8,102,1,0.06463212270446196,0.6435643564356436,0.02702702702702703,0.010299338412722832,0.0,0.0,1.0
XGBoost_single_no_coords,spatial,False,Egernia mcpheei,28,1,1.0,0.1,3,300,1.0,103,1,0.04011406985153618,0.9705882352941176,0.25,0.010152493245694439,0.0,0.0,1.0
XGBoost_single_no_coords,spatial,False,Egernia mcpheei,28,2,1.0,0.1,3,300,1.0,103,2,0.08317376318219949,0.7821782178217822,0.5217391304347826,0.016996355673006388,0.0,0.0,1.0
XGBoost_single_no_coords,spatial,False,Egernia mcpheei,28,3,1.0,0.1,3,300,1.0,103,1,0.038997311263680626,0.9607843137254901,0.2,0.009926904866958998,0.0,0.0,1.0
XGBoost_single_no_coords,spatial,False,Egernia mcpheei,28,4,1.0,0.1,3,300,1.0,102,1,0.028355341764633293,0.9900990099009901,0.5,0.00820427117617317,0.0,0.0,1.0
XGBoost_single_no_coords,spatial,False,Egernia mcpheei,28,5,1.0,0.1,3,300,1.0,102,1,0.07240931067442706,0.49504950495049505,0.019230769230769232,0.010710094595350841,0.0,0.0,1.0
XGBoost_single_no_coords,spatial,False,Egernia mcpheei,29,1,1.0,0.1,5,100,0.8,103,1,0.03241226890428025,0.9803921568627452,0.3333333333333333,0.008671368182127956,0.0,0.0,1.0
XGBoost_single_no_coords,spatial,False,Egernia mcpheei,29,2,1.0,0.1,5,100,0.8,103,2,0.0770331796321541,0.8564356435643565,0.532258064516129,0.017474054451454835,0.0,0.0,1.0
XGBoost_single_no_coords,spatial,False,Egernia mcpheei,29,3,1.0,0.1,5,100,0.8,103,1,0.048066603586343064,0.911764705882353,0.1,0.0102036902102847,0.0,0.0,1.0
XGBoost_single_no_coords,spatial,False,Egernia mcpheei,29,4,1.0,0.1,5,100,0.8,102,1,0.027558086697646894,1.0,1.0,0.007317168580237944,0.0,0.0,1.0
XGBoost_single_no_coords,spatial,False,Egernia mcpheei,29,5,1.0,0.1,5,100,0.8,102,1,0.07106514860134647,0.48514851485148514,0.018867924528301886,0.011216896760147838,0.0,0.0,1.0
XGBoost_single_no_coords,spatial,False,Egernia mcpheei,30,1,1.0,0.1,5,100,1.0,103,1,0.03632966537525932,0.9803921568627452,0.3333333333333333,0.009078232151365223,0.0,0.0,1.0
XGBoost_single_no_coords,spatial,False,Egernia mcpheei,30,2,1.0,0.1,5,100,1.0,103,2,0.07913790738019039,0.7722772277227723,0.5208333333333334,0.016876331584168524,0.0,0.0,1.0
XGBoost_single_no_coords,spatial,False,Egernia mcpheei,30,3,1.0,0.1,5,100,1.0,103,1,0.045029410187506905,0.9607843137254902,0.2,0.010162194738971087,0.0,0.0,1.0
XGBoost_single_no_coords,spatial,False,Egernia mcpheei,30,4,1.0,0.1,5,100,1.0,102,1,0.024634949764064964,1.0,1.0,0.006521007133841346,0.0,0.0,1.0
XGBoost_single_no_coords,spatial,False,Egernia mcpheei,30,5,1.0,0.1,5,100,1.0,102,1,0.07181145618666988,0.5445544554455446,0.02127659574468085,0.011628330661651854,0.0,0.0,1.0
XGBoost_single_no_coords,spatial,False,Egernia mcpheei,31,1,1.0,0.1,5,300,0.8,103,1,0.032339979647973006,0.9901960784313726,0.5,0.008935228148697762,0.0,0.0,1.0
XGBoost_single_no_coords,spatial,False,Egernia mcpheei,31,2,1.0,0.1,5,300,0.8,103,2,0.0857069759095585,0.8217821782178218,0.27702702702702703,0.017883306368997577,0.0,0.0,1.0
XGBoost_single_no_coords,spatial,False,Egernia mcpheei,31,3,1.0,0.1,5,300,0.8,103,1,0.04889873657438833,0.9215686274509803,0.1111111111111111,0.010682344765927365,0.0,0.0,1.0
XGBoost_single_no_coords,spatial,False,Egernia mcpheei,31,4,1.0,0.1,5,300,0.8,102,1,0.024618444775593672,1.0,1.0,0.007228588616925245,0.0,0.0,1.0
XGBoost_single_no_coords,spatial,False,Egernia mcpheei,31,5,1.0,0.1,5,300,0.8,102,1,0.06463212270446196,0.6435643564356436,0.02702702702702703,0.010299338412722832,0.0,0.0,1.0
XGBoost_single_no_coords,spatial,False,Egernia mcpheei,32,1,1.0,0.1,5,300,1.0,103,1,0.04011406985153618,0.9705882352941176,0.25,0.010152493245694439,0.0,0.0,1.0
XGBoost_single_no_coords,spatial,False,Egernia mcpheei,32,2,1.0,0.1,5,300,1.0,103,2,0.08317376318219949,0.7821782178217822,0.5217391304347826,0.016996355673006388,0.0,0.0,1.0
XGBoost_single_no_coords,spatial,False,Egernia mcpheei,32,3,1.0,0.1,5,300,1.0,103,1,0.038997311263680626,0.9607843137254901,0.2,0.009926904866958998,0.0,0.0,1.0
XGBoost_single_no_coords,spatial,False,Egernia mcpheei,32,4,1.0,0.1,5,300,1.0,102,1,0.028355341764633293,0.9900990099009901,0.5,0.00820427117617317,0.0,0.0,1.0
XGBoost_single_no_coords,spatial,False,Egernia mcpheei,32,5,1.0,0.1,5,300,1.0,102,1,0.07240931067442706,0.49504950495049505,0.019230769230769232,0.010710094595350841,0.0,0.0,1.0
XGBoost_single_no_coords,spatial,False,Eulamprus murrayi,1,1,0.8,0.03,3,100,0.8,102,0,0.007171120254341302,,,6.395637216096645e-05,0.0,,1.0
XGBoost_single_no_coords,spatial,False,Eulamprus murrayi,1,2,0.8,0.03,3,100,0.8,103,1,0.05655828376833559,0.5,0.009708737864077669,0.009638162684607588,0.0,0.0,1.0
XGBoost_single_no_coords,spatial,False,Eulamprus murrayi,1,3,0.8,0.03,3,100,0.8,103,1,0.05623027493219948,0.5,0.009708737864077669,0.009634891071309928,0.0,0.0,1.0
XGBoost_single_no_coords,spatial,False,Eulamprus murrayi,1,4,0.8,0.03,3,100,0.8,102,0,0.007969665947320525,,,9.257879633019704e-05,0.0,,1.0
XGBoost_single_no_coords,spatial,False,Eulamprus murrayi,1,5,0.8,0.03,3,100,0.8,103,1,0.056702905439980855,0.5,0.009708737864077669,0.00963953632153937,0.0,0.0,1.0
XGBoost_single_no_coords,spatial,False,Eulamprus murrayi,2,1,0.8,0.03,3,100,1.0,102,0,0.006959114966712647,,,6.674102126706201e-05,0.0,,1.0
XGBoost_single_no_coords,spatial,False,Eulamprus murrayi,2,2,0.8,0.03,3,100,1.0,103,1,0.05652221823961461,0.5,0.009708737864077669,0.009637813830142714,0.0,0.0,1.0
XGBoost_single_no_coords,spatial,False,Eulamprus murrayi,2,3,0.8,0.03,3,100,1.0,103,1,0.056522218239614605,0.5,0.009708737864077669,0.009637813830142712,0.0,0.0,1.0
XGBoost_single_no_coords,spatial,False,Eulamprus murrayi,2,4,0.8,0.03,3,100,1.0,102,0,0.008025466191759843,,,9.886420828751772e-05,0.0,,1.0
XGBoost_single_no_coords,spatial,False,Eulamprus murrayi,2,5,0.8,0.03,3,100,1.0,103,1,0.05652221823961462,0.5,0.009708737864077669,0.009637813830142715,0.0,0.0,1.0
XGBoost_single_no_coords,spatial,False,Eulamprus murrayi,3,1,0.8,0.03,3,300,0.8,102,0,0.007496208092110626,,,0.0001294417514701217,0.0,,1.0
XGBoost_single_no_coords,spatial,False,Eulamprus murrayi,3,2,0.8,0.03,3,300,0.8,103,1,0.05637536047945711,0.5,0.009708737864077669,0.00963636615420273,0.0,0.0,1.0
XGBoost_single_no_coords,spatial,False,Eulamprus murrayi,3,3,0.8,0.03,3,300,0.8,103,1,0.05644203922951242,0.5,0.009708737864077669,0.009637028943211695,0.0,0.0,1.0
XGBoost_single_no_coords,spatial,False,Eulamprus murrayi,3,4,0.8,0.03,3,300,0.8,102,0,0.0071245742541233255,,,0.00015389399232040897,0.0,,1.0
XGBoost_single_no_coords,spatial,False,Eulamprus murrayi,3,5,0.8,0.03,3,300,0.8,103,1,0.056510315024628076,0.5,0.009708737864077669,0.009637698126479377,0.0,0.0,1.0
XGBoost_single_no_coords,spatial,False,Eulamprus murrayi,4,1,0.8,0.03,3,300,1.0,102,0,0.0070175961631719136,,,0.00011678880416754966,0.0,,1.0
XGBoost_single_no_coords,spatial,False,Eulamprus murrayi,4,2,0.8,0.03,3,300,1.0,103,1,0.05652221823961461,0.5,0.009708737864077669,0.009637813830142714,0.0,0.0,1.0
XGBoost_single_no_coords,spatial,False,Eulamprus murrayi,4,3,0.8,0.03,3,300,1.0,103,1,0.056522218239614605,0.5,0.009708737864077669,0.009637813830142712,0.0,0.0,1.0
XGBoost_single_no_coords,spatial,False,Eulamprus murrayi,4,4,0.8,0.03,3,300,1.0,102,0,0.0072535858824779266,,,0.00015195774208060528,0.0,,1.0
XGBoost_single_no_coords,spatial,False,Eulamprus murrayi,4,5,0.8,0.03,3,300,1.0,103,1,0.05652221823961462,0.5,0.009708737864077669,0.009637813830142715,0.0,0.0,1.0
XGBoost_single_no_coords,spatial,False,Eulamprus murrayi,5,1,0.8,0.03,5,100,0.8,102,0,0.007171120254341302,,,6.395637216096645e-05,0.0,,1.0
XGBoost_single_no_coords,spatial,False,Eulamprus murrayi,5,2,0.8,0.03,5,100,0.8,103,1,0.05655828376833559,0.5,0.009708737864077669,0.009638162684607588,0.0,0.0,1.0
XGBoost_single_no_coords,spatial,False,Eulamprus murrayi,5,3,0.8,0.03,5,100,0.8,103,1,0.05623027493219948,0.5,0.009708737864077669,0.009634891071309928,0.0,0.0,1.0
XGBoost_single_no_coords,spatial,False,Eulamprus murrayi,5,4,0.8,0.03,5,100,0.8,102,0,0.007969665947320525,,,9.257879633019704e-05,0.0,,1.0
XGBoost_single_no_coords,spatial,False,Eulamprus murrayi,5,5,0.8,0.03,5,100,0.8,103,1,0.056702905439980855,0.5,0.009708737864077669,0.00963953632153937,0.0,0.0,1.0
XGBoost_single_no_coords,spatial,False,Eulamprus murrayi,6,1,0.8,0.03,5,100,1.0,102,0,0.006959114966712647,,,6.674102126706201e-05,0.0,,1.0
XGBoost_single_no_coords,spatial,False,Eulamprus murrayi,6,2,0.8,0.03,5,100,1.0,103,1,0.05652221823961461,0.5,0.009708737864077669,0.009637813830142714,0.0,0.0,1.0
XGBoost_single_no_coords,spatial,False,Eulamprus murrayi,6,3,0.8,0.03,5,100,1.0,103,1,0.056522218239614605,0.5,0.009708737864077669,0.009637813830142712,0.0,0.0,1.0
XGBoost_single_no_coords,spatial,False,Eulamprus murrayi,6,4,0.8,0.03,5,100,1.0,102,0,0.008025466191759843,,,9.886420828751772e-05,0.0,,1.0
XGBoost_single_no_coords,spatial,False,Eulamprus murrayi,6,5,0.8,0.03,5,100,1.0,103,1,0.05652221823961462,0.5,0.009708737864077669,0.009637813830142715,0.0,0.0,1.0
XGBoost_single_no_coords,spatial,False,Eulamprus murrayi,7,1,0.8,0.03,5,300,0.8,102,0,0.007496208092110626,,,0.0001294417514701217,0.0,,1.0
XGBoost_single_no_coords,spatial,False,Eulamprus murrayi,7,2,0.8,0.03,5,300,0.8,103,1,0.05637536047945711,0.5,0.009708737864077669,0.00963636615420273,0.0,0.0,1.0
XGBoost_single_no_coords,spatial,False,Eulamprus murrayi,7,3,0.8,0.03,5,300,0.8,103,1,0.05644203922951242,0.5,0.009708737864077669,0.009637028943211695,0.0,0.0,1.0
XGBoost_single_no_coords,spatial,False,Eulamprus murrayi,7,4,0.8,0.03,5,300,0.8,102,0,0.0071245742541233255,,,0.00015389399232040897,0.0,,1.0
XGBoost_single_no_coords,spatial,False,Eulamprus murrayi,7,5,0.8,0.03,5,300,0.8,103,1,0.056510315024628076,0.5,0.009708737864077669,0.009637698126479377,0.0,0.0,1.0
XGBoost_single_no_coords,spatial,False,Eulamprus murrayi,8,1,0.8,0.03,5,300,1.0,102,0,0.0070175961631719136,,,0.00011678880416754966,0.0,,1.0
XGBoost_single_no_coords,spatial,False,Eulamprus murrayi,8,2,0.8,0.03,5,300,1.0,103,1,0.05652221823961461,0.5,0.009708737864077669,0.009637813830142714,0.0,0.0,1.0
XGBoost_single_no_coords,spatial,False,Eulamprus murrayi,8,3,0.8,0.03,5,300,1.0,103,1,0.056522218239614605,0.5,0.009708737864077669,0.009637813830142712,0.0,0.0,1.0
XGBoost_single_no_coords,spatial,False,Eulamprus murrayi,8,4,0.8,0.03,5,300,1.0,102,0,0.0072535858824779266,,,0.00015195774208060528,0.0,,1.0
XGBoost_single_no_coords,spatial,False,Eulamprus murrayi,8,5,0.8,0.03,5,300,1.0,103,1,0.05652221823961462,0.5,0.009708737864077669,0.009637813830142715,0.0,0.0,1.0
XGBoost_single_no_coords,spatial,False,Eulamprus murrayi,9,1,0.8,0.1,3,100,0.8,102,0,0.007433270430836645,,,0.00013804574588863923,0.0,,1.0
XGBoost_single_no_coords,spatial,False,Eulamprus murrayi,9,2,0.8,0.1,3,100,0.8,103,1,0.05659946427262095,0.5,0.009708737864077669,0.009638557898075205,0.0,0.0,1.0
XGBoost_single_no_coords,spatial,False,Eulamprus murrayi,9,3,0.8,0.1,3,100,0.8,103,1,0.05606234120094367,0.5,0.009708737864077669,0.009633123965857124,0.0,0.0,1.0
XGBoost_single_no_coords,spatial,False,Eulamprus murrayi,9,4,0.8,0.1,3,100,0.8,102,0,0.007772808384218836,,,0.00023184843617761206,0.0,,1.0
XGBoost_single_no_coords,spatial,False,Eulamprus murrayi,9,5,0.8,0.1,3,100,0.8,103,1,0.056719021896924716,0.5,0.009708737864077669,0.009639686957868284,0.0,0.0,1.0
XGBoost_single_no_coords,spatial,False,Eulamprus murrayi,10,1,0.8,0.1,3,100,1.0,102,0,0.006975217335271297,,,0.00012070597362713955,0.0,,1.0
XGBoost_single_no_coords,spatial,False,Eulamprus murrayi,10,2,0.8,0.1,3,100,1.0,103,1,0.05652221823961461,0.5,0.009708737864077669,0.009637813830142714,0.0,0.0,1.0
XGBoost_single_no_coords,spatial,False,Eulamprus murrayi,10,3,0.8,0.1,3,100,1.0,103,1,0.056522218239614605,0.5,0.009708737864077669,0.009637813830142712,0.0,0.0,1.0
XGBoost_single_no_coords,spatial,False,Eulamprus murrayi,10,4,0.8,0.1,3,100,1.0,102,0,0.007213061752210124,,,0.0001577782839866152,0.0,,1.0
XGBoost_single_no_coords,spatial,False,Eulamprus murrayi,10,5,0.8,0.1,3,100,1.0,103,1,0.05652221823961462,0.5,0.009708737864077669,0.009637813830142715,0.0,0.0,1.0
XGBoost_single_no_coords,spatial,False,Eulamprus murrayi,11,1,0.8,0.1,3,300,0.8,102,0,0.0081411112205943,,,0.00025530043380493064,0.0,,1.0
XGBoost_single_no_coords,spatial,False,Eulamprus murrayi,11,2,0.8,0.1,3,300,0.8,103,1,0.056179659824258085,0.5,0.009708737864077669,0.009634365423704222,0.0,0.0,1.0
XGBoost_single_no_coords,spatial,False,Eulamprus murrayi,11,3,0.8,0.1,3,300,0.8,103,1,0.05653890787815519,0.5,0.009708737864077669,0.009637975585072322,0.0,0.0,1.0
XGBoost_single_no_coords,spatial,False,Eulamprus murrayi,11,4,0.8,0.1,3,300,0.8,102,0,0.005856972365211339,,,0.00012127312014557626,0.0,,1.0
XGBoost_single_no_coords,spatial,False,Eulamprus murrayi,11,5,0.8,0.1,3,300,0.8,103,1,0.05659403847043923,0.5,0.009708737864077669,0.009638506014372933,0.0,0.0,1.0
XGBoost_single_no_coords,spatial,False,Eulamprus murrayi,12,1,0.8,0.1,3,300,1.0,102,0,0.006677698272323128,,,0.00014211524719881337,0.0,,1.0
XGBoost_single_no_coords,spatial,False,Eulamprus murrayi,12,2,0.8,0.1,3,300,1.0,103,1,0.05652221823961461,0.5,0.009708737864077669,0.009637813830142714,0.0,0.0,1.0
XGBoost_single_no_coords,spatial,False,Eulamprus murrayi,12,3,0.8,0.1,3,300,1.0,103,1,0.056522218239614605,0.5,0.009708737864077669,0.009637813830142712,0.0,0.0,1.0
XGBoost_single_no_coords,spatial,False,Eulamprus murrayi,12,4,0.8,0.1,3,300,1.0,102,0,0.005881011325636782,,,0.00011502972183577948,0.0,,1.0
XGBoost_single_no_coords,spatial,False,Eulamprus murrayi,12,5,0.8,0.1,3,300,1.0,103,1,0.05652221823961462,0.5,0.009708737864077669,0.009637813830142715,0.0,0.0,1.0
XGBoost_single_no_coords,spatial,False,Eulamprus murrayi,13,1,0.8,0.1,5,100,0.8,102,0,0.007433270430836645,,,0.00013804574588863923,0.0,,1.0
XGBoost_single_no_coords,spatial,False,Eulamprus murrayi,13,2,0.8,0.1,5,100,0.8,103,1,0.05659946427262095,0.5,0.009708737864077669,0.009638557898075205,0.0,0.0,1.0
XGBoost_single_no_coords,spatial,False,Eulamprus murrayi,13,3,0.8,0.1,5,100,0.8,103,1,0.05606234120094367,0.5,0.009708737864077669,0.009633123965857124,0.0,0.0,1.0
XGBoost_single_no_coords,spatial,False,Eulamprus murrayi,13,4,0.8,0.1,5,100,0.8,102,0,0.007772808384218836,,,0.00023184843617761206,0.0,,1.0
XGBoost_single_no_coords,spatial,False,Eulamprus murrayi,13,5,0.8,0.1,5,100,0.8,103,1,0.056719021896924716,0.5,0.009708737864077669,0.009639686957868284,0.0,0.0,1.0
XGBoost_single_no_coords,spatial,False,Eulamprus murrayi,14,1,0.8,0.1,5,100,1.0,102,0,0.006975217335271297,,,0.00012070597362713955,0.0,,1.0
XGBoost_single_no_coords,spatial,False,Eulamprus murrayi,14,2,0.8,0.1,5,100,1.0,103,1,0.05652221823961461,0.5,0.009708737864077669,0.009637813830142714,0.0,0.0,1.0
XGBoost_single_no_coords,spatial,False,Eulamprus murrayi,14,3,0.8,0.1,5,100,1.0,103,1,0.056522218239614605,0.5,0.009708737864077669,0.009637813830142712,0.0,0.0,1.0
XGBoost_single_no_coords,spatial,False,Eulamprus murrayi,14,4,0.8,0.1,5,100,1.0,102,0,0.007213061752210124,,,0.0001577782839866152,0.0,,1.0
XGBoost_single_no_coords,spatial,False,Eulamprus murrayi,14,5,0.8,0.1,5,100,1.0,103,1,0.05652221823961462,0.5,0.009708737864077669,0.009637813830142715,0.0,0.0,1.0
XGBoost_single_no_coords,spatial,False,Eulamprus murrayi,15,1,0.8,0.1,5,300,0.8,102,0,0.0081411112205943,,,0.00025530043380493064,0.0,,1.0
XGBoost_single_no_coords,spatial,False,Eulamprus murrayi,15,2,0.8,0.1,5,300,0.8,103,1,0.056179659824258085,0.5,0.009708737864077669,0.009634365423704222,0.0,0.0,1.0
XGBoost_single_no_coords,spatial,False,Eulamprus murrayi,15,3,0.8,0.1,5,300,0.8,103,1,0.05653890787815519,0.5,0.009708737864077669,0.009637975585072322,0.0,0.0,1.0
XGBoost_single_no_coords,spatial,False,Eulamprus murrayi,15,4,0.8,0.1,5,300,0.8,102,0,0.005856972365211339,,,0.00012127312014557626,0.0,,1.0
XGBoost_single_no_coords,spatial,False,Eulamprus murrayi,15,5,0.8,0.1,5,300,0.8,103,1,0.05659403847043923,0.5,0.009708737864077669,0.009638506014372933,0.0,0.0,1.0
XGBoost_single_no_coords,spatial,False,Eulamprus murrayi,16,1,0.8,0.1,5,300,1.0,102,0,0.006677698272323128,,,0.00014211524719881337,0.0,,1.0
XGBoost_single_no_coords,spatial,False,Eulamprus murrayi,16,2,0.8,0.1,5,300,1.0,103,1,0.05652221823961461,0.5,0.009708737864077669,0.009637813830142714,0.0,0.0,1.0
XGBoost_single_no_coords,spatial,False,Eulamprus murrayi,16,3,0.8,0.1,5,300,1.0,103,1,0.056522218239614605,0.5,0.009708737864077669,0.009637813830142712,0.0,0.0,1.0
XGBoost_single_no_coords,spatial,False,Eulamprus murrayi,16,4,0.8,0.1,5,300,1.0,102,0,0.005881011325636782,,,0.00011502972183577948,0.0,,1.0
XGBoost_single_no_coords,spatial,False,Eulamprus murrayi,16,5,0.8,0.1,5,300,1.0,103,1,0.05652221823961462,0.5,0.009708737864077669,0.009637813830142715,0.0,0.0,1.0
XGBoost_single_no_coords,spatial,False,Eulamprus murrayi,17,1,1.0,0.03,3,100,0.8,102,0,0.006947317043434845,,,6.746573713563231e-05,0.0,,1.0
XGBoost_single_no_coords,spatial,False,Eulamprus murrayi,17,2,1.0,0.03,3,100,0.8,103,1,0.05658576182161944,0.5,0.009708737864077669,0.009638426760070512,0.0,0.0,1.0
XGBoost_single_no_coords,spatial,False,Eulamprus murrayi,17,3,1.0,0.03,3,100,0.8,103,1,0.05641788390734166,0.5,0.009708737864077669,0.009636789909272933,0.0,0.0,1.0
XGBoost_single_no_coords,spatial,False,Eulamprus murrayi,17,4,1.0,0.03,3,100,0.8,102,0,0.007805973133678104,,,8.365500944963832e-05,0.0,,1.0
XGBoost_single_no_coords,spatial,False,Eulamprus murrayi,17,5,1.0,0.03,3,100,0.8,103,1,0.05671968089917314,0.5,0.009708737864077669,0.009639693107193465,0.0,0.0,1.0
XGBoost_single_no_coords,spatial,False,Eulamprus murrayi,18,1,1.0,0.03,3,100,1.0,102,0,0.0068907257603281384,,,6.519061555635397e-05,0.0,,1.0
XGBoost_single_no_coords,spatial,False,Eulamprus murrayi,18,2,1.0,0.03,3,100,1.0,103,1,0.05652221823961461,0.5,0.009708737864077669,0.009637813830142714,0.0,0.0,1.0
XGBoost_single_no_coords,spatial,False,Eulamprus murrayi,18,3,1.0,0.03,3,100,1.0,103,1,0.056522218239614605,0.5,0.009708737864077669,0.009637813830142712,0.0,0.0,1.0
XGBoost_single_no_coords,spatial,False,Eulamprus murrayi,18,4,1.0,0.03,3,100,1.0,102,0,0.008038777607466673,,,9.943906775354782e-05,0.0,,1.0
XGBoost_single_no_coords,spatial,False,Eulamprus murrayi,18,5,1.0,0.03,3,100,1.0,103,1,0.05652221823961462,0.5,0.009708737864077669,0.009637813830142715,0.0,0.0,1.0
XGBoost_single_no_coords,spatial,False,Eulamprus murrayi,19,1,1.0,0.03,3,300,0.8,102,0,0.007201772317716147,,,0.00014055702613900343,0.0,,1.0
XGBoost_single_no_coords,spatial,False,Eulamprus murrayi,19,2,1.0,0.03,3,300,0.8,103,1,0.056528704327930064,0.5,0.009708737864077669,0.009637876758550573,0.0,0.0,1.0
XGBoost_single_no_coords,spatial,False,Eulamprus murrayi,19,3,1.0,0.03,3,300,0.8,103,1,0.056591811669012795,0.5,0.009708737864077669,0.009638484704338495,0.0,0.0,1.0
XGBoost_single_no_coords,spatial,False,Eulamprus murrayi,19,4,1.0,0.03,3,300,0.8,102,0,0.007180956823836527,,,0.00016208968485395157,0.0,,1.0
XGBoost_single_no_coords,spatial,False,Eulamprus murrayi,19,5,1.0,0.03,3,300,0.8,103,1,0.0563709167011623,0.5,0.009708737864077669,0.009636321651184538,0.0,0.0,1.0
XGBoost_single_no_coords,spatial,False,Eulamprus murrayi,20,1,1.0,0.03,3,300,1.0,102,0,0.006948933758061127,,,0.00011215059863368538,0.0,,1.0
XGBoost_single_no_coords,spatial,False,Eulamprus murrayi,20,2,1.0,0.03,3,300,1.0,103,1,0.05652221823961461,0.5,0.009708737864077669,0.009637813830142714,0.0,0.0,1.0
XGBoost_single_no_coords,spatial,False,Eulamprus murrayi,20,3,1.0,0.03,3,300,1.0,103,1,0.056522218239614605,0.5,0.009708737864077669,0.009637813830142712,0.0,0.0,1.0
XGBoost_single_no_coords,spatial,False,Eulamprus murrayi,20,4,1.0,0.03,3,300,1.0,102,0,0.007229037233958072,,,0.00014795852767668567,0.0,,1.0
XGBoost_single_no_coords,spatial,False,Eulamprus murrayi,20,5,1.0,0.03,3,300,1.0,103,1,0.05652221823961462,0.5,0.009708737864077669,0.009637813830142715,0.0,0.0,1.0
XGBoost_single_no_coords,spatial,False,Eulamprus murrayi,21,1,1.0,0.03,5,100,0.8,102,0,0.006947317043434845,,,6.746573713563231e-05,0.0,,1.0
XGBoost_single_no_coords,spatial,False,Eulamprus murrayi,21,2,1.0,0.03,5,100,0.8,103,1,0.05658576182161944,0.5,0.009708737864077669,0.009638426760070512,0.0,0.0,1.0
XGBoost_single_no_coords,spatial,False,Eulamprus murrayi,21,3,1.0,0.03,5,100,0.8,103,1,0.05641788390734166,0.5,0.009708737864077669,0.009636789909272933,0.0,0.0,1.0
XGBoost_single_no_coords,spatial,False,Eulamprus murrayi,21,4,1.0,0.03,5,100,0.8,102,0,0.007805973133678104,,,8.365500944963832e-05,0.0,,1.0
XGBoost_single_no_coords,spatial,False,Eulamprus murrayi,21,5,1.0,0.03,5,100,0.8,103,1,0.05671968089917314,0.5,0.009708737864077669,0.009639693107193465,0.0,0.0,1.0
XGBoost_single_no_coords,spatial,False,Eulamprus murrayi,22,1,1.0,0.03,5,100,1.0,102,0,0.0068907257603281384,,,6.519061555635397e-05,0.0,,1.0
XGBoost_single_no_coords,spatial,False,Eulamprus murrayi,22,2,1.0,0.03,5,100,1.0,103,1,0.05652221823961461,0.5,0.009708737864077669,0.009637813830142714,0.0,0.0,1.0
XGBoost_single_no_coords,spatial,False,Eulamprus murrayi,22,3,1.0,0.03,5,100,1.0,103,1,0.056522218239614605,0.5,0.009708737864077669,0.009637813830142712,0.0,0.0,1.0
XGBoost_single_no_coords,spatial,False,Eulamprus murrayi,22,4,1.0,0.03,5,100,1.0,102,0,0.008038777607466673,,,9.943906775354782e-05,0.0,,1.0
XGBoost_single_no_coords,spatial,False,Eulamprus murrayi,22,5,1.0,0.03,5,100,1.0,103,1,0.05652221823961462,0.5,0.009708737864077669,0.009637813830142715,0.0,0.0,1.0
XGBoost_single_no_coords,spatial,False,Eulamprus murrayi,23,1,1.0,0.03,5,300,0.8,102,0,0.007201772317716147,,,0.00014055702613900343,0.0,,1.0
XGBoost_single_no_coords,spatial,False,Eulamprus murrayi,23,2,1.0,0.03,5,300,0.8,103,1,0.056528704327930064,0.5,0.009708737864077669,0.009637876758550573,0.0,0.0,1.0
XGBoost_single_no_coords,spatial,False,Eulamprus murrayi,23,3,1.0,0.03,5,300,0.8,103,1,0.056591811669012795,0.5,0.009708737864077669,0.009638484704338495,0.0,0.0,1.0
XGBoost_single_no_coords,spatial,False,Eulamprus murrayi,23,4,1.0,0.03,5,300,0.8,102,0,0.007180956823836527,,,0.00016208968485395157,0.0,,1.0
XGBoost_single_no_coords,spatial,False,Eulamprus murrayi,23,5,1.0,0.03,5,300,0.8,103,1,0.0563709167011623,0.5,0.009708737864077669,0.009636321651184538,0.0,0.0,1.0
XGBoost_single_no_coords,spatial,False,Eulamprus murrayi,24,1,1.0,0.03,5,300,1.0,102,0,0.006948933758061127,,,0.00011215059863368538,0.0,,1.0
XGBoost_single_no_coords,spatial,False,Eulamprus murrayi,24,2,1.0,0.03,5,300,1.0,103,1,0.05652221823961461,0.5,0.009708737864077669,0.009637813830142714,0.0,0.0,1.0
XGBoost_single_no_coords,spatial,False,Eulamprus murrayi,24,3,1.0,0.03,5,300,1.0,103,1,0.056522218239614605,0.5,0.009708737864077669,0.009637813830142712,0.0,0.0,1.0
XGBoost_single_no_coords,spatial,False,Eulamprus murrayi,24,4,1.0,0.03,5,300,1.0,102,0,0.007229037233958072,,,0.00014795852767668567,0.0,,1.0
XGBoost_single_no_coords,spatial,False,Eulamprus murrayi,24,5,1.0,0.03,5,300,1.0,103,1,0.05652221823961462,0.5,0.009708737864077669,0.009637813830142715,0.0,0.0,1.0
XGBoost_single_no_coords,spatial,False,Eulamprus murrayi,25,1,1.0,0.1,3,100,0.8,102,0,0.007058177985774636,,,0.00013104982713058714,0.0,,1.0
XGBoost_single_no_coords,spatial,False,Eulamprus murrayi,25,2,1.0,0.1,3,100,0.8,103,1,0.05638464390758655,0.5,0.009708737864077669,0.009636458989902588,0.0,0.0,1.0
XGBoost_single_no_coords,spatial,False,Eulamprus murrayi,25,3,1.0,0.1,3,100,0.8,103,1,0.05632138211059144,0.5,0.009708737864077669,0.009635822722008974,0.0,0.0,1.0
XGBoost_single_no_coords,spatial,False,Eulamprus murrayi,25,4,1.0,0.1,3,100,0.8,102,0,0.007462208839329302,,,0.00016057538876562919,0.0,,1.0
XGBoost_single_no_coords,spatial,False,Eulamprus murrayi,25,5,1.0,0.1,3,100,0.8,103,1,0.05668069285105176,0.5,0.009708737864077669,0.009639327917004172,0.0,0.0,1.0
XGBoost_single_no_coords,spatial,False,Eulamprus murrayi,26,1,1.0,0.1,3,100,1.0,102,0,0.0069042415680742025,,,0.00011809812775585688,0.0,,1.0
XGBoost_single_no_coords,spatial,False,Eulamprus murrayi,26,2,1.0,0.1,3,100,1.0,103,1,0.05652221823961461,0.5,0.009708737864077669,0.009637813830142714,0.0,0.0,1.0
XGBoost_single_no_coords,spatial,False,Eulamprus murrayi,26,3,1.0,0.1,3,100,1.0,103,1,0.056522218239614605,0.5,0.009708737864077669,0.009637813830142712,0.0,0.0,1.0
XGBoost_single_no_coords,spatial,False,Eulamprus murrayi,26,4,1.0,0.1,3,100,1.0,102,0,0.007183139362495183,,,0.00014847469196763884,0.0,,1.0
XGBoost_single_no_coords,spatial,False,Eulamprus murrayi,26,5,1.0,0.1,3,100,1.0,103,1,0.05652221823961462,0.5,0.009708737864077669,0.009637813830142715,0.0,0.0,1.0
XGBoost_single_no_coords,spatial,False,Eulamprus murrayi,27,1,1.0,0.1,3,300,0.8,102,0,0.0070504568652940405,,,0.0001708894688740125,0.0,,1.0
XGBoost_single_no_coords,spatial,False,Eulamprus murrayi,27,2,1.0,0.1,3,300,0.8,103,1,0.056347630558406143,0.5,0.009708737864077669,0.009636087760837872,0.0,0.0,1.0
XGBoost_single_no_coords,spatial,False,Eulamprus murrayi,27,3,1.0,0.1,3,300,0.8,103,1,0.05653984218025989,0.5,0.009708737864077669,0.009637984623961345,0.0,0.0,1.0
XGBoost_single_no_coords,spatial,False,Eulamprus murrayi,27,4,1.0,0.1,3,300,0.8,102,0,0.005782748183095534,,,0.00011523108634185216,0.0,,1.0
XGBoost_single_no_coords,spatial,False,Eulamprus murrayi,27,5,1.0,0.1,3,300,0.8,103,1,0.056397853666868586,0.5,0.009708737864077669,0.009636590776295867,0.0,0.0,1.0
XGBoost_single_no_coords,spatial,False,Eulamprus murrayi,28,1,1.0,0.1,3,300,1.0,102,0,0.006621142415487601,,,0.0001411633630803403,0.0,,1.0
XGBoost_single_no_coords,spatial,False,Eulamprus murrayi,28,2,1.0,0.1,3,300,1.0,103,1,0.05652221823961461,0.5,0.009708737864077669,0.009637813830142714,0.0,0.0,1.0
XGBoost_single_no_coords,spatial,False,Eulamprus murrayi,28,3,1.0,0.1,3,300,1.0,103,1,0.056522218239614605,0.5,0.009708737864077669,0.009637813830142712,0.0,0.0,1.0
XGBoost_single_no_coords,spatial,False,Eulamprus murrayi,28,4,1.0,0.1,3,300,1.0,102,0,0.005911753553453948,,,0.00011698534914579204,0.0,,1.0
XGBoost_single_no_coords,spatial,False,Eulamprus murrayi,28,5,1.0,0.1,3,300,1.0,103,1,0.05652221823961462,0.5,0.009708737864077669,0.009637813830142715,0.0,0.0,1.0
XGBoost_single_no_coords,spatial,False,Eulamprus murrayi,29,1,1.0,0.1,5,100,0.8,102,0,0.007058177985774636,,,0.00013104982713058714,0.0,,1.0
XGBoost_single_no_coords,spatial,False,Eulamprus murrayi,29,2,1.0,0.1,5,100,0.8,103,1,0.05638464390758655,0.5,0.009708737864077669,0.009636458989902588,0.0,0.0,1.0
XGBoost_single_no_coords,spatial,False,Eulamprus murrayi,29,3,1.0,0.1,5,100,0.8,103,1,0.05632138211059144,0.5,0.009708737864077669,0.009635822722008974,0.0,0.0,1.0
XGBoost_single_no_coords,spatial,False,Eulamprus murrayi,29,4,1.0,0.1,5,100,0.8,102,0,0.007462208839329302,,,0.00016057538876562919,0.0,,1.0
XGBoost_single_no_coords,spatial,False,Eulamprus murrayi,29,5,1.0,0.1,5,100,0.8,103,1,0.05668069285105176,0.5,0.009708737864077669,0.009639327917004172,0.0,0.0,1.0
XGBoost_single_no_coords,spatial,False,Eulamprus murrayi,30,1,1.0,0.1,5,100,1.0,102,0,0.0069042415680742025,,,0.00011809812775585688,0.0,,1.0
XGBoost_single_no_coords,spatial,False,Eulamprus murrayi,30,2,1.0,0.1,5,100,1.0,103,1,0.05652221823961461,0.5,0.009708737864077669,0.009637813830142714,0.0,0.0,1.0
XGBoost_single_no_coords,spatial,False,Eulamprus murrayi,30,3,1.0,0.1,5,100,1.0,103,1,0.056522218239614605,0.5,0.009708737864077669,0.009637813830142712,0.0,0.0,1.0
XGBoost_single_no_coords,spatial,False,Eulamprus murrayi,30,4,1.0,0.1,5,100,1.0,102,0,0.007183139362495183,,,0.00014847469196763884,0.0,,1.0
XGBoost_single_no_coords,spatial,False,Eulamprus murrayi,30,5,1.0,0.1,5,100,1.0,103,1,0.05652221823961462,0.5,0.009708737864077669,0.009637813830142715,0.0,0.0,1.0
XGBoost_single_no_coords,spatial,False,Eulamprus murrayi,31,1,1.0,0.1,5,300,0.8,102,0,0.0070504568652940405,,,0.0001708894688740125,0.0,,1.0
XGBoost_single_no_coords,spatial,False,Eulamprus murrayi,31,2,1.0,0.1,5,300,0.8,103,1,0.056347630558406143,0.5,0.009708737864077669,0.009636087760837872,0.0,0.0,1.0
XGBoost_single_no_coords,spatial,False,Eulamprus murrayi,31,3,1.0,0.1,5,300,0.8,103,1,0.05653984218025989,0.5,0.009708737864077669,0.009637984623961345,0.0,0.0,1.0
XGBoost_single_no_coords,spatial,False,Eulamprus murrayi,31,4,1.0,0.1,5,300,0.8,102,0,0.005782748183095534,,,0.00011523108634185216,0.0,,1.0
XGBoost_single_no_coords,spatial,False,Eulamprus murrayi,31,5,1.0,0.1,5,300,0.8,103,1,0.056397853666868586,0.5,0.009708737864077669,0.009636590776295867,0.0,0.0,1.0
XGBoost_single_no_coords,spatial,False,Eulamprus murrayi,32,1,1.0,0.1,5,300,1.0,102,0,0.006621142415487601,,,0.0001411633630803403,0.0,,1.0
XGBoost_single_no_coords,spatial,False,Eulamprus murrayi,32,2,1.0,0.1,5,300,1.0,103,1,0.05652221823961461,0.5,0.009708737864077669,0.009637813830142714,0.0,0.0,1.0
XGBoost_single_no_coords,spatial,False,Eulamprus murrayi,32,3,1.0,0.1,5,300,1.0,103,1,0.056522218239614605,0.5,0.009708737864077669,0.009637813830142712,0.0,0.0,1.0
XGBoost_single_no_coords,spatial,False,Eulamprus murrayi,32,4,1.0,0.1,5,300,1.0,102,0,0.005911753553453948,,,0.00011698534914579204,0.0,,1.0
XGBoost_single_no_coords,spatial,False,Eulamprus murrayi,32,5,1.0,0.1,5,300,1.0,103,1,0.05652221823961462,0.5,0.009708737864077669,0.009637813830142715,0.0,0.0,1.0
XGBoost_single_no_coords,spatial,False,Ophioscincus truncatus,1,1,0.8,0.03,3,100,0.8,103,20,0.3825204607737234,0.8150602409638554,0.6414523175677025,0.11778890977835817,0.4,0.25,1.0
XGBoost_single_no_coords,spatial,False,Ophioscincus truncatus,1,2,0.8,0.03,3,100,0.8,102,20,0.4539460373359835,0.6884146341463415,0.4348148074582322,0.14201720600484222,0.17391304347826086,0.1,0.9878048780487805
XGBoost_single_no_coords,spatial,False,Ophioscincus truncatus,1,3,0.8,0.03,3,100,0.8,102,20,0.3757547694752126,0.8384146341463414,0.5823485138531618,0.11593067813789862,0.4666666666666667,0.35,0.9634146341463414
XGBoost_single_no_coords,spatial,False,Ophioscincus truncatus,1,4,0.8,0.03,3,100,0.8,102,20,0.43896190646554817,0.7524390243902439,0.40351930750663517,0.14257989743880692,0.2857142857142857,0.2,0.9512195121951219
XGBoost_single_no_coords,spatial,False,Ophioscincus truncatus,1,5,0.8,0.03,3,100,0.8,104,21,0.47496589488994473,0.7016637980493402,0.399947693514602,0.15634864475036106,0.26666666666666666,0.19047619047619047,0.9397590361445783
XGBoost_single_no_coords,spatial,False,Ophioscincus truncatus,2,1,0.8,0.03,3,100,1.0,103,20,0.3919712682774598,0.7719879518072289,0.6054852593685164,0.11921924057595193,0.5,0.35,0.9879518072289156
XGBoost_single_no_coords,spatial,False,Ophioscincus truncatus,2,2,0.8,0.03,3,100,1.0,102,20,0.46238992856155214,0.6728658536585366,0.4200648659111225,0.14426397169325506,0.25,0.15,0.9878048780487805
XGBoost_single_no_coords,spatial,False,Ophioscincus truncatus,2,3,0.8,0.03,3,100,1.0,102,20,0.3759715196697447,0.849390243902439,0.5759467321195921,0.1172836614556535,0.41379310344827586,0.3,0.9634146341463414
XGBoost_single_no_coords,spatial,False,Ophioscincus truncatus,2,4,0.8,0.03,3,100,1.0,102,20,0.45566081088733873,0.713719512195122,0.3605356400898805,0.14837236111015498,0.25806451612903225,0.2,0.9146341463414634
XGBoost_single_no_coords,spatial,False,Ophioscincus truncatus,2,5,0.8,0.03,3,100,1.0,104,21,0.46831799720471384,0.6835915088927137,0.3822612410305652,0.15351630193118115,0.27586206896551724,0.19047619047619047,0.9518072289156626
XGBoost_single_no_coords,spatial,False,Ophioscincus truncatus,3,1,0.8,0.03,3,300,0.8,103,20,0.3813241390157135,0.7969879518072289,0.623933951889512,0.11463151677484873,0.5,0.35,0.9879518072289156
XGBoost_single_no_coords,spatial,False,Ophioscincus truncatus,3,2,0.8,0.03,3,300,0.8,102,20,0.47987520984075943,0.7012195121951219,0.4339659192781146,0.14787599292174938,0.23076923076923078,0.15,0.9634146341463414
XGBoost_single_no_coords,spatial,False,Ophioscincus truncatus,3,3,0.8,0.03,3,300,0.8,102,20,0.37928353009788346,0.8262195121951219,0.58355765122019,0.11826864128049865,0.5294117647058824,0.45,0.9390243902439024
XGBoost_single_no_coords,spatial,False,Ophioscincus truncatus,3,4,0.8,0.03,3,300,0.8,102,20,0.4609556228140465,0.7530487804878048,0.42138682690806994,0.14534409534789183,0.27586206896551724,0.2,0.9390243902439024
XGBoost_single_no_coords,spatial,False,Ophioscincus truncatus,3,5,0.8,0.03,3,300,0.8,104,21,0.5236359318152796,0.7137119908204246,0.3887002718353396,0.17300037779189886,0.21621621621621623,0.19047619047619047,0.8554216867469879
XGBoost_single_no_coords,spatial,False,Ophioscincus truncatus,4,1,0.8,0.03,3,300,1.0,103,20,0.4142550697325702,0.7614457831325302,0.6046710881630466,0.12010654715903142,0.5333333333333333,0.4,0.9759036144578314
XGBoost_single_no_coords,spatial,False,Ophioscincus truncatus,4,2,0.8,0.03,3,300,1.0,102,20,0.4893377136869357,0.6920731707317074,0.3952416111837481,0.15127150312031815,0.2222222222222222,0.15,0.9512195121951219
XGBoost_single_no_coords,spatial,False,Ophioscincus truncatus,4,3,0.8,0.03,3,300,1.0,102,20,0.37223806409897875,0.8408536585365854,0.5801230476620944,0.11866358878680176,0.47058823529411764,0.4,0.926829268292683
XGBoost_single_no_coords,spatial,False,Ophioscincus truncatus,4,4,0.8,0.03,3,300,1.0,102,20,0.469685495726052,0.7524390243902439,0.40001623675055137,0.15086747077814283,0.3225806451612903,0.25,0.926829268292683
XGBoost_single_no_coords,spatial,False,Ophioscincus truncatus,4,5,0.8,0.03,3,300,1.0,104,21,0.49450187247251753,0.7360872059667241,0.39598428824251897,0.16469779758841513,0.2857142857142857,0.23809523809523808,0.891566265060241
XGBoost_single_no_coords,spatial,False,Ophioscincus truncatus,5,1,0.8,0.03,5,100,0.8,103,20,0.38783285576945326,0.7969879518072289,0.6196433126374892,0.11912374110887101,0.5185185185185185,0.35,1.0
XGBoost_single_no_coords,spatial,False,Ophioscincus truncatus,5,2,0.8,0.03,5,100,0.8,102,20,0.4656927621624313,0.675609756097561,0.44149419886845104,0.14427969560869694,0.25,0.15,0.9878048780487805
XGBoost_single_no_coords,spatial,False,Ophioscincus truncatus,5,3,0.8,0.03,5,100,0.8,102,20,0.37488493629738134,0.8262195121951219,0.5712756933471248,0.11582131925009471,0.5454545454545454,0.45,0.9512195121951219
XGBoost_single_no_coords,spatial,False,Ophioscincus truncatus,5,4,0.8,0.03,5,100,0.8,102,20,0.44665180256831283,0.7585365853658537,0.4071907617125116,0.1451388009007914,0.2222222222222222,0.15,0.9512195121951219
XGBoost_single_no_coords,spatial,False,Ophioscincus truncatus,5,5,0.8,0.03,5,100,0.8,104,21,0.4734774832279188,0.7188755020080322,0.4028302007083139,0.15712511714709654,0.26666666666666666,0.19047619047619047,0.9397590361445783
XGBoost_single_no_coords,spatial,False,Ophioscincus truncatus,6,1,0.8,0.03,5,100,1.0,103,20,0.39813756398612044,0.7728915662650603,0.5988720509582139,0.12145485607887697,0.5333333333333333,0.4,0.9759036144578314
XGBoost_single_no_coords,spatial,False,Ophioscincus truncatus,6,2,0.8,0.03,5,100,1.0,102,20,0.4619010786033934,0.6890243902439024,0.4387339630403131,0.14350514305362883,0.32,0.2,0.9878048780487805
XGBoost_single_no_coords,spatial,False,Ophioscincus truncatus,6,3,0.8,0.03,5,100,1.0,102,20,0.37283232568464614,0.8353658536585366,0.5871337670973525,0.11566289476547813,0.5454545454545454,0.45,0.9512195121951219
XGBoost_single_no_coords,spatial,False,Ophioscincus truncatus,6,4,0.8,0.03,5,100,1.0,102,20,0.47579478449174817,0.7240853658536586,0.36065696537701447,0.15525602397223082,0.2,0.15,0.9146341463414634
XGBoost_single_no_coords,spatial,False,Ophioscincus truncatus,6,5,0.8,0.03,5,100,1.0,104,21,0.4722220955868969,0.7056798623063684,0.4185683337326551,0.1544632362400199,0.25,0.19047619047619047,0.9156626506024096
XGBoost_single_no_coords,spatial,False,Ophioscincus truncatus,7,1,0.8,0.03,5,300,0.8,103,20,0.4027183179936018,0.7849397590361445,0.6095163816226303,0.11798497657040799,0.4666666666666667,0.35,0.963855421686747
XGBoost_single_no_coords,spatial,False,Ophioscincus truncatus,7,2,0.8,0.03,5,300,0.8,102,20,0.5105697968824213,0.6987804878048781,0.4330462248785404,0.15119120505708916,0.2857142857142857,0.2,0.9512195121951219
XGBoost_single_no_coords,spatial,False,Ophioscincus truncatus,7,3,0.8,0.03,5,300,0.8,102,20,0.4003685073065994,0.8109756097560975,0.5912559876593915,0.12309807690944775,0.5142857142857142,0.45,0.926829268292683
XGBoost_single_no_coords,spatial,False,Ophioscincus truncatus,7,4,0.8,0.03,5,300,0.8,102,20,0.48861627389249945,0.7463414634146341,0.4119760639291209,0.14871872247713822,0.2,0.15,0.9146341463414634
XGBoost_single_no_coords,spatial,False,Ophioscincus truncatus,7,5,0.8,0.03,5,300,0.8,104,21,0.555839803946565,0.7096959265633964,0.394716255238823,0.17852317635272,0.2702702702702703,0.23809523809523808,0.8674698795180723
XGBoost_single_no_coords,spatial,False,Ophioscincus truncatus,8,1,0.8,0.03,5,300,1.0,103,20,0.4375616218750633,0.753012048192771,0.578611282279395,0.12710495772980682,0.5333333333333333,0.4,0.9759036144578314
XGBoost_single_no_coords,spatial,False,Ophioscincus truncatus,8,2,0.8,0.03,5,300,1.0,102,20,0.5126317894869575,0.7054878048780487,0.4503755531872714,0.15361973934004305,0.3225806451612903,0.25,0.926829268292683
XGBoost_single_no_coords,spatial,False,Ophioscincus truncatus,8,3,0.8,0.03,5,300,1.0,102,20,0.39905743899257345,0.8182926829268292,0.573205600749065,0.12515755079362442,0.5263157894736842,0.5,0.9024390243902439
XGBoost_single_no_coords,spatial,False,Ophioscincus truncatus,8,4,0.8,0.03,5,300,1.0,102,20,0.52785527469973,0.7274390243902439,0.36053429543085425,0.16439647441468763,0.2,0.15,0.9146341463414634
XGBoost_single_no_coords,spatial,False,Ophioscincus truncatus,8,5,0.8,0.03,5,300,1.0,104,21,0.5499252452710578,0.7165806081468732,0.40553890328786657,0.1751577852549115,0.2702702702702703,0.23809523809523808,0.8674698795180723
XGBoost_single_no_coords,spatial,False,Ophioscincus truncatus,9,1,0.8,0.1,3,100,0.8,103,20,0.38862570858383383,0.8024096385542169,0.6192718978989622,0.11747349592865265,0.4827586206896552,0.35,0.9759036144578314
XGBoost_single_no_coords,spatial,False,Ophioscincus truncatus,9,2,0.8,0.1,3,100,0.8,102,20,0.4900503298048186,0.6957317073170731,0.4301388566319758,0.1482522335668101,0.35714285714285715,0.25,0.9634146341463414
XGBoost_single_no_coords,spatial,False,Ophioscincus truncatus,9,3,0.8,0.1,3,100,0.8,102,20,0.3946661914083231,0.8182926829268293,0.5519777505759503,0.12096654584749715,0.5882352941176471,0.5,0.9512195121951219
XGBoost_single_no_coords,spatial,False,Ophioscincus truncatus,9,4,0.8,0.1,3,100,0.8,102,20,0.4549721282878085,0.7646341463414634,0.44878266173604586,0.1405081261822245,0.2222222222222222,0.15,0.9512195121951219
XGBoost_single_no_coords,spatial,False,Ophioscincus truncatus,9,5,0.8,0.1,3,100,0.8,104,21,0.5370000320541238,0.708548479632817,0.3716064977937335,0.1771287809887759,0.32432432432432434,0.2857142857142857,0.8795180722891566
XGBoost_single_no_coords,spatial,False,Ophioscincus truncatus,10,1,0.8,0.1,3,100,1.0,103,20,0.4185707883590481,0.7641566265060241,0.617147962497788,0.1192747755039929,0.5517241379310345,0.4,0.9879518072289156
XGBoost_single_no_coords,spatial,False,Ophioscincus truncatus,10,2,0.8,0.1,3,100,1.0,102,20,0.4963876852620417,0.6890243902439025,0.3867085880150644,0.15247212906095584,0.2222222222222222,0.15,0.9512195121951219
XGBoost_single_no_coords,spatial,False,Ophioscincus truncatus,10,3,0.8,0.1,3,100,1.0,102,20,0.3659221490992219,0.848170731707317,0.6206735996817184,0.11651858695266676,0.5294117647058824,0.45,0.9390243902439024
XGBoost_single_no_coords,spatial,False,Ophioscincus truncatus,10,4,0.8,0.1,3,100,1.0,102,20,0.4877281385118941,0.7432926829268293,0.37985132462877647,0.1547126924564752,0.21428571428571427,0.15,0.9390243902439024
XGBoost_single_no_coords,spatial,False,Ophioscincus truncatus,10,5,0.8,0.1,3,100,1.0,104,21,0.5200401720638408,0.7171543316121629,0.38574624933069007,0.17140146191387748,0.2857142857142857,0.23809523809523808,0.891566265060241
XGBoost_single_no_coords,spatial,False,Ophioscincus truncatus,11,1,0.8,0.1,3,300,0.8,103,20,0.44710999968940196,0.7831325301204818,0.5869504344295925,0.12457490459719048,0.48484848484848486,0.4,0.9397590361445783
XGBoost_single_no_coords,spatial,False,Ophioscincus truncatus,11,2,0.8,0.1,3,300,0.8,102,20,0.5784221781237696,0.6914634146341463,0.4251524958890212,0.15743324836321906,0.3448275862068966,0.25,0.9512195121951219
XGBoost_single_no_coords,spatial,False,Ophioscincus truncatus,11,3,0.8,0.1,3,300,0.8,102,20,0.464629811538062,0.7993902439024391,0.5534578908533793,0.13376018115049298,0.5405405405405406,0.5,0.9146341463414634
XGBoost_single_no_coords,spatial,False,Ophioscincus truncatus,11,4,0.8,0.1,3,300,0.8,102,20,0.560105458120943,0.7365853658536585,0.4295405740279764,0.14945341311289545,0.3125,0.25,0.9146341463414634
XGBoost_single_no_coords,spatial,False,Ophioscincus truncatus,11,5,0.8,0.1,3,300,0.8,104,21,0.6839126033801575,0.6838783706253586,0.34478772337104124,0.19658699335248817,0.35,0.3333333333333333,0.8554216867469879
XGBoost_single_no_coords,spatial,False,Ophioscincus truncatus,12,1,0.8,0.1,3,300,1.0,103,20,0.5077246517166756,0.7313253012048192,0.5595433619468163,0.13147976619498494,0.4666666666666667,0.35,0.963855421686747
XGBoost_single_no_coords,spatial,False,Ophioscincus truncatus,12,2,0.8,0.1,3,300,1.0,102,20,0.5481866474411645,0.7225609756097561,0.407570584371231,0.16622041142591035,0.20689655172413793,0.15,0.926829268292683
XGBoost_single_no_coords,spatial,False,Ophioscincus truncatus,12,3,0.8,0.1,3,300,1.0,102,20,0.44178891023071315,0.8006097560975609,0.5634671884182837,0.13782706280054646,0.5,0.45,0.9146341463414634
XGBoost_single_no_coords,spatial,False,Ophioscincus truncatus,12,4,0.8,0.1,3,300,1.0,102,20,0.5660069682752014,0.7286585365853658,0.3966153895976049,0.15503115245733987,0.3125,0.25,0.9146341463414634
XGBoost_single_no_coords,spatial,False,Ophioscincus truncatus,12,5,0.8,0.1,3,300,1.0,104,21,0.6157265590537441,0.7183017785427424,0.38301321592387466,0.18808850530452492,0.3076923076923077,0.2857142857142857,0.8554216867469879
XGBoost_single_no_coords,spatial,False,Ophioscincus truncatus,13,1,0.8,0.1,5,100,0.8,103,20,0.4105556117018924,0.7921686746987953,0.5915642370416135,0.11956484194768115,0.42857142857142855,0.3,0.9759036144578314
XGBoost_single_no_coords,spatial,False,Ophioscincus truncatus,13,2,0.8,0.1,5,100,0.8,102,20,0.5166527536737976,0.7018292682926829,0.4363624864063401,0.1511837953305751,0.3076923076923077,0.2,0.975609756097561
XGBoost_single_no_coords,spatial,False,Ophioscincus truncatus,13,3,0.8,0.1,5,100,0.8,102,20,0.4200112812961794,0.8048780487804879,0.576070303769093,0.1250855338069503,0.5945945945945946,0.55,0.926829268292683
XGBoost_single_no_coords,spatial,False,Ophioscincus truncatus,13,4,0.8,0.1,5,100,0.8,102,20,0.5062622408644852,0.7432926829268293,0.4107956193587218,0.1493377375909814,0.3333333333333333,0.25,0.9390243902439024
XGBoost_single_no_coords,spatial,False,Ophioscincus truncatus,13,5,0.8,0.1,5,100,0.8,104,21,0.5660287536786723,0.7091222030981066,0.3769952818372149,0.18154337448366492,0.3076923076923077,0.2857142857142857,0.8554216867469879
XGBoost_single_no_coords,spatial,False,Ophioscincus truncatus,14,1,0.8,0.1,5,100,1.0,103,20,0.4264565655276981,0.772289156626506,0.5969212063778095,0.1227615211881828,0.4827586206896552,0.35,0.9759036144578314
XGBoost_single_no_coords,spatial,False,Ophioscincus truncatus,14,2,0.8,0.1,5,100,1.0,102,20,0.5283433669399517,0.6963414634146341,0.4101342620183625,0.15751992652787164,0.27586206896551724,0.2,0.9390243902439024
XGBoost_single_no_coords,spatial,False,Ophioscincus truncatus,14,3,0.8,0.1,5,100,1.0,102,20,0.3981460503062759,0.8182926829268293,0.5825325930290769,0.12251715480165586,0.5945945945945946,0.55,0.926829268292683
XGBoost_single_no_coords,spatial,False,Ophioscincus truncatus,14,4,0.8,0.1,5,100,1.0,102,20,0.5222537065734982,0.7304878048780488,0.384431116928446,0.15924440379954982,0.2,0.15,0.9146341463414634
XGBoost_single_no_coords,spatial,False,Ophioscincus truncatus,14,5,0.8,0.1,5,100,1.0,104,21,0.5496579965197708,0.7240390131956397,0.4043555154821372,0.17684780627585128,0.2777777777777778,0.23809523809523808,0.8795180722891566
XGBoost_single_no_coords,spatial,False,Ophioscincus truncatus,15,1,0.8,0.1,5,300,0.8,103,20,0.5036989671075058,0.7722891566265061,0.5940043275671677,0.12664260614242853,0.45161290322580644,0.35,0.9518072289156626
XGBoost_single_no_coords,spatial,False,Ophioscincus truncatus,15,2,0.8,0.1,5,300,0.8,102,20,0.6121533899009987,0.7085365853658536,0.4385783175419203,0.15782405078595593,0.3448275862068966,0.25,0.9512195121951219
XGBoost_single_no_coords,spatial,False,Ophioscincus truncatus,15,3,0.8,0.1,5,300,0.8,102,20,0.5309681526368741,0.7859756097560976,0.551121074314236,0.13861306745308005,0.5263157894736842,0.5,0.9024390243902439
XGBoost_single_no_coords,spatial,False,Ophioscincus truncatus,15,4,0.8,0.1,5,300,0.8,102,20,0.6284751295956278,0.7402439024390244,0.42759358901231775,0.15727192612841448,0.375,0.3,0.926829268292683
XGBoost_single_no_coords,spatial,False,Ophioscincus truncatus,15,5,0.8,0.1,5,300,0.8,104,21,0.7213477688761822,0.6792885829030407,0.37451600778270777,0.1956365890531494,0.35,0.3333333333333333,0.8554216867469879
XGBoost_single_no_coords,spatial,False,Ophioscincus truncatus,16,1,0.8,0.1,5,300,1.0,103,20,0.5492981483590408,0.7403614457831327,0.5598710670344338,0.13577234489516068,0.48484848484848486,0.4,0.9397590361445783
XGBoost_single_no_coords,spatial,False,Ophioscincus truncatus,16,2,0.8,0.1,5,300,1.0,102,20,0.6609496758845453,0.6902439024390243,0.39704962071126604,0.1805600242420808,0.1875,0.15,0.8902439024390244
XGBoost_single_no_coords,spatial,False,Ophioscincus truncatus,16,3,0.8,0.1,5,300,1.0,102,20,0.5143182846254541,0.7920731707317072,0.5360043955346839,0.14107422027853736,0.5128205128205128,0.5,0.8902439024390244
XGBoost_single_no_coords,spatial,False,Ophioscincus truncatus,16,4,0.8,0.1,5,300,1.0,102,20,0.6442124978435748,0.7286585365853658,0.39815088765994183,0.1631701839823014,0.3125,0.25,0.9146341463414634
XGBoost_single_no_coords,spatial,False,Ophioscincus truncatus,16,5,0.8,0.1,5,300,1.0,104,21,0.6974677305168834,0.6942053930005737,0.3750114614494443,0.1876128387957558,0.32432432432432434,0.2857142857142857,0.8795180722891566
XGBoost_single_no_coords,spatial,False,Ophioscincus truncatus,17,1,1.0,0.03,3,100,0.8,103,20,0.38596008268393356,0.791566265060241,0.6028481551668898,0.1184392146454506,0.5,0.35,0.9879518072289156
XGBoost_single_no_coords,spatial,False,Ophioscincus truncatus,17,2,1.0,0.03,3,100,0.8,102,20,0.4681911085170114,0.6707317073170732,0.4037112785650127,0.14666924115375513,0.23076923076923078,0.15,0.9634146341463414
XGBoost_single_no_coords,spatial,False,Ophioscincus truncatus,17,3,1.0,0.03,3,100,0.8,102,20,0.3865440584517198,0.8216463414634146,0.5417320156354731,0.12106447011971726,0.47058823529411764,0.4,0.926829268292683
XGBoost_single_no_coords,spatial,False,Ophioscincus truncatus,17,4,1.0,0.03,3,100,0.8,102,20,0.43741597767212403,0.7585365853658537,0.42249498788854284,0.1423475611250626,0.3225806451612903,0.25,0.926829268292683
XGBoost_single_no_coords,spatial,False,Ophioscincus truncatus,17,5,1.0,0.03,3,100,0.8,104,21,0.4922927138755729,0.672403901319564,0.37975125636557516,0.16263285348643353,0.23529411764705882,0.19047619047619047,0.891566265060241
XGBoost_single_no_coords,spatial,False,Ophioscincus truncatus,18,1,1.0,0.03,3,100,1.0,103,20,0.39483047820112066,0.7569277108433735,0.585726209278045,0.12057970855885553,0.5,0.35,0.9879518072289156
XGBoost_single_no_coords,spatial,False,Ophioscincus truncatus,18,2,1.0,0.03,3,100,1.0,102,20,0.46997399178090354,0.6615853658536586,0.41450383927427653,0.1458230513499519,0.17391304347826086,0.1,0.9878048780487805
XGBoost_single_no_coords,spatial,False,Ophioscincus truncatus,18,3,1.0,0.03,3,100,1.0,102,20,0.38921633996189,0.8167682926829268,0.5313251150910917,0.12314633514008799,0.3870967741935484,0.3,0.9390243902439024
XGBoost_single_no_coords,spatial,False,Ophioscincus truncatus,18,4,1.0,0.03,3,100,1.0,102,20,0.449640925515674,0.7115853658536585,0.3848930045912635,0.146085485990471,0.36363636363636365,0.3,0.9146341463414634
XGBoost_single_no_coords,spatial,False,Ophioscincus truncatus,18,5,1.0,0.03,3,100,1.0,104,21,0.4906757294982754,0.6572002294893862,0.3499973593492683,0.16087819399331815,0.25806451612903225,0.19047619047619047,0.927710843373494
XGBoost_single_no_coords,spatial,False,Ophioscincus truncatus,19,1,1.0,0.03,3,300,0.8,103,20,0.3951740109507228,0.7825301204819277,0.6075019889592517,0.11755489097946367,0.5,0.35,0.9879518072289156
XGBoost_single_no_coords,spatial,False,Ophioscincus truncatus,19,2,1.0,0.03,3,300,0.8,102,20,0.4810969317412789,0.7073170731707317,0.44507877611508245,0.1474251748400971,0.2962962962962963,0.2,0.9634146341463414
XGBoost_single_no_coords,spatial,False,Ophioscincus truncatus,19,3,1.0,0.03,3,300,0.8,102,20,0.39507890163658327,0.8182926829268293,0.5894956293467586,0.12536743815970613,0.5,0.45,0.9146341463414634
XGBoost_single_no_coords,spatial,False,Ophioscincus truncatus,19,4,1.0,0.03,3,300,0.8,102,20,0.45009439557277175,0.7689024390243901,0.43669294440162987,0.1411566575308765,0.20689655172413793,0.15,0.926829268292683
XGBoost_single_no_coords,spatial,False,Ophioscincus truncatus,19,5,1.0,0.03,3,300,0.8,104,21,0.5355419530364596,0.7096959265633964,0.37733183683144333,0.1763687918118406,0.3157894736842105,0.2857142857142857,0.8674698795180723
XGBoost_single_no_coords,spatial,False,Ophioscincus truncatus,20,1,1.0,0.03,3,300,1.0,103,20,0.41217042428423095,0.7617469879518072,0.596401116345372,0.12123313996140843,0.5517241379310345,0.4,0.9879518072289156
XGBoost_single_no_coords,spatial,False,Ophioscincus truncatus,20,2,1.0,0.03,3,300,1.0,102,20,0.4890258260282587,0.6835365853658537,0.4107282248973954,0.15039237281909298,0.2962962962962963,0.2,0.9634146341463414
XGBoost_single_no_coords,spatial,False,Ophioscincus truncatus,20,3,1.0,0.03,3,300,1.0,102,20,0.38658536531267157,0.8271341463414633,0.5623171454877912,0.12390087997013227,0.47058823529411764,0.4,0.926829268292683
XGBoost_single_no_coords,spatial,False,Ophioscincus truncatus,20,4,1.0,0.03,3,300,1.0,102,20,0.47321331250589,0.7469512195121951,0.39335824319409884,0.15091292835178105,0.25,0.2,0.9024390243902439
XGBoost_single_no_coords,spatial,False,Ophioscincus truncatus,20,5,1.0,0.03,3,300,1.0,104,21,0.5218791532276268,0.7117039586919105,0.37484801099055903,0.17130380048879154,0.34285714285714286,0.2857142857142857,0.9036144578313253
XGBoost_single_no_coords,spatial,False,Ophioscincus truncatus,21,1,1.0,0.03,5,100,0.8,103,20,0.3832689142996819,0.8018072289156626,0.6165693606628537,0.11747653814971692,0.4827586206896552,0.35,0.9759036144578314
XGBoost_single_no_coords,spatial,False,Ophioscincus truncatus,21,2,1.0,0.03,5,100,0.8,102,20,0.47720335805464903,0.675609756097561,0.4244916275942615,0.14714526939844574,0.3076923076923077,0.2,0.975609756097561
XGBoost_single_no_coords,spatial,False,Ophioscincus truncatus,21,3,1.0,0.03,5,100,0.8,102,20,0.39164809281020774,0.8201219512195121,0.5644851121365672,0.12260570742745575,0.48484848484848486,0.4,0.9390243902439024
XGBoost_single_no_coords,spatial,False,Ophioscincus truncatus,21,4,1.0,0.03,5,100,0.8,102,20,0.44830971798800723,0.7603658536585365,0.4099966214286157,0.1458420413807727,0.26666666666666666,0.2,0.926829268292683
XGBoost_single_no_coords,spatial,False,Ophioscincus truncatus,21,5,1.0,0.03,5,100,0.8,104,21,0.497744109394336,0.6982214572576018,0.3933230304415457,0.16427841642121846,0.23529411764705882,0.19047619047619047,0.891566265060241
XGBoost_single_no_coords,spatial,False,Ophioscincus truncatus,22,1,1.0,0.03,5,100,1.0,103,20,0.4066912523026016,0.7481927710843373,0.5584451511811082,0.12354580540887335,0.5333333333333333,0.4,0.9759036144578314
XGBoost_single_no_coords,spatial,False,Ophioscincus truncatus,22,2,1.0,0.03,5,100,1.0,102,20,0.49023875440942677,0.663109756097561,0.40868491255582207,0.14785666410566342,0.25,0.15,0.9878048780487805
XGBoost_single_no_coords,spatial,False,Ophioscincus truncatus,22,3,1.0,0.03,5,100,1.0,102,20,0.3893000509995492,0.8079268292682926,0.5551424239208145,0.12031388529468215,0.5,0.4,0.9512195121951219
XGBoost_single_no_coords,spatial,False,Ophioscincus truncatus,22,4,1.0,0.03,5,100,1.0,102,20,0.46553642692943,0.728658536585366,0.38637144063407675,0.15105753763028745,0.30303030303030304,0.25,0.9024390243902439
XGBoost_single_no_coords,spatial,False,Ophioscincus truncatus,22,5,1.0,0.03,5,100,1.0,104,21,0.5129593894267784,0.6683878370625359,0.39256832013123155,0.16712270433093243,0.25,0.19047619047619047,0.9156626506024096
XGBoost_single_no_coords,spatial,False,Ophioscincus truncatus,23,1,1.0,0.03,5,300,0.8,103,20,0.41174823337629907,0.7843373493975904,0.5997674227295212,0.1192733111540413,0.4666666666666667,0.35,0.963855421686747
XGBoost_single_no_coords,spatial,False,Ophioscincus truncatus,23,2,1.0,0.03,5,300,0.8,102,20,0.5140245165861733,0.7067073170731707,0.44317337413755503,0.1506066840260238,0.37037037037037035,0.25,0.975609756097561
XGBoost_single_no_coords,spatial,False,Ophioscincus truncatus,23,3,1.0,0.03,5,300,0.8,102,20,0.42211200984948016,0.8128048780487805,0.5539187211383023,0.12798621952821634,0.48484848484848486,0.4,0.9390243902439024
XGBoost_single_no_coords,spatial,False,Ophioscincus truncatus,23,4,1.0,0.03,5,300,0.8,102,20,0.49218028885553206,0.7573170731707317,0.4263816412435749,0.14824167578848738,0.27586206896551724,0.2,0.9390243902439024
XGBoost_single_no_coords,spatial,False,Ophioscincus truncatus,23,5,1.0,0.03,5,300,0.8,104,21,0.5851413693030267,0.7091222030981066,0.37600767044785355,0.18262570073732484,0.358974358974359,0.3333333333333333,0.8674698795180723
XGBoost_single_no_coords,spatial,False,Ophioscincus truncatus,24,1,1.0,0.03,5,300,1.0,103,20,0.45473670837922714,0.7475903614457832,0.5674991230313352,0.12961966175123107,0.5161290322580645,0.4,0.963855421686747
XGBoost_single_no_coords,spatial,False,Ophioscincus truncatus,24,2,1.0,0.03,5,300,1.0,102,20,0.5115086880472491,0.7042682926829268,0.4141482441435876,0.15280479592312587,0.23076923076923078,0.15,0.9634146341463414
XGBoost_single_no_coords,spatial,False,Ophioscincus truncatus,24,3,1.0,0.03,5,300,1.0,102,20,0.41271836497281017,0.8189024390243903,0.5587909898853191,0.12544779173955106,0.5555555555555556,0.5,0.926829268292683
XGBoost_single_no_coords,spatial,False,Ophioscincus truncatus,24,4,1.0,0.03,5,300,1.0,102,20,0.5060945695392536,0.7432926829268293,0.405244959093621,0.15439976190782748,0.25806451612903225,0.2,0.9146341463414634
XGBoost_single_no_coords,spatial,False,Ophioscincus truncatus,24,5,1.0,0.03,5,300,1.0,104,21,0.5531336497001708,0.7280550774526678,0.3703059625181534,0.17734264685210283,0.2777777777777778,0.23809523809523808,0.8795180722891566
XGBoost_single_no_coords,spatial,False,Ophioscincus truncatus,25,1,1.0,0.1,3,100,0.8,103,20,0.39794022941532264,0.7879518072289157,0.6227173582547618,0.1161931403001779,0.5185185185185185,0.35,1.0
XGBoost_single_no_coords,spatial,False,Ophioscincus truncatus,25,2,1.0,0.1,3,100,0.8,102,20,0.4729862384881258,0.7158536585365853,0.46590666525361146,0.14276220659887714,0.37037037037037035,0.25,0.975609756097561
XGBoost_single_no_coords,spatial,False,Ophioscincus truncatus,25,3,1.0,0.1,3,100,0.8,102,20,0.402296711383574,0.8134146341463415,0.5741103738635758,0.12631769112850957,0.47058823529411764,0.4,0.926829268292683
XGBoost_single_no_coords,spatial,False,Ophioscincus truncatus,25,4,1.0,0.1,3,100,0.8,102,20,0.4699700475594505,0.7597560975609756,0.43896000810193153,0.14235457350310887,0.21428571428571427,0.15,0.9390243902439024
XGBoost_single_no_coords,spatial,False,Ophioscincus truncatus,25,5,1.0,0.1,3,100,0.8,104,21,0.5514423337359472,0.7010900745840505,0.3905383553759682,0.17923921208651153,0.3157894736842105,0.2857142857142857,0.8674698795180723
XGBoost_single_no_coords,spatial,False,Ophioscincus truncatus,26,1,1.0,0.1,3,100,1.0,103,20,0.42839424959297495,0.7484939759036144,0.5805634224423091,0.12411009502981211,0.5,0.35,0.9879518072289156
XGBoost_single_no_coords,spatial,False,Ophioscincus truncatus,26,2,1.0,0.1,3,100,1.0,102,20,0.49683602527698034,0.6829268292682926,0.43310438506639115,0.15095610818326274,0.2857142857142857,0.2,0.9512195121951219
XGBoost_single_no_coords,spatial,False,Ophioscincus truncatus,26,3,1.0,0.1,3,100,1.0,102,20,0.3821080782163818,0.836890243902439,0.590884192450573,0.12202947974748336,0.5555555555555556,0.5,0.926829268292683
XGBoost_single_no_coords,spatial,False,Ophioscincus truncatus,26,4,1.0,0.1,3,100,1.0,102,20,0.4731855876341044,0.7621951219512195,0.41872622832187834,0.14572241640887662,0.30303030303030304,0.25,0.9024390243902439
XGBoost_single_no_coords,spatial,False,Ophioscincus truncatus,26,5,1.0,0.1,3,100,1.0,104,21,0.5177123413621794,0.7208835341365463,0.3848866328917263,0.1718467598943943,0.29411764705882354,0.23809523809523808,0.9036144578313253
XGBoost_single_no_coords,spatial,False,Ophioscincus truncatus,27,1,1.0,0.1,3,300,0.8,103,20,0.470099095514781,0.7656626506024097,0.5988205003958045,0.12414938641123968,0.41379310344827586,0.3,0.963855421686747
XGBoost_single_no_coords,spatial,False,Ophioscincus truncatus,27,2,1.0,0.1,3,300,0.8,102,20,0.5529614652757825,0.7134146341463414,0.4455553603961735,0.15358011219306053,0.3870967741935484,0.3,0.9390243902439024
XGBoost_single_no_coords,spatial,False,Ophioscincus truncatus,27,3,1.0,0.1,3,300,0.8,102,20,0.4905089263870611,0.7902439024390244,0.5453528815229657,0.1440263851299368,0.4864864864864865,0.45,0.9024390243902439
XGBoost_single_no_coords,spatial,False,Ophioscincus truncatus,27,4,1.0,0.1,3,300,0.8,102,20,0.5833453121083025,0.7304878048780488,0.42856059953118775,0.15062057306300491,0.45714285714285713,0.4,0.9146341463414634
XGBoost_single_no_coords,spatial,False,Ophioscincus truncatus,27,5,1.0,0.1,3,300,0.8,104,21,0.6697738366992998,0.7079747561675273,0.3744425048174419,0.1894026883647491,0.4,0.38095238095238093,0.8674698795180723
XGBoost_single_no_coords,spatial,False,Ophioscincus truncatus,28,1,1.0,0.1,3,300,1.0,103,20,0.5181539162719837,0.7355421686746988,0.5422910838540059,0.13731950366965123,0.45161290322580644,0.35,0.9518072289156626
XGBoost_single_no_coords,spatial,False,Ophioscincus truncatus,28,2,1.0,0.1,3,300,1.0,102,20,0.5616987681883647,0.7103658536585366,0.4005500662979894,0.1674685342968873,0.27586206896551724,0.2,0.9390243902439024
XGBoost_single_no_coords,spatial,False,Ophioscincus truncatus,28,3,1.0,0.1,3,300,1.0,102,20,0.4515609875317321,0.8103658536585366,0.5638145340901121,0.13960333974341013,0.45714285714285713,0.4,0.9146341463414634
XGBoost_single_no_coords,spatial,False,Ophioscincus truncatus,28,4,1.0,0.1,3,300,1.0,102,20,0.5899392433692017,0.7390243902439024,0.4279169511654255,0.1506887265541154,0.30303030303030304,0.25,0.9024390243902439
XGBoost_single_no_coords,spatial,False,Ophioscincus truncatus,28,5,1.0,0.1,3,300,1.0,104,21,0.6339282019855538,0.7137119908204246,0.3709841392317749,0.1924468538346777,0.2702702702702703,0.23809523809523808,0.8674698795180723
XGBoost_single_no_coords,spatial,False,Ophioscincus truncatus,29,1,1.0,0.1,5,100,0.8,103,20,0.4188596925941528,0.7927710843373494,0.5899996920397923,0.12077412636353337,0.4827586206896552,0.35,0.9759036144578314
XGBoost_single_no_coords,spatial,False,Ophioscincus truncatus,29,2,1.0,0.1,5,100,0.8,102,20,0.536043110365078,0.7042682926829269,0.427207791182107,0.15588692173010257,0.23076923076923078,0.15,0.9634146341463414
XGBoost_single_no_coords,spatial,False,Ophioscincus truncatus,29,3,1.0,0.1,5,100,0.8,102,20,0.4352922620935688,0.8042682926829269,0.5329121401292705,0.12969412525617757,0.5405405405405406,0.5,0.9146341463414634
XGBoost_single_no_coords,spatial,False,Ophioscincus truncatus,29,4,1.0,0.1,5,100,0.8,102,20,0.5128958232614286,0.7481707317073171,0.4246400470256594,0.14974107853010796,0.35294117647058826,0.3,0.9024390243902439
XGBoost_single_no_coords,spatial,False,Ophioscincus truncatus,29,5,1.0,0.1,5,100,0.8,104,21,0.6221238779084349,0.6867469879518072,0.35797871153923616,0.18881543121057479,0.358974358974359,0.3333333333333333,0.8674698795180723
XGBoost_single_no_coords,spatial,False,Ophioscincus truncatus,30,1,1.0,0.1,5,100,1.0,103,20,0.4457329075076496,0.7572289156626506,0.5804848137621386,0.12636114859880143,0.4666666666666667,0.35,0.963855421686747
XGBoost_single_no_coords,spatial,False,Ophioscincus truncatus,30,2,1.0,0.1,5,100,1.0,102,20,0.5237059637238582,0.7042682926829268,0.42417538548828226,0.15336252248366555,0.2857142857142857,0.2,0.9512195121951219
XGBoost_single_no_coords,spatial,False,Ophioscincus truncatus,30,3,1.0,0.1,5,100,1.0,102,20,0.41917592490861805,0.8182926829268293,0.5411531972174468,0.12968378849718143,0.5405405405405406,0.5,0.9146341463414634
XGBoost_single_no_coords,spatial,False,Ophioscincus truncatus,30,4,1.0,0.1,5,100,1.0,102,20,0.5229602691214064,0.7304878048780488,0.3932693156504924,0.15731353100021064,0.26666666666666666,0.2,0.926829268292683
XGBoost_single_no_coords,spatial,False,Ophioscincus truncatus,30,5,1.0,0.1,5,100,1.0,104,21,0.5695014727010324,0.7314974182444062,0.3795201992600621,0.17941824845972662,0.2777777777777778,0.23809523809523808,0.8795180722891566
XGBoost_single_no_coords,spatial,False,Ophioscincus truncatus,31,1,1.0,0.1,5,300,0.8,103,20,0.5166824043384257,0.7644578313253012,0.5696702603294073,0.12970539425895983,0.48484848484848486,0.4,0.9397590361445783
XGBoost_single_no_coords,spatial,False,Ophioscincus truncatus,31,2,1.0,0.1,5,300,0.8,102,20,0.6306567867459779,0.7060975609756097,0.44562939950729336,0.16386085163380548,0.30303030303030304,0.25,0.9024390243902439
XGBoost_single_no_coords,spatial,False,Ophioscincus truncatus,31,3,1.0,0.1,5,300,0.8,102,20,0.5532540397814839,0.7859756097560976,0.5232773954322836,0.14513669752637237,0.5263157894736842,0.5,0.9024390243902439
XGBoost_single_no_coords,spatial,False,Ophioscincus truncatus,31,4,1.0,0.1,5,300,0.8,102,20,0.655881269253147,0.7280487804878049,0.41290803266830145,0.16227964227315944,0.36363636363636365,0.3,0.9146341463414634
XGBoost_single_no_coords,spatial,False,Ophioscincus truncatus,31,5,1.0,0.1,5,300,0.8,104,21,0.751373564326468,0.6855995410212278,0.36857940721528404,0.19546995926846306,0.42857142857142855,0.42857142857142855,0.8554216867469879
XGBoost_single_no_coords,spatial,False,Ophioscincus truncatus,32,1,1.0,0.1,5,300,1.0,103,20,0.5433822508818936,0.7385542168674699,0.5395318801660365,0.1344851506711926,0.45161290322580644,0.35,0.9518072289156626
XGBoost_single_no_coords,spatial,False,Ophioscincus truncatus,32,2,1.0,0.1,5,300,1.0,102,20,0.6361809784274862,0.7030487804878048,0.4101848319339403,0.1722085207227643,0.25806451612903225,0.2,0.9146341463414634
XGBoost_single_no_coords,spatial,False,Ophioscincus truncatus,32,3,1.0,0.1,5,300,1.0,102,20,0.4986598119229755,0.8067073170731707,0.5451049773499176,0.1411913116817685,0.5405405405405406,0.5,0.9146341463414634
XGBoost_single_no_coords,spatial,False,Ophioscincus truncatus,32,4,1.0,0.1,5,300,1.0,102,20,0.6655867808547736,0.7292682926829268,0.4055189100769838,0.16605237466982203,0.25806451612903225,0.2,0.9146341463414634
XGBoost_single_no_coords,spatial,False,Ophioscincus truncatus,32,5,1.0,0.1,5,300,1.0,104,21,0.6870731459647541,0.7286288009179576,0.37080669164088054,0.18288186147200608,0.41025641025641024,0.38095238095238093,0.8795180722891566
XGBoost_single_no_coords,spatial,False,Pseudechis porphyricaus,1,1,0.8,0.03,3,100,0.8,103,2,0.08447391746775486,0.6485148514851485,0.2638888888888889,0.017317696263237203,0.0,0.0,1.0
XGBoost_single_no_coords,spatial,False,Pseudechis porphyricaus,1,2,0.8,0.03,3,100,0.8,102,2,0.11575093591284383,0.34500000000000003,0.02357456140350877,0.02157904146578192,0.0,0.0,1.0
XGBoost_single_no_coords,spatial,False,Pseudechis porphyricaus,1,3,0.8,0.03,3,100,0.8,102,2,0.07028083947418841,0.98,0.45,0.017202397666815934,0.0,0.0,1.0
XGBoost_single_no_coords,spatial,False,Pseudechis porphyricaus,1,4,0.8,0.03,3,100,0.8,103,3,0.10926208155562932,0.8366666666666667,0.4652777777777778,0.02619674861321241,0.0,0.0,1.0
XGBoost_single_no_coords,spatial,False,Pseudechis porphyricaus,1,5,0.8,0.03,3,100,0.8,103,3,0.1101244105787714,0.8666666666666666,0.2080808080808081,0.026901641407147438,0.0,0.0,1.0
XGBoost_single_no_coords,spatial,False,Pseudechis porphyricaus,2,1,0.8,0.03,3,100,1.0,103,2,0.08487268490814304,0.6336633663366337,0.2633333333333333,0.017156608767228583,0.0,0.0,1.0
XGBoost_single_no_coords,spatial,False,Pseudechis porphyricaus,2,2,0.8,0.03,3,100,1.0,102,2,0.12235096670838623,0.22750000000000004,0.018506493506493506,0.022361202311872257,0.0,0.0,1.0
XGBoost_single_no_coords,spatial,False,Pseudechis porphyricaus,2,3,0.8,0.03,3,100,1.0,102,2,0.06642736962755995,0.99,0.5833333333333333,0.01677023035939325,0.0,0.0,1.0
XGBoost_single_no_coords,spatial,False,Pseudechis porphyricaus,2,4,0.8,0.03,3,100,1.0,103,3,0.10657342663765143,0.8133333333333332,0.6836158192090395,0.02586840357379596,0.0,0.0,1.0
XGBoost_single_no_coords,spatial,False,Pseudechis porphyricaus,2,5,0.8,0.03,3,100,1.0,103,3,0.10168090121026713,0.8716666666666666,0.30480480480480476,0.024836633960559174,0.0,0.0,1.0
XGBoost_single_no_coords,spatial,False,Pseudechis porphyricaus,3,1,0.8,0.03,3,300,0.8,103,2,0.07469696321418687,0.7128712871287128,0.5166666666666667,0.01405621051297221,0.0,0.0,1.0
XGBoost_single_no_coords,spatial,False,Pseudechis porphyricaus,3,2,0.8,0.03,3,300,0.8,102,2,0.13938408849472808,0.31,0.020718816067653276,0.024955753504421717,0.0,0.0,0.99
XGBoost_single_no_coords,spatial,False,Pseudechis porphyricaus,3,3,0.8,0.03,3,300,0.8,102,2,0.05669806846920308,0.985,0.7,0.01538853758491607,0.0,0.0,1.0
XGBoost_single_no_coords,spatial,False,Pseudechis porphyricaus,3,4,0.8,0.03,3,300,0.8,103,3,0.11110468087739307,0.8266666666666667,0.4370748299319728,0.024950786338443703,0.0,0.0,1.0
XGBoost_single_no_coords,spatial,False,Pseudechis porphyricaus,3,5,0.8,0.03,3,300,0.8,103,3,0.10428458527972012,0.8666666666666666,0.223015873015873,0.02623279841311065,0.0,0.0,1.0
XGBoost_single_no_coords,spatial,False,Pseudechis porphyricaus,4,1,0.8,0.03,3,300,1.0,103,2,0.07280865246516259,0.7772277227722773,0.5212765957446809,0.014082881347901114,0.0,0.0,1.0
XGBoost_single_no_coords,spatial,False,Pseudechis porphyricaus,4,2,0.8,0.03,3,300,1.0,102,2,0.1462761854080823,0.3,0.020562770562770564,0.026257033939048106,0.0,0.0,0.99
XGBoost_single_no_coords,spatial,False,Pseudechis porphyricaus,4,3,0.8,0.03,3,300,1.0,102,2,0.0589003374319267,0.98,0.41666666666666663,0.016120784171697124,0.0,0.0,1.0
XGBoost_single_no_coords,spatial,False,Pseudechis porphyricaus,4,4,0.8,0.03,3,300,1.0,103,3,0.11169597482726049,0.7933333333333333,0.4336158192090395,0.02424314440694786,0.0,0.0,1.0
XGBoost_single_no_coords,spatial,False,Pseudechis porphyricaus,4,5,0.8,0.03,3,300,1.0,103,3,0.09930807774423094,0.8866666666666666,0.2833333333333333,0.02505462025187546,0.0,0.0,0.99
XGBoost_single_no_coords,spatial,False,Pseudechis porphyricaus,5,1,0.8,0.03,5,100,0.8,103,2,0.08477440454589788,0.6188118811881188,0.26282051282051283,0.017182726939712272,0.0,0.0,1.0
XGBoost_single_no_coords,spatial,False,Pseudechis porphyricaus,5,2,0.8,0.03,5,100,0.8,102,2,0.11578065363503479,0.34,0.023237179487179488,0.02161531121852359,0.0,0.0,1.0
XGBoost_single_no_coords,spatial,False,Pseudechis porphyricaus,5,3,0.8,0.03,5,100,0.8,102,2,0.06974572310563862,0.9800000000000001,0.45,0.01719671115174031,0.0,0.0,1.0
XGBoost_single_no_coords,spatial,False,Pseudechis porphyricaus,5,4,0.8,0.03,5,100,0.8,103,3,0.10951454314339572,0.8366666666666667,0.4652777777777778,0.026228869882628007,0.0,0.0,1.0
XGBoost_single_no_coords,spatial,False,Pseudechis porphyricaus,5,5,0.8,0.03,5,100,0.8,103,3,0.1104909226211478,0.8599999999999999,0.20634920634920634,0.026896808601579624,0.0,0.0,1.0
XGBoost_single_no_coords,spatial,False,Pseudechis porphyricaus,6,1,0.8,0.03,5,100,1.0,103,2,0.08546582767938335,0.6237623762376238,0.262987012987013,0.01742273212736594,0.0,0.0,1.0
XGBoost_single_no_coords,spatial,False,Pseudechis porphyricaus,6,2,0.8,0.03,5,100,1.0,102,2,0.12295382290137767,0.25,0.019048455056179775,0.021979854614375505,0.0,0.0,1.0
XGBoost_single_no_coords,spatial,False,Pseudechis porphyricaus,6,3,0.8,0.03,5,100,1.0,102,2,0.06604804476290467,0.985,0.5,0.01683405950868068,0.0,0.0,1.0
XGBoost_single_no_coords,spatial,False,Pseudechis porphyricaus,6,4,0.8,0.03,5,100,1.0,103,3,0.11077355805056167,0.7966666666666666,0.5161290322580645,0.026302797562901967,0.0,0.0,1.0
XGBoost_single_no_coords,spatial,False,Pseudechis porphyricaus,6,5,0.8,0.03,5,100,1.0,103,3,0.10214389138750457,0.865,0.3034188034188034,0.024835186204161183,0.0,0.0,1.0
XGBoost_single_no_coords,spatial,False,Pseudechis porphyricaus,7,1,0.8,0.03,5,300,0.8,103,2,0.07517458383197372,0.7128712871287128,0.5166666666666667,0.014057358679162893,0.0,0.0,1.0
XGBoost_single_no_coords,spatial,False,Pseudechis porphyricaus,7,2,0.8,0.03,5,300,0.8,102,2,0.13931150920366842,0.315,0.020887166236003445,0.025050125533692347,0.0,0.0,0.99
XGBoost_single_no_coords,spatial,False,Pseudechis porphyricaus,7,3,0.8,0.03,5,300,0.8,102,2,0.05772529227245747,0.98,0.6666666666666666,0.015648631064414917,0.0,0.0,1.0
XGBoost_single_no_coords,spatial,False,Pseudechis porphyricaus,7,4,0.8,0.03,5,300,0.8,103,3,0.11072004630171918,0.8266666666666667,0.4370748299319728,0.024907944445668413,0.0,0.0,1.0
XGBoost_single_no_coords,spatial,False,Pseudechis porphyricaus,7,5,0.8,0.03,5,300,0.8,103,3,0.10545987982320007,0.8633333333333332,0.2222222222222222,0.026368626463638453,0.0,0.0,1.0
XGBoost_single_no_coords,spatial,False,Pseudechis porphyricaus,8,1,0.8,0.03,5,300,1.0,103,2,0.07515483123940636,0.7673267326732673,0.5204081632653061,0.014590520810949387,0.0,0.0,1.0
XGBoost_single_no_coords,spatial,False,Pseudechis porphyricaus,8,2,0.8,0.03,5,300,1.0,102,2,0.14654333401743852,0.305,0.020945006948580504,0.02551166547248718,0.0,0.0,0.99
XGBoost_single_no_coords,spatial,False,Pseudechis porphyricaus,8,3,0.8,0.03,5,300,1.0,102,2,0.060358871729853686,0.975,0.41666666666666663,0.016624231780170466,0.0,0.0,1.0
XGBoost_single_no_coords,spatial,False,Pseudechis porphyricaus,8,4,0.8,0.03,5,300,1.0,103,3,0.11475330581285184,0.7766666666666666,0.43229166666666663,0.024350895563110212,0.0,0.0,1.0
XGBoost_single_no_coords,spatial,False,Pseudechis porphyricaus,8,5,0.8,0.03,5,300,1.0,103,3,0.09814508451235551,0.8933333333333333,0.2857142857142857,0.02490229523536175,0.0,0.0,0.99
XGBoost_single_no_coords,spatial,False,Pseudechis porphyricaus,9,1,0.8,0.1,3,100,0.8,103,2,0.06970010754256281,0.7623762376237624,0.52,0.012434224182657693,0.6666666666666666,0.5,1.0
XGBoost_single_no_coords,spatial,False,Pseudechis porphyricaus,9,2,0.8,0.1,3,100,0.8,102,2,0.1390555923294938,0.385,0.023676099747828524,0.025419385990744163,0.0,0.0,0.99
XGBoost_single_no_coords,spatial,False,Pseudechis porphyricaus,9,3,0.8,0.1,3,100,0.8,102,2,0.0626297421259633,0.95,0.22619047619047616,0.01696524182535584,0.0,0.0,1.0
XGBoost_single_no_coords,spatial,False,Pseudechis porphyricaus,9,4,0.8,0.1,3,100,0.8,103,3,0.11476325791005408,0.82,0.4063545150501672,0.024936307927994446,0.0,0.0,1.0
XGBoost_single_no_coords,spatial,False,Pseudechis porphyricaus,9,5,0.8,0.1,3,100,0.8,103,3,0.1061975150692129,0.87,0.21548821548821548,0.027055053731991303,0.0,0.0,1.0
XGBoost_single_no_coords,spatial,False,Pseudechis porphyricaus,10,1,0.8,0.1,3,100,1.0,103,2,0.07275954683533516,0.7871287128712872,0.5222222222222223,0.014156705251755313,0.0,0.0,1.0
XGBoost_single_no_coords,spatial,False,Pseudechis porphyricaus,10,2,0.8,0.1,3,100,1.0,102,2,0.15066381443501906,0.315,0.02116131670415048,0.026834850762248542,0.0,0.0,0.99
XGBoost_single_no_coords,spatial,False,Pseudechis porphyricaus,10,3,0.8,0.1,3,100,1.0,102,2,0.057247250193251165,0.99,0.5833333333333333,0.016006721185665082,0.0,0.0,1.0
XGBoost_single_no_coords,spatial,False,Pseudechis porphyricaus,10,4,0.8,0.1,3,100,1.0,103,3,0.11524743373204507,0.7633333333333333,0.44306418219461696,0.024094828898747377,0.0,0.0,1.0
XGBoost_single_no_coords,spatial,False,Pseudechis porphyricaus,10,5,0.8,0.1,3,100,1.0,103,3,0.10249773409812567,0.8866666666666666,0.26904761904761904,0.026521721587572007,0.0,0.0,1.0
XGBoost_single_no_coords,spatial,False,Pseudechis porphyricaus,11,1,0.8,0.1,3,300,0.8,103,2,0.06757806005642307,0.806930693069307,0.524390243902439,0.011947534635883696,0.6666666666666666,0.5,1.0
XGBoost_single_no_coords,spatial,False,Pseudechis porphyricaus,11,2,0.8,0.1,3,300,0.8,102,2,0.16191966971335256,0.40499999999999997,0.02415654520917679,0.0267765168303102,0.0,0.0,0.99
XGBoost_single_no_coords,spatial,False,Pseudechis porphyricaus,11,3,0.8,0.1,3,300,0.8,102,2,0.06262305920534499,0.955,0.24285714285714285,0.01820017600984924,0.0,0.0,1.0
XGBoost_single_no_coords,spatial,False,Pseudechis porphyricaus,11,4,0.8,0.1,3,300,0.8,103,3,0.12839196323152272,0.7799999999999999,0.38765182186234814,0.02257093856696097,0.5,0.3333333333333333,1.0
XGBoost_single_no_coords,spatial,False,Pseudechis porphyricaus,11,5,0.8,0.1,3,300,0.8,103,3,0.10845383124061231,0.8666666666666667,0.3256410256410256,0.02590188499698227,0.0,0.0,0.99
XGBoost_single_no_coords,spatial,False,Pseudechis porphyricaus,12,1,0.8,0.1,3,300,1.0,103,2,0.07667765133585568,0.801980198019802,0.5238095238095238,0.014332502285159386,0.0,0.0,1.0
XGBoost_single_no_coords,spatial,False,Pseudechis porphyricaus,12,2,0.8,0.1,3,300,1.0,102,2,0.1674075400858719,0.405,0.023888428610880974,0.02812090813345429,0.0,0.0,0.99
XGBoost_single_no_coords,spatial,False,Pseudechis porphyricaus,12,3,0.8,0.1,3,300,1.0,102,2,0.060953218099185455,0.955,0.24285714285714285,0.017703717990473225,0.0,0.0,1.0
XGBoost_single_no_coords,spatial,False,Pseudechis porphyricaus,12,4,0.8,0.1,3,300,1.0,103,3,0.1217792384068928,0.79,0.43333333333333335,0.022474365068001767,0.0,0.0,1.0
XGBoost_single_no_coords,spatial,False,Pseudechis porphyricaus,12,5,0.8,0.1,3,300,1.0,103,3,0.1023941586795518,0.89,0.3100358422939068,0.02614457625843023,0.4,0.3333333333333333,0.99
XGBoost_single_no_coords,spatial,False,Pseudechis porphyricaus,13,1,0.8,0.1,5,100,0.8,103,2,0.06919655162991761,0.7772277227722773,0.5212765957446809,0.012632047789887784,0.6666666666666666,0.5,1.0
XGBoost_single_no_coords,spatial,False,Pseudechis porphyricaus,13,2,0.8,0.1,5,100,0.8,102,2,0.13692979129763042,0.415,0.025353016688061617,0.025290181166835124,0.0,0.0,0.99
XGBoost_single_no_coords,spatial,False,Pseudechis porphyricaus,13,3,0.8,0.1,5,100,0.8,102,2,0.0625852634561407,0.9500000000000001,0.22619047619047616,0.016960648287134117,0.0,0.0,1.0
XGBoost_single_no_coords,spatial,False,Pseudechis porphyricaus,13,4,0.8,0.1,5,100,0.8,103,3,0.11292537241222553,0.8266666666666667,0.4111111111111111,0.02470104381726442,0.0,0.0,1.0
XGBoost_single_no_coords,spatial,False,Pseudechis porphyricaus,13,5,0.8,0.1,5,100,0.8,103,3,0.10807161993219265,0.86,0.21296296296296297,0.02728052504679591,0.0,0.0,1.0
XGBoost_single_no_coords,spatial,False,Pseudechis porphyricaus,14,1,0.8,0.1,5,100,1.0,103,2,0.07312551897980193,0.7772277227722773,0.5212765957446809,0.013830497966093586,0.0,0.0,1.0
XGBoost_single_no_coords,spatial,False,Pseudechis porphyricaus,14,2,0.8,0.1,5,100,1.0,102,2,0.15433056069450038,0.235,0.019012345679012346,0.02632356976643943,0.0,0.0,0.99
XGBoost_single_no_coords,spatial,False,Pseudechis porphyricaus,14,3,0.8,0.1,5,100,1.0,102,2,0.05776507520296373,0.98,0.41666666666666663,0.016247184329863995,0.0,0.0,1.0
XGBoost_single_no_coords,spatial,False,Pseudechis porphyricaus,14,4,0.8,0.1,5,100,1.0,103,3,0.11536332555933748,0.7733333333333333,0.41587301587301584,0.024295046650287592,0.0,0.0,1.0
XGBoost_single_no_coords,spatial,False,Pseudechis porphyricaus,14,5,0.8,0.1,5,100,1.0,103,3,0.10202439102432194,0.8633333333333333,0.27702702702702703,0.025416232143742938,0.0,0.0,0.99
XGBoost_single_no_coords,spatial,False,Pseudechis porphyricaus,15,1,0.8,0.1,5,300,0.8,103,2,0.06683981662983303,0.8168316831683169,0.5256410256410257,0.012065658626375122,0.6666666666666666,0.5,1.0
XGBoost_single_no_coords,spatial,False,Pseudechis porphyricaus,15,2,0.8,0.1,5,300,0.8,102,2,0.16153790233773474,0.41,0.02413984461709212,0.02664404181916541,0.0,0.0,0.99
XGBoost_single_no_coords,spatial,False,Pseudechis porphyricaus,15,3,0.8,0.1,5,300,0.8,102,2,0.06148948446545744,0.965,0.29166666666666663,0.01791695701337641,0.0,0.0,1.0
XGBoost_single_no_coords,spatial,False,Pseudechis porphyricaus,15,4,0.8,0.1,5,300,0.8,103,3,0.13044497744427724,0.76,0.379979035639413,0.023016669601864305,0.0,0.0,1.0
XGBoost_single_no_coords,spatial,False,Pseudechis porphyricaus,15,5,0.8,0.1,5,300,0.8,103,3,0.10819653237964309,0.86,0.26944444444444443,0.02577134883809901,0.0,0.0,0.99
XGBoost_single_no_coords,spatial,False,Pseudechis porphyricaus,16,1,0.8,0.1,5,300,1.0,103,2,0.07469359900678904,0.7920792079207921,0.5227272727272727,0.013637953463568327,0.0,0.0,1.0
XGBoost_single_no_coords,spatial,False,Pseudechis porphyricaus,16,2,0.8,0.1,5,300,1.0,102,2,0.1722658062263356,0.355,0.02210526315789474,0.02810226265199303,0.0,0.0,0.99
XGBoost_single_no_coords,spatial,False,Pseudechis porphyricaus,16,3,0.8,0.1,5,300,1.0,102,2,0.059847741794695666,0.965,0.30952380952380953,0.017950739508967334,0.0,0.0,1.0
XGBoost_single_no_coords,spatial,False,Pseudechis porphyricaus,16,4,0.8,0.1,5,300,1.0,103,3,0.12376615955440884,0.7866666666666666,0.43306010928961747,0.022366876560206344,0.0,0.0,1.0
XGBoost_single_no_coords,spatial,False,Pseudechis porphyricaus,16,5,0.8,0.1,5,300,1.0,103,3,0.0993768301773641,0.8866666666666666,0.3627450980392157,0.023965722939767325,0.4,0.3333333333333333,0.99
XGBoost_single_no_coords,spatial,False,Pseudechis porphyricaus,17,1,1.0,0.03,3,100,0.8,103,2,0.0836344789567522,0.6336633663366337,0.2633333333333333,0.01685610128674345,0.0,0.0,1.0
XGBoost_single_no_coords,spatial,False,Pseudechis porphyricaus,17,2,1.0,0.03,3,100,0.8,102,2,0.11370106186160785,0.4225,0.026470588235294117,0.021445459757243473,0.0,0.0,1.0
XGBoost_single_no_coords,spatial,False,Pseudechis porphyricaus,17,3,1.0,0.03,3,100,0.8,102,2,0.06539037815274874,0.99,0.5833333333333333,0.016557425679880843,0.0,0.0,1.0
XGBoost_single_no_coords,spatial,False,Pseudechis porphyricaus,17,4,1.0,0.03,3,100,0.8,103,3,0.11154486071713256,0.8266666666666667,0.46405228758169936,0.02670122063223464,0.0,0.0,1.0
XGBoost_single_no_coords,spatial,False,Pseudechis porphyricaus,17,5,1.0,0.03,3,100,0.8,103,3,0.10630864128137461,0.8966666666666667,0.2792022792022792,0.026407686601778908,0.0,0.0,1.0
XGBoost_single_no_coords,spatial,False,Pseudechis porphyricaus,18,1,1.0,0.03,3,100,1.0,103,2,0.0827002209102522,0.6435643564356436,0.5135135135135135,0.016076814240457017,0.0,0.0,1.0
XGBoost_single_no_coords,spatial,False,Pseudechis porphyricaus,18,2,1.0,0.03,3,100,1.0,102,2,0.11775530890944795,0.3275,0.021120689655172414,0.02158538573097373,0.0,0.0,1.0
XGBoost_single_no_coords,spatial,False,Pseudechis porphyricaus,18,3,1.0,0.03,3,100,1.0,102,2,0.0673370235602006,0.98,0.45,0.017008333670207196,0.0,0.0,1.0
XGBoost_single_no_coords,spatial,False,Pseudechis porphyricaus,18,4,1.0,0.03,3,100,1.0,103,3,0.10472316931880124,0.83,0.5744234800838575,0.02582986731229609,0.0,0.0,1.0
XGBoost_single_no_coords,spatial,False,Pseudechis porphyricaus,18,5,1.0,0.03,3,100,1.0,103,3,0.09823311776747538,0.9033333333333333,0.3134920634920635,0.024805287388491925,0.0,0.0,1.0
XGBoost_single_no_coords,spatial,False,Pseudechis porphyricaus,19,1,1.0,0.03,3,300,0.8,103,2,0.07213400802110975,0.7178217821782179,0.5169491525423728,0.012199034183386356,0.6666666666666666,0.5,1.0
XGBoost_single_no_coords,spatial,False,Pseudechis porphyricaus,19,2,1.0,0.03,3,300,0.8,102,2,0.13497860514845716,0.45999999999999996,0.0264808362369338,0.024936066509115076,0.0,0.0,0.99
XGBoost_single_no_coords,spatial,False,Pseudechis porphyricaus,19,3,1.0,0.03,3,300,0.8,102,2,0.056133040217169014,0.99,0.5833333333333333,0.015633965913747674,0.0,0.0,1.0
XGBoost_single_no_coords,spatial,False,Pseudechis porphyricaus,19,4,1.0,0.03,3,300,0.8,103,3,0.11162719182040637,0.8233333333333334,0.4278155706727135,0.024985468123769485,0.0,0.0,1.0
XGBoost_single_no_coords,spatial,False,Pseudechis porphyricaus,19,5,1.0,0.03,3,300,0.8,103,3,0.10661129039247287,0.8699999999999999,0.22385620915032678,0.027711010841222544,0.0,0.0,1.0
XGBoost_single_no_coords,spatial,False,Pseudechis porphyricaus,20,1,1.0,0.03,3,300,1.0,103,2,0.07199660351876201,0.7821782178217822,0.5217391304347826,0.013027772030064068,0.6666666666666666,0.5,1.0
XGBoost_single_no_coords,spatial,False,Pseudechis porphyricaus,20,2,1.0,0.03,3,300,1.0,102,2,0.1405797536876108,0.32,0.02143744821872411,0.024280080680742725,0.0,0.0,0.99
XGBoost_single_no_coords,spatial,False,Pseudechis porphyricaus,20,3,1.0,0.03,3,300,1.0,102,2,0.060114679319202974,0.98,0.41666666666666663,0.016519597756519105,0.0,0.0,1.0
XGBoost_single_no_coords,spatial,False,Pseudechis porphyricaus,20,4,1.0,0.03,3,300,1.0,103,3,0.1139583858707357,0.7699999999999999,0.42279202279202277,0.0241760385745741,0.0,0.0,1.0
XGBoost_single_no_coords,spatial,False,Pseudechis porphyricaus,20,5,1.0,0.03,3,300,1.0,103,3,0.09903112158588975,0.8933333333333333,0.2857142857142857,0.024843690914893062,0.0,0.0,1.0
XGBoost_single_no_coords,spatial,False,Pseudechis porphyricaus,21,1,1.0,0.03,5,100,0.8,103,2,0.08366378276585922,0.6336633663366337,0.2633333333333333,0.016944591936788444,0.0,0.0,1.0
XGBoost_single_no_coords,spatial,False,Pseudechis porphyricaus,21,2,1.0,0.03,5,100,0.8,102,2,0.11449366246497814,0.4125,0.02541827541827542,0.021389634502253608,0.0,0.0,1.0
XGBoost_single_no_coords,spatial,False,Pseudechis porphyricaus,21,3,1.0,0.03,5,100,0.8,102,2,0.06656904372856905,0.985,0.5,0.016798017962416485,0.0,0.0,1.0
XGBoost_single_no_coords,spatial,False,Pseudechis porphyricaus,21,4,1.0,0.03,5,100,0.8,103,3,0.11093649491738651,0.83,0.46444444444444444,0.026622250509121932,0.0,0.0,1.0
XGBoost_single_no_coords,spatial,False,Pseudechis porphyricaus,21,5,1.0,0.03,5,100,0.8,103,3,0.10536453658058256,0.8983333333333333,0.2329059829059829,0.026259842791414252,0.0,0.0,1.0
XGBoost_single_no_coords,spatial,False,Pseudechis porphyricaus,22,1,1.0,0.03,5,100,1.0,103,2,0.07757556784664563,0.7227722772277227,0.5172413793103449,0.015271079929959566,0.0,0.0,1.0
XGBoost_single_no_coords,spatial,False,Pseudechis porphyricaus,22,2,1.0,0.03,5,100,1.0,102,2,0.12344468355785349,0.16500000000000004,0.01717342342342342,0.02107771340895722,0.0,0.0,1.0
XGBoost_single_no_coords,spatial,False,Pseudechis porphyricaus,22,3,1.0,0.03,5,100,1.0,102,2,0.06702776215527247,0.965,0.30952380952380953,0.01710289915445701,0.0,0.0,1.0
XGBoost_single_no_coords,spatial,False,Pseudechis porphyricaus,22,4,1.0,0.03,5,100,1.0,103,3,0.10342952520657947,0.8466666666666666,0.5763888888888888,0.025455853766715743,0.0,0.0,1.0
XGBoost_single_no_coords,spatial,False,Pseudechis porphyricaus,22,5,1.0,0.03,5,100,1.0,103,3,0.09879805349353046,0.8966666666666666,0.2963875205254516,0.02482122039616995,0.0,0.0,1.0
XGBoost_single_no_coords,spatial,False,Pseudechis porphyricaus,23,1,1.0,0.03,5,300,0.8,103,2,0.07232016051125889,0.7227722772277227,0.5172413793103449,0.01254946734696374,0.6666666666666666,0.5,1.0
XGBoost_single_no_coords,spatial,False,Pseudechis porphyricaus,23,2,1.0,0.03,5,300,0.8,102,2,0.13489882671374015,0.455,0.026279628993473032,0.024571397197915772,0.0,0.0,0.99
XGBoost_single_no_coords,spatial,False,Pseudechis porphyricaus,23,3,1.0,0.03,5,300,0.8,102,2,0.05610878466353874,0.985,0.5,0.01567940873129301,0.0,0.0,1.0
XGBoost_single_no_coords,spatial,False,Pseudechis porphyricaus,23,4,1.0,0.03,5,300,0.8,103,3,0.1105239774907575,0.83,0.4286840031520882,0.02484446949476169,0.0,0.0,1.0
XGBoost_single_no_coords,spatial,False,Pseudechis porphyricaus,23,5,1.0,0.03,5,300,0.8,103,3,0.10589403618098868,0.8733333333333332,0.22474747474747475,0.02738805559067725,0.0,0.0,1.0
XGBoost_single_no_coords,spatial,False,Pseudechis porphyricaus,24,1,1.0,0.03,5,300,1.0,103,2,0.06879348999637376,0.8069306930693069,0.524390243902439,0.012556910095740477,0.6666666666666666,0.5,1.0
XGBoost_single_no_coords,spatial,False,Pseudechis porphyricaus,24,2,1.0,0.03,5,300,1.0,102,2,0.1405465977933512,0.315,0.021330883853847724,0.02334207407779867,0.0,0.0,0.99
XGBoost_single_no_coords,spatial,False,Pseudechis porphyricaus,24,3,1.0,0.03,5,300,1.0,102,2,0.06336122378486604,0.965,0.30952380952380953,0.01735441236101395,0.0,0.0,1.0
XGBoost_single_no_coords,spatial,False,Pseudechis porphyricaus,24,4,1.0,0.03,5,300,1.0,103,3,0.11069079043183325,0.7966666666666666,0.4249512670565302,0.0236136191769812,0.0,0.0,1.0
XGBoost_single_no_coords,spatial,False,Pseudechis porphyricaus,24,5,1.0,0.03,5,300,1.0,103,3,0.1007235693980028,0.9033333333333333,0.28148148148148144,0.025761015038666943,0.0,0.0,1.0
XGBoost_single_no_coords,spatial,False,Pseudechis porphyricaus,25,1,1.0,0.1,3,100,0.8,103,2,0.0705950073300067,0.7574257425742574,0.5196078431372549,0.012336538060948206,0.6666666666666666,0.5,1.0
XGBoost_single_no_coords,spatial,False,Pseudechis porphyricaus,25,2,1.0,0.1,3,100,0.8,102,2,0.13956384088186535,0.44,0.025342039800995024,0.025456565967559592,0.0,0.0,0.99
XGBoost_single_no_coords,spatial,False,Pseudechis porphyricaus,25,3,1.0,0.1,3,100,0.8,102,2,0.061463255495072214,0.9650000000000001,0.29166666666666663,0.01680298087746159,0.0,0.0,1.0
XGBoost_single_no_coords,spatial,False,Pseudechis porphyricaus,25,4,1.0,0.1,3,100,0.8,103,3,0.11313790746647319,0.82,0.25416666666666665,0.02538129014979869,0.0,0.0,1.0
XGBoost_single_no_coords,spatial,False,Pseudechis porphyricaus,25,5,1.0,0.1,3,100,0.8,103,3,0.10559277337690963,0.89,0.23015873015873015,0.02791627414369907,0.0,0.0,1.0
XGBoost_single_no_coords,spatial,False,Pseudechis porphyricaus,26,1,1.0,0.1,3,100,1.0,103,2,0.07252984284231216,0.7673267326732673,0.5204081632653061,0.013104773094894646,0.6666666666666666,0.5,1.0
XGBoost_single_no_coords,spatial,False,Pseudechis porphyricaus,26,2,1.0,0.1,3,100,1.0,102,2,0.1443078998760358,0.315,0.02102564102564103,0.02477123334921048,0.0,0.0,0.99
XGBoost_single_no_coords,spatial,False,Pseudechis porphyricaus,26,3,1.0,0.1,3,100,1.0,102,2,0.06233074954211406,0.965,0.375,0.01693165173242481,0.0,0.0,1.0
XGBoost_single_no_coords,spatial,False,Pseudechis porphyricaus,26,4,1.0,0.1,3,100,1.0,103,3,0.11649739096668264,0.7466666666666666,0.4140845070422535,0.02391455557581876,0.0,0.0,1.0
XGBoost_single_no_coords,spatial,False,Pseudechis porphyricaus,26,5,1.0,0.1,3,100,1.0,103,3,0.10462500534901062,0.89,0.23015873015873015,0.02712729511418516,0.0,0.0,1.0
XGBoost_single_no_coords,spatial,False,Pseudechis porphyricaus,27,1,1.0,0.1,3,300,0.8,103,2,0.06881249605741362,0.8217821782178218,0.5263157894736842,0.012080139732468654,0.6666666666666666,0.5,1.0
XGBoost_single_no_coords,spatial,False,Pseudechis porphyricaus,27,2,1.0,0.1,3,300,0.8,102,2,0.1688052663073622,0.41,0.024313186813186814,0.027644189835818418,0.0,0.0,0.99
XGBoost_single_no_coords,spatial,False,Pseudechis porphyricaus,27,3,1.0,0.1,3,300,0.8,102,2,0.06625673763945072,0.945,0.20833333333333331,0.01893152557790239,0.0,0.0,1.0
XGBoost_single_no_coords,spatial,False,Pseudechis porphyricaus,27,4,1.0,0.1,3,300,0.8,103,3,0.1204024162108338,0.7899999999999999,0.3942307692307692,0.02269455755150619,0.0,0.0,1.0
XGBoost_single_no_coords,spatial,False,Pseudechis porphyricaus,27,5,1.0,0.1,3,300,0.8,103,3,0.10965112933175275,0.86,0.324390243902439,0.025225857728000043,0.0,0.0,0.99
XGBoost_single_no_coords,spatial,False,Pseudechis porphyricaus,28,1,1.0,0.1,3,300,1.0,103,2,0.07439191544126075,0.7920792079207922,0.5227272727272727,0.012414359412789917,0.6666666666666666,0.5,1.0
XGBoost_single_no_coords,spatial,False,Pseudechis porphyricaus,28,2,1.0,0.1,3,300,1.0,102,2,0.1617975736222497,0.41500000000000004,0.02474972191323693,0.02671246658348025,0.0,0.0,0.99
XGBoost_single_no_coords,spatial,False,Pseudechis porphyricaus,28,3,1.0,0.1,3,300,1.0,102,2,0.062154528690289125,0.955,0.24285714285714285,0.017894312716519967,0.0,0.0,1.0
XGBoost_single_no_coords,spatial,False,Pseudechis porphyricaus,28,4,1.0,0.1,3,300,1.0,103,3,0.12861105515520224,0.7366666666666666,0.3922705314009662,0.021920018059832028,0.5,0.3333333333333333,1.0
XGBoost_single_no_coords,spatial,False,Pseudechis porphyricaus,28,5,1.0,0.1,3,300,1.0,103,3,0.10326610582201193,0.8966666666666666,0.33333333333333337,0.026097186506326864,0.0,0.0,0.99
XGBoost_single_no_coords,spatial,False,Pseudechis porphyricaus,29,1,1.0,0.1,5,100,0.8,103,2,0.06967373020915103,0.7623762376237624,0.52,0.012343389286680441,0.6666666666666666,0.5,1.0
XGBoost_single_no_coords,spatial,False,Pseudechis porphyricaus,29,2,1.0,0.1,5,100,0.8,102,2,0.13958396609362633,0.375,0.022772772772772773,0.02464291617175047,0.0,0.0,0.99
XGBoost_single_no_coords,spatial,False,Pseudechis porphyricaus,29,3,1.0,0.1,5,100,0.8,102,2,0.060453348715706866,0.97,0.3333333333333333,0.016767344951449516,0.0,0.0,1.0
XGBoost_single_no_coords,spatial,False,Pseudechis porphyricaus,29,4,1.0,0.1,5,100,0.8,103,3,0.11916945335370165,0.7899999999999999,0.23646723646723644,0.02555535708016006,0.0,0.0,1.0
XGBoost_single_no_coords,spatial,False,Pseudechis porphyricaus,29,5,1.0,0.1,5,100,0.8,103,3,0.10661307529114906,0.8866666666666666,0.2289272030651341,0.027877341175905603,0.0,0.0,1.0
XGBoost_single_no_coords,spatial,False,Pseudechis porphyricaus,30,1,1.0,0.1,5,100,1.0,103,2,0.06930445867716577,0.8217821782178218,0.5263157894736842,0.013454511661993112,0.6666666666666666,0.5,1.0
XGBoost_single_no_coords,spatial,False,Pseudechis porphyricaus,30,2,1.0,0.1,5,100,1.0,102,2,0.14373226763808647,0.32,0.02143744821872411,0.023722873346775242,0.0,0.0,0.99
XGBoost_single_no_coords,spatial,False,Pseudechis porphyricaus,30,3,1.0,0.1,5,100,1.0,102,2,0.0631013540911131,0.96,0.26785714285714285,0.017553423492828554,0.0,0.0,1.0
XGBoost_single_no_coords,spatial,False,Pseudechis porphyricaus,30,4,1.0,0.1,5,100,1.0,103,3,0.11126171852764942,0.8066666666666666,0.42592592592592593,0.02329557881145474,0.0,0.0,1.0
XGBoost_single_no_coords,spatial,False,Pseudechis porphyricaus,30,5,1.0,0.1,5,100,1.0,103,3,0.10053251093974096,0.8999999999999999,0.29894179894179895,0.02583942629968897,0.0,0.0,0.99
XGBoost_single_no_coords,spatial,False,Pseudechis porphyricaus,31,1,1.0,0.1,5,300,0.8,103,2,0.06649761782952437,0.8217821782178218,0.5263157894736842,0.011125037344267535,0.6666666666666666,0.5,1.0
XGBoost_single_no_coords,spatial,False,Pseudechis porphyricaus,31,2,1.0,0.1,5,300,0.8,102,2,0.16729174437484431,0.38999999999999996,0.023421325051759832,0.027024350272298405,0.0,0.0,0.99
XGBoost_single_no_coords,spatial,False,Pseudechis porphyricaus,31,3,1.0,0.1,5,300,0.8,102,2,0.0640888089601525,0.955,0.25,0.018652780508144052,0.0,0.0,1.0
XGBoost_single_no_coords,spatial,False,Pseudechis porphyricaus,31,4,1.0,0.1,5,300,0.8,103,3,0.12223975148054551,0.7833333333333333,0.3935185185185185,0.022400219551347543,0.0,0.0,1.0
XGBoost_single_no_coords,spatial,False,Pseudechis porphyricaus,31,5,1.0,0.1,5,300,0.8,103,3,0.11247600746251331,0.8566666666666667,0.3021680216802168,0.02572852617646782,0.0,0.0,0.99
XGBoost_single_no_coords,spatial,False,Pseudechis porphyricaus,32,1,1.0,0.1,5,300,1.0,103,2,0.07159615985527402,0.8366336633663366,0.5285714285714286,0.01243944010099253,0.6666666666666666,0.5,1.0
XGBoost_single_no_coords,spatial,False,Pseudechis porphyricaus,32,2,1.0,0.1,5,300,1.0,102,2,0.1623301181991004,0.36,0.022642390289449112,0.025729367808375914,0.0,0.0,0.99
XGBoost_single_no_coords,spatial,False,Pseudechis porphyricaus,32,3,1.0,0.1,5,300,1.0,102,2,0.06333399248018358,0.95,0.2361111111111111,0.01873134667227592,0.0,0.0,1.0
XGBoost_single_no_coords,spatial,False,Pseudechis porphyricaus,32,4,1.0,0.1,5,300,1.0,103,3,0.12375197654861977,0.7799999999999999,0.4163934426229508,0.02217728316216345,0.0,0.0,1.0
XGBoost_single_no_coords,spatial,False,Pseudechis porphyricaus,32,5,1.0,0.1,5,300,1.0,103,3,0.09999077095925744,0.8999999999999999,0.3666666666666667,0.025237062886406716,0.0,0.0,0.99
XGBoost_single_no_coords,spatial,False,Saltuarius swaini,1,1,0.8,0.03,3,100,0.8,103,2,0.10800087125544713,0.35148514851485146,0.022233201581027668,0.019449405405605795,0.0,0.0,1.0
XGBoost_single_no_coords,spatial,False,Saltuarius swaini,1,2,0.8,0.03,3,100,0.8,102,1,0.06774504759204698,0.00990099009900991,0.009900990099009901,0.01009679202769347,0.0,0.0,1.0
XGBoost_single_no_coords,spatial,False,Saltuarius swaini,1,3,0.8,0.03,3,100,0.8,103,2,0.09526469683103463,0.6633663366336634,0.041245791245791245,0.01909613130850851,0.0,0.0,1.0
XGBoost_single_no_coords,spatial,False,Saltuarius swaini,1,4,0.8,0.03,3,100,0.8,103,2,0.10513511448427451,0.3564356435643565,0.0220856102003643,0.01935616792860499,0.0,0.0,1.0
XGBoost_single_no_coords,spatial,False,Saltuarius swaini,1,5,0.8,0.03,3,100,0.8,102,1,0.06311641440966789,0.16831683168316836,0.011764705882352941,0.009964120531946369,0.0,0.0,1.0
XGBoost_single_no_coords,spatial,False,Saltuarius swaini,2,1,0.8,0.03,3,100,1.0,103,2,0.10944374102614567,0.37376237623762376,0.02268649064342476,0.019517315710511584,0.0,0.0,1.0
XGBoost_single_no_coords,spatial,False,Saltuarius swaini,2,2,0.8,0.03,3,100,1.0,102,1,0.06903212009022926,0.03960396039603964,0.01020408163265306,0.010213183403239913,0.0,0.0,1.0
XGBoost_single_no_coords,spatial,False,Saltuarius swaini,2,3,0.8,0.03,3,100,1.0,103,2,0.09315864235216027,0.6955445544554456,0.05024509803921569,0.019068924681088565,0.0,0.0,1.0
XGBoost_single_no_coords,spatial,False,Saltuarius swaini,2,4,0.8,0.03,3,100,1.0,103,2,0.10219800408800639,0.5742574257425743,0.03358585858585859,0.01932724464610262,0.0,0.0,1.0
XGBoost_single_no_coords,spatial,False,Saltuarius swaini,2,5,0.8,0.03,3,100,1.0,102,1,0.061165101677692985,0.3168316831683168,0.014285714285714285,0.009943447329855904,0.0,0.0,1.0
XGBoost_single_no_coords,spatial,False,Saltuarius swaini,3,1,0.8,0.03,3,300,0.8,103,2,0.11968858716880985,0.3069306930693069,0.02039983680130559,0.01964730837848783,0.0,0.0,1.0
XGBoost_single_no_coords,spatial,False,Saltuarius swaini,3,2,0.8,0.03,3,300,0.8,102,1,0.08243934950219257,0.00990099009900991,0.009900990099009901,0.010712506043958696,0.0,0.0,1.0
XGBoost_single_no_coords,spatial,False,Saltuarius swaini,3,3,0.8,0.03,3,300,0.8,103,2,0.09855587996342306,0.7029702970297029,0.04642857142857143,0.01937183793245696,0.0,0.0,1.0
XGBoost_single_no_coords,spatial,False,Saltuarius swaini,3,4,0.8,0.03,3,300,0.8,103,2,0.11834701863978225,0.22277227722772275,0.01821537473920719,0.019503752580237885,0.0,0.0,1.0
XGBoost_single_no_coords,spatial,False,Saltuarius swaini,3,5,0.8,0.03,3,300,0.8,102,1,0.0686272499453532,0.16831683168316836,0.011764705882352941,0.010074865157322881,0.0,0.0,1.0
XGBoost_single_no_coords,spatial,False,Saltuarius swaini,4,1,0.8,0.03,3,300,1.0,103,2,0.1265059704982547,0.32920792079207917,0.021405677655677656,0.019687343958521217,0.0,0.0,1.0
XGBoost_single_no_coords,spatial,False,Saltuarius swaini,4,2,0.8,0.03,3,300,1.0,102,1,0.08770821716989864,0.01980198019801982,0.01,0.01122304539658674,0.0,0.0,1.0
XGBoost_single_no_coords,spatial,False,Saltuarius swaini,4,3,0.8,0.03,3,300,1.0,103,2,0.10264507934195895,0.6386138613861386,0.04285714285714286,0.019760467627791194,0.0,0.0,1.0
XGBoost_single_no_coords,spatial,False,Saltuarius swaini,4,4,0.8,0.03,3,300,1.0,103,2,0.1151441983878786,0.4158415841584159,0.026200135226504394,0.019531642014085412,0.0,0.0,1.0
XGBoost_single_no_coords,spatial,False,Saltuarius swaini,4,5,0.8,0.03,3,300,1.0,102,1,0.06927438671411253,0.2376237623762376,0.01282051282051282,0.010310330105017166,0.0,0.0,1.0
XGBoost_single_no_coords,spatial,False,Saltuarius swaini,5,1,0.8,0.03,5,100,0.8,103,2,0.10800087125544713,0.35148514851485146,0.022233201581027668,0.019449405405605795,0.0,0.0,1.0
XGBoost_single_no_coords,spatial,False,Saltuarius swaini,5,2,0.8,0.03,5,100,0.8,102,1,0.06774504759204698,0.00990099009900991,0.009900990099009901,0.01009679202769347,0.0,0.0,1.0
XGBoost_single_no_coords,spatial,False,Saltuarius swaini,5,3,0.8,0.03,5,100,0.8,103,2,0.09526469683103463,0.6633663366336634,0.041245791245791245,0.01909613130850851,0.0,0.0,1.0
XGBoost_single_no_coords,spatial,False,Saltuarius swaini,5,4,0.8,0.03,5,100,0.8,103,2,0.10513511448427451,0.3564356435643565,0.0220856102003643,0.01935616792860499,0.0,0.0,1.0
XGBoost_single_no_coords,spatial,False,Saltuarius swaini,5,5,0.8,0.03,5,100,0.8,102,1,0.06310598418613805,0.16831683168316836,0.011764705882352941,0.009963282965707237,0.0,0.0,1.0
XGBoost_single_no_coords,spatial,False,Saltuarius swaini,6,1,0.8,0.03,5,100,1.0,103,2,0.10954744567810913,0.3787128712871287,0.022833419823559936,0.01951569323714026,0.0,0.0,1.0
XGBoost_single_no_coords,spatial,False,Saltuarius swaini,6,2,0.8,0.03,5,100,1.0,102,1,0.06853306471658427,0.04950495049504955,0.010309278350515464,0.010239960970369942,0.0,0.0,1.0
XGBoost_single_no_coords,spatial,False,Saltuarius swaini,6,3,0.8,0.03,5,100,1.0,103,2,0.09387361799144922,0.6856435643564356,0.04714912280701754,0.019109406173075497,0.0,0.0,1.0
XGBoost_single_no_coords,spatial,False,Saltuarius swaini,6,4,0.8,0.03,5,100,1.0,103,2,0.10226437312837933,0.5841584158415841,0.03393425238600212,0.019344493817672264,0.0,0.0,1.0
XGBoost_single_no_coords,spatial,False,Saltuarius swaini,6,5,0.8,0.03,5,100,1.0,102,1,0.061247573125143416,0.306930693069307,0.014084507042253521,0.009939642800528316,0.0,0.0,1.0
XGBoost_single_no_coords,spatial,False,Saltuarius swaini,7,1,0.8,0.03,5,300,0.8,103,2,0.11968858716880985,0.3069306930693069,0.02039983680130559,0.01964730837848783,0.0,0.0,1.0
XGBoost_single_no_coords,spatial,False,Saltuarius swaini,7,2,0.8,0.03,5,300,0.8,102,1,0.08243934950219257,0.00990099009900991,0.009900990099009901,0.010712506043958696,0.0,0.0,1.0
XGBoost_single_no_coords,spatial,False,Saltuarius swaini,7,3,0.8,0.03,5,300,0.8,103,2,0.09855587996342306,0.7029702970297029,0.04642857142857143,0.01937183793245696,0.0,0.0,1.0
XGBoost_single_no_coords,spatial,False,Saltuarius swaini,7,4,0.8,0.03,5,300,0.8,103,2,0.11834701863978225,0.22277227722772275,0.01821537473920719,0.019503752580237885,0.0,0.0,1.0
XGBoost_single_no_coords,spatial,False,Saltuarius swaini,7,5,0.8,0.03,5,300,0.8,102,1,0.06848933617666257,0.16831683168316836,0.011764705882352941,0.010066535774413419,0.0,0.0,1.0
XGBoost_single_no_coords,spatial,False,Saltuarius swaini,8,1,0.8,0.03,5,300,1.0,103,2,0.12726599923188453,0.32425742574257427,0.02119309262166405,0.019679396161837344,0.0,0.0,1.0
XGBoost_single_no_coords,spatial,False,Saltuarius swaini,8,2,0.8,0.03,5,300,1.0,102,1,0.08385360824829227,0.01980198019801982,0.01,0.011405060121624472,0.0,0.0,1.0
XGBoost_single_no_coords,spatial,False,Saltuarius swaini,8,3,0.8,0.03,5,300,1.0,103,2,0.10309270630955197,0.6435643564356436,0.04665314401622718,0.019747650371436994,0.0,0.0,1.0
XGBoost_single_no_coords,spatial,False,Saltuarius swaini,8,4,0.8,0.03,5,300,1.0,103,2,0.11573467684233539,0.4158415841584159,0.02591362126245847,0.019569273552819816,0.0,0.0,1.0
XGBoost_single_no_coords,spatial,False,Saltuarius swaini,8,5,0.8,0.03,5,300,1.0,102,1,0.06938074997953081,0.24752475247524752,0.012987012987012988,0.010306602386764984,0.0,0.0,1.0
XGBoost_single_no_coords,spatial,False,Saltuarius swaini,9,1,0.8,0.1,3,100,0.8,103,2,0.11660705566054859,0.3613861386138614,0.02214960058097313,0.019705449892592035,0.0,0.0,1.0
XGBoost_single_no_coords,spatial,False,Saltuarius swaini,9,2,0.8,0.1,3,100,0.8,102,1,0.08705128020687876,0.00990099009900991,0.009900990099009901,0.011217979613488745,0.0,0.0,1.0
XGBoost_single_no_coords,spatial,False,Saltuarius swaini,9,3,0.8,0.1,3,100,0.8,103,2,0.0972818023425455,0.7079207920792079,0.04700854700854701,0.01927264594581889,0.0,0.0,1.0
XGBoost_single_no_coords,spatial,False,Saltuarius swaini,9,4,0.8,0.1,3,100,0.8,103,2,0.11626540612723306,0.29207920792079206,0.020128824476650563,0.019483486828788477,0.0,0.0,1.0
XGBoost_single_no_coords,spatial,False,Saltuarius swaini,9,5,0.8,0.1,3,100,0.8,102,1,0.0679700371347327,0.20792079207920788,0.012345679012345678,0.010087422542132067,0.0,0.0,1.0
XGBoost_single_no_coords,spatial,False,Saltuarius swaini,10,1,0.8,0.1,3,100,1.0,103,2,0.1315095181295391,0.3267326732673267,0.02188995215311005,0.01985166042490759,0.0,0.0,1.0
XGBoost_single_no_coords,spatial,False,Saltuarius swaini,10,2,0.8,0.1,3,100,1.0,102,1,0.08794542314484295,0.01980198019801982,0.01,0.01153172040763208,0.0,0.0,1.0
XGBoost_single_no_coords,spatial,False,Saltuarius swaini,10,3,0.8,0.1,3,100,1.0,103,2,0.10537728266704638,0.6386138613861386,0.04285714285714286,0.019993104261762144,0.0,0.0,1.0
XGBoost_single_no_coords,spatial,False,Saltuarius swaini,10,4,0.8,0.1,3,100,1.0,103,2,0.1192345535095357,0.3613861386138614,0.02379619260918253,0.019586187921884844,0.0,0.0,1.0
XGBoost_single_no_coords,spatial,False,Saltuarius swaini,10,5,0.8,0.1,3,100,1.0,102,1,0.07179938548651878,0.18811881188118806,0.012048192771084338,0.010374911451141352,0.0,0.0,1.0
XGBoost_single_no_coords,spatial,False,Saltuarius swaini,11,1,0.8,0.1,3,300,0.8,103,2,0.13400637060817053,0.3069306930693069,0.020545073375262055,0.019828039791104302,0.0,0.0,1.0
XGBoost_single_no_coords,spatial,False,Saltuarius swaini,11,2,0.8,0.1,3,300,0.8,102,1,0.10381139356754415,0.00990099009900991,0.009900990099009901,0.011195655644191631,0.0,0.0,1.0
XGBoost_single_no_coords,spatial,False,Saltuarius swaini,11,3,0.8,0.1,3,300,0.8,103,2,0.10651484898307038,0.6534653465346535,0.04483430799220273,0.01961294879407792,0.0,0.0,1.0
XGBoost_single_no_coords,spatial,False,Saltuarius swaini,11,4,0.8,0.1,3,300,0.8,103,2,0.14457745028063831,0.2524752475247525,0.01913265306122449,0.019565403000713022,0.0,0.0,1.0
XGBoost_single_no_coords,spatial,False,Saltuarius swaini,11,5,0.8,0.1,3,300,0.8,102,1,0.07105647367624561,0.3168316831683168,0.014285714285714285,0.010090066755940253,0.0,0.0,1.0
XGBoost_single_no_coords,spatial,False,Saltuarius swaini,12,1,0.8,0.1,3,300,1.0,103,2,0.14534433441061373,0.3564356435643565,0.02419816723940435,0.019833861824801572,0.0,0.0,1.0
XGBoost_single_no_coords,spatial,False,Saltuarius swaini,12,2,0.8,0.1,3,300,1.0,102,1,0.1029229220048924,0.01980198019801982,0.01,0.011929321189634185,0.0,0.0,1.0
XGBoost_single_no_coords,spatial,False,Saltuarius swaini,12,3,0.8,0.1,3,300,1.0,103,2,0.10448399012400963,0.7128712871287128,0.05213903743315508,0.019840766857006944,0.0,0.0,1.0
XGBoost_single_no_coords,spatial,False,Saltuarius swaini,12,4,0.8,0.1,3,300,1.0,103,2,0.14566827539225483,0.297029702970297,0.0202020202020202,0.019646662126845925,0.0,0.0,1.0
XGBoost_single_no_coords,spatial,False,Saltuarius swaini,12,5,0.8,0.1,3,300,1.0,102,1,0.07440843302303926,0.3564356435643564,0.015151515151515152,0.010295629015170595,0.0,0.0,1.0
XGBoost_single_no_coords,spatial,False,Saltuarius swaini,13,1,0.8,0.1,5,100,0.8,103,2,0.11660705566054859,0.3613861386138614,0.02214960058097313,0.019705449892592035,0.0,0.0,1.0
XGBoost_single_no_coords,spatial,False,Saltuarius swaini,13,2,0.8,0.1,5,100,0.8,102,1,0.08705128020687876,0.00990099009900991,0.009900990099009901,0.011217979613488745,0.0,0.0,1.0
XGBoost_single_no_coords,spatial,False,Saltuarius swaini,13,3,0.8,0.1,5,100,0.8,103,2,0.0972818023425455,0.7079207920792079,0.04700854700854701,0.01927264594581889,0.0,0.0,1.0
XGBoost_single_no_coords,spatial,False,Saltuarius swaini,13,4,0.8,0.1,5,100,0.8,103,2,0.11626540612723306,0.29207920792079206,0.020128824476650563,0.019483486828788477,0.0,0.0,1.0
XGBoost_single_no_coords,spatial,False,Saltuarius swaini,13,5,0.8,0.1,5,100,0.8,102,1,0.06878319508648482,0.19801980198019797,0.012195121951219513,0.01006520379726045,0.0,0.0,1.0
XGBoost_single_no_coords,spatial,False,Saltuarius swaini,14,1,0.8,0.1,5,100,1.0,103,2,0.12978131751144345,0.31435643564356436,0.021420389461626575,0.019776217369792876,0.0,0.0,1.0
XGBoost_single_no_coords,spatial,False,Saltuarius swaini,14,2,0.8,0.1,5,100,1.0,102,1,0.08789634599325279,0.01980198019801982,0.01,0.011333969171301474,0.0,0.0,1.0
XGBoost_single_no_coords,spatial,False,Saltuarius swaini,14,3,0.8,0.1,5,100,1.0,103,2,0.10515461866787748,0.6435643564356436,0.04318181818181818,0.019869407657015385,0.0,0.0,1.0
XGBoost_single_no_coords,spatial,False,Saltuarius swaini,14,4,0.8,0.1,5,100,1.0,103,2,0.11711211117176641,0.4158415841584159,0.02591362126245847,0.0195812689487039,0.0,0.0,1.0
XGBoost_single_no_coords,spatial,False,Saltuarius swaini,14,5,0.8,0.1,5,100,1.0,102,1,0.07164872138453648,0.19801980198019797,0.012195121951219513,0.010356160368627677,0.0,0.0,1.0
XGBoost_single_no_coords,spatial,False,Saltuarius swaini,15,1,0.8,0.1,5,300,0.8,103,2,0.13400637060817053,0.3069306930693069,0.020545073375262055,0.019828039791104302,0.0,0.0,1.0
XGBoost_single_no_coords,spatial,False,Saltuarius swaini,15,2,0.8,0.1,5,300,0.8,102,1,0.10381139356754415,0.00990099009900991,0.009900990099009901,0.011195655644191631,0.0,0.0,1.0
XGBoost_single_no_coords,spatial,False,Saltuarius swaini,15,3,0.8,0.1,5,300,0.8,103,2,0.10651484898307038,0.6534653465346535,0.04483430799220273,0.01961294879407792,0.0,0.0,1.0
XGBoost_single_no_coords,spatial,False,Saltuarius swaini,15,4,0.8,0.1,5,300,0.8,103,2,0.14457745028063831,0.2524752475247525,0.01913265306122449,0.019565403000713022,0.0,0.0,1.0
XGBoost_single_no_coords,spatial,False,Saltuarius swaini,15,5,0.8,0.1,5,300,0.8,102,1,0.07375989367767538,0.24752475247524752,0.012987012987012988,0.010069671654553207,0.0,0.0,1.0
XGBoost_single_no_coords,spatial,False,Saltuarius swaini,16,1,0.8,0.1,5,300,1.0,103,2,0.1473800330180635,0.3242574257425742,0.021937185327259648,0.01985927037557875,0.0,0.0,1.0
XGBoost_single_no_coords,spatial,False,Saltuarius swaini,16,2,0.8,0.1,5,300,1.0,102,1,0.10287947850996282,0.01980198019801982,0.01,0.011402430845008976,0.0,0.0,1.0
XGBoost_single_no_coords,spatial,False,Saltuarius swaini,16,3,0.8,0.1,5,300,1.0,103,2,0.10414142978528737,0.7178217821782179,0.05555555555555555,0.019784155024295754,0.0,0.0,1.0
XGBoost_single_no_coords,spatial,False,Saltuarius swaini,16,4,0.8,0.1,5,300,1.0,103,2,0.14799019670557254,0.27722772277227725,0.019569288389513106,0.019722824114593338,0.0,0.0,1.0
XGBoost_single_no_coords,spatial,False,Saltuarius swaini,16,5,0.8,0.1,5,300,1.0,102,1,0.07413608442534698,0.36633663366336633,0.015384615384615385,0.010443609031260825,0.0,0.0,1.0
XGBoost_single_no_coords,spatial,False,Saltuarius swaini,17,1,1.0,0.03,3,100,0.8,103,2,0.11112025014474149,0.28712871287128716,0.01982758620689655,0.01948433308441428,0.0,0.0,1.0
XGBoost_single_no_coords,spatial,False,Saltuarius swaini,17,2,1.0,0.03,3,100,0.8,102,1,0.06829720400250948,0.0,0.00980392156862745,0.010109755702240118,0.0,0.0,1.0
XGBoost_single_no_coords,spatial,False,Saltuarius swaini,17,3,1.0,0.03,3,100,0.8,103,2,0.0921895303283655,0.7871287128712873,0.06439393939393939,0.019019172937335627,0.0,0.0,1.0
XGBoost_single_no_coords,spatial,False,Saltuarius swaini,17,4,1.0,0.03,3,100,0.8,103,2,0.10596864581288683,0.36633663366336633,0.022285443338074917,0.01937461970191708,0.0,0.0,1.0
XGBoost_single_no_coords,spatial,False,Saltuarius swaini,17,5,1.0,0.03,3,100,0.8,102,1,0.06240150838754173,0.2178217821782178,0.0125,0.00993419468279471,0.0,0.0,1.0
XGBoost_single_no_coords,spatial,False,Saltuarius swaini,18,1,1.0,0.03,3,100,1.0,103,2,0.11524770847969733,0.3193069306930693,0.02079759862778731,0.019613440734972638,0.0,0.0,1.0
XGBoost_single_no_coords,spatial,False,Saltuarius swaini,18,2,1.0,0.03,3,100,1.0,102,1,0.07030072812176194,0.01980198019801982,0.01,0.010346747524218106,0.0,0.0,1.0
XGBoost_single_no_coords,spatial,False,Saltuarius swaini,18,3,1.0,0.03,3,100,1.0,103,2,0.09517828299511182,0.6658415841584159,0.0446078431372549,0.019134663646180765,0.0,0.0,1.0
XGBoost_single_no_coords,spatial,False,Saltuarius swaini,18,4,1.0,0.03,3,100,1.0,103,2,0.10314273231653528,0.5643564356435644,0.0321078431372549,0.019386293966724002,0.0,0.0,1.0
XGBoost_single_no_coords,spatial,False,Saltuarius swaini,18,5,1.0,0.03,3,100,1.0,102,1,0.0629074495352852,0.31683168316831684,0.0136986301369863,0.009980818707381447,0.0,0.0,1.0
XGBoost_single_no_coords,spatial,False,Saltuarius swaini,19,1,1.0,0.03,3,300,0.8,103,2,0.12564473101246637,0.2376237623762376,0.018588896232650365,0.019680677751242274,0.0,0.0,1.0
XGBoost_single_no_coords,spatial,False,Saltuarius swaini,19,2,1.0,0.03,3,300,0.8,102,1,0.08339210793557643,0.0,0.00980392156862745,0.010782991378034889,0.0,0.0,1.0
XGBoost_single_no_coords,spatial,False,Saltuarius swaini,19,3,1.0,0.03,3,300,0.8,103,2,0.09422728663931963,0.7326732673267328,0.05113636363636363,0.01921611555696543,0.0,0.0,1.0
XGBoost_single_no_coords,spatial,False,Saltuarius swaini,19,4,1.0,0.03,3,300,0.8,103,2,0.12178793789558008,0.24752475247524752,0.018859649122807017,0.019541747199212728,0.0,0.0,1.0
XGBoost_single_no_coords,spatial,False,Saltuarius swaini,19,5,1.0,0.03,3,300,0.8,102,1,0.067923444551066,0.18811881188118806,0.012048192771084338,0.010057445024924954,0.0,0.0,1.0
XGBoost_single_no_coords,spatial,False,Saltuarius swaini,20,1,1.0,0.03,3,300,1.0,103,2,0.1243517199839811,0.37376237623762376,0.023268398268398268,0.019645440565625238,0.0,0.0,1.0
XGBoost_single_no_coords,spatial,False,Saltuarius swaini,20,2,1.0,0.03,3,300,1.0,102,1,0.09132712683582554,0.00990099009900991,0.009900990099009901,0.011699454937459875,0.0,0.0,1.0
XGBoost_single_no_coords,spatial,False,Saltuarius swaini,20,3,1.0,0.03,3,300,1.0,103,2,0.10719046942167763,0.6138613861386139,0.038377192982456135,0.019883798453407358,0.0,0.0,1.0
XGBoost_single_no_coords,spatial,False,Saltuarius swaini,20,4,1.0,0.03,3,300,1.0,103,2,0.1234322348763453,0.3118811881188118,0.02128623188405797,0.0196415997656964,0.0,0.0,1.0
XGBoost_single_no_coords,spatial,False,Saltuarius swaini,20,5,1.0,0.03,3,300,1.0,102,1,0.07343646632447447,0.12871287128712872,0.011235955056179775,0.0104831075770463,0.0,0.0,1.0
XGBoost_single_no_coords,spatial,False,Saltuarius swaini,21,1,1.0,0.03,5,100,0.8,103,2,0.11112025014474149,0.28712871287128716,0.01982758620689655,0.01948433308441428,0.0,0.0,1.0
XGBoost_single_no_coords,spatial,False,Saltuarius swaini,21,2,1.0,0.03,5,100,0.8,102,1,0.06829720400250948,0.0,0.00980392156862745,0.010109755702240118,0.0,0.0,1.0
XGBoost_single_no_coords,spatial,False,Saltuarius swaini,21,3,1.0,0.03,5,100,0.8,103,2,0.0921895303283655,0.7871287128712873,0.06439393939393939,0.019019172937335627,0.0,0.0,1.0
XGBoost_single_no_coords,spatial,False,Saltuarius swaini,21,4,1.0,0.03,5,100,0.8,103,2,0.10596864581288683,0.36633663366336633,0.022285443338074917,0.01937461970191708,0.0,0.0,1.0
XGBoost_single_no_coords,spatial,False,Saltuarius swaini,21,5,1.0,0.03,5,100,0.8,102,1,0.06240150838754173,0.2178217821782178,0.0125,0.00993419468279471,0.0,0.0,1.0
XGBoost_single_no_coords,spatial,False,Saltuarius swaini,22,1,1.0,0.03,5,100,1.0,103,2,0.11438278833004865,0.32425742574257427,0.02097902097902098,0.019603986282398806,0.0,0.0,1.0
XGBoost_single_no_coords,spatial,False,Saltuarius swaini,22,2,1.0,0.03,5,100,1.0,102,1,0.07058320864598024,0.01980198019801982,0.01,0.010343676820137855,0.0,0.0,1.0
XGBoost_single_no_coords,spatial,False,Saltuarius swaini,22,3,1.0,0.03,5,100,1.0,103,2,0.09507088126826979,0.6707920792079208,0.045,0.01915101391320595,0.0,0.0,1.0
XGBoost_single_no_coords,spatial,False,Saltuarius swaini,22,4,1.0,0.03,5,100,1.0,103,2,0.10384792321337678,0.5445544554455446,0.03005226480836237,0.019408316829287665,0.0,0.0,1.0
XGBoost_single_no_coords,spatial,False,Saltuarius swaini,22,5,1.0,0.03,5,100,1.0,102,1,0.06369372483361471,0.28712871287128716,0.013333333333333334,0.009975210098646986,0.0,0.0,1.0
XGBoost_single_no_coords,spatial,False,Saltuarius swaini,23,1,1.0,0.03,5,300,0.8,103,2,0.12564473101246637,0.2376237623762376,0.018588896232650365,0.019680677751242274,0.0,0.0,1.0
XGBoost_single_no_coords,spatial,False,Saltuarius swaini,23,2,1.0,0.03,5,300,0.8,102,1,0.08339210793557643,0.0,0.00980392156862745,0.010782991378034889,0.0,0.0,1.0
XGBoost_single_no_coords,spatial,False,Saltuarius swaini,23,3,1.0,0.03,5,300,0.8,103,2,0.09422728663931963,0.7326732673267328,0.05113636363636363,0.01921611555696543,0.0,0.0,1.0
XGBoost_single_no_coords,spatial,False,Saltuarius swaini,23,4,1.0,0.03,5,300,0.8,103,2,0.12178793789558008,0.24752475247524752,0.018859649122807017,0.019541747199212728,0.0,0.0,1.0
XGBoost_single_no_coords,spatial,False,Saltuarius swaini,23,5,1.0,0.03,5,300,0.8,102,1,0.06803252298954214,0.17821782178217827,0.011904761904761904,0.010050398393875842,0.0,0.0,1.0
XGBoost_single_no_coords,spatial,False,Saltuarius swaini,24,1,1.0,0.03,5,300,1.0,103,2,0.12312840608526437,0.40841584158415845,0.025383141762452106,0.01961721420802535,0.0,0.0,1.0
XGBoost_single_no_coords,spatial,False,Saltuarius swaini,24,2,1.0,0.03,5,300,1.0,102,1,0.0904925447527423,0.01980198019801982,0.01,0.011455051640653847,0.0,0.0,1.0
XGBoost_single_no_coords,spatial,False,Saltuarius swaini,24,3,1.0,0.03,5,300,1.0,103,2,0.1071383577360116,0.6089108910891089,0.03807471264367816,0.019957872936855275,0.0,0.0,1.0
XGBoost_single_no_coords,spatial,False,Saltuarius swaini,24,4,1.0,0.03,5,300,1.0,103,2,0.12403375089524843,0.29207920792079206,0.020253682487725043,0.019743453275717297,0.0,0.0,1.0
XGBoost_single_no_coords,spatial,False,Saltuarius swaini,24,5,1.0,0.03,5,300,1.0,102,1,0.07118189710232474,0.19801980198019797,0.012195121951219513,0.010351881808016453,0.0,0.0,1.0
XGBoost_single_no_coords,spatial,False,Saltuarius swaini,25,1,1.0,0.1,3,100,0.8,103,2,0.11871470784980466,0.3316831683168317,0.021243291592128802,0.019638387601530492,0.0,0.0,1.0
XGBoost_single_no_coords,spatial,False,Saltuarius swaini,25,2,1.0,0.1,3,100,0.8,102,1,0.08722017693033579,0.0,0.00980392156862745,0.01042035808874489,0.0,0.0,1.0
XGBoost_single_no_coords,spatial,False,Saltuarius swaini,25,3,1.0,0.1,3,100,0.8,103,2,0.09329958685431294,0.7623762376237624,0.05745341614906832,0.019222274705816444,0.0,0.0,1.0
XGBoost_single_no_coords,spatial,False,Saltuarius swaini,25,4,1.0,0.1,3,100,0.8,103,2,0.12000706626666137,0.32673267326732675,0.022214040255277366,0.019478615824040812,0.0,0.0,1.0
XGBoost_single_no_coords,spatial,False,Saltuarius swaini,25,5,1.0,0.1,3,100,0.8,102,1,0.06732482712671639,0.24752475247524752,0.012987012987012988,0.010076509766329381,0.0,0.0,1.0
XGBoost_single_no_coords,spatial,False,Saltuarius swaini,26,1,1.0,0.1,3,100,1.0,103,2,0.1276980221665718,0.3341584158415841,0.02232142857142857,0.019644029421665245,0.0,0.0,1.0
XGBoost_single_no_coords,spatial,False,Saltuarius swaini,26,2,1.0,0.1,3,100,1.0,102,1,0.09307595448933435,0.01980198019801982,0.01,0.011841328574787651,0.0,0.0,1.0
XGBoost_single_no_coords,spatial,False,Saltuarius swaini,26,3,1.0,0.1,3,100,1.0,103,2,0.10922639643199321,0.5891089108910892,0.03761214630779848,0.019979748899383674,0.0,0.0,1.0
XGBoost_single_no_coords,spatial,False,Saltuarius swaini,26,4,1.0,0.1,3,100,1.0,103,2,0.1298433003671074,0.2574257425742574,0.019188596491228067,0.01968998707925454,0.0,0.0,1.0
XGBoost_single_no_coords,spatial,False,Saltuarius swaini,26,5,1.0,0.1,3,100,1.0,102,1,0.0753104013301196,0.1633663366336634,0.011627906976744186,0.010626699290220431,0.0,0.0,1.0
XGBoost_single_no_coords,spatial,False,Saltuarius swaini,27,1,1.0,0.1,3,300,0.8,103,2,0.1402217225570012,0.3069306930693069,0.02075268817204301,0.01971254061546111,0.0,0.0,1.0
XGBoost_single_no_coords,spatial,False,Saltuarius swaini,27,2,1.0,0.1,3,300,0.8,102,1,0.10001008916193622,0.0,0.00980392156862745,0.010420810646205009,0.0,0.0,1.0
XGBoost_single_no_coords,spatial,False,Saltuarius swaini,27,3,1.0,0.1,3,300,0.8,103,2,0.09836002061916796,0.7376237623762376,0.05505279034690799,0.019464064460956457,0.0,0.0,1.0
XGBoost_single_no_coords,spatial,False,Saltuarius swaini,27,4,1.0,0.1,3,300,0.8,103,2,0.14452368498441326,0.2376237623762376,0.018613387978142076,0.019568391434636595,0.0,0.0,1.0
XGBoost_single_no_coords,spatial,False,Saltuarius swaini,27,5,1.0,0.1,3,300,0.8,102,1,0.07048588208710108,0.3465346534653465,0.014925373134328358,0.010105154206822523,0.0,0.0,1.0
XGBoost_single_no_coords,spatial,False,Saltuarius swaini,28,1,1.0,0.1,3,300,1.0,103,2,0.14687666359802548,0.3787128712871287,0.02724137931034483,0.01975823512496362,0.0,0.0,1.0
XGBoost_single_no_coords,spatial,False,Saltuarius swaini,28,2,1.0,0.1,3,300,1.0,102,1,0.10425600395158435,0.02970297029702973,0.010101010101010102,0.011233328055055494,0.0,0.0,1.0
XGBoost_single_no_coords,spatial,False,Saltuarius swaini,28,3,1.0,0.1,3,300,1.0,103,2,0.11199935758972308,0.6683168316831684,0.043560606060606064,0.01987875613779067,0.0,0.0,1.0
XGBoost_single_no_coords,spatial,False,Saltuarius swaini,28,4,1.0,0.1,3,300,1.0,103,2,0.15594793196903808,0.18811881188118812,0.017536231884057972,0.019740696413709312,0.0,0.0,1.0
XGBoost_single_no_coords,spatial,False,Saltuarius swaini,28,5,1.0,0.1,3,300,1.0,102,1,0.07693950258440962,0.28712871287128716,0.0136986301369863,0.010671099611859535,0.0,0.0,1.0
XGBoost_single_no_coords,spatial,False,Saltuarius swaini,29,1,1.0,0.1,5,100,0.8,103,2,0.11871470784980466,0.3316831683168317,0.021243291592128802,0.019638387601530492,0.0,0.0,1.0
XGBoost_single_no_coords,spatial,False,Saltuarius swaini,29,2,1.0,0.1,5,100,0.8,102,1,0.08722017693033579,0.0,0.00980392156862745,0.01042035808874489,0.0,0.0,1.0
XGBoost_single_no_coords,spatial,False,Saltuarius swaini,29,3,1.0,0.1,5,100,0.8,103,2,0.09329958685431294,0.7623762376237624,0.05745341614906832,0.019222274705816444,0.0,0.0,1.0
XGBoost_single_no_coords,spatial,False,Saltuarius swaini,29,4,1.0,0.1,5,100,0.8,103,2,0.12000706626666137,0.32673267326732675,0.022214040255277366,0.019478615824040812,0.0,0.0,1.0
XGBoost_single_no_coords,spatial,False,Saltuarius swaini,29,5,1.0,0.1,5,100,0.8,102,1,0.06732482712671639,0.24752475247524752,0.012987012987012988,0.010076509766329381,0.0,0.0,1.0
XGBoost_single_no_coords,spatial,False,Saltuarius swaini,30,1,1.0,0.1,5,100,1.0,103,2,0.12746641670960895,0.35396039603960394,0.02357456140350877,0.01965702669630738,0.0,0.0,1.0
XGBoost_single_no_coords,spatial,False,Saltuarius swaini,30,2,1.0,0.1,5,100,1.0,102,1,0.09336961582798801,0.01980198019801982,0.01,0.011534859001999286,0.0,0.0,1.0
XGBoost_single_no_coords,spatial,False,Saltuarius swaini,30,3,1.0,0.1,5,100,1.0,103,2,0.11010141368592882,0.5495049504950495,0.03200204813108039,0.020031470709078063,0.0,0.0,1.0
XGBoost_single_no_coords,spatial,False,Saltuarius swaini,30,4,1.0,0.1,5,100,1.0,103,2,0.1261591808439934,0.30693069306930687,0.02105496453900709,0.01964712538743306,0.0,0.0,1.0
XGBoost_single_no_coords,spatial,False,Saltuarius swaini,30,5,1.0,0.1,5,100,1.0,102,1,0.0734560891120954,0.19306930693069302,0.012048192771084338,0.010713168286560047,0.0,0.0,1.0
XGBoost_single_no_coords,spatial,False,Saltuarius swaini,31,1,1.0,0.1,5,300,0.8,103,2,0.1402217225570012,0.3069306930693069,0.02075268817204301,0.01971254061546111,0.0,0.0,1.0
XGBoost_single_no_coords,spatial,False,Saltuarius swaini,31,2,1.0,0.1,5,300,0.8,102,1,0.10001008916193622,0.0,0.00980392156862745,0.010420810646205009,0.0,0.0,1.0
XGBoost_single_no_coords,spatial,False,Saltuarius swaini,31,3,1.0,0.1,5,300,0.8,103,2,0.09836002061916796,0.7376237623762376,0.05505279034690799,0.019464064460956457,0.0,0.0,1.0
XGBoost_single_no_coords,spatial,False,Saltuarius swaini,31,4,1.0,0.1,5,300,0.8,103,2,0.14452368498441326,0.2376237623762376,0.018613387978142076,0.019568391434636595,0.0,0.0,1.0
XGBoost_single_no_coords,spatial,False,Saltuarius swaini,31,5,1.0,0.1,5,300,0.8,102,1,0.07048588208710108,0.3465346534653465,0.014925373134328358,0.010105154206822523,0.0,0.0,1.0
XGBoost_single_no_coords,spatial,False,Saltuarius swaini,32,1,1.0,0.1,5,300,1.0,103,2,0.14798778207384702,0.353960396039604,0.024092970521541947,0.01979601729292854,0.0,0.0,1.0
XGBoost_single_no_coords,spatial,False,Saltuarius swaini,32,2,1.0,0.1,5,300,1.0,102,1,0.1010706573586218,0.04950495049504955,0.010309278350515464,0.011257588895202878,0.0,0.0,1.0
XGBoost_single_no_coords,spatial,False,Saltuarius swaini,32,3,1.0,0.1,5,300,1.0,103,2,0.10523036327613,0.6930693069306931,0.045548654244306416,0.019678303994069116,0.0,0.0,1.0
XGBoost_single_no_coords,spatial,False,Saltuarius swaini,32,4,1.0,0.1,5,300,1.0,103,2,0.15534174924406324,0.20792079207920794,0.017911818738518066,0.019687529283180603,0.0,0.0,1.0
XGBoost_single_no_coords,spatial,False,Saltuarius swaini,32,5,1.0,0.1,5,300,1.0,102,1,0.0746474745368015,0.3366336633663366,0.014705882352941176,0.010553065460982825,0.0,0.0,1.0
