model,split_type,use_coords,species,candidate,fold,model__colsample_bytree,model__learning_rate,model__max_depth,model__n_estimators,model__subsample,n,positives,log_loss,auc,average_precision,brier,f1,sensitivity,specificity
XGBoost_single_with_coords,spatial,True,Cacophis kreftii,1,1,0.8,0.03,3,100,0.8,103,4,0.14708299911040723,0.8863636363636365,0.22708333333333333,0.03652297630687561,0.0,0.0,1.0
XGBoost_single_with_coords,spatial,True,Cacophis kreftii,1,2,0.8,0.03,3,100,0.8,103,4,0.1224330066208461,0.898989898989899,0.20317460317460317,0.03563307310041759,0.0,0.0,1.0
XGBoost_single_with_coords,spatial,True,Cacophis kreftii,1,3,0.8,0.03,3,100,0.8,102,3,0.09310546634531898,0.9259259259259259,0.22142857142857142,0.02673403162952877,0.0,0.0,1.0
XGBoost_single_with_coords,spatial,True,Cacophis kreftii,1,4,0.8,0.03,3,100,0.8,103,4,0.1393287772680478,0.8484848484848485,0.13672438672438672,0.03817232509775071,0.0,0.0,1.0
XGBoost_single_with_coords,spatial,True,Cacophis kreftii,1,5,0.8,0.03,3,100,0.8,102,4,0.10805228548352626,0.9362244897959184,0.4451048951048951,0.0319367824728876,0.0,0.0,1.0
XGBoost_single_with_coords,spatial,True,Cacophis kreftii,2,1,0.8,0.03,3,100,1.0,103,4,0.14778663665817118,0.8737373737373737,0.2660569105691057,0.03710112343798566,0.0,0.0,1.0
XGBoost_single_with_coords,spatial,True,Cacophis kreftii,2,2,0.8,0.03,3,100,1.0,103,4,0.12031919638439126,0.898989898989899,0.22995844734975168,0.03560151258047956,0.0,0.0,0.98989898989899
XGBoost_single_with_coords,spatial,True,Cacophis kreftii,2,3,0.8,0.03,3,100,1.0,102,3,0.08841981739490574,0.9326599326599326,0.4666666666666667,0.025230094574779597,0.0,0.0,1.0
XGBoost_single_with_coords,spatial,True,Cacophis kreftii,2,4,0.8,0.03,3,100,1.0,103,4,0.1369822353140512,0.8484848484848485,0.13854405034324943,0.03935421425231868,0.0,0.0,1.0
XGBoost_single_with_coords,spatial,True,Cacophis kreftii,2,5,0.8,0.03,3,100,1.0,102,4,0.11063148558080857,0.9081632653061225,0.2803113553113553,0.032597700570217304,0.0,0.0,1.0
XGBoost_single_with_coords,spatial,True,Cacophis kreftii,3,1,0.8,0.03,3,300,0.8,103,4,0.16136088690815323,0.8863636363636362,0.2822897761645493,0.03634985235628902,0.0,0.0,1.0
XGBoost_single_with_coords,spatial,True,Cacophis kreftii,3,2,0.8,0.03,3,300,0.8,103,4,0.1480090141895562,0.8863636363636364,0.1964962121212121,0.04241758460646422,0.0,0.0,0.9797979797979798
XGBoost_single_with_coords,spatial,True,Cacophis kreftii,3,3,0.8,0.03,3,300,0.8,102,3,0.09296190858975605,0.9360269360269361,0.24074074074074076,0.02769143459387143,0.0,0.0,1.0
XGBoost_single_with_coords,spatial,True,Cacophis kreftii,3,4,0.8,0.03,3,300,0.8,103,4,0.16125475819943508,0.8484848484848485,0.13541666666666666,0.04019390371143879,0.0,0.0,1.0
XGBoost_single_with_coords,spatial,True,Cacophis kreftii,3,5,0.8,0.03,3,300,0.8,102,4,0.09940974475496227,0.9464285714285715,0.47619047619047616,0.029905854629348843,0.4,0.25,1.0
XGBoost_single_with_coords,spatial,True,Cacophis kreftii,4,1,0.8,0.03,3,300,1.0,103,4,0.17514743545814906,0.8737373737373737,0.2556818181818182,0.04066506834789567,0.0,0.0,0.98989898989899
XGBoost_single_with_coords,spatial,True,Cacophis kreftii,4,2,0.8,0.03,3,300,1.0,103,4,0.15354634459289423,0.8787878787878788,0.20891203703703703,0.043131165543382866,0.0,0.0,0.9797979797979798
XGBoost_single_with_coords,spatial,True,Cacophis kreftii,4,3,0.8,0.03,3,300,1.0,102,3,0.10196426828311919,0.9259259259259259,0.26190476190476186,0.029308785062534103,0.0,0.0,1.0
XGBoost_single_with_coords,spatial,True,Cacophis kreftii,4,4,0.8,0.03,3,300,1.0,103,4,0.16712146284827611,0.856060606060606,0.15729405034324945,0.042360107622345704,0.0,0.0,0.98989898989899
XGBoost_single_with_coords,spatial,True,Cacophis kreftii,4,5,0.8,0.03,3,300,1.0,102,4,0.10675366900649332,0.9464285714285714,0.4714646464646465,0.03234822040066346,0.4,0.25,1.0
XGBoost_single_with_coords,spatial,True,Cacophis kreftii,5,1,0.8,0.03,5,100,0.8,103,4,0.14983080609642443,0.888888888888889,0.27524509803921565,0.03679892056604006,0.0,0.0,1.0
XGBoost_single_with_coords,spatial,True,Cacophis kreftii,5,2,0.8,0.03,5,100,0.8,103,4,0.12338088733143791,0.9090909090909091,0.24583333333333335,0.03616705100356269,0.0,0.0,0.98989898989899
XGBoost_single_with_coords,spatial,True,Cacophis kreftii,5,3,0.8,0.03,5,100,0.8,102,3,0.0977533511610009,0.9124579124579124,0.2012820512820513,0.027924958650557642,0.0,0.0,1.0
XGBoost_single_with_coords,spatial,True,Cacophis kreftii,5,4,0.8,0.03,5,100,0.8,103,4,0.14208259046554433,0.8560606060606061,0.14629488158899923,0.03846120482866572,0.0,0.0,1.0
XGBoost_single_with_coords,spatial,True,Cacophis kreftii,5,5,0.8,0.03,5,100,0.8,102,4,0.10371428707285213,0.9387755102040816,0.4562770562770563,0.030901283597396603,0.0,0.0,1.0
XGBoost_single_with_coords,spatial,True,Cacophis kreftii,6,1,0.8,0.03,5,100,1.0,103,4,0.15654951201050135,0.8712121212121213,0.2753246753246753,0.03835965891156981,0.0,0.0,1.0
XGBoost_single_with_coords,spatial,True,Cacophis kreftii,6,2,0.8,0.03,5,100,1.0,103,4,0.12743847337475703,0.9015151515151515,0.21326590076590077,0.03756541826733087,0.0,0.0,0.98989898989899
XGBoost_single_with_coords,spatial,True,Cacophis kreftii,6,3,0.8,0.03,5,100,1.0,102,3,0.09684032085381389,0.9090909090909091,0.2222222222222222,0.027416970448665912,0.0,0.0,1.0
XGBoost_single_with_coords,spatial,True,Cacophis kreftii,6,4,0.8,0.03,5,100,1.0,103,4,0.14391135162703916,0.8560606060606061,0.16866883116883116,0.041215296881274725,0.0,0.0,0.9797979797979798
XGBoost_single_with_coords,spatial,True,Cacophis kreftii,6,5,0.8,0.03,5,100,1.0,102,4,0.10745048971648578,0.9311224489795917,0.43472222222222223,0.03164053374654705,0.0,0.0,1.0
XGBoost_single_with_coords,spatial,True,Cacophis kreftii,7,1,0.8,0.03,5,300,0.8,103,4,0.16405698673724983,0.8964646464646465,0.290922619047619,0.036463289763881544,0.0,0.0,1.0
XGBoost_single_with_coords,spatial,True,Cacophis kreftii,7,2,0.8,0.03,5,300,0.8,103,4,0.14932448681921426,0.8888888888888888,0.19267676767676767,0.04272399026009434,0.0,0.0,0.9797979797979798
XGBoost_single_with_coords,spatial,True,Cacophis kreftii,7,3,0.8,0.03,5,300,0.8,102,3,0.09171020619735146,0.9393939393939394,0.2685185185185185,0.02692474892731176,0.0,0.0,1.0
XGBoost_single_with_coords,spatial,True,Cacophis kreftii,7,4,0.8,0.03,5,300,0.8,103,4,0.15962960005352914,0.856060606060606,0.14169254658385091,0.0397767528647375,0.0,0.0,1.0
XGBoost_single_with_coords,spatial,True,Cacophis kreftii,7,5,0.8,0.03,5,300,0.8,102,4,0.09781544555259185,0.951530612244898,0.5047619047619047,0.02971100337539529,0.4,0.25,1.0
XGBoost_single_with_coords,spatial,True,Cacophis kreftii,8,1,0.8,0.03,5,300,1.0,103,4,0.1829523991160775,0.9090909090909091,0.265,0.041837635207044026,0.0,0.0,0.98989898989899
XGBoost_single_with_coords,spatial,True,Cacophis kreftii,8,2,0.8,0.03,5,300,1.0,103,4,0.1594754414628321,0.8813131313131314,0.17878787878787877,0.045368493480842,0.0,0.0,0.9797979797979798
XGBoost_single_with_coords,spatial,True,Cacophis kreftii,8,3,0.8,0.03,5,300,1.0,102,3,0.10811249148600567,0.9158249158249159,0.2378167641325536,0.028749642313982277,0.0,0.0,1.0
XGBoost_single_with_coords,spatial,True,Cacophis kreftii,8,4,0.8,0.03,5,300,1.0,103,4,0.16505906946714663,0.8585858585858586,0.18884166939086847,0.0417927694064313,0.0,0.0,0.98989898989899
XGBoost_single_with_coords,spatial,True,Cacophis kreftii,8,5,0.8,0.03,5,300,1.0,102,4,0.10388907856338564,0.9438775510204082,0.475,0.030324580361710943,0.4,0.25,1.0
XGBoost_single_with_coords,spatial,True,Cacophis kreftii,9,1,0.8,0.1,3,100,0.8,103,4,0.16942284453540693,0.8964646464646465,0.28846153846153844,0.03752338382238986,0.0,0.0,1.0
XGBoost_single_with_coords,spatial,True,Cacophis kreftii,9,2,0.8,0.1,3,100,0.8,103,4,0.15426030001675928,0.8838383838383839,0.21412441724941722,0.043120922072771,0.0,0.0,0.9797979797979798
XGBoost_single_with_coords,spatial,True,Cacophis kreftii,9,3,0.8,0.1,3,100,0.8,102,3,0.0804487277803655,0.9528619528619527,0.5075757575757576,0.023807947688999184,0.0,0.0,1.0
XGBoost_single_with_coords,spatial,True,Cacophis kreftii,9,4,0.8,0.1,3,100,0.8,103,4,0.15840215202099453,0.8434343434343435,0.13191176470588237,0.03970950427892938,0.0,0.0,1.0
XGBoost_single_with_coords,spatial,True,Cacophis kreftii,9,5,0.8,0.1,3,100,0.8,102,4,0.10556082840381124,0.9464285714285714,0.49583333333333335,0.03145107554983494,0.3333333333333333,0.25,0.9897959183673469
XGBoost_single_with_coords,spatial,True,Cacophis kreftii,10,1,0.8,0.1,3,100,1.0,103,4,0.17557694069582735,0.8636363636363638,0.28875291375291373,0.0400474641876911,0.0,0.0,0.98989898989899
XGBoost_single_with_coords,spatial,True,Cacophis kreftii,10,2,0.8,0.1,3,100,1.0,103,4,0.16107136143340867,0.8762626262626263,0.2074915824915825,0.044739510671993894,0.0,0.0,0.9797979797979798
XGBoost_single_with_coords,spatial,True,Cacophis kreftii,10,3,0.8,0.1,3,100,1.0,102,3,0.10958629071843169,0.9124579124579124,0.22619047619047616,0.030096527762412898,0.0,0.0,0.98989898989899
XGBoost_single_with_coords,spatial,True,Cacophis kreftii,10,4,0.8,0.1,3,100,1.0,103,4,0.15911431347831753,0.8560606060606061,0.16866883116883116,0.04097021247396122,0.0,0.0,1.0
XGBoost_single_with_coords,spatial,True,Cacophis kreftii,10,5,0.8,0.1,3,100,1.0,102,4,0.10686724941091313,0.9413265306122449,0.4608516483516484,0.0318782766335692,0.4,0.25,1.0
XGBoost_single_with_coords,spatial,True,Cacophis kreftii,11,1,0.8,0.1,3,300,0.8,103,4,0.20058731236981361,0.8232323232323232,0.23245121625233894,0.03850995870235099,0.0,0.0,1.0
XGBoost_single_with_coords,spatial,True,Cacophis kreftii,11,2,0.8,0.1,3,300,0.8,103,4,0.1848160805729702,0.8459595959595959,0.15405701754385964,0.04717161200017469,0.0,0.0,0.9797979797979798
XGBoost_single_with_coords,spatial,True,Cacophis kreftii,11,3,0.8,0.1,3,300,0.8,102,3,0.09248774477929958,0.9494949494949495,0.34074074074074073,0.026325029533839837,0.0,0.0,1.0
XGBoost_single_with_coords,spatial,True,Cacophis kreftii,11,4,0.8,0.1,3,300,0.8,103,4,0.1725830189535795,0.8585858585858586,0.14571300044984253,0.04029814214632952,0.0,0.0,1.0
XGBoost_single_with_coords,spatial,True,Cacophis kreftii,11,5,0.8,0.1,3,300,0.8,102,4,0.11561247347819911,0.9464285714285714,0.49583333333333335,0.033941855450273596,0.3333333333333333,0.25,0.9897959183673469
XGBoost_single_with_coords,spatial,True,Cacophis kreftii,12,1,0.8,0.1,3,300,1.0,103,4,0.2052781615494702,0.8686868686868686,0.2513784461152882,0.0423276528460623,0.0,0.0,0.98989898989899
XGBoost_single_with_coords,spatial,True,Cacophis kreftii,12,2,0.8,0.1,3,300,1.0,103,4,0.19187011696187933,0.8409090909090908,0.15571300044984254,0.049659834200593174,0.0,0.0,0.9797979797979798
XGBoost_single_with_coords,spatial,True,Cacophis kreftii,12,3,0.8,0.1,3,300,1.0,102,3,0.12073312945578779,0.9191919191919192,0.2162309368191721,0.0310978609503147,0.0,0.0,0.9797979797979798
XGBoost_single_with_coords,spatial,True,Cacophis kreftii,12,4,0.8,0.1,3,300,1.0,103,4,0.16867781660898995,0.8838383838383839,0.181140350877193,0.04110337603064033,0.0,0.0,0.98989898989899
XGBoost_single_with_coords,spatial,True,Cacophis kreftii,12,5,0.8,0.1,3,300,1.0,102,4,0.11503354049622916,0.9413265306122449,0.46818181818181814,0.03300853564231042,0.3333333333333333,0.25,0.9897959183673469
XGBoost_single_with_coords,spatial,True,Cacophis kreftii,13,1,0.8,0.1,5,100,0.8,103,4,0.16893332973347455,0.8888888888888888,0.2828703703703704,0.0365323070066374,0.0,0.0,1.0
XGBoost_single_with_coords,spatial,True,Cacophis kreftii,13,2,0.8,0.1,5,100,0.8,103,4,0.15485533289497808,0.8762626262626263,0.20570690883190884,0.04132188616995616,0.0,0.0,0.9797979797979798
XGBoost_single_with_coords,spatial,True,Cacophis kreftii,13,3,0.8,0.1,5,100,0.8,102,3,0.09102054884549571,0.9427609427609428,0.2777777777777778,0.026389813599214187,0.0,0.0,1.0
XGBoost_single_with_coords,spatial,True,Cacophis kreftii,13,4,0.8,0.1,5,100,0.8,103,4,0.15719550507724991,0.8636363636363636,0.1477973007384772,0.04031905536122732,0.0,0.0,0.98989898989899
XGBoost_single_with_coords,spatial,True,Cacophis kreftii,13,5,0.8,0.1,5,100,0.8,102,4,0.1029245192332941,0.9413265306122449,0.47549019607843135,0.03065301970372199,0.4,0.25,1.0
XGBoost_single_with_coords,spatial,True,Cacophis kreftii,14,1,0.8,0.1,5,100,1.0,103,4,0.1949535397233184,0.888888888888889,0.2400691699604743,0.04329178016513811,0.0,0.0,0.98989898989899
XGBoost_single_with_coords,spatial,True,Cacophis kreftii,14,2,0.8,0.1,5,100,1.0,103,4,0.1713017082923044,0.8661616161616161,0.15584249084249086,0.04790006850743388,0.0,0.0,0.9797979797979798
XGBoost_single_with_coords,spatial,True,Cacophis kreftii,14,3,0.8,0.1,5,100,1.0,102,3,0.10236036914698049,0.9326599326599326,0.23333333333333334,0.028990798356221176,0.0,0.0,1.0
XGBoost_single_with_coords,spatial,True,Cacophis kreftii,14,4,0.8,0.1,5,100,1.0,103,4,0.1619634446114686,0.8686868686868686,0.16688311688311688,0.041808974238615446,0.0,0.0,0.9797979797979798
XGBoost_single_with_coords,spatial,True,Cacophis kreftii,14,5,0.8,0.1,5,100,1.0,102,4,0.10278552183648101,0.9438775510204082,0.47275641025641024,0.030489744569299843,0.4,0.25,1.0
XGBoost_single_with_coords,spatial,True,Cacophis kreftii,15,1,0.8,0.1,5,300,0.8,103,4,0.19789402751697058,0.8055555555555556,0.22761437908496734,0.037531848333573384,0.0,0.0,1.0
XGBoost_single_with_coords,spatial,True,Cacophis kreftii,15,2,0.8,0.1,5,300,0.8,103,4,0.181761734551127,0.8434343434343434,0.1579059829059829,0.04604322328756345,0.0,0.0,0.9696969696969697
XGBoost_single_with_coords,spatial,True,Cacophis kreftii,15,3,0.8,0.1,5,300,0.8,102,3,0.10123050794845166,0.9427609427609428,0.25757575757575757,0.028245787859418288,0.0,0.0,1.0
XGBoost_single_with_coords,spatial,True,Cacophis kreftii,15,4,0.8,0.1,5,300,0.8,103,4,0.17115720765408676,0.8712121212121212,0.16073232323232323,0.041079861362310975,0.0,0.0,0.98989898989899
XGBoost_single_with_coords,spatial,True,Cacophis kreftii,15,5,0.8,0.1,5,300,0.8,102,4,0.11372265535495563,0.9464285714285714,0.4896103896103896,0.03326698432965215,0.2857142857142857,0.25,0.9795918367346939
XGBoost_single_with_coords,spatial,True,Cacophis kreftii,16,1,0.8,0.1,5,300,1.0,103,4,0.21637752046847117,0.7954545454545454,0.2599206349206349,0.044028204250913444,0.0,0.0,0.98989898989899
XGBoost_single_with_coords,spatial,True,Cacophis kreftii,16,2,0.8,0.1,5,300,1.0,103,4,0.1928413677027572,0.8434343434343434,0.13988095238095238,0.050734603712773205,0.0,0.0,0.9696969696969697
XGBoost_single_with_coords,spatial,True,Cacophis kreftii,16,3,0.8,0.1,5,300,1.0,102,3,0.1111449659492689,0.9427609427609427,0.25757575757575757,0.029388526660103526,0.0,0.0,1.0
XGBoost_single_with_coords,spatial,True,Cacophis kreftii,16,4,0.8,0.1,5,300,1.0,103,4,0.17482850325481314,0.8762626262626263,0.1682615629984051,0.043455363050264005,0.0,0.0,0.98989898989899
XGBoost_single_with_coords,spatial,True,Cacophis kreftii,16,5,0.8,0.1,5,300,1.0,102,4,0.1086463107830459,0.9540816326530612,0.5265151515151515,0.03197292190441201,0.2857142857142857,0.25,0.9795918367346939
XGBoost_single_with_coords,spatial,True,Cacophis kreftii,17,1,1.0,0.03,3,100,0.8,103,4,0.14565389057120168,0.8863636363636365,0.3096491228070175,0.036559014103293326,0.0,0.0,1.0
XGBoost_single_with_coords,spatial,True,Cacophis kreftii,17,2,1.0,0.03,3,100,0.8,103,4,0.12804113955012186,0.888888888888889,0.19035326086956522,0.03683026567857822,0.0,0.0,1.0
XGBoost_single_with_coords,spatial,True,Cacophis kreftii,17,3,1.0,0.03,3,100,0.8,102,3,0.09395736182190902,0.9090909090909091,0.22434875066454013,0.026724871030851735,0.0,0.0,1.0
XGBoost_single_with_coords,spatial,True,Cacophis kreftii,17,4,1.0,0.03,3,100,0.8,103,4,0.13819756309105455,0.845959595959596,0.13526239842029314,0.038105028256218865,0.0,0.0,1.0
XGBoost_single_with_coords,spatial,True,Cacophis kreftii,17,5,1.0,0.03,3,100,0.8,102,4,0.10581076299980553,0.9285714285714286,0.439484126984127,0.0313136760290876,0.0,0.0,1.0
XGBoost_single_with_coords,spatial,True,Cacophis kreftii,18,1,1.0,0.03,3,100,1.0,103,4,0.14588080783867033,0.7916666666666666,0.22203196347031962,0.03677554028418904,0.0,0.0,1.0
XGBoost_single_with_coords,spatial,True,Cacophis kreftii,18,2,1.0,0.03,3,100,1.0,103,4,0.1254195744826276,0.898989898989899,0.2264069264069264,0.03698341173791319,0.0,0.0,0.98989898989899
XGBoost_single_with_coords,spatial,True,Cacophis kreftii,18,3,1.0,0.03,3,100,1.0,102,3,0.08747798837676128,0.9276094276094276,0.4588235294117647,0.024610048841556275,0.0,0.0,1.0
XGBoost_single_with_coords,spatial,True,Cacophis kreftii,18,4,1.0,0.03,3,100,1.0,103,4,0.13518737960897267,0.8585858585858586,0.1485213032581454,0.03894694107305111,0.0,0.0,1.0
XGBoost_single_with_coords,spatial,True,Cacophis kreftii,18,5,1.0,0.03,3,100,1.0,102,4,0.11145076839656903,0.9068877551020409,0.2743589743589744,0.03255875946603956,0.0,0.0,1.0
XGBoost_single_with_coords,spatial,True,Cacophis kreftii,19,1,1.0,0.03,3,300,0.8,103,4,0.16222493983728428,0.888888888888889,0.2994047619047619,0.03692030464502281,0.0,0.0,1.0
XGBoost_single_with_coords,spatial,True,Cacophis kreftii,19,2,1.0,0.03,3,300,0.8,103,4,0.15411646210437627,0.8762626262626263,0.1770032051282051,0.0438860974725165,0.0,0.0,0.9797979797979798
XGBoost_single_with_coords,spatial,True,Cacophis kreftii,19,3,1.0,0.03,3,300,0.8,102,3,0.0915372433672064,0.9360269360269361,0.2621082621082621,0.027112921407191005,0.0,0.0,1.0
XGBoost_single_with_coords,spatial,True,Cacophis kreftii,19,4,1.0,0.03,3,300,0.8,103,4,0.15739225589540878,0.8484848484848484,0.13541666666666666,0.039661098363236794,0.0,0.0,1.0
XGBoost_single_with_coords,spatial,True,Cacophis kreftii,19,5,1.0,0.03,3,300,0.8,102,4,0.10434338325368228,0.9413265306122449,0.46249999999999997,0.03147584221704094,0.4,0.25,1.0
XGBoost_single_with_coords,spatial,True,Cacophis kreftii,20,1,1.0,0.03,3,300,1.0,103,4,0.17203798565736378,0.8484848484848484,0.2571078431372549,0.040093277286876824,0.0,0.0,0.98989898989899
XGBoost_single_with_coords,spatial,True,Cacophis kreftii,20,2,1.0,0.03,3,300,1.0,103,4,0.16027657761568945,0.8813131313131314,0.21033653846153844,0.04496323203907035,0.0,0.0,0.9797979797979798
XGBoost_single_with_coords,spatial,True,Cacophis kreftii,20,3,1.0,0.03,3,300,1.0,102,3,0.10695605278841745,0.9158249158249158,0.22857142857142854,0.030432981441093843,0.0,0.0,0.9797979797979798
XGBoost_single_with_coords,spatial,True,Cacophis kreftii,20,4,1.0,0.03,3,300,1.0,103,4,0.16820825387604912,0.8585858585858586,0.15863095238095237,0.04216771663713435,0.0,0.0,0.98989898989899
XGBoost_single_with_coords,spatial,True,Cacophis kreftii,20,5,1.0,0.03,3,300,1.0,102,4,0.11260817815433928,0.9387755102040817,0.4519230769230769,0.03340464397416013,0.4,0.25,1.0
XGBoost_single_with_coords,spatial,True,Cacophis kreftii,21,1,1.0,0.03,5,100,0.8,103,4,0.14590166573086788,0.8333333333333334,0.3002824858757062,0.03630388047765156,0.0,0.0,1.0
XGBoost_single_with_coords,spatial,True,Cacophis kreftii,21,2,1.0,0.03,5,100,0.8,103,4,0.1280840185342802,0.888888888888889,0.1964962121212121,0.037440168726343745,0.0,0.0,0.98989898989899
XGBoost_single_with_coords,spatial,True,Cacophis kreftii,21,3,1.0,0.03,5,100,0.8,102,3,0.08770672770429305,0.936026936026936,0.3121693121693122,0.02506250678229524,0.0,0.0,1.0
XGBoost_single_with_coords,spatial,True,Cacophis kreftii,21,4,1.0,0.03,5,100,0.8,103,4,0.13595160923374522,0.851010101010101,0.14019660894660896,0.037457914317356636,0.0,0.0,1.0
XGBoost_single_with_coords,spatial,True,Cacophis kreftii,21,5,1.0,0.03,5,100,0.8,102,4,0.10757449477365884,0.923469387755102,0.4372294372294372,0.03133233490651459,0.0,0.0,1.0
XGBoost_single_with_coords,spatial,True,Cacophis kreftii,22,1,1.0,0.03,5,100,1.0,103,4,0.1583039481295164,0.8320707070707071,0.2114583333333333,0.03915999915943567,0.0,0.0,1.0
XGBoost_single_with_coords,spatial,True,Cacophis kreftii,22,2,1.0,0.03,5,100,1.0,103,4,0.13026176371102144,0.8914141414141413,0.2002840909090909,0.0380895141830341,0.0,0.0,0.98989898989899
XGBoost_single_with_coords,spatial,True,Cacophis kreftii,22,3,1.0,0.03,5,100,1.0,102,3,0.0990862196470009,0.9124579124579124,0.2013888888888889,0.028736286691349616,0.0,0.0,1.0
XGBoost_single_with_coords,spatial,True,Cacophis kreftii,22,4,1.0,0.03,5,100,1.0,103,4,0.14593024492476128,0.8611111111111112,0.16058059587471352,0.041409796193197616,0.0,0.0,0.9797979797979798
XGBoost_single_with_coords,spatial,True,Cacophis kreftii,22,5,1.0,0.03,5,100,1.0,102,4,0.10522931703736414,0.9311224489795918,0.44984917043740574,0.030616519206423946,0.4,0.25,1.0
XGBoost_single_with_coords,spatial,True,Cacophis kreftii,23,1,1.0,0.03,5,300,0.8,103,4,0.16365602571367488,0.8838383838383839,0.2938034188034188,0.03642212362363641,0.0,0.0,1.0
XGBoost_single_with_coords,spatial,True,Cacophis kreftii,23,2,1.0,0.03,5,300,0.8,103,4,0.1558661116945332,0.8863636363636364,0.18399621212121214,0.045438993691910005,0.0,0.0,0.9797979797979798
XGBoost_single_with_coords,spatial,True,Cacophis kreftii,23,3,1.0,0.03,5,300,0.8,102,3,0.08990408859424115,0.9528619528619529,0.35,0.026377322716381442,0.0,0.0,1.0
XGBoost_single_with_coords,spatial,True,Cacophis kreftii,23,4,1.0,0.03,5,300,0.8,103,4,0.1539796278958908,0.856060606060606,0.14198232323232324,0.03837279655532012,0.0,0.0,1.0
XGBoost_single_with_coords,spatial,True,Cacophis kreftii,23,5,1.0,0.03,5,300,0.8,102,4,0.10605693538874386,0.9413265306122448,0.4708333333333333,0.031414345080148606,0.4,0.25,1.0
XGBoost_single_with_coords,spatial,True,Cacophis kreftii,24,1,1.0,0.03,5,300,1.0,103,4,0.18587553925772082,0.8686868686868686,0.24939024390243902,0.04344993619627091,0.0,0.0,0.98989898989899
XGBoost_single_with_coords,spatial,True,Cacophis kreftii,24,2,1.0,0.03,5,300,1.0,103,4,0.16511149742766734,0.8813131313131313,0.1792625745950554,0.04669745407624979,0.0,0.0,0.9797979797979798
XGBoost_single_with_coords,spatial,True,Cacophis kreftii,24,3,1.0,0.03,5,300,1.0,102,3,0.10708456035999367,0.9225589225589226,0.2440087145969499,0.029363411887305523,0.0,0.0,0.98989898989899
XGBoost_single_with_coords,spatial,True,Cacophis kreftii,24,4,1.0,0.03,5,300,1.0,103,4,0.16713954495026243,0.8611111111111112,0.15408549783549785,0.04255053771644975,0.0,0.0,0.9797979797979798
XGBoost_single_with_coords,spatial,True,Cacophis kreftii,24,5,1.0,0.03,5,300,1.0,102,4,0.10854170837436498,0.9438775510204082,0.47916666666666663,0.032047778271687005,0.4,0.25,1.0
XGBoost_single_with_coords,spatial,True,Cacophis kreftii,25,1,1.0,0.1,3,100,0.8,103,4,0.16268047419109077,0.9065656565656565,0.296875,0.03670112131557725,0.0,0.0,1.0
XGBoost_single_with_coords,spatial,True,Cacophis kreftii,25,2,1.0,0.1,3,100,0.8,103,4,0.15572669637593156,0.8813131313131313,0.1802083333333333,0.04476035260099515,0.0,0.0,0.9696969696969697
XGBoost_single_with_coords,spatial,True,Cacophis kreftii,25,3,1.0,0.1,3,100,0.8,102,3,0.0905581118258488,0.9528619528619527,0.5075757575757576,0.02574607622986997,0.0,0.0,1.0
XGBoost_single_with_coords,spatial,True,Cacophis kreftii,25,4,1.0,0.1,3,100,0.8,103,4,0.17278298872399175,0.8409090909090909,0.13159356725146198,0.040626855541985085,0.0,0.0,1.0
XGBoost_single_with_coords,spatial,True,Cacophis kreftii,25,5,1.0,0.1,3,100,0.8,102,4,0.10670356557590907,0.9438775510204082,0.475,0.03191487286468874,0.3333333333333333,0.25,0.9897959183673469
XGBoost_single_with_coords,spatial,True,Cacophis kreftii,26,1,1.0,0.1,3,100,1.0,103,4,0.17722829050221098,0.8611111111111112,0.3041666666666667,0.040989519521025496,0.0,0.0,0.98989898989899
XGBoost_single_with_coords,spatial,True,Cacophis kreftii,26,2,1.0,0.1,3,100,1.0,103,4,0.1664142982575532,0.8686868686868686,0.2011494252873563,0.046012319509819516,0.0,0.0,0.9797979797979798
XGBoost_single_with_coords,spatial,True,Cacophis kreftii,26,3,1.0,0.1,3,100,1.0,102,3,0.10370997958441903,0.9090909090909091,0.2074074074074074,0.028512542312430816,0.0,0.0,1.0
XGBoost_single_with_coords,spatial,True,Cacophis kreftii,26,4,1.0,0.1,3,100,1.0,103,4,0.17319054157929983,0.861111111111111,0.1607297228578693,0.04296237804604597,0.0,0.0,0.98989898989899
XGBoost_single_with_coords,spatial,True,Cacophis kreftii,26,5,1.0,0.1,3,100,1.0,102,4,0.10731709094606973,0.9413265306122449,0.461038961038961,0.03201258813979503,0.4,0.25,1.0
XGBoost_single_with_coords,spatial,True,Cacophis kreftii,27,1,1.0,0.1,3,300,0.8,103,4,0.1882728910424691,0.8409090909090909,0.26626984126984127,0.03738822908553993,0.0,0.0,1.0
XGBoost_single_with_coords,spatial,True,Cacophis kreftii,27,2,1.0,0.1,3,300,0.8,103,4,0.1791878310516319,0.8560606060606061,0.14515873015873015,0.04694478580705037,0.0,0.0,0.9696969696969697
XGBoost_single_with_coords,spatial,True,Cacophis kreftii,27,3,1.0,0.1,3,300,0.8,102,3,0.09843124487471432,0.9461279461279462,0.2851851851851852,0.0271141896710709,0.0,0.0,1.0
XGBoost_single_with_coords,spatial,True,Cacophis kreftii,27,4,1.0,0.1,3,300,0.8,103,4,0.18959757379907116,0.8257575757575758,0.1332196029776675,0.04158431443878264,0.0,0.0,1.0
XGBoost_single_with_coords,spatial,True,Cacophis kreftii,27,5,1.0,0.1,3,300,0.8,102,4,0.10620611002746624,0.951530612244898,0.5015151515151515,0.03140636222768723,0.2857142857142857,0.25,0.9795918367346939
XGBoost_single_with_coords,spatial,True,Cacophis kreftii,28,1,1.0,0.1,3,300,1.0,103,4,0.2042387027524577,0.8636363636363635,0.24551282051282053,0.04210458761342946,0.0,0.0,0.98989898989899
XGBoost_single_with_coords,spatial,True,Cacophis kreftii,28,2,1.0,0.1,3,300,1.0,103,4,0.19528574087585554,0.8333333333333334,0.1492063492063492,0.04966461640923098,0.0,0.0,0.9696969696969697
XGBoost_single_with_coords,spatial,True,Cacophis kreftii,28,3,1.0,0.1,3,300,1.0,102,3,0.11864516676633961,0.9191919191919191,0.24707602339181284,0.029650352702623776,0.0,0.0,0.98989898989899
XGBoost_single_with_coords,spatial,True,Cacophis kreftii,28,4,1.0,0.1,3,300,1.0,103,4,0.1861559730314033,0.8737373737373737,0.1644736842105263,0.04474244112893632,0.0,0.0,0.98989898989899
XGBoost_single_with_coords,spatial,True,Cacophis kreftii,28,5,1.0,0.1,3,300,1.0,102,4,0.11551978914333672,0.9387755102040816,0.47435897435897434,0.03227191978038882,0.3333333333333333,0.25,0.9897959183673469
XGBoost_single_with_coords,spatial,True,Cacophis kreftii,29,1,1.0,0.1,5,100,0.8,103,4,0.16834472837680647,0.8535353535353536,0.27517825311942956,0.036928301048435766,0.0,0.0,1.0
XGBoost_single_with_coords,spatial,True,Cacophis kreftii,29,2,1.0,0.1,5,100,0.8,103,4,0.156557949350542,0.8813131313131313,0.18931159420289856,0.04391731265030763,0.0,0.0,0.9696969696969697
XGBoost_single_with_coords,spatial,True,Cacophis kreftii,29,3,1.0,0.1,5,100,0.8,102,3,0.09272652031549122,0.9461279461279462,0.28535353535353536,0.02761497528510199,0.0,0.0,1.0
XGBoost_single_with_coords,spatial,True,Cacophis kreftii,29,4,1.0,0.1,5,100,0.8,103,4,0.1699446934695731,0.8434343434343434,0.13147727272727275,0.04068252087738345,0.0,0.0,1.0
XGBoost_single_with_coords,spatial,True,Cacophis kreftii,29,5,1.0,0.1,5,100,0.8,102,4,0.10890298270445303,0.9413265306122449,0.4708333333333333,0.032791443623648484,0.3333333333333333,0.25,0.9897959183673469
XGBoost_single_with_coords,spatial,True,Cacophis kreftii,30,1,1.0,0.1,5,100,1.0,103,4,0.1976018844852771,0.8661616161616161,0.2445825515947467,0.04539282149280367,0.0,0.0,0.98989898989899
XGBoost_single_with_coords,spatial,True,Cacophis kreftii,30,2,1.0,0.1,5,100,1.0,103,4,0.166736718017209,0.8737373737373737,0.1717948717948718,0.047074051052537036,0.0,0.0,0.9797979797979798
XGBoost_single_with_coords,spatial,True,Cacophis kreftii,30,3,1.0,0.1,5,100,1.0,102,3,0.10464916179482801,0.9393939393939393,0.4772727272727273,0.028453199646602007,0.4,0.3333333333333333,0.98989898989899
XGBoost_single_with_coords,spatial,True,Cacophis kreftii,30,4,1.0,0.1,5,100,1.0,103,4,0.16926702862207468,0.8636363636363636,0.17289002557544758,0.041896495888313554,0.0,0.0,0.98989898989899
XGBoost_single_with_coords,spatial,True,Cacophis kreftii,30,5,1.0,0.1,5,100,1.0,102,4,0.11538755355643136,0.9387755102040817,0.4722222222222222,0.03408904714014521,0.3333333333333333,0.25,0.9897959183673469
XGBoost_single_with_coords,spatial,True,Cacophis kreftii,31,1,1.0,0.1,5,300,0.8,103,4,0.19031334685552795,0.8181818181818182,0.2548076923076923,0.03839434678775047,0.0,0.0,1.0
XGBoost_single_with_coords,spatial,True,Cacophis kreftii,31,2,1.0,0.1,5,300,0.8,103,4,0.18045726529435419,0.8535353535353535,0.14388736263736263,0.04665911695388812,0.0,0.0,0.9696969696969697
XGBoost_single_with_coords,spatial,True,Cacophis kreftii,31,3,1.0,0.1,5,300,0.8,102,3,0.09950262591495461,0.9494949494949495,0.2777777777777778,0.028022714823621793,0.0,0.0,1.0
XGBoost_single_with_coords,spatial,True,Cacophis kreftii,31,4,1.0,0.1,5,300,0.8,103,4,0.19071874981056608,0.8308080808080808,0.12974738075544529,0.04201789002830338,0.0,0.0,0.98989898989899
XGBoost_single_with_coords,spatial,True,Cacophis kreftii,31,5,1.0,0.1,5,300,0.8,102,4,0.11286196209159176,0.9515306122448979,0.5019230769230769,0.03397360971415928,0.2857142857142857,0.25,0.9795918367346939
XGBoost_single_with_coords,spatial,True,Cacophis kreftii,32,1,1.0,0.1,5,300,1.0,103,4,0.2199664560045153,0.8358585858585859,0.2152777777777778,0.046044236572597784,0.0,0.0,0.98989898989899
XGBoost_single_with_coords,spatial,True,Cacophis kreftii,32,2,1.0,0.1,5,300,1.0,103,4,0.18766989614794538,0.8484848484848485,0.14911270110760771,0.05028455657889828,0.0,0.0,0.9797979797979798
XGBoost_single_with_coords,spatial,True,Cacophis kreftii,32,3,1.0,0.1,5,300,1.0,102,3,0.11112159858886222,0.9528619528619529,0.5074074074074074,0.028210359531858045,0.3333333333333333,0.3333333333333333,0.9797979797979798
XGBoost_single_with_coords,spatial,True,Cacophis kreftii,32,4,1.0,0.1,5,300,1.0,103,4,0.18235243065309278,0.8787878787878788,0.2039758487126908,0.0432506807486121,0.0,0.0,0.98989898989899
XGBoost_single_with_coords,spatial,True,Cacophis kreftii,32,5,1.0,0.1,5,300,1.0,102,4,0.12129447486084033,0.9413265306122449,0.4806818181818182,0.034570494153501,0.2857142857142857,0.25,0.9795918367346939
XGBoost_single_with_coords,spatial,True,Calyptotis scutirostrum,1,1,0.8,0.03,3,100,0.8,103,7,0.16691488949571218,0.9300595238095237,0.5113600512668837,0.05020574602853663,0.2,0.14285714285714285,0.9791666666666666
XGBoost_single_with_coords,spatial,True,Calyptotis scutirostrum,1,2,0.8,0.03,3,100,0.8,103,8,0.14162715183952082,0.9552631578947368,0.5569399350649351,0.04389346304287145,0.5333333333333333,0.5,0.968421052631579
XGBoost_single_with_coords,spatial,True,Calyptotis scutirostrum,1,3,0.8,0.03,3,100,0.8,103,8,0.12675981665152988,0.968421052631579,0.6653731684981685,0.041619380444178164,0.5,0.375,0.9894736842105263
XGBoost_single_with_coords,spatial,True,Calyptotis scutirostrum,1,4,0.8,0.03,3,100,0.8,102,7,0.14723392353492504,0.9488721804511279,0.4705215419501134,0.04730000737860078,0.3333333333333333,0.2857142857142857,0.968421052631579
XGBoost_single_with_coords,spatial,True,Calyptotis scutirostrum,1,5,0.8,0.03,3,100,0.8,102,7,0.13264436352349498,0.9218045112781954,0.7112745098039215,0.03425343954784133,0.6153846153846154,0.5714285714285714,0.9789473684210527
XGBoost_single_with_coords,spatial,True,Calyptotis scutirostrum,2,1,0.8,0.03,3,100,1.0,103,7,0.17771817365756404,0.9196428571428571,0.5054594662889593,0.052398190886255885,0.2,0.14285714285714285,0.9791666666666666
XGBoost_single_with_coords,spatial,True,Calyptotis scutirostrum,2,2,0.8,0.03,3,100,1.0,103,8,0.1414748722676412,0.9552631578947368,0.6218855218855219,0.04148294597912756,0.5,0.375,0.9894736842105263
XGBoost_single_with_coords,spatial,True,Calyptotis scutirostrum,2,3,0.8,0.03,3,100,1.0,103,8,0.12286792329691495,0.9717105263157895,0.7459061771561772,0.039127277128443154,0.5,0.375,0.9894736842105263
XGBoost_single_with_coords,spatial,True,Calyptotis scutirostrum,2,4,0.8,0.03,3,100,1.0,102,7,0.14140512756065307,0.956390977443609,0.5920111634397349,0.04623094830395122,0.3333333333333333,0.2857142857142857,0.968421052631579
XGBoost_single_with_coords,spatial,True,Calyptotis scutirostrum,2,5,0.8,0.03,3,100,1.0,102,7,0.13467602870539316,0.9285714285714285,0.6657867494824017,0.035241752278156895,0.6153846153846154,0.5714285714285714,0.9789473684210527
XGBoost_single_with_coords,spatial,True,Calyptotis scutirostrum,3,1,0.8,0.03,3,300,0.8,103,7,0.1889928384336817,0.90625,0.5159183673469387,0.051278788780449204,0.36363636363636365,0.2857142857142857,0.9791666666666666
XGBoost_single_with_coords,spatial,True,Calyptotis scutirostrum,3,2,0.8,0.03,3,300,0.8,103,8,0.1558317864938721,0.9486842105263158,0.4821699134199134,0.04998619759973505,0.4,0.375,0.9578947368421052
XGBoost_single_with_coords,spatial,True,Calyptotis scutirostrum,3,3,0.8,0.03,3,300,0.8,103,8,0.1254332554278138,0.9618421052631578,0.5954184704184704,0.04253561458091393,0.5,0.5,0.9578947368421052
XGBoost_single_with_coords,spatial,True,Calyptotis scutirostrum,3,4,0.8,0.03,3,300,0.8,102,7,0.17117445835774414,0.9458646616541354,0.621959653426588,0.05116617579458303,0.46153846153846156,0.42857142857142855,0.968421052631579
XGBoost_single_with_coords,spatial,True,Calyptotis scutirostrum,3,5,0.8,0.03,3,300,0.8,102,7,0.13777512403245035,0.9112781954887218,0.6196223316912972,0.03392544893949081,0.6666666666666666,0.7142857142857143,0.968421052631579
XGBoost_single_with_coords,spatial,True,Calyptotis scutirostrum,4,1,0.8,0.03,3,300,1.0,103,7,0.21504169085075234,0.875,0.4701969208736126,0.05711034730287364,0.3333333333333333,0.2857142857142857,0.96875
XGBoost_single_with_coords,spatial,True,Calyptotis scutirostrum,4,2,0.8,0.03,3,300,1.0,103,8,0.15518230803737237,0.9447368421052632,0.5665151515151514,0.04721520564105802,0.3333333333333333,0.25,0.9789473684210527
XGBoost_single_with_coords,spatial,True,Calyptotis scutirostrum,4,3,0.8,0.03,3,300,1.0,103,8,0.12047352079359952,0.9644736842105263,0.610218253968254,0.042003562400189313,0.5882352941176471,0.625,0.9578947368421052
XGBoost_single_with_coords,spatial,True,Calyptotis scutirostrum,4,4,0.8,0.03,3,300,1.0,102,7,0.16325835599007857,0.9473684210526316,0.5794681508967223,0.05011047255506536,0.3333333333333333,0.2857142857142857,0.968421052631579
XGBoost_single_with_coords,spatial,True,Calyptotis scutirostrum,4,5,0.8,0.03,3,300,1.0,102,7,0.14072267788105175,0.9112781954887218,0.6428571428571428,0.035144184710634296,0.5714285714285714,0.5714285714285714,0.968421052631579
XGBoost_single_with_coords,spatial,True,Calyptotis scutirostrum,5,1,0.8,0.03,5,100,0.8,103,7,0.16121643609316666,0.9419642857142858,0.5350787683494451,0.04848515319868807,0.2,0.14285714285714285,0.9791666666666666
XGBoost_single_with_coords,spatial,True,Calyptotis scutirostrum,5,2,0.8,0.03,5,100,0.8,103,8,0.1455007591396083,0.95,0.5254419191919192,0.045438260048061126,0.46153846153846156,0.375,0.9789473684210527
XGBoost_single_with_coords,spatial,True,Calyptotis scutirostrum,5,3,0.8,0.03,5,100,0.8,103,8,0.12734414998223081,0.9618421052631579,0.6083603896103895,0.04259330394286902,0.36363636363636365,0.25,0.9894736842105263
XGBoost_single_with_coords,spatial,True,Calyptotis scutirostrum,5,4,0.8,0.03,5,100,0.8,102,7,0.14982123349384285,0.9518796992481203,0.5085807050092764,0.04757970417927188,0.3333333333333333,0.2857142857142857,0.968421052631579
XGBoost_single_with_coords,spatial,True,Calyptotis scutirostrum,5,5,0.8,0.03,5,100,0.8,102,7,0.12897272969185608,0.9263157894736842,0.6852221739759732,0.03379868922746031,0.6153846153846154,0.5714285714285714,0.9789473684210527
XGBoost_single_with_coords,spatial,True,Calyptotis scutirostrum,6,1,0.8,0.03,5,100,1.0,103,7,0.1727930646344458,0.9322916666666666,0.4961038961038961,0.05253372575163044,0.3333333333333333,0.2857142857142857,0.96875
XGBoost_single_with_coords,spatial,True,Calyptotis scutirostrum,6,2,0.8,0.03,5,100,1.0,103,8,0.15297967640933413,0.9315789473684211,0.5465548340548341,0.04597820907809495,0.42857142857142855,0.375,0.968421052631579
XGBoost_single_with_coords,spatial,True,Calyptotis scutirostrum,6,3,0.8,0.03,5,100,1.0,103,8,0.13417652468346059,0.9605263157894737,0.6151785714285714,0.04279699288122415,0.36363636363636365,0.25,0.9894736842105263
XGBoost_single_with_coords,spatial,True,Calyptotis scutirostrum,6,4,0.8,0.03,5,100,1.0,102,7,0.15098117101268047,0.9518796992481202,0.5224695938981653,0.047909937370486634,0.3333333333333333,0.2857142857142857,0.968421052631579
XGBoost_single_with_coords,spatial,True,Calyptotis scutirostrum,6,5,0.8,0.03,5,100,1.0,102,7,0.13047840635957664,0.9225563909774436,0.6454081632653061,0.035003652746871255,0.6153846153846154,0.5714285714285714,0.9789473684210527
XGBoost_single_with_coords,spatial,True,Calyptotis scutirostrum,7,1,0.8,0.03,5,300,0.8,103,7,0.1827545816868205,0.9166666666666666,0.5058956916099773,0.05212350249821529,0.36363636363636365,0.2857142857142857,0.9791666666666666
XGBoost_single_with_coords,spatial,True,Calyptotis scutirostrum,7,2,0.8,0.03,5,300,0.8,103,8,0.16068730997098246,0.9460526315789474,0.4714556277056277,0.05065636472026899,0.5,0.5,0.9578947368421052
XGBoost_single_with_coords,spatial,True,Calyptotis scutirostrum,7,3,0.8,0.03,5,300,0.8,103,8,0.12539339706306582,0.9631578947368421,0.6031565656565656,0.043416777667025744,0.5,0.5,0.9578947368421052
XGBoost_single_with_coords,spatial,True,Calyptotis scutirostrum,7,4,0.8,0.03,5,300,0.8,102,7,0.1778711405835825,0.9398496240601504,0.6155184295940599,0.05153583767449881,0.46153846153846156,0.42857142857142855,0.968421052631579
XGBoost_single_with_coords,spatial,True,Calyptotis scutirostrum,7,5,0.8,0.03,5,300,0.8,102,7,0.1394047950034656,0.912781954887218,0.584508348794063,0.034572147635519274,0.6666666666666666,0.7142857142857143,0.968421052631579
XGBoost_single_with_coords,spatial,True,Calyptotis scutirostrum,8,1,0.8,0.03,5,300,1.0,103,7,0.1998208779271018,0.9166666666666666,0.5057720057720057,0.05697233700465056,0.3076923076923077,0.2857142857142857,0.9583333333333334
XGBoost_single_with_coords,spatial,True,Calyptotis scutirostrum,8,2,0.8,0.03,5,300,1.0,103,8,0.1690613843802127,0.9460526315789474,0.5025270562770563,0.05257199431306258,0.5333333333333333,0.5,0.968421052631579
XGBoost_single_with_coords,spatial,True,Calyptotis scutirostrum,8,3,0.8,0.03,5,300,1.0,103,8,0.14580903713662846,0.9618421052631578,0.5954184704184704,0.04780842151777236,0.5,0.5,0.9578947368421052
XGBoost_single_with_coords,spatial,True,Calyptotis scutirostrum,8,4,0.8,0.03,5,300,1.0,102,7,0.17460374758002517,0.9473684210526316,0.6239359380115683,0.05133184149035866,0.46153846153846156,0.42857142857142855,0.968421052631579
XGBoost_single_with_coords,spatial,True,Calyptotis scutirostrum,8,5,0.8,0.03,5,300,1.0,102,7,0.14847296817610944,0.8962406015037593,0.58147804576376,0.03600192319463,0.7142857142857143,0.7142857142857143,0.9789473684210527
XGBoost_single_with_coords,spatial,True,Calyptotis scutirostrum,9,1,0.8,0.1,3,100,0.8,103,7,0.19811935565060326,0.8854166666666666,0.5075283446712018,0.05214119324614123,0.36363636363636365,0.2857142857142857,0.9791666666666666
XGBoost_single_with_coords,spatial,True,Calyptotis scutirostrum,9,2,0.8,0.1,3,100,0.8,103,8,0.15657317838210164,0.9447368421052631,0.4439754689754689,0.051725093811649935,0.47058823529411764,0.5,0.9473684210526315
XGBoost_single_with_coords,spatial,True,Calyptotis scutirostrum,9,3,0.8,0.1,3,100,0.8,103,8,0.11585568728288763,0.9697368421052631,0.678125,0.03865654490585949,0.6666666666666666,0.75,0.9578947368421052
XGBoost_single_with_coords,spatial,True,Calyptotis scutirostrum,9,4,0.8,0.1,3,100,0.8,102,7,0.1806902233515165,0.9353383458646616,0.547108843537415,0.05268349102703492,0.46153846153846156,0.42857142857142855,0.968421052631579
XGBoost_single_with_coords,spatial,True,Calyptotis scutirostrum,9,5,0.8,0.1,3,100,0.8,102,7,0.14183547020329149,0.9112781954887217,0.6104010025062656,0.034548127413384144,0.6666666666666666,0.7142857142857143,0.968421052631579
XGBoost_single_with_coords,spatial,True,Calyptotis scutirostrum,10,1,0.8,0.1,3,100,1.0,103,7,0.20703692612255778,0.8928571428571428,0.5120351473922902,0.05282770447984757,0.3333333333333333,0.2857142857142857,0.96875
XGBoost_single_with_coords,spatial,True,Calyptotis scutirostrum,10,2,0.8,0.1,3,100,1.0,103,8,0.15654251122111884,0.9500000000000001,0.5910984848484848,0.04883341250713676,0.46153846153846156,0.375,0.9789473684210527
XGBoost_single_with_coords,spatial,True,Calyptotis scutirostrum,10,3,0.8,0.1,3,100,1.0,103,8,0.11508487380879244,0.9631578947368421,0.597718253968254,0.040219423430865014,0.5882352941176471,0.625,0.9578947368421052
XGBoost_single_with_coords,spatial,True,Calyptotis scutirostrum,10,4,0.8,0.1,3,100,1.0,102,7,0.1586126854272784,0.9473684210526315,0.5784813925570228,0.04792470534037058,0.46153846153846156,0.42857142857142855,0.968421052631579
XGBoost_single_with_coords,spatial,True,Calyptotis scutirostrum,10,5,0.8,0.1,3,100,1.0,102,7,0.13935984120177874,0.8842105263157894,0.6867965367965367,0.03203123532944453,0.7142857142857143,0.7142857142857143,0.9789473684210527
XGBoost_single_with_coords,spatial,True,Calyptotis scutirostrum,11,1,0.8,0.1,3,300,0.8,103,7,0.21022687332628318,0.9047619047619048,0.519671201814059,0.05377245717496453,0.3333333333333333,0.2857142857142857,0.96875
XGBoost_single_with_coords,spatial,True,Calyptotis scutirostrum,11,2,0.8,0.1,3,300,0.8,103,8,0.19310729217569222,0.9473684210526315,0.4752254689754689,0.06136882188460817,0.2857142857142857,0.25,0.9578947368421052
XGBoost_single_with_coords,spatial,True,Calyptotis scutirostrum,11,3,0.8,0.1,3,300,0.8,103,8,0.1360885238041207,0.9631578947368421,0.628646761734997,0.04267857105834957,0.7368421052631579,0.875,0.9578947368421052
XGBoost_single_with_coords,spatial,True,Calyptotis scutirostrum,11,4,0.8,0.1,3,300,0.8,102,7,0.20923019932009004,0.9112781954887217,0.6140437025874179,0.05211490355054164,0.46153846153846156,0.42857142857142855,0.968421052631579
XGBoost_single_with_coords,spatial,True,Calyptotis scutirostrum,11,5,0.8,0.1,3,300,0.8,102,7,0.17384241796181338,0.8962406015037593,0.6002164502164502,0.03662516914347212,0.6666666666666666,0.7142857142857143,0.968421052631579
XGBoost_single_with_coords,spatial,True,Calyptotis scutirostrum,12,1,0.8,0.1,3,300,1.0,103,7,0.23097770057347294,0.8660714285714286,0.5077380952380952,0.05358875995820834,0.3333333333333333,0.2857142857142857,0.96875
XGBoost_single_with_coords,spatial,True,Calyptotis scutirostrum,12,2,0.8,0.1,3,300,1.0,103,8,0.17540439883220985,0.9526315789473684,0.5625270562770563,0.05496590488620109,0.5333333333333333,0.5,0.968421052631579
XGBoost_single_with_coords,spatial,True,Calyptotis scutirostrum,12,3,0.8,0.1,3,300,1.0,103,8,0.1330995770153135,0.9618421052631579,0.5906565656565657,0.044075781065073684,0.7368421052631579,0.875,0.9578947368421052
XGBoost_single_with_coords,spatial,True,Calyptotis scutirostrum,12,4,0.8,0.1,3,300,1.0,102,7,0.19155415635319026,0.9263157894736841,0.6042517006802721,0.050455788035188034,0.46153846153846156,0.42857142857142855,0.968421052631579
XGBoost_single_with_coords,spatial,True,Calyptotis scutirostrum,12,5,0.8,0.1,3,300,1.0,102,7,0.1613247587737169,0.8661654135338346,0.5966928420416793,0.032404882431272215,0.7142857142857143,0.7142857142857143,0.9789473684210527
XGBoost_single_with_coords,spatial,True,Calyptotis scutirostrum,13,1,0.8,0.1,5,100,0.8,103,7,0.1831349256007885,0.9092261904761905,0.5188997338065662,0.0498919736654591,0.3333333333333333,0.2857142857142857,0.96875
XGBoost_single_with_coords,spatial,True,Calyptotis scutirostrum,13,2,0.8,0.1,5,100,0.8,103,8,0.16876128933987133,0.9447368421052632,0.4460588023088023,0.05437576137566688,0.4,0.375,0.9578947368421052
XGBoost_single_with_coords,spatial,True,Calyptotis scutirostrum,13,3,0.8,0.1,5,100,0.8,103,8,0.1266762448299936,0.9671052631578948,0.655239898989899,0.04325887826489944,0.5882352941176471,0.625,0.9578947368421052
XGBoost_single_with_coords,spatial,True,Calyptotis scutirostrum,13,4,0.8,0.1,5,100,0.8,102,7,0.1808492213206586,0.9383458646616543,0.6161154116819141,0.0529996579999526,0.3333333333333333,0.2857142857142857,0.968421052631579
XGBoost_single_with_coords,spatial,True,Calyptotis scutirostrum,13,5,0.8,0.1,5,100,0.8,102,7,0.13760885186559504,0.9082706766917292,0.6190476190476191,0.03221995627180744,0.6666666666666666,0.7142857142857143,0.968421052631579
XGBoost_single_with_coords,spatial,True,Calyptotis scutirostrum,14,1,0.8,0.1,5,100,1.0,103,7,0.2115524501423667,0.8928571428571429,0.48440426895395833,0.05660505936039783,0.3333333333333333,0.2857142857142857,0.96875
XGBoost_single_with_coords,spatial,True,Calyptotis scutirostrum,14,2,0.8,0.1,5,100,1.0,103,8,0.16272255798405577,0.9486842105263158,0.5199934123847167,0.05022762753866171,0.3333333333333333,0.25,0.9789473684210527
XGBoost_single_with_coords,spatial,True,Calyptotis scutirostrum,14,3,0.8,0.1,5,100,1.0,103,8,0.1348661052598913,0.9618421052631579,0.5906565656565657,0.046299918466499834,0.5882352941176471,0.625,0.9578947368421052
XGBoost_single_with_coords,spatial,True,Calyptotis scutirostrum,14,4,0.8,0.1,5,100,1.0,102,7,0.17775076154344824,0.9503759398496241,0.629251700680272,0.052492697576418425,0.3333333333333333,0.2857142857142857,0.968421052631579
XGBoost_single_with_coords,spatial,True,Calyptotis scutirostrum,14,5,0.8,0.1,5,100,1.0,102,7,0.14725512863023732,0.8812030075187969,0.6602659245516387,0.035117048164064815,0.7142857142857143,0.7142857142857143,0.9789473684210527
XGBoost_single_with_coords,spatial,True,Calyptotis scutirostrum,15,1,0.8,0.1,5,300,0.8,103,7,0.1964420357371516,0.9196428571428572,0.5119047619047619,0.052629753443171695,0.46153846153846156,0.42857142857142855,0.96875
XGBoost_single_with_coords,spatial,True,Calyptotis scutirostrum,15,2,0.8,0.1,5,300,0.8,103,8,0.19523130794872234,0.9460526315789474,0.4668921356421356,0.06253136536488874,0.4,0.375,0.9578947368421052
XGBoost_single_with_coords,spatial,True,Calyptotis scutirostrum,15,3,0.8,0.1,5,300,0.8,103,8,0.13697015180005698,0.9657894736842105,0.6704184704184704,0.04403929481927343,0.5882352941176471,0.625,0.9578947368421052
XGBoost_single_with_coords,spatial,True,Calyptotis scutirostrum,15,4,0.8,0.1,5,300,0.8,102,7,0.19881723748042163,0.9082706766917292,0.6190976390556222,0.050333796571901915,0.5,0.42857142857142855,0.9789473684210527
XGBoost_single_with_coords,spatial,True,Calyptotis scutirostrum,15,5,0.8,0.1,5,300,0.8,102,7,0.1712103023546319,0.8992481203007519,0.6082417582417582,0.03734000363855309,0.6666666666666666,0.7142857142857143,0.968421052631579
XGBoost_single_with_coords,spatial,True,Calyptotis scutirostrum,16,1,0.8,0.1,5,300,1.0,103,7,0.22496886494668739,0.8913690476190477,0.5182993197278911,0.05529468576512145,0.3333333333333333,0.2857142857142857,0.96875
XGBoost_single_with_coords,spatial,True,Calyptotis scutirostrum,16,2,0.8,0.1,5,300,1.0,103,8,0.17704730793396342,0.9513157894736842,0.5101461038961039,0.054498335545137666,0.5333333333333333,0.5,0.968421052631579
XGBoost_single_with_coords,spatial,True,Calyptotis scutirostrum,16,3,0.8,0.1,5,300,1.0,103,8,0.13774513565867422,0.9644736842105264,0.6082656926406926,0.0444732068232596,0.6666666666666666,0.75,0.9578947368421052
XGBoost_single_with_coords,spatial,True,Calyptotis scutirostrum,16,4,0.8,0.1,5,300,1.0,102,7,0.2137097597438027,0.9218045112781955,0.6041224181980485,0.05540597070875114,0.3333333333333333,0.2857142857142857,0.968421052631579
XGBoost_single_with_coords,spatial,True,Calyptotis scutirostrum,16,5,0.8,0.1,5,300,1.0,102,7,0.17469747332762017,0.8706766917293233,0.5971131278360193,0.03696415696539462,0.7142857142857143,0.7142857142857143,0.9789473684210527
XGBoost_single_with_coords,spatial,True,Calyptotis scutirostrum,17,1,1.0,0.03,3,100,0.8,103,7,0.16079181612221508,0.9300595238095238,0.5196140195208518,0.04799343034055478,0.18181818181818182,0.14285714285714285,0.96875
XGBoost_single_with_coords,spatial,True,Calyptotis scutirostrum,17,2,1.0,0.03,3,100,0.8,103,8,0.15158908421749373,0.9473684210526316,0.4943612637362637,0.046197810411113135,0.5333333333333333,0.5,0.968421052631579
XGBoost_single_with_coords,spatial,True,Calyptotis scutirostrum,17,3,1.0,0.03,3,100,0.8,103,8,0.12489583544151116,0.9671052631578948,0.6566926129426129,0.040655826376227354,0.2,0.125,0.9894736842105263
XGBoost_single_with_coords,spatial,True,Calyptotis scutirostrum,17,4,1.0,0.03,3,100,0.8,102,7,0.1452768029734519,0.9488721804511279,0.46532999164578115,0.04731956634243455,0.3333333333333333,0.2857142857142857,0.968421052631579
XGBoost_single_with_coords,spatial,True,Calyptotis scutirostrum,17,5,1.0,0.03,3,100,0.8,102,7,0.13548332169486366,0.8736842105263158,0.6848141695702672,0.034499063095001524,0.6153846153846154,0.5714285714285714,0.9789473684210527
XGBoost_single_with_coords,spatial,True,Calyptotis scutirostrum,18,1,1.0,0.03,3,100,1.0,103,7,0.18081785512597454,0.9211309523809523,0.5013227513227513,0.052204262633411554,0.36363636363636365,0.2857142857142857,0.9791666666666666
XGBoost_single_with_coords,spatial,True,Calyptotis scutirostrum,18,2,1.0,0.03,3,100,1.0,103,8,0.13840536714422752,0.9552631578947369,0.7364247311827957,0.039827769954437965,0.5,0.375,0.9894736842105263
XGBoost_single_with_coords,spatial,True,Calyptotis scutirostrum,18,3,1.0,0.03,3,100,1.0,103,8,0.12368803487106182,0.9677631578947369,0.7317401960784314,0.039056438598764794,0.6666666666666666,0.625,0.9789473684210527
XGBoost_single_with_coords,spatial,True,Calyptotis scutirostrum,18,4,1.0,0.03,3,100,1.0,102,7,0.14969197044832036,0.9488721804511278,0.5369329918202099,0.049510189810952204,0.3333333333333333,0.2857142857142857,0.968421052631579
XGBoost_single_with_coords,spatial,True,Calyptotis scutirostrum,18,5,1.0,0.03,3,100,1.0,102,7,0.1367282973753078,0.9052631578947368,0.7700368879946344,0.03498079286003716,0.6153846153846154,0.5714285714285714,0.9789473684210527
XGBoost_single_with_coords,spatial,True,Calyptotis scutirostrum,19,1,1.0,0.03,3,300,0.8,103,7,0.18316616324761753,0.9181547619047619,0.5221683673469388,0.05059581635567628,0.36363636363636365,0.2857142857142857,0.9791666666666666
XGBoost_single_with_coords,spatial,True,Calyptotis scutirostrum,19,2,1.0,0.03,3,300,0.8,103,8,0.17070801162305646,0.9394736842105262,0.4325926187339231,0.054316052636948525,0.4,0.375,0.9578947368421052
XGBoost_single_with_coords,spatial,True,Calyptotis scutirostrum,19,3,1.0,0.03,3,300,0.8,103,8,0.1190265659210275,0.9657894736842105,0.6245851370851371,0.04017823251521605,0.5,0.5,0.9578947368421052
XGBoost_single_with_coords,spatial,True,Calyptotis scutirostrum,19,4,1.0,0.03,3,300,0.8,102,7,0.17185455471296235,0.9473684210526316,0.5784813925570228,0.051746695941139655,0.46153846153846156,0.42857142857142855,0.968421052631579
XGBoost_single_with_coords,spatial,True,Calyptotis scutirostrum,19,5,1.0,0.03,3,300,0.8,102,7,0.13542308457916166,0.8992481203007519,0.6175324675324675,0.03195246168310371,0.6666666666666666,0.7142857142857143,0.968421052631579
XGBoost_single_with_coords,spatial,True,Calyptotis scutirostrum,20,1,1.0,0.03,3,300,1.0,103,7,0.21214211538120967,0.8586309523809523,0.46818060557556357,0.05406816779427197,0.3333333333333333,0.2857142857142857,0.96875
XGBoost_single_with_coords,spatial,True,Calyptotis scutirostrum,20,2,1.0,0.03,3,300,1.0,103,8,0.15837409457739657,0.9460526315789474,0.5809489121989122,0.0498966825732206,0.3333333333333333,0.25,0.9789473684210527
XGBoost_single_with_coords,spatial,True,Calyptotis scutirostrum,20,3,1.0,0.03,3,300,1.0,103,8,0.12085169005212396,0.9671052631578947,0.6796092796092796,0.04220041132270348,0.5882352941176471,0.625,0.9578947368421052
XGBoost_single_with_coords,spatial,True,Calyptotis scutirostrum,20,4,1.0,0.03,3,300,1.0,102,7,0.17187801572852218,0.9473684210526316,0.573118944547516,0.051849321804071515,0.46153846153846156,0.42857142857142855,0.968421052631579
XGBoost_single_with_coords,spatial,True,Calyptotis scutirostrum,20,5,1.0,0.03,3,300,1.0,102,7,0.14031137165336394,0.9082706766917293,0.6335679099225897,0.034283626327351775,0.6153846153846154,0.5714285714285714,0.9789473684210527
XGBoost_single_with_coords,spatial,True,Calyptotis scutirostrum,21,1,1.0,0.03,5,100,0.8,103,7,0.15796113338095244,0.9389880952380952,0.5411420632326158,0.046871075202525946,0.3333333333333333,0.2857142857142857,0.96875
XGBoost_single_with_coords,spatial,True,Calyptotis scutirostrum,21,2,1.0,0.03,5,100,0.8,103,8,0.15289862731826515,0.9421052631578948,0.5157016594516595,0.04685328273448012,0.46153846153846156,0.375,0.9789473684210527
XGBoost_single_with_coords,spatial,True,Calyptotis scutirostrum,21,3,1.0,0.03,5,100,0.8,103,8,0.12534126741096158,0.9671052631578948,0.6656978438228438,0.04110012625518555,0.36363636363636365,0.25,0.9894736842105263
XGBoost_single_with_coords,spatial,True,Calyptotis scutirostrum,21,4,1.0,0.03,5,100,0.8,102,7,0.15259047197542902,0.9518796992481203,0.4793960008245722,0.04885879997907841,0.3333333333333333,0.2857142857142857,0.968421052631579
XGBoost_single_with_coords,spatial,True,Calyptotis scutirostrum,21,5,1.0,0.03,5,100,0.8,102,7,0.13150537283651265,0.8556390977443609,0.6144409937888198,0.03413748600097161,0.6153846153846154,0.5714285714285714,0.9789473684210527
XGBoost_single_with_coords,spatial,True,Calyptotis scutirostrum,22,1,1.0,0.03,5,100,1.0,103,7,0.177030074955982,0.9241071428571429,0.49956212370005476,0.051804288886172604,0.3333333333333333,0.2857142857142857,0.96875
XGBoost_single_with_coords,spatial,True,Calyptotis scutirostrum,22,2,1.0,0.03,5,100,1.0,103,8,0.15246810214096787,0.9092105263157895,0.5683493589743589,0.04375076604784437,0.46153846153846156,0.375,0.9789473684210527
XGBoost_single_with_coords,spatial,True,Calyptotis scutirostrum,22,3,1.0,0.03,5,100,1.0,103,8,0.14506517007853117,0.9565789473684211,0.5993783993783993,0.04645413230143236,0.46153846153846156,0.375,0.9789473684210527
XGBoost_single_with_coords,spatial,True,Calyptotis scutirostrum,22,4,1.0,0.03,5,100,1.0,102,7,0.15233313342538196,0.9548872180451128,0.5131261595547308,0.05016120468005716,0.3333333333333333,0.2857142857142857,0.968421052631579
XGBoost_single_with_coords,spatial,True,Calyptotis scutirostrum,22,5,1.0,0.03,5,100,1.0,102,7,0.11979569301590708,0.9060150375939849,0.7312324929971988,0.029489968518947633,0.6666666666666666,0.5714285714285714,0.9894736842105263
XGBoost_single_with_coords,spatial,True,Calyptotis scutirostrum,23,1,1.0,0.03,5,300,0.8,103,7,0.17888080532651618,0.9300595238095238,0.5350787683494451,0.05091568835066158,0.3333333333333333,0.2857142857142857,0.96875
XGBoost_single_with_coords,spatial,True,Calyptotis scutirostrum,23,2,1.0,0.03,5,300,0.8,103,8,0.1707156238882047,0.9434210526315789,0.4673148409561453,0.05411175070970959,0.5,0.5,0.9578947368421052
XGBoost_single_with_coords,spatial,True,Calyptotis scutirostrum,23,3,1.0,0.03,5,300,0.8,103,8,0.12147891181651693,0.9671052631578947,0.6474702380952382,0.04050536061897952,0.6666666666666666,0.75,0.9578947368421052
XGBoost_single_with_coords,spatial,True,Calyptotis scutirostrum,23,4,1.0,0.03,5,300,0.8,102,7,0.18441506523649032,0.9413533834586466,0.6156802721088436,0.05306512757857344,0.46153846153846156,0.42857142857142855,0.968421052631579
XGBoost_single_with_coords,spatial,True,Calyptotis scutirostrum,23,5,1.0,0.03,5,300,0.8,102,7,0.14073573063158645,0.8721804511278195,0.6142857142857143,0.03308944359290892,0.6666666666666666,0.7142857142857143,0.968421052631579
XGBoost_single_with_coords,spatial,True,Calyptotis scutirostrum,24,1,1.0,0.03,5,300,1.0,103,7,0.20883997573524768,0.9017857142857143,0.4953169673666568,0.058956005577264284,0.3076923076923077,0.2857142857142857,0.9583333333333334
XGBoost_single_with_coords,spatial,True,Calyptotis scutirostrum,24,2,1.0,0.03,5,300,1.0,103,8,0.17141502683576756,0.9368421052631579,0.4583193387072697,0.05322359756207231,0.3333333333333333,0.25,0.9789473684210527
XGBoost_single_with_coords,spatial,True,Calyptotis scutirostrum,24,3,1.0,0.03,5,300,1.0,103,8,0.15704522081575112,0.9578947368421052,0.569490231990232,0.05197796156097176,0.6666666666666666,0.75,0.9578947368421052
XGBoost_single_with_coords,spatial,True,Calyptotis scutirostrum,24,4,1.0,0.03,5,300,1.0,102,7,0.17711782076461105,0.9518796992481203,0.5866451843895453,0.05412521301689315,0.3333333333333333,0.2857142857142857,0.968421052631579
XGBoost_single_with_coords,spatial,True,Calyptotis scutirostrum,24,5,1.0,0.03,5,300,1.0,102,7,0.13524813604367025,0.8887218045112781,0.6160795825179387,0.030334377561663465,0.7692307692307693,0.7142857142857143,0.9894736842105263
XGBoost_single_with_coords,spatial,True,Calyptotis scutirostrum,25,1,1.0,0.1,3,100,0.8,103,7,0.17579283866006196,0.9092261904761905,0.5156010680134122,0.046838704873703764,0.5714285714285714,0.5714285714285714,0.96875
XGBoost_single_with_coords,spatial,True,Calyptotis scutirostrum,25,2,1.0,0.1,3,100,0.8,103,8,0.1660839587933016,0.9460526315789474,0.47279109779109774,0.05331572546731402,0.5,0.5,0.9578947368421052
XGBoost_single_with_coords,spatial,True,Calyptotis scutirostrum,25,3,1.0,0.1,3,100,0.8,103,8,0.12541159464118992,0.9644736842105263,0.612085137085137,0.04254904075540494,0.6666666666666666,0.75,0.9578947368421052
XGBoost_single_with_coords,spatial,True,Calyptotis scutirostrum,25,4,1.0,0.1,3,100,0.8,102,7,0.16310786403476676,0.9473684210526315,0.5906026046782349,0.04849089132805726,0.5,0.42857142857142855,0.9789473684210527
XGBoost_single_with_coords,spatial,True,Calyptotis scutirostrum,25,5,1.0,0.1,3,100,0.8,102,7,0.14614264254233958,0.9112781954887218,0.6029180093089868,0.03573948604394547,0.6666666666666666,0.7142857142857143,0.968421052631579
XGBoost_single_with_coords,spatial,True,Calyptotis scutirostrum,26,1,1.0,0.1,3,100,1.0,103,7,0.22003780739215767,0.8467261904761905,0.45904725526574264,0.055892662935468435,0.42857142857142855,0.42857142857142855,0.9583333333333334
XGBoost_single_with_coords,spatial,True,Calyptotis scutirostrum,26,2,1.0,0.1,3,100,1.0,103,8,0.16374589057924324,0.9447368421052632,0.5045600233100234,0.051680294872545156,0.3333333333333333,0.25,0.9789473684210527
XGBoost_single_with_coords,spatial,True,Calyptotis scutirostrum,26,3,1.0,0.1,3,100,1.0,103,8,0.1290195199986003,0.9631578947368421,0.6090277777777778,0.04493440079973329,0.5882352941176471,0.625,0.9578947368421052
XGBoost_single_with_coords,spatial,True,Calyptotis scutirostrum,26,4,1.0,0.1,3,100,1.0,102,7,0.17669122141512134,0.9473684210526316,0.5717120181405896,0.05214832124484792,0.46153846153846156,0.42857142857142855,0.968421052631579
XGBoost_single_with_coords,spatial,True,Calyptotis scutirostrum,26,5,1.0,0.1,3,100,1.0,102,7,0.13827539383850032,0.924812030075188,0.5938956433637284,0.03387801505615494,0.6666666666666666,0.7142857142857143,0.968421052631579
XGBoost_single_with_coords,spatial,True,Calyptotis scutirostrum,27,1,1.0,0.1,3,300,0.8,103,7,0.1935550146709323,0.9107142857142857,0.5186627282491945,0.04904802429890044,0.46153846153846156,0.42857142857142855,0.96875
XGBoost_single_with_coords,spatial,True,Calyptotis scutirostrum,27,2,1.0,0.1,3,300,0.8,103,8,0.18056801756490928,0.9486842105263158,0.48078102453102456,0.05742910856317384,0.4,0.375,0.9578947368421052
XGBoost_single_with_coords,spatial,True,Calyptotis scutirostrum,27,3,1.0,0.1,3,300,0.8,103,8,0.13656154167551313,0.9618421052631579,0.6078134284016636,0.042365773502032224,0.6666666666666666,0.75,0.9578947368421052
XGBoost_single_with_coords,spatial,True,Calyptotis scutirostrum,27,4,1.0,0.1,3,300,0.8,102,7,0.20874156696517102,0.9172932330827068,0.610204081632653,0.05271455965833647,0.46153846153846156,0.42857142857142855,0.968421052631579
XGBoost_single_with_coords,spatial,True,Calyptotis scutirostrum,27,5,1.0,0.1,3,300,0.8,102,7,0.16860518724352763,0.8977443609022556,0.608008658008658,0.03494440787618067,0.6666666666666666,0.7142857142857143,0.968421052631579
XGBoost_single_with_coords,spatial,True,Calyptotis scutirostrum,28,1,1.0,0.1,3,300,1.0,103,7,0.23378250729585134,0.8645833333333333,0.5462372448979591,0.05529849764405669,0.46153846153846156,0.42857142857142855,0.96875
XGBoost_single_with_coords,spatial,True,Calyptotis scutirostrum,28,2,1.0,0.1,3,300,1.0,103,8,0.18241899198508724,0.9473684210526315,0.46639610389610386,0.057543409401351595,0.5333333333333333,0.5,0.968421052631579
XGBoost_single_with_coords,spatial,True,Calyptotis scutirostrum,28,3,1.0,0.1,3,300,1.0,103,8,0.15261974014712767,0.9618421052631578,0.5954184704184704,0.04817453818408252,0.5882352941176471,0.625,0.9578947368421052
XGBoost_single_with_coords,spatial,True,Calyptotis scutirostrum,28,4,1.0,0.1,3,300,1.0,102,7,0.20414566225257613,0.9203007518796993,0.55437701396348,0.05275713691236411,0.46153846153846156,0.42857142857142855,0.968421052631579
XGBoost_single_with_coords,spatial,True,Calyptotis scutirostrum,28,5,1.0,0.1,3,300,1.0,102,7,0.16098583561690644,0.9112781954887218,0.6104010025062656,0.03423482716235074,0.7142857142857143,0.7142857142857143,0.9789473684210527
XGBoost_single_with_coords,spatial,True,Calyptotis scutirostrum,29,1,1.0,0.1,5,100,0.8,103,7,0.17793406658271055,0.9300595238095238,0.5416256157635468,0.049173762396380265,0.3333333333333333,0.2857142857142857,0.96875
XGBoost_single_with_coords,spatial,True,Calyptotis scutirostrum,29,2,1.0,0.1,5,100,0.8,103,8,0.17895005067178213,0.9394736842105263,0.4692069504569505,0.05574851393788645,0.5,0.5,0.9578947368421052
XGBoost_single_with_coords,spatial,True,Calyptotis scutirostrum,29,3,1.0,0.1,5,100,0.8,103,8,0.13797110855908293,0.9631578947368421,0.6031565656565656,0.04767675726601386,0.5,0.5,0.9578947368421052
XGBoost_single_with_coords,spatial,True,Calyptotis scutirostrum,29,4,1.0,0.1,5,100,0.8,102,7,0.1864946073650033,0.9368421052631579,0.6129641511777124,0.05406378840622443,0.3333333333333333,0.2857142857142857,0.968421052631579
XGBoost_single_with_coords,spatial,True,Calyptotis scutirostrum,29,5,1.0,0.1,5,100,0.8,102,7,0.1546625019518992,0.8766917293233083,0.557034632034632,0.03918046382697563,0.6666666666666666,0.7142857142857143,0.968421052631579
XGBoost_single_with_coords,spatial,True,Calyptotis scutirostrum,30,1,1.0,0.1,5,100,1.0,103,7,0.20648139212883893,0.9032738095238095,0.4970109255823541,0.05677861291772913,0.3076923076923077,0.2857142857142857,0.9583333333333334
XGBoost_single_with_coords,spatial,True,Calyptotis scutirostrum,30,2,1.0,0.1,5,100,1.0,103,8,0.1814459561857595,0.9328947368421053,0.45679788961038964,0.05577751301423233,0.3333333333333333,0.25,0.9789473684210527
XGBoost_single_with_coords,spatial,True,Calyptotis scutirostrum,30,3,1.0,0.1,5,100,1.0,103,8,0.15957285095506415,0.9618421052631578,0.5954184704184704,0.05131854424875624,0.5882352941176471,0.625,0.9578947368421052
XGBoost_single_with_coords,spatial,True,Calyptotis scutirostrum,30,4,1.0,0.1,5,100,1.0,102,7,0.1835716586092675,0.9488721804511279,0.6185607576363878,0.05413223002093183,0.3333333333333333,0.2857142857142857,0.968421052631579
XGBoost_single_with_coords,spatial,True,Calyptotis scutirostrum,30,5,1.0,0.1,5,100,1.0,102,7,0.14481234783092065,0.9187969924812031,0.6212488769092542,0.03333859967537135,0.7142857142857143,0.7142857142857143,0.9789473684210527
XGBoost_single_with_coords,spatial,True,Calyptotis scutirostrum,31,1,1.0,0.1,5,300,0.8,103,7,0.19028172620890468,0.9196428571428572,0.5408025372311087,0.049536710582292,0.46153846153846156,0.42857142857142855,0.96875
XGBoost_single_with_coords,spatial,True,Calyptotis scutirostrum,31,2,1.0,0.1,5,300,0.8,103,8,0.1894472806380402,0.9473684210526316,0.4738365800865801,0.05937418839212779,0.4,0.375,0.9578947368421052
XGBoost_single_with_coords,spatial,True,Calyptotis scutirostrum,31,3,1.0,0.1,5,300,0.8,103,8,0.14437344093106677,0.9657894736842105,0.6245851370851371,0.04513466293318281,0.5882352941176471,0.625,0.9578947368421052
XGBoost_single_with_coords,spatial,True,Calyptotis scutirostrum,31,4,1.0,0.1,5,300,0.8,102,7,0.21755770608386651,0.9082706766917292,0.5916048237476809,0.05481414847120165,0.46153846153846156,0.42857142857142855,0.968421052631579
XGBoost_single_with_coords,spatial,True,Calyptotis scutirostrum,31,5,1.0,0.1,5,300,0.8,102,7,0.17498019238647322,0.8902255639097745,0.5901360544217686,0.039106053941001605,0.6666666666666666,0.7142857142857143,0.968421052631579
XGBoost_single_with_coords,spatial,True,Calyptotis scutirostrum,32,1,1.0,0.1,5,300,1.0,103,7,0.2158552989738615,0.8988095238095238,0.5524387892808946,0.05259776143628983,0.3333333333333333,0.2857142857142857,0.96875
XGBoost_single_with_coords,spatial,True,Calyptotis scutirostrum,32,2,1.0,0.1,5,300,1.0,103,8,0.19221243556006773,0.9460526315789475,0.4762434123847167,0.05859815784225372,0.42857142857142855,0.375,0.968421052631579
XGBoost_single_with_coords,spatial,True,Calyptotis scutirostrum,32,3,1.0,0.1,5,300,1.0,103,8,0.1515738995170785,0.9631578947368421,0.604099025974026,0.04579329436851548,0.5882352941176471,0.625,0.9578947368421052
XGBoost_single_with_coords,spatial,True,Calyptotis scutirostrum,32,4,1.0,0.1,5,300,1.0,102,7,0.21376680111422836,0.9308270676691729,0.5980177017043375,0.0556869147123174,0.46153846153846156,0.42857142857142855,0.968421052631579
XGBoost_single_with_coords,spatial,True,Calyptotis scutirostrum,32,5,1.0,0.1,5,300,1.0,102,7,0.16842021539889296,0.8887218045112781,0.5991494421071886,0.03376240216279149,0.7142857142857143,0.7142857142857143,0.9789473684210527
XGBoost_single_with_coords,spatial,True,Coeranoscincus reticulatus,1,1,0.8,0.03,3,100,0.8,102,12,0.224005114545849,0.9157407407407407,0.5777953527953528,0.06954150622832196,0.2857142857142857,0.16666666666666666,1.0
XGBoost_single_with_coords,spatial,True,Coeranoscincus reticulatus,1,2,0.8,0.03,3,100,0.8,103,13,0.22569227977619777,0.9324786324786325,0.7532800945952309,0.06746216150674603,0.26666666666666666,0.15384615384615385,1.0
XGBoost_single_with_coords,spatial,True,Coeranoscincus reticulatus,1,3,0.8,0.03,3,100,0.8,103,13,0.2685060197023416,0.9085470085470086,0.5247612216842986,0.0851210767216987,0.2222222222222222,0.15384615384615385,0.9666666666666667
XGBoost_single_with_coords,spatial,True,Coeranoscincus reticulatus,1,4,0.8,0.03,3,100,0.8,103,13,0.22705498787630904,0.9179487179487179,0.767775300383996,0.06497940010897574,0.6,0.46153846153846156,0.9888888888888889
XGBoost_single_with_coords,spatial,True,Coeranoscincus reticulatus,1,5,0.8,0.03,3,100,0.8,102,13,0.25883819333045566,0.8725151253241141,0.5372184393984836,0.07698485448831278,0.5,0.38461538461538464,0.9775280898876404
XGBoost_single_with_coords,spatial,True,Coeranoscincus reticulatus,2,1,0.8,0.03,3,100,1.0,102,12,0.22057653868471805,0.9194444444444445,0.612447739546197,0.0698634110254265,0.2857142857142857,0.16666666666666666,1.0
XGBoost_single_with_coords,spatial,True,Coeranoscincus reticulatus,2,2,0.8,0.03,3,100,1.0,103,13,0.2357681547536082,0.9153846153846154,0.6946437091173931,0.07156840808167483,0.26666666666666666,0.15384615384615385,1.0
XGBoost_single_with_coords,spatial,True,Coeranoscincus reticulatus,2,3,0.8,0.03,3,100,1.0,103,13,0.2612100816722299,0.9111111111111111,0.5344521420608377,0.08536389544933945,0.2222222222222222,0.15384615384615385,0.9666666666666667
XGBoost_single_with_coords,spatial,True,Coeranoscincus reticulatus,2,4,0.8,0.03,3,100,1.0,103,13,0.2290237618697621,0.9128205128205129,0.7326115697168327,0.06622486781379698,0.6666666666666666,0.5384615384615384,0.9888888888888889
XGBoost_single_with_coords,spatial,True,Coeranoscincus reticulatus,2,5,0.8,0.03,3,100,1.0,102,13,0.2545159648200161,0.8898012100259292,0.6371781548235285,0.07516588497371307,0.47619047619047616,0.38461538461538464,0.9662921348314607
XGBoost_single_with_coords,spatial,True,Coeranoscincus reticulatus,3,1,0.8,0.03,3,300,0.8,102,12,0.214952085356247,0.9212962962962963,0.590056434793277,0.07037953478175005,0.3333333333333333,0.25,0.9666666666666667
XGBoost_single_with_coords,spatial,True,Coeranoscincus reticulatus,3,2,0.8,0.03,3,300,0.8,103,13,0.20304795533296469,0.9282051282051282,0.736911276138362,0.06082389295845268,0.6,0.46153846153846156,0.9888888888888889
XGBoost_single_with_coords,spatial,True,Coeranoscincus reticulatus,3,3,0.8,0.03,3,300,0.8,103,13,0.2807479389003269,0.9042735042735043,0.5614700433665951,0.08640546318715843,0.38095238095238093,0.3076923076923077,0.9555555555555556
XGBoost_single_with_coords,spatial,True,Coeranoscincus reticulatus,3,4,0.8,0.03,3,300,0.8,103,13,0.22311788969905846,0.9008547008547009,0.7227974639739345,0.06395936636573266,0.6086956521739131,0.5384615384615384,0.9666666666666667
XGBoost_single_with_coords,spatial,True,Coeranoscincus reticulatus,3,5,0.8,0.03,3,300,0.8,102,13,0.28297617120275376,0.8660328435609336,0.5944717675486906,0.08595780194881734,0.48,0.46153846153846156,0.9325842696629213
XGBoost_single_with_coords,spatial,True,Coeranoscincus reticulatus,4,1,0.8,0.03,3,300,1.0,102,12,0.19721854581031042,0.9277777777777778,0.621105015841858,0.066091783929107,0.35294117647058826,0.25,0.9777777777777777
XGBoost_single_with_coords,spatial,True,Coeranoscincus reticulatus,4,2,0.8,0.03,3,300,1.0,103,13,0.20842471206264127,0.9307692307692308,0.7592836650528956,0.06378663868294389,0.5555555555555556,0.38461538461538464,1.0
XGBoost_single_with_coords,spatial,True,Coeranoscincus reticulatus,4,3,0.8,0.03,3,300,1.0,103,13,0.2764288926795465,0.917094017094017,0.5441373246636405,0.09022759354519917,0.38095238095238093,0.3076923076923077,0.9555555555555556
XGBoost_single_with_coords,spatial,True,Coeranoscincus reticulatus,4,4,0.8,0.03,3,300,1.0,103,13,0.22277542651665694,0.906837606837607,0.7137842063040025,0.06266558971015526,0.64,0.6153846153846154,0.9555555555555556
XGBoost_single_with_coords,spatial,True,Coeranoscincus reticulatus,4,5,0.8,0.03,3,300,1.0,102,13,0.2797955148360898,0.8837510803802939,0.6213685026543809,0.08545404924136621,0.48,0.46153846153846156,0.9325842696629213
XGBoost_single_with_coords,spatial,True,Coeranoscincus reticulatus,5,1,0.8,0.03,5,100,0.8,102,12,0.21455304369994513,0.9222222222222223,0.6000553905159168,0.0677806157137705,0.2857142857142857,0.16666666666666666,1.0
XGBoost_single_with_coords,spatial,True,Coeranoscincus reticulatus,5,2,0.8,0.03,5,100,0.8,103,13,0.2035226321000775,0.947008547008547,0.7878034486730139,0.06060448510240637,0.5555555555555556,0.38461538461538464,1.0
XGBoost_single_with_coords,spatial,True,Coeranoscincus reticulatus,5,3,0.8,0.03,5,100,0.8,103,13,0.28043332041498004,0.9153846153846154,0.5461312089155892,0.09018070699478144,0.21052631578947367,0.15384615384615385,0.9555555555555556
XGBoost_single_with_coords,spatial,True,Coeranoscincus reticulatus,5,4,0.8,0.03,5,100,0.8,103,13,0.22247152462526573,0.9179487179487179,0.7138448641881134,0.06514199255044482,0.5714285714285714,0.46153846153846156,0.9777777777777777
XGBoost_single_with_coords,spatial,True,Coeranoscincus reticulatus,5,5,0.8,0.03,5,100,0.8,102,13,0.2541683801518851,0.88504753673293,0.6221791366528209,0.07538963758102865,0.56,0.5384615384615384,0.9438202247191011
XGBoost_single_with_coords,spatial,True,Coeranoscincus reticulatus,6,1,0.8,0.03,5,100,1.0,102,12,0.20826206788583282,0.925,0.6235800810513454,0.06638206272462015,0.2857142857142857,0.16666666666666666,1.0
XGBoost_single_with_coords,spatial,True,Coeranoscincus reticulatus,6,2,0.8,0.03,5,100,1.0,103,13,0.2068203268534272,0.9418803418803419,0.7753382238676354,0.06237974493357989,0.47058823529411764,0.3076923076923077,1.0
XGBoost_single_with_coords,spatial,True,Coeranoscincus reticulatus,6,3,0.8,0.03,5,100,1.0,103,13,0.28997032901911035,0.9025641025641025,0.49987641005863515,0.09369260131148795,0.2222222222222222,0.15384615384615385,0.9666666666666667
XGBoost_single_with_coords,spatial,True,Coeranoscincus reticulatus,6,4,0.8,0.03,5,100,1.0,103,13,0.2157295441639948,0.9222222222222222,0.7361778584877581,0.0630450434643131,0.6363636363636364,0.5384615384615384,0.9777777777777777
XGBoost_single_with_coords,spatial,True,Coeranoscincus reticulatus,6,5,0.8,0.03,5,100,1.0,102,13,0.2642654883818255,0.8833189282627485,0.6362195440164684,0.07862124951331875,0.5217391304347826,0.46153846153846156,0.9550561797752809
XGBoost_single_with_coords,spatial,True,Coeranoscincus reticulatus,7,1,0.8,0.03,5,300,0.8,102,12,0.21736140180636263,0.9259259259259259,0.610904119142647,0.0718915247266977,0.42105263157894735,0.3333333333333333,0.9666666666666667
XGBoost_single_with_coords,spatial,True,Coeranoscincus reticulatus,7,2,0.8,0.03,5,300,0.8,103,13,0.20263519179109726,0.9290598290598291,0.7165436074714882,0.06115322271618852,0.6666666666666666,0.5384615384615384,0.9888888888888889
XGBoost_single_with_coords,spatial,True,Coeranoscincus reticulatus,7,3,0.8,0.03,5,300,0.8,103,13,0.3153001732233932,0.8940170940170941,0.5264728105285381,0.09120815647743039,0.43478260869565216,0.38461538461538464,0.9444444444444444
XGBoost_single_with_coords,spatial,True,Coeranoscincus reticulatus,7,4,0.8,0.03,5,300,0.8,103,13,0.23944084654512818,0.9085470085470085,0.6974811205743408,0.0697724634680002,0.6666666666666666,0.6153846153846154,0.9666666666666667
XGBoost_single_with_coords,spatial,True,Coeranoscincus reticulatus,7,5,0.8,0.03,5,300,0.8,102,13,0.2872644596316996,0.8634399308556612,0.5655232321449915,0.0872560439269259,0.5384615384615384,0.5384615384615384,0.9325842696629213
XGBoost_single_with_coords,spatial,True,Coeranoscincus reticulatus,8,1,0.8,0.03,5,300,1.0,102,12,0.19698077455948046,0.937037037037037,0.6924434600063891,0.06282591494222783,0.375,0.25,0.9888888888888889
XGBoost_single_with_coords,spatial,True,Coeranoscincus reticulatus,8,2,0.8,0.03,5,300,1.0,103,13,0.18697797368335567,0.9384615384615385,0.7532145142351205,0.05768939528291568,0.631578947368421,0.46153846153846156,1.0
XGBoost_single_with_coords,spatial,True,Coeranoscincus reticulatus,8,3,0.8,0.03,5,300,1.0,103,13,0.32995224831666403,0.9025641025641026,0.5340959189123817,0.09628725694666018,0.38095238095238093,0.3076923076923077,0.9555555555555556
XGBoost_single_with_coords,spatial,True,Coeranoscincus reticulatus,8,4,0.8,0.03,5,300,1.0,103,13,0.23082005212896375,0.9170940170940172,0.6878722494525169,0.06918977873651995,0.64,0.6153846153846154,0.9555555555555556
XGBoost_single_with_coords,spatial,True,Coeranoscincus reticulatus,8,5,0.8,0.03,5,300,1.0,102,13,0.3130765049624907,0.8738115816767502,0.5885273229172945,0.09434506472504539,0.56,0.5384615384615384,0.9438202247191011
XGBoost_single_with_coords,spatial,True,Coeranoscincus reticulatus,9,1,0.8,0.1,3,100,0.8,102,12,0.22123501042157245,0.9203703703703703,0.5806693306693307,0.07188599766609145,0.25,0.16666666666666666,0.9777777777777777
XGBoost_single_with_coords,spatial,True,Coeranoscincus reticulatus,9,2,0.8,0.1,3,100,0.8,103,13,0.20714378517172885,0.9256410256410256,0.7642102214352853,0.06067019028695371,0.5263157894736842,0.38461538461538464,0.9888888888888889
XGBoost_single_with_coords,spatial,True,Coeranoscincus reticulatus,9,3,0.8,0.1,3,100,0.8,103,13,0.28270635296034063,0.9034188034188034,0.5717322181674902,0.0849745314853878,0.5217391304347826,0.46153846153846156,0.9555555555555556
XGBoost_single_with_coords,spatial,True,Coeranoscincus reticulatus,9,4,0.8,0.1,3,100,0.8,103,13,0.23363377983175554,0.8931623931623932,0.6703104205735784,0.06497692389881644,0.6666666666666666,0.6153846153846154,0.9666666666666667
XGBoost_single_with_coords,spatial,True,Coeranoscincus reticulatus,9,5,0.8,0.1,3,100,0.8,102,13,0.2825207680216901,0.8565254969749352,0.591477544078387,0.0838747697979942,0.5384615384615384,0.5384615384615384,0.9325842696629213
XGBoost_single_with_coords,spatial,True,Coeranoscincus reticulatus,10,1,0.8,0.1,3,100,1.0,102,12,0.19469017856952986,0.9324074074074075,0.6203197265697266,0.06491717117507796,0.26666666666666666,0.16666666666666666,0.9888888888888889
XGBoost_single_with_coords,spatial,True,Coeranoscincus reticulatus,10,2,0.8,0.1,3,100,1.0,103,13,0.20248568957803859,0.9307692307692308,0.7358004815697121,0.06219348049194643,0.5555555555555556,0.38461538461538464,1.0
XGBoost_single_with_coords,spatial,True,Coeranoscincus reticulatus,10,3,0.8,0.1,3,100,1.0,103,13,0.28649086102397014,0.9094017094017094,0.5525885225885226,0.09279616292997324,0.38095238095238093,0.3076923076923077,0.9555555555555556
XGBoost_single_with_coords,spatial,True,Coeranoscincus reticulatus,10,4,0.8,0.1,3,100,1.0,103,13,0.2288487663885475,0.905982905982906,0.7394815306580012,0.06553826307783432,0.64,0.6153846153846154,0.9555555555555556
XGBoost_single_with_coords,spatial,True,Coeranoscincus reticulatus,10,5,0.8,0.1,3,100,1.0,102,13,0.2857076889354586,0.8837510803802938,0.6028851001135043,0.08817210657173578,0.48,0.46153846153846156,0.9325842696629213
XGBoost_single_with_coords,spatial,True,Coeranoscincus reticulatus,11,1,0.8,0.1,3,300,0.8,102,12,0.2524028677659172,0.913888888888889,0.5800030001316766,0.07849756132126628,0.4,0.3333333333333333,0.9555555555555556
XGBoost_single_with_coords,spatial,True,Coeranoscincus reticulatus,11,2,0.8,0.1,3,300,0.8,103,13,0.2344184597669687,0.9102564102564102,0.7046872082166198,0.061878724264387654,0.6666666666666666,0.5384615384615384,0.9888888888888889
XGBoost_single_with_coords,spatial,True,Coeranoscincus reticulatus,11,3,0.8,0.1,3,300,0.8,103,13,0.36656168764578706,0.8777777777777778,0.5754745639058614,0.09442939271048334,0.43478260869565216,0.38461538461538464,0.9444444444444444
XGBoost_single_with_coords,spatial,True,Coeranoscincus reticulatus,11,4,0.8,0.1,3,300,0.8,103,13,0.28737681568131623,0.8777777777777779,0.6218212435475863,0.0736221139574923,0.6086956521739131,0.5384615384615384,0.9666666666666667
XGBoost_single_with_coords,spatial,True,Coeranoscincus reticulatus,11,5,0.8,0.1,3,300,0.8,102,13,0.34281494483422387,0.8513396715643907,0.5251022056458048,0.09923117904397631,0.48,0.46153846153846156,0.9325842696629213
XGBoost_single_with_coords,spatial,True,Coeranoscincus reticulatus,12,1,0.8,0.1,3,300,1.0,102,12,0.19729355233741294,0.937962962962963,0.6859404441447786,0.062206545530244614,0.5263157894736842,0.4166666666666667,0.9777777777777777
XGBoost_single_with_coords,spatial,True,Coeranoscincus reticulatus,12,2,0.8,0.1,3,300,1.0,103,13,0.2152416183783282,0.9307692307692308,0.7473686530188077,0.062400986411941965,0.6,0.46153846153846156,0.9888888888888889
XGBoost_single_with_coords,spatial,True,Coeranoscincus reticulatus,12,3,0.8,0.1,3,300,1.0,103,13,0.3770657161901112,0.8846153846153847,0.5207019840413669,0.09816838589615452,0.5,0.46153846153846156,0.9444444444444444
XGBoost_single_with_coords,spatial,True,Coeranoscincus reticulatus,12,4,0.8,0.1,3,300,1.0,103,13,0.27972651784455416,0.8931623931623932,0.719495592713336,0.07646475649515735,0.5833333333333334,0.5384615384615384,0.9555555555555556
XGBoost_single_with_coords,spatial,True,Coeranoscincus reticulatus,12,5,0.8,0.1,3,300,1.0,102,13,0.3439707714080941,0.8651685393258428,0.5515591151488588,0.10156771590613763,0.48,0.46153846153846156,0.9325842696629213
XGBoost_single_with_coords,spatial,True,Coeranoscincus reticulatus,13,1,0.8,0.1,5,100,0.8,102,12,0.21420806655045893,0.9324074074074075,0.6346374304707638,0.0703706482846843,0.35294117647058826,0.25,0.9777777777777777
XGBoost_single_with_coords,spatial,True,Coeranoscincus reticulatus,13,2,0.8,0.1,5,100,0.8,103,13,0.18788576008078253,0.9452991452991453,0.7736385223843416,0.05673020548139491,0.7272727272727273,0.6153846153846154,0.9888888888888889
XGBoost_single_with_coords,spatial,True,Coeranoscincus reticulatus,13,3,0.8,0.1,5,100,0.8,103,13,0.34868417153221765,0.8717948717948718,0.5317694778096446,0.09554756767302455,0.45454545454545453,0.38461538461538464,0.9555555555555556
XGBoost_single_with_coords,spatial,True,Coeranoscincus reticulatus,13,4,0.8,0.1,5,100,0.8,103,13,0.25580652800415066,0.8888888888888888,0.6507549989692847,0.07085983381302378,0.6086956521739131,0.5384615384615384,0.9666666666666667
XGBoost_single_with_coords,spatial,True,Coeranoscincus reticulatus,13,5,0.8,0.1,5,100,0.8,102,13,0.28647089393434927,0.8712186689714779,0.6167350443810129,0.08609264784719228,0.5384615384615384,0.5384615384615384,0.9325842696629213
XGBoost_single_with_coords,spatial,True,Coeranoscincus reticulatus,14,1,0.8,0.1,5,100,1.0,102,12,0.19476676822458608,0.9416666666666667,0.7476667454928325,0.0610935538259009,0.6666666666666666,0.5,1.0
XGBoost_single_with_coords,spatial,True,Coeranoscincus reticulatus,14,2,0.8,0.1,5,100,1.0,103,13,0.18550165803737187,0.9444444444444444,0.7708872558376278,0.058224363551371575,0.5263157894736842,0.38461538461538464,0.9888888888888889
XGBoost_single_with_coords,spatial,True,Coeranoscincus reticulatus,14,3,0.8,0.1,5,100,1.0,103,13,0.3455411257645866,0.8948717948717948,0.5498891091736571,0.09604286460263538,0.38095238095238093,0.3076923076923077,0.9555555555555556
XGBoost_single_with_coords,spatial,True,Coeranoscincus reticulatus,14,4,0.8,0.1,5,100,1.0,103,13,0.22884459011223893,0.9205128205128206,0.6945909740414384,0.06781981698155616,0.64,0.6153846153846154,0.9555555555555556
XGBoost_single_with_coords,spatial,True,Coeranoscincus reticulatus,14,5,0.8,0.1,5,100,1.0,102,13,0.32936922844394373,0.8768366464995678,0.6253189644493993,0.10042611893685398,0.46153846153846156,0.46153846153846156,0.9213483146067416
XGBoost_single_with_coords,spatial,True,Coeranoscincus reticulatus,15,1,0.8,0.1,5,300,0.8,102,12,0.262710813151481,0.9194444444444445,0.5593647903973648,0.08100879740950444,0.42105263157894735,0.3333333333333333,0.9666666666666667
XGBoost_single_with_coords,spatial,True,Coeranoscincus reticulatus,15,2,0.8,0.1,5,300,0.8,103,13,0.24505965306102756,0.9145299145299145,0.6679853479853479,0.06477280643719761,0.6666666666666666,0.5384615384615384,0.9888888888888889
XGBoost_single_with_coords,spatial,True,Coeranoscincus reticulatus,15,3,0.8,0.1,5,300,0.8,103,13,0.41295000404870896,0.8435897435897436,0.52422354431283,0.0969976883197153,0.5217391304347826,0.46153846153846156,0.9555555555555556
XGBoost_single_with_coords,spatial,True,Coeranoscincus reticulatus,15,4,0.8,0.1,5,300,0.8,103,13,0.2983845829607766,0.8683760683760684,0.6180253893863723,0.07243316821772705,0.6666666666666666,0.6153846153846154,0.9666666666666667
XGBoost_single_with_coords,spatial,True,Coeranoscincus reticulatus,15,5,0.8,0.1,5,300,0.8,102,13,0.3250293033183122,0.891961970613656,0.584111686034763,0.09387762109553514,0.5384615384615384,0.5384615384615384,0.9325842696629213
XGBoost_single_with_coords,spatial,True,Coeranoscincus reticulatus,16,1,0.8,0.1,5,300,1.0,102,12,0.2366333044398104,0.9324074074074074,0.6613108705020471,0.07121940211488852,0.5,0.4166666666666667,0.9666666666666667
XGBoost_single_with_coords,spatial,True,Coeranoscincus reticulatus,16,2,0.8,0.1,5,300,1.0,103,13,0.22163032069097388,0.9299145299145299,0.7336448524529018,0.0640996324158455,0.6,0.46153846153846156,0.9888888888888889
XGBoost_single_with_coords,spatial,True,Coeranoscincus reticulatus,16,3,0.8,0.1,5,300,1.0,103,13,0.40271172888712253,0.8743589743589744,0.5448720823720824,0.09398772523717924,0.56,0.5384615384615384,0.9444444444444444
XGBoost_single_with_coords,spatial,True,Coeranoscincus reticulatus,16,4,0.8,0.1,5,300,1.0,103,13,0.27244430061702396,0.9076923076923077,0.6971318155528681,0.07222783650262879,0.64,0.6153846153846154,0.9555555555555556
XGBoost_single_with_coords,spatial,True,Coeranoscincus reticulatus,16,5,0.8,0.1,5,300,1.0,102,13,0.3718421106625205,0.8859118409680208,0.626650814673825,0.11238583513817074,0.4,0.38461538461538464,0.9213483146067416
XGBoost_single_with_coords,spatial,True,Coeranoscincus reticulatus,17,1,1.0,0.03,3,100,0.8,102,12,0.22335183973756068,0.9129629629629629,0.5613799426299426,0.06982706277430686,0.2857142857142857,0.16666666666666666,1.0
XGBoost_single_with_coords,spatial,True,Coeranoscincus reticulatus,17,2,1.0,0.03,3,100,0.8,103,13,0.2198701267353742,0.9376068376068376,0.7786111737724639,0.06588278909353422,0.375,0.23076923076923078,1.0
XGBoost_single_with_coords,spatial,True,Coeranoscincus reticulatus,17,3,1.0,0.03,3,100,0.8,103,13,0.26589522690485373,0.9162393162393162,0.5412914315659098,0.08538410947260727,0.2222222222222222,0.15384615384615385,0.9666666666666667
XGBoost_single_with_coords,spatial,True,Coeranoscincus reticulatus,17,4,1.0,0.03,3,100,0.8,103,13,0.22878179749611785,0.9145299145299145,0.7411176616026114,0.0658533990042739,0.6363636363636364,0.5384615384615384,0.9777777777777777
XGBoost_single_with_coords,spatial,True,Coeranoscincus reticulatus,17,5,1.0,0.03,3,100,0.8,102,13,0.2569798524694168,0.8824546240276578,0.5746666335561288,0.07634840621943693,0.47619047619047616,0.38461538461538464,0.9662921348314607
XGBoost_single_with_coords,spatial,True,Coeranoscincus reticulatus,18,1,1.0,0.03,3,100,1.0,102,12,0.2136161067273995,0.9236111111111112,0.5957839674944938,0.06857268130083806,0.2857142857142857,0.16666666666666666,1.0
XGBoost_single_with_coords,spatial,True,Coeranoscincus reticulatus,18,2,1.0,0.03,3,100,1.0,103,13,0.2252397911956298,0.9260683760683761,0.750472334682861,0.0685932245359776,0.26666666666666666,0.15384615384615385,1.0
XGBoost_single_with_coords,spatial,True,Coeranoscincus reticulatus,18,3,1.0,0.03,3,100,1.0,103,13,0.26420766364082215,0.9158119658119658,0.5307081807081806,0.08753890277368549,0.2222222222222222,0.15384615384615385,0.9666666666666667
XGBoost_single_with_coords,spatial,True,Coeranoscincus reticulatus,18,4,1.0,0.03,3,100,1.0,103,13,0.2259037172889229,0.9196581196581197,0.7503576326956893,0.06536404353799868,0.6666666666666666,0.5384615384615384,0.9888888888888889
XGBoost_single_with_coords,spatial,True,Coeranoscincus reticulatus,18,5,1.0,0.03,3,100,1.0,102,13,0.24682359179473287,0.8967156439066551,0.6498427216742653,0.07202065713614379,0.6,0.46153846153846156,0.9887640449438202
XGBoost_single_with_coords,spatial,True,Coeranoscincus reticulatus,19,1,1.0,0.03,3,300,0.8,102,12,0.21821709065679776,0.9175925925925926,0.5635844847812393,0.07187087589595886,0.3157894736842105,0.25,0.9555555555555556
XGBoost_single_with_coords,spatial,True,Coeranoscincus reticulatus,19,2,1.0,0.03,3,300,0.8,103,13,0.20316321607268137,0.9367521367521368,0.733367071524966,0.06176355991741907,0.6,0.46153846153846156,0.9888888888888889
XGBoost_single_with_coords,spatial,True,Coeranoscincus reticulatus,19,3,1.0,0.03,3,300,0.8,103,13,0.2851082350900638,0.9008547008547009,0.5253144666100131,0.0870372443320194,0.45454545454545453,0.38461538461538464,0.9555555555555556
XGBoost_single_with_coords,spatial,True,Coeranoscincus reticulatus,19,4,1.0,0.03,3,300,0.8,103,13,0.230520809875304,0.9051282051282051,0.7105266938084274,0.06670274987405936,0.6086956521739131,0.5384615384615384,0.9666666666666667
XGBoost_single_with_coords,spatial,True,Coeranoscincus reticulatus,19,5,1.0,0.03,3,300,0.8,102,13,0.27815806534290566,0.8660328435609336,0.5847080019025721,0.08464254312551105,0.5384615384615384,0.5384615384615384,0.9325842696629213
XGBoost_single_with_coords,spatial,True,Coeranoscincus reticulatus,20,1,1.0,0.03,3,300,1.0,102,12,0.2014305054464151,0.9259259259259259,0.6439058019157123,0.06812729721671984,0.4444444444444444,0.3333333333333333,0.9777777777777777
XGBoost_single_with_coords,spatial,True,Coeranoscincus reticulatus,20,2,1.0,0.03,3,300,1.0,103,13,0.2026731748122639,0.935042735042735,0.74166234406619,0.06312379911771498,0.5555555555555556,0.38461538461538464,1.0
XGBoost_single_with_coords,spatial,True,Coeranoscincus reticulatus,20,3,1.0,0.03,3,300,1.0,103,13,0.2835730285081869,0.9111111111111111,0.5278993881935059,0.09187524390242546,0.3157894736842105,0.23076923076923078,0.9666666666666667
XGBoost_single_with_coords,spatial,True,Coeranoscincus reticulatus,20,4,1.0,0.03,3,300,1.0,103,13,0.21699484569075322,0.9162393162393162,0.7482138986988482,0.06337345363035989,0.64,0.6153846153846154,0.9555555555555556
XGBoost_single_with_coords,spatial,True,Coeranoscincus reticulatus,20,5,1.0,0.03,3,300,1.0,102,13,0.27224594306292,0.8889369057908384,0.6105934286929762,0.08249494861063697,0.5925925925925926,0.6153846153846154,0.9325842696629213
XGBoost_single_with_coords,spatial,True,Coeranoscincus reticulatus,21,1,1.0,0.03,5,100,0.8,102,12,0.21024953007862396,0.9231481481481483,0.5934434225195095,0.06676535184230507,0.2857142857142857,0.16666666666666666,1.0
XGBoost_single_with_coords,spatial,True,Coeranoscincus reticulatus,21,2,1.0,0.03,5,100,0.8,103,13,0.1983155799142514,0.9384615384615385,0.7744970406735112,0.058805530852573264,0.631578947368421,0.46153846153846156,1.0
XGBoost_single_with_coords,spatial,True,Coeranoscincus reticulatus,21,3,1.0,0.03,5,100,0.8,103,13,0.28273191337199977,0.9085470085470085,0.5538648428030692,0.09000376838886036,0.21052631578947367,0.15384615384615385,0.9555555555555556
XGBoost_single_with_coords,spatial,True,Coeranoscincus reticulatus,21,4,1.0,0.03,5,100,0.8,103,13,0.22630597755289078,0.9196581196581196,0.7081811438504801,0.06708358913944305,0.5714285714285714,0.46153846153846156,0.9777777777777777
XGBoost_single_with_coords,spatial,True,Coeranoscincus reticulatus,21,5,1.0,0.03,5,100,0.8,102,13,0.25946040269672727,0.8833189282627485,0.6130973778390318,0.07453234150107671,0.56,0.5384615384615384,0.9438202247191011
XGBoost_single_with_coords,spatial,True,Coeranoscincus reticulatus,22,1,1.0,0.03,5,100,1.0,102,12,0.20987623709817455,0.9268518518518518,0.6616652983032294,0.06681502291239426,0.2857142857142857,0.16666666666666666,1.0
XGBoost_single_with_coords,spatial,True,Coeranoscincus reticulatus,22,2,1.0,0.03,5,100,1.0,103,13,0.19958131742500698,0.9487179487179488,0.8246598131213514,0.059401935004621764,0.5555555555555556,0.38461538461538464,1.0
XGBoost_single_with_coords,spatial,True,Coeranoscincus reticulatus,22,3,1.0,0.03,5,100,1.0,103,13,0.29199923532090455,0.9179487179487179,0.530373953743519,0.09447844391109117,0.2222222222222222,0.15384615384615385,0.9666666666666667
XGBoost_single_with_coords,spatial,True,Coeranoscincus reticulatus,22,4,1.0,0.03,5,100,1.0,103,13,0.22069393984181815,0.9256410256410257,0.7215174531351001,0.06685477905438905,0.6086956521739131,0.5384615384615384,0.9666666666666667
XGBoost_single_with_coords,spatial,True,Coeranoscincus reticulatus,22,5,1.0,0.03,5,100,1.0,102,13,0.26872397047414426,0.8660328435609335,0.6187368920387788,0.07835836501237067,0.56,0.5384615384615384,0.9438202247191011
XGBoost_single_with_coords,spatial,True,Coeranoscincus reticulatus,23,1,1.0,0.03,5,300,0.8,102,12,0.21489121078527007,0.9277777777777778,0.6025622140205474,0.0710840968425372,0.42105263157894735,0.3333333333333333,0.9666666666666667
XGBoost_single_with_coords,spatial,True,Coeranoscincus reticulatus,23,2,1.0,0.03,5,300,0.8,103,13,0.19549615110292906,0.9401709401709402,0.7586939039368188,0.060521377409823815,0.6666666666666666,0.5384615384615384,0.9888888888888889
XGBoost_single_with_coords,spatial,True,Coeranoscincus reticulatus,23,3,1.0,0.03,5,300,0.8,103,13,0.3277583081136032,0.8863247863247863,0.5083897693404884,0.0919626939880514,0.45454545454545453,0.38461538461538464,0.9555555555555556
XGBoost_single_with_coords,spatial,True,Coeranoscincus reticulatus,23,4,1.0,0.03,5,300,0.8,103,13,0.24836576412685302,0.8999999999999999,0.6542102465685462,0.07035412483842808,0.6666666666666666,0.6153846153846154,0.9666666666666667
XGBoost_single_with_coords,spatial,True,Coeranoscincus reticulatus,23,5,1.0,0.03,5,300,0.8,102,13,0.2902487435351835,0.8703543647363872,0.5806597468716814,0.08677362604738184,0.5384615384615384,0.5384615384615384,0.9325842696629213
XGBoost_single_with_coords,spatial,True,Coeranoscincus reticulatus,24,1,1.0,0.03,5,300,1.0,102,12,0.1933813947770412,0.9361111111111112,0.685977934790864,0.062498804197684076,0.5263157894736842,0.4166666666666667,0.9777777777777777
XGBoost_single_with_coords,spatial,True,Coeranoscincus reticulatus,24,2,1.0,0.03,5,300,1.0,103,13,0.1787409147422568,0.9495726495726495,0.781647384792181,0.05613689748006917,0.5555555555555556,0.38461538461538464,1.0
XGBoost_single_with_coords,spatial,True,Coeranoscincus reticulatus,24,3,1.0,0.03,5,300,1.0,103,13,0.3369875732058268,0.9034188034188033,0.530893691763257,0.09512249286965868,0.5,0.46153846153846156,0.9444444444444444
XGBoost_single_with_coords,spatial,True,Coeranoscincus reticulatus,24,4,1.0,0.03,5,300,1.0,103,13,0.23913029743873537,0.9196581196581197,0.6815346418287593,0.07256393730016046,0.6153846153846154,0.6153846153846154,0.9444444444444444
XGBoost_single_with_coords,spatial,True,Coeranoscincus reticulatus,24,5,1.0,0.03,5,300,1.0,102,13,0.31489472430617294,0.8720829732065687,0.5791221970151736,0.09645518134697853,0.5185185185185185,0.5384615384615384,0.9213483146067416
XGBoost_single_with_coords,spatial,True,Coeranoscincus reticulatus,25,1,1.0,0.1,3,100,0.8,102,12,0.21226884236791085,0.9185185185185185,0.5964005901505902,0.06907910900397522,0.4444444444444444,0.3333333333333333,0.9777777777777777
XGBoost_single_with_coords,spatial,True,Coeranoscincus reticulatus,25,2,1.0,0.1,3,100,0.8,103,13,0.21065035467097748,0.9264957264957265,0.7594481464162313,0.06275838400500303,0.5263157894736842,0.38461538461538464,0.9888888888888889
XGBoost_single_with_coords,spatial,True,Coeranoscincus reticulatus,25,3,1.0,0.1,3,100,0.8,103,13,0.2892139615508522,0.9,0.5660077611602503,0.08673438279208638,0.38095238095238093,0.3076923076923077,0.9555555555555556
XGBoost_single_with_coords,spatial,True,Coeranoscincus reticulatus,25,4,1.0,0.1,3,100,0.8,103,13,0.24676395385582456,0.8991452991452992,0.6758872566564873,0.0740039072521058,0.5833333333333334,0.5384615384615384,0.9555555555555556
XGBoost_single_with_coords,spatial,True,Coeranoscincus reticulatus,25,5,1.0,0.1,3,100,0.8,102,13,0.28692915380589845,0.8634399308556613,0.6135827910062546,0.08720678020747404,0.4166666666666667,0.38461538461538464,0.9325842696629213
XGBoost_single_with_coords,spatial,True,Coeranoscincus reticulatus,26,1,1.0,0.1,3,100,1.0,102,12,0.2016242703840657,0.9259259259259258,0.620297619047619,0.0678462502337484,0.42105263157894735,0.3333333333333333,0.9666666666666667
XGBoost_single_with_coords,spatial,True,Coeranoscincus reticulatus,26,2,1.0,0.1,3,100,1.0,103,13,0.20198232468800018,0.9384615384615386,0.7712590771801298,0.06174712782924785,0.6,0.46153846153846156,0.9888888888888889
XGBoost_single_with_coords,spatial,True,Coeranoscincus reticulatus,26,3,1.0,0.1,3,100,1.0,103,13,0.2829472521595132,0.9196581196581197,0.5550269905533063,0.09074799459639137,0.3,0.23076923076923078,0.9555555555555556
XGBoost_single_with_coords,spatial,True,Coeranoscincus reticulatus,26,4,1.0,0.1,3,100,1.0,103,13,0.23548160340740898,0.9068376068376067,0.7120359529217037,0.06952343181930443,0.64,0.6153846153846154,0.9555555555555556
XGBoost_single_with_coords,spatial,True,Coeranoscincus reticulatus,26,5,1.0,0.1,3,100,1.0,102,13,0.2843322818378073,0.8828867761452032,0.5823620165905963,0.08725759163323811,0.5384615384615384,0.5384615384615384,0.9325842696629213
XGBoost_single_with_coords,spatial,True,Coeranoscincus reticulatus,27,1,1.0,0.1,3,300,0.8,102,12,0.24539961392317103,0.9185185185185185,0.6183325933325934,0.07609217254073979,0.47619047619047616,0.4166666666666667,0.9555555555555556
XGBoost_single_with_coords,spatial,True,Coeranoscincus reticulatus,27,2,1.0,0.1,3,300,0.8,103,13,0.24927851277485943,0.9008547008547009,0.6661281930738943,0.06632496516547909,0.6666666666666666,0.5384615384615384,0.9888888888888889
XGBoost_single_with_coords,spatial,True,Coeranoscincus reticulatus,27,3,1.0,0.1,3,300,0.8,103,13,0.3985754366796661,0.8581196581196581,0.5218878898302872,0.0966343991788609,0.43478260869565216,0.38461538461538464,0.9444444444444444
XGBoost_single_with_coords,spatial,True,Coeranoscincus reticulatus,27,4,1.0,0.1,3,300,0.8,103,13,0.29967537698800795,0.8811965811965812,0.625209976049359,0.07754559484910038,0.6666666666666666,0.6153846153846154,0.9666666666666667
XGBoost_single_with_coords,spatial,True,Coeranoscincus reticulatus,27,5,1.0,0.1,3,300,0.8,102,13,0.3273794732984166,0.8651685393258428,0.5823346070991733,0.09549226259749391,0.4,0.38461538461538464,0.9213483146067416
XGBoost_single_with_coords,spatial,True,Coeranoscincus reticulatus,28,1,1.0,0.1,3,300,1.0,102,12,0.21581595690855887,0.9305555555555556,0.6877641283343039,0.06487155776786421,0.6,0.5,0.9777777777777777
XGBoost_single_with_coords,spatial,True,Coeranoscincus reticulatus,28,2,1.0,0.1,3,300,1.0,103,13,0.21190681228385097,0.9341880341880342,0.7621825797716979,0.06056340735036815,0.6666666666666666,0.5384615384615384,0.9888888888888889
XGBoost_single_with_coords,spatial,True,Coeranoscincus reticulatus,28,3,1.0,0.1,3,300,1.0,103,13,0.37540393875931083,0.8846153846153846,0.5054731449513072,0.09647143229735526,0.5,0.46153846153846156,0.9444444444444444
XGBoost_single_with_coords,spatial,True,Coeranoscincus reticulatus,28,4,1.0,0.1,3,300,1.0,103,13,0.2709377896790114,0.8957264957264958,0.7111284868977177,0.07473600164481446,0.56,0.5384615384615384,0.9444444444444444
XGBoost_single_with_coords,spatial,True,Coeranoscincus reticulatus,28,5,1.0,0.1,3,300,1.0,102,13,0.34406124124000415,0.8643042350907519,0.5443515205398433,0.10235352005243153,0.48,0.46153846153846156,0.9325842696629213
XGBoost_single_with_coords,spatial,True,Coeranoscincus reticulatus,29,1,1.0,0.1,5,100,0.8,102,12,0.19942103551594345,0.937962962962963,0.6895977479310813,0.06267316029699808,0.631578947368421,0.5,0.9888888888888889
XGBoost_single_with_coords,spatial,True,Coeranoscincus reticulatus,29,2,1.0,0.1,5,100,0.8,103,13,0.19534220614515818,0.9401709401709402,0.7670175977868285,0.05843015535524016,0.6,0.46153846153846156,0.9888888888888889
XGBoost_single_with_coords,spatial,True,Coeranoscincus reticulatus,29,3,1.0,0.1,5,100,0.8,103,13,0.327380058283912,0.8982905982905983,0.5323901583206794,0.08993323566898029,0.5833333333333334,0.5384615384615384,0.9555555555555556
XGBoost_single_with_coords,spatial,True,Coeranoscincus reticulatus,29,4,1.0,0.1,5,100,0.8,103,13,0.25163501920649156,0.9017094017094017,0.6978134825271047,0.07109241929700999,0.6666666666666666,0.6153846153846154,0.9666666666666667
XGBoost_single_with_coords,spatial,True,Coeranoscincus reticulatus,29,5,1.0,0.1,5,100,0.8,102,13,0.30344211500413953,0.8634399308556612,0.6249986326446011,0.09123590870591097,0.5185185185185185,0.5384615384615384,0.9213483146067416
XGBoost_single_with_coords,spatial,True,Coeranoscincus reticulatus,30,1,1.0,0.1,5,100,1.0,102,12,0.1990598243726619,0.9314814814814816,0.6532800895545994,0.06403511697193918,0.42105263157894735,0.3333333333333333,0.9666666666666667
XGBoost_single_with_coords,spatial,True,Coeranoscincus reticulatus,30,2,1.0,0.1,5,100,1.0,103,13,0.18311367914188775,0.9401709401709403,0.7628563969966684,0.056390265611497105,0.631578947368421,0.46153846153846156,1.0
XGBoost_single_with_coords,spatial,True,Coeranoscincus reticulatus,30,3,1.0,0.1,5,100,1.0,103,13,0.3482031302761022,0.8923076923076922,0.5260952497794603,0.0926612417656947,0.5217391304347826,0.46153846153846156,0.9555555555555556
XGBoost_single_with_coords,spatial,True,Coeranoscincus reticulatus,30,4,1.0,0.1,5,100,1.0,103,13,0.23959660345499253,0.923931623931624,0.6874235906212649,0.0733353978030734,0.6153846153846154,0.6153846153846154,0.9444444444444444
XGBoost_single_with_coords,spatial,True,Coeranoscincus reticulatus,30,5,1.0,0.1,5,100,1.0,102,13,0.31152466079404567,0.860847018150389,0.6043352656055474,0.09167217289057532,0.5384615384615384,0.5384615384615384,0.9325842696629213
XGBoost_single_with_coords,spatial,True,Coeranoscincus reticulatus,31,1,1.0,0.1,5,300,0.8,102,12,0.2537421834149858,0.9305555555555556,0.6164410589410589,0.07465650055260531,0.5263157894736842,0.4166666666666667,0.9777777777777777
XGBoost_single_with_coords,spatial,True,Coeranoscincus reticulatus,31,2,1.0,0.1,5,300,0.8,103,13,0.2279159758758531,0.9247863247863248,0.7168536170307425,0.06298441678417556,0.6666666666666666,0.5384615384615384,0.9888888888888889
XGBoost_single_with_coords,spatial,True,Coeranoscincus reticulatus,31,3,1.0,0.1,5,300,0.8,103,13,0.39841438692075265,0.8683760683760684,0.5226763022260208,0.09533989757161793,0.56,0.5384615384615384,0.9444444444444444
XGBoost_single_with_coords,spatial,True,Coeranoscincus reticulatus,31,4,1.0,0.1,5,300,0.8,103,13,0.28879360640675,0.8880341880341881,0.6436499173341279,0.07333435013594905,0.6666666666666666,0.6153846153846154,0.9666666666666667
XGBoost_single_with_coords,spatial,True,Coeranoscincus reticulatus,31,5,1.0,0.1,5,300,0.8,102,13,0.3328812460434065,0.8686257562662058,0.6072227790732196,0.0937321453094567,0.5185185185185185,0.5384615384615384,0.9213483146067416
XGBoost_single_with_coords,spatial,True,Coeranoscincus reticulatus,32,1,1.0,0.1,5,300,1.0,102,12,0.23624475034915826,0.9324074074074075,0.6484973555146191,0.07230071736535655,0.5454545454545454,0.5,0.9555555555555556
XGBoost_single_with_coords,spatial,True,Coeranoscincus reticulatus,32,2,1.0,0.1,5,300,1.0,103,13,0.228632330690253,0.9333333333333333,0.740696549462138,0.06436225704877117,0.6666666666666666,0.5384615384615384,0.9888888888888889
XGBoost_single_with_coords,spatial,True,Coeranoscincus reticulatus,32,3,1.0,0.1,5,300,1.0,103,13,0.4184964532359118,0.8683760683760684,0.5353346951708485,0.09433466307488682,0.5833333333333334,0.5384615384615384,0.9555555555555556
XGBoost_single_with_coords,spatial,True,Coeranoscincus reticulatus,32,4,1.0,0.1,5,300,1.0,103,13,0.2857266349806435,0.911965811965812,0.6861404289786253,0.07771616180084207,0.6153846153846154,0.6153846153846154,0.9444444444444444
XGBoost_single_with_coords,spatial,True,Coeranoscincus reticulatus,32,5,1.0,0.1,5,300,1.0,102,13,0.3526248201094626,0.8686257562662058,0.591733764810688,0.10359658688770786,0.46153846153846156,0.46153846153846156,0.9213483146067416
XGBoost_single_with_coords,spatial,True,Egernia mcpheei,1,1,0.8,0.03,3,100,0.8,103,1,0.04103626639146126,0.9607843137254902,0.2,0.00920645011095934,0.0,0.0,1.0
XGBoost_single_with_coords,spatial,True,Egernia mcpheei,1,2,0.8,0.03,3,100,0.8,103,2,0.08939194021871673,0.787128712871287,0.18992248062015504,0.018769209693981333,0.0,0.0,1.0
XGBoost_single_with_coords,spatial,True,Egernia mcpheei,1,3,0.8,0.03,3,100,0.8,103,1,0.04235748485695911,0.9705882352941175,0.25,0.009206874937269224,0.0,0.0,1.0
XGBoost_single_with_coords,spatial,True,Egernia mcpheei,1,4,0.8,0.03,3,100,0.8,102,1,0.03680917455161429,0.9900990099009901,0.5,0.008626662123124873,0.0,0.0,1.0
XGBoost_single_with_coords,spatial,True,Egernia mcpheei,1,5,0.8,0.03,3,100,0.8,102,1,0.07324027057488332,0.16831683168316836,0.011627906976744186,0.010620513239640477,0.0,0.0,1.0
XGBoost_single_with_coords,spatial,True,Egernia mcpheei,2,1,0.8,0.03,3,100,1.0,103,1,0.04101190078907435,0.9509803921568628,0.16666666666666666,0.009253964791325805,0.0,0.0,1.0
XGBoost_single_with_coords,spatial,True,Egernia mcpheei,2,2,0.8,0.03,3,100,1.0,103,2,0.08446678436060465,0.7178217821782178,0.5169491525423728,0.017424476408463806,0.0,0.0,1.0
XGBoost_single_with_coords,spatial,True,Egernia mcpheei,2,3,0.8,0.03,3,100,1.0,103,1,0.03769957239915126,0.9803921568627451,0.3333333333333333,0.008910578102619426,0.0,0.0,1.0
XGBoost_single_with_coords,spatial,True,Egernia mcpheei,2,4,0.8,0.03,3,100,1.0,102,1,0.03253290263289217,1.0,1.0,0.007932025856566256,0.0,0.0,1.0
XGBoost_single_with_coords,spatial,True,Egernia mcpheei,2,5,0.8,0.03,3,100,1.0,102,1,0.07874437864960625,0.22277227722772275,0.012345679012345678,0.012054267612902745,0.0,0.0,1.0
XGBoost_single_with_coords,spatial,True,Egernia mcpheei,3,1,0.8,0.03,3,300,0.8,103,1,0.03968732736078113,0.9509803921568627,0.16666666666666666,0.009453620533574899,0.0,0.0,1.0
XGBoost_single_with_coords,spatial,True,Egernia mcpheei,3,2,0.8,0.03,3,300,0.8,103,2,0.08034398676341543,0.8217821782178217,0.5263157894736842,0.017662442915297914,0.0,0.0,1.0
XGBoost_single_with_coords,spatial,True,Egernia mcpheei,3,3,0.8,0.03,3,300,0.8,103,1,0.038319755664904094,0.9705882352941176,0.25,0.009279421652176857,0.0,0.0,1.0
XGBoost_single_with_coords,spatial,True,Egernia mcpheei,3,4,0.8,0.03,3,300,0.8,102,1,0.028074587111869168,1.0,1.0,0.00760665068155725,0.0,0.0,1.0
XGBoost_single_with_coords,spatial,True,Egernia mcpheei,3,5,0.8,0.03,3,300,0.8,102,1,0.08211001757055846,0.3366336633663366,0.014705882352941176,0.013156327988221767,0.0,0.0,1.0
XGBoost_single_with_coords,spatial,True,Egernia mcpheei,4,1,0.8,0.03,3,300,1.0,103,1,0.043245030992679526,0.9509803921568627,0.16666666666666666,0.009626476811887545,0.0,0.0,1.0
XGBoost_single_with_coords,spatial,True,Egernia mcpheei,4,2,0.8,0.03,3,300,1.0,103,2,0.0826551644219907,0.712871287128713,0.5166666666666667,0.016402378698036447,0.0,0.0,1.0
XGBoost_single_with_coords,spatial,True,Egernia mcpheei,4,3,0.8,0.03,3,300,1.0,103,1,0.03860696786831235,0.9607843137254901,0.2,0.009355149674478754,0.0,0.0,1.0
XGBoost_single_with_coords,spatial,True,Egernia mcpheei,4,4,0.8,0.03,3,300,1.0,102,1,0.02740280174993967,1.0,1.0,0.0074401583471928115,0.0,0.0,1.0
XGBoost_single_with_coords,spatial,True,Egernia mcpheei,4,5,0.8,0.03,3,300,1.0,102,1,0.08067254719785148,0.4257425742574258,0.01694915254237288,0.013172594100360835,0.0,0.0,1.0
XGBoost_single_with_coords,spatial,True,Egernia mcpheei,5,1,0.8,0.03,5,100,0.8,103,1,0.04103626639146126,0.9607843137254902,0.2,0.00920645011095934,0.0,0.0,1.0
XGBoost_single_with_coords,spatial,True,Egernia mcpheei,5,2,0.8,0.03,5,100,0.8,103,2,0.08939194021871673,0.787128712871287,0.18992248062015504,0.018769209693981333,0.0,0.0,1.0
XGBoost_single_with_coords,spatial,True,Egernia mcpheei,5,3,0.8,0.03,5,100,0.8,103,1,0.04235748485695911,0.9705882352941175,0.25,0.009206874937269224,0.0,0.0,1.0
XGBoost_single_with_coords,spatial,True,Egernia mcpheei,5,4,0.8,0.03,5,100,0.8,102,1,0.03680917455161429,0.9900990099009901,0.5,0.008626662123124873,0.0,0.0,1.0
XGBoost_single_with_coords,spatial,True,Egernia mcpheei,5,5,0.8,0.03,5,100,0.8,102,1,0.07324027057488332,0.16831683168316836,0.011627906976744186,0.010620513239640477,0.0,0.0,1.0
XGBoost_single_with_coords,spatial,True,Egernia mcpheei,6,1,0.8,0.03,5,100,1.0,103,1,0.04101190078907435,0.9509803921568628,0.16666666666666666,0.009253964791325805,0.0,0.0,1.0
XGBoost_single_with_coords,spatial,True,Egernia mcpheei,6,2,0.8,0.03,5,100,1.0,103,2,0.08446678436060465,0.7178217821782178,0.5169491525423728,0.017424476408463806,0.0,0.0,1.0
XGBoost_single_with_coords,spatial,True,Egernia mcpheei,6,3,0.8,0.03,5,100,1.0,103,1,0.03769957239915126,0.9803921568627451,0.3333333333333333,0.008910578102619426,0.0,0.0,1.0
XGBoost_single_with_coords,spatial,True,Egernia mcpheei,6,4,0.8,0.03,5,100,1.0,102,1,0.03253290263289217,1.0,1.0,0.007932025856566256,0.0,0.0,1.0
XGBoost_single_with_coords,spatial,True,Egernia mcpheei,6,5,0.8,0.03,5,100,1.0,102,1,0.07874437864960625,0.22277227722772275,0.012345679012345678,0.012054267612902745,0.0,0.0,1.0
XGBoost_single_with_coords,spatial,True,Egernia mcpheei,7,1,0.8,0.03,5,300,0.8,103,1,0.03968732736078113,0.9509803921568627,0.16666666666666666,0.009453620533574899,0.0,0.0,1.0
XGBoost_single_with_coords,spatial,True,Egernia mcpheei,7,2,0.8,0.03,5,300,0.8,103,2,0.08034398676341543,0.8217821782178217,0.5263157894736842,0.017662442915297914,0.0,0.0,1.0
XGBoost_single_with_coords,spatial,True,Egernia mcpheei,7,3,0.8,0.03,5,300,0.8,103,1,0.038319755664904094,0.9705882352941176,0.25,0.009279421652176857,0.0,0.0,1.0
XGBoost_single_with_coords,spatial,True,Egernia mcpheei,7,4,0.8,0.03,5,300,0.8,102,1,0.028074587111869168,1.0,1.0,0.00760665068155725,0.0,0.0,1.0
XGBoost_single_with_coords,spatial,True,Egernia mcpheei,7,5,0.8,0.03,5,300,0.8,102,1,0.08211001757055846,0.3366336633663366,0.014705882352941176,0.013156327988221767,0.0,0.0,1.0
XGBoost_single_with_coords,spatial,True,Egernia mcpheei,8,1,0.8,0.03,5,300,1.0,103,1,0.043245030992679526,0.9509803921568627,0.16666666666666666,0.009626476811887545,0.0,0.0,1.0
XGBoost_single_with_coords,spatial,True,Egernia mcpheei,8,2,0.8,0.03,5,300,1.0,103,2,0.0826551644219907,0.712871287128713,0.5166666666666667,0.016402378698036447,0.0,0.0,1.0
XGBoost_single_with_coords,spatial,True,Egernia mcpheei,8,3,0.8,0.03,5,300,1.0,103,1,0.03860696786831235,0.9607843137254901,0.2,0.009355149674478754,0.0,0.0,1.0
XGBoost_single_with_coords,spatial,True,Egernia mcpheei,8,4,0.8,0.03,5,300,1.0,102,1,0.02740280174993967,1.0,1.0,0.0074401583471928115,0.0,0.0,1.0
XGBoost_single_with_coords,spatial,True,Egernia mcpheei,8,5,0.8,0.03,5,300,1.0,102,1,0.08067254719785148,0.4257425742574258,0.01694915254237288,0.013172594100360835,0.0,0.0,1.0
XGBoost_single_with_coords,spatial,True,Egernia mcpheei,9,1,0.8,0.1,3,100,0.8,103,1,0.041105187039121596,0.9411764705882353,0.14285714285714285,0.009687660319100592,0.0,0.0,1.0
XGBoost_single_with_coords,spatial,True,Egernia mcpheei,9,2,0.8,0.1,3,100,0.8,103,2,0.08081742754070517,0.8118811881188119,0.525,0.017558447492655196,0.0,0.0,1.0
XGBoost_single_with_coords,spatial,True,Egernia mcpheei,9,3,0.8,0.1,3,100,0.8,103,1,0.04556688229438663,0.9215686274509803,0.1111111111111111,0.009643469652642712,0.0,0.0,1.0
XGBoost_single_with_coords,spatial,True,Egernia mcpheei,9,4,0.8,0.1,3,100,0.8,102,1,0.028204047996491552,1.0,1.0,0.007501445559547932,0.0,0.0,1.0
XGBoost_single_with_coords,spatial,True,Egernia mcpheei,9,5,0.8,0.1,3,100,0.8,102,1,0.0817863561011476,0.306930693069307,0.014084507042253521,0.012429935463927838,0.0,0.0,1.0
XGBoost_single_with_coords,spatial,True,Egernia mcpheei,10,1,0.8,0.1,3,100,1.0,103,1,0.04069234991443326,0.9509803921568627,0.16666666666666666,0.009507565668541072,0.0,0.0,1.0
XGBoost_single_with_coords,spatial,True,Egernia mcpheei,10,2,0.8,0.1,3,100,1.0,103,2,0.08453829128005233,0.698019801980198,0.5158730158730158,0.016672056736918434,0.0,0.0,1.0
XGBoost_single_with_coords,spatial,True,Egernia mcpheei,10,3,0.8,0.1,3,100,1.0,103,1,0.03885482338370822,0.9509803921568627,0.16666666666666666,0.009406710622027624,0.0,0.0,1.0
XGBoost_single_with_coords,spatial,True,Egernia mcpheei,10,4,0.8,0.1,3,100,1.0,102,1,0.027354832148529264,1.0,1.0,0.007480454041660356,0.0,0.0,1.0
XGBoost_single_with_coords,spatial,True,Egernia mcpheei,10,5,0.8,0.1,3,100,1.0,102,1,0.0825067262706396,0.4158415841584159,0.016666666666666666,0.013540527619880336,0.0,0.0,1.0
XGBoost_single_with_coords,spatial,True,Egernia mcpheei,11,1,0.8,0.1,3,300,0.8,103,1,0.046349375967415896,0.9215686274509803,0.1111111111111111,0.01105709159264894,0.0,0.0,1.0
XGBoost_single_with_coords,spatial,True,Egernia mcpheei,11,2,0.8,0.1,3,300,0.8,103,2,0.08462709631184377,0.8415841584158416,0.5294117647058824,0.01769436918358693,0.0,0.0,1.0
XGBoost_single_with_coords,spatial,True,Egernia mcpheei,11,3,0.8,0.1,3,300,0.8,103,1,0.048115485472152414,0.9215686274509803,0.1111111111111111,0.010471796025490648,0.0,0.0,1.0
XGBoost_single_with_coords,spatial,True,Egernia mcpheei,11,4,0.8,0.1,3,300,0.8,102,1,0.02646602260582758,1.0,1.0,0.007546772766364098,0.0,0.0,1.0
XGBoost_single_with_coords,spatial,True,Egernia mcpheei,11,5,0.8,0.1,3,300,0.8,102,1,0.07705656906813015,0.4356435643564357,0.017241379310344827,0.011559501645773811,0.0,0.0,1.0
XGBoost_single_with_coords,spatial,True,Egernia mcpheei,12,1,0.8,0.1,3,300,1.0,103,1,0.041592032911299474,0.9607843137254901,0.2,0.009858966265627782,0.0,0.0,1.0
XGBoost_single_with_coords,spatial,True,Egernia mcpheei,12,2,0.8,0.1,3,300,1.0,103,2,0.08804545985200178,0.7178217821782179,0.5169491525423728,0.0169806325113542,0.0,0.0,1.0
XGBoost_single_with_coords,spatial,True,Egernia mcpheei,12,3,0.8,0.1,3,300,1.0,103,1,0.03857543749928116,0.9607843137254903,0.2,0.009711297901246188,0.0,0.0,1.0
XGBoost_single_with_coords,spatial,True,Egernia mcpheei,12,4,0.8,0.1,3,300,1.0,102,1,0.028142858167572803,1.0,1.0,0.008035556454032644,0.0,0.0,1.0
XGBoost_single_with_coords,spatial,True,Egernia mcpheei,12,5,0.8,0.1,3,300,1.0,102,1,0.08134148315263368,0.4455445544554455,0.017543859649122806,0.012641349919981865,0.0,0.0,1.0
XGBoost_single_with_coords,spatial,True,Egernia mcpheei,13,1,0.8,0.1,5,100,0.8,103,1,0.041105187039121596,0.9411764705882353,0.14285714285714285,0.009687660319100592,0.0,0.0,1.0
XGBoost_single_with_coords,spatial,True,Egernia mcpheei,13,2,0.8,0.1,5,100,0.8,103,2,0.08081742754070517,0.8118811881188119,0.525,0.017558447492655196,0.0,0.0,1.0
XGBoost_single_with_coords,spatial,True,Egernia mcpheei,13,3,0.8,0.1,5,100,0.8,103,1,0.04556688229438663,0.9215686274509803,0.1111111111111111,0.009643469652642712,0.0,0.0,1.0
XGBoost_single_with_coords,spatial,True,Egernia mcpheei,13,4,0.8,0.1,5,100,0.8,102,1,0.028204047996491552,1.0,1.0,0.007501445559547932,0.0,0.0,1.0
XGBoost_single_with_coords,spatial,True,Egernia mcpheei,13,5,0.8,0.1,5,100,0.8,102,1,0.0817863561011476,0.306930693069307,0.014084507042253521,0.012429935463927838,0.0,0.0,1.0
XGBoost_single_with_coords,spatial,True,Egernia mcpheei,14,1,0.8,0.1,5,100,1.0,103,1,0.04069234991443326,0.9509803921568627,0.16666666666666666,0.009507565668541072,0.0,0.0,1.0
XGBoost_single_with_coords,spatial,True,Egernia mcpheei,14,2,0.8,0.1,5,100,1.0,103,2,0.08453829128005233,0.698019801980198,0.5158730158730158,0.016672056736918434,0.0,0.0,1.0
XGBoost_single_with_coords,spatial,True,Egernia mcpheei,14,3,0.8,0.1,5,100,1.0,103,1,0.03885482338370822,0.9509803921568627,0.16666666666666666,0.009406710622027624,0.0,0.0,1.0
XGBoost_single_with_coords,spatial,True,Egernia mcpheei,14,4,0.8,0.1,5,100,1.0,102,1,0.027354832148529264,1.0,1.0,0.007480454041660356,0.0,0.0,1.0
XGBoost_single_with_coords,spatial,True,Egernia mcpheei,14,5,0.8,0.1,5,100,1.0,102,1,0.0825067262706396,0.4158415841584159,0.016666666666666666,0.013540527619880336,0.0,0.0,1.0
XGBoost_single_with_coords,spatial,True,Egernia mcpheei,15,1,0.8,0.1,5,300,0.8,103,1,0.046349375967415896,0.9215686274509803,0.1111111111111111,0.01105709159264894,0.0,0.0,1.0
XGBoost_single_with_coords,spatial,True,Egernia mcpheei,15,2,0.8,0.1,5,300,0.8,103,2,0.08462709631184377,0.8415841584158416,0.5294117647058824,0.01769436918358693,0.0,0.0,1.0
XGBoost_single_with_coords,spatial,True,Egernia mcpheei,15,3,0.8,0.1,5,300,0.8,103,1,0.048115485472152414,0.9215686274509803,0.1111111111111111,0.010471796025490648,0.0,0.0,1.0
XGBoost_single_with_coords,spatial,True,Egernia mcpheei,15,4,0.8,0.1,5,300,0.8,102,1,0.02646602260582758,1.0,1.0,0.007546772766364098,0.0,0.0,1.0
XGBoost_single_with_coords,spatial,True,Egernia mcpheei,15,5,0.8,0.1,5,300,0.8,102,1,0.07705656906813015,0.4356435643564357,0.017241379310344827,0.011559501645773811,0.0,0.0,1.0
XGBoost_single_with_coords,spatial,True,Egernia mcpheei,16,1,0.8,0.1,5,300,1.0,103,1,0.041592032911299474,0.9607843137254901,0.2,0.009858966265627782,0.0,0.0,1.0
XGBoost_single_with_coords,spatial,True,Egernia mcpheei,16,2,0.8,0.1,5,300,1.0,103,2,0.08804545985200178,0.7178217821782179,0.5169491525423728,0.0169806325113542,0.0,0.0,1.0
XGBoost_single_with_coords,spatial,True,Egernia mcpheei,16,3,0.8,0.1,5,300,1.0,103,1,0.03857543749928116,0.9607843137254903,0.2,0.009711297901246188,0.0,0.0,1.0
XGBoost_single_with_coords,spatial,True,Egernia mcpheei,16,4,0.8,0.1,5,300,1.0,102,1,0.028142858167572803,1.0,1.0,0.008035556454032644,0.0,0.0,1.0
XGBoost_single_with_coords,spatial,True,Egernia mcpheei,16,5,0.8,0.1,5,300,1.0,102,1,0.08134148315263368,0.4455445544554455,0.017543859649122806,0.012641349919981865,0.0,0.0,1.0
XGBoost_single_with_coords,spatial,True,Egernia mcpheei,17,1,1.0,0.03,3,100,0.8,103,1,0.039314040946840594,0.9803921568627451,0.3333333333333333,0.009049678324389222,0.0,0.0,1.0
XGBoost_single_with_coords,spatial,True,Egernia mcpheei,17,2,1.0,0.03,3,100,0.8,103,2,0.09207470915730764,0.7475247524752475,0.2692307692307692,0.018746138654888382,0.0,0.0,1.0
XGBoost_single_with_coords,spatial,True,Egernia mcpheei,17,3,1.0,0.03,3,100,0.8,103,1,0.043077099196321994,0.9705882352941176,0.25,0.009256007322819825,0.0,0.0,1.0
XGBoost_single_with_coords,spatial,True,Egernia mcpheei,17,4,1.0,0.03,3,100,0.8,102,1,0.038087478556875616,0.9801980198019802,0.3333333333333333,0.008831311146631679,0.0,0.0,1.0
XGBoost_single_with_coords,spatial,True,Egernia mcpheei,17,5,1.0,0.03,3,100,0.8,102,1,0.07342121492651874,0.1732673267326733,0.011764705882352941,0.010793930721690485,0.0,0.0,1.0
XGBoost_single_with_coords,spatial,True,Egernia mcpheei,18,1,1.0,0.03,3,100,1.0,103,1,0.03985387160562852,0.9509803921568627,0.16666666666666666,0.009179986951903982,0.0,0.0,1.0
XGBoost_single_with_coords,spatial,True,Egernia mcpheei,18,2,1.0,0.03,3,100,1.0,103,2,0.08306496553863246,0.7277227722772277,0.5175438596491229,0.017325981542610967,0.0,0.0,1.0
XGBoost_single_with_coords,spatial,True,Egernia mcpheei,18,3,1.0,0.03,3,100,1.0,103,1,0.037387806351544275,0.9803921568627452,0.3333333333333333,0.008892852167603509,0.0,0.0,1.0
XGBoost_single_with_coords,spatial,True,Egernia mcpheei,18,4,1.0,0.03,3,100,1.0,102,1,0.03241560469875692,0.995049504950495,0.5,0.007927969984192085,0.0,0.0,1.0
XGBoost_single_with_coords,spatial,True,Egernia mcpheei,18,5,1.0,0.03,3,100,1.0,102,1,0.07877752434212092,0.2178217821782178,0.012345679012345678,0.011938825697710941,0.0,0.0,1.0
XGBoost_single_with_coords,spatial,True,Egernia mcpheei,19,1,1.0,0.03,3,300,0.8,103,1,0.039077258717715384,0.9509803921568627,0.16666666666666666,0.009538855315348923,0.0,0.0,1.0
XGBoost_single_with_coords,spatial,True,Egernia mcpheei,19,2,1.0,0.03,3,300,0.8,103,2,0.08198925920825713,0.7722772277227723,0.5208333333333334,0.017637735059456785,0.0,0.0,1.0
XGBoost_single_with_coords,spatial,True,Egernia mcpheei,19,3,1.0,0.03,3,300,0.8,103,1,0.04137786618856747,0.9705882352941176,0.25,0.009529235197873248,0.0,0.0,1.0
XGBoost_single_with_coords,spatial,True,Egernia mcpheei,19,4,1.0,0.03,3,300,0.8,102,1,0.027933340092811693,0.9900990099009901,0.5,0.007522979816040802,0.0,0.0,1.0
XGBoost_single_with_coords,spatial,True,Egernia mcpheei,19,5,1.0,0.03,3,300,0.8,102,1,0.08057711477627912,0.3564356435643564,0.015151515151515152,0.012667451637073817,0.0,0.0,1.0
XGBoost_single_with_coords,spatial,True,Egernia mcpheei,20,1,1.0,0.03,3,300,1.0,103,1,0.04181285112342337,0.9509803921568628,0.16666666666666666,0.009605741854676457,0.0,0.0,1.0
XGBoost_single_with_coords,spatial,True,Egernia mcpheei,20,2,1.0,0.03,3,300,1.0,103,2,0.08197516330882777,0.707920792079208,0.5163934426229508,0.016313845202436297,0.0,0.0,1.0
XGBoost_single_with_coords,spatial,True,Egernia mcpheei,20,3,1.0,0.03,3,300,1.0,103,1,0.038513619350676924,0.9705882352941176,0.25,0.00937119582254556,0.0,0.0,1.0
XGBoost_single_with_coords,spatial,True,Egernia mcpheei,20,4,1.0,0.03,3,300,1.0,102,1,0.02823179510564534,0.995049504950495,0.5,0.007674894294404143,0.0,0.0,1.0
XGBoost_single_with_coords,spatial,True,Egernia mcpheei,20,5,1.0,0.03,3,300,1.0,102,1,0.08103994237801675,0.4257425742574258,0.01694915254237288,0.013230222394387014,0.0,0.0,1.0
XGBoost_single_with_coords,spatial,True,Egernia mcpheei,21,1,1.0,0.03,5,100,0.8,103,1,0.039314040946840594,0.9803921568627451,0.3333333333333333,0.009049678324389222,0.0,0.0,1.0
XGBoost_single_with_coords,spatial,True,Egernia mcpheei,21,2,1.0,0.03,5,100,0.8,103,2,0.09207470915730764,0.7475247524752475,0.2692307692307692,0.018746138654888382,0.0,0.0,1.0
XGBoost_single_with_coords,spatial,True,Egernia mcpheei,21,3,1.0,0.03,5,100,0.8,103,1,0.043077099196321994,0.9705882352941176,0.25,0.009256007322819825,0.0,0.0,1.0
XGBoost_single_with_coords,spatial,True,Egernia mcpheei,21,4,1.0,0.03,5,100,0.8,102,1,0.038087478556875616,0.9801980198019802,0.3333333333333333,0.008831311146631679,0.0,0.0,1.0
XGBoost_single_with_coords,spatial,True,Egernia mcpheei,21,5,1.0,0.03,5,100,0.8,102,1,0.07342121492651874,0.1732673267326733,0.011764705882352941,0.010793930721690485,0.0,0.0,1.0
XGBoost_single_with_coords,spatial,True,Egernia mcpheei,22,1,1.0,0.03,5,100,1.0,103,1,0.03985387160562852,0.9509803921568627,0.16666666666666666,0.009179986951903982,0.0,0.0,1.0
XGBoost_single_with_coords,spatial,True,Egernia mcpheei,22,2,1.0,0.03,5,100,1.0,103,2,0.08306496553863246,0.7277227722772277,0.5175438596491229,0.017325981542610967,0.0,0.0,1.0
XGBoost_single_with_coords,spatial,True,Egernia mcpheei,22,3,1.0,0.03,5,100,1.0,103,1,0.037387806351544275,0.9803921568627452,0.3333333333333333,0.008892852167603509,0.0,0.0,1.0
XGBoost_single_with_coords,spatial,True,Egernia mcpheei,22,4,1.0,0.03,5,100,1.0,102,1,0.03241560469875692,0.995049504950495,0.5,0.007927969984192085,0.0,0.0,1.0
XGBoost_single_with_coords,spatial,True,Egernia mcpheei,22,5,1.0,0.03,5,100,1.0,102,1,0.07877752434212092,0.2178217821782178,0.012345679012345678,0.011938825697710941,0.0,0.0,1.0
XGBoost_single_with_coords,spatial,True,Egernia mcpheei,23,1,1.0,0.03,5,300,0.8,103,1,0.039077258717715384,0.9509803921568627,0.16666666666666666,0.009538855315348923,0.0,0.0,1.0
XGBoost_single_with_coords,spatial,True,Egernia mcpheei,23,2,1.0,0.03,5,300,0.8,103,2,0.08198925920825713,0.7722772277227723,0.5208333333333334,0.017637735059456785,0.0,0.0,1.0
XGBoost_single_with_coords,spatial,True,Egernia mcpheei,23,3,1.0,0.03,5,300,0.8,103,1,0.04137786618856747,0.9705882352941176,0.25,0.009529235197873248,0.0,0.0,1.0
XGBoost_single_with_coords,spatial,True,Egernia mcpheei,23,4,1.0,0.03,5,300,0.8,102,1,0.027933340092811693,0.9900990099009901,0.5,0.007522979816040802,0.0,0.0,1.0
XGBoost_single_with_coords,spatial,True,Egernia mcpheei,23,5,1.0,0.03,5,300,0.8,102,1,0.08057711477627912,0.3564356435643564,0.015151515151515152,0.012667451637073817,0.0,0.0,1.0
XGBoost_single_with_coords,spatial,True,Egernia mcpheei,24,1,1.0,0.03,5,300,1.0,103,1,0.04181285112342337,0.9509803921568628,0.16666666666666666,0.009605741854676457,0.0,0.0,1.0
XGBoost_single_with_coords,spatial,True,Egernia mcpheei,24,2,1.0,0.03,5,300,1.0,103,2,0.08197516330882777,0.707920792079208,0.5163934426229508,0.016313845202436297,0.0,0.0,1.0
XGBoost_single_with_coords,spatial,True,Egernia mcpheei,24,3,1.0,0.03,5,300,1.0,103,1,0.038513619350676924,0.9705882352941176,0.25,0.00937119582254556,0.0,0.0,1.0
XGBoost_single_with_coords,spatial,True,Egernia mcpheei,24,4,1.0,0.03,5,300,1.0,102,1,0.02823179510564534,0.995049504950495,0.5,0.007674894294404143,0.0,0.0,1.0
XGBoost_single_with_coords,spatial,True,Egernia mcpheei,24,5,1.0,0.03,5,300,1.0,102,1,0.08103994237801675,0.4257425742574258,0.01694915254237288,0.013230222394387014,0.0,0.0,1.0
XGBoost_single_with_coords,spatial,True,Egernia mcpheei,25,1,1.0,0.1,3,100,0.8,103,1,0.040829691084924326,0.9411764705882353,0.14285714285714285,0.009779424871055774,0.0,0.0,1.0
XGBoost_single_with_coords,spatial,True,Egernia mcpheei,25,2,1.0,0.1,3,100,0.8,103,2,0.08176191719246668,0.801980198019802,0.5238095238095238,0.017514425286090166,0.0,0.0,1.0
XGBoost_single_with_coords,spatial,True,Egernia mcpheei,25,3,1.0,0.1,3,100,0.8,103,1,0.04648887319158951,0.9411764705882353,0.14285714285714285,0.009992061902189639,0.0,0.0,1.0
XGBoost_single_with_coords,spatial,True,Egernia mcpheei,25,4,1.0,0.1,3,100,0.8,102,1,0.03048370963280053,0.9900990099009901,0.5,0.00803931560526593,0.0,0.0,1.0
XGBoost_single_with_coords,spatial,True,Egernia mcpheei,25,5,1.0,0.1,3,100,0.8,102,1,0.07840794119505548,0.3465346534653465,0.014925373134328358,0.011933310910444183,0.0,0.0,1.0
XGBoost_single_with_coords,spatial,True,Egernia mcpheei,26,1,1.0,0.1,3,100,1.0,103,1,0.04211657721632846,0.9509803921568627,0.16666666666666666,0.009729491535379251,0.0,0.0,1.0
XGBoost_single_with_coords,spatial,True,Egernia mcpheei,26,2,1.0,0.1,3,100,1.0,103,2,0.08390472698545844,0.707920792079208,0.5163934426229508,0.01647234467149996,0.0,0.0,1.0
XGBoost_single_with_coords,spatial,True,Egernia mcpheei,26,3,1.0,0.1,3,100,1.0,103,1,0.03912852728461192,0.9509803921568627,0.16666666666666666,0.009444869708164185,0.0,0.0,1.0
XGBoost_single_with_coords,spatial,True,Egernia mcpheei,26,4,1.0,0.1,3,100,1.0,102,1,0.0283875037549088,1.0,1.0,0.007752742367715151,0.0,0.0,1.0
XGBoost_single_with_coords,spatial,True,Egernia mcpheei,26,5,1.0,0.1,3,100,1.0,102,1,0.08190036683289208,0.4356435643564357,0.017241379310344827,0.013317947561816194,0.0,0.0,1.0
XGBoost_single_with_coords,spatial,True,Egernia mcpheei,27,1,1.0,0.1,3,300,0.8,103,1,0.046195239041041905,0.9411764705882353,0.14285714285714285,0.011227924777769134,0.0,0.0,1.0
XGBoost_single_with_coords,spatial,True,Egernia mcpheei,27,2,1.0,0.1,3,300,0.8,103,2,0.08775447721071986,0.8366336633663367,0.27941176470588236,0.018152812315135304,0.0,0.0,1.0
XGBoost_single_with_coords,spatial,True,Egernia mcpheei,27,3,1.0,0.1,3,300,0.8,103,1,0.05195026949689787,0.8921568627450981,0.08333333333333333,0.010630735232182437,0.0,0.0,1.0
XGBoost_single_with_coords,spatial,True,Egernia mcpheei,27,4,1.0,0.1,3,300,0.8,102,1,0.029248519830356246,1.0,1.0,0.00814007118506462,0.0,0.0,1.0
XGBoost_single_with_coords,spatial,True,Egernia mcpheei,27,5,1.0,0.1,3,300,0.8,102,1,0.07394894391659661,0.4455445544554455,0.017543859649122806,0.010830848707030747,0.0,0.0,1.0
XGBoost_single_with_coords,spatial,True,Egernia mcpheei,28,1,1.0,0.1,3,300,1.0,103,1,0.04405673448971884,0.9509803921568627,0.16666666666666666,0.010202062414632245,0.0,0.0,1.0
XGBoost_single_with_coords,spatial,True,Egernia mcpheei,28,2,1.0,0.1,3,300,1.0,103,2,0.0878306032240143,0.7227722772277227,0.5172413793103449,0.016860838306352665,0.0,0.0,1.0
XGBoost_single_with_coords,spatial,True,Egernia mcpheei,28,3,1.0,0.1,3,300,1.0,103,1,0.03743751056989124,0.9705882352941176,0.25,0.009684094870275443,0.0,0.0,1.0
XGBoost_single_with_coords,spatial,True,Egernia mcpheei,28,4,1.0,0.1,3,300,1.0,102,1,0.029581145903998993,0.9900990099009901,0.5,0.00830846645206126,0.0,0.0,1.0
XGBoost_single_with_coords,spatial,True,Egernia mcpheei,28,5,1.0,0.1,3,300,1.0,102,1,0.08024480415773584,0.4158415841584159,0.016666666666666666,0.01213589868562951,0.0,0.0,1.0
XGBoost_single_with_coords,spatial,True,Egernia mcpheei,29,1,1.0,0.1,5,100,0.8,103,1,0.040829691084924326,0.9411764705882353,0.14285714285714285,0.009779424871055774,0.0,0.0,1.0
XGBoost_single_with_coords,spatial,True,Egernia mcpheei,29,2,1.0,0.1,5,100,0.8,103,2,0.08176191719246668,0.801980198019802,0.5238095238095238,0.017514425286090166,0.0,0.0,1.0
XGBoost_single_with_coords,spatial,True,Egernia mcpheei,29,3,1.0,0.1,5,100,0.8,103,1,0.04648887319158951,0.9411764705882353,0.14285714285714285,0.009992061902189639,0.0,0.0,1.0
XGBoost_single_with_coords,spatial,True,Egernia mcpheei,29,4,1.0,0.1,5,100,0.8,102,1,0.03048370963280053,0.9900990099009901,0.5,0.00803931560526593,0.0,0.0,1.0
XGBoost_single_with_coords,spatial,True,Egernia mcpheei,29,5,1.0,0.1,5,100,0.8,102,1,0.07840794119505548,0.3465346534653465,0.014925373134328358,0.011933310910444183,0.0,0.0,1.0
XGBoost_single_with_coords,spatial,True,Egernia mcpheei,30,1,1.0,0.1,5,100,1.0,103,1,0.04211657721632846,0.9509803921568627,0.16666666666666666,0.009729491535379251,0.0,0.0,1.0
XGBoost_single_with_coords,spatial,True,Egernia mcpheei,30,2,1.0,0.1,5,100,1.0,103,2,0.08390472698545844,0.707920792079208,0.5163934426229508,0.01647234467149996,0.0,0.0,1.0
XGBoost_single_with_coords,spatial,True,Egernia mcpheei,30,3,1.0,0.1,5,100,1.0,103,1,0.03912852728461192,0.9509803921568627,0.16666666666666666,0.009444869708164185,0.0,0.0,1.0
XGBoost_single_with_coords,spatial,True,Egernia mcpheei,30,4,1.0,0.1,5,100,1.0,102,1,0.0283875037549088,1.0,1.0,0.007752742367715151,0.0,0.0,1.0
XGBoost_single_with_coords,spatial,True,Egernia mcpheei,30,5,1.0,0.1,5,100,1.0,102,1,0.08190036683289208,0.4356435643564357,0.017241379310344827,0.013317947561816194,0.0,0.0,1.0
XGBoost_single_with_coords,spatial,True,Egernia mcpheei,31,1,1.0,0.1,5,300,0.8,103,1,0.046195239041041905,0.9411764705882353,0.14285714285714285,0.011227924777769134,0.0,0.0,1.0
XGBoost_single_with_coords,spatial,True,Egernia mcpheei,31,2,1.0,0.1,5,300,0.8,103,2,0.08775447721071986,0.8366336633663367,0.27941176470588236,0.018152812315135304,0.0,0.0,1.0
XGBoost_single_with_coords,spatial,True,Egernia mcpheei,31,3,1.0,0.1,5,300,0.8,103,1,0.05195026949689787,0.8921568627450981,0.08333333333333333,0.010630735232182437,0.0,0.0,1.0
XGBoost_single_with_coords,spatial,True,Egernia mcpheei,31,4,1.0,0.1,5,300,0.8,102,1,0.029248519830356246,1.0,1.0,0.00814007118506462,0.0,0.0,1.0
XGBoost_single_with_coords,spatial,True,Egernia mcpheei,31,5,1.0,0.1,5,300,0.8,102,1,0.07394894391659661,0.4455445544554455,0.017543859649122806,0.010830848707030747,0.0,0.0,1.0
XGBoost_single_with_coords,spatial,True,Egernia mcpheei,32,1,1.0,0.1,5,300,1.0,103,1,0.04405673448971884,0.9509803921568627,0.16666666666666666,0.010202062414632245,0.0,0.0,1.0
XGBoost_single_with_coords,spatial,True,Egernia mcpheei,32,2,1.0,0.1,5,300,1.0,103,2,0.0878306032240143,0.7227722772277227,0.5172413793103449,0.016860838306352665,0.0,0.0,1.0
XGBoost_single_with_coords,spatial,True,Egernia mcpheei,32,3,1.0,0.1,5,300,1.0,103,1,0.03743751056989124,0.9705882352941176,0.25,0.009684094870275443,0.0,0.0,1.0
XGBoost_single_with_coords,spatial,True,Egernia mcpheei,32,4,1.0,0.1,5,300,1.0,102,1,0.029581145903998993,0.9900990099009901,0.5,0.00830846645206126,0.0,0.0,1.0
XGBoost_single_with_coords,spatial,True,Egernia mcpheei,32,5,1.0,0.1,5,300,1.0,102,1,0.08024480415773584,0.4158415841584159,0.016666666666666666,0.01213589868562951,0.0,0.0,1.0
XGBoost_single_with_coords,spatial,True,Eulamprus murrayi,1,1,0.8,0.03,3,100,0.8,102,0,0.007229240893205032,,,6.420727461843149e-05,0.0,,1.0
XGBoost_single_with_coords,spatial,True,Eulamprus murrayi,1,2,0.8,0.03,3,100,0.8,103,1,0.05655828376833559,0.5,0.009708737864077669,0.009638162684607588,0.0,0.0,1.0
XGBoost_single_with_coords,spatial,True,Eulamprus murrayi,1,3,0.8,0.03,3,100,0.8,103,1,0.05623027493219948,0.5,0.009708737864077669,0.009634891071309928,0.0,0.0,1.0
XGBoost_single_with_coords,spatial,True,Eulamprus murrayi,1,4,0.8,0.03,3,100,0.8,102,0,0.007523488444587423,,,7.540739626626403e-05,0.0,,1.0
XGBoost_single_with_coords,spatial,True,Eulamprus murrayi,1,5,0.8,0.03,3,100,0.8,103,1,0.056702905439980855,0.5,0.009708737864077669,0.00963953632153937,0.0,0.0,1.0
XGBoost_single_with_coords,spatial,True,Eulamprus murrayi,2,1,0.8,0.03,3,100,1.0,102,0,0.0068651567089103895,,,6.546045581643851e-05,0.0,,1.0
XGBoost_single_with_coords,spatial,True,Eulamprus murrayi,2,2,0.8,0.03,3,100,1.0,103,1,0.05652221823961461,0.5,0.009708737864077669,0.009637813830142714,0.0,0.0,1.0
XGBoost_single_with_coords,spatial,True,Eulamprus murrayi,2,3,0.8,0.03,3,100,1.0,103,1,0.056522218239614605,0.5,0.009708737864077669,0.009637813830142712,0.0,0.0,1.0
XGBoost_single_with_coords,spatial,True,Eulamprus murrayi,2,4,0.8,0.03,3,100,1.0,102,0,0.007955581228204195,,,9.48081513999866e-05,0.0,,1.0
XGBoost_single_with_coords,spatial,True,Eulamprus murrayi,2,5,0.8,0.03,3,100,1.0,103,1,0.05652221823961462,0.5,0.009708737864077669,0.009637813830142715,0.0,0.0,1.0
XGBoost_single_with_coords,spatial,True,Eulamprus murrayi,3,1,0.8,0.03,3,300,0.8,102,0,0.008025159324581876,,,0.00016830857847112936,0.0,,1.0
XGBoost_single_with_coords,spatial,True,Eulamprus murrayi,3,2,0.8,0.03,3,300,0.8,103,1,0.05637536047945711,0.5,0.009708737864077669,0.00963636615420273,0.0,0.0,1.0
XGBoost_single_with_coords,spatial,True,Eulamprus murrayi,3,3,0.8,0.03,3,300,0.8,103,1,0.05644203922951242,0.5,0.009708737864077669,0.009637028943211695,0.0,0.0,1.0
XGBoost_single_with_coords,spatial,True,Eulamprus murrayi,3,4,0.8,0.03,3,300,0.8,102,0,0.006814731348454212,,,0.00011490088765181237,0.0,,1.0
XGBoost_single_with_coords,spatial,True,Eulamprus murrayi,3,5,0.8,0.03,3,300,0.8,103,1,0.056510315024628076,0.5,0.009708737864077669,0.009637698126479377,0.0,0.0,1.0
XGBoost_single_with_coords,spatial,True,Eulamprus murrayi,4,1,0.8,0.03,3,300,1.0,102,0,0.007427160932144046,,,0.0001489609421970257,0.0,,1.0
XGBoost_single_with_coords,spatial,True,Eulamprus murrayi,4,2,0.8,0.03,3,300,1.0,103,1,0.05652221823961461,0.5,0.009708737864077669,0.009637813830142714,0.0,0.0,1.0
XGBoost_single_with_coords,spatial,True,Eulamprus murrayi,4,3,0.8,0.03,3,300,1.0,103,1,0.056522218239614605,0.5,0.009708737864077669,0.009637813830142712,0.0,0.0,1.0
XGBoost_single_with_coords,spatial,True,Eulamprus murrayi,4,4,0.8,0.03,3,300,1.0,102,0,0.007414001667131747,,,0.00014167856256147284,0.0,,1.0
XGBoost_single_with_coords,spatial,True,Eulamprus murrayi,4,5,0.8,0.03,3,300,1.0,103,1,0.05652221823961462,0.5,0.009708737864077669,0.009637813830142715,0.0,0.0,1.0
XGBoost_single_with_coords,spatial,True,Eulamprus murrayi,5,1,0.8,0.03,5,100,0.8,102,0,0.007229240893205032,,,6.420727461843149e-05,0.0,,1.0
XGBoost_single_with_coords,spatial,True,Eulamprus murrayi,5,2,0.8,0.03,5,100,0.8,103,1,0.05655828376833559,0.5,0.009708737864077669,0.009638162684607588,0.0,0.0,1.0
XGBoost_single_with_coords,spatial,True,Eulamprus murrayi,5,3,0.8,0.03,5,100,0.8,103,1,0.05623027493219948,0.5,0.009708737864077669,0.009634891071309928,0.0,0.0,1.0
XGBoost_single_with_coords,spatial,True,Eulamprus murrayi,5,4,0.8,0.03,5,100,0.8,102,0,0.007523488444587423,,,7.540739626626403e-05,0.0,,1.0
XGBoost_single_with_coords,spatial,True,Eulamprus murrayi,5,5,0.8,0.03,5,100,0.8,103,1,0.056702905439980855,0.5,0.009708737864077669,0.00963953632153937,0.0,0.0,1.0
XGBoost_single_with_coords,spatial,True,Eulamprus murrayi,6,1,0.8,0.03,5,100,1.0,102,0,0.0068651567089103895,,,6.546045581643851e-05,0.0,,1.0
XGBoost_single_with_coords,spatial,True,Eulamprus murrayi,6,2,0.8,0.03,5,100,1.0,103,1,0.05652221823961461,0.5,0.009708737864077669,0.009637813830142714,0.0,0.0,1.0
XGBoost_single_with_coords,spatial,True,Eulamprus murrayi,6,3,0.8,0.03,5,100,1.0,103,1,0.056522218239614605,0.5,0.009708737864077669,0.009637813830142712,0.0,0.0,1.0
XGBoost_single_with_coords,spatial,True,Eulamprus murrayi,6,4,0.8,0.03,5,100,1.0,102,0,0.007955581228204195,,,9.48081513999866e-05,0.0,,1.0
XGBoost_single_with_coords,spatial,True,Eulamprus murrayi,6,5,0.8,0.03,5,100,1.0,103,1,0.05652221823961462,0.5,0.009708737864077669,0.009637813830142715,0.0,0.0,1.0
XGBoost_single_with_coords,spatial,True,Eulamprus murrayi,7,1,0.8,0.03,5,300,0.8,102,0,0.008025159324581876,,,0.00016830857847112936,0.0,,1.0
XGBoost_single_with_coords,spatial,True,Eulamprus murrayi,7,2,0.8,0.03,5,300,0.8,103,1,0.05637536047945711,0.5,0.009708737864077669,0.00963636615420273,0.0,0.0,1.0
XGBoost_single_with_coords,spatial,True,Eulamprus murrayi,7,3,0.8,0.03,5,300,0.8,103,1,0.05644203922951242,0.5,0.009708737864077669,0.009637028943211695,0.0,0.0,1.0
XGBoost_single_with_coords,spatial,True,Eulamprus murrayi,7,4,0.8,0.03,5,300,0.8,102,0,0.006814731348454212,,,0.00011490088765181237,0.0,,1.0
XGBoost_single_with_coords,spatial,True,Eulamprus murrayi,7,5,0.8,0.03,5,300,0.8,103,1,0.056510315024628076,0.5,0.009708737864077669,0.009637698126479377,0.0,0.0,1.0
XGBoost_single_with_coords,spatial,True,Eulamprus murrayi,8,1,0.8,0.03,5,300,1.0,102,0,0.007427160932144046,,,0.0001489609421970257,0.0,,1.0
XGBoost_single_with_coords,spatial,True,Eulamprus murrayi,8,2,0.8,0.03,5,300,1.0,103,1,0.05652221823961461,0.5,0.009708737864077669,0.009637813830142714,0.0,0.0,1.0
XGBoost_single_with_coords,spatial,True,Eulamprus murrayi,8,3,0.8,0.03,5,300,1.0,103,1,0.056522218239614605,0.5,0.009708737864077669,0.009637813830142712,0.0,0.0,1.0
XGBoost_single_with_coords,spatial,True,Eulamprus murrayi,8,4,0.8,0.03,5,300,1.0,102,0,0.007414001667131747,,,0.00014167856256147284,0.0,,1.0
XGBoost_single_with_coords,spatial,True,Eulamprus murrayi,8,5,0.8,0.03,5,300,1.0,103,1,0.05652221823961462,0.5,0.009708737864077669,0.009637813830142715,0.0,0.0,1.0
XGBoost_single_with_coords,spatial,True,Eulamprus murrayi,9,1,0.8,0.1,3,100,0.8,102,0,0.008186559029319206,,,0.00024201900958387555,0.0,,1.0
XGBoost_single_with_coords,spatial,True,Eulamprus murrayi,9,2,0.8,0.1,3,100,0.8,103,1,0.05659946427262095,0.5,0.009708737864077669,0.009638557898075205,0.0,0.0,1.0
XGBoost_single_with_coords,spatial,True,Eulamprus murrayi,9,3,0.8,0.1,3,100,0.8,103,1,0.05606234120094367,0.5,0.009708737864077669,0.009633123965857124,0.0,0.0,1.0
XGBoost_single_with_coords,spatial,True,Eulamprus murrayi,9,4,0.8,0.1,3,100,0.8,102,0,0.007556794401594518,,,0.0001731943216468653,0.0,,1.0
XGBoost_single_with_coords,spatial,True,Eulamprus murrayi,9,5,0.8,0.1,3,100,0.8,103,1,0.056719021896924716,0.5,0.009708737864077669,0.009639686957868284,0.0,0.0,1.0
XGBoost_single_with_coords,spatial,True,Eulamprus murrayi,10,1,0.8,0.1,3,100,1.0,102,0,0.007489009739283001,,,0.00016240200552033077,0.0,,1.0
XGBoost_single_with_coords,spatial,True,Eulamprus murrayi,10,2,0.8,0.1,3,100,1.0,103,1,0.05652221823961461,0.5,0.009708737864077669,0.009637813830142714,0.0,0.0,1.0
XGBoost_single_with_coords,spatial,True,Eulamprus murrayi,10,3,0.8,0.1,3,100,1.0,103,1,0.056522218239614605,0.5,0.009708737864077669,0.009637813830142712,0.0,0.0,1.0
XGBoost_single_with_coords,spatial,True,Eulamprus murrayi,10,4,0.8,0.1,3,100,1.0,102,0,0.007531204198268792,,,0.00015835851529561945,0.0,,1.0
XGBoost_single_with_coords,spatial,True,Eulamprus murrayi,10,5,0.8,0.1,3,100,1.0,103,1,0.05652221823961462,0.5,0.009708737864077669,0.009637813830142715,0.0,0.0,1.0
XGBoost_single_with_coords,spatial,True,Eulamprus murrayi,11,1,0.8,0.1,3,300,0.8,102,0,0.011535844313486603,,,0.0008305720348038213,0.0,,1.0
XGBoost_single_with_coords,spatial,True,Eulamprus murrayi,11,2,0.8,0.1,3,300,0.8,103,1,0.056179659824258085,0.5,0.009708737864077669,0.009634365423704222,0.0,0.0,1.0
XGBoost_single_with_coords,spatial,True,Eulamprus murrayi,11,3,0.8,0.1,3,300,0.8,103,1,0.05653890787815519,0.5,0.009708737864077669,0.009637975585072322,0.0,0.0,1.0
XGBoost_single_with_coords,spatial,True,Eulamprus murrayi,11,4,0.8,0.1,3,300,0.8,102,0,0.005531089705258248,,,0.00010361425437191241,0.0,,1.0
XGBoost_single_with_coords,spatial,True,Eulamprus murrayi,11,5,0.8,0.1,3,300,0.8,103,1,0.05659403847043923,0.5,0.009708737864077669,0.009638506014372933,0.0,0.0,1.0
XGBoost_single_with_coords,spatial,True,Eulamprus murrayi,12,1,0.8,0.1,3,300,1.0,102,0,0.007978993533187652,,,0.000315042214357779,0.0,,1.0
XGBoost_single_with_coords,spatial,True,Eulamprus murrayi,12,2,0.8,0.1,3,300,1.0,103,1,0.05652221823961461,0.5,0.009708737864077669,0.009637813830142714,0.0,0.0,1.0
XGBoost_single_with_coords,spatial,True,Eulamprus murrayi,12,3,0.8,0.1,3,300,1.0,103,1,0.056522218239614605,0.5,0.009708737864077669,0.009637813830142712,0.0,0.0,1.0
XGBoost_single_with_coords,spatial,True,Eulamprus murrayi,12,4,0.8,0.1,3,300,1.0,102,0,0.006228771947346765,,,0.00012657674392567146,0.0,,1.0
XGBoost_single_with_coords,spatial,True,Eulamprus murrayi,12,5,0.8,0.1,3,300,1.0,103,1,0.05652221823961462,0.5,0.009708737864077669,0.009637813830142715,0.0,0.0,1.0
XGBoost_single_with_coords,spatial,True,Eulamprus murrayi,13,1,0.8,0.1,5,100,0.8,102,0,0.008186559029319206,,,0.00024201900958387555,0.0,,1.0
XGBoost_single_with_coords,spatial,True,Eulamprus murrayi,13,2,0.8,0.1,5,100,0.8,103,1,0.05659946427262095,0.5,0.009708737864077669,0.009638557898075205,0.0,0.0,1.0
XGBoost_single_with_coords,spatial,True,Eulamprus murrayi,13,3,0.8,0.1,5,100,0.8,103,1,0.05606234120094367,0.5,0.009708737864077669,0.009633123965857124,0.0,0.0,1.0
XGBoost_single_with_coords,spatial,True,Eulamprus murrayi,13,4,0.8,0.1,5,100,0.8,102,0,0.007556794401594518,,,0.0001731943216468653,0.0,,1.0
XGBoost_single_with_coords,spatial,True,Eulamprus murrayi,13,5,0.8,0.1,5,100,0.8,103,1,0.056719021896924716,0.5,0.009708737864077669,0.009639686957868284,0.0,0.0,1.0
XGBoost_single_with_coords,spatial,True,Eulamprus murrayi,14,1,0.8,0.1,5,100,1.0,102,0,0.007489009739283001,,,0.00016240200552033077,0.0,,1.0
XGBoost_single_with_coords,spatial,True,Eulamprus murrayi,14,2,0.8,0.1,5,100,1.0,103,1,0.05652221823961461,0.5,0.009708737864077669,0.009637813830142714,0.0,0.0,1.0
XGBoost_single_with_coords,spatial,True,Eulamprus murrayi,14,3,0.8,0.1,5,100,1.0,103,1,0.056522218239614605,0.5,0.009708737864077669,0.009637813830142712,0.0,0.0,1.0
XGBoost_single_with_coords,spatial,True,Eulamprus murrayi,14,4,0.8,0.1,5,100,1.0,102,0,0.007531204198268792,,,0.00015835851529561945,0.0,,1.0
XGBoost_single_with_coords,spatial,True,Eulamprus murrayi,14,5,0.8,0.1,5,100,1.0,103,1,0.05652221823961462,0.5,0.009708737864077669,0.009637813830142715,0.0,0.0,1.0
XGBoost_single_with_coords,spatial,True,Eulamprus murrayi,15,1,0.8,0.1,5,300,0.8,102,0,0.011535844313486603,,,0.0008305720348038213,0.0,,1.0
XGBoost_single_with_coords,spatial,True,Eulamprus murrayi,15,2,0.8,0.1,5,300,0.8,103,1,0.056179659824258085,0.5,0.009708737864077669,0.009634365423704222,0.0,0.0,1.0
XGBoost_single_with_coords,spatial,True,Eulamprus murrayi,15,3,0.8,0.1,5,300,0.8,103,1,0.05653890787815519,0.5,0.009708737864077669,0.009637975585072322,0.0,0.0,1.0
XGBoost_single_with_coords,spatial,True,Eulamprus murrayi,15,4,0.8,0.1,5,300,0.8,102,0,0.005531089705258248,,,0.00010361425437191241,0.0,,1.0
XGBoost_single_with_coords,spatial,True,Eulamprus murrayi,15,5,0.8,0.1,5,300,0.8,103,1,0.05659403847043923,0.5,0.009708737864077669,0.009638506014372933,0.0,0.0,1.0
XGBoost_single_with_coords,spatial,True,Eulamprus murrayi,16,1,0.8,0.1,5,300,1.0,102,0,0.007978993533187652,,,0.000315042214357779,0.0,,1.0
XGBoost_single_with_coords,spatial,True,Eulamprus murrayi,16,2,0.8,0.1,5,300,1.0,103,1,0.05652221823961461,0.5,0.009708737864077669,0.009637813830142714,0.0,0.0,1.0
XGBoost_single_with_coords,spatial,True,Eulamprus murrayi,16,3,0.8,0.1,5,300,1.0,103,1,0.056522218239614605,0.5,0.009708737864077669,0.009637813830142712,0.0,0.0,1.0
XGBoost_single_with_coords,spatial,True,Eulamprus murrayi,16,4,0.8,0.1,5,300,1.0,102,0,0.006228771947346765,,,0.00012657674392567146,0.0,,1.0
XGBoost_single_with_coords,spatial,True,Eulamprus murrayi,16,5,0.8,0.1,5,300,1.0,103,1,0.05652221823961462,0.5,0.009708737864077669,0.009637813830142715,0.0,0.0,1.0
XGBoost_single_with_coords,spatial,True,Eulamprus murrayi,17,1,1.0,0.03,3,100,0.8,102,0,0.007087447152607398,,,6.472122796227496e-05,0.0,,1.0
XGBoost_single_with_coords,spatial,True,Eulamprus murrayi,17,2,1.0,0.03,3,100,0.8,103,1,0.05658576182161944,0.5,0.009708737864077669,0.009638426760070512,0.0,0.0,1.0
XGBoost_single_with_coords,spatial,True,Eulamprus murrayi,17,3,1.0,0.03,3,100,0.8,103,1,0.05641788390734166,0.5,0.009708737864077669,0.009636789909272933,0.0,0.0,1.0
XGBoost_single_with_coords,spatial,True,Eulamprus murrayi,17,4,1.0,0.03,3,100,0.8,102,0,0.007617309852918162,,,7.283312010299699e-05,0.0,,1.0
XGBoost_single_with_coords,spatial,True,Eulamprus murrayi,17,5,1.0,0.03,3,100,0.8,103,1,0.05671968089917314,0.5,0.009708737864077669,0.009639693107193465,0.0,0.0,1.0
XGBoost_single_with_coords,spatial,True,Eulamprus murrayi,18,1,1.0,0.03,3,100,1.0,102,0,0.006901659813020026,,,6.496013640526225e-05,0.0,,1.0
XGBoost_single_with_coords,spatial,True,Eulamprus murrayi,18,2,1.0,0.03,3,100,1.0,103,1,0.05652221823961461,0.5,0.009708737864077669,0.009637813830142714,0.0,0.0,1.0
XGBoost_single_with_coords,spatial,True,Eulamprus murrayi,18,3,1.0,0.03,3,100,1.0,103,1,0.056522218239614605,0.5,0.009708737864077669,0.009637813830142712,0.0,0.0,1.0
XGBoost_single_with_coords,spatial,True,Eulamprus murrayi,18,4,1.0,0.03,3,100,1.0,102,0,0.008022236878720272,,,9.89807380619568e-05,0.0,,1.0
XGBoost_single_with_coords,spatial,True,Eulamprus murrayi,18,5,1.0,0.03,3,100,1.0,103,1,0.05652221823961462,0.5,0.009708737864077669,0.009637813830142715,0.0,0.0,1.0
XGBoost_single_with_coords,spatial,True,Eulamprus murrayi,19,1,1.0,0.03,3,300,0.8,102,0,0.007819061783167412,,,0.00019745020569834006,0.0,,1.0
XGBoost_single_with_coords,spatial,True,Eulamprus murrayi,19,2,1.0,0.03,3,300,0.8,103,1,0.056528704327930064,0.5,0.009708737864077669,0.009637876758550573,0.0,0.0,1.0
XGBoost_single_with_coords,spatial,True,Eulamprus murrayi,19,3,1.0,0.03,3,300,0.8,103,1,0.056591811669012795,0.5,0.009708737864077669,0.009638484704338495,0.0,0.0,1.0
XGBoost_single_with_coords,spatial,True,Eulamprus murrayi,19,4,1.0,0.03,3,300,0.8,102,0,0.006972747280376416,,,0.0001260834995588197,0.0,,1.0
XGBoost_single_with_coords,spatial,True,Eulamprus murrayi,19,5,1.0,0.03,3,300,0.8,103,1,0.0563709167011623,0.5,0.009708737864077669,0.009636321651184538,0.0,0.0,1.0
XGBoost_single_with_coords,spatial,True,Eulamprus murrayi,20,1,1.0,0.03,3,300,1.0,102,0,0.007440359301314904,,,0.0001459437441236662,0.0,,1.0
XGBoost_single_with_coords,spatial,True,Eulamprus murrayi,20,2,1.0,0.03,3,300,1.0,103,1,0.05652221823961461,0.5,0.009708737864077669,0.009637813830142714,0.0,0.0,1.0
XGBoost_single_with_coords,spatial,True,Eulamprus murrayi,20,3,1.0,0.03,3,300,1.0,103,1,0.056522218239614605,0.5,0.009708737864077669,0.009637813830142712,0.0,0.0,1.0
XGBoost_single_with_coords,spatial,True,Eulamprus murrayi,20,4,1.0,0.03,3,300,1.0,102,0,0.007439293917206581,,,0.00014149780713166687,0.0,,1.0
XGBoost_single_with_coords,spatial,True,Eulamprus murrayi,20,5,1.0,0.03,3,300,1.0,103,1,0.05652221823961462,0.5,0.009708737864077669,0.009637813830142715,0.0,0.0,1.0
XGBoost_single_with_coords,spatial,True,Eulamprus murrayi,21,1,1.0,0.03,5,100,0.8,102,0,0.007087447152607398,,,6.472122796227496e-05,0.0,,1.0
XGBoost_single_with_coords,spatial,True,Eulamprus murrayi,21,2,1.0,0.03,5,100,0.8,103,1,0.05658576182161944,0.5,0.009708737864077669,0.009638426760070512,0.0,0.0,1.0
XGBoost_single_with_coords,spatial,True,Eulamprus murrayi,21,3,1.0,0.03,5,100,0.8,103,1,0.05641788390734166,0.5,0.009708737864077669,0.009636789909272933,0.0,0.0,1.0
XGBoost_single_with_coords,spatial,True,Eulamprus murrayi,21,4,1.0,0.03,5,100,0.8,102,0,0.007617309852918162,,,7.283312010299699e-05,0.0,,1.0
XGBoost_single_with_coords,spatial,True,Eulamprus murrayi,21,5,1.0,0.03,5,100,0.8,103,1,0.05671968089917314,0.5,0.009708737864077669,0.009639693107193465,0.0,0.0,1.0
XGBoost_single_with_coords,spatial,True,Eulamprus murrayi,22,1,1.0,0.03,5,100,1.0,102,0,0.006901659813020026,,,6.496013640526225e-05,0.0,,1.0
XGBoost_single_with_coords,spatial,True,Eulamprus murrayi,22,2,1.0,0.03,5,100,1.0,103,1,0.05652221823961461,0.5,0.009708737864077669,0.009637813830142714,0.0,0.0,1.0
XGBoost_single_with_coords,spatial,True,Eulamprus murrayi,22,3,1.0,0.03,5,100,1.0,103,1,0.056522218239614605,0.5,0.009708737864077669,0.009637813830142712,0.0,0.0,1.0
XGBoost_single_with_coords,spatial,True,Eulamprus murrayi,22,4,1.0,0.03,5,100,1.0,102,0,0.008022236878720272,,,9.89807380619568e-05,0.0,,1.0
XGBoost_single_with_coords,spatial,True,Eulamprus murrayi,22,5,1.0,0.03,5,100,1.0,103,1,0.05652221823961462,0.5,0.009708737864077669,0.009637813830142715,0.0,0.0,1.0
XGBoost_single_with_coords,spatial,True,Eulamprus murrayi,23,1,1.0,0.03,5,300,0.8,102,0,0.007819061783167412,,,0.00019745020569834006,0.0,,1.0
XGBoost_single_with_coords,spatial,True,Eulamprus murrayi,23,2,1.0,0.03,5,300,0.8,103,1,0.056528704327930064,0.5,0.009708737864077669,0.009637876758550573,0.0,0.0,1.0
XGBoost_single_with_coords,spatial,True,Eulamprus murrayi,23,3,1.0,0.03,5,300,0.8,103,1,0.056591811669012795,0.5,0.009708737864077669,0.009638484704338495,0.0,0.0,1.0
XGBoost_single_with_coords,spatial,True,Eulamprus murrayi,23,4,1.0,0.03,5,300,0.8,102,0,0.006972747280376416,,,0.0001260834995588197,0.0,,1.0
XGBoost_single_with_coords,spatial,True,Eulamprus murrayi,23,5,1.0,0.03,5,300,0.8,103,1,0.0563709167011623,0.5,0.009708737864077669,0.009636321651184538,0.0,0.0,1.0
XGBoost_single_with_coords,spatial,True,Eulamprus murrayi,24,1,1.0,0.03,5,300,1.0,102,0,0.007440359301314904,,,0.0001459437441236662,0.0,,1.0
XGBoost_single_with_coords,spatial,True,Eulamprus murrayi,24,2,1.0,0.03,5,300,1.0,103,1,0.05652221823961461,0.5,0.009708737864077669,0.009637813830142714,0.0,0.0,1.0
XGBoost_single_with_coords,spatial,True,Eulamprus murrayi,24,3,1.0,0.03,5,300,1.0,103,1,0.056522218239614605,0.5,0.009708737864077669,0.009637813830142712,0.0,0.0,1.0
XGBoost_single_with_coords,spatial,True,Eulamprus murrayi,24,4,1.0,0.03,5,300,1.0,102,0,0.007439293917206581,,,0.00014149780713166687,0.0,,1.0
XGBoost_single_with_coords,spatial,True,Eulamprus murrayi,24,5,1.0,0.03,5,300,1.0,103,1,0.05652221823961462,0.5,0.009708737864077669,0.009637813830142715,0.0,0.0,1.0
XGBoost_single_with_coords,spatial,True,Eulamprus murrayi,25,1,1.0,0.1,3,100,0.8,102,0,0.007576690658678266,,,0.00016195163062843534,0.0,,1.0
XGBoost_single_with_coords,spatial,True,Eulamprus murrayi,25,2,1.0,0.1,3,100,0.8,103,1,0.05638464390758655,0.5,0.009708737864077669,0.009636458989902588,0.0,0.0,1.0
XGBoost_single_with_coords,spatial,True,Eulamprus murrayi,25,3,1.0,0.1,3,100,0.8,103,1,0.05632138211059144,0.5,0.009708737864077669,0.009635822722008974,0.0,0.0,1.0
XGBoost_single_with_coords,spatial,True,Eulamprus murrayi,25,4,1.0,0.1,3,100,0.8,102,0,0.0075449656585575104,,,0.00013846999812747735,0.0,,1.0
XGBoost_single_with_coords,spatial,True,Eulamprus murrayi,25,5,1.0,0.1,3,100,0.8,103,1,0.05668069285105176,0.5,0.009708737864077669,0.009639327917004172,0.0,0.0,1.0
XGBoost_single_with_coords,spatial,True,Eulamprus murrayi,26,1,1.0,0.1,3,100,1.0,102,0,0.00746192679720161,,,0.000164166681950039,0.0,,1.0
XGBoost_single_with_coords,spatial,True,Eulamprus murrayi,26,2,1.0,0.1,3,100,1.0,103,1,0.05652221823961461,0.5,0.009708737864077669,0.009637813830142714,0.0,0.0,1.0
XGBoost_single_with_coords,spatial,True,Eulamprus murrayi,26,3,1.0,0.1,3,100,1.0,103,1,0.056522218239614605,0.5,0.009708737864077669,0.009637813830142712,0.0,0.0,1.0
XGBoost_single_with_coords,spatial,True,Eulamprus murrayi,26,4,1.0,0.1,3,100,1.0,102,0,0.007533864746611747,,,0.00015750234760903253,0.0,,1.0
XGBoost_single_with_coords,spatial,True,Eulamprus murrayi,26,5,1.0,0.1,3,100,1.0,103,1,0.05652221823961462,0.5,0.009708737864077669,0.009637813830142715,0.0,0.0,1.0
XGBoost_single_with_coords,spatial,True,Eulamprus murrayi,27,1,1.0,0.1,3,300,0.8,102,0,0.010045931648509837,,,0.0006008260717698314,0.0,,1.0
XGBoost_single_with_coords,spatial,True,Eulamprus murrayi,27,2,1.0,0.1,3,300,0.8,103,1,0.056347630558406143,0.5,0.009708737864077669,0.009636087760837872,0.0,0.0,1.0
XGBoost_single_with_coords,spatial,True,Eulamprus murrayi,27,3,1.0,0.1,3,300,0.8,103,1,0.05653984218025989,0.5,0.009708737864077669,0.009637984623961345,0.0,0.0,1.0
XGBoost_single_with_coords,spatial,True,Eulamprus murrayi,27,4,1.0,0.1,3,300,0.8,102,0,0.005664781672588746,,,9.775923268368628e-05,0.0,,1.0
XGBoost_single_with_coords,spatial,True,Eulamprus murrayi,27,5,1.0,0.1,3,300,0.8,103,1,0.056397853666868586,0.5,0.009708737864077669,0.009636590776295867,0.0,0.0,1.0
XGBoost_single_with_coords,spatial,True,Eulamprus murrayi,28,1,1.0,0.1,3,300,1.0,102,0,0.007843080538983522,,,0.00029270971217985496,0.0,,1.0
XGBoost_single_with_coords,spatial,True,Eulamprus murrayi,28,2,1.0,0.1,3,300,1.0,103,1,0.05652221823961461,0.5,0.009708737864077669,0.009637813830142714,0.0,0.0,1.0
XGBoost_single_with_coords,spatial,True,Eulamprus murrayi,28,3,1.0,0.1,3,300,1.0,103,1,0.056522218239614605,0.5,0.009708737864077669,0.009637813830142712,0.0,0.0,1.0
XGBoost_single_with_coords,spatial,True,Eulamprus murrayi,28,4,1.0,0.1,3,300,1.0,102,0,0.006202999921928823,,,0.00012087075575872345,0.0,,1.0
XGBoost_single_with_coords,spatial,True,Eulamprus murrayi,28,5,1.0,0.1,3,300,1.0,103,1,0.05652221823961462,0.5,0.009708737864077669,0.009637813830142715,0.0,0.0,1.0
XGBoost_single_with_coords,spatial,True,Eulamprus murrayi,29,1,1.0,0.1,5,100,0.8,102,0,0.007576690658678266,,,0.00016195163062843534,0.0,,1.0
XGBoost_single_with_coords,spatial,True,Eulamprus murrayi,29,2,1.0,0.1,5,100,0.8,103,1,0.05638464390758655,0.5,0.009708737864077669,0.009636458989902588,0.0,0.0,1.0
XGBoost_single_with_coords,spatial,True,Eulamprus murrayi,29,3,1.0,0.1,5,100,0.8,103,1,0.05632138211059144,0.5,0.009708737864077669,0.009635822722008974,0.0,0.0,1.0
XGBoost_single_with_coords,spatial,True,Eulamprus murrayi,29,4,1.0,0.1,5,100,0.8,102,0,0.0075449656585575104,,,0.00013846999812747735,0.0,,1.0
XGBoost_single_with_coords,spatial,True,Eulamprus murrayi,29,5,1.0,0.1,5,100,0.8,103,1,0.05668069285105176,0.5,0.009708737864077669,0.009639327917004172,0.0,0.0,1.0
XGBoost_single_with_coords,spatial,True,Eulamprus murrayi,30,1,1.0,0.1,5,100,1.0,102,0,0.00746192679720161,,,0.000164166681950039,0.0,,1.0
XGBoost_single_with_coords,spatial,True,Eulamprus murrayi,30,2,1.0,0.1,5,100,1.0,103,1,0.05652221823961461,0.5,0.009708737864077669,0.009637813830142714,0.0,0.0,1.0
XGBoost_single_with_coords,spatial,True,Eulamprus murrayi,30,3,1.0,0.1,5,100,1.0,103,1,0.056522218239614605,0.5,0.009708737864077669,0.009637813830142712,0.0,0.0,1.0
XGBoost_single_with_coords,spatial,True,Eulamprus murrayi,30,4,1.0,0.1,5,100,1.0,102,0,0.007533864746611747,,,0.00015750234760903253,0.0,,1.0
XGBoost_single_with_coords,spatial,True,Eulamprus murrayi,30,5,1.0,0.1,5,100,1.0,103,1,0.05652221823961462,0.5,0.009708737864077669,0.009637813830142715,0.0,0.0,1.0
XGBoost_single_with_coords,spatial,True,Eulamprus murrayi,31,1,1.0,0.1,5,300,0.8,102,0,0.010045931648509837,,,0.0006008260717698314,0.0,,1.0
XGBoost_single_with_coords,spatial,True,Eulamprus murrayi,31,2,1.0,0.1,5,300,0.8,103,1,0.056347630558406143,0.5,0.009708737864077669,0.009636087760837872,0.0,0.0,1.0
XGBoost_single_with_coords,spatial,True,Eulamprus murrayi,31,3,1.0,0.1,5,300,0.8,103,1,0.05653984218025989,0.5,0.009708737864077669,0.009637984623961345,0.0,0.0,1.0
XGBoost_single_with_coords,spatial,True,Eulamprus murrayi,31,4,1.0,0.1,5,300,0.8,102,0,0.005664781672588746,,,9.775923268368628e-05,0.0,,1.0
XGBoost_single_with_coords,spatial,True,Eulamprus murrayi,31,5,1.0,0.1,5,300,0.8,103,1,0.056397853666868586,0.5,0.009708737864077669,0.009636590776295867,0.0,0.0,1.0
XGBoost_single_with_coords,spatial,True,Eulamprus murrayi,32,1,1.0,0.1,5,300,1.0,102,0,0.007843080538983522,,,0.00029270971217985496,0.0,,1.0
XGBoost_single_with_coords,spatial,True,Eulamprus murrayi,32,2,1.0,0.1,5,300,1.0,103,1,0.05652221823961461,0.5,0.009708737864077669,0.009637813830142714,0.0,0.0,1.0
XGBoost_single_with_coords,spatial,True,Eulamprus murrayi,32,3,1.0,0.1,5,300,1.0,103,1,0.056522218239614605,0.5,0.009708737864077669,0.009637813830142712,0.0,0.0,1.0
XGBoost_single_with_coords,spatial,True,Eulamprus murrayi,32,4,1.0,0.1,5,300,1.0,102,0,0.006202999921928823,,,0.00012087075575872345,0.0,,1.0
XGBoost_single_with_coords,spatial,True,Eulamprus murrayi,32,5,1.0,0.1,5,300,1.0,103,1,0.05652221823961462,0.5,0.009708737864077669,0.009637813830142715,0.0,0.0,1.0
XGBoost_single_with_coords,spatial,True,Ophioscincus truncatus,1,1,0.8,0.03,3,100,0.8,103,20,0.3623850535668448,0.8379518072289156,0.6487964332171128,0.11106950441884315,0.4,0.25,1.0
XGBoost_single_with_coords,spatial,True,Ophioscincus truncatus,1,2,0.8,0.03,3,100,0.8,102,20,0.4481945311525467,0.7006097560975609,0.46554715433945515,0.1392419671596626,0.25,0.15,0.9878048780487805
XGBoost_single_with_coords,spatial,True,Ophioscincus truncatus,1,3,0.8,0.03,3,100,0.8,102,20,0.35764162493697893,0.850609756097561,0.6324093378690043,0.10807184389446904,0.625,0.5,0.975609756097561
XGBoost_single_with_coords,spatial,True,Ophioscincus truncatus,1,4,0.8,0.03,3,100,0.8,102,20,0.42835067444297364,0.7823170731707317,0.4660010073680122,0.13939277427153407,0.25806451612903225,0.2,0.9146341463414634
XGBoost_single_with_coords,spatial,True,Ophioscincus truncatus,1,5,0.8,0.03,3,100,0.8,104,21,0.4385007755678927,0.7567412507171543,0.4643243546860218,0.1429699271123418,0.21428571428571427,0.14285714285714285,0.9518072289156626
XGBoost_single_with_coords,spatial,True,Ophioscincus truncatus,2,1,0.8,0.03,3,100,1.0,103,20,0.3604015473204851,0.847289156626506,0.6692315519437987,0.11075098042805509,0.4,0.25,1.0
XGBoost_single_with_coords,spatial,True,Ophioscincus truncatus,2,2,0.8,0.03,3,100,1.0,102,20,0.44301966137525745,0.7,0.47374052114005283,0.1376881910944695,0.17391304347826086,0.1,0.9878048780487805
XGBoost_single_with_coords,spatial,True,Ophioscincus truncatus,2,3,0.8,0.03,3,100,1.0,102,20,0.35851651867654066,0.8591463414634146,0.6235896964156209,0.10824708446504817,0.5625,0.45,0.9634146341463414
XGBoost_single_with_coords,spatial,True,Ophioscincus truncatus,2,4,0.8,0.03,3,100,1.0,102,20,0.4243672366517114,0.7710365853658536,0.4601700562006621,0.13789540916872095,0.27586206896551724,0.2,0.9390243902439024
XGBoost_single_with_coords,spatial,True,Ophioscincus truncatus,2,5,0.8,0.03,3,100,1.0,104,21,0.43504143786766813,0.7535857716580608,0.4482818131861793,0.1425377146502444,0.21428571428571427,0.14285714285714285,0.9518072289156626
XGBoost_single_with_coords,spatial,True,Ophioscincus truncatus,3,1,0.8,0.03,3,300,0.8,103,20,0.34719618412142456,0.836144578313253,0.6685194185958572,0.1048566913409416,0.5161290322580645,0.4,0.963855421686747
XGBoost_single_with_coords,spatial,True,Ophioscincus truncatus,3,2,0.8,0.03,3,300,0.8,102,20,0.46289584125785,0.7292682926829268,0.4702394667274494,0.13830280800634318,0.35714285714285715,0.25,0.9634146341463414
XGBoost_single_with_coords,spatial,True,Ophioscincus truncatus,3,3,0.8,0.03,3,300,0.8,102,20,0.3489574361466547,0.8560975609756097,0.6514346315449256,0.10544765616003293,0.6285714285714286,0.55,0.9512195121951219
XGBoost_single_with_coords,spatial,True,Ophioscincus truncatus,3,4,0.8,0.03,3,300,0.8,102,20,0.46355850601780746,0.7609756097560976,0.4432901215861538,0.1475585571890705,0.36363636363636365,0.3,0.9146341463414634
XGBoost_single_with_coords,spatial,True,Ophioscincus truncatus,3,5,0.8,0.03,3,300,0.8,104,21,0.45397452681556555,0.7567412507171543,0.47711985915028,0.14860791731537776,0.3225806451612903,0.23809523809523808,0.9397590361445783
XGBoost_single_with_coords,spatial,True,Ophioscincus truncatus,4,1,0.8,0.03,3,300,1.0,103,20,0.37462064460106126,0.8021084337349398,0.6129476349254619,0.11417616339925322,0.4827586206896552,0.35,0.9759036144578314
XGBoost_single_with_coords,spatial,True,Ophioscincus truncatus,4,2,0.8,0.03,3,300,1.0,102,20,0.4767664879443958,0.7189024390243902,0.4808474659198626,0.14264868316461618,0.2962962962962963,0.2,0.9634146341463414
XGBoost_single_with_coords,spatial,True,Ophioscincus truncatus,4,3,0.8,0.03,3,300,1.0,102,20,0.33864064482870754,0.8707317073170732,0.6614261160828091,0.1029808243678406,0.6060606060606061,0.5,0.9634146341463414
XGBoost_single_with_coords,spatial,True,Ophioscincus truncatus,4,4,0.8,0.03,3,300,1.0,102,20,0.4508471379973218,0.7603658536585366,0.4343585924754377,0.14608859170807173,0.26666666666666666,0.2,0.926829268292683
XGBoost_single_with_coords,spatial,True,Ophioscincus truncatus,4,5,0.8,0.03,3,300,1.0,104,21,0.4461337266127968,0.7670682730923695,0.46057653526836856,0.1473110331973803,0.26666666666666666,0.19047619047619047,0.9397590361445783
XGBoost_single_with_coords,spatial,True,Ophioscincus truncatus,5,1,0.8,0.03,5,100,0.8,103,20,0.36409831552584015,0.8216867469879517,0.6409865682575635,0.11099381672314995,0.4827586206896552,0.35,0.9759036144578314
XGBoost_single_with_coords,spatial,True,Ophioscincus truncatus,5,2,0.8,0.03,5,100,0.8,102,20,0.45147375240749804,0.7073170731707317,0.47029476912571244,0.13806618945867363,0.23076923076923078,0.15,0.9634146341463414
XGBoost_single_with_coords,spatial,True,Ophioscincus truncatus,5,3,0.8,0.03,5,100,0.8,102,20,0.35990903302450467,0.8463414634146342,0.625136887566593,0.11045930786560909,0.5882352941176471,0.5,0.9512195121951219
XGBoost_single_with_coords,spatial,True,Ophioscincus truncatus,5,4,0.8,0.03,5,100,0.8,102,20,0.4399789511298438,0.7597560975609756,0.40032562179125947,0.14338183985829936,0.25,0.2,0.9024390243902439
XGBoost_single_with_coords,spatial,True,Ophioscincus truncatus,5,5,0.8,0.03,5,100,0.8,104,21,0.4355512590512506,0.7607573149741824,0.46499289195743504,0.14283433812547147,0.21428571428571427,0.14285714285714285,0.9518072289156626
XGBoost_single_with_coords,spatial,True,Ophioscincus truncatus,6,1,0.8,0.03,5,100,1.0,103,20,0.37198032614616144,0.8162650602409638,0.6037451298215701,0.11541084891410194,0.45161290322580644,0.35,0.9518072289156626
XGBoost_single_with_coords,spatial,True,Ophioscincus truncatus,6,2,0.8,0.03,5,100,1.0,102,20,0.45463138394534564,0.7189024390243902,0.4938238369120893,0.1390289424902215,0.2962962962962963,0.2,0.9634146341463414
XGBoost_single_with_coords,spatial,True,Ophioscincus truncatus,6,3,0.8,0.03,5,100,1.0,102,20,0.3431366444372611,0.8560975609756097,0.6470825191136654,0.10277023875482998,0.6060606060606061,0.5,0.9634146341463414
XGBoost_single_with_coords,spatial,True,Ophioscincus truncatus,6,4,0.8,0.03,5,100,1.0,102,20,0.43755097737833565,0.7621951219512195,0.43136601634943855,0.1438668948985016,0.26666666666666666,0.2,0.926829268292683
XGBoost_single_with_coords,spatial,True,Ophioscincus truncatus,6,5,0.8,0.03,5,100,1.0,104,21,0.4355596480816163,0.7653471026965003,0.4934426096673378,0.14099138462186375,0.3125,0.23809523809523808,0.927710843373494
XGBoost_single_with_coords,spatial,True,Ophioscincus truncatus,7,1,0.8,0.03,5,300,0.8,103,20,0.37015241304222424,0.822289156626506,0.6614586562010942,0.1081211854402035,0.5625,0.45,0.963855421686747
XGBoost_single_with_coords,spatial,True,Ophioscincus truncatus,7,2,0.8,0.03,5,300,0.8,102,20,0.4941155877114694,0.7365853658536585,0.47414567025351373,0.14208290947643953,0.3870967741935484,0.3,0.9390243902439024
XGBoost_single_with_coords,spatial,True,Ophioscincus truncatus,7,3,0.8,0.03,5,300,0.8,102,20,0.3762498295843034,0.8451219512195123,0.6203264655355235,0.1131860165412482,0.5555555555555556,0.5,0.926829268292683
XGBoost_single_with_coords,spatial,True,Ophioscincus truncatus,7,4,0.8,0.03,5,300,0.8,102,20,0.5063790571668136,0.7548780487804878,0.3977197202135353,0.15621280698188936,0.29411764705882354,0.25,0.8902439024390244
XGBoost_single_with_coords,spatial,True,Ophioscincus truncatus,7,5,0.8,0.03,5,300,0.8,104,21,0.4880103882288252,0.7532989099254159,0.44264645701530525,0.15590982073061402,0.30303030303030304,0.23809523809523808,0.9156626506024096
XGBoost_single_with_coords,spatial,True,Ophioscincus truncatus,8,1,0.8,0.03,5,300,1.0,103,20,0.39325000998439325,0.8114457831325301,0.622576663854705,0.11781412121351072,0.5,0.4,0.9518072289156626
XGBoost_single_with_coords,spatial,True,Ophioscincus truncatus,8,2,0.8,0.03,5,300,1.0,102,20,0.5028292564339766,0.7164634146341463,0.45295837622371665,0.1456189822517031,0.3870967741935484,0.3,0.9390243902439024
XGBoost_single_with_coords,spatial,True,Ophioscincus truncatus,8,3,0.8,0.03,5,300,1.0,102,20,0.35730020527677536,0.8548780487804878,0.6419325426959707,0.10748442603139084,0.5882352941176471,0.5,0.9512195121951219
XGBoost_single_with_coords,spatial,True,Ophioscincus truncatus,8,4,0.8,0.03,5,300,1.0,102,20,0.5217399679625433,0.7420731707317073,0.40989542736592643,0.16433856765519023,0.29411764705882354,0.25,0.8902439024390244
XGBoost_single_with_coords,spatial,True,Ophioscincus truncatus,8,5,0.8,0.03,5,300,1.0,104,21,0.4912943793322742,0.7555938037865748,0.464247405814319,0.15764140741595634,0.3333333333333333,0.2857142857142857,0.891566265060241
XGBoost_single_with_coords,spatial,True,Ophioscincus truncatus,9,1,0.8,0.1,3,100,0.8,103,20,0.3676620849010573,0.830722891566265,0.6511617200596693,0.11123815276317978,0.5161290322580645,0.4,0.963855421686747
XGBoost_single_with_coords,spatial,True,Ophioscincus truncatus,9,2,0.8,0.1,3,100,0.8,102,20,0.48339430111691706,0.7121951219512195,0.4692723129203064,0.14123102939073776,0.3448275862068966,0.25,0.9512195121951219
XGBoost_single_with_coords,spatial,True,Ophioscincus truncatus,9,3,0.8,0.1,3,100,0.8,102,20,0.35117803786633417,0.8585365853658538,0.6447264872808351,0.10638540379297061,0.5405405405405406,0.5,0.9146341463414634
XGBoost_single_with_coords,spatial,True,Ophioscincus truncatus,9,4,0.8,0.1,3,100,0.8,102,20,0.48017201545023347,0.7591463414634145,0.40454070430759526,0.1517955953189665,0.42105263157894735,0.4,0.8780487804878049
XGBoost_single_with_coords,spatial,True,Ophioscincus truncatus,9,5,0.8,0.1,3,100,0.8,104,21,0.4635078150888319,0.7590361445783133,0.4674933445266056,0.14991357069406153,0.375,0.2857142857142857,0.9397590361445783
XGBoost_single_with_coords,spatial,True,Ophioscincus truncatus,10,1,0.8,0.1,3,100,1.0,103,20,0.38105863183824273,0.7933734939759036,0.5941433973382029,0.11546751394091337,0.4666666666666667,0.35,0.963855421686747
XGBoost_single_with_coords,spatial,True,Ophioscincus truncatus,10,2,0.8,0.1,3,100,1.0,102,20,0.4827813888776021,0.7176829268292683,0.46054966048807844,0.14470412917357445,0.3448275862068966,0.25,0.9512195121951219
XGBoost_single_with_coords,spatial,True,Ophioscincus truncatus,10,3,0.8,0.1,3,100,1.0,102,20,0.3576183057566735,0.8594512195121952,0.6409662165222264,0.10806418118087995,0.5714285714285714,0.5,0.9390243902439024
XGBoost_single_with_coords,spatial,True,Ophioscincus truncatus,10,4,0.8,0.1,3,100,1.0,102,20,0.4624226150113036,0.7469512195121951,0.40997534611938996,0.15024019023894056,0.30303030303030304,0.25,0.9024390243902439
XGBoost_single_with_coords,spatial,True,Ophioscincus truncatus,10,5,0.8,0.1,3,100,1.0,104,21,0.4494090212588087,0.7682157200229489,0.4654761432078125,0.1473281614741057,0.2,0.14285714285714285,0.927710843373494
XGBoost_single_with_coords,spatial,True,Ophioscincus truncatus,11,1,0.8,0.1,3,300,0.8,103,20,0.40582716977930006,0.8295180722891565,0.65127983205989,0.11314768186959367,0.5945945945945946,0.55,0.927710843373494
XGBoost_single_with_coords,spatial,True,Ophioscincus truncatus,11,2,0.8,0.1,3,300,0.8,102,20,0.5784552012284099,0.7201219512195123,0.4675930522842344,0.15080096502107612,0.3333333333333333,0.25,0.9390243902439024
XGBoost_single_with_coords,spatial,True,Ophioscincus truncatus,11,3,0.8,0.1,3,300,0.8,102,20,0.427415957260379,0.8201219512195123,0.5794054253662098,0.1239584440069375,0.5128205128205128,0.5,0.8902439024390244
XGBoost_single_with_coords,spatial,True,Ophioscincus truncatus,11,4,0.8,0.1,3,300,0.8,102,20,0.5784350922260069,0.7585365853658537,0.4437435954512639,0.1588421548794721,0.43243243243243246,0.4,0.8902439024390244
XGBoost_single_with_coords,spatial,True,Ophioscincus truncatus,11,5,0.8,0.1,3,300,0.8,104,21,0.5727747238186909,0.7269076305220884,0.4342101534634772,0.16592243965992493,0.4,0.3333333333333333,0.9156626506024096
XGBoost_single_with_coords,spatial,True,Ophioscincus truncatus,12,1,0.8,0.1,3,300,1.0,103,20,0.4276138824581325,0.808433734939759,0.6228092797027729,0.12364029710803599,0.5294117647058824,0.45,0.9397590361445783
XGBoost_single_with_coords,spatial,True,Ophioscincus truncatus,12,2,0.8,0.1,3,300,1.0,102,20,0.5474371171191161,0.7182926829268294,0.42366133631137187,0.15282524431667133,0.3333333333333333,0.25,0.9390243902439024
XGBoost_single_with_coords,spatial,True,Ophioscincus truncatus,12,3,0.8,0.1,3,300,1.0,102,20,0.4337472997980784,0.8164634146341464,0.5639205181556696,0.12386233200402541,0.5555555555555556,0.5,0.926829268292683
XGBoost_single_with_coords,spatial,True,Ophioscincus truncatus,12,4,0.8,0.1,3,300,1.0,102,20,0.5901162639081812,0.724390243902439,0.3769715150975068,0.1676966448693105,0.3783783783783784,0.35,0.8780487804878049
XGBoost_single_with_coords,spatial,True,Ophioscincus truncatus,12,5,0.8,0.1,3,300,1.0,104,21,0.5138386417551389,0.7624784853700517,0.45041279991473127,0.1581093565399034,0.36363636363636365,0.2857142857142857,0.927710843373494
XGBoost_single_with_coords,spatial,True,Ophioscincus truncatus,13,1,0.8,0.1,5,100,0.8,103,20,0.39527411106325877,0.8210843373493976,0.6452341378748603,0.11612117637984062,0.5454545454545454,0.45,0.9518072289156626
XGBoost_single_with_coords,spatial,True,Ophioscincus truncatus,13,2,0.8,0.1,5,100,0.8,102,20,0.4973657294926053,0.7439024390243902,0.5052489980306418,0.14197238055769365,0.41379310344827586,0.3,0.9634146341463414
XGBoost_single_with_coords,spatial,True,Ophioscincus truncatus,13,3,0.8,0.1,5,100,0.8,102,20,0.3845368635263469,0.8371951219512196,0.6284418339123405,0.11066239093124608,0.6285714285714286,0.55,0.9512195121951219
XGBoost_single_with_coords,spatial,True,Ophioscincus truncatus,13,4,0.8,0.1,5,100,0.8,102,20,0.5135501859428769,0.7609756097560976,0.40690495675877825,0.15522158710931236,0.3888888888888889,0.35,0.8902439024390244
XGBoost_single_with_coords,spatial,True,Ophioscincus truncatus,13,5,0.8,0.1,5,100,0.8,104,21,0.48169459793132297,0.7607573149741824,0.4786698761691728,0.15244756199870776,0.4444444444444444,0.38095238095238093,0.9156626506024096
XGBoost_single_with_coords,spatial,True,Ophioscincus truncatus,14,1,0.8,0.1,5,100,1.0,103,20,0.39367245921294963,0.8108433734939758,0.6331478900192862,0.11446039751188783,0.45161290322580644,0.35,0.9518072289156626
XGBoost_single_with_coords,spatial,True,Ophioscincus truncatus,14,2,0.8,0.1,5,100,1.0,102,20,0.5274991970030865,0.7060975609756098,0.41937405396527955,0.1523362224453174,0.3333333333333333,0.25,0.9390243902439024
XGBoost_single_with_coords,spatial,True,Ophioscincus truncatus,14,3,0.8,0.1,5,100,1.0,102,20,0.384692154993007,0.8329268292682928,0.6020433232022215,0.11761513382828008,0.5714285714285714,0.5,0.9390243902439024
XGBoost_single_with_coords,spatial,True,Ophioscincus truncatus,14,4,0.8,0.1,5,100,1.0,102,20,0.5286952529354182,0.7384146341463413,0.39692937789443516,0.16259356455881846,0.3684210526315789,0.35,0.8658536585365854
XGBoost_single_with_coords,spatial,True,Ophioscincus truncatus,14,5,0.8,0.1,5,100,1.0,104,21,0.49995354356162564,0.7567412507171543,0.46012220398204123,0.15739650554604034,0.35294117647058826,0.2857142857142857,0.9156626506024096
XGBoost_single_with_coords,spatial,True,Ophioscincus truncatus,15,1,0.8,0.1,5,300,0.8,103,20,0.44336527714093915,0.8138554216867471,0.6420699689509901,0.11529755497840748,0.5555555555555556,0.5,0.927710843373494
XGBoost_single_with_coords,spatial,True,Ophioscincus truncatus,15,2,0.8,0.1,5,300,0.8,102,20,0.6184398863841791,0.7384146341463415,0.497420871032675,0.15511423904362384,0.3225806451612903,0.25,0.926829268292683
XGBoost_single_with_coords,spatial,True,Ophioscincus truncatus,15,3,0.8,0.1,5,300,0.8,102,20,0.4525412509859877,0.8298780487804878,0.6032233996662008,0.12345374648749036,0.5,0.45,0.9146341463414634
XGBoost_single_with_coords,spatial,True,Ophioscincus truncatus,15,4,0.8,0.1,5,300,0.8,102,20,0.631543913208525,0.751219512195122,0.3959561714888206,0.1677766262327474,0.43243243243243246,0.4,0.8902439024390244
XGBoost_single_with_coords,spatial,True,Ophioscincus truncatus,15,5,0.8,0.1,5,300,0.8,104,21,0.615646248984788,0.7469879518072289,0.44408226583498106,0.16612386768230533,0.4444444444444444,0.38095238095238093,0.9156626506024096
XGBoost_single_with_coords,spatial,True,Ophioscincus truncatus,16,1,0.8,0.1,5,300,1.0,103,20,0.45616063650634214,0.8078313253012049,0.6641381776067874,0.11296876205567684,0.6111111111111112,0.55,0.9397590361445783
XGBoost_single_with_coords,spatial,True,Ophioscincus truncatus,16,2,0.8,0.1,5,300,1.0,102,20,0.6587917214645022,0.7073170731707317,0.4083478095614256,0.16338637455027633,0.3225806451612903,0.25,0.926829268292683
XGBoost_single_with_coords,spatial,True,Ophioscincus truncatus,16,3,0.8,0.1,5,300,1.0,102,20,0.46642194532949116,0.822560975609756,0.5793067482280729,0.12847434254938772,0.5405405405405406,0.5,0.9146341463414634
XGBoost_single_with_coords,spatial,True,Ophioscincus truncatus,16,4,0.8,0.1,5,300,1.0,102,20,0.689212142981315,0.723170731707317,0.39600807096140206,0.17603114547872628,0.3333333333333333,0.3,0.8780487804878049
XGBoost_single_with_coords,spatial,True,Ophioscincus truncatus,16,5,0.8,0.1,5,300,1.0,104,21,0.6351443972538848,0.7372346528973034,0.42921740052879453,0.169296916218653,0.4117647058823529,0.3333333333333333,0.927710843373494
XGBoost_single_with_coords,spatial,True,Ophioscincus truncatus,17,1,1.0,0.03,3,100,0.8,103,20,0.35859476125185347,0.8337349397590361,0.6564831959382957,0.10967113063324153,0.4,0.25,1.0
XGBoost_single_with_coords,spatial,True,Ophioscincus truncatus,17,2,1.0,0.03,3,100,0.8,102,20,0.44753982735188574,0.7006097560975609,0.4661545725081567,0.13866276274347653,0.24,0.15,0.975609756097561
XGBoost_single_with_coords,spatial,True,Ophioscincus truncatus,17,3,1.0,0.03,3,100,0.8,102,20,0.3666249646440971,0.8353658536585367,0.6272822894905439,0.11188333496643803,0.6470588235294118,0.55,0.9634146341463414
XGBoost_single_with_coords,spatial,True,Ophioscincus truncatus,17,4,1.0,0.03,3,100,0.8,102,20,0.4213320742632195,0.7859756097560976,0.4822124819758063,0.13765908328032378,0.25,0.2,0.9024390243902439
XGBoost_single_with_coords,spatial,True,Ophioscincus truncatus,17,5,1.0,0.03,3,100,0.8,104,21,0.44140537274384806,0.7492828456683878,0.4623356154771188,0.14410616295226525,0.21428571428571427,0.14285714285714285,0.9518072289156626
XGBoost_single_with_coords,spatial,True,Ophioscincus truncatus,18,1,1.0,0.03,3,100,1.0,103,20,0.37512752022492346,0.8072289156626505,0.6197037880333075,0.1151013626234391,0.4,0.25,1.0
XGBoost_single_with_coords,spatial,True,Ophioscincus truncatus,18,2,1.0,0.03,3,100,1.0,102,20,0.4458886717117046,0.7149390243902439,0.471868491358191,0.13810536000397955,0.32,0.2,0.9878048780487805
XGBoost_single_with_coords,spatial,True,Ophioscincus truncatus,18,3,1.0,0.03,3,100,1.0,102,20,0.35836246677306555,0.8478658536585366,0.5997659518813151,0.1088649449478806,0.5333333333333333,0.4,0.975609756097561
XGBoost_single_with_coords,spatial,True,Ophioscincus truncatus,18,4,1.0,0.03,3,100,1.0,102,20,0.4368956696207009,0.7579268292682927,0.44240166138874976,0.14273193985535973,0.3225806451612903,0.25,0.926829268292683
XGBoost_single_with_coords,spatial,True,Ophioscincus truncatus,18,5,1.0,0.03,3,100,1.0,104,21,0.4414907890258821,0.7621916236374068,0.44234626538700345,0.1457918819980231,0.20689655172413793,0.14285714285714285,0.9397590361445783
XGBoost_single_with_coords,spatial,True,Ophioscincus truncatus,19,1,1.0,0.03,3,300,0.8,103,20,0.34959743257994796,0.8439759036144578,0.6702681679933364,0.10605222166058366,0.5,0.4,0.9518072289156626
XGBoost_single_with_coords,spatial,True,Ophioscincus truncatus,19,2,1.0,0.03,3,300,0.8,102,20,0.4653822779339849,0.7310975609756097,0.4486597450390094,0.13906877048040328,0.3448275862068966,0.25,0.9512195121951219
XGBoost_single_with_coords,spatial,True,Ophioscincus truncatus,19,3,1.0,0.03,3,300,0.8,102,20,0.37247687377622213,0.8317073170731708,0.6168757409280248,0.11360748668042064,0.6111111111111112,0.55,0.9390243902439024
XGBoost_single_with_coords,spatial,True,Ophioscincus truncatus,19,4,1.0,0.03,3,300,0.8,102,20,0.45400196403935583,0.7719512195121951,0.41971350816182407,0.14638824865647884,0.34285714285714286,0.3,0.8902439024390244
XGBoost_single_with_coords,spatial,True,Ophioscincus truncatus,19,5,1.0,0.03,3,300,0.8,104,21,0.45847873503366804,0.7521514629948365,0.46458657070677856,0.1509921674505751,0.3225806451612903,0.23809523809523808,0.9397590361445783
XGBoost_single_with_coords,spatial,True,Ophioscincus truncatus,20,1,1.0,0.03,3,300,1.0,103,20,0.3849498042964993,0.7903614457831326,0.5811864007452243,0.11789369119566184,0.4,0.3,0.9518072289156626
XGBoost_single_with_coords,spatial,True,Ophioscincus truncatus,20,2,1.0,0.03,3,300,1.0,102,20,0.4787934286538021,0.7097560975609756,0.42086650842533657,0.14406283780009432,0.3448275862068966,0.25,0.9512195121951219
XGBoost_single_with_coords,spatial,True,Ophioscincus truncatus,20,3,1.0,0.03,3,300,1.0,102,20,0.34078119415832864,0.8573170731707317,0.6169034909480594,0.10374992201922797,0.625,0.5,0.975609756097561
XGBoost_single_with_coords,spatial,True,Ophioscincus truncatus,20,4,1.0,0.03,3,300,1.0,102,20,0.46812719968805155,0.750609756097561,0.41521465346594727,0.15054615881941666,0.25,0.2,0.9024390243902439
XGBoost_single_with_coords,spatial,True,Ophioscincus truncatus,20,5,1.0,0.03,3,300,1.0,104,21,0.4500416952696131,0.7670682730923695,0.46019406007854824,0.14965727471553575,0.25,0.19047619047619047,0.9156626506024096
XGBoost_single_with_coords,spatial,True,Ophioscincus truncatus,21,1,1.0,0.03,5,100,0.8,103,20,0.362569618839845,0.8234939759036144,0.6425384542044006,0.1114327796586021,0.41379310344827586,0.3,0.963855421686747
XGBoost_single_with_coords,spatial,True,Ophioscincus truncatus,21,2,1.0,0.03,5,100,0.8,102,20,0.4626554216445008,0.6963414634146342,0.445050288545687,0.141711942641559,0.2857142857142857,0.2,0.9512195121951219
XGBoost_single_with_coords,spatial,True,Ophioscincus truncatus,21,3,1.0,0.03,5,100,0.8,102,20,0.35836713585100627,0.8408536585365853,0.6358160791747814,0.11001601944092208,0.5294117647058824,0.45,0.9390243902439024
XGBoost_single_with_coords,spatial,True,Ophioscincus truncatus,21,4,1.0,0.03,5,100,0.8,102,20,0.4350879686087771,0.7798780487804878,0.4443081535449252,0.14301967035835977,0.35294117647058826,0.3,0.9024390243902439
XGBoost_single_with_coords,spatial,True,Ophioscincus truncatus,21,5,1.0,0.03,5,100,0.8,104,21,0.45882926740123625,0.7349397590361446,0.4309739718622065,0.15054229057943633,0.25806451612903225,0.19047619047619047,0.927710843373494
XGBoost_single_with_coords,spatial,True,Ophioscincus truncatus,22,1,1.0,0.03,5,100,1.0,103,20,0.37369692503098295,0.8156626506024096,0.6168370987444121,0.11589878757612815,0.45161290322580644,0.35,0.9518072289156626
XGBoost_single_with_coords,spatial,True,Ophioscincus truncatus,22,2,1.0,0.03,5,100,1.0,102,20,0.4721956002631919,0.6810975609756097,0.4865304913392093,0.1414901071719968,0.37037037037037035,0.25,0.975609756097561
XGBoost_single_with_coords,spatial,True,Ophioscincus truncatus,22,3,1.0,0.03,5,100,1.0,102,20,0.3559765770657732,0.8408536585365854,0.6303389855486129,0.10626198864270134,0.6060606060606061,0.5,0.9634146341463414
XGBoost_single_with_coords,spatial,True,Ophioscincus truncatus,22,4,1.0,0.03,5,100,1.0,102,20,0.4575258949496417,0.7408536585365854,0.4144014866326075,0.1517722582619755,0.18181818181818182,0.15,0.8780487804878049
XGBoost_single_with_coords,spatial,True,Ophioscincus truncatus,22,5,1.0,0.03,5,100,1.0,104,21,0.45531498026656325,0.7613310384394721,0.4561464086687811,0.1490565332033111,0.25806451612903225,0.19047619047619047,0.927710843373494
XGBoost_single_with_coords,spatial,True,Ophioscincus truncatus,23,1,1.0,0.03,5,300,0.8,103,20,0.3746500800095494,0.8228915662650602,0.6634218155751781,0.10886561778856148,0.5454545454545454,0.45,0.9518072289156626
XGBoost_single_with_coords,spatial,True,Ophioscincus truncatus,23,2,1.0,0.03,5,300,0.8,102,20,0.502548815992309,0.7341463414634146,0.4663869540412339,0.1459867168010892,0.3333333333333333,0.25,0.9390243902439024
XGBoost_single_with_coords,spatial,True,Ophioscincus truncatus,23,3,1.0,0.03,5,300,0.8,102,20,0.37683618815009623,0.8512195121951219,0.6293242454375856,0.11295844292097683,0.6111111111111112,0.55,0.9390243902439024
XGBoost_single_with_coords,spatial,True,Ophioscincus truncatus,23,4,1.0,0.03,5,300,0.8,102,20,0.5051695760373351,0.7670731707317073,0.442251433505285,0.15530250906686213,0.4,0.35,0.9024390243902439
XGBoost_single_with_coords,spatial,True,Ophioscincus truncatus,23,5,1.0,0.03,5,300,0.8,104,21,0.5124666810240779,0.746414228341939,0.4338275381671042,0.16422261302061283,0.34285714285714286,0.2857142857142857,0.9036144578313253
XGBoost_single_with_coords,spatial,True,Ophioscincus truncatus,24,1,1.0,0.03,5,300,1.0,103,20,0.40072480564520846,0.8102409638554217,0.6211134404630738,0.12032612113835728,0.5,0.4,0.9518072289156626
XGBoost_single_with_coords,spatial,True,Ophioscincus truncatus,24,2,1.0,0.03,5,300,1.0,102,20,0.5034787908859862,0.7152439024390244,0.42595039977756183,0.14872709225405809,0.3333333333333333,0.25,0.9390243902439024
XGBoost_single_with_coords,spatial,True,Ophioscincus truncatus,24,3,1.0,0.03,5,300,1.0,102,20,0.3772371598975227,0.8384146341463414,0.6054516177461471,0.11263155416639292,0.5,0.45,0.9146341463414634
XGBoost_single_with_coords,spatial,True,Ophioscincus truncatus,24,4,1.0,0.03,5,300,1.0,102,20,0.5306190234664914,0.7225609756097561,0.3896246168866592,0.16608322536090672,0.24242424242424243,0.2,0.8902439024390244
XGBoost_single_with_coords,spatial,True,Ophioscincus truncatus,24,5,1.0,0.03,5,300,1.0,104,21,0.5096055116702052,0.7412507171543316,0.4175634810350436,0.1626545828690034,0.34285714285714286,0.2857142857142857,0.9036144578313253
XGBoost_single_with_coords,spatial,True,Ophioscincus truncatus,25,1,1.0,0.1,3,100,0.8,103,20,0.36071474478458704,0.8277108433734939,0.6587859491976362,0.10911203527385295,0.5454545454545454,0.45,0.9518072289156626
XGBoost_single_with_coords,spatial,True,Ophioscincus truncatus,25,2,1.0,0.1,3,100,0.8,102,20,0.4910814136056933,0.7164634146341463,0.4415849533312797,0.1433789327481309,0.3448275862068966,0.25,0.9512195121951219
XGBoost_single_with_coords,spatial,True,Ophioscincus truncatus,25,3,1.0,0.1,3,100,0.8,102,20,0.38077619813380076,0.8335365853658536,0.6182820501330732,0.11538461233723811,0.5641025641025641,0.55,0.9024390243902439
XGBoost_single_with_coords,spatial,True,Ophioscincus truncatus,25,4,1.0,0.1,3,100,0.8,102,20,0.48365970327529145,0.7652439024390244,0.435269113917603,0.153184255250559,0.43243243243243246,0.4,0.8902439024390244
XGBoost_single_with_coords,spatial,True,Ophioscincus truncatus,25,5,1.0,0.1,3,100,0.8,104,21,0.48759053633557975,0.7286288009179576,0.429341156498128,0.1589859991839525,0.34285714285714286,0.2857142857142857,0.9036144578313253
XGBoost_single_with_coords,spatial,True,Ophioscincus truncatus,26,1,1.0,0.1,3,100,1.0,103,20,0.3781821030123957,0.8051204819277108,0.6147870857469369,0.11535041057939117,0.4666666666666667,0.35,0.963855421686747
XGBoost_single_with_coords,spatial,True,Ophioscincus truncatus,26,2,1.0,0.1,3,100,1.0,102,20,0.4806381521263265,0.7216463414634147,0.4343795802515356,0.14223085299090144,0.2962962962962963,0.2,0.9634146341463414
XGBoost_single_with_coords,spatial,True,Ophioscincus truncatus,26,3,1.0,0.1,3,100,1.0,102,20,0.339583819048592,0.8591463414634146,0.628614336861557,0.10221569409173646,0.625,0.5,0.975609756097561
XGBoost_single_with_coords,spatial,True,Ophioscincus truncatus,26,4,1.0,0.1,3,100,1.0,102,20,0.4868254162217756,0.7402439024390244,0.4055196102136507,0.1517437980058237,0.35294117647058826,0.3,0.9024390243902439
XGBoost_single_with_coords,spatial,True,Ophioscincus truncatus,26,5,1.0,0.1,3,100,1.0,104,21,0.44689946196927816,0.7728055077452668,0.4519577591539362,0.14915177751431447,0.34285714285714286,0.2857142857142857,0.9036144578313253
XGBoost_single_with_coords,spatial,True,Ophioscincus truncatus,27,1,1.0,0.1,3,300,0.8,103,20,0.40225628136450353,0.8180722891566266,0.6722326735276576,0.10904367171564076,0.6060606060606061,0.5,0.963855421686747
XGBoost_single_with_coords,spatial,True,Ophioscincus truncatus,27,2,1.0,0.1,3,300,0.8,102,20,0.5815691859605607,0.7323170731707317,0.45753446712779156,0.15220667263393534,0.3870967741935484,0.3,0.9390243902439024
XGBoost_single_with_coords,spatial,True,Ophioscincus truncatus,27,3,1.0,0.1,3,300,0.8,102,20,0.4320670726199096,0.8189024390243903,0.5891436313464915,0.12332112685714086,0.5405405405405406,0.5,0.9146341463414634
XGBoost_single_with_coords,spatial,True,Ophioscincus truncatus,27,4,1.0,0.1,3,300,0.8,102,20,0.6145113631554281,0.7414634146341463,0.4079334013542553,0.17285299917825958,0.43243243243243246,0.4,0.8902439024390244
XGBoost_single_with_coords,spatial,True,Ophioscincus truncatus,27,5,1.0,0.1,3,300,0.8,104,21,0.621312638563001,0.7165806081468732,0.41974172804639276,0.1733459539285375,0.3684210526315789,0.3333333333333333,0.8795180722891566
XGBoost_single_with_coords,spatial,True,Ophioscincus truncatus,28,1,1.0,0.1,3,300,1.0,103,20,0.43102393850468823,0.8006024096385542,0.6080589897209092,0.12344346732494306,0.5142857142857142,0.45,0.927710843373494
XGBoost_single_with_coords,spatial,True,Ophioscincus truncatus,28,2,1.0,0.1,3,300,1.0,102,20,0.5577815017465784,0.7182926829268294,0.42977460136219786,0.15257700477912078,0.3333333333333333,0.25,0.9390243902439024
XGBoost_single_with_coords,spatial,True,Ophioscincus truncatus,28,3,1.0,0.1,3,300,1.0,102,20,0.41988046852703,0.8207317073170731,0.5719100951862713,0.12154276087826776,0.5789473684210527,0.55,0.9146341463414634
XGBoost_single_with_coords,spatial,True,Ophioscincus truncatus,28,4,1.0,0.1,3,300,1.0,102,20,0.6100329297898085,0.7201219512195122,0.39779116961469907,0.16614698115973298,0.42105263157894735,0.4,0.8780487804878049
XGBoost_single_with_coords,spatial,True,Ophioscincus truncatus,28,5,1.0,0.1,3,300,1.0,104,21,0.5366153533095126,0.7601835915088927,0.45035470580959475,0.16120580456736183,0.36363636363636365,0.2857142857142857,0.927710843373494
XGBoost_single_with_coords,spatial,True,Ophioscincus truncatus,29,1,1.0,0.1,5,100,0.8,103,20,0.40063196988030103,0.8054216867469879,0.6330588647358539,0.11461907050213559,0.5294117647058824,0.45,0.9397590361445783
XGBoost_single_with_coords,spatial,True,Ophioscincus truncatus,29,2,1.0,0.1,5,100,0.8,102,20,0.5302451500755492,0.7304878048780488,0.4473321960469708,0.14999148435923954,0.3870967741935484,0.3,0.9390243902439024
XGBoost_single_with_coords,spatial,True,Ophioscincus truncatus,29,3,1.0,0.1,5,100,0.8,102,20,0.3975676439069254,0.8390243902439024,0.6298138413380474,0.11773894816903474,0.631578947368421,0.6,0.926829268292683
XGBoost_single_with_coords,spatial,True,Ophioscincus truncatus,29,4,1.0,0.1,5,100,0.8,102,20,0.512713667160058,0.7646341463414634,0.44737702757154013,0.15703798853493223,0.4,0.35,0.9024390243902439
XGBoost_single_with_coords,spatial,True,Ophioscincus truncatus,29,5,1.0,0.1,5,100,0.8,104,21,0.5350259337845181,0.7211703958691911,0.4254131398264399,0.16596128970277385,0.35294117647058826,0.2857142857142857,0.9156626506024096
XGBoost_single_with_coords,spatial,True,Ophioscincus truncatus,30,1,1.0,0.1,5,100,1.0,103,20,0.40283873549952126,0.8144578313253013,0.6301560425246338,0.11971796234759398,0.5,0.4,0.9518072289156626
XGBoost_single_with_coords,spatial,True,Ophioscincus truncatus,30,2,1.0,0.1,5,100,1.0,102,20,0.52763977702702,0.7054878048780487,0.4312774134448422,0.14897486032422913,0.3870967741935484,0.3,0.9390243902439024
XGBoost_single_with_coords,spatial,True,Ophioscincus truncatus,30,3,1.0,0.1,5,100,1.0,102,20,0.3762252608107026,0.8384146341463414,0.5954741010832317,0.11255426561955473,0.5555555555555556,0.5,0.926829268292683
XGBoost_single_with_coords,spatial,True,Ophioscincus truncatus,30,4,1.0,0.1,5,100,1.0,102,20,0.5378473970577103,0.7347560975609755,0.4008088793950663,0.16527642874015247,0.3888888888888889,0.35,0.8902439024390244
XGBoost_single_with_coords,spatial,True,Ophioscincus truncatus,30,5,1.0,0.1,5,100,1.0,104,21,0.5423975599205162,0.7320711417096959,0.4230470490370595,0.17122870953391603,0.29411764705882354,0.23809523809523808,0.9036144578313253
XGBoost_single_with_coords,spatial,True,Ophioscincus truncatus,31,1,1.0,0.1,5,300,0.8,103,20,0.44553623958693256,0.8108433734939758,0.6642917587302797,0.11238191591520588,0.5789473684210527,0.55,0.9156626506024096
XGBoost_single_with_coords,spatial,True,Ophioscincus truncatus,31,2,1.0,0.1,5,300,0.8,102,20,0.6478926757253399,0.7359756097560977,0.4388133391367087,0.16121895502381958,0.375,0.3,0.926829268292683
XGBoost_single_with_coords,spatial,True,Ophioscincus truncatus,31,3,1.0,0.1,5,300,0.8,102,20,0.45601888212339725,0.8359756097560975,0.6120979635057597,0.12240262290752123,0.6,0.6,0.9024390243902439
XGBoost_single_with_coords,spatial,True,Ophioscincus truncatus,31,4,1.0,0.1,5,300,0.8,102,20,0.6487982712306009,0.7445121951219512,0.4151741257004415,0.17235074472666193,0.4117647058823529,0.35,0.9146341463414634
XGBoost_single_with_coords,spatial,True,Ophioscincus truncatus,31,5,1.0,0.1,5,300,0.8,104,21,0.6525394023833141,0.7263339070567986,0.4075638698574835,0.17697957204478929,0.3783783783783784,0.3333333333333333,0.891566265060241
XGBoost_single_with_coords,spatial,True,Ophioscincus truncatus,32,1,1.0,0.1,5,300,1.0,103,20,0.4686070838091863,0.808433734939759,0.6522691972264183,0.12063085693686923,0.5945945945945946,0.55,0.927710843373494
XGBoost_single_with_coords,spatial,True,Ophioscincus truncatus,32,2,1.0,0.1,5,300,1.0,102,20,0.6742605010018629,0.698170731707317,0.38603642618792794,0.1654749352798721,0.3333333333333333,0.25,0.9390243902439024
XGBoost_single_with_coords,spatial,True,Ophioscincus truncatus,32,3,1.0,0.1,5,300,1.0,102,20,0.4490327294753873,0.8317073170731707,0.6174771835915521,0.12004188081193794,0.5263157894736842,0.5,0.9024390243902439
XGBoost_single_with_coords,spatial,True,Ophioscincus truncatus,32,4,1.0,0.1,5,300,1.0,102,20,0.7141124266088617,0.7170731707317074,0.3946043362270815,0.18046876686600422,0.3783783783783784,0.35,0.8780487804878049
XGBoost_single_with_coords,spatial,True,Ophioscincus truncatus,32,5,1.0,0.1,5,300,1.0,104,21,0.6784514598543526,0.7251864601262192,0.4169582048034616,0.17826348718204013,0.4,0.3333333333333333,0.9156626506024096
XGBoost_single_with_coords,spatial,True,Pseudechis porphyricaus,1,1,0.8,0.03,3,100,0.8,103,2,0.07608538308222039,0.8465346534653465,0.28125,0.017189774451048183,0.0,0.0,1.0
XGBoost_single_with_coords,spatial,True,Pseudechis porphyricaus,1,2,0.8,0.03,3,100,0.8,102,2,0.11568828050413996,0.42500000000000004,0.03314393939393939,0.02241184660827054,0.0,0.0,1.0
XGBoost_single_with_coords,spatial,True,Pseudechis porphyricaus,1,3,0.8,0.03,3,100,0.8,102,2,0.0652343105809306,0.9900000000000001,0.5833333333333333,0.016850102461229727,0.0,0.0,1.0
XGBoost_single_with_coords,spatial,True,Pseudechis porphyricaus,1,4,0.8,0.03,3,100,0.8,103,3,0.10104245177618604,0.8733333333333334,0.43681917211328974,0.024972108939407926,0.0,0.0,1.0
XGBoost_single_with_coords,spatial,True,Pseudechis porphyricaus,1,5,0.8,0.03,3,100,0.8,103,3,0.11950529822222893,0.75,0.18115942028985504,0.02749663128523639,0.0,0.0,1.0
XGBoost_single_with_coords,spatial,True,Pseudechis porphyricaus,2,1,0.8,0.03,3,100,1.0,103,2,0.07011656742237452,0.905940594059406,0.5476190476190477,0.01626705319242659,0.0,0.0,1.0
XGBoost_single_with_coords,spatial,True,Pseudechis porphyricaus,2,2,0.8,0.03,3,100,1.0,102,2,0.12088499004696004,0.3825,0.02851851851851852,0.023752497699933324,0.0,0.0,0.99
XGBoost_single_with_coords,spatial,True,Pseudechis porphyricaus,2,3,0.8,0.03,3,100,1.0,102,2,0.06109634043333609,0.99,0.5833333333333333,0.016122493612010298,0.0,0.0,1.0
XGBoost_single_with_coords,spatial,True,Pseudechis porphyricaus,2,4,0.8,0.03,3,100,1.0,103,3,0.09180704575391743,0.91,0.7,0.023329861538361352,0.0,0.0,1.0
XGBoost_single_with_coords,spatial,True,Pseudechis porphyricaus,2,5,0.8,0.03,3,100,1.0,103,3,0.10799773334321854,0.7666666666666665,0.2591503267973856,0.0252085809967605,0.0,0.0,1.0
XGBoost_single_with_coords,spatial,True,Pseudechis porphyricaus,3,1,0.8,0.03,3,300,0.8,103,2,0.07045587642784941,0.896039603960396,0.29545454545454547,0.016672623074496563,0.0,0.0,1.0
XGBoost_single_with_coords,spatial,True,Pseudechis porphyricaus,3,2,0.8,0.03,3,300,0.8,102,2,0.12891405640610798,0.485,0.04064771976206213,0.024818711755028172,0.0,0.0,0.99
XGBoost_single_with_coords,spatial,True,Pseudechis porphyricaus,3,3,0.8,0.03,3,300,0.8,102,2,0.06055217549798726,0.99,0.5833333333333333,0.017132979810447927,0.0,0.0,1.0
XGBoost_single_with_coords,spatial,True,Pseudechis porphyricaus,3,4,0.8,0.03,3,300,0.8,103,3,0.1023311646140757,0.8733333333333333,0.5256410256410255,0.02411415858948803,0.0,0.0,1.0
XGBoost_single_with_coords,spatial,True,Pseudechis porphyricaus,3,5,0.8,0.03,3,300,0.8,103,3,0.11851192791354712,0.7466666666666666,0.2911111111111111,0.026521280724729004,0.0,0.0,0.99
XGBoost_single_with_coords,spatial,True,Pseudechis porphyricaus,4,1,0.8,0.03,3,300,1.0,103,2,0.06955567580722169,0.905940594059406,0.3,0.01677529515732519,0.0,0.0,1.0
XGBoost_single_with_coords,spatial,True,Pseudechis porphyricaus,4,2,0.8,0.03,3,300,1.0,102,2,0.13670132456177497,0.435,0.028735632183908046,0.025309986979323868,0.0,0.0,0.99
XGBoost_single_with_coords,spatial,True,Pseudechis porphyricaus,4,3,0.8,0.03,3,300,1.0,102,2,0.06849530358279207,0.9650000000000001,0.30952380952380953,0.018161443467739014,0.0,0.0,1.0
XGBoost_single_with_coords,spatial,True,Pseudechis porphyricaus,4,4,0.8,0.03,3,300,1.0,103,3,0.10654884924885166,0.8200000000000001,0.4633123689727463,0.024259121172829697,0.0,0.0,1.0
XGBoost_single_with_coords,spatial,True,Pseudechis porphyricaus,4,5,0.8,0.03,3,300,1.0,103,3,0.11347644370769316,0.7466666666666667,0.31333333333333335,0.024335566151801106,0.0,0.0,1.0
XGBoost_single_with_coords,spatial,True,Pseudechis porphyricaus,5,1,0.8,0.03,5,100,0.8,103,2,0.07655185909966915,0.8415841584158416,0.2803030303030303,0.01728047143049613,0.0,0.0,1.0
XGBoost_single_with_coords,spatial,True,Pseudechis porphyricaus,5,2,0.8,0.03,5,100,0.8,102,2,0.11563381088566964,0.41500000000000004,0.03293135435992579,0.022369062407514313,0.0,0.0,1.0
XGBoost_single_with_coords,spatial,True,Pseudechis porphyricaus,5,3,0.8,0.03,5,100,0.8,102,2,0.06553188938149486,0.9900000000000001,0.5833333333333333,0.01691550226569877,0.0,0.0,1.0
XGBoost_single_with_coords,spatial,True,Pseudechis porphyricaus,5,4,0.8,0.03,5,100,0.8,103,3,0.10080452571535495,0.8833333333333333,0.43966547192353644,0.02493891760433179,0.0,0.0,1.0
XGBoost_single_with_coords,spatial,True,Pseudechis porphyricaus,5,5,0.8,0.03,5,100,0.8,103,3,0.11955479749420772,0.75,0.18115942028985504,0.027482968911270528,0.0,0.0,1.0
XGBoost_single_with_coords,spatial,True,Pseudechis porphyricaus,6,1,0.8,0.03,5,100,1.0,103,2,0.07123434728664611,0.900990099009901,0.2976190476190476,0.01645620583033279,0.0,0.0,1.0
XGBoost_single_with_coords,spatial,True,Pseudechis porphyricaus,6,2,0.8,0.03,5,100,1.0,102,2,0.12237447386469746,0.34500000000000003,0.02542892156862745,0.023407582238870676,0.0,0.0,0.99
XGBoost_single_with_coords,spatial,True,Pseudechis porphyricaus,6,3,0.8,0.03,5,100,1.0,102,2,0.0608458461368862,0.99,0.5833333333333333,0.016254421237074913,0.0,0.0,1.0
XGBoost_single_with_coords,spatial,True,Pseudechis porphyricaus,6,4,0.8,0.03,5,100,1.0,103,3,0.09338553973172951,0.9066666666666666,0.5888888888888888,0.023431900346807952,0.0,0.0,1.0
XGBoost_single_with_coords,spatial,True,Pseudechis porphyricaus,6,5,0.8,0.03,5,100,1.0,103,3,0.10787079800646843,0.7633333333333333,0.29227053140096615,0.025032044970039177,0.0,0.0,1.0
XGBoost_single_with_coords,spatial,True,Pseudechis porphyricaus,7,1,0.8,0.03,5,300,0.8,103,2,0.07067195263029301,0.8811881188118811,0.29,0.01664768244345734,0.0,0.0,1.0
XGBoost_single_with_coords,spatial,True,Pseudechis porphyricaus,7,2,0.8,0.03,5,300,0.8,102,2,0.1304319212867588,0.475,0.040400775694893344,0.024903262336047723,0.0,0.0,0.99
XGBoost_single_with_coords,spatial,True,Pseudechis porphyricaus,7,3,0.8,0.03,5,300,0.8,102,2,0.06093898141592618,0.99,0.5833333333333333,0.01738045127995888,0.0,0.0,1.0
XGBoost_single_with_coords,spatial,True,Pseudechis porphyricaus,7,4,0.8,0.03,5,300,0.8,103,3,0.10188183577742742,0.8733333333333333,0.5256410256410255,0.024085392107905477,0.0,0.0,1.0
XGBoost_single_with_coords,spatial,True,Pseudechis porphyricaus,7,5,0.8,0.03,5,300,0.8,103,3,0.1193091864198,0.7466666666666666,0.2911111111111111,0.02670378872916526,0.0,0.0,0.99
XGBoost_single_with_coords,spatial,True,Pseudechis porphyricaus,8,1,0.8,0.03,5,300,1.0,103,2,0.069957303750411,0.9257425742574258,0.23333333333333334,0.017021317140078637,0.0,0.0,1.0
XGBoost_single_with_coords,spatial,True,Pseudechis porphyricaus,8,2,0.8,0.03,5,300,1.0,102,2,0.1423647836537939,0.425,0.02896825396825397,0.026171787795186155,0.0,0.0,0.99
XGBoost_single_with_coords,spatial,True,Pseudechis porphyricaus,8,3,0.8,0.03,5,300,1.0,102,2,0.0663933160414364,0.97,0.39285714285714285,0.01793249536259057,0.0,0.0,1.0
XGBoost_single_with_coords,spatial,True,Pseudechis porphyricaus,8,4,0.8,0.03,5,300,1.0,103,3,0.11115627771974573,0.8166666666666667,0.4629629629629629,0.02486570926977851,0.0,0.0,1.0
XGBoost_single_with_coords,spatial,True,Pseudechis porphyricaus,8,5,0.8,0.03,5,300,1.0,103,3,0.11587995881453203,0.73,0.3125,0.024520465078215817,0.0,0.0,0.99
XGBoost_single_with_coords,spatial,True,Pseudechis porphyricaus,9,1,0.8,0.1,3,100,0.8,103,2,0.07112974597378335,0.900990099009901,0.2976190476190476,0.017078772577926983,0.0,0.0,1.0
XGBoost_single_with_coords,spatial,True,Pseudechis porphyricaus,9,2,0.8,0.1,3,100,0.8,102,2,0.1365319865260458,0.455,0.032196969696969696,0.025195536269507324,0.0,0.0,0.99
XGBoost_single_with_coords,spatial,True,Pseudechis porphyricaus,9,3,0.8,0.1,3,100,0.8,102,2,0.0634786044751728,0.98,0.45,0.01779593286630305,0.0,0.0,1.0
XGBoost_single_with_coords,spatial,True,Pseudechis porphyricaus,9,4,0.8,0.1,3,100,0.8,103,3,0.10292679744293014,0.8733333333333333,0.5256410256410255,0.02461463604567917,0.0,0.0,1.0
XGBoost_single_with_coords,spatial,True,Pseudechis porphyricaus,9,5,0.8,0.1,3,100,0.8,103,3,0.12062467539173516,0.72,0.34523809523809523,0.025281486479355488,0.0,0.0,0.99
XGBoost_single_with_coords,spatial,True,Pseudechis porphyricaus,10,1,0.8,0.1,3,100,1.0,103,2,0.07095346742094845,0.8910891089108911,0.2934782608695652,0.01697163693303673,0.0,0.0,1.0
XGBoost_single_with_coords,spatial,True,Pseudechis porphyricaus,10,2,0.8,0.1,3,100,1.0,102,2,0.14154630180694455,0.44499999999999995,0.028177225029148854,0.026360813671415677,0.0,0.0,0.99
XGBoost_single_with_coords,spatial,True,Pseudechis porphyricaus,10,3,0.8,0.1,3,100,1.0,102,2,0.0674888403501792,0.99,0.5833333333333333,0.01832757583120626,0.0,0.0,1.0
XGBoost_single_with_coords,spatial,True,Pseudechis porphyricaus,10,4,0.8,0.1,3,100,1.0,103,3,0.10390537577360077,0.8533333333333333,0.46770025839793283,0.02410459103491823,0.0,0.0,1.0
XGBoost_single_with_coords,spatial,True,Pseudechis porphyricaus,10,5,0.8,0.1,3,100,1.0,103,3,0.11737334339571513,0.74,0.312987012987013,0.024737173807774238,0.0,0.0,0.99
XGBoost_single_with_coords,spatial,True,Pseudechis porphyricaus,11,1,0.8,0.1,3,300,0.8,103,2,0.06618734510003775,0.9405940594059405,0.3269230769230769,0.016519710322459136,0.0,0.0,1.0
XGBoost_single_with_coords,spatial,True,Pseudechis porphyricaus,11,2,0.8,0.1,3,300,0.8,102,2,0.1616007162041961,0.42999999999999994,0.0264808362369338,0.027046051824084105,0.0,0.0,0.99
XGBoost_single_with_coords,spatial,True,Pseudechis porphyricaus,11,3,0.8,0.1,3,300,0.8,102,2,0.06863315123925809,0.96,0.26666666666666666,0.019483538611563857,0.0,0.0,1.0
XGBoost_single_with_coords,spatial,True,Pseudechis porphyricaus,11,4,0.8,0.1,3,300,0.8,103,3,0.11830495622948875,0.8533333333333334,0.2862950058072009,0.0261806635620964,0.0,0.0,1.0
XGBoost_single_with_coords,spatial,True,Pseudechis porphyricaus,11,5,0.8,0.1,3,300,0.8,103,3,0.1384543629174149,0.6966666666666665,0.3443223443223443,0.02669116769308374,0.0,0.0,0.99
XGBoost_single_with_coords,spatial,True,Pseudechis porphyricaus,12,1,0.8,0.1,3,300,1.0,103,2,0.07467899076343999,0.8613861386138614,0.28448275862068967,0.017199584831067954,0.0,0.0,1.0
XGBoost_single_with_coords,spatial,True,Pseudechis porphyricaus,12,2,0.8,0.1,3,300,1.0,102,2,0.17449439021503196,0.29500000000000004,0.02023928215353938,0.02778593395319242,0.0,0.0,0.99
XGBoost_single_with_coords,spatial,True,Pseudechis porphyricaus,12,3,0.8,0.1,3,300,1.0,102,2,0.07145101352284967,0.975,0.3666666666666667,0.02015211303433871,0.0,0.0,1.0
XGBoost_single_with_coords,spatial,True,Pseudechis porphyricaus,12,4,0.8,0.1,3,300,1.0,103,3,0.13091718150961315,0.8066666666666666,0.2596086652690426,0.02572327496421859,0.0,0.0,1.0
XGBoost_single_with_coords,spatial,True,Pseudechis porphyricaus,12,5,0.8,0.1,3,300,1.0,103,3,0.12609831762733373,0.7766666666666666,0.481592039800995,0.025368360241576956,0.3333333333333333,0.3333333333333333,0.98
XGBoost_single_with_coords,spatial,True,Pseudechis porphyricaus,13,1,0.8,0.1,5,100,0.8,103,2,0.07215429889770543,0.896039603960396,0.29545454545454547,0.01763128909459463,0.0,0.0,1.0
XGBoost_single_with_coords,spatial,True,Pseudechis porphyricaus,13,2,0.8,0.1,5,100,0.8,102,2,0.13703369046324967,0.45,0.03072502210433245,0.02493885760605392,0.0,0.0,0.99
XGBoost_single_with_coords,spatial,True,Pseudechis porphyricaus,13,3,0.8,0.1,5,100,0.8,102,2,0.06305002961973316,0.9899999999999999,0.5833333333333333,0.018053846538781743,0.0,0.0,1.0
XGBoost_single_with_coords,spatial,True,Pseudechis porphyricaus,13,4,0.8,0.1,5,100,0.8,103,3,0.1035867572140395,0.8700000000000001,0.5249999999999999,0.02475003441064429,0.0,0.0,1.0
XGBoost_single_with_coords,spatial,True,Pseudechis porphyricaus,13,5,0.8,0.1,5,100,0.8,103,3,0.11569639092275888,0.7333333333333333,0.290436005625879,0.02410602189770564,0.0,0.0,1.0
XGBoost_single_with_coords,spatial,True,Pseudechis porphyricaus,14,1,0.8,0.1,5,100,1.0,103,2,0.07239896233553333,0.8762376237623762,0.20666666666666667,0.017328995520136795,0.0,0.0,1.0
XGBoost_single_with_coords,spatial,True,Pseudechis porphyricaus,14,2,0.8,0.1,5,100,1.0,102,2,0.143796699857781,0.415,0.02872670807453416,0.02623390832574425,0.0,0.0,0.99
XGBoost_single_with_coords,spatial,True,Pseudechis porphyricaus,14,3,0.8,0.1,5,100,1.0,102,2,0.06716564449996719,0.955,0.35,0.017994409929324193,0.0,0.0,1.0
XGBoost_single_with_coords,spatial,True,Pseudechis porphyricaus,14,4,0.8,0.1,5,100,1.0,103,3,0.11076740241887642,0.8366666666666667,0.4652777777777778,0.025108050220762748,0.0,0.0,1.0
XGBoost_single_with_coords,spatial,True,Pseudechis porphyricaus,14,5,0.8,0.1,5,100,1.0,103,3,0.1190546433644544,0.7033333333333333,0.4779026217228464,0.024214774931614644,0.0,0.0,1.0
XGBoost_single_with_coords,spatial,True,Pseudechis porphyricaus,15,1,0.8,0.1,5,300,0.8,103,2,0.06833587937241548,0.9405940594059405,0.3269230769230769,0.016895954058380153,0.0,0.0,1.0
XGBoost_single_with_coords,spatial,True,Pseudechis porphyricaus,15,2,0.8,0.1,5,300,0.8,102,2,0.16110804503905998,0.40499999999999997,0.02454080096356519,0.026886907727493116,0.0,0.0,0.99
XGBoost_single_with_coords,spatial,True,Pseudechis porphyricaus,15,3,0.8,0.1,5,300,0.8,102,2,0.0670385980184608,0.96,0.26666666666666666,0.019144597692781137,0.0,0.0,1.0
XGBoost_single_with_coords,spatial,True,Pseudechis porphyricaus,15,4,0.8,0.1,5,300,0.8,103,3,0.11952939708503436,0.8533333333333333,0.24661246612466123,0.026591453163230735,0.0,0.0,1.0
XGBoost_single_with_coords,spatial,True,Pseudechis porphyricaus,15,5,0.8,0.1,5,300,0.8,103,3,0.1359444453475653,0.7033333333333333,0.28914141414141414,0.025941438828552505,0.0,0.0,0.98
XGBoost_single_with_coords,spatial,True,Pseudechis porphyricaus,16,1,0.8,0.1,5,300,1.0,103,2,0.07564745165947938,0.8762376237623762,0.28846153846153844,0.017822803987285293,0.0,0.0,1.0
XGBoost_single_with_coords,spatial,True,Pseudechis porphyricaus,16,2,0.8,0.1,5,300,1.0,102,2,0.17269305240180458,0.305,0.020622895622895623,0.027695068577074336,0.0,0.0,0.99
XGBoost_single_with_coords,spatial,True,Pseudechis porphyricaus,16,3,0.8,0.1,5,300,1.0,102,2,0.06636929350532184,0.975,0.41666666666666663,0.01890249044714671,0.0,0.0,1.0
XGBoost_single_with_coords,spatial,True,Pseudechis porphyricaus,16,4,0.8,0.1,5,300,1.0,103,3,0.1357659481585837,0.7933333333333333,0.19595959595959594,0.026982970620498,0.0,0.0,1.0
XGBoost_single_with_coords,spatial,True,Pseudechis porphyricaus,16,5,0.8,0.1,5,300,1.0,103,3,0.12899714944980156,0.7133333333333333,0.44047619047619047,0.02507702964001092,0.3333333333333333,0.3333333333333333,0.98
XGBoost_single_with_coords,spatial,True,Pseudechis porphyricaus,17,1,1.0,0.03,3,100,0.8,103,2,0.07543562301522837,0.8415841584158416,0.2803030303030303,0.0171101488643782,0.0,0.0,1.0
XGBoost_single_with_coords,spatial,True,Pseudechis porphyricaus,17,2,1.0,0.03,3,100,0.8,102,2,0.11285035374933167,0.46499999999999997,0.043859649122807015,0.022161122991109644,0.0,0.0,1.0
XGBoost_single_with_coords,spatial,True,Pseudechis porphyricaus,17,3,1.0,0.03,3,100,0.8,102,2,0.06495733821907958,0.99,0.5833333333333333,0.01674762105781598,0.0,0.0,1.0
XGBoost_single_with_coords,spatial,True,Pseudechis porphyricaus,17,4,1.0,0.03,3,100,0.8,103,3,0.10258721825829659,0.8933333333333333,0.4767025089605734,0.02566442188521443,0.0,0.0,1.0
XGBoost_single_with_coords,spatial,True,Pseudechis porphyricaus,17,5,1.0,0.03,3,100,0.8,103,3,0.11451908907147136,0.75,0.2581430745814307,0.026574658420809593,0.0,0.0,1.0
XGBoost_single_with_coords,spatial,True,Pseudechis porphyricaus,18,1,1.0,0.03,3,100,1.0,103,2,0.06862698417928008,0.9554455445544555,0.35,0.016665126840199027,0.0,0.0,1.0
XGBoost_single_with_coords,spatial,True,Pseudechis porphyricaus,18,2,1.0,0.03,3,100,1.0,102,2,0.12465916649382516,0.3275,0.02292152292152292,0.02398550703241962,0.0,0.0,0.99
XGBoost_single_with_coords,spatial,True,Pseudechis porphyricaus,18,3,1.0,0.03,3,100,1.0,102,2,0.06373852163595402,0.985,0.5,0.016588156417939405,0.0,0.0,1.0
XGBoost_single_with_coords,spatial,True,Pseudechis porphyricaus,18,4,1.0,0.03,3,100,1.0,103,3,0.0922863931168672,0.8966666666666667,0.696078431372549,0.023166098039982024,0.0,0.0,1.0
XGBoost_single_with_coords,spatial,True,Pseudechis porphyricaus,18,5,1.0,0.03,3,100,1.0,103,3,0.10691130165372582,0.78,0.2934027777777778,0.02510981796523436,0.0,0.0,1.0
XGBoost_single_with_coords,spatial,True,Pseudechis porphyricaus,19,1,1.0,0.03,3,300,0.8,103,2,0.06737803579792935,0.905940594059406,0.3,0.016113570666998447,0.0,0.0,1.0
XGBoost_single_with_coords,spatial,True,Pseudechis porphyricaus,19,2,1.0,0.03,3,300,0.8,102,2,0.12903826462302728,0.54,0.04583333333333334,0.02533974539118712,0.0,0.0,0.99
XGBoost_single_with_coords,spatial,True,Pseudechis porphyricaus,19,3,1.0,0.03,3,300,0.8,102,2,0.05787731630709788,0.99,0.5833333333333333,0.016862249659991668,0.0,0.0,1.0
XGBoost_single_with_coords,spatial,True,Pseudechis porphyricaus,19,4,1.0,0.03,3,300,0.8,103,3,0.10643771512182015,0.8633333333333333,0.3577235772357723,0.025434834930847,0.0,0.0,1.0
XGBoost_single_with_coords,spatial,True,Pseudechis porphyricaus,19,5,1.0,0.03,3,300,0.8,103,3,0.11423941371824774,0.76,0.2918622848200313,0.02514549575057811,0.0,0.0,1.0
XGBoost_single_with_coords,spatial,True,Pseudechis porphyricaus,20,1,1.0,0.03,3,300,1.0,103,2,0.07111589701521673,0.9207920792079208,0.22916666666666666,0.01780216486276123,0.0,0.0,1.0
XGBoost_single_with_coords,spatial,True,Pseudechis porphyricaus,20,2,1.0,0.03,3,300,1.0,102,2,0.14162782163098475,0.4325,0.0277569392348087,0.026241424414156677,0.0,0.0,0.99
XGBoost_single_with_coords,spatial,True,Pseudechis porphyricaus,20,3,1.0,0.03,3,300,1.0,102,2,0.06899837175250248,0.97,0.39285714285714285,0.01829010086520224,0.0,0.0,1.0
XGBoost_single_with_coords,spatial,True,Pseudechis porphyricaus,20,4,1.0,0.03,3,300,1.0,103,3,0.1002665812378291,0.8566666666666667,0.46825396825396826,0.02358965542862016,0.0,0.0,1.0
XGBoost_single_with_coords,spatial,True,Pseudechis porphyricaus,20,5,1.0,0.03,3,300,1.0,103,3,0.11404629813052433,0.7366666666666667,0.3128205128205128,0.02404983480811022,0.0,0.0,0.99
XGBoost_single_with_coords,spatial,True,Pseudechis porphyricaus,21,1,1.0,0.03,5,100,0.8,103,2,0.07610408421945448,0.8514851485148516,0.282258064516129,0.017303599821874467,0.0,0.0,1.0
XGBoost_single_with_coords,spatial,True,Pseudechis porphyricaus,21,2,1.0,0.03,5,100,0.8,102,2,0.11273006440022626,0.475,0.04408602150537634,0.022189450927362776,0.0,0.0,1.0
XGBoost_single_with_coords,spatial,True,Pseudechis porphyricaus,21,3,1.0,0.03,5,100,0.8,102,2,0.06644741300004382,0.9850000000000001,0.5,0.017021113111802984,0.0,0.0,1.0
XGBoost_single_with_coords,spatial,True,Pseudechis porphyricaus,21,4,1.0,0.03,5,100,0.8,103,3,0.10265845415974982,0.8866666666666665,0.4747474747474747,0.02568031435871189,0.0,0.0,1.0
XGBoost_single_with_coords,spatial,True,Pseudechis porphyricaus,21,5,1.0,0.03,5,100,0.8,103,3,0.1144547604771889,0.75,0.2581430745814307,0.026594142986906107,0.0,0.0,1.0
XGBoost_single_with_coords,spatial,True,Pseudechis porphyricaus,22,1,1.0,0.03,5,100,1.0,103,2,0.07020875121391246,0.9603960396039604,0.3611111111111111,0.01694826464687985,0.0,0.0,1.0
XGBoost_single_with_coords,spatial,True,Pseudechis porphyricaus,22,2,1.0,0.03,5,100,1.0,102,2,0.12574833723941953,0.27,0.020101010101010102,0.02341877014719592,0.0,0.0,0.99
XGBoost_single_with_coords,spatial,True,Pseudechis porphyricaus,22,3,1.0,0.03,5,100,1.0,102,2,0.0612451834709165,0.99,0.5833333333333333,0.016255812947687204,0.0,0.0,1.0
XGBoost_single_with_coords,spatial,True,Pseudechis porphyricaus,22,4,1.0,0.03,5,100,1.0,103,3,0.0911580024489345,0.9099999999999999,0.7,0.023208680081176818,0.0,0.0,1.0
XGBoost_single_with_coords,spatial,True,Pseudechis porphyricaus,22,5,1.0,0.03,5,100,1.0,103,3,0.10654738980936145,0.78,0.2934027777777778,0.025124093652527116,0.0,0.0,1.0
XGBoost_single_with_coords,spatial,True,Pseudechis porphyricaus,23,1,1.0,0.03,5,300,0.8,103,2,0.06967677204767696,0.9108910891089108,0.3026315789473684,0.01703632151014013,0.0,0.0,1.0
XGBoost_single_with_coords,spatial,True,Pseudechis porphyricaus,23,2,1.0,0.03,5,300,0.8,102,2,0.13003994368840766,0.5249999999999999,0.04027777777777777,0.02543919592398679,0.0,0.0,0.99
XGBoost_single_with_coords,spatial,True,Pseudechis porphyricaus,23,3,1.0,0.03,5,300,0.8,102,2,0.060291451321197856,0.99,0.5833333333333333,0.017410883571935248,0.0,0.0,1.0
XGBoost_single_with_coords,spatial,True,Pseudechis porphyricaus,23,4,1.0,0.03,5,300,0.8,103,3,0.10513193123782576,0.8666666666666667,0.524390243902439,0.02507312483140963,0.0,0.0,1.0
XGBoost_single_with_coords,spatial,True,Pseudechis porphyricaus,23,5,1.0,0.03,5,300,0.8,103,3,0.11432789874190759,0.76,0.2918622848200313,0.025263050445509444,0.0,0.0,1.0
XGBoost_single_with_coords,spatial,True,Pseudechis porphyricaus,24,1,1.0,0.03,5,300,1.0,103,2,0.0644304143876307,0.9603960396039605,0.6,0.01597731089125464,0.0,0.0,1.0
XGBoost_single_with_coords,spatial,True,Pseudechis porphyricaus,24,2,1.0,0.03,5,300,1.0,102,2,0.1454061148737684,0.395,0.025007766387076732,0.02651381535852638,0.0,0.0,0.99
XGBoost_single_with_coords,spatial,True,Pseudechis porphyricaus,24,3,1.0,0.03,5,300,1.0,102,2,0.07127007083662987,0.9500000000000001,0.34090909090909094,0.018663305739744316,0.0,0.0,1.0
XGBoost_single_with_coords,spatial,True,Pseudechis porphyricaus,24,4,1.0,0.03,5,300,1.0,103,3,0.10791694166369228,0.8166666666666667,0.46296296296296297,0.0242392586298876,0.0,0.0,1.0
XGBoost_single_with_coords,spatial,True,Pseudechis porphyricaus,24,5,1.0,0.03,5,300,1.0,103,3,0.11727565510224222,0.6933333333333334,0.310989010989011,0.02441721261617257,0.0,0.0,0.99
XGBoost_single_with_coords,spatial,True,Pseudechis porphyricaus,25,1,1.0,0.1,3,100,0.8,103,2,0.07487565466221506,0.8168316831683169,0.5256410256410257,0.01639984246961759,0.0,0.0,1.0
XGBoost_single_with_coords,spatial,True,Pseudechis porphyricaus,25,2,1.0,0.1,3,100,0.8,102,2,0.13471299338066403,0.51,0.03982597054886211,0.025753023565769632,0.0,0.0,0.99
XGBoost_single_with_coords,spatial,True,Pseudechis porphyricaus,25,3,1.0,0.1,3,100,0.8,102,2,0.06652917046195476,0.9650000000000001,0.375,0.018114047801937688,0.0,0.0,1.0
XGBoost_single_with_coords,spatial,True,Pseudechis porphyricaus,25,4,1.0,0.1,3,100,0.8,103,3,0.10427750215151038,0.8766666666666666,0.45714285714285713,0.02496032768983861,0.0,0.0,1.0
XGBoost_single_with_coords,spatial,True,Pseudechis porphyricaus,25,5,1.0,0.1,3,100,0.8,103,3,0.10789052687023054,0.7733333333333332,0.29270315091210614,0.02312196612804044,0.0,0.0,1.0
XGBoost_single_with_coords,spatial,True,Pseudechis porphyricaus,26,1,1.0,0.1,3,100,1.0,103,2,0.06974380392395917,0.9009900990099009,0.2976190476190476,0.016725347926740953,0.0,0.0,1.0
XGBoost_single_with_coords,spatial,True,Pseudechis porphyricaus,26,2,1.0,0.1,3,100,1.0,102,2,0.1432439546627948,0.46499999999999997,0.02878726010616578,0.0265155333075601,0.0,0.0,0.99
XGBoost_single_with_coords,spatial,True,Pseudechis porphyricaus,26,3,1.0,0.1,3,100,1.0,102,2,0.06763854614981508,0.965,0.30952380952380953,0.01809215608963329,0.0,0.0,1.0
XGBoost_single_with_coords,spatial,True,Pseudechis porphyricaus,26,4,1.0,0.1,3,100,1.0,103,3,0.10484273742446452,0.8266666666666667,0.46405228758169936,0.023695222285378077,0.0,0.0,1.0
XGBoost_single_with_coords,spatial,True,Pseudechis porphyricaus,26,5,1.0,0.1,3,100,1.0,103,3,0.11671177908087103,0.7366666666666667,0.3128205128205128,0.024463515431094814,0.0,0.0,0.99
XGBoost_single_with_coords,spatial,True,Pseudechis porphyricaus,27,1,1.0,0.1,3,300,0.8,103,2,0.07265361269155701,0.8762376237623762,0.537037037037037,0.01628178434270264,0.0,0.0,1.0
XGBoost_single_with_coords,spatial,True,Pseudechis porphyricaus,27,2,1.0,0.1,3,300,0.8,102,2,0.1607148719007273,0.47,0.028309409888357256,0.027569163994384503,0.0,0.0,0.99
XGBoost_single_with_coords,spatial,True,Pseudechis porphyricaus,27,3,1.0,0.1,3,300,0.8,102,2,0.06930657572733884,0.96,0.26666666666666666,0.01952833703236974,0.0,0.0,1.0
XGBoost_single_with_coords,spatial,True,Pseudechis porphyricaus,27,4,1.0,0.1,3,300,0.8,103,3,0.12127963248640294,0.8433333333333333,0.26455026455026454,0.026585206869885886,0.0,0.0,1.0
XGBoost_single_with_coords,spatial,True,Pseudechis porphyricaus,27,5,1.0,0.1,3,300,0.8,103,3,0.12235163059606,0.7433333333333334,0.3463203463203463,0.022789005310112298,0.0,0.0,0.99
XGBoost_single_with_coords,spatial,True,Pseudechis porphyricaus,28,1,1.0,0.1,3,300,1.0,103,2,0.07507188089941834,0.8613861386138614,0.28448275862068967,0.01701909067162995,0.0,0.0,1.0
XGBoost_single_with_coords,spatial,True,Pseudechis porphyricaus,28,2,1.0,0.1,3,300,1.0,102,2,0.1729304330913295,0.345,0.02185211433971179,0.027940185153767567,0.0,0.0,0.99
XGBoost_single_with_coords,spatial,True,Pseudechis porphyricaus,28,3,1.0,0.1,3,300,1.0,102,2,0.07058343575967697,0.965,0.30952380952380953,0.0191496726603166,0.0,0.0,1.0
XGBoost_single_with_coords,spatial,True,Pseudechis porphyricaus,28,4,1.0,0.1,3,300,1.0,103,3,0.1299391340660229,0.7966666666666666,0.2675438596491228,0.02574462058149289,0.0,0.0,1.0
XGBoost_single_with_coords,spatial,True,Pseudechis porphyricaus,28,5,1.0,0.1,3,300,1.0,103,3,0.12435360814881061,0.78,0.4818181818181818,0.024955410066166812,0.3333333333333333,0.3333333333333333,0.98
XGBoost_single_with_coords,spatial,True,Pseudechis porphyricaus,29,1,1.0,0.1,5,100,0.8,103,2,0.07556338200045397,0.801980198019802,0.27439024390243905,0.016824596848184475,0.0,0.0,1.0
XGBoost_single_with_coords,spatial,True,Pseudechis porphyricaus,29,2,1.0,0.1,5,100,0.8,102,2,0.13394613011400927,0.53,0.039136302294197026,0.025896514161743527,0.0,0.0,0.99
XGBoost_single_with_coords,spatial,True,Pseudechis porphyricaus,29,3,1.0,0.1,5,100,0.8,102,2,0.06848188383228843,0.9600000000000001,0.3611111111111111,0.018612232321256687,0.0,0.0,1.0
XGBoost_single_with_coords,spatial,True,Pseudechis porphyricaus,29,4,1.0,0.1,5,100,0.8,103,3,0.10519550899961581,0.8766666666666667,0.30634920634920637,0.025633605338005593,0.0,0.0,1.0
XGBoost_single_with_coords,spatial,True,Pseudechis porphyricaus,29,5,1.0,0.1,5,100,0.8,103,3,0.10963797529872914,0.7666666666666666,0.29227053140096615,0.023533451644169114,0.0,0.0,0.99
XGBoost_single_with_coords,spatial,True,Pseudechis porphyricaus,30,1,1.0,0.1,5,100,1.0,103,2,0.06942937006458183,0.8861386138613863,0.2916666666666667,0.01619207899586169,0.0,0.0,1.0
XGBoost_single_with_coords,spatial,True,Pseudechis porphyricaus,30,2,1.0,0.1,5,100,1.0,102,2,0.14794760203827675,0.375,0.024056467876692595,0.026444094133086446,0.0,0.0,0.99
XGBoost_single_with_coords,spatial,True,Pseudechis porphyricaus,30,3,1.0,0.1,5,100,1.0,102,2,0.07147809846655721,0.96,0.3611111111111111,0.01921959765803945,0.0,0.0,1.0
XGBoost_single_with_coords,spatial,True,Pseudechis porphyricaus,30,4,1.0,0.1,5,100,1.0,103,3,0.11305032891758232,0.8033333333333333,0.44611528822055135,0.02406115046705544,0.0,0.0,1.0
XGBoost_single_with_coords,spatial,True,Pseudechis porphyricaus,30,5,1.0,0.1,5,100,1.0,103,3,0.11912551697590863,0.7033333333333334,0.31136363636363634,0.024239605691260945,0.0,0.0,0.99
XGBoost_single_with_coords,spatial,True,Pseudechis porphyricaus,31,1,1.0,0.1,5,300,0.8,103,2,0.07330941171351907,0.8564356435643564,0.532258064516129,0.016027789582156164,0.0,0.0,1.0
XGBoost_single_with_coords,spatial,True,Pseudechis porphyricaus,31,2,1.0,0.1,5,300,0.8,102,2,0.15939490615729585,0.485,0.029138513513513514,0.027614678206682165,0.0,0.0,0.99
XGBoost_single_with_coords,spatial,True,Pseudechis porphyricaus,31,3,1.0,0.1,5,300,0.8,102,2,0.0708636538071998,0.96,0.26666666666666666,0.020018676367590676,0.0,0.0,1.0
XGBoost_single_with_coords,spatial,True,Pseudechis porphyricaus,31,4,1.0,0.1,5,300,0.8,103,3,0.12489747821050544,0.8366666666666667,0.2565891472868217,0.026994446783842815,0.0,0.0,1.0
XGBoost_single_with_coords,spatial,True,Pseudechis porphyricaus,31,5,1.0,0.1,5,300,0.8,103,3,0.12180819430285397,0.75,0.3466666666666667,0.023136471306885033,0.4,0.3333333333333333,0.99
XGBoost_single_with_coords,spatial,True,Pseudechis porphyricaus,32,1,1.0,0.1,5,300,1.0,103,2,0.06807117572537229,0.905940594059406,0.5476190476190477,0.015911185422059264,0.0,0.0,1.0
XGBoost_single_with_coords,spatial,True,Pseudechis porphyricaus,32,2,1.0,0.1,5,300,1.0,102,2,0.17763914034154119,0.25,0.019055944055944057,0.027975379929613155,0.0,0.0,0.99
XGBoost_single_with_coords,spatial,True,Pseudechis porphyricaus,32,3,1.0,0.1,5,300,1.0,102,2,0.07139273666436957,0.98,0.45,0.020115169846809496,0.0,0.0,1.0
XGBoost_single_with_coords,spatial,True,Pseudechis porphyricaus,32,4,1.0,0.1,5,300,1.0,103,3,0.13272373768273843,0.7766666666666666,0.42328042328042326,0.024724918798973452,0.0,0.0,1.0
XGBoost_single_with_coords,spatial,True,Pseudechis porphyricaus,32,5,1.0,0.1,5,300,1.0,103,3,0.12726276599250047,0.7466666666666667,0.47982456140350876,0.02524257096974727,0.3333333333333333,0.3333333333333333,0.98
XGBoost_single_with_coords,spatial,True,Saltuarius swaini,1,1,0.8,0.03,3,100,0.8,103,2,0.10004708207908906,0.6089108910891089,0.035625000000000004,0.019336938121472455,0.0,0.0,1.0
XGBoost_single_with_coords,spatial,True,Saltuarius swaini,1,2,0.8,0.03,3,100,0.8,102,1,0.0652023154056423,0.07920792079207917,0.010638297872340425,0.009956292826838641,0.0,0.0,1.0
XGBoost_single_with_coords,spatial,True,Saltuarius swaini,1,3,0.8,0.03,3,100,0.8,103,2,0.09219656911856271,0.7574257425742574,0.05606758832565284,0.019036611184253295,0.0,0.0,1.0
XGBoost_single_with_coords,spatial,True,Saltuarius swaini,1,4,0.8,0.03,3,100,0.8,103,2,0.09351213454194826,0.6782178217821782,0.056643356643356645,0.018986627272924834,0.0,0.0,1.0
XGBoost_single_with_coords,spatial,True,Saltuarius swaini,1,5,0.8,0.03,3,100,0.8,102,1,0.06126140940223768,0.3267326732673267,0.014492753623188406,0.009969646477430807,0.0,0.0,1.0
XGBoost_single_with_coords,spatial,True,Saltuarius swaini,2,1,0.8,0.03,3,100,1.0,103,2,0.09720920601196677,0.698019801980198,0.046536796536796536,0.019296706962040947,0.0,0.0,1.0
XGBoost_single_with_coords,spatial,True,Saltuarius swaini,2,2,0.8,0.03,3,100,1.0,102,1,0.06898060271669348,0.0,0.00980392156862745,0.009981487466451574,0.0,0.0,1.0
XGBoost_single_with_coords,spatial,True,Saltuarius swaini,2,3,0.8,0.03,3,100,1.0,103,2,0.08745108464102605,0.7821782178217822,0.062037037037037036,0.019065664325036986,0.0,0.0,1.0
XGBoost_single_with_coords,spatial,True,Saltuarius swaini,2,4,0.8,0.03,3,100,1.0,103,2,0.08775289493013685,0.7673267326732673,0.0946843853820598,0.018795454871207637,0.0,0.0,1.0
XGBoost_single_with_coords,spatial,True,Saltuarius swaini,2,5,0.8,0.03,3,100,1.0,102,1,0.056815069017124846,0.5841584158415841,0.022727272727272728,0.00987526441059257,0.0,0.0,1.0
XGBoost_single_with_coords,spatial,True,Saltuarius swaini,3,1,0.8,0.03,3,300,0.8,103,2,0.09960967505974529,0.707920792079208,0.04700854700854701,0.019585090557361445,0.0,0.0,1.0
XGBoost_single_with_coords,spatial,True,Saltuarius swaini,3,2,0.8,0.03,3,300,0.8,102,1,0.07619840342703309,0.06930693069306926,0.010526315789473684,0.010036762021695211,0.0,0.0,1.0
XGBoost_single_with_coords,spatial,True,Saltuarius swaini,3,3,0.8,0.03,3,300,0.8,103,2,0.08691600421166787,0.8465346534653466,0.08893280632411067,0.019135091380692644,0.0,0.0,1.0
XGBoost_single_with_coords,spatial,True,Saltuarius swaini,3,4,0.8,0.03,3,300,0.8,103,2,0.10889161142606085,0.49504950495049505,0.027777777777777776,0.01943585001239308,0.0,0.0,1.0
XGBoost_single_with_coords,spatial,True,Saltuarius swaini,3,5,0.8,0.03,3,300,0.8,102,1,0.06430924194001818,0.3465346534653465,0.014925373134328358,0.010000160971735426,0.0,0.0,1.0
XGBoost_single_with_coords,spatial,True,Saltuarius swaini,4,1,0.8,0.03,3,300,1.0,103,2,0.09635984881897922,0.7673267326732673,0.06066176470588235,0.019624145587556308,0.0,0.0,1.0
XGBoost_single_with_coords,spatial,True,Saltuarius swaini,4,2,0.8,0.03,3,300,1.0,102,1,0.08512870180963596,0.1089108910891089,0.01098901098901099,0.010093554652670178,0.0,0.0,1.0
XGBoost_single_with_coords,spatial,True,Saltuarius swaini,4,3,0.8,0.03,3,300,1.0,103,2,0.07981306858371684,0.8712871287128713,0.10263157894736842,0.019159133319735545,0.0,0.0,1.0
XGBoost_single_with_coords,spatial,True,Saltuarius swaini,4,4,0.8,0.03,3,300,1.0,103,2,0.10489376434079936,0.6435643564356436,0.038856304985337244,0.019418848823950285,0.0,0.0,1.0
XGBoost_single_with_coords,spatial,True,Saltuarius swaini,4,5,0.8,0.03,3,300,1.0,102,1,0.05451648296796997,0.7673267326732673,0.04,0.00987119704360634,0.0,0.0,1.0
XGBoost_single_with_coords,spatial,True,Saltuarius swaini,5,1,0.8,0.03,5,100,0.8,103,2,0.10004708207908906,0.6089108910891089,0.035625000000000004,0.019336938121472455,0.0,0.0,1.0
XGBoost_single_with_coords,spatial,True,Saltuarius swaini,5,2,0.8,0.03,5,100,0.8,102,1,0.0652023154056423,0.07920792079207917,0.010638297872340425,0.009956292826838641,0.0,0.0,1.0
XGBoost_single_with_coords,spatial,True,Saltuarius swaini,5,3,0.8,0.03,5,100,0.8,103,2,0.09219656911856271,0.7574257425742574,0.05606758832565284,0.019036611184253295,0.0,0.0,1.0
XGBoost_single_with_coords,spatial,True,Saltuarius swaini,5,4,0.8,0.03,5,100,0.8,103,2,0.09351213454194826,0.6782178217821782,0.056643356643356645,0.018986627272924834,0.0,0.0,1.0
XGBoost_single_with_coords,spatial,True,Saltuarius swaini,5,5,0.8,0.03,5,100,0.8,102,1,0.06127766915688408,0.3267326732673267,0.014492753623188406,0.009970123723178492,0.0,0.0,1.0
XGBoost_single_with_coords,spatial,True,Saltuarius swaini,6,1,0.8,0.03,5,100,1.0,103,2,0.0955459947828953,0.7079207920792079,0.04819976771196283,0.01923393292882346,0.0,0.0,1.0
XGBoost_single_with_coords,spatial,True,Saltuarius swaini,6,2,0.8,0.03,5,100,1.0,102,1,0.06890780578627846,0.0,0.00980392156862745,0.009975962972126294,0.0,0.0,1.0
XGBoost_single_with_coords,spatial,True,Saltuarius swaini,6,3,0.8,0.03,5,100,1.0,103,2,0.08779084519923223,0.8217821782178217,0.07631578947368421,0.01910408730591283,0.0,0.0,1.0
XGBoost_single_with_coords,spatial,True,Saltuarius swaini,6,4,0.8,0.03,5,100,1.0,103,2,0.0877282295421811,0.7772277227722773,0.09581881533101044,0.018792649614483653,0.0,0.0,1.0
XGBoost_single_with_coords,spatial,True,Saltuarius swaini,6,5,0.8,0.03,5,100,1.0,102,1,0.056354762737665105,0.6089108910891089,0.023809523809523808,0.00987212529636953,0.0,0.0,1.0
XGBoost_single_with_coords,spatial,True,Saltuarius swaini,7,1,0.8,0.03,5,300,0.8,103,2,0.09960967505974529,0.707920792079208,0.04700854700854701,0.019585090557361445,0.0,0.0,1.0
XGBoost_single_with_coords,spatial,True,Saltuarius swaini,7,2,0.8,0.03,5,300,0.8,102,1,0.07619840342703309,0.06930693069306926,0.010526315789473684,0.010036762021695211,0.0,0.0,1.0
XGBoost_single_with_coords,spatial,True,Saltuarius swaini,7,3,0.8,0.03,5,300,0.8,103,2,0.08691600421166787,0.8465346534653466,0.08893280632411067,0.019135091380692644,0.0,0.0,1.0
XGBoost_single_with_coords,spatial,True,Saltuarius swaini,7,4,0.8,0.03,5,300,0.8,103,2,0.10889161142606085,0.49504950495049505,0.027777777777777776,0.01943585001239308,0.0,0.0,1.0
XGBoost_single_with_coords,spatial,True,Saltuarius swaini,7,5,0.8,0.03,5,300,0.8,102,1,0.0643191559232869,0.36633663366336633,0.015384615384615385,0.010001472747246068,0.0,0.0,1.0
XGBoost_single_with_coords,spatial,True,Saltuarius swaini,8,1,0.8,0.03,5,300,1.0,103,2,0.09745751332014264,0.7722772277227723,0.06428571428571428,0.01958668144117701,0.0,0.0,1.0
XGBoost_single_with_coords,spatial,True,Saltuarius swaini,8,2,0.8,0.03,5,300,1.0,102,1,0.08524710549172712,0.06930693069306926,0.010526315789473684,0.01007238065665912,0.0,0.0,1.0
XGBoost_single_with_coords,spatial,True,Saltuarius swaini,8,3,0.8,0.03,5,300,1.0,103,2,0.08240445846192043,0.8663366336633663,0.1,0.019393419160202624,0.0,0.0,1.0
XGBoost_single_with_coords,spatial,True,Saltuarius swaini,8,4,0.8,0.03,5,300,1.0,103,2,0.10567832108996539,0.6336633663366338,0.03794326241134752,0.019406739781412916,0.0,0.0,1.0
XGBoost_single_with_coords,spatial,True,Saltuarius swaini,8,5,0.8,0.03,5,300,1.0,102,1,0.05465341909181349,0.7623762376237624,0.04,0.009888147106983998,0.0,0.0,1.0
XGBoost_single_with_coords,spatial,True,Saltuarius swaini,9,1,0.8,0.1,3,100,0.8,103,2,0.09878334585667446,0.7079207920792079,0.04754440961337513,0.01953790110320506,0.0,0.0,1.0
XGBoost_single_with_coords,spatial,True,Saltuarius swaini,9,2,0.8,0.1,3,100,0.8,102,1,0.08086612860324983,0.00990099009900991,0.009900990099009901,0.010041983487223419,0.0,0.0,1.0
XGBoost_single_with_coords,spatial,True,Saltuarius swaini,9,3,0.8,0.1,3,100,0.8,103,2,0.08523395152839376,0.8712871287128713,0.10555555555555556,0.018959354524295258,0.0,0.0,1.0
XGBoost_single_with_coords,spatial,True,Saltuarius swaini,9,4,0.8,0.1,3,100,0.8,103,2,0.10979087367452627,0.504950495049505,0.028495440729483283,0.019467477827461617,0.0,0.0,1.0
XGBoost_single_with_coords,spatial,True,Saltuarius swaini,9,5,0.8,0.1,3,100,0.8,102,1,0.06137645552444564,0.49504950495049505,0.019230769230769232,0.009922275357629282,0.0,0.0,1.0
XGBoost_single_with_coords,spatial,True,Saltuarius swaini,10,1,0.8,0.1,3,100,1.0,103,2,0.09503170889037307,0.7772277227722773,0.06944444444444445,0.019434889618771902,0.0,0.0,1.0
XGBoost_single_with_coords,spatial,True,Saltuarius swaini,10,2,0.8,0.1,3,100,1.0,102,1,0.08622190083148813,0.09900990099009899,0.010869565217391304,0.010131497619741161,0.0,0.0,1.0
XGBoost_single_with_coords,spatial,True,Saltuarius swaini,10,3,0.8,0.1,3,100,1.0,103,2,0.08359596169371301,0.8811881188118813,0.10882352941176471,0.01968939047240239,0.0,0.0,1.0
XGBoost_single_with_coords,spatial,True,Saltuarius swaini,10,4,0.8,0.1,3,100,1.0,103,2,0.10309523864278368,0.6633663366336634,0.04112903225806452,0.019362107257050797,0.0,0.0,1.0
XGBoost_single_with_coords,spatial,True,Saltuarius swaini,10,5,0.8,0.1,3,100,1.0,102,1,0.05579808203013997,0.7475247524752475,0.037037037037037035,0.009902464150754138,0.0,0.0,1.0
XGBoost_single_with_coords,spatial,True,Saltuarius swaini,11,1,0.8,0.1,3,300,0.8,103,2,0.10350768609661712,0.7326732673267327,0.05115089514066496,0.020225599965186022,0.0,0.0,1.0
XGBoost_single_with_coords,spatial,True,Saltuarius swaini,11,2,0.8,0.1,3,300,0.8,102,1,0.09408178791830149,0.05940594059405946,0.010416666666666666,0.009857860183424369,0.0,0.0,1.0
XGBoost_single_with_coords,spatial,True,Saltuarius swaini,11,3,0.8,0.1,3,300,0.8,103,2,0.07582951294784786,0.905940594059406,0.1380952380952381,0.01838492201252335,0.0,0.0,1.0
XGBoost_single_with_coords,spatial,True,Saltuarius swaini,11,4,0.8,0.1,3,300,0.8,103,2,0.13228109773644472,0.4257425742574258,0.024568195354377605,0.01972081518227951,0.0,0.0,1.0
XGBoost_single_with_coords,spatial,True,Saltuarius swaini,11,5,0.8,0.1,3,300,0.8,102,1,0.06615933957481163,0.5346534653465347,0.020833333333333332,0.009923439193838762,0.0,0.0,1.0
XGBoost_single_with_coords,spatial,True,Saltuarius swaini,12,1,0.8,0.1,3,300,1.0,103,2,0.1003754504188522,0.801980198019802,0.07392473118279569,0.019968974794714513,0.0,0.0,1.0
XGBoost_single_with_coords,spatial,True,Saltuarius swaini,12,2,0.8,0.1,3,300,1.0,102,1,0.09847902036792544,0.07920792079207917,0.010638297872340425,0.009872561828574919,0.0,0.0,1.0
XGBoost_single_with_coords,spatial,True,Saltuarius swaini,12,3,0.8,0.1,3,300,1.0,103,2,0.07288478465003542,0.9306930693069307,0.17424242424242425,0.018388523427021436,0.0,0.0,1.0
XGBoost_single_with_coords,spatial,True,Saltuarius swaini,12,4,0.8,0.1,3,300,1.0,103,2,0.12375336329678122,0.6188118811881188,0.03645833333333333,0.019471632357597173,0.0,0.0,1.0
XGBoost_single_with_coords,spatial,True,Saltuarius swaini,12,5,0.8,0.1,3,300,1.0,102,1,0.06287262365615422,0.6782178217821782,0.029411764705882353,0.009897512091431854,0.0,0.0,1.0
XGBoost_single_with_coords,spatial,True,Saltuarius swaini,13,1,0.8,0.1,5,100,0.8,103,2,0.09878334585667446,0.7079207920792079,0.04754440961337513,0.01953790110320506,0.0,0.0,1.0
XGBoost_single_with_coords,spatial,True,Saltuarius swaini,13,2,0.8,0.1,5,100,0.8,102,1,0.08086612860324983,0.00990099009900991,0.009900990099009901,0.010041983487223419,0.0,0.0,1.0
XGBoost_single_with_coords,spatial,True,Saltuarius swaini,13,3,0.8,0.1,5,100,0.8,103,2,0.08523395152839376,0.8712871287128713,0.10555555555555556,0.018959354524295258,0.0,0.0,1.0
XGBoost_single_with_coords,spatial,True,Saltuarius swaini,13,4,0.8,0.1,5,100,0.8,103,2,0.10979087367452627,0.504950495049505,0.028495440729483283,0.019467477827461617,0.0,0.0,1.0
XGBoost_single_with_coords,spatial,True,Saltuarius swaini,13,5,0.8,0.1,5,100,0.8,102,1,0.060489577277725956,0.5346534653465347,0.020833333333333332,0.009899611186264912,0.0,0.0,1.0
XGBoost_single_with_coords,spatial,True,Saltuarius swaini,14,1,0.8,0.1,5,100,1.0,103,2,0.09727563963067504,0.7673267326732673,0.0710955710955711,0.01954038484511935,0.0,0.0,1.0
XGBoost_single_with_coords,spatial,True,Saltuarius swaini,14,2,0.8,0.1,5,100,1.0,102,1,0.08702696418547926,0.04950495049504955,0.010309278350515464,0.0099871261598058,0.0,0.0,1.0
XGBoost_single_with_coords,spatial,True,Saltuarius swaini,14,3,0.8,0.1,5,100,1.0,103,2,0.07842680311994499,0.9009900990099009,0.12916666666666665,0.01903518239676106,0.0,0.0,1.0
XGBoost_single_with_coords,spatial,True,Saltuarius swaini,14,4,0.8,0.1,5,100,1.0,103,2,0.10732969974514014,0.6386138613861386,0.03851540616246499,0.01944158744324085,0.0,0.0,1.0
XGBoost_single_with_coords,spatial,True,Saltuarius swaini,14,5,0.8,0.1,5,100,1.0,102,1,0.058254516716335226,0.6336633663366337,0.02631578947368421,0.009931399751749984,0.0,0.0,1.0
XGBoost_single_with_coords,spatial,True,Saltuarius swaini,15,1,0.8,0.1,5,300,0.8,103,2,0.10350768609661712,0.7326732673267327,0.05115089514066496,0.020225599965186022,0.0,0.0,1.0
XGBoost_single_with_coords,spatial,True,Saltuarius swaini,15,2,0.8,0.1,5,300,0.8,102,1,0.09408178791830149,0.05940594059405946,0.010416666666666666,0.009857860183424369,0.0,0.0,1.0
XGBoost_single_with_coords,spatial,True,Saltuarius swaini,15,3,0.8,0.1,5,300,0.8,103,2,0.07582951294784786,0.905940594059406,0.1380952380952381,0.01838492201252335,0.0,0.0,1.0
XGBoost_single_with_coords,spatial,True,Saltuarius swaini,15,4,0.8,0.1,5,300,0.8,103,2,0.13228109773644472,0.4257425742574258,0.024568195354377605,0.01972081518227951,0.0,0.0,1.0
XGBoost_single_with_coords,spatial,True,Saltuarius swaini,15,5,0.8,0.1,5,300,0.8,102,1,0.06421441983904715,0.5841584158415842,0.023255813953488372,0.009894551429148815,0.0,0.0,1.0
XGBoost_single_with_coords,spatial,True,Saltuarius swaini,16,1,0.8,0.1,5,300,1.0,103,2,0.10194357828823267,0.806930693069307,0.075,0.019991297478697715,0.0,0.0,1.0
XGBoost_single_with_coords,spatial,True,Saltuarius swaini,16,2,0.8,0.1,5,300,1.0,102,1,0.10264041760290478,0.05940594059405946,0.010416666666666666,0.009865519490323736,0.0,0.0,1.0
XGBoost_single_with_coords,spatial,True,Saltuarius swaini,16,3,0.8,0.1,5,300,1.0,103,2,0.06684966161831914,0.9405940594059405,0.2,0.017761835655288383,0.0,0.0,1.0
XGBoost_single_with_coords,spatial,True,Saltuarius swaini,16,4,0.8,0.1,5,300,1.0,103,2,0.1258492050545039,0.599009900990099,0.03504273504273504,0.019532699496883695,0.0,0.0,1.0
XGBoost_single_with_coords,spatial,True,Saltuarius swaini,16,5,0.8,0.1,5,300,1.0,102,1,0.06373369785204128,0.6435643564356436,0.02702702702702703,0.009900857850999763,0.0,0.0,1.0
XGBoost_single_with_coords,spatial,True,Saltuarius swaini,17,1,1.0,0.03,3,100,0.8,103,2,0.09955005278541017,0.6237623762376238,0.03689064558629776,0.019314971800300184,0.0,0.0,1.0
XGBoost_single_with_coords,spatial,True,Saltuarius swaini,17,2,1.0,0.03,3,100,0.8,102,1,0.0667961622827547,0.0,0.00980392156862745,0.009940809400038325,0.0,0.0,1.0
XGBoost_single_with_coords,spatial,True,Saltuarius swaini,17,3,1.0,0.03,3,100,0.8,103,2,0.09009400257098657,0.7772277227722773,0.06512605042016806,0.018963460766509104,0.0,0.0,1.0
XGBoost_single_with_coords,spatial,True,Saltuarius swaini,17,4,1.0,0.03,3,100,0.8,103,2,0.0962663833136,0.6138613861386139,0.048484848484848485,0.01905510038851432,0.0,0.0,1.0
XGBoost_single_with_coords,spatial,True,Saltuarius swaini,17,5,1.0,0.03,3,100,0.8,102,1,0.06256026340737066,0.3168316831683168,0.014285714285714285,0.010017560645528572,0.0,0.0,1.0
XGBoost_single_with_coords,spatial,True,Saltuarius swaini,18,1,1.0,0.03,3,100,1.0,103,2,0.09503217490958539,0.7524752475247525,0.05634920634920634,0.01929270323641222,0.0,0.0,1.0
XGBoost_single_with_coords,spatial,True,Saltuarius swaini,18,2,1.0,0.03,3,100,1.0,102,1,0.06924233805698307,0.004950495049504955,0.00980392156862745,0.009986979906361144,0.0,0.0,1.0
XGBoost_single_with_coords,spatial,True,Saltuarius swaini,18,3,1.0,0.03,3,100,1.0,103,2,0.08456810344627698,0.8168316831683169,0.07333333333333333,0.018875486431122676,0.0,0.0,1.0
XGBoost_single_with_coords,spatial,True,Saltuarius swaini,18,4,1.0,0.03,3,100,1.0,103,2,0.08833388339574698,0.7772277227722773,0.09523809523809523,0.01882411088900222,0.0,0.0,1.0
XGBoost_single_with_coords,spatial,True,Saltuarius swaini,18,5,1.0,0.03,3,100,1.0,102,1,0.057095817094386554,0.5346534653465347,0.02040816326530612,0.009875416022204105,0.0,0.0,1.0
XGBoost_single_with_coords,spatial,True,Saltuarius swaini,19,1,1.0,0.03,3,300,0.8,103,2,0.10163499816420155,0.6584158415841584,0.040625,0.01951896950725684,0.0,0.0,1.0
XGBoost_single_with_coords,spatial,True,Saltuarius swaini,19,2,1.0,0.03,3,300,0.8,102,1,0.07807825026365343,0.03960396039603964,0.01020408163265306,0.01006821341098869,0.0,0.0,1.0
XGBoost_single_with_coords,spatial,True,Saltuarius swaini,19,3,1.0,0.03,3,300,0.8,103,2,0.08674786747646401,0.8514851485148515,0.09347826086956522,0.019046003454767795,0.0,0.0,1.0
XGBoost_single_with_coords,spatial,True,Saltuarius swaini,19,4,1.0,0.03,3,300,0.8,103,2,0.11019150302336832,0.4504950495049505,0.025893752088205813,0.019406371675877686,0.0,0.0,1.0
XGBoost_single_with_coords,spatial,True,Saltuarius swaini,19,5,1.0,0.03,3,300,0.8,102,1,0.06569488910938498,0.306930693069307,0.014084507042253521,0.009992320835590542,0.0,0.0,1.0
XGBoost_single_with_coords,spatial,True,Saltuarius swaini,20,1,1.0,0.03,3,300,1.0,103,2,0.09932377583198579,0.7524752475247525,0.05964912280701754,0.01986032127481392,0.0,0.0,1.0
XGBoost_single_with_coords,spatial,True,Saltuarius swaini,20,2,1.0,0.03,3,300,1.0,102,1,0.08581593402689232,0.09900990099009899,0.010869565217391304,0.010111980375279472,0.0,0.0,1.0
XGBoost_single_with_coords,spatial,True,Saltuarius swaini,20,3,1.0,0.03,3,300,1.0,103,2,0.07909394057829615,0.8811881188118813,0.1111111111111111,0.019001386809680103,0.0,0.0,1.0
XGBoost_single_with_coords,spatial,True,Saltuarius swaini,20,4,1.0,0.03,3,300,1.0,103,2,0.10423693777501959,0.6287128712871287,0.03737373737373738,0.019419066453628824,0.0,0.0,1.0
XGBoost_single_with_coords,spatial,True,Saltuarius swaini,20,5,1.0,0.03,3,300,1.0,102,1,0.05658535334727983,0.7128712871287128,0.03333333333333333,0.009892447577913882,0.0,0.0,1.0
XGBoost_single_with_coords,spatial,True,Saltuarius swaini,21,1,1.0,0.03,5,100,0.8,103,2,0.09955005278541017,0.6237623762376238,0.03689064558629776,0.019314971800300184,0.0,0.0,1.0
XGBoost_single_with_coords,spatial,True,Saltuarius swaini,21,2,1.0,0.03,5,100,0.8,102,1,0.0667961622827547,0.0,0.00980392156862745,0.009940809400038325,0.0,0.0,1.0
XGBoost_single_with_coords,spatial,True,Saltuarius swaini,21,3,1.0,0.03,5,100,0.8,103,2,0.09009400257098657,0.7772277227722773,0.06512605042016806,0.018963460766509104,0.0,0.0,1.0
XGBoost_single_with_coords,spatial,True,Saltuarius swaini,21,4,1.0,0.03,5,100,0.8,103,2,0.0962663833136,0.6138613861386139,0.048484848484848485,0.01905510038851432,0.0,0.0,1.0
XGBoost_single_with_coords,spatial,True,Saltuarius swaini,21,5,1.0,0.03,5,100,0.8,102,1,0.062545257390126,0.3267326732673267,0.014492753623188406,0.010017782090291756,0.0,0.0,1.0
XGBoost_single_with_coords,spatial,True,Saltuarius swaini,22,1,1.0,0.03,5,100,1.0,103,2,0.09479244135818946,0.7475247524752475,0.05555555555555555,0.01929100189492528,0.0,0.0,1.0
XGBoost_single_with_coords,spatial,True,Saltuarius swaini,22,2,1.0,0.03,5,100,1.0,102,1,0.06918179225458294,0.004950495049504955,0.00980392156862745,0.009987710098958574,0.0,0.0,1.0
XGBoost_single_with_coords,spatial,True,Saltuarius swaini,22,3,1.0,0.03,5,100,1.0,103,2,0.08457579293502128,0.8168316831683169,0.07333333333333333,0.018896018809397164,0.0,0.0,1.0
XGBoost_single_with_coords,spatial,True,Saltuarius swaini,22,4,1.0,0.03,5,100,1.0,103,2,0.08725181938079994,0.7722772277227723,0.09523809523809523,0.018762605344880588,0.0,0.0,1.0
XGBoost_single_with_coords,spatial,True,Saltuarius swaini,22,5,1.0,0.03,5,100,1.0,102,1,0.057324749440043524,0.5346534653465347,0.02040816326530612,0.009897990711849642,0.0,0.0,1.0
XGBoost_single_with_coords,spatial,True,Saltuarius swaini,23,1,1.0,0.03,5,300,0.8,103,2,0.10163499816420155,0.6584158415841584,0.040625,0.01951896950725684,0.0,0.0,1.0
XGBoost_single_with_coords,spatial,True,Saltuarius swaini,23,2,1.0,0.03,5,300,0.8,102,1,0.07807825026365343,0.03960396039603964,0.01020408163265306,0.01006821341098869,0.0,0.0,1.0
XGBoost_single_with_coords,spatial,True,Saltuarius swaini,23,3,1.0,0.03,5,300,0.8,103,2,0.08674786747646401,0.8514851485148515,0.09347826086956522,0.019046003454767795,0.0,0.0,1.0
XGBoost_single_with_coords,spatial,True,Saltuarius swaini,23,4,1.0,0.03,5,300,0.8,103,2,0.11019150302336832,0.4504950495049505,0.025893752088205813,0.019406371675877686,0.0,0.0,1.0
XGBoost_single_with_coords,spatial,True,Saltuarius swaini,23,5,1.0,0.03,5,300,0.8,102,1,0.0666008596539306,0.26732673267326734,0.013333333333333334,0.010008100107321045,0.0,0.0,1.0
XGBoost_single_with_coords,spatial,True,Saltuarius swaini,24,1,1.0,0.03,5,300,1.0,103,2,0.10029408914093844,0.7524752475247524,0.05634920634920634,0.019892283915337202,0.0,0.0,1.0
XGBoost_single_with_coords,spatial,True,Saltuarius swaini,24,2,1.0,0.03,5,300,1.0,102,1,0.08542198833643112,0.09900990099009899,0.010869565217391304,0.010097734307899942,0.0,0.0,1.0
XGBoost_single_with_coords,spatial,True,Saltuarius swaini,24,3,1.0,0.03,5,300,1.0,103,2,0.0782084363752452,0.8811881188118812,0.1111111111111111,0.018987558558735428,0.0,0.0,1.0
XGBoost_single_with_coords,spatial,True,Saltuarius swaini,24,4,1.0,0.03,5,300,1.0,103,2,0.10271889693673328,0.6881188118811881,0.044172932330827065,0.019363474265435873,0.0,0.0,1.0
XGBoost_single_with_coords,spatial,True,Saltuarius swaini,24,5,1.0,0.03,5,300,1.0,102,1,0.05675364773811074,0.698019801980198,0.03125,0.009894112608853506,0.0,0.0,1.0
XGBoost_single_with_coords,spatial,True,Saltuarius swaini,25,1,1.0,0.1,3,100,0.8,103,2,0.10477293745437777,0.6534653465346535,0.04060150375939849,0.01980343530939447,0.0,0.0,1.0
XGBoost_single_with_coords,spatial,True,Saltuarius swaini,25,2,1.0,0.1,3,100,0.8,102,1,0.07640002072932883,0.07920792079207917,0.010638297872340425,0.01009855596990901,0.0,0.0,1.0
XGBoost_single_with_coords,spatial,True,Saltuarius swaini,25,3,1.0,0.1,3,100,0.8,103,2,0.08506725489688942,0.8712871287128713,0.10555555555555556,0.01916120243941662,0.0,0.0,1.0
XGBoost_single_with_coords,spatial,True,Saltuarius swaini,25,4,1.0,0.1,3,100,0.8,103,2,0.11019764745853636,0.5,0.028021349599695006,0.019398419084190148,0.0,0.0,1.0
XGBoost_single_with_coords,spatial,True,Saltuarius swaini,25,5,1.0,0.1,3,100,0.8,102,1,0.0625019764342399,0.4752475247524752,0.018518518518518517,0.009932712747495711,0.0,0.0,1.0
XGBoost_single_with_coords,spatial,True,Saltuarius swaini,26,1,1.0,0.1,3,100,1.0,103,2,0.09983147876869117,0.7376237623762376,0.052380952380952375,0.019684905405453024,0.0,0.0,1.0
XGBoost_single_with_coords,spatial,True,Saltuarius swaini,26,2,1.0,0.1,3,100,1.0,102,1,0.0875059112288676,0.07920792079207917,0.010638297872340425,0.009991379359186908,0.0,0.0,1.0
XGBoost_single_with_coords,spatial,True,Saltuarius swaini,26,3,1.0,0.1,3,100,1.0,103,2,0.07980595715947585,0.8762376237623763,0.1125,0.019113628499646658,0.0,0.0,1.0
XGBoost_single_with_coords,spatial,True,Saltuarius swaini,26,4,1.0,0.1,3,100,1.0,103,2,0.10435216817984559,0.6732673267326733,0.042444821731748725,0.019392510961953043,0.0,0.0,1.0
XGBoost_single_with_coords,spatial,True,Saltuarius swaini,26,5,1.0,0.1,3,100,1.0,102,1,0.05138741989132794,0.806930693069307,0.047619047619047616,0.009794918635439019,0.0,0.0,1.0
XGBoost_single_with_coords,spatial,True,Saltuarius swaini,27,1,1.0,0.1,3,300,0.8,103,2,0.11362278850738998,0.6782178217821782,0.04288240495137047,0.020065092314197612,0.0,0.0,1.0
XGBoost_single_with_coords,spatial,True,Saltuarius swaini,27,2,1.0,0.1,3,300,0.8,102,1,0.09380779862928963,0.06930693069306926,0.010526315789473684,0.009864739489394838,0.0,0.0,1.0
XGBoost_single_with_coords,spatial,True,Saltuarius swaini,27,3,1.0,0.1,3,300,0.8,103,2,0.0791832469424565,0.900990099009901,0.13392857142857142,0.018631014908665675,0.0,0.0,1.0
XGBoost_single_with_coords,spatial,True,Saltuarius swaini,27,4,1.0,0.1,3,300,0.8,103,2,0.12377312621472894,0.5148514851485149,0.02890749601275917,0.01974891924904218,0.0,0.0,1.0
XGBoost_single_with_coords,spatial,True,Saltuarius swaini,27,5,1.0,0.1,3,300,0.8,102,1,0.06647671125197936,0.49504950495049505,0.019230769230769232,0.009878885812405943,0.0,0.0,1.0
XGBoost_single_with_coords,spatial,True,Saltuarius swaini,28,1,1.0,0.1,3,300,1.0,103,2,0.107472845607348,0.7475247524752475,0.05756578947368421,0.019997603942042808,0.0,0.0,1.0
XGBoost_single_with_coords,spatial,True,Saltuarius swaini,28,2,1.0,0.1,3,300,1.0,102,1,0.09892387643336072,0.07920792079207917,0.010638297872340425,0.00985001165146447,0.0,0.0,1.0
XGBoost_single_with_coords,spatial,True,Saltuarius swaini,28,3,1.0,0.1,3,300,1.0,103,2,0.07104363676417391,0.9356435643564357,0.18333333333333335,0.018153971084995658,0.0,0.0,1.0
XGBoost_single_with_coords,spatial,True,Saltuarius swaini,28,4,1.0,0.1,3,300,1.0,103,2,0.12408543509206785,0.608910891089109,0.03553921568627451,0.019475514010606595,0.0,0.0,1.0
XGBoost_single_with_coords,spatial,True,Saltuarius swaini,28,5,1.0,0.1,3,300,1.0,102,1,0.059327416902481035,0.7178217821782178,0.03333333333333333,0.009888257129146904,0.0,0.0,1.0
XGBoost_single_with_coords,spatial,True,Saltuarius swaini,29,1,1.0,0.1,5,100,0.8,103,2,0.10477293745437777,0.6534653465346535,0.04060150375939849,0.01980343530939447,0.0,0.0,1.0
XGBoost_single_with_coords,spatial,True,Saltuarius swaini,29,2,1.0,0.1,5,100,0.8,102,1,0.07640002072932883,0.07920792079207917,0.010638297872340425,0.01009855596990901,0.0,0.0,1.0
XGBoost_single_with_coords,spatial,True,Saltuarius swaini,29,3,1.0,0.1,5,100,0.8,103,2,0.08506725489688942,0.8712871287128713,0.10555555555555556,0.01916120243941662,0.0,0.0,1.0
XGBoost_single_with_coords,spatial,True,Saltuarius swaini,29,4,1.0,0.1,5,100,0.8,103,2,0.11019764745853636,0.5,0.028021349599695006,0.019398419084190148,0.0,0.0,1.0
XGBoost_single_with_coords,spatial,True,Saltuarius swaini,29,5,1.0,0.1,5,100,0.8,102,1,0.0625019764342399,0.4752475247524752,0.018518518518518517,0.009932712747495711,0.0,0.0,1.0
XGBoost_single_with_coords,spatial,True,Saltuarius swaini,30,1,1.0,0.1,5,100,1.0,103,2,0.09865969363574287,0.7673267326732673,0.06190476190476191,0.01977418351374539,0.0,0.0,1.0
XGBoost_single_with_coords,spatial,True,Saltuarius swaini,30,2,1.0,0.1,5,100,1.0,102,1,0.08703685923115302,0.04950495049504955,0.010309278350515464,0.00999351854683439,0.0,0.0,1.0
XGBoost_single_with_coords,spatial,True,Saltuarius swaini,30,3,1.0,0.1,5,100,1.0,103,2,0.08001094252375204,0.8712871287128713,0.10555555555555556,0.019083471610054026,0.0,0.0,1.0
XGBoost_single_with_coords,spatial,True,Saltuarius swaini,30,4,1.0,0.1,5,100,1.0,103,2,0.10302189667464645,0.698019801980198,0.0458128078817734,0.019360338421319075,0.0,0.0,1.0
XGBoost_single_with_coords,spatial,True,Saltuarius swaini,30,5,1.0,0.1,5,100,1.0,102,1,0.055748784841098666,0.7079207920792079,0.03225806451612903,0.009875967643111898,0.0,0.0,1.0
XGBoost_single_with_coords,spatial,True,Saltuarius swaini,31,1,1.0,0.1,5,300,0.8,103,2,0.11362278850738998,0.6782178217821782,0.04288240495137047,0.020065092314197612,0.0,0.0,1.0
XGBoost_single_with_coords,spatial,True,Saltuarius swaini,31,2,1.0,0.1,5,300,0.8,102,1,0.09380779862928963,0.06930693069306926,0.010526315789473684,0.009864739489394838,0.0,0.0,1.0
XGBoost_single_with_coords,spatial,True,Saltuarius swaini,31,3,1.0,0.1,5,300,0.8,103,2,0.0791832469424565,0.900990099009901,0.13392857142857142,0.018631014908665675,0.0,0.0,1.0
XGBoost_single_with_coords,spatial,True,Saltuarius swaini,31,4,1.0,0.1,5,300,0.8,103,2,0.12377312621472894,0.5148514851485149,0.02890749601275917,0.01974891924904218,0.0,0.0,1.0
XGBoost_single_with_coords,spatial,True,Saltuarius swaini,31,5,1.0,0.1,5,300,0.8,102,1,0.06647671125197936,0.49504950495049505,0.019230769230769232,0.009878885812405943,0.0,0.0,1.0
XGBoost_single_with_coords,spatial,True,Saltuarius swaini,32,1,1.0,0.1,5,300,1.0,103,2,0.1048948459996854,0.7673267326732673,0.06548856548856549,0.02011905678466394,0.0,0.0,1.0
XGBoost_single_with_coords,spatial,True,Saltuarius swaini,32,2,1.0,0.1,5,300,1.0,102,1,0.1013596114583416,0.05940594059405946,0.010416666666666666,0.009852308880990984,0.0,0.0,1.0
XGBoost_single_with_coords,spatial,True,Saltuarius swaini,32,3,1.0,0.1,5,300,1.0,103,2,0.07210917339508932,0.9356435643564356,0.18333333333333335,0.018191635808946074,0.0,0.0,1.0
XGBoost_single_with_coords,spatial,True,Saltuarius swaini,32,4,1.0,0.1,5,300,1.0,103,2,0.12412589074894494,0.608910891089109,0.03573573573573574,0.019519988853874043,0.0,0.0,1.0
XGBoost_single_with_coords,spatial,True,Saltuarius swaini,32,5,1.0,0.1,5,300,1.0,102,1,0.06244078091632303,0.6584158415841584,0.027777777777777776,0.009871540192966972,0.0,0.0,1.0
