log_loss,roc_auc,pr_auc,brier_score,accuracy,f1
0.5191367740186332,0.8199652777777778,0.23717776230403748,0.1729129592176762,0.7612085769980507,0.30199430199430194
