long,lat,disturb,rainann,soildepth,soilfert,tempann,topo,easting,northing,plot,Species,pres.abs,id
153.4889,-28.1669,3,1588,1139,2,200,0,-41493.9280416253,6871991.45080523,1,Cacophis kreftii,0,1
153.4889,-28.1669,3,1588,1139,2,200,0,-41493.9280416253,6871991.45080523,1,Calyptotis scutirostrum,0,2
153.4889,-28.1669,3,1588,1139,2,200,0,-41493.9280416253,6871991.45080523,1,Coeranoscincus reticulatus,0,3
153.4889,-28.1669,3,1588,1139,2,200,0,-41493.9280416253,6871991.45080523,1,Egernia mcpheei,0,4
153.4889,-28.1669,3,1588,1139,2,200,0,-41493.9280416253,6871991.45080523,1,Eulamprus murrayi,0,5
153.4889,-28.1669,3,1588,1139,2,200,0,-41493.9280416253,6871991.45080523,1,Ophioscincus truncatus,0,6
153.4889,-28.1669,3,1588,1139,2,200,0,-41493.9280416253,6871991.45080523,1,Pseudechis porphyricaus,0,7
153.4889,-28.1669,3,1588,1139,2,200,0,-41493.9280416253,6871991.45080523,1,Saltuarius swaini,0,8
153.493,-28.1687,3,1594,1159,2,200,0,-41081.2907853927,6871809.90930948,2,Cacophis kreftii,0,9
153.493,-28.1687,3,1594,1159,2,200,0,-41081.2907853927,6871809.90930948,2,Calyptotis scutirostrum,0,10
153.493,-28.1687,3,1594,1159,2,200,0,-41081.2907853927,6871809.90930948,2,Coeranoscincus reticulatus,0,11
153.493,-28.1687,3,1594,1159,2,200,0,-41081.2907853927,6871809.90930948,2,Egernia mcpheei,0,12
153.493,-28.1687,3,1594,1159,2,200,0,-41081.2907853927,6871809.90930948,2,Eulamprus murrayi,0,13
153.493,-28.1687,3,1594,1159,2,200,0,-41081.2907853927,6871809.90930948,2,Ophioscincus truncatus,0,14
153.493,-28.1687,3,1594,1159,2,200,0,-41081.2907853927,6871809.90930948,2,Pseudechis porphyricaus,0,15
153.493,-28.1687,3,1594,1159,2,200,0,-41081.2907853927,6871809.90930948,2,Saltuarius swaini,0,16
153.493,-28.1705,3,1594,1159,2,200,-1,-41072.1914095881,6871609.99494362,3,Cacophis kreftii,0,17
153.493,-28.1705,3,1594,1159,2,200,-1,-41072.1914095881,6871609.99494362,3,Calyptotis scutirostrum,0,18
153.493,-28.1705,3,1594,1159,2,200,-1,-41072.1914095881,6871609.99494362,3,Coeranoscincus reticulatus,0,19
153.493,-28.1705,3,1594,1159,2,200,-1,-41072.1914095881,6871609.99494362,3,Egernia mcpheei,0,20
153.493,-28.1705,3,1594,1159,2,200,-1,-41072.1914095881,6871609.99494362,3,Eulamprus murrayi,0,21
153.493,-28.1705,3,1594,1159,2,200,-1,-41072.1914095881,6871609.99494362,3,Ophioscincus truncatus,0,22
153.493,-28.1705,3,1594,1159,2,200,-1,-41072.1914095881,6871609.99494362,3,Pseudechis porphyricaus,0,23
153.493,-28.1705,3,1594,1159,2,200,-1,-41072.1914095881,6871609.99494362,3,Saltuarius swaini,0,24
153.4951,-28.1705,3,1594,1159,2,200,-1,-40865.5086195344,6871619.40086448,4,Cacophis kreftii,0,25
153.4951,-28.1705,3,1594,1159,2,200,-1,-40865.5086195344,6871619.40086448,4,Calyptotis scutirostrum,0,26
153.4951,-28.1705,3,1594,1159,2,200,-1,-40865.5086195344,6871619.40086448,4,Coeranoscincus reticulatus,0,27
153.4951,-28.1705,3,1594,1159,2,200,-1,-40865.5086195344,6871619.40086448,4,Egernia mcpheei,0,28
153.4951,-28.1705,3,1594,1159,2,200,-1,-40865.5086195344,6871619.40086448,4,Eulamprus murrayi,0,29
153.4951,-28.1705,3,1594,1159,2,200,-1,-40865.5086195344,6871619.40086448,4,Ophioscincus truncatus,0,30
153.4951,-28.1705,3,1594,1159,2,200,-1,-40865.5086195344,6871619.40086448,4,Pseudechis porphyricaus,0,31
153.4951,-28.1705,3,1594,1159,2,200,-1,-40865.5086195344,6871619.40086448,4,Saltuarius swaini,0,32
153.5502,-28.1974,3,1676,1350,1,200,-1,-35308.0704721359,6868877.44698887,5,Cacophis kreftii,0,33
153.5502,-28.1974,3,1676,1350,1,200,-1,-35308.0704721359,6868877.44698887,5,Calyptotis scutirostrum,0,34
153.5502,-28.1974,3,1676,1350,1,200,-1,-35308.0704721359,6868877.44698887,5,Coeranoscincus reticulatus,0,35
153.5502,-28.1974,3,1676,1350,1,200,-1,-35308.0704721359,6868877.44698887,5,Egernia mcpheei,0,36
153.5502,-28.1974,3,1676,1350,1,200,-1,-35308.0704721359,6868877.44698887,5,Eulamprus murrayi,0,37
153.5502,-28.1974,3,1676,1350,1,200,-1,-35308.0704721359,6868877.44698887,5,Ophioscincus truncatus,0,38
153.5502,-28.1974,3,1676,1350,1,200,-1,-35308.0704721359,6868877.44698887,5,Pseudechis porphyricaus,0,39
153.5502,-28.1974,3,1676,1350,1,200,-1,-35308.0704721359,6868877.44698887,5,Saltuarius swaini,0,40
153.5543,-28.1974,3,1666,1340,1,200,0,-34904.6711515897,6868895.62594752,6,Cacophis kreftii,0,41
153.5543,-28.1974,3,1666,1340,1,200,0,-34904.6711515897,6868895.62594752,6,Calyptotis scutirostrum,0,42
153.5543,-28.1974,3,1666,1340,1,200,0,-34904.6711515897,6868895.62594752,6,Coeranoscincus reticulatus,0,43
153.5543,-28.1974,3,1666,1340,1,200,0,-34904.6711515897,6868895.62594752,6,Egernia mcpheei,0,44
153.5543,-28.1974,3,1666,1340,1,200,0,-34904.6711515897,6868895.62594752,6,Eulamprus murrayi,0,45
153.5543,-28.1974,3,1666,1340,1,200,0,-34904.6711515897,6868895.62594752,6,Ophioscincus truncatus,0,46
153.5543,-28.1974,3,1666,1340,1,200,0,-34904.6711515897,6868895.62594752,6,Pseudechis porphyricaus,0,47
153.5543,-28.1974,3,1666,1340,1,200,0,-34904.6711515897,6868895.62594752,6,Saltuarius swaini,0,48
153.5502,-28.201,3,1684,1360,1,200,-1,-35290.0454930004,6868477.63934909,7,Cacophis kreftii,0,49
153.5502,-28.201,3,1684,1360,1,200,-1,-35290.0454930004,6868477.63934909,7,Calyptotis scutirostrum,0,50
153.5502,-28.201,3,1684,1360,1,200,-1,-35290.0454930004,6868477.63934909,7,Coeranoscincus reticulatus,0,51
153.5502,-28.201,3,1684,1360,1,200,-1,-35290.0454930004,6868477.63934909,7,Egernia mcpheei,0,52
153.5502,-28.201,3,1684,1360,1,200,-1,-35290.0454930004,6868477.63934909,7,Eulamprus murrayi,0,53
153.5502,-28.201,3,1684,1360,1,200,-1,-35290.0454930004,6868477.63934909,7,Ophioscincus truncatus,0,54
153.5502,-28.201,3,1684,1360,1,200,-1,-35290.0454930004,6868477.63934909,7,Pseudechis porphyricaus,0,55
153.5502,-28.201,3,1684,1360,1,200,-1,-35290.0454930004,6868477.63934909,7,Saltuarius swaini,0,56
152.5066,-28.2536,2,1558,1110,2,160,-7,-137704.412592416,6857551.30118634,8,Cacophis kreftii,0,57
152.5066,-28.2536,2,1558,1110,2,160,-7,-137704.412592416,6857551.30118634,8,Calyptotis scutirostrum,1,58
152.5066,-28.2536,2,1558,1110,2,160,-7,-137704.412592416,6857551.30118634,8,Coeranoscincus reticulatus,0,59
152.5066,-28.2536,2,1558,1110,2,160,-7,-137704.412592416,6857551.30118634,8,Egernia mcpheei,0,60
152.5066,-28.2536,2,1558,1110,2,160,-7,-137704.412592416,6857551.30118634,8,Eulamprus murrayi,0,61
152.5066,-28.2536,2,1558,1110,2,160,-7,-137704.412592416,6857551.30118634,8,Ophioscincus truncatus,0,62
152.5066,-28.2536,2,1558,1110,2,160,-7,-137704.412592416,6857551.30118634,8,Pseudechis porphyricaus,0,63
152.5066,-28.2536,2,1558,1110,2,160,-7,-137704.412592416,6857551.30118634,8,Saltuarius swaini,0,64
152.4993,-28.2579,2,1570,1110,2,158,-4,-138397.248869934,6857034.50366113,9,Cacophis kreftii,0,65
152.4993,-28.2579,2,1570,1110,2,158,-4,-138397.248869934,6857034.50366113,9,Calyptotis scutirostrum,1,66
152.4993,-28.2579,2,1570,1110,2,158,-4,-138397.248869934,6857034.50366113,9,Coeranoscincus reticulatus,0,67
152.4993,-28.2579,2,1570,1110,2,158,-4,-138397.248869934,6857034.50366113,9,Egernia mcpheei,0,68
152.4993,-28.2579,2,1570,1110,2,158,-4,-138397.248869934,6857034.50366113,9,Eulamprus murrayi,0,69
152.4993,-28.2579,2,1570,1110,2,158,-4,-138397.248869934,6857034.50366113,9,Ophioscincus truncatus,0,70
152.4993,-28.2579,2,1570,1110,2,158,-4,-138397.248869934,6857034.50366113,9,Pseudechis porphyricaus,0,71
152.4993,-28.2579,2,1570,1110,2,158,-4,-138397.248869934,6857034.50366113,9,Saltuarius swaini,0,72
152.5147,-28.2608,3,1474,1080,2,159,-10,-136863.959527277,6856793.78799094,10,Cacophis kreftii,0,73
152.5147,-28.2608,3,1474,1080,2,159,-10,-136863.959527277,6856793.78799094,10,Calyptotis scutirostrum,1,74
152.5147,-28.2608,3,1474,1080,2,159,-10,-136863.959527277,6856793.78799094,10,Coeranoscincus reticulatus,0,75
152.5147,-28.2608,3,1474,1080,2,159,-10,-136863.959527277,6856793.78799094,10,Egernia mcpheei,0,76
152.5147,-28.2608,3,1474,1080,2,159,-10,-136863.959527277,6856793.78799094,10,Eulamprus murrayi,0,77
152.5147,-28.2608,3,1474,1080,2,159,-10,-136863.959527277,6856793.78799094,10,Ophioscincus truncatus,0,78
152.5147,-28.2608,3,1474,1080,2,159,-10,-136863.959527277,6856793.78799094,10,Pseudechis porphyricaus,0,79
152.5147,-28.2608,3,1474,1080,2,159,-10,-136863.959527277,6856793.78799094,10,Saltuarius swaini,0,80
152.5229,-28.2644,3,1402,1090,4,160,10,-136035.289036256,6856436.98532356,11,Cacophis kreftii,0,81
152.5229,-28.2644,3,1402,1090,4,160,10,-136035.289036256,6856436.98532356,11,Calyptotis scutirostrum,0,82
152.5229,-28.2644,3,1402,1090,4,160,10,-136035.289036256,6856436.98532356,11,Coeranoscincus reticulatus,0,83
152.5229,-28.2644,3,1402,1090,4,160,10,-136035.289036256,6856436.98532356,11,Egernia mcpheei,0,84
152.5229,-28.2644,3,1402,1090,4,160,10,-136035.289036256,6856436.98532356,11,Eulamprus murrayi,0,85
152.5229,-28.2644,3,1402,1090,4,160,10,-136035.289036256,6856436.98532356,11,Ophioscincus truncatus,0,86
152.5229,-28.2644,3,1402,1090,4,160,10,-136035.289036256,6856436.98532356,11,Pseudechis porphyricaus,0,87
152.5229,-28.2644,3,1402,1090,4,160,10,-136035.289036256,6856436.98532356,11,Saltuarius swaini,0,88
153.5609,-28.302,2,1738,1370,1,200,0,-33731.7544986707,6857308.33389593,12,Cacophis kreftii,0,89
153.5609,-28.302,2,1738,1370,1,200,0,-33731.7544986707,6857308.33389593,12,Calyptotis scutirostrum,0,90
153.5609,-28.302,2,1738,1370,1,200,0,-33731.7544986707,6857308.33389593,12,Coeranoscincus reticulatus,0,91
153.5609,-28.302,2,1738,1370,1,200,0,-33731.7544986707,6857308.33389593,12,Egernia mcpheei,0,92
153.5609,-28.302,2,1738,1370,1,200,0,-33731.7544986707,6857308.33389593,12,Eulamprus murrayi,0,93
153.5609,-28.302,2,1738,1370,1,200,0,-33731.7544986707,6857308.33389593,12,Ophioscincus truncatus,0,94
153.5609,-28.302,2,1738,1370,1,200,0,-33731.7544986707,6857308.33389593,12,Pseudechis porphyricaus,0,95
153.5609,-28.302,2,1738,1370,1,200,0,-33731.7544986707,6857308.33389593,12,Saltuarius swaini,0,96
153.5548,-28.3039,2,1746,1370,1,200,0,-34321.800023131,6857070.2411377,13,Cacophis kreftii,0,97
153.5548,-28.3039,2,1746,1370,1,200,0,-34321.800023131,6857070.2411377,13,Calyptotis scutirostrum,0,98
153.5548,-28.3039,2,1746,1370,1,200,0,-34321.800023131,6857070.2411377,13,Coeranoscincus reticulatus,0,99
153.5548,-28.3039,2,1746,1370,1,200,0,-34321.800023131,6857070.2411377,13,Egernia mcpheei,0,100
153.5548,-28.3039,2,1746,1370,1,200,0,-34321.800023131,6857070.2411377,13,Eulamprus murrayi,0,101
153.5548,-28.3039,2,1746,1370,1,200,0,-34321.800023131,6857070.2411377,13,Ophioscincus truncatus,0,102
153.5548,-28.3039,2,1746,1370,1,200,0,-34321.800023131,6857070.2411377,13,Pseudechis porphyricaus,0,103
153.5548,-28.3039,2,1746,1370,1,200,0,-34321.800023131,6857070.2411377,13,Saltuarius swaini,0,104
153.5549,-28.3111,3,1736,1360,1,200,0,-34275.8254670192,6856271.07240226,14,Cacophis kreftii,0,105
153.5549,-28.3111,3,1736,1360,1,200,0,-34275.8254670192,6856271.07240226,14,Calyptotis scutirostrum,0,106
153.5549,-28.3111,3,1736,1360,1,200,0,-34275.8254670192,6856271.07240226,14,Coeranoscincus reticulatus,0,107
153.5549,-28.3111,3,1736,1360,1,200,0,-34275.8254670192,6856271.07240226,14,Egernia mcpheei,0,108
153.5549,-28.3111,3,1736,1360,1,200,0,-34275.8254670192,6856271.07240226,14,Eulamprus murrayi,0,109
153.5549,-28.3111,3,1736,1360,1,200,0,-34275.8254670192,6856271.07240226,14,Ophioscincus truncatus,0,110
153.5549,-28.3111,3,1736,1360,1,200,0,-34275.8254670192,6856271.07240226,14,Pseudechis porphyricaus,0,111
153.5549,-28.3111,3,1736,1360,1,200,0,-34275.8254670192,6856271.07240226,14,Saltuarius swaini,0,112
152.8878,-28.3212,1,1426,1029,5,162,-9,-99804.9506313828,6852000.67743644,15,Cacophis kreftii,0,113
152.8878,-28.3212,1,1426,1029,5,162,-9,-99804.9506313828,6852000.67743644,15,Calyptotis scutirostrum,1,114
152.8878,-28.3212,1,1426,1029,5,162,-9,-99804.9506313828,6852000.67743644,15,Coeranoscincus reticulatus,0,115
152.8878,-28.3212,1,1426,1029,5,162,-9,-99804.9506313828,6852000.67743644,15,Egernia mcpheei,1,116
152.8878,-28.3212,1,1426,1029,5,162,-9,-99804.9506313828,6852000.67743644,15,Eulamprus murrayi,0,117
152.8878,-28.3212,1,1426,1029,5,162,-9,-99804.9506313828,6852000.67743644,15,Ophioscincus truncatus,0,118
152.8878,-28.3212,1,1426,1029,5,162,-9,-99804.9506313828,6852000.67743644,15,Pseudechis porphyricaus,0,119
152.8878,-28.3212,1,1426,1029,5,162,-9,-99804.9506313828,6852000.67743644,15,Saltuarius swaini,0,120
152.8898,-28.3212,1,1426,1029,5,163,22,-99608.2741341473,6852010.66789121,16,Cacophis kreftii,0,121
152.8898,-28.3212,1,1426,1029,5,163,22,-99608.2741341473,6852010.66789121,16,Calyptotis scutirostrum,0,122
152.8898,-28.3212,1,1426,1029,5,163,22,-99608.2741341473,6852010.66789121,16,Coeranoscincus reticulatus,1,123
152.8898,-28.3212,1,1426,1029,5,163,22,-99608.2741341473,6852010.66789121,16,Egernia mcpheei,0,124
152.8898,-28.3212,1,1426,1029,5,163,22,-99608.2741341473,6852010.66789121,16,Eulamprus murrayi,0,125
152.8898,-28.3212,1,1426,1029,5,163,22,-99608.2741341473,6852010.66789121,16,Ophioscincus truncatus,0,126
152.8898,-28.3212,1,1426,1029,5,163,22,-99608.2741341473,6852010.66789121,16,Pseudechis porphyricaus,0,127
152.8898,-28.3212,1,1426,1029,5,163,22,-99608.2741341473,6852010.66789121,16,Saltuarius swaini,0,128
152.5613,-28.3332,3,1112,1070,2,164,-9,-131846.465617718,6848991.24192767,17,Cacophis kreftii,0,129
152.5613,-28.3332,3,1112,1070,2,164,-9,-131846.465617718,6848991.24192767,17,Calyptotis scutirostrum,1,130
152.5613,-28.3332,3,1112,1070,2,164,-9,-131846.465617718,6848991.24192767,17,Coeranoscincus reticulatus,0,131
152.5613,-28.3332,3,1112,1070,2,164,-9,-131846.465617718,6848991.24192767,17,Egernia mcpheei,0,132
152.5613,-28.3332,3,1112,1070,2,164,-9,-131846.465617718,6848991.24192767,17,Eulamprus murrayi,0,133
152.5613,-28.3332,3,1112,1070,2,164,-9,-131846.465617718,6848991.24192767,17,Ophioscincus truncatus,0,134
152.5613,-28.3332,3,1112,1070,2,164,-9,-131846.465617718,6848991.24192767,17,Pseudechis porphyricaus,0,135
152.5613,-28.3332,3,1112,1070,2,164,-9,-131846.465617718,6848991.24192767,17,Saltuarius swaini,0,136
152.9694,-28.3393,1,1248,959,2,171,-11,-91680.038889184,6850394.32216912,18,Cacophis kreftii,0,137
152.9694,-28.3393,1,1248,959,2,171,-11,-91680.038889184,6850394.32216912,18,Calyptotis scutirostrum,0,138
152.9694,-28.3393,1,1248,959,2,171,-11,-91680.038889184,6850394.32216912,18,Coeranoscincus reticulatus,0,139
152.9694,-28.3393,1,1248,959,2,171,-11,-91680.038889184,6850394.32216912,18,Egernia mcpheei,0,140
152.9694,-28.3393,1,1248,959,2,171,-11,-91680.038889184,6850394.32216912,18,Eulamprus murrayi,0,141
152.9694,-28.3393,1,1248,959,2,171,-11,-91680.038889184,6850394.32216912,18,Ophioscincus truncatus,0,142
152.9694,-28.3393,1,1248,959,2,171,-11,-91680.038889184,6850394.32216912,18,Pseudechis porphyricaus,0,143
152.9694,-28.3393,1,1248,959,2,171,-11,-91680.038889184,6850394.32216912,18,Saltuarius swaini,0,144
152.9755,-28.3393,1,1252,1049,5,171,-27,-91080.3301646189,6850424.38268198,19,Cacophis kreftii,0,145
152.9755,-28.3393,1,1252,1049,5,171,-27,-91080.3301646189,6850424.38268198,19,Calyptotis scutirostrum,0,146
152.9755,-28.3393,1,1252,1049,5,171,-27,-91080.3301646189,6850424.38268198,19,Coeranoscincus reticulatus,1,147
152.9755,-28.3393,1,1252,1049,5,171,-27,-91080.3301646189,6850424.38268198,19,Egernia mcpheei,0,148
152.9755,-28.3393,1,1252,1049,5,171,-27,-91080.3301646189,6850424.38268198,19,Eulamprus murrayi,0,149
152.9755,-28.3393,1,1252,1049,5,171,-27,-91080.3301646189,6850424.38268198,19,Ophioscincus truncatus,1,150
152.9755,-28.3393,1,1252,1049,5,171,-27,-91080.3301646189,6850424.38268198,19,Pseudechis porphyricaus,0,151
152.9755,-28.3393,1,1252,1049,5,171,-27,-91080.3301646189,6850424.38268198,19,Saltuarius swaini,0,152
152.5592,-28.3404,3,1096,1009,2,164,29,-132010.133181508,6848179.7676698,20,Cacophis kreftii,0,153
152.5592,-28.3404,3,1096,1009,2,164,29,-132010.133181508,6848179.7676698,20,Calyptotis scutirostrum,1,154
152.5592,-28.3404,3,1096,1009,2,164,29,-132010.133181508,6848179.7676698,20,Coeranoscincus reticulatus,1,155
152.5592,-28.3404,3,1096,1009,2,164,29,-132010.133181508,6848179.7676698,20,Egernia mcpheei,0,156
152.5592,-28.3404,3,1096,1009,2,164,29,-132010.133181508,6848179.7676698,20,Eulamprus murrayi,0,157
152.5592,-28.3404,3,1096,1009,2,164,29,-132010.133181508,6848179.7676698,20,Ophioscincus truncatus,0,158
152.5592,-28.3404,3,1096,1009,2,164,29,-132010.133181508,6848179.7676698,20,Pseudechis porphyricaus,0,159
152.5592,-28.3404,3,1096,1009,2,164,29,-132010.133181508,6848179.7676698,20,Saltuarius swaini,0,160
152.9674,-28.3411,1,1218,1009,5,171,6,-91866.6308808398,6850184.44292602,21,Cacophis kreftii,0,161
152.9674,-28.3411,1,1218,1009,5,171,6,-91866.6308808398,6850184.44292602,21,Calyptotis scutirostrum,0,162
152.9674,-28.3411,1,1218,1009,5,171,6,-91866.6308808398,6850184.44292602,21,Coeranoscincus reticulatus,0,163
152.9674,-28.3411,1,1218,1009,5,171,6,-91866.6308808398,6850184.44292602,21,Egernia mcpheei,0,164
152.9674,-28.3411,1,1218,1009,5,171,6,-91866.6308808398,6850184.44292602,21,Eulamprus murrayi,0,165
152.9674,-28.3411,1,1218,1009,5,171,6,-91866.6308808398,6850184.44292602,21,Ophioscincus truncatus,0,166
152.9674,-28.3411,1,1218,1009,5,171,6,-91866.6308808398,6850184.44292602,21,Pseudechis porphyricaus,0,167
152.9674,-28.3411,1,1218,1009,5,171,6,-91866.6308808398,6850184.44292602,21,Saltuarius swaini,0,168
152.9653,-28.3447,1,1240,1029,5,171,9,-92053.0076306245,6849774.04910058,22,Cacophis kreftii,0,169
152.9653,-28.3447,1,1240,1029,5,171,9,-92053.0076306245,6849774.04910058,22,Calyptotis scutirostrum,0,170
152.9653,-28.3447,1,1240,1029,5,171,9,-92053.0076306245,6849774.04910058,22,Coeranoscincus reticulatus,0,171
152.9653,-28.3447,1,1240,1029,5,171,9,-92053.0076306245,6849774.04910058,22,Egernia mcpheei,0,172
152.9653,-28.3447,1,1240,1029,5,171,9,-92053.0076306245,6849774.04910058,22,Eulamprus murrayi,0,173
152.9653,-28.3447,1,1240,1029,5,171,9,-92053.0076306245,6849774.04910058,22,Ophioscincus truncatus,0,174
152.9653,-28.3447,1,1240,1029,5,171,9,-92053.0076306245,6849774.04910058,22,Pseudechis porphyricaus,0,175
152.9653,-28.3447,1,1240,1029,5,171,9,-92053.0076306245,6849774.04910058,22,Saltuarius swaini,0,176
152.5429,-28.3494,3,1080,959,2,166,4,-133559.55913296,6847093.21118274,23,Cacophis kreftii,0,177
152.5429,-28.3494,3,1080,959,2,166,4,-133559.55913296,6847093.21118274,23,Calyptotis scutirostrum,0,178
152.5429,-28.3494,3,1080,959,2,166,4,-133559.55913296,6847093.21118274,23,Coeranoscincus reticulatus,1,179
152.5429,-28.3494,3,1080,959,2,166,4,-133559.55913296,6847093.21118274,23,Egernia mcpheei,0,180
152.5429,-28.3494,3,1080,959,2,166,4,-133559.55913296,6847093.21118274,23,Eulamprus murrayi,0,181
152.5429,-28.3494,3,1080,959,2,166,4,-133559.55913296,6847093.21118274,23,Ophioscincus truncatus,0,182
152.5429,-28.3494,3,1080,959,2,166,4,-133559.55913296,6847093.21118274,23,Pseudechis porphyricaus,0,183
152.5429,-28.3494,3,1080,959,2,166,4,-133559.55913296,6847093.21118274,23,Saltuarius swaini,0,184
152.5531,-28.3494,3,1028,1039,2,169,-10,-132556.418147597,6847147.08170675,24,Cacophis kreftii,0,185
152.5531,-28.3494,3,1028,1039,2,169,-10,-132556.418147597,6847147.08170675,24,Calyptotis scutirostrum,0,186
152.5531,-28.3494,3,1028,1039,2,169,-10,-132556.418147597,6847147.08170675,24,Coeranoscincus reticulatus,1,187
152.5531,-28.3494,3,1028,1039,2,169,-10,-132556.418147597,6847147.08170675,24,Egernia mcpheei,0,188
152.5531,-28.3494,3,1028,1039,2,169,-10,-132556.418147597,6847147.08170675,24,Eulamprus murrayi,0,189
152.5531,-28.3494,3,1028,1039,2,169,-10,-132556.418147597,6847147.08170675,24,Ophioscincus truncatus,0,190
152.5531,-28.3494,3,1028,1039,2,169,-10,-132556.418147597,6847147.08170675,24,Pseudechis porphyricaus,0,191
152.5531,-28.3494,3,1028,1039,2,169,-10,-132556.418147597,6847147.08170675,24,Saltuarius swaini,0,192
152.5449,-28.3566,3,1078,1000,2,164,17,-133319.854045549,6846303.36023727,25,Cacophis kreftii,0,193
152.5449,-28.3566,3,1078,1000,2,164,17,-133319.854045549,6846303.36023727,25,Calyptotis scutirostrum,1,194
152.5449,-28.3566,3,1078,1000,2,164,17,-133319.854045549,6846303.36023727,25,Coeranoscincus reticulatus,1,195
152.5449,-28.3566,3,1078,1000,2,164,17,-133319.854045549,6846303.36023727,25,Egernia mcpheei,0,196
152.5449,-28.3566,3,1078,1000,2,164,17,-133319.854045549,6846303.36023727,25,Eulamprus murrayi,0,197
152.5449,-28.3566,3,1078,1000,2,164,17,-133319.854045549,6846303.36023727,25,Ophioscincus truncatus,0,198
152.5449,-28.3566,3,1078,1000,2,164,17,-133319.854045549,6846303.36023727,25,Pseudechis porphyricaus,0,199
152.5449,-28.3566,3,1078,1000,2,164,17,-133319.854045549,6846303.36023727,25,Saltuarius swaini,0,200
153.1021,-28.3663,1,2052,1179,4,148,-18,-78487.5723463324,6848041.45848442,26,Cacophis kreftii,0,201
153.1021,-28.3663,1,2052,1179,4,148,-18,-78487.5723463324,6848041.45848442,26,Calyptotis scutirostrum,0,202
153.1021,-28.3663,1,2052,1179,4,148,-18,-78487.5723463324,6848041.45848442,26,Coeranoscincus reticulatus,0,203
153.1021,-28.3663,1,2052,1179,4,148,-18,-78487.5723463324,6848041.45848442,26,Egernia mcpheei,0,204
153.1021,-28.3663,1,2052,1179,4,148,-18,-78487.5723463324,6848041.45848442,26,Eulamprus murrayi,0,205
153.1021,-28.3663,1,2052,1179,4,148,-18,-78487.5723463324,6848041.45848442,26,Ophioscincus truncatus,1,206
153.1021,-28.3663,1,2052,1179,4,148,-18,-78487.5723463324,6848041.45848442,26,Pseudechis porphyricaus,0,207
153.1021,-28.3663,1,2052,1179,4,148,-18,-78487.5723463324,6848041.45848442,26,Saltuarius swaini,0,208
153.0755,-28.3718,1,2000,1129,4,143,5,-81071.585326861,6847301.76412415,27,Cacophis kreftii,0,209
153.0755,-28.3718,1,2000,1129,4,143,5,-81071.585326861,6847301.76412415,27,Calyptotis scutirostrum,0,210
153.0755,-28.3718,1,2000,1129,4,143,5,-81071.585326861,6847301.76412415,27,Coeranoscincus reticulatus,1,211
153.0755,-28.3718,1,2000,1129,4,143,5,-81071.585326861,6847301.76412415,27,Egernia mcpheei,0,212
153.0755,-28.3718,1,2000,1129,4,143,5,-81071.585326861,6847301.76412415,27,Eulamprus murrayi,0,213
153.0755,-28.3718,1,2000,1129,4,143,5,-81071.585326861,6847301.76412415,27,Ophioscincus truncatus,1,214
153.0755,-28.3718,1,2000,1129,4,143,5,-81071.585326861,6847301.76412415,27,Pseudechis porphyricaus,0,215
153.0755,-28.3718,1,2000,1129,4,143,5,-81071.585326861,6847301.76412415,27,Saltuarius swaini,0,216
153.0633,-28.3736,3,1816,1149,4,148,7,-82260.6312826395,6847042.58183356,28,Cacophis kreftii,0,217
153.0633,-28.3736,3,1816,1149,4,148,7,-82260.6312826395,6847042.58183356,28,Calyptotis scutirostrum,0,218
153.0633,-28.3736,3,1816,1149,4,148,7,-82260.6312826395,6847042.58183356,28,Coeranoscincus reticulatus,1,219
153.0633,-28.3736,3,1816,1149,4,148,7,-82260.6312826395,6847042.58183356,28,Egernia mcpheei,0,220
153.0633,-28.3736,3,1816,1149,4,148,7,-82260.6312826395,6847042.58183356,28,Eulamprus murrayi,0,221
153.0633,-28.3736,3,1816,1149,4,148,7,-82260.6312826395,6847042.58183356,28,Ophioscincus truncatus,1,222
153.0633,-28.3736,3,1816,1149,4,148,7,-82260.6312826395,6847042.58183356,28,Pseudechis porphyricaus,0,223
153.0633,-28.3736,3,1816,1149,4,148,7,-82260.6312826395,6847042.58183356,28,Saltuarius swaini,0,224
153.0735,-28.3736,3,1978,1159,4,144,-6,-81258.2639630969,6847092.07487722,29,Cacophis kreftii,0,225
153.0735,-28.3736,3,1978,1159,4,144,-6,-81258.2639630969,6847092.07487722,29,Calyptotis scutirostrum,0,226
153.0735,-28.3736,3,1978,1159,4,144,-6,-81258.2639630969,6847092.07487722,29,Coeranoscincus reticulatus,0,227
153.0735,-28.3736,3,1978,1159,4,144,-6,-81258.2639630969,6847092.07487722,29,Egernia mcpheei,0,228
153.0735,-28.3736,3,1978,1159,4,144,-6,-81258.2639630969,6847092.07487722,29,Eulamprus murrayi,0,229
153.0735,-28.3736,3,1978,1159,4,144,-6,-81258.2639630969,6847092.07487722,29,Ophioscincus truncatus,1,230
153.0735,-28.3736,3,1978,1159,4,144,-6,-81258.2639630969,6847092.07487722,29,Pseudechis porphyricaus,0,231
153.0735,-28.3736,3,1978,1159,4,144,-6,-81258.2639630969,6847092.07487722,29,Saltuarius swaini,0,232
152.9204,-28.3754,1,1570,1100,5,166,-9,-96294.553982511,6846140.09863748,30,Cacophis kreftii,1,233
152.9204,-28.3754,1,1570,1100,5,166,-9,-96294.553982511,6846140.09863748,30,Calyptotis scutirostrum,1,234
152.9204,-28.3754,1,1570,1100,5,166,-9,-96294.553982511,6846140.09863748,30,Coeranoscincus reticulatus,0,235
152.9204,-28.3754,1,1570,1100,5,166,-9,-96294.553982511,6846140.09863748,30,Egernia mcpheei,1,236
152.9204,-28.3754,1,1570,1100,5,166,-9,-96294.553982511,6846140.09863748,30,Eulamprus murrayi,0,237
152.9204,-28.3754,1,1570,1100,5,166,-9,-96294.553982511,6846140.09863748,30,Ophioscincus truncatus,1,238
152.9204,-28.3754,1,1570,1100,5,166,-9,-96294.553982511,6846140.09863748,30,Pseudechis porphyricaus,0,239
152.9204,-28.3754,1,1570,1100,5,166,-9,-96294.553982511,6846140.09863748,30,Saltuarius swaini,0,240
152.9306,-28.3754,2,1638,1080,5,161,18,-95292.0596882657,6846190.80238834,31,Cacophis kreftii,0,241
152.9306,-28.3754,2,1638,1080,5,161,18,-95292.0596882657,6846190.80238834,31,Calyptotis scutirostrum,1,242
152.9306,-28.3754,2,1638,1080,5,161,18,-95292.0596882657,6846190.80238834,31,Coeranoscincus reticulatus,0,243
152.9306,-28.3754,2,1638,1080,5,161,18,-95292.0596882657,6846190.80238834,31,Egernia mcpheei,0,244
152.9306,-28.3754,2,1638,1080,5,161,18,-95292.0596882657,6846190.80238834,31,Eulamprus murrayi,0,245
152.9306,-28.3754,2,1638,1080,5,161,18,-95292.0596882657,6846190.80238834,31,Ophioscincus truncatus,0,246
152.9306,-28.3754,2,1638,1080,5,161,18,-95292.0596882657,6846190.80238834,31,Pseudechis porphyricaus,0,247
152.9306,-28.3754,2,1638,1080,5,161,18,-95292.0596882657,6846190.80238834,31,Saltuarius swaini,0,248
153.0612,-28.3754,3,1840,1159,4,150,5,-82457.1148099198,6846832.38370436,32,Cacophis kreftii,0,249
153.0612,-28.3754,3,1840,1159,4,150,5,-82457.1148099198,6846832.38370436,32,Calyptotis scutirostrum,0,250
153.0612,-28.3754,3,1840,1159,4,150,5,-82457.1148099198,6846832.38370436,32,Coeranoscincus reticulatus,0,251
153.0612,-28.3754,3,1840,1159,4,150,5,-82457.1148099198,6846832.38370436,32,Egernia mcpheei,0,252
153.0612,-28.3754,3,1840,1159,4,150,5,-82457.1148099198,6846832.38370436,32,Eulamprus murrayi,0,253
153.0612,-28.3754,3,1840,1159,4,150,5,-82457.1148099198,6846832.38370436,32,Ophioscincus truncatus,1,254
153.0612,-28.3754,3,1840,1159,4,150,5,-82457.1148099198,6846832.38370436,32,Pseudechis porphyricaus,0,255
153.0612,-28.3754,3,1840,1159,4,150,5,-82457.1148099198,6846832.38370436,32,Saltuarius swaini,0,256
152.9224,-28.3772,1,1570,1120,5,164,21,-96087.8633403362,6845950.02171089,33,Cacophis kreftii,1,257
152.9224,-28.3772,1,1570,1120,5,164,21,-96087.8633403362,6845950.02171089,33,Calyptotis scutirostrum,1,258
152.9224,-28.3772,1,1570,1120,5,164,21,-96087.8633403362,6845950.02171089,33,Coeranoscincus reticulatus,0,259
152.9224,-28.3772,1,1570,1120,5,164,21,-96087.8633403362,6845950.02171089,33,Egernia mcpheei,0,260
152.9224,-28.3772,1,1570,1120,5,164,21,-96087.8633403362,6845950.02171089,33,Eulamprus murrayi,0,261
152.9224,-28.3772,1,1570,1120,5,164,21,-96087.8633403362,6845950.02171089,33,Ophioscincus truncatus,0,262
152.9224,-28.3772,1,1570,1120,5,164,21,-96087.8633403362,6845950.02171089,33,Pseudechis porphyricaus,0,263
152.9224,-28.3772,1,1570,1120,5,164,21,-96087.8633403362,6845950.02171089,33,Saltuarius swaini,0,264
152.9265,-28.3772,2,1606,1100,5,165,-19,-95684.9064397638,6845970.40703717,34,Cacophis kreftii,1,265
152.9265,-28.3772,2,1606,1100,5,165,-19,-95684.9064397638,6845970.40703717,34,Calyptotis scutirostrum,1,266
152.9265,-28.3772,2,1606,1100,5,165,-19,-95684.9064397638,6845970.40703717,34,Coeranoscincus reticulatus,1,267
152.9265,-28.3772,2,1606,1100,5,165,-19,-95684.9064397638,6845970.40703717,34,Egernia mcpheei,0,268
152.9265,-28.3772,2,1606,1100,5,165,-19,-95684.9064397638,6845970.40703717,34,Eulamprus murrayi,0,269
152.9265,-28.3772,2,1606,1100,5,165,-19,-95684.9064397638,6845970.40703717,34,Ophioscincus truncatus,1,270
152.9265,-28.3772,2,1606,1100,5,165,-19,-95684.9064397638,6845970.40703717,34,Pseudechis porphyricaus,0,271
152.9265,-28.3772,2,1606,1100,5,165,-19,-95684.9064397638,6845970.40703717,34,Saltuarius swaini,0,272
153.0653,-28.3772,1,1850,1139,4,151,19,-82044.3261710476,6846652.29942355,35,Cacophis kreftii,0,273
153.0653,-28.3772,1,1850,1139,4,151,19,-82044.3261710476,6846652.29942355,35,Calyptotis scutirostrum,1,274
153.0653,-28.3772,1,1850,1139,4,151,19,-82044.3261710476,6846652.29942355,35,Coeranoscincus reticulatus,1,275
153.0653,-28.3772,1,1850,1139,4,151,19,-82044.3261710476,6846652.29942355,35,Egernia mcpheei,0,276
153.0653,-28.3772,1,1850,1139,4,151,19,-82044.3261710476,6846652.29942355,35,Eulamprus murrayi,0,277
153.0653,-28.3772,1,1850,1139,4,151,19,-82044.3261710476,6846652.29942355,35,Ophioscincus truncatus,1,278
153.0653,-28.3772,1,1850,1139,4,151,19,-82044.3261710476,6846652.29942355,35,Pseudechis porphyricaus,0,279
153.0653,-28.3772,1,1850,1139,4,151,19,-82044.3261710476,6846652.29942355,35,Saltuarius swaini,0,280
153.0674,-28.3772,3,1852,1100,4,153,-14,-81837.9630928658,6846662.49357159,36,Cacophis kreftii,1,281
153.0674,-28.3772,3,1852,1100,4,153,-14,-81837.9630928658,6846662.49357159,36,Calyptotis scutirostrum,0,282
153.0674,-28.3772,3,1852,1100,4,153,-14,-81837.9630928658,6846662.49357159,36,Coeranoscincus reticulatus,0,283
153.0674,-28.3772,3,1852,1100,4,153,-14,-81837.9630928658,6846662.49357159,36,Egernia mcpheei,0,284
153.0674,-28.3772,3,1852,1100,4,153,-14,-81837.9630928658,6846662.49357159,36,Eulamprus murrayi,0,285
153.0674,-28.3772,3,1852,1100,4,153,-14,-81837.9630928658,6846662.49357159,36,Ophioscincus truncatus,1,286
153.0674,-28.3772,3,1852,1100,4,153,-14,-81837.9630928658,6846662.49357159,36,Pseudechis porphyricaus,0,287
153.0674,-28.3772,3,1852,1100,4,153,-14,-81837.9630928658,6846662.49357159,36,Saltuarius swaini,0,288
153.0959,-28.3772,2,2286,1100,4,139,5,-79037.3638766905,6846800.48131106,37,Cacophis kreftii,0,289
153.0959,-28.3772,2,2286,1100,4,139,5,-79037.3638766905,6846800.48131106,37,Calyptotis scutirostrum,0,290
153.0959,-28.3772,2,2286,1100,4,139,5,-79037.3638766905,6846800.48131106,37,Coeranoscincus reticulatus,0,291
153.0959,-28.3772,2,2286,1100,4,139,5,-79037.3638766905,6846800.48131106,37,Egernia mcpheei,0,292
153.0959,-28.3772,2,2286,1100,4,139,5,-79037.3638766905,6846800.48131106,37,Eulamprus murrayi,0,293
153.0959,-28.3772,2,2286,1100,4,139,5,-79037.3638766905,6846800.48131106,37,Ophioscincus truncatus,1,294
153.0959,-28.3772,2,2286,1100,4,139,5,-79037.3638766905,6846800.48131106,37,Pseudechis porphyricaus,0,295
153.0959,-28.3772,2,2286,1100,4,139,5,-79037.3638766905,6846800.48131106,37,Saltuarius swaini,0,296
153.1041,-28.3772,1,2314,1139,4,139,9,-78231.5920896241,6846840.05834284,38,Cacophis kreftii,0,297
153.1041,-28.3772,1,2314,1139,4,139,9,-78231.5920896241,6846840.05834284,38,Calyptotis scutirostrum,0,298
153.1041,-28.3772,1,2314,1139,4,139,9,-78231.5920896241,6846840.05834284,38,Coeranoscincus reticulatus,0,299
153.1041,-28.3772,1,2314,1139,4,139,9,-78231.5920896241,6846840.05834284,38,Egernia mcpheei,0,300
153.1041,-28.3772,1,2314,1139,4,139,9,-78231.5920896241,6846840.05834284,38,Eulamprus murrayi,0,301
153.1041,-28.3772,1,2314,1139,4,139,9,-78231.5920896241,6846840.05834284,38,Ophioscincus truncatus,1,302
153.1041,-28.3772,1,2314,1139,4,139,9,-78231.5920896241,6846840.05834284,38,Pseudechis porphyricaus,0,303
153.1041,-28.3772,1,2314,1139,4,139,9,-78231.5920896241,6846840.05834284,38,Saltuarius swaini,0,304
152.9143,-28.379,1,1468,980,2,171,-4,-96873.8172938199,6845709.6799799,39,Cacophis kreftii,0,305
152.9143,-28.379,1,1468,980,2,171,-4,-96873.8172938199,6845709.6799799,39,Calyptotis scutirostrum,1,306
152.9143,-28.379,1,1468,980,2,171,-4,-96873.8172938199,6845709.6799799,39,Coeranoscincus reticulatus,0,307
152.9143,-28.379,1,1468,980,2,171,-4,-96873.8172938199,6845709.6799799,39,Egernia mcpheei,0,308
152.9143,-28.379,1,1468,980,2,171,-4,-96873.8172938199,6845709.6799799,39,Eulamprus murrayi,0,309
152.9143,-28.379,1,1468,980,2,171,-4,-96873.8172938199,6845709.6799799,39,Ophioscincus truncatus,0,310
152.9143,-28.379,1,1468,980,2,171,-4,-96873.8172938199,6845709.6799799,39,Pseudechis porphyricaus,0,311
152.9143,-28.379,1,1468,980,2,171,-4,-96873.8172938199,6845709.6799799,39,Saltuarius swaini,0,312
153.1041,-28.379,2,2358,1129,4,137,12,-78221.7758268862,6846640.06918248,40,Cacophis kreftii,1,313
153.1041,-28.379,2,2358,1129,4,137,12,-78221.7758268862,6846640.06918248,40,Calyptotis scutirostrum,0,314
153.1041,-28.379,2,2358,1129,4,137,12,-78221.7758268862,6846640.06918248,40,Coeranoscincus reticulatus,0,315
153.1041,-28.379,2,2358,1129,4,137,12,-78221.7758268862,6846640.06918248,40,Egernia mcpheei,0,316
153.1041,-28.379,2,2358,1129,4,137,12,-78221.7758268862,6846640.06918248,40,Eulamprus murrayi,0,317
153.1041,-28.379,2,2358,1129,4,137,12,-78221.7758268862,6846640.06918248,40,Ophioscincus truncatus,1,318
153.1041,-28.379,2,2358,1129,4,137,12,-78221.7758268862,6846640.06918248,40,Pseudechis porphyricaus,0,319
153.1041,-28.379,2,2358,1129,4,137,12,-78221.7758268862,6846640.06918248,40,Saltuarius swaini,0,320
152.9143,-28.3808,1,1492,1049,5,169,-7,-96863.6801254773,6845509.65270053,41,Cacophis kreftii,0,321
152.9143,-28.3808,1,1492,1049,5,169,-7,-96863.6801254773,6845509.65270053,41,Calyptotis scutirostrum,0,322
152.9143,-28.3808,1,1492,1049,5,169,-7,-96863.6801254773,6845509.65270053,41,Coeranoscincus reticulatus,0,323
152.9143,-28.3808,1,1492,1049,5,169,-7,-96863.6801254773,6845509.65270053,41,Egernia mcpheei,0,324
152.9143,-28.3808,1,1492,1049,5,169,-7,-96863.6801254773,6845509.65270053,41,Eulamprus murrayi,0,325
152.9143,-28.3808,1,1492,1049,5,169,-7,-96863.6801254773,6845509.65270053,41,Ophioscincus truncatus,0,326
152.9143,-28.3808,1,1492,1049,5,169,-7,-96863.6801254773,6845509.65270053,41,Pseudechis porphyricaus,0,327
152.9143,-28.3808,1,1492,1049,5,169,-7,-96863.6801254773,6845509.65270053,41,Saltuarius swaini,0,328
153.0776,-28.3808,3,1934,1080,4,150,6,-80815.9117747569,6846311.96719187,42,Cacophis kreftii,0,329
153.0776,-28.3808,3,1934,1080,4,150,6,-80815.9117747569,6846311.96719187,42,Calyptotis scutirostrum,0,330
153.0776,-28.3808,3,1934,1080,4,150,6,-80815.9117747569,6846311.96719187,42,Coeranoscincus reticulatus,0,331
153.0776,-28.3808,3,1934,1080,4,150,6,-80815.9117747569,6846311.96719187,42,Egernia mcpheei,0,332
153.0776,-28.3808,3,1934,1080,4,150,6,-80815.9117747569,6846311.96719187,42,Eulamprus murrayi,0,333
153.0776,-28.3808,3,1934,1080,4,150,6,-80815.9117747569,6846311.96719187,42,Ophioscincus truncatus,1,334
153.0776,-28.3808,3,1934,1080,4,150,6,-80815.9117747569,6846311.96719187,42,Pseudechis porphyricaus,0,335
153.0776,-28.3808,3,1934,1080,4,150,6,-80815.9117747569,6846311.96719187,42,Saltuarius swaini,0,336
153.2348,-28.3806,2,1766,1139,2,177,-2,-65371.1254993175,6847085.64856191,43,Cacophis kreftii,0,337
153.2348,-28.3806,2,1766,1139,2,177,-2,-65371.1254993175,6847085.64856191,43,Calyptotis scutirostrum,0,338
153.2348,-28.3806,2,1766,1139,2,177,-2,-65371.1254993175,6847085.64856191,43,Coeranoscincus reticulatus,0,339
153.2348,-28.3806,2,1766,1139,2,177,-2,-65371.1254993175,6847085.64856191,43,Egernia mcpheei,0,340
153.2348,-28.3806,2,1766,1139,2,177,-2,-65371.1254993175,6847085.64856191,43,Eulamprus murrayi,0,341
153.2348,-28.3806,2,1766,1139,2,177,-2,-65371.1254993175,6847085.64856191,43,Ophioscincus truncatus,0,342
153.2348,-28.3806,2,1766,1139,2,177,-2,-65371.1254993175,6847085.64856191,43,Pseudechis porphyricaus,0,343
153.2348,-28.3806,2,1766,1139,2,177,-2,-65371.1254993175,6847085.64856191,43,Saltuarius swaini,0,344
153.0714,-28.3826,1,1884,1179,4,154,-19,-81415.2757733497,6846081.91396727,44,Cacophis kreftii,1,345
153.0714,-28.3826,1,1884,1179,4,154,-19,-81415.2757733497,6846081.91396727,44,Calyptotis scutirostrum,0,346
153.0714,-28.3826,1,1884,1179,4,154,-19,-81415.2757733497,6846081.91396727,44,Coeranoscincus reticulatus,0,347
153.0714,-28.3826,1,1884,1179,4,154,-19,-81415.2757733497,6846081.91396727,44,Egernia mcpheei,0,348
153.0714,-28.3826,1,1884,1179,4,154,-19,-81415.2757733497,6846081.91396727,44,Eulamprus murrayi,0,349
153.0714,-28.3826,1,1884,1179,4,154,-19,-81415.2757733497,6846081.91396727,44,Ophioscincus truncatus,1,350
153.0714,-28.3826,1,1884,1179,4,154,-19,-81415.2757733497,6846081.91396727,44,Pseudechis porphyricaus,0,351
153.0714,-28.3826,1,1884,1179,4,154,-19,-81415.2757733497,6846081.91396727,44,Saltuarius swaini,0,352
153.2307,-28.3824,3,1674,1120,2,183,-10,-65764.342144118,6846866.34499654,45,Cacophis kreftii,0,353
153.2307,-28.3824,3,1674,1120,2,183,-10,-65764.342144118,6846866.34499654,45,Calyptotis scutirostrum,0,354
153.2307,-28.3824,3,1674,1120,2,183,-10,-65764.342144118,6846866.34499654,45,Coeranoscincus reticulatus,0,355
153.2307,-28.3824,3,1674,1120,2,183,-10,-65764.342144118,6846866.34499654,45,Egernia mcpheei,0,356
153.2307,-28.3824,3,1674,1120,2,183,-10,-65764.342144118,6846866.34499654,45,Eulamprus murrayi,0,357
153.2307,-28.3824,3,1674,1120,2,183,-10,-65764.342144118,6846866.34499654,45,Ophioscincus truncatus,0,358
153.2307,-28.3824,3,1674,1120,2,183,-10,-65764.342144118,6846866.34499654,45,Pseudechis porphyricaus,0,359
153.2307,-28.3824,3,1674,1120,2,183,-10,-65764.342144118,6846866.34499654,45,Saltuarius swaini,0,360
152.9286,-28.3844,1,1650,1110,5,161,10,-95438.0612797497,6845180.74545382,46,Cacophis kreftii,0,361
152.9286,-28.3844,1,1650,1110,5,161,10,-95438.0612797497,6845180.74545382,46,Calyptotis scutirostrum,0,362
152.9286,-28.3844,1,1650,1110,5,161,10,-95438.0612797497,6845180.74545382,46,Coeranoscincus reticulatus,0,363
152.9286,-28.3844,1,1650,1110,5,161,10,-95438.0612797497,6845180.74545382,46,Egernia mcpheei,0,364
152.9286,-28.3844,1,1650,1110,5,161,10,-95438.0612797497,6845180.74545382,46,Eulamprus murrayi,0,365
152.9286,-28.3844,1,1650,1110,5,161,10,-95438.0612797497,6845180.74545382,46,Ophioscincus truncatus,0,366
152.9286,-28.3844,1,1650,1110,5,161,10,-95438.0612797497,6845180.74545382,46,Pseudechis porphyricaus,0,367
152.9286,-28.3844,1,1650,1110,5,161,10,-95438.0612797497,6845180.74545382,46,Saltuarius swaini,0,368
153.0919,-28.3862,3,2092,1169,4,148,-4,-79381.2357397435,6845781.19738334,47,Cacophis kreftii,0,369
153.0919,-28.3862,3,2092,1169,4,148,-4,-79381.2357397435,6845781.19738334,47,Calyptotis scutirostrum,0,370
153.0919,-28.3862,3,2092,1169,4,148,-4,-79381.2357397435,6845781.19738334,47,Coeranoscincus reticulatus,0,371
153.0919,-28.3862,3,2092,1169,4,148,-4,-79381.2357397435,6845781.19738334,47,Egernia mcpheei,0,372
153.0919,-28.3862,3,2092,1169,4,148,-4,-79381.2357397435,6845781.19738334,47,Eulamprus murrayi,0,373
153.0919,-28.3862,3,2092,1169,4,148,-4,-79381.2357397435,6845781.19738334,47,Ophioscincus truncatus,1,374
153.0919,-28.3862,3,2092,1169,4,148,-4,-79381.2357397435,6845781.19738334,47,Pseudechis porphyricaus,0,375
153.0919,-28.3862,3,2092,1169,4,148,-4,-79381.2357397435,6845781.19738334,47,Saltuarius swaini,0,376
153.0592,-28.3916,2,1968,1139,4,146,24,-82564.6121102187,6845022.68267258,48,Cacophis kreftii,0,377
153.0592,-28.3916,2,1968,1139,4,146,24,-82564.6121102187,6845022.68267258,48,Calyptotis scutirostrum,0,378
153.0592,-28.3916,2,1968,1139,4,146,24,-82564.6121102187,6845022.68267258,48,Coeranoscincus reticulatus,0,379
153.0592,-28.3916,2,1968,1139,4,146,24,-82564.6121102187,6845022.68267258,48,Egernia mcpheei,0,380
153.0592,-28.3916,2,1968,1139,4,146,24,-82564.6121102187,6845022.68267258,48,Eulamprus murrayi,0,381
153.0592,-28.3916,2,1968,1139,4,146,24,-82564.6121102187,6845022.68267258,48,Ophioscincus truncatus,0,382
153.0592,-28.3916,2,1968,1139,4,146,24,-82564.6121102187,6845022.68267258,48,Pseudechis porphyricaus,0,383
153.0592,-28.3916,2,1968,1139,4,146,24,-82564.6121102187,6845022.68267258,48,Saltuarius swaini,0,384
153.0612,-28.3916,3,1986,1120,4,147,29,-82368.1016408538,6845032.40476608,49,Cacophis kreftii,0,385
153.0612,-28.3916,3,1986,1120,4,147,29,-82368.1016408538,6845032.40476608,49,Calyptotis scutirostrum,0,386
153.0612,-28.3916,3,1986,1120,4,147,29,-82368.1016408538,6845032.40476608,49,Coeranoscincus reticulatus,0,387
153.0612,-28.3916,3,1986,1120,4,147,29,-82368.1016408538,6845032.40476608,49,Egernia mcpheei,0,388
153.0612,-28.3916,3,1986,1120,4,147,29,-82368.1016408538,6845032.40476608,49,Eulamprus murrayi,0,389
153.0612,-28.3916,3,1986,1120,4,147,29,-82368.1016408538,6845032.40476608,49,Ophioscincus truncatus,1,390
153.0612,-28.3916,3,1986,1120,4,147,29,-82368.1016408538,6845032.40476608,49,Pseudechis porphyricaus,0,391
153.0612,-28.3916,3,1986,1120,4,147,29,-82368.1016408538,6845032.40476608,49,Saltuarius swaini,0,392
153.2327,-28.3915,3,1860,1120,2,169,1,-65519.3030285004,6845864.85170442,50,Cacophis kreftii,0,393
153.2327,-28.3915,3,1860,1120,2,169,1,-65519.3030285004,6845864.85170442,50,Calyptotis scutirostrum,0,394
153.2327,-28.3915,3,1860,1120,2,169,1,-65519.3030285004,6845864.85170442,50,Coeranoscincus reticulatus,0,395
153.2327,-28.3915,3,1860,1120,2,169,1,-65519.3030285004,6845864.85170442,50,Egernia mcpheei,0,396
153.2327,-28.3915,3,1860,1120,2,169,1,-65519.3030285004,6845864.85170442,50,Eulamprus murrayi,0,397
153.2327,-28.3915,3,1860,1120,2,169,1,-65519.3030285004,6845864.85170442,50,Ophioscincus truncatus,1,398
153.2327,-28.3915,3,1860,1120,2,169,1,-65519.3030285004,6845864.85170442,50,Pseudechis porphyricaus,0,399
153.2327,-28.3915,3,1860,1120,2,169,1,-65519.3030285004,6845864.85170442,50,Saltuarius swaini,0,400
153.1102,-28.3952,3,2286,1159,4,148,-11,-77534.0953293714,6844869.58424543,51,Cacophis kreftii,0,401
153.1102,-28.3952,3,2286,1159,4,148,-11,-77534.0953293714,6844869.58424543,51,Calyptotis scutirostrum,0,402
153.1102,-28.3952,3,2286,1159,4,148,-11,-77534.0953293714,6844869.58424543,51,Coeranoscincus reticulatus,0,403
153.1102,-28.3952,3,2286,1159,4,148,-11,-77534.0953293714,6844869.58424543,51,Egernia mcpheei,0,404
153.1102,-28.3952,3,2286,1159,4,148,-11,-77534.0953293714,6844869.58424543,51,Eulamprus murrayi,0,405
153.1102,-28.3952,3,2286,1159,4,148,-11,-77534.0953293714,6844869.58424543,51,Ophioscincus truncatus,0,406
153.1102,-28.3952,3,2286,1159,4,148,-11,-77534.0953293714,6844869.58424543,51,Pseudechis porphyricaus,0,407
153.1102,-28.3952,3,2286,1159,4,148,-11,-77534.0953293714,6844869.58424543,51,Saltuarius swaini,0,408
153.2838,-28.3968,1,1936,1059,4,168,-16,-60471.4026198804,6845516.11047191,52,Cacophis kreftii,0,409
153.2838,-28.3968,1,1936,1059,4,168,-16,-60471.4026198804,6845516.11047191,52,Calyptotis scutirostrum,1,410
153.2838,-28.3968,1,1936,1059,4,168,-16,-60471.4026198804,6845516.11047191,52,Coeranoscincus reticulatus,0,411
153.2838,-28.3968,1,1936,1059,4,168,-16,-60471.4026198804,6845516.11047191,52,Egernia mcpheei,0,412
153.2838,-28.3968,1,1936,1059,4,168,-16,-60471.4026198804,6845516.11047191,52,Eulamprus murrayi,0,413
153.2838,-28.3968,1,1936,1059,4,168,-16,-60471.4026198804,6845516.11047191,52,Ophioscincus truncatus,1,414
153.2838,-28.3968,1,1936,1059,4,168,-16,-60471.4026198804,6845516.11047191,52,Pseudechis porphyricaus,0,415
153.2838,-28.3968,1,1936,1059,4,168,-16,-60471.4026198804,6845516.11047191,52,Saltuarius swaini,0,416
152.6754,-28.3985,2,1114,1080,2,170,1,-120241.939400036,6842328.60966042,53,Cacophis kreftii,0,417
152.6754,-28.3985,2,1114,1080,2,170,1,-120241.939400036,6842328.60966042,53,Calyptotis scutirostrum,0,418
152.6754,-28.3985,2,1114,1080,2,170,1,-120241.939400036,6842328.60966042,53,Coeranoscincus reticulatus,0,419
152.6754,-28.3985,2,1114,1080,2,170,1,-120241.939400036,6842328.60966042,53,Egernia mcpheei,0,420
152.6754,-28.3985,2,1114,1080,2,170,1,-120241.939400036,6842328.60966042,53,Eulamprus murrayi,0,421
152.6754,-28.3985,2,1114,1080,2,170,1,-120241.939400036,6842328.60966042,53,Ophioscincus truncatus,0,422
152.6754,-28.3985,2,1114,1080,2,170,1,-120241.939400036,6842328.60966042,53,Pseudechis porphyricaus,0,423
152.6754,-28.3985,2,1114,1080,2,170,1,-120241.939400036,6842328.60966042,53,Saltuarius swaini,0,424
153.0551,-28.3989,2,1930,1110,4,153,15,-82927.2919463241,6844191.63557774,54,Cacophis kreftii,0,425
153.0551,-28.3989,2,1930,1110,4,153,15,-82927.2919463241,6844191.63557774,54,Calyptotis scutirostrum,1,426
153.0551,-28.3989,2,1930,1110,4,153,15,-82927.2919463241,6844191.63557774,54,Coeranoscincus reticulatus,0,427
153.0551,-28.3989,2,1930,1110,4,153,15,-82927.2919463241,6844191.63557774,54,Egernia mcpheei,0,428
153.0551,-28.3989,2,1930,1110,4,153,15,-82927.2919463241,6844191.63557774,54,Eulamprus murrayi,0,429
153.0551,-28.3989,2,1930,1110,4,153,15,-82927.2919463241,6844191.63557774,54,Ophioscincus truncatus,1,430
153.0551,-28.3989,2,1930,1110,4,153,15,-82927.2919463241,6844191.63557774,54,Pseudechis porphyricaus,0,431
153.0551,-28.3989,2,1930,1110,4,153,15,-82927.2919463241,6844191.63557774,54,Saltuarius swaini,0,432
153.0572,-28.3989,2,1930,1110,4,154,28,-82720.9694981723,6844201.85252408,55,Cacophis kreftii,1,433
153.0572,-28.3989,2,1930,1110,4,154,28,-82720.9694981723,6844201.85252408,55,Calyptotis scutirostrum,0,434
153.0572,-28.3989,2,1930,1110,4,154,28,-82720.9694981723,6844201.85252408,55,Coeranoscincus reticulatus,0,435
153.0572,-28.3989,2,1930,1110,4,154,28,-82720.9694981723,6844201.85252408,55,Egernia mcpheei,0,436
153.0572,-28.3989,2,1930,1110,4,154,28,-82720.9694981723,6844201.85252408,55,Eulamprus murrayi,0,437
153.0572,-28.3989,2,1930,1110,4,154,28,-82720.9694981723,6844201.85252408,55,Ophioscincus truncatus,1,438
153.0572,-28.3989,2,1930,1110,4,154,28,-82720.9694981723,6844201.85252408,55,Pseudechis porphyricaus,0,439
153.0572,-28.3989,2,1930,1110,4,154,28,-82720.9694981723,6844201.85252408,55,Saltuarius swaini,0,440
153.2797,-28.3986,1,2010,1039,4,167,3,-60864.6156634532,6845296.97560224,56,Cacophis kreftii,0,441
153.2797,-28.3986,1,2010,1039,4,167,3,-60864.6156634532,6845296.97560224,56,Calyptotis scutirostrum,0,442
153.2797,-28.3986,1,2010,1039,4,167,3,-60864.6156634532,6845296.97560224,56,Coeranoscincus reticulatus,0,443
153.2797,-28.3986,1,2010,1039,4,167,3,-60864.6156634532,6845296.97560224,56,Egernia mcpheei,0,444
153.2797,-28.3986,1,2010,1039,4,167,3,-60864.6156634532,6845296.97560224,56,Eulamprus murrayi,0,445
153.2797,-28.3986,1,2010,1039,4,167,3,-60864.6156634532,6845296.97560224,56,Ophioscincus truncatus,1,446
153.2797,-28.3986,1,2010,1039,4,167,3,-60864.6156634532,6845296.97560224,56,Pseudechis porphyricaus,0,447
153.2797,-28.3986,1,2010,1039,4,167,3,-60864.6156634532,6845296.97560224,56,Saltuarius swaini,0,448
153.2818,-28.3986,1,2008,1049,4,167,15,-60658.3378814965,6845306.80159917,57,Cacophis kreftii,0,449
153.2818,-28.3986,1,2008,1049,4,167,15,-60658.3378814965,6845306.80159917,57,Calyptotis scutirostrum,1,450
153.2818,-28.3986,1,2008,1049,4,167,15,-60658.3378814965,6845306.80159917,57,Coeranoscincus reticulatus,0,451
153.2818,-28.3986,1,2008,1049,4,167,15,-60658.3378814965,6845306.80159917,57,Egernia mcpheei,0,452
153.2818,-28.3986,1,2008,1049,4,167,15,-60658.3378814965,6845306.80159917,57,Eulamprus murrayi,0,453
153.2818,-28.3986,1,2008,1049,4,167,15,-60658.3378814965,6845306.80159917,57,Ophioscincus truncatus,1,454
153.2818,-28.3986,1,2008,1049,4,167,15,-60658.3378814965,6845306.80159917,57,Pseudechis porphyricaus,0,455
153.2818,-28.3986,1,2008,1049,4,167,15,-60658.3378814965,6845306.80159917,57,Saltuarius swaini,0,456
153.047,-28.4025,1,1884,1100,4,152,18,-83703.2715072326,6843752.19220015,58,Cacophis kreftii,0,457
153.047,-28.4025,1,1884,1100,4,152,18,-83703.2715072326,6843752.19220015,58,Calyptotis scutirostrum,1,458
153.047,-28.4025,1,1884,1100,4,152,18,-83703.2715072326,6843752.19220015,58,Coeranoscincus reticulatus,1,459
153.047,-28.4025,1,1884,1100,4,152,18,-83703.2715072326,6843752.19220015,58,Egernia mcpheei,0,460
153.047,-28.4025,1,1884,1100,4,152,18,-83703.2715072326,6843752.19220015,58,Eulamprus murrayi,0,461
153.047,-28.4025,1,1884,1100,4,152,18,-83703.2715072326,6843752.19220015,58,Ophioscincus truncatus,1,462
153.047,-28.4025,1,1884,1100,4,152,18,-83703.2715072326,6843752.19220015,58,Pseudechis porphyricaus,0,463
153.047,-28.4025,1,1884,1100,4,152,18,-83703.2715072326,6843752.19220015,58,Saltuarius swaini,0,464
153.2716,-28.4022,1,2638,889,2,148,6,-61641.1808649427,6844859.12808974,59,Cacophis kreftii,0,465
153.2716,-28.4022,1,2638,889,2,148,6,-61641.1808649427,6844859.12808974,59,Calyptotis scutirostrum,0,466
153.2716,-28.4022,1,2638,889,2,148,6,-61641.1808649427,6844859.12808974,59,Coeranoscincus reticulatus,0,467
153.2716,-28.4022,1,2638,889,2,148,6,-61641.1808649427,6844859.12808974,59,Egernia mcpheei,0,468
153.2716,-28.4022,1,2638,889,2,148,6,-61641.1808649427,6844859.12808974,59,Eulamprus murrayi,0,469
153.2716,-28.4022,1,2638,889,2,148,6,-61641.1808649427,6844859.12808974,59,Ophioscincus truncatus,0,470
153.2716,-28.4022,1,2638,889,2,148,6,-61641.1808649427,6844859.12808974,59,Pseudechis porphyricaus,0,471
153.2716,-28.4022,1,2638,889,2,148,6,-61641.1808649427,6844859.12808974,59,Saltuarius swaini,0,472
153.2838,-28.4022,1,1932,1110,4,168,-29,-60442.8428113636,6844916.24794458,60,Cacophis kreftii,0,473
153.2838,-28.4022,1,1932,1110,4,168,-29,-60442.8428113636,6844916.24794458,60,Calyptotis scutirostrum,1,474
153.2838,-28.4022,1,1932,1110,4,168,-29,-60442.8428113636,6844916.24794458,60,Coeranoscincus reticulatus,0,475
153.2838,-28.4022,1,1932,1110,4,168,-29,-60442.8428113636,6844916.24794458,60,Egernia mcpheei,1,476
153.2838,-28.4022,1,1932,1110,4,168,-29,-60442.8428113636,6844916.24794458,60,Eulamprus murrayi,0,477
153.2838,-28.4022,1,1932,1110,4,168,-29,-60442.8428113636,6844916.24794458,60,Ophioscincus truncatus,1,478
153.2838,-28.4022,1,1932,1110,4,168,-29,-60442.8428113636,6844916.24794458,60,Pseudechis porphyricaus,0,479
153.2838,-28.4022,1,1932,1110,4,168,-29,-60442.8428113636,6844916.24794458,60,Saltuarius swaini,0,480
153.2736,-28.404,1,2270,949,2,159,-2,-61435.1928033584,6844668.54431818,61,Cacophis kreftii,0,481
153.2736,-28.404,1,2270,949,2,159,-2,-61435.1928033584,6844668.54431818,61,Calyptotis scutirostrum,0,482
153.2736,-28.404,1,2270,949,2,159,-2,-61435.1928033584,6844668.54431818,61,Coeranoscincus reticulatus,0,483
153.2736,-28.404,1,2270,949,2,159,-2,-61435.1928033584,6844668.54431818,61,Egernia mcpheei,0,484
153.2736,-28.404,1,2270,949,2,159,-2,-61435.1928033584,6844668.54431818,61,Eulamprus murrayi,0,485
153.2736,-28.404,1,2270,949,2,159,-2,-61435.1928033584,6844668.54431818,61,Ophioscincus truncatus,1,486
153.2736,-28.404,1,2270,949,2,159,-2,-61435.1928033584,6844668.54431818,61,Pseudechis porphyricaus,0,487
153.2736,-28.404,1,2270,949,2,159,-2,-61435.1928033584,6844668.54431818,61,Saltuarius swaini,0,488
153.2818,-28.404,1,2008,1100,4,166,0,-60629.7662982834,6844706.93792291,62,Cacophis kreftii,0,489
153.2818,-28.404,1,2008,1100,4,166,0,-60629.7662982834,6844706.93792291,62,Calyptotis scutirostrum,1,490
153.2818,-28.404,1,2008,1100,4,166,0,-60629.7662982834,6844706.93792291,62,Coeranoscincus reticulatus,0,491
153.2818,-28.404,1,2008,1100,4,166,0,-60629.7662982834,6844706.93792291,62,Egernia mcpheei,0,492
153.2818,-28.404,1,2008,1100,4,166,0,-60629.7662982834,6844706.93792291,62,Eulamprus murrayi,0,493
153.2818,-28.404,1,2008,1100,4,166,0,-60629.7662982834,6844706.93792291,62,Ophioscincus truncatus,1,494
153.2818,-28.404,1,2008,1100,4,166,0,-60629.7662982834,6844706.93792291,62,Pseudechis porphyricaus,0,495
153.2818,-28.404,1,2008,1100,4,166,0,-60629.7662982834,6844706.93792291,62,Saltuarius swaini,0,496
153.1164,-28.406,3,2462,1090,4,139,3,-76866.1500250837,6843699.53208982,63,Cacophis kreftii,1,497
153.1164,-28.406,3,2462,1090,4,139,3,-76866.1500250837,6843699.53208982,63,Calyptotis scutirostrum,0,498
153.1164,-28.406,3,2462,1090,4,139,3,-76866.1500250837,6843699.53208982,63,Coeranoscincus reticulatus,0,499
153.1164,-28.406,3,2462,1090,4,139,3,-76866.1500250837,6843699.53208982,63,Egernia mcpheei,0,500
153.1164,-28.406,3,2462,1090,4,139,3,-76866.1500250837,6843699.53208982,63,Eulamprus murrayi,0,501
153.1164,-28.406,3,2462,1090,4,139,3,-76866.1500250837,6843699.53208982,63,Ophioscincus truncatus,0,502
153.1164,-28.406,3,2462,1090,4,139,3,-76866.1500250837,6843699.53208982,63,Pseudechis porphyricaus,0,503
153.1164,-28.406,3,2462,1090,4,139,3,-76866.1500250837,6843699.53208982,63,Saltuarius swaini,0,504
153.2777,-28.4058,1,2018,1179,4,165,7,-61022.9468789503,6844487.79273792,64,Cacophis kreftii,0,505
153.2777,-28.4058,1,2018,1179,4,165,7,-61022.9468789503,6844487.79273792,64,Calyptotis scutirostrum,1,506
153.2777,-28.4058,1,2018,1179,4,165,7,-61022.9468789503,6844487.79273792,64,Coeranoscincus reticulatus,0,507
153.2777,-28.4058,1,2018,1179,4,165,7,-61022.9468789503,6844487.79273792,64,Egernia mcpheei,0,508
153.2777,-28.4058,1,2018,1179,4,165,7,-61022.9468789503,6844487.79273792,64,Eulamprus murrayi,0,509
153.2777,-28.4058,1,2018,1179,4,165,7,-61022.9468789503,6844487.79273792,64,Ophioscincus truncatus,0,510
153.2777,-28.4058,1,2018,1179,4,165,7,-61022.9468789503,6844487.79273792,64,Pseudechis porphyricaus,0,511
153.2777,-28.4058,1,2018,1179,4,165,7,-61022.9468789503,6844487.79273792,64,Saltuarius swaini,0,512
153.0347,-28.4079,1,1728,1129,4,164,-6,-84881.8823593461,6843092.18042196,65,Cacophis kreftii,0,513
153.0347,-28.4079,1,1728,1129,4,164,-6,-84881.8823593461,6843092.18042196,65,Calyptotis scutirostrum,1,514
153.0347,-28.4079,1,1728,1129,4,164,-6,-84881.8823593461,6843092.18042196,65,Coeranoscincus reticulatus,0,515
153.0347,-28.4079,1,1728,1129,4,164,-6,-84881.8823593461,6843092.18042196,65,Egernia mcpheei,0,516
153.0347,-28.4079,1,1728,1129,4,164,-6,-84881.8823593461,6843092.18042196,65,Eulamprus murrayi,0,517
153.0347,-28.4079,1,1728,1129,4,164,-6,-84881.8823593461,6843092.18042196,65,Ophioscincus truncatus,1,518
153.0347,-28.4079,1,1728,1129,4,164,-6,-84881.8823593461,6843092.18042196,65,Pseudechis porphyricaus,0,519
153.0347,-28.4079,1,1728,1129,4,164,-6,-84881.8823593461,6843092.18042196,65,Saltuarius swaini,0,520
153.1205,-28.4078,1,2510,1000,4,139,3,-76453.5844430159,6843519.28497612,66,Cacophis kreftii,1,521
153.1205,-28.4078,1,2510,1000,4,139,3,-76453.5844430159,6843519.28497612,66,Calyptotis scutirostrum,0,522
153.1205,-28.4078,1,2510,1000,4,139,3,-76453.5844430159,6843519.28497612,66,Coeranoscincus reticulatus,0,523
153.1205,-28.4078,1,2510,1000,4,139,3,-76453.5844430159,6843519.28497612,66,Egernia mcpheei,0,524
153.1205,-28.4078,1,2510,1000,4,139,3,-76453.5844430159,6843519.28497612,66,Eulamprus murrayi,0,525
153.1205,-28.4078,1,2510,1000,4,139,3,-76453.5844430159,6843519.28497612,66,Ophioscincus truncatus,1,526
153.1205,-28.4078,1,2510,1000,4,139,3,-76453.5844430159,6843519.28497612,66,Pseudechis porphyricaus,0,527
153.1205,-28.4078,1,2510,1000,4,139,3,-76453.5844430159,6843519.28497612,66,Saltuarius swaini,0,528
153.1225,-28.4078,1,2584,899,4,137,19,-76257.1162752716,6843528.90897562,67,Cacophis kreftii,0,529
153.1225,-28.4078,1,2584,899,4,137,19,-76257.1162752716,6843528.90897562,67,Calyptotis scutirostrum,0,530
153.1225,-28.4078,1,2584,899,4,137,19,-76257.1162752716,6843528.90897562,67,Coeranoscincus reticulatus,0,531
153.1225,-28.4078,1,2584,899,4,137,19,-76257.1162752716,6843528.90897562,67,Egernia mcpheei,0,532
153.1225,-28.4078,1,2584,899,4,137,19,-76257.1162752716,6843528.90897562,67,Eulamprus murrayi,0,533
153.1225,-28.4078,1,2584,899,4,137,19,-76257.1162752716,6843528.90897562,67,Ophioscincus truncatus,0,534
153.1225,-28.4078,1,2584,899,4,137,19,-76257.1162752716,6843528.90897562,67,Pseudechis porphyricaus,0,535
153.1225,-28.4078,1,2584,899,4,137,19,-76257.1162752716,6843528.90897562,67,Saltuarius swaini,0,536
153.1246,-28.4078,1,2584,899,4,137,20,-76050.8251152269,6843539.01060561,68,Cacophis kreftii,0,537
153.1246,-28.4078,1,2584,899,4,137,20,-76050.8251152269,6843539.01060561,68,Calyptotis scutirostrum,0,538
153.1246,-28.4078,1,2584,899,4,137,20,-76050.8251152269,6843539.01060561,68,Coeranoscincus reticulatus,0,539
153.1246,-28.4078,1,2584,899,4,137,20,-76050.8251152269,6843539.01060561,68,Egernia mcpheei,0,540
153.1246,-28.4078,1,2584,899,4,137,20,-76050.8251152269,6843539.01060561,68,Eulamprus murrayi,0,541
153.1246,-28.4078,1,2584,899,4,137,20,-76050.8251152269,6843539.01060561,68,Ophioscincus truncatus,0,542
153.1246,-28.4078,1,2584,899,4,137,20,-76050.8251152269,6843539.01060561,68,Pseudechis porphyricaus,0,543
153.1246,-28.4078,1,2584,899,4,137,20,-76050.8251152269,6843539.01060561,68,Saltuarius swaini,0,544
153.1286,-28.4078,1,2516,959,4,138,142,-75657.8907508829,6843558.24169014,69,Cacophis kreftii,0,545
153.1286,-28.4078,1,2516,959,4,138,142,-75657.8907508829,6843558.24169014,69,Calyptotis scutirostrum,1,546
153.1286,-28.4078,1,2516,959,4,138,142,-75657.8907508829,6843558.24169014,69,Coeranoscincus reticulatus,0,547
153.1286,-28.4078,1,2516,959,4,138,142,-75657.8907508829,6843558.24169014,69,Egernia mcpheei,0,548
153.1286,-28.4078,1,2516,959,4,138,142,-75657.8907508829,6843558.24169014,69,Eulamprus murrayi,0,549
153.1286,-28.4078,1,2516,959,4,138,142,-75657.8907508829,6843558.24169014,69,Ophioscincus truncatus,0,550
153.1286,-28.4078,1,2516,959,4,138,142,-75657.8907508829,6843558.24169014,69,Pseudechis porphyricaus,0,551
153.1286,-28.4078,1,2516,959,4,138,142,-75657.8907508829,6843558.24169014,69,Saltuarius swaini,0,552
153.0204,-28.4097,2,1468,1129,5,174,8,-86276.7919880507,6842822.24862468,70,Cacophis kreftii,0,553
153.0204,-28.4097,2,1468,1129,5,174,8,-86276.7919880507,6842822.24862468,70,Calyptotis scutirostrum,0,554
153.0204,-28.4097,2,1468,1129,5,174,8,-86276.7919880507,6842822.24862468,70,Coeranoscincus reticulatus,0,555
153.0204,-28.4097,2,1468,1129,5,174,8,-86276.7919880507,6842822.24862468,70,Egernia mcpheei,0,556
153.0204,-28.4097,2,1468,1129,5,174,8,-86276.7919880507,6842822.24862468,70,Eulamprus murrayi,0,557
153.0204,-28.4097,2,1468,1129,5,174,8,-86276.7919880507,6842822.24862468,70,Ophioscincus truncatus,1,558
153.0204,-28.4097,2,1468,1129,5,174,8,-86276.7919880507,6842822.24862468,70,Pseudechis porphyricaus,0,559
153.0204,-28.4097,2,1468,1129,5,174,8,-86276.7919880507,6842822.24862468,70,Saltuarius swaini,0,560
153.0265,-28.4097,2,1660,939,2,169,-8,-85677.5166531029,6842852.09919301,71,Cacophis kreftii,1,561
153.0265,-28.4097,2,1660,939,2,169,-8,-85677.5166531029,6842852.09919301,71,Calyptotis scutirostrum,0,562
153.0265,-28.4097,2,1660,939,2,169,-8,-85677.5166531029,6842852.09919301,71,Coeranoscincus reticulatus,1,563
153.0265,-28.4097,2,1660,939,2,169,-8,-85677.5166531029,6842852.09919301,71,Egernia mcpheei,0,564
153.0265,-28.4097,2,1660,939,2,169,-8,-85677.5166531029,6842852.09919301,71,Eulamprus murrayi,0,565
153.0265,-28.4097,2,1660,939,2,169,-8,-85677.5166531029,6842852.09919301,71,Ophioscincus truncatus,0,566
153.0265,-28.4097,2,1660,939,2,169,-8,-85677.5166531029,6842852.09919301,71,Pseudechis porphyricaus,0,567
153.0265,-28.4097,2,1660,939,2,169,-8,-85677.5166531029,6842852.09919301,71,Saltuarius swaini,0,568
153.0184,-28.4115,2,1472,1120,5,178,-11,-86463.3052036808,6842612.44869674,72,Cacophis kreftii,0,569
153.0184,-28.4115,2,1472,1120,5,178,-11,-86463.3052036808,6842612.44869674,72,Calyptotis scutirostrum,1,570
153.0184,-28.4115,2,1472,1120,5,178,-11,-86463.3052036808,6842612.44869674,72,Coeranoscincus reticulatus,0,571
153.0184,-28.4115,2,1472,1120,5,178,-11,-86463.3052036808,6842612.44869674,72,Egernia mcpheei,0,572
153.0184,-28.4115,2,1472,1120,5,178,-11,-86463.3052036808,6842612.44869674,72,Eulamprus murrayi,0,573
153.0184,-28.4115,2,1472,1120,5,178,-11,-86463.3052036808,6842612.44869674,72,Ophioscincus truncatus,1,574
153.0184,-28.4115,2,1472,1120,5,178,-11,-86463.3052036808,6842612.44869674,72,Pseudechis porphyricaus,0,575
153.0184,-28.4115,2,1472,1120,5,178,-11,-86463.3052036808,6842612.44869674,72,Saltuarius swaini,0,576
153.0204,-28.4115,2,1474,1129,5,175,-8,-86266.8240696947,6842622.24288955,73,Cacophis kreftii,0,577
153.0204,-28.4115,2,1474,1129,5,175,-8,-86266.8240696947,6842622.24288955,73,Calyptotis scutirostrum,1,578
153.0204,-28.4115,2,1474,1129,5,175,-8,-86266.8240696947,6842622.24288955,73,Coeranoscincus reticulatus,0,579
153.0204,-28.4115,2,1474,1129,5,175,-8,-86266.8240696947,6842622.24288955,73,Egernia mcpheei,0,580
153.0204,-28.4115,2,1474,1129,5,175,-8,-86266.8240696947,6842622.24288955,73,Eulamprus murrayi,0,581
153.0204,-28.4115,2,1474,1129,5,175,-8,-86266.8240696947,6842622.24288955,73,Ophioscincus truncatus,0,582
153.0204,-28.4115,2,1474,1129,5,175,-8,-86266.8240696947,6842622.24288955,73,Pseudechis porphyricaus,0,583
153.0204,-28.4115,2,1474,1129,5,175,-8,-86266.8240696947,6842622.24288955,73,Saltuarius swaini,0,584
153.0102,-28.4133,3,1404,1000,2,178,-6,-87258.8962377934,6842372.25003079,74,Cacophis kreftii,0,585
153.0102,-28.4133,3,1404,1000,2,178,-6,-87258.8962377934,6842372.25003079,74,Calyptotis scutirostrum,0,586
153.0102,-28.4133,3,1404,1000,2,178,-6,-87258.8962377934,6842372.25003079,74,Coeranoscincus reticulatus,0,587
153.0102,-28.4133,3,1404,1000,2,178,-6,-87258.8962377934,6842372.25003079,74,Egernia mcpheei,0,588
153.0102,-28.4133,3,1404,1000,2,178,-6,-87258.8962377934,6842372.25003079,74,Eulamprus murrayi,0,589
153.0102,-28.4133,3,1404,1000,2,178,-6,-87258.8962377934,6842372.25003079,74,Ophioscincus truncatus,0,590
153.0102,-28.4133,3,1404,1000,2,178,-6,-87258.8962377934,6842372.25003079,74,Pseudechis porphyricaus,0,591
153.0102,-28.4133,3,1404,1000,2,178,-6,-87258.8962377934,6842372.25003079,74,Saltuarius swaini,0,592
153.0286,-28.4133,1,1666,1080,4,167,-3,-85451.3008855928,6842462.36028904,75,Cacophis kreftii,0,593
153.0286,-28.4133,1,1666,1080,4,167,-3,-85451.3008855928,6842462.36028904,75,Calyptotis scutirostrum,1,594
153.0286,-28.4133,1,1666,1080,4,167,-3,-85451.3008855928,6842462.36028904,75,Coeranoscincus reticulatus,0,595
153.0286,-28.4133,1,1666,1080,4,167,-3,-85451.3008855928,6842462.36028904,75,Egernia mcpheei,1,596
153.0286,-28.4133,1,1666,1080,4,167,-3,-85451.3008855928,6842462.36028904,75,Eulamprus murrayi,0,597
153.0286,-28.4133,1,1666,1080,4,167,-3,-85451.3008855928,6842462.36028904,75,Ophioscincus truncatus,1,598
153.0286,-28.4133,1,1666,1080,4,167,-3,-85451.3008855928,6842462.36028904,75,Pseudechis porphyricaus,0,599
153.0286,-28.4133,1,1666,1080,4,167,-3,-85451.3008855928,6842462.36028904,75,Saltuarius swaini,0,600
153.0327,-28.4133,1,1728,1039,4,164,16,-85048.5260177015,6842482.40093115,76,Cacophis kreftii,0,601
153.0327,-28.4133,1,1728,1039,4,164,16,-85048.5260177015,6842482.40093115,76,Calyptotis scutirostrum,1,602
153.0327,-28.4133,1,1728,1039,4,164,16,-85048.5260177015,6842482.40093115,76,Coeranoscincus reticulatus,0,603
153.0327,-28.4133,1,1728,1039,4,164,16,-85048.5260177015,6842482.40093115,76,Egernia mcpheei,0,604
153.0327,-28.4133,1,1728,1039,4,164,16,-85048.5260177015,6842482.40093115,76,Eulamprus murrayi,0,605
153.0327,-28.4133,1,1728,1039,4,164,16,-85048.5260177015,6842482.40093115,76,Ophioscincus truncatus,0,606
153.0327,-28.4133,1,1728,1039,4,164,16,-85048.5260177015,6842482.40093115,76,Pseudechis porphyricaus,0,607
153.0327,-28.4133,1,1728,1039,4,164,16,-85048.5260177015,6842482.40093115,76,Saltuarius swaini,0,608
152.4609,-28.4141,2,1204,1019,4,146,-3,-141232.465468886,6839463.67340073,77,Cacophis kreftii,0,609
152.4609,-28.4141,2,1204,1019,4,146,-3,-141232.465468886,6839463.67340073,77,Calyptotis scutirostrum,0,610
152.4609,-28.4141,2,1204,1019,4,146,-3,-141232.465468886,6839463.67340073,77,Coeranoscincus reticulatus,0,611
152.4609,-28.4141,2,1204,1019,4,146,-3,-141232.465468886,6839463.67340073,77,Egernia mcpheei,0,612
152.4609,-28.4141,2,1204,1019,4,146,-3,-141232.465468886,6839463.67340073,77,Eulamprus murrayi,0,613
152.4609,-28.4141,2,1204,1019,4,146,-3,-141232.465468886,6839463.67340073,77,Ophioscincus truncatus,0,614
152.4609,-28.4141,2,1204,1019,4,146,-3,-141232.465468886,6839463.67340073,77,Pseudechis porphyricaus,0,615
152.4609,-28.4141,2,1204,1019,4,146,-3,-141232.465468886,6839463.67340073,77,Saltuarius swaini,0,616
153.0265,-28.4151,2,1634,1039,5,168,28,-85647.642077096,6842252.08566301,78,Cacophis kreftii,0,617
153.0265,-28.4151,2,1634,1039,5,168,28,-85647.642077096,6842252.08566301,78,Calyptotis scutirostrum,0,618
153.0265,-28.4151,2,1634,1039,5,168,28,-85647.642077096,6842252.08566301,78,Coeranoscincus reticulatus,1,619
153.0265,-28.4151,2,1634,1039,5,168,28,-85647.642077096,6842252.08566301,78,Egernia mcpheei,0,620
153.0265,-28.4151,2,1634,1039,5,168,28,-85647.642077096,6842252.08566301,78,Eulamprus murrayi,0,621
153.0265,-28.4151,2,1634,1039,5,168,28,-85647.642077096,6842252.08566301,78,Ophioscincus truncatus,0,622
153.0265,-28.4151,2,1634,1039,5,168,28,-85647.642077096,6842252.08566301,78,Pseudechis porphyricaus,0,623
153.0265,-28.4151,2,1634,1039,5,168,28,-85647.642077096,6842252.08566301,78,Saltuarius swaini,0,624
153.0286,-28.4151,1,1716,1110,4,166,36,-85441.3456632874,6842262.35620362,79,Cacophis kreftii,0,625
153.0286,-28.4151,1,1716,1110,4,166,36,-85441.3456632874,6842262.35620362,79,Calyptotis scutirostrum,0,626
153.0286,-28.4151,1,1716,1110,4,166,36,-85441.3456632874,6842262.35620362,79,Coeranoscincus reticulatus,0,627
153.0286,-28.4151,1,1716,1110,4,166,36,-85441.3456632874,6842262.35620362,79,Egernia mcpheei,0,628
153.0286,-28.4151,1,1716,1110,4,166,36,-85441.3456632874,6842262.35620362,79,Eulamprus murrayi,0,629
153.0286,-28.4151,1,1716,1110,4,166,36,-85441.3456632874,6842262.35620362,79,Ophioscincus truncatus,0,630
153.0286,-28.4151,1,1716,1110,4,166,36,-85441.3456632874,6842262.35620362,79,Pseudechis porphyricaus,0,631
153.0286,-28.4151,1,1716,1110,4,166,36,-85441.3456632874,6842262.35620362,79,Saltuarius swaini,0,632
153.0225,-28.4169,3,1604,1080,5,169,20,-86030.6227190422,6842032.50730469,80,Cacophis kreftii,0,633
153.0225,-28.4169,3,1604,1080,5,169,20,-86030.6227190422,6842032.50730469,80,Calyptotis scutirostrum,0,634
153.0225,-28.4169,3,1604,1080,5,169,20,-86030.6227190422,6842032.50730469,80,Coeranoscincus reticulatus,0,635
153.0225,-28.4169,3,1604,1080,5,169,20,-86030.6227190422,6842032.50730469,80,Egernia mcpheei,0,636
153.0225,-28.4169,3,1604,1080,5,169,20,-86030.6227190422,6842032.50730469,80,Eulamprus murrayi,0,637
153.0225,-28.4169,3,1604,1080,5,169,20,-86030.6227190422,6842032.50730469,80,Ophioscincus truncatus,0,638
153.0225,-28.4169,3,1604,1080,5,169,20,-86030.6227190422,6842032.50730469,80,Pseudechis porphyricaus,0,639
153.0225,-28.4169,3,1604,1080,5,169,20,-86030.6227190422,6842032.50730469,80,Saltuarius swaini,0,640
152.4629,-28.4267,1,1262,1129,4,147,12,-140959.469933914,6838073.53823004,81,Cacophis kreftii,0,641
152.4629,-28.4267,1,1262,1129,4,147,12,-140959.469933914,6838073.53823004,81,Calyptotis scutirostrum,1,642
152.4629,-28.4267,1,1262,1129,4,147,12,-140959.469933914,6838073.53823004,81,Coeranoscincus reticulatus,1,643
152.4629,-28.4267,1,1262,1129,4,147,12,-140959.469933914,6838073.53823004,81,Egernia mcpheei,0,644
152.4629,-28.4267,1,1262,1129,4,147,12,-140959.469933914,6838073.53823004,81,Eulamprus murrayi,0,645
152.4629,-28.4267,1,1262,1129,4,147,12,-140959.469933914,6838073.53823004,81,Ophioscincus truncatus,0,646
152.4629,-28.4267,1,1262,1129,4,147,12,-140959.469933914,6838073.53823004,81,Pseudechis porphyricaus,0,647
152.4629,-28.4267,1,1262,1129,4,147,12,-140959.469933914,6838073.53823004,81,Saltuarius swaini,0,648
153.1287,-28.4349,1,2408,1039,4,141,-3,-75500.6971927988,6840547.8484931,82,Cacophis kreftii,0,649
153.1287,-28.4349,1,2408,1039,4,141,-3,-75500.6971927988,6840547.8484931,82,Calyptotis scutirostrum,0,650
153.1287,-28.4349,1,2408,1039,4,141,-3,-75500.6971927988,6840547.8484931,82,Coeranoscincus reticulatus,0,651
153.1287,-28.4349,1,2408,1039,4,141,-3,-75500.6971927988,6840547.8484931,82,Egernia mcpheei,0,652
153.1287,-28.4349,1,2408,1039,4,141,-3,-75500.6971927988,6840547.8484931,82,Eulamprus murrayi,0,653
153.1287,-28.4349,1,2408,1039,4,141,-3,-75500.6971927988,6840547.8484931,82,Ophioscincus truncatus,0,654
153.1287,-28.4349,1,2408,1039,4,141,-3,-75500.6971927988,6840547.8484931,82,Pseudechis porphyricaus,0,655
153.1287,-28.4349,1,2408,1039,4,141,-3,-75500.6971927988,6840547.8484931,82,Saltuarius swaini,0,656
153.1205,-28.4367,3,2636,1179,4,139,6,-76296.1989038548,6840308.40108151,83,Cacophis kreftii,0,657
153.1205,-28.4367,3,2636,1179,4,139,6,-76296.1989038548,6840308.40108151,83,Calyptotis scutirostrum,0,658
153.1205,-28.4367,3,2636,1179,4,139,6,-76296.1989038548,6840308.40108151,83,Coeranoscincus reticulatus,0,659
153.1205,-28.4367,3,2636,1179,4,139,6,-76296.1989038548,6840308.40108151,83,Egernia mcpheei,0,660
153.1205,-28.4367,3,2636,1179,4,139,6,-76296.1989038548,6840308.40108151,83,Eulamprus murrayi,0,661
153.1205,-28.4367,3,2636,1179,4,139,6,-76296.1989038548,6840308.40108151,83,Ophioscincus truncatus,0,662
153.1205,-28.4367,3,2636,1179,4,139,6,-76296.1989038548,6840308.40108151,83,Pseudechis porphyricaus,0,663
153.1205,-28.4367,3,2636,1179,4,139,6,-76296.1989038548,6840308.40108151,83,Saltuarius swaini,0,664
153.1266,-28.4367,1,2562,1149,4,142,14,-75697.1375955953,6840337.76316393,84,Cacophis kreftii,0,665
153.1266,-28.4367,1,2562,1149,4,142,14,-75697.1375955953,6840337.76316393,84,Calyptotis scutirostrum,0,666
153.1266,-28.4367,1,2562,1149,4,142,14,-75697.1375955953,6840337.76316393,84,Coeranoscincus reticulatus,0,667
153.1266,-28.4367,1,2562,1149,4,142,14,-75697.1375955953,6840337.76316393,84,Egernia mcpheei,0,668
153.1266,-28.4367,1,2562,1149,4,142,14,-75697.1375955953,6840337.76316393,84,Eulamprus murrayi,0,669
153.1266,-28.4367,1,2562,1149,4,142,14,-75697.1375955953,6840337.76316393,84,Ophioscincus truncatus,0,670
153.1266,-28.4367,1,2562,1149,4,142,14,-75697.1375955953,6840337.76316393,84,Pseudechis porphyricaus,0,671
153.1266,-28.4367,1,2562,1149,4,142,14,-75697.1375955953,6840337.76316393,84,Saltuarius swaini,0,672
153.1389,-28.4385,1,2452,1090,4,145,50,-74479.428884286,6840196.89257894,85,Cacophis kreftii,0,673
153.1389,-28.4385,1,2452,1090,4,145,50,-74479.428884286,6840196.89257894,85,Calyptotis scutirostrum,0,674
153.1389,-28.4385,1,2452,1090,4,145,50,-74479.428884286,6840196.89257894,85,Coeranoscincus reticulatus,0,675
153.1389,-28.4385,1,2452,1090,4,145,50,-74479.428884286,6840196.89257894,85,Egernia mcpheei,0,676
153.1389,-28.4385,1,2452,1090,4,145,50,-74479.428884286,6840196.89257894,85,Eulamprus murrayi,0,677
153.1389,-28.4385,1,2452,1090,4,145,50,-74479.428884286,6840196.89257894,85,Ophioscincus truncatus,0,678
153.1389,-28.4385,1,2452,1090,4,145,50,-74479.428884286,6840196.89257894,85,Pseudechis porphyricaus,0,679
153.1389,-28.4385,1,2452,1090,4,145,50,-74479.428884286,6840196.89257894,85,Saltuarius swaini,0,680
152.4587,-28.4411,2,1210,1049,4,149,-3,-141284.847099763,6836450.02639933,86,Cacophis kreftii,0,681
152.4587,-28.4411,2,1210,1049,4,149,-3,-141284.847099763,6836450.02639933,86,Calyptotis scutirostrum,0,682
152.4587,-28.4411,2,1210,1049,4,149,-3,-141284.847099763,6836450.02639933,86,Coeranoscincus reticulatus,0,683
152.4587,-28.4411,2,1210,1049,4,149,-3,-141284.847099763,6836450.02639933,86,Egernia mcpheei,0,684
152.4587,-28.4411,2,1210,1049,4,149,-3,-141284.847099763,6836450.02639933,86,Eulamprus murrayi,0,685
152.4587,-28.4411,2,1210,1049,4,149,-3,-141284.847099763,6836450.02639933,86,Ophioscincus truncatus,0,686
152.4587,-28.4411,2,1210,1049,4,149,-3,-141284.847099763,6836450.02639933,86,Pseudechis porphyricaus,0,687
152.4587,-28.4411,2,1210,1049,4,149,-3,-141284.847099763,6836450.02639933,86,Saltuarius swaini,0,688
153.1736,-28.4493,3,1558,1149,2,185,-14,-71013.5035560221,6839163.13240084,87,Cacophis kreftii,0,689
153.1736,-28.4493,3,1558,1149,2,185,-14,-71013.5035560221,6839163.13240084,87,Calyptotis scutirostrum,0,690
153.1736,-28.4493,3,1558,1149,2,185,-14,-71013.5035560221,6839163.13240084,87,Coeranoscincus reticulatus,1,691
153.1736,-28.4493,3,1558,1149,2,185,-14,-71013.5035560221,6839163.13240084,87,Egernia mcpheei,0,692
153.1736,-28.4493,3,1558,1149,2,185,-14,-71013.5035560221,6839163.13240084,87,Eulamprus murrayi,0,693
153.1736,-28.4493,3,1558,1149,2,185,-14,-71013.5035560221,6839163.13240084,87,Ophioscincus truncatus,0,694
153.1736,-28.4493,3,1558,1149,2,185,-14,-71013.5035560221,6839163.13240084,87,Pseudechis porphyricaus,0,695
153.1736,-28.4493,3,1558,1149,2,185,-14,-71013.5035560221,6839163.13240084,87,Saltuarius swaini,0,696
153.1777,-28.4583,3,1578,1129,2,185,-5,-70562.3455337335,6838182.8228656,88,Cacophis kreftii,0,697
153.1777,-28.4583,3,1578,1129,2,185,-5,-70562.3455337335,6838182.8228656,88,Calyptotis scutirostrum,0,698
153.1777,-28.4583,3,1578,1129,2,185,-5,-70562.3455337335,6838182.8228656,88,Coeranoscincus reticulatus,0,699
153.1777,-28.4583,3,1578,1129,2,185,-5,-70562.3455337335,6838182.8228656,88,Egernia mcpheei,0,700
153.1777,-28.4583,3,1578,1129,2,185,-5,-70562.3455337335,6838182.8228656,88,Eulamprus murrayi,0,701
153.1777,-28.4583,3,1578,1129,2,185,-5,-70562.3455337335,6838182.8228656,88,Ophioscincus truncatus,0,702
153.1777,-28.4583,3,1578,1129,2,185,-5,-70562.3455337335,6838182.8228656,88,Pseudechis porphyricaus,0,703
153.1777,-28.4583,3,1578,1129,2,185,-5,-70562.3455337335,6838182.8228656,88,Saltuarius swaini,0,704
153.1348,-28.4584,1,2766,1090,4,135,17,-74773.8673977553,6837966.27869304,89,Cacophis kreftii,0,705
153.1348,-28.4584,1,2766,1090,4,135,17,-74773.8673977553,6837966.27869304,89,Calyptotis scutirostrum,0,706
153.1348,-28.4584,1,2766,1090,4,135,17,-74773.8673977553,6837966.27869304,89,Coeranoscincus reticulatus,0,707
153.1348,-28.4584,1,2766,1090,4,135,17,-74773.8673977553,6837966.27869304,89,Egernia mcpheei,0,708
153.1348,-28.4584,1,2766,1090,4,135,17,-74773.8673977553,6837966.27869304,89,Eulamprus murrayi,0,709
153.1348,-28.4584,1,2766,1090,4,135,17,-74773.8673977553,6837966.27869304,89,Ophioscincus truncatus,0,710
153.1348,-28.4584,1,2766,1090,4,135,17,-74773.8673977553,6837966.27869304,89,Pseudechis porphyricaus,0,711
153.1348,-28.4584,1,2766,1090,4,135,17,-74773.8673977553,6837966.27869304,89,Saltuarius swaini,0,712
153.1287,-28.4602,3,2820,1159,4,132,54,-75362.9991994329,6837736.95951694,90,Cacophis kreftii,0,713
153.1287,-28.4602,3,2820,1159,4,132,54,-75362.9991994329,6837736.95951694,90,Calyptotis scutirostrum,0,714
153.1287,-28.4602,3,2820,1159,4,132,54,-75362.9991994329,6837736.95951694,90,Coeranoscincus reticulatus,0,715
153.1287,-28.4602,3,2820,1159,4,132,54,-75362.9991994329,6837736.95951694,90,Egernia mcpheei,0,716
153.1287,-28.4602,3,2820,1159,4,132,54,-75362.9991994329,6837736.95951694,90,Eulamprus murrayi,0,717
153.1287,-28.4602,3,2820,1159,4,132,54,-75362.9991994329,6837736.95951694,90,Ophioscincus truncatus,0,718
153.1287,-28.4602,3,2820,1159,4,132,54,-75362.9991994329,6837736.95951694,90,Pseudechis porphyricaus,0,719
153.1287,-28.4602,3,2820,1159,4,132,54,-75362.9991994329,6837736.95951694,90,Saltuarius swaini,0,720
152.6486,-28.4616,3,1180,1080,2,168,9,-122504.375187548,6835175.45384486,91,Cacophis kreftii,0,721
152.6486,-28.4616,3,1180,1080,2,168,9,-122504.375187548,6835175.45384486,91,Calyptotis scutirostrum,0,722
152.6486,-28.4616,3,1180,1080,2,168,9,-122504.375187548,6835175.45384486,91,Coeranoscincus reticulatus,0,723
152.6486,-28.4616,3,1180,1080,2,168,9,-122504.375187548,6835175.45384486,91,Egernia mcpheei,0,724
152.6486,-28.4616,3,1180,1080,2,168,9,-122504.375187548,6835175.45384486,91,Eulamprus murrayi,0,725
152.6486,-28.4616,3,1180,1080,2,168,9,-122504.375187548,6835175.45384486,91,Ophioscincus truncatus,0,726
152.6486,-28.4616,3,1180,1080,2,168,9,-122504.375187548,6835175.45384486,91,Pseudechis porphyricaus,0,727
152.6486,-28.4616,3,1180,1080,2,168,9,-122504.375187548,6835175.45384486,91,Saltuarius swaini,0,728
153.1287,-28.462,3,2772,1139,4,135,1,-75353.1982293057,6837536.97534272,92,Cacophis kreftii,0,729
153.1287,-28.462,3,2772,1139,4,135,1,-75353.1982293057,6837536.97534272,92,Calyptotis scutirostrum,0,730
153.1287,-28.462,3,2772,1139,4,135,1,-75353.1982293057,6837536.97534272,92,Coeranoscincus reticulatus,0,731
153.1287,-28.462,3,2772,1139,4,135,1,-75353.1982293057,6837536.97534272,92,Egernia mcpheei,0,732
153.1287,-28.462,3,2772,1139,4,135,1,-75353.1982293057,6837536.97534272,92,Eulamprus murrayi,0,733
153.1287,-28.462,3,2772,1139,4,135,1,-75353.1982293057,6837536.97534272,92,Ophioscincus truncatus,0,734
153.1287,-28.462,3,2772,1139,4,135,1,-75353.1982293057,6837536.97534272,92,Pseudechis porphyricaus,0,735
153.1287,-28.462,3,2772,1139,4,135,1,-75353.1982293057,6837536.97534272,92,Saltuarius swaini,0,736
153.1307,-28.462,3,2772,1139,4,135,-5,-75156.8333834303,6837546.59756221,93,Cacophis kreftii,0,737
153.1307,-28.462,3,2772,1139,4,135,-5,-75156.8333834303,6837546.59756221,93,Calyptotis scutirostrum,0,738
153.1307,-28.462,3,2772,1139,4,135,-5,-75156.8333834303,6837546.59756221,93,Coeranoscincus reticulatus,0,739
153.1307,-28.462,3,2772,1139,4,135,-5,-75156.8333834303,6837546.59756221,93,Egernia mcpheei,0,740
153.1307,-28.462,3,2772,1139,4,135,-5,-75156.8333834303,6837546.59756221,93,Eulamprus murrayi,0,741
153.1307,-28.462,3,2772,1139,4,135,-5,-75156.8333834303,6837546.59756221,93,Ophioscincus truncatus,1,742
153.1307,-28.462,3,2772,1139,4,135,-5,-75156.8333834303,6837546.59756221,93,Pseudechis porphyricaus,0,743
153.1307,-28.462,3,2772,1139,4,135,-5,-75156.8333834303,6837546.59756221,93,Saltuarius swaini,0,744
152.6425,-28.4634,3,1232,1019,2,164,10,-123092.961228372,6834943.56739009,94,Cacophis kreftii,0,745
152.6425,-28.4634,3,1232,1019,2,164,10,-123092.961228372,6834943.56739009,94,Calyptotis scutirostrum,0,746
152.6425,-28.4634,3,1232,1019,2,164,10,-123092.961228372,6834943.56739009,94,Coeranoscincus reticulatus,0,747
152.6425,-28.4634,3,1232,1019,2,164,10,-123092.961228372,6834943.56739009,94,Egernia mcpheei,0,748
152.6425,-28.4634,3,1232,1019,2,164,10,-123092.961228372,6834943.56739009,94,Eulamprus murrayi,0,749
152.6425,-28.4634,3,1232,1019,2,164,10,-123092.961228372,6834943.56739009,94,Ophioscincus truncatus,0,750
152.6425,-28.4634,3,1232,1019,2,164,10,-123092.961228372,6834943.56739009,94,Pseudechis porphyricaus,0,751
152.6425,-28.4634,3,1232,1019,2,164,10,-123092.961228372,6834943.56739009,94,Saltuarius swaini,0,752
153.19,-28.4637,3,1508,1169,2,186,-12,-69325.6308353315,6837641.52514164,95,Cacophis kreftii,0,753
153.19,-28.4637,3,1508,1169,2,186,-12,-69325.6308353315,6837641.52514164,95,Calyptotis scutirostrum,0,754
153.19,-28.4637,3,1508,1169,2,186,-12,-69325.6308353315,6837641.52514164,95,Coeranoscincus reticulatus,0,755
153.19,-28.4637,3,1508,1169,2,186,-12,-69325.6308353315,6837641.52514164,95,Egernia mcpheei,0,756
153.19,-28.4637,3,1508,1169,2,186,-12,-69325.6308353315,6837641.52514164,95,Eulamprus murrayi,0,757
153.19,-28.4637,3,1508,1169,2,186,-12,-69325.6308353315,6837641.52514164,95,Ophioscincus truncatus,0,758
153.19,-28.4637,3,1508,1169,2,186,-12,-69325.6308353315,6837641.52514164,95,Pseudechis porphyricaus,0,759
153.19,-28.4637,3,1508,1169,2,186,-12,-69325.6308353315,6837641.52514164,95,Saltuarius swaini,0,760
153.1634,-28.4638,3,1638,1120,2,181,-12,-71936.5797575373,6837503.47253218,96,Cacophis kreftii,0,761
153.1634,-28.4638,3,1638,1120,2,181,-12,-71936.5797575373,6837503.47253218,96,Calyptotis scutirostrum,0,762
153.1634,-28.4638,3,1638,1120,2,181,-12,-71936.5797575373,6837503.47253218,96,Coeranoscincus reticulatus,0,763
153.1634,-28.4638,3,1638,1120,2,181,-12,-71936.5797575373,6837503.47253218,96,Egernia mcpheei,0,764
153.1634,-28.4638,3,1638,1120,2,181,-12,-71936.5797575373,6837503.47253218,96,Eulamprus murrayi,0,765
153.1634,-28.4638,3,1638,1120,2,181,-12,-71936.5797575373,6837503.47253218,96,Ophioscincus truncatus,0,766
153.1634,-28.4638,3,1638,1120,2,181,-12,-71936.5797575373,6837503.47253218,96,Pseudechis porphyricaus,0,767
153.1634,-28.4638,3,1638,1120,2,181,-12,-71936.5797575373,6837503.47253218,96,Saltuarius swaini,0,768
152.7324,-28.4654,2,1608,1129,5,162,-19,-114250.874091765,6835186.86007185,97,Cacophis kreftii,0,769
152.7324,-28.4654,2,1608,1129,5,162,-19,-114250.874091765,6835186.86007185,97,Calyptotis scutirostrum,1,770
152.7324,-28.4654,2,1608,1129,5,162,-19,-114250.874091765,6835186.86007185,97,Coeranoscincus reticulatus,1,771
152.7324,-28.4654,2,1608,1129,5,162,-19,-114250.874091765,6835186.86007185,97,Egernia mcpheei,0,772
152.7324,-28.4654,2,1608,1129,5,162,-19,-114250.874091765,6835186.86007185,97,Eulamprus murrayi,0,773
152.7324,-28.4654,2,1608,1129,5,162,-19,-114250.874091765,6835186.86007185,97,Ophioscincus truncatus,1,774
152.7324,-28.4654,2,1608,1129,5,162,-19,-114250.874091765,6835186.86007185,97,Pseudechis porphyricaus,0,775
152.7324,-28.4654,2,1608,1129,5,162,-19,-114250.874091765,6835186.86007185,97,Saltuarius swaini,0,776
153.141,-28.4656,1,2578,1080,4,140,70,-74125.9984687811,6837196.13588608,98,Cacophis kreftii,1,777
153.141,-28.4656,1,2578,1080,4,140,70,-74125.9984687811,6837196.13588608,98,Calyptotis scutirostrum,0,778
153.141,-28.4656,1,2578,1080,4,140,70,-74125.9984687811,6837196.13588608,98,Coeranoscincus reticulatus,0,779
153.141,-28.4656,1,2578,1080,4,140,70,-74125.9984687811,6837196.13588608,98,Egernia mcpheei,0,780
153.141,-28.4656,1,2578,1080,4,140,70,-74125.9984687811,6837196.13588608,98,Eulamprus murrayi,0,781
153.141,-28.4656,1,2578,1080,4,140,70,-74125.9984687811,6837196.13588608,98,Ophioscincus truncatus,0,782
153.141,-28.4656,1,2578,1080,4,140,70,-74125.9984687811,6837196.13588608,98,Pseudechis porphyricaus,0,783
153.141,-28.4656,1,2578,1080,4,140,70,-74125.9984687811,6837196.13588608,98,Saltuarius swaini,0,784
152.6404,-28.467,3,1238,1070,2,163,15,-123277.985601988,6834532.44353339,99,Cacophis kreftii,0,785
152.6404,-28.467,3,1238,1070,2,163,15,-123277.985601988,6834532.44353339,99,Calyptotis scutirostrum,0,786
152.6404,-28.467,3,1238,1070,2,163,15,-123277.985601988,6834532.44353339,99,Coeranoscincus reticulatus,0,787
152.6404,-28.467,3,1238,1070,2,163,15,-123277.985601988,6834532.44353339,99,Egernia mcpheei,0,788
152.6404,-28.467,3,1238,1070,2,163,15,-123277.985601988,6834532.44353339,99,Eulamprus murrayi,0,789
152.6404,-28.467,3,1238,1070,2,163,15,-123277.985601988,6834532.44353339,99,Ophioscincus truncatus,0,790
152.6404,-28.467,3,1238,1070,2,163,15,-123277.985601988,6834532.44353339,99,Pseudechis porphyricaus,0,791
152.6404,-28.467,3,1238,1070,2,163,15,-123277.985601988,6834532.44353339,99,Saltuarius swaini,0,792
152.3993,-28.4734,1,1106,1070,4,155,7,-146924.263703885,6832538.43479643,100,Cacophis kreftii,0,793
152.3993,-28.4734,1,1106,1070,4,155,7,-146924.263703885,6832538.43479643,100,Calyptotis scutirostrum,1,794
152.3993,-28.4734,1,1106,1070,4,155,7,-146924.263703885,6832538.43479643,100,Coeranoscincus reticulatus,1,795
152.3993,-28.4734,1,1106,1070,4,155,7,-146924.263703885,6832538.43479643,100,Egernia mcpheei,1,796
152.3993,-28.4734,1,1106,1070,4,155,7,-146924.263703885,6832538.43479643,100,Eulamprus murrayi,0,797
152.3993,-28.4734,1,1106,1070,4,155,7,-146924.263703885,6832538.43479643,100,Ophioscincus truncatus,0,798
152.3993,-28.4734,1,1106,1070,4,155,7,-146924.263703885,6832538.43479643,100,Pseudechis porphyricaus,0,799
152.3993,-28.4734,1,1106,1070,4,155,7,-146924.263703885,6832538.43479643,100,Saltuarius swaini,0,800
152.3973,-28.4752,1,1106,1070,4,157,-10,-147109.711119875,6832327.45616153,101,Cacophis kreftii,1,801
152.3973,-28.4752,1,1106,1070,4,157,-10,-147109.711119875,6832327.45616153,101,Calyptotis scutirostrum,1,802
152.3973,-28.4752,1,1106,1070,4,157,-10,-147109.711119875,6832327.45616153,101,Coeranoscincus reticulatus,0,803
152.3973,-28.4752,1,1106,1070,4,157,-10,-147109.711119875,6832327.45616153,101,Egernia mcpheei,0,804
152.3973,-28.4752,1,1106,1070,4,157,-10,-147109.711119875,6832327.45616153,101,Eulamprus murrayi,0,805
152.3973,-28.4752,1,1106,1070,4,157,-10,-147109.711119875,6832327.45616153,101,Ophioscincus truncatus,0,806
152.3973,-28.4752,1,1106,1070,4,157,-10,-147109.711119875,6832327.45616153,101,Pseudechis porphyricaus,0,807
152.3973,-28.4752,1,1106,1070,4,157,-10,-147109.711119875,6832327.45616153,101,Saltuarius swaini,0,808
152.4014,-28.4752,1,1110,1029,4,155,-2,-146706.908325374,6832349.6802377,102,Cacophis kreftii,0,809
152.4014,-28.4752,1,1110,1029,4,155,-2,-146706.908325374,6832349.6802377,102,Calyptotis scutirostrum,1,810
152.4014,-28.4752,1,1110,1029,4,155,-2,-146706.908325374,6832349.6802377,102,Coeranoscincus reticulatus,0,811
152.4014,-28.4752,1,1110,1029,4,155,-2,-146706.908325374,6832349.6802377,102,Egernia mcpheei,0,812
152.4014,-28.4752,1,1110,1029,4,155,-2,-146706.908325374,6832349.6802377,102,Eulamprus murrayi,0,813
152.4014,-28.4752,1,1110,1029,4,155,-2,-146706.908325374,6832349.6802377,102,Ophioscincus truncatus,0,814
152.4014,-28.4752,1,1110,1029,4,155,-2,-146706.908325374,6832349.6802377,102,Pseudechis porphyricaus,0,815
152.4014,-28.4752,1,1110,1029,4,155,-2,-146706.908325374,6832349.6802377,102,Saltuarius swaini,0,816
152.3891,-28.4769,3,1066,1009,4,154,32,-147904.876660409,6832093.94660471,103,Cacophis kreftii,0,817
152.3891,-28.4769,3,1066,1009,4,154,32,-147904.876660409,6832093.94660471,103,Calyptotis scutirostrum,1,818
152.3891,-28.4769,3,1066,1009,4,154,32,-147904.876660409,6832093.94660471,103,Coeranoscincus reticulatus,0,819
152.3891,-28.4769,3,1066,1009,4,154,32,-147904.876660409,6832093.94660471,103,Egernia mcpheei,0,820
152.3891,-28.4769,3,1066,1009,4,154,32,-147904.876660409,6832093.94660471,103,Eulamprus murrayi,0,821
152.3891,-28.4769,3,1066,1009,4,154,32,-147904.876660409,6832093.94660471,103,Ophioscincus truncatus,0,822
152.3891,-28.4769,3,1066,1009,4,154,32,-147904.876660409,6832093.94660471,103,Pseudechis porphyricaus,0,823
152.3891,-28.4769,3,1066,1009,4,154,32,-147904.876660409,6832093.94660471,103,Saltuarius swaini,0,824
152.4014,-28.477,1,1110,1090,4,155,1,-146695.869278145,6832149.54484808,104,Cacophis kreftii,1,825
152.4014,-28.477,1,1110,1090,4,155,1,-146695.869278145,6832149.54484808,104,Calyptotis scutirostrum,1,826
152.4014,-28.477,1,1110,1090,4,155,1,-146695.869278145,6832149.54484808,104,Coeranoscincus reticulatus,0,827
152.4014,-28.477,1,1110,1090,4,155,1,-146695.869278145,6832149.54484808,104,Egernia mcpheei,0,828
152.4014,-28.477,1,1110,1090,4,155,1,-146695.869278145,6832149.54484808,104,Eulamprus murrayi,0,829
152.4014,-28.477,1,1110,1090,4,155,1,-146695.869278145,6832149.54484808,104,Ophioscincus truncatus,0,830
152.4014,-28.477,1,1110,1090,4,155,1,-146695.869278145,6832149.54484808,104,Pseudechis porphyricaus,0,831
152.4014,-28.477,1,1110,1090,4,155,1,-146695.869278145,6832149.54484808,104,Saltuarius swaini,0,832
152.7242,-28.478,2,1774,1100,5,150,17,-114982.84538989,6833744.20694228,105,Cacophis kreftii,0,833
152.7242,-28.478,2,1774,1100,5,150,17,-114982.84538989,6833744.20694228,105,Calyptotis scutirostrum,0,834
152.7242,-28.478,2,1774,1100,5,150,17,-114982.84538989,6833744.20694228,105,Coeranoscincus reticulatus,0,835
152.7242,-28.478,2,1774,1100,5,150,17,-114982.84538989,6833744.20694228,105,Egernia mcpheei,0,836
152.7242,-28.478,2,1774,1100,5,150,17,-114982.84538989,6833744.20694228,105,Eulamprus murrayi,0,837
152.7242,-28.478,2,1774,1100,5,150,17,-114982.84538989,6833744.20694228,105,Ophioscincus truncatus,1,838
152.7242,-28.478,2,1774,1100,5,150,17,-114982.84538989,6833744.20694228,105,Pseudechis porphyricaus,0,839
152.7242,-28.478,2,1774,1100,5,150,17,-114982.84538989,6833744.20694228,105,Saltuarius swaini,0,840
153.1798,-28.4782,3,1598,1149,2,183,8,-70248.7401659145,6835982.01404235,107,Cacophis kreftii,0,849
153.1798,-28.4782,3,1598,1149,2,183,8,-70248.7401659145,6835982.01404235,107,Calyptotis scutirostrum,0,850
153.1798,-28.4782,3,1598,1149,2,183,8,-70248.7401659145,6835982.01404235,107,Coeranoscincus reticulatus,0,851
153.1798,-28.4782,3,1598,1149,2,183,8,-70248.7401659145,6835982.01404235,107,Egernia mcpheei,0,852
153.1798,-28.4782,3,1598,1149,2,183,8,-70248.7401659145,6835982.01404235,107,Eulamprus murrayi,0,853
153.1798,-28.4782,3,1598,1149,2,183,8,-70248.7401659145,6835982.01404235,107,Ophioscincus truncatus,0,854
153.1798,-28.4782,3,1598,1149,2,183,8,-70248.7401659145,6835982.01404235,107,Pseudechis porphyricaus,0,855
153.1798,-28.4782,3,1598,1149,2,183,8,-70248.7401659145,6835982.01404235,107,Saltuarius swaini,0,856
152.6649,-28.4815,2,1372,1059,2,163,28,-120786.146445189,6833048.30377336,108,Cacophis kreftii,1,857
152.6649,-28.4815,2,1372,1059,2,163,28,-120786.146445189,6833048.30377336,108,Calyptotis scutirostrum,0,858
152.6649,-28.4815,2,1372,1059,2,163,28,-120786.146445189,6833048.30377336,108,Coeranoscincus reticulatus,0,859
152.6649,-28.4815,2,1372,1059,2,163,28,-120786.146445189,6833048.30377336,108,Egernia mcpheei,0,860
152.6649,-28.4815,2,1372,1059,2,163,28,-120786.146445189,6833048.30377336,108,Eulamprus murrayi,0,861
152.6649,-28.4815,2,1372,1059,2,163,28,-120786.146445189,6833048.30377336,108,Ophioscincus truncatus,1,862
152.6649,-28.4815,2,1372,1059,2,163,28,-120786.146445189,6833048.30377336,108,Pseudechis porphyricaus,0,863
152.6649,-28.4815,2,1372,1059,2,163,28,-120786.146445189,6833048.30377336,108,Saltuarius swaini,0,864
152.671,-28.4815,2,1432,1090,2,162,-9,-120187.064173686,6833080.00728643,109,Cacophis kreftii,0,865
152.671,-28.4815,2,1432,1090,2,162,-9,-120187.064173686,6833080.00728643,109,Calyptotis scutirostrum,0,866
152.671,-28.4815,2,1432,1090,2,162,-9,-120187.064173686,6833080.00728643,109,Coeranoscincus reticulatus,1,867
152.671,-28.4815,2,1432,1090,2,162,-9,-120187.064173686,6833080.00728643,109,Egernia mcpheei,0,868
152.671,-28.4815,2,1432,1090,2,162,-9,-120187.064173686,6833080.00728643,109,Eulamprus murrayi,0,869
152.671,-28.4815,2,1432,1090,2,162,-9,-120187.064173686,6833080.00728643,109,Ophioscincus truncatus,0,870
152.671,-28.4815,2,1432,1090,2,162,-9,-120187.064173686,6833080.00728643,109,Pseudechis porphyricaus,0,871
152.671,-28.4815,2,1432,1090,2,162,-9,-120187.064173686,6833080.00728643,109,Saltuarius swaini,0,872
152.6813,-28.4815,1,1654,1000,5,147,45,-119175.507773172,6833133.46908813,110,Cacophis kreftii,1,873
152.6813,-28.4815,1,1654,1000,5,147,45,-119175.507773172,6833133.46908813,110,Calyptotis scutirostrum,0,874
152.6813,-28.4815,1,1654,1000,5,147,45,-119175.507773172,6833133.46908813,110,Coeranoscincus reticulatus,1,875
152.6813,-28.4815,1,1654,1000,5,147,45,-119175.507773172,6833133.46908813,110,Egernia mcpheei,0,876
152.6813,-28.4815,1,1654,1000,5,147,45,-119175.507773172,6833133.46908813,110,Eulamprus murrayi,0,877
152.6813,-28.4815,1,1654,1000,5,147,45,-119175.507773172,6833133.46908813,110,Ophioscincus truncatus,0,878
152.6813,-28.4815,1,1654,1000,5,147,45,-119175.507773172,6833133.46908813,110,Pseudechis porphyricaus,0,879
152.6813,-28.4815,1,1654,1000,5,147,45,-119175.507773172,6833133.46908813,110,Saltuarius swaini,0,880
152.7957,-28.4818,3,1582,1000,5,161,18,-107939.362066608,6833687.97632912,112,Cacophis kreftii,0,889
152.7957,-28.4818,3,1582,1000,5,161,18,-107939.362066608,6833687.97632912,112,Calyptotis scutirostrum,0,890
152.7957,-28.4818,3,1582,1000,5,161,18,-107939.362066608,6833687.97632912,112,Coeranoscincus reticulatus,0,891
152.7957,-28.4818,3,1582,1000,5,161,18,-107939.362066608,6833687.97632912,112,Egernia mcpheei,0,892
152.7957,-28.4818,3,1582,1000,5,161,18,-107939.362066608,6833687.97632912,112,Eulamprus murrayi,0,893
152.7957,-28.4818,3,1582,1000,5,161,18,-107939.362066608,6833687.97632912,112,Ophioscincus truncatus,0,894
152.7957,-28.4818,3,1582,1000,5,161,18,-107939.362066608,6833687.97632912,112,Pseudechis porphyricaus,0,895
152.7957,-28.4818,3,1582,1000,5,161,18,-107939.362066608,6833687.97632912,112,Saltuarius swaini,0,896
153.1389,-28.4818,2,2280,1029,4,150,19,-74244.0831558044,6835386.21017979,113,Cacophis kreftii,0,897
153.1389,-28.4818,2,2280,1029,4,150,19,-74244.0831558044,6835386.21017979,113,Calyptotis scutirostrum,0,898
153.1389,-28.4818,2,2280,1029,4,150,19,-74244.0831558044,6835386.21017979,113,Coeranoscincus reticulatus,0,899
153.1389,-28.4818,2,2280,1029,4,150,19,-74244.0831558044,6835386.21017979,113,Egernia mcpheei,0,900
153.1389,-28.4818,2,2280,1029,4,150,19,-74244.0831558044,6835386.21017979,113,Eulamprus murrayi,0,901
153.1389,-28.4818,2,2280,1029,4,150,19,-74244.0831558044,6835386.21017979,113,Ophioscincus truncatus,1,902
153.1389,-28.4818,2,2280,1029,4,150,19,-74244.0831558044,6835386.21017979,113,Pseudechis porphyricaus,0,903
153.1389,-28.4818,2,2280,1029,4,150,19,-74244.0831558044,6835386.21017979,113,Saltuarius swaini,0,904
152.6751,-28.4833,1,1458,1059,2,160,-4,-119773.828165994,6832901.22242035,114,Cacophis kreftii,1,905
152.6751,-28.4833,1,1458,1059,2,160,-4,-119773.828165994,6832901.22242035,114,Calyptotis scutirostrum,0,906
152.6751,-28.4833,1,1458,1059,2,160,-4,-119773.828165994,6832901.22242035,114,Coeranoscincus reticulatus,1,907
152.6751,-28.4833,1,1458,1059,2,160,-4,-119773.828165994,6832901.22242035,114,Egernia mcpheei,0,908
152.6751,-28.4833,1,1458,1059,2,160,-4,-119773.828165994,6832901.22242035,114,Eulamprus murrayi,0,909
152.6751,-28.4833,1,1458,1059,2,160,-4,-119773.828165994,6832901.22242035,114,Ophioscincus truncatus,0,910
152.6751,-28.4833,1,1458,1059,2,160,-4,-119773.828165994,6832901.22242035,114,Pseudechis porphyricaus,0,911
152.6751,-28.4833,1,1458,1059,2,160,-4,-119773.828165994,6832901.22242035,114,Saltuarius swaini,0,912
153.1716,-28.4836,3,1622,1090,2,180,16,-71024.471175713,6835342.93435129,115,Cacophis kreftii,0,913
153.1716,-28.4836,3,1622,1090,2,180,16,-71024.471175713,6835342.93435129,115,Calyptotis scutirostrum,0,914
153.1716,-28.4836,3,1622,1090,2,180,16,-71024.471175713,6835342.93435129,115,Coeranoscincus reticulatus,0,915
153.1716,-28.4836,3,1622,1090,2,180,16,-71024.471175713,6835342.93435129,115,Egernia mcpheei,0,916
153.1716,-28.4836,3,1622,1090,2,180,16,-71024.471175713,6835342.93435129,115,Eulamprus murrayi,0,917
153.1716,-28.4836,3,1622,1090,2,180,16,-71024.471175713,6835342.93435129,115,Ophioscincus truncatus,0,918
153.1716,-28.4836,3,1622,1090,2,180,16,-71024.471175713,6835342.93435129,115,Pseudechis porphyricaus,0,919
153.1716,-28.4836,3,1622,1090,2,180,16,-71024.471175713,6835342.93435129,115,Saltuarius swaini,0,920
152.6731,-28.4851,3,1414,1059,2,162,19,-119959.663589068,6832690.76087561,116,Cacophis kreftii,1,921
152.6731,-28.4851,3,1414,1059,2,162,19,-119959.663589068,6832690.76087561,116,Calyptotis scutirostrum,0,922
152.6731,-28.4851,3,1414,1059,2,162,19,-119959.663589068,6832690.76087561,116,Coeranoscincus reticulatus,0,923
152.6731,-28.4851,3,1414,1059,2,162,19,-119959.663589068,6832690.76087561,116,Egernia mcpheei,0,924
152.6731,-28.4851,3,1414,1059,2,162,19,-119959.663589068,6832690.76087561,116,Eulamprus murrayi,0,925
152.6731,-28.4851,3,1414,1059,2,162,19,-119959.663589068,6832690.76087561,116,Ophioscincus truncatus,1,926
152.6731,-28.4851,3,1414,1059,2,162,19,-119959.663589068,6832690.76087561,116,Pseudechis porphyricaus,0,927
152.6731,-28.4851,3,1414,1059,2,162,19,-119959.663589068,6832690.76087561,116,Saltuarius swaini,0,928
152.6792,-28.4888,2,1470,1059,2,161,19,-119338.87811833,6832311.15904512,117,Cacophis kreftii,0,929
152.6792,-28.4888,2,1470,1059,2,161,19,-119338.87811833,6832311.15904512,117,Calyptotis scutirostrum,1,930
152.6792,-28.4888,2,1470,1059,2,161,19,-119338.87811833,6832311.15904512,117,Coeranoscincus reticulatus,1,931
152.6792,-28.4888,2,1470,1059,2,161,19,-119338.87811833,6832311.15904512,117,Egernia mcpheei,0,932
152.6792,-28.4888,2,1470,1059,2,161,19,-119338.87811833,6832311.15904512,117,Eulamprus murrayi,0,933
152.6792,-28.4888,2,1470,1059,2,161,19,-119338.87811833,6832311.15904512,117,Ophioscincus truncatus,1,934
152.6792,-28.4888,2,1470,1059,2,161,19,-119338.87811833,6832311.15904512,117,Pseudechis porphyricaus,0,935
152.6792,-28.4888,2,1470,1059,2,161,19,-119338.87811833,6832311.15904512,117,Saltuarius swaini,0,936
152.7691,-28.4889,3,1668,1179,5,154,28,-110510.340923632,6832763.15005131,118,Cacophis kreftii,0,937
152.7691,-28.4889,3,1668,1179,5,154,28,-110510.340923632,6832763.15005131,118,Calyptotis scutirostrum,0,938
152.7691,-28.4889,3,1668,1179,5,154,28,-110510.340923632,6832763.15005131,118,Coeranoscincus reticulatus,1,939
152.7691,-28.4889,3,1668,1179,5,154,28,-110510.340923632,6832763.15005131,118,Egernia mcpheei,0,940
152.7691,-28.4889,3,1668,1179,5,154,28,-110510.340923632,6832763.15005131,118,Eulamprus murrayi,0,941
152.7691,-28.4889,3,1668,1179,5,154,28,-110510.340923632,6832763.15005131,118,Ophioscincus truncatus,0,942
152.7691,-28.4889,3,1668,1179,5,154,28,-110510.340923632,6832763.15005131,118,Pseudechis porphyricaus,0,943
152.7691,-28.4889,3,1668,1179,5,154,28,-110510.340923632,6832763.15005131,118,Saltuarius swaini,0,944
153.1308,-28.4891,3,2146,1070,4,157,26,-74999.4409576032,6834536.21228036,119,Cacophis kreftii,0,945
153.1308,-28.4891,3,2146,1070,4,157,26,-74999.4409576032,6834536.21228036,119,Calyptotis scutirostrum,0,946
153.1308,-28.4891,3,2146,1070,4,157,26,-74999.4409576032,6834536.21228036,119,Coeranoscincus reticulatus,0,947
153.1308,-28.4891,3,2146,1070,4,157,26,-74999.4409576032,6834536.21228036,119,Egernia mcpheei,0,948
153.1308,-28.4891,3,2146,1070,4,157,26,-74999.4409576032,6834536.21228036,119,Eulamprus murrayi,0,949
153.1308,-28.4891,3,2146,1070,4,157,26,-74999.4409576032,6834536.21228036,119,Ophioscincus truncatus,0,950
153.1308,-28.4891,3,2146,1070,4,157,26,-74999.4409576032,6834536.21228036,119,Pseudechis porphyricaus,0,951
153.1308,-28.4891,3,2146,1070,4,157,26,-74999.4409576032,6834536.21228036,119,Saltuarius swaini,0,952
152.6833,-28.4906,2,1432,1029,2,166,-7,-118925.685249239,6832132.35145071,120,Cacophis kreftii,0,953
152.6833,-28.4906,2,1432,1029,2,166,-7,-118925.685249239,6832132.35145071,120,Calyptotis scutirostrum,0,954
152.6833,-28.4906,2,1432,1029,2,166,-7,-118925.685249239,6832132.35145071,120,Coeranoscincus reticulatus,0,955
152.6833,-28.4906,2,1432,1029,2,166,-7,-118925.685249239,6832132.35145071,120,Egernia mcpheei,0,956
152.6833,-28.4906,2,1432,1029,2,166,-7,-118925.685249239,6832132.35145071,120,Eulamprus murrayi,0,957
152.6833,-28.4906,2,1432,1029,2,166,-7,-118925.685249239,6832132.35145071,120,Ophioscincus truncatus,1,958
152.6833,-28.4906,2,1432,1029,2,166,-7,-118925.685249239,6832132.35145071,120,Pseudechis porphyricaus,0,959
152.6833,-28.4906,2,1432,1029,2,166,-7,-118925.685249239,6832132.35145071,120,Saltuarius swaini,0,960
152.7405,-28.4907,2,1626,1080,2,161,40,-113308.229962265,6832416.48893136,121,Cacophis kreftii,0,961
152.7405,-28.4907,2,1626,1080,2,161,40,-113308.229962265,6832416.48893136,121,Calyptotis scutirostrum,0,962
152.7405,-28.4907,2,1626,1080,2,161,40,-113308.229962265,6832416.48893136,121,Coeranoscincus reticulatus,1,963
152.7405,-28.4907,2,1626,1080,2,161,40,-113308.229962265,6832416.48893136,121,Egernia mcpheei,0,964
152.7405,-28.4907,2,1626,1080,2,161,40,-113308.229962265,6832416.48893136,121,Eulamprus murrayi,0,965
152.7405,-28.4907,2,1626,1080,2,161,40,-113308.229962265,6832416.48893136,121,Ophioscincus truncatus,1,966
152.7405,-28.4907,2,1626,1080,2,161,40,-113308.229962265,6832416.48893136,121,Pseudechis porphyricaus,0,967
152.7405,-28.4907,2,1626,1080,2,161,40,-113308.229962265,6832416.48893136,121,Saltuarius swaini,0,968
152.6873,-28.4924,2,1384,1070,2,169,-26,-118522.327217808,6831953.01334772,123,Cacophis kreftii,1,977
152.6873,-28.4924,2,1384,1070,2,169,-26,-118522.327217808,6831953.01334772,123,Calyptotis scutirostrum,0,978
152.6873,-28.4924,2,1384,1070,2,169,-26,-118522.327217808,6831953.01334772,123,Coeranoscincus reticulatus,1,979
152.6873,-28.4924,2,1384,1070,2,169,-26,-118522.327217808,6831953.01334772,123,Egernia mcpheei,0,980
152.6873,-28.4924,2,1384,1070,2,169,-26,-118522.327217808,6831953.01334772,123,Eulamprus murrayi,1,981
152.6873,-28.4924,2,1384,1070,2,169,-26,-118522.327217808,6831953.01334772,123,Ophioscincus truncatus,1,982
152.6873,-28.4924,2,1384,1070,2,169,-26,-118522.327217808,6831953.01334772,123,Pseudechis porphyricaus,0,983
152.6873,-28.4924,2,1384,1070,2,169,-26,-118522.327217808,6831953.01334772,123,Saltuarius swaini,0,984
153.1287,-28.4927,3,2092,1049,4,164,29,-75185.949814677,6834126.13459355,124,Cacophis kreftii,1,985
153.1287,-28.4927,3,2092,1049,4,164,29,-75185.949814677,6834126.13459355,124,Calyptotis scutirostrum,1,986
153.1287,-28.4927,3,2092,1049,4,164,29,-75185.949814677,6834126.13459355,124,Coeranoscincus reticulatus,0,987
153.1287,-28.4927,3,2092,1049,4,164,29,-75185.949814677,6834126.13459355,124,Egernia mcpheei,0,988
153.1287,-28.4927,3,2092,1049,4,164,29,-75185.949814677,6834126.13459355,124,Eulamprus murrayi,0,989
153.1287,-28.4927,3,2092,1049,4,164,29,-75185.949814677,6834126.13459355,124,Ophioscincus truncatus,1,990
153.1287,-28.4927,3,2092,1049,4,164,29,-75185.949814677,6834126.13459355,124,Pseudechis porphyricaus,0,991
153.1287,-28.4927,3,2092,1049,4,164,29,-75185.949814677,6834126.13459355,124,Saltuarius swaini,0,992
153.1185,-28.4999,1,1966,1009,4,168,6,-76147.8048592401,6833277.03106837,129,Cacophis kreftii,0,1025
153.1185,-28.4999,1,1966,1009,4,168,6,-76147.8048592401,6833277.03106837,129,Calyptotis scutirostrum,0,1026
153.1185,-28.4999,1,1966,1009,4,168,6,-76147.8048592401,6833277.03106837,129,Coeranoscincus reticulatus,0,1027
153.1185,-28.4999,1,1966,1009,4,168,6,-76147.8048592401,6833277.03106837,129,Egernia mcpheei,0,1028
153.1185,-28.4999,1,1966,1009,4,168,6,-76147.8048592401,6833277.03106837,129,Eulamprus murrayi,0,1029
153.1185,-28.4999,1,1966,1009,4,168,6,-76147.8048592401,6833277.03106837,129,Ophioscincus truncatus,0,1030
153.1185,-28.4999,1,1966,1009,4,168,6,-76147.8048592401,6833277.03106837,129,Pseudechis porphyricaus,0,1031
153.1185,-28.4999,1,1966,1009,4,168,6,-76147.8048592401,6833277.03106837,129,Saltuarius swaini,0,1032
153.5416,-28.5043,2,1736,1370,1,199,0,-34607.555612562,6834755.3310239,131,Cacophis kreftii,0,1041
153.5416,-28.5043,2,1736,1370,1,199,0,-34607.555612562,6834755.3310239,131,Calyptotis scutirostrum,0,1042
153.5416,-28.5043,2,1736,1370,1,199,0,-34607.555612562,6834755.3310239,131,Coeranoscincus reticulatus,0,1043
153.5416,-28.5043,2,1736,1370,1,199,0,-34607.555612562,6834755.3310239,131,Egernia mcpheei,0,1044
153.5416,-28.5043,2,1736,1370,1,199,0,-34607.555612562,6834755.3310239,131,Eulamprus murrayi,0,1045
153.5416,-28.5043,2,1736,1370,1,199,0,-34607.555612562,6834755.3310239,131,Ophioscincus truncatus,0,1046
153.5416,-28.5043,2,1736,1370,1,199,0,-34607.555612562,6834755.3310239,131,Pseudechis porphyricaus,0,1047
153.5416,-28.5043,2,1736,1370,1,199,0,-34607.555612562,6834755.3310239,131,Saltuarius swaini,0,1048
153.1144,-28.5053,3,1978,1009,4,166,43,-76520.6971461142,6832657.28276156,133,Cacophis kreftii,0,1057
153.1144,-28.5053,3,1978,1009,4,166,43,-76520.6971461142,6832657.28276156,133,Calyptotis scutirostrum,1,1058
153.1144,-28.5053,3,1978,1009,4,166,43,-76520.6971461142,6832657.28276156,133,Coeranoscincus reticulatus,0,1059
153.1144,-28.5053,3,1978,1009,4,166,43,-76520.6971461142,6832657.28276156,133,Egernia mcpheei,0,1060
153.1144,-28.5053,3,1978,1009,4,166,43,-76520.6971461142,6832657.28276156,133,Eulamprus murrayi,0,1061
153.1144,-28.5053,3,1978,1009,4,166,43,-76520.6971461142,6832657.28276156,133,Ophioscincus truncatus,0,1062
153.1144,-28.5053,3,1978,1009,4,166,43,-76520.6971461142,6832657.28276156,133,Pseudechis porphyricaus,0,1063
153.1144,-28.5053,3,1978,1009,4,166,43,-76520.6971461142,6832657.28276156,133,Saltuarius swaini,0,1064
152.4491,-29.1126,2,1380,1080,2,156,-22,-138100.898801384,6761741.79176562,250,Cacophis kreftii,0,1993
152.4491,-29.1126,2,1380,1080,2,156,-22,-138100.898801384,6761741.79176562,250,Calyptotis scutirostrum,0,1994
152.4491,-29.1126,2,1380,1080,2,156,-22,-138100.898801384,6761741.79176562,250,Coeranoscincus reticulatus,0,1995
152.4491,-29.1126,2,1380,1080,2,156,-22,-138100.898801384,6761741.79176562,250,Egernia mcpheei,0,1996
152.4491,-29.1126,2,1380,1080,2,156,-22,-138100.898801384,6761741.79176562,250,Eulamprus murrayi,0,1997
152.4491,-29.1126,2,1380,1080,2,156,-22,-138100.898801384,6761741.79176562,250,Ophioscincus truncatus,1,1998
152.4491,-29.1126,2,1380,1080,2,156,-22,-138100.898801384,6761741.79176562,250,Pseudechis porphyricaus,0,1999
152.4491,-29.1126,2,1380,1080,2,156,-22,-138100.898801384,6761741.79176562,250,Saltuarius swaini,0,2000
152.301,-29.1318,2,1340,1110,1,138,0,-152439.192168726,6758789.68653605,251,Cacophis kreftii,0,2001
152.301,-29.1318,2,1340,1110,1,138,0,-152439.192168726,6758789.68653605,251,Calyptotis scutirostrum,0,2002
152.301,-29.1318,2,1340,1110,1,138,0,-152439.192168726,6758789.68653605,251,Coeranoscincus reticulatus,1,2003
152.301,-29.1318,2,1340,1110,1,138,0,-152439.192168726,6758789.68653605,251,Egernia mcpheei,0,2004
152.301,-29.1318,2,1340,1110,1,138,0,-152439.192168726,6758789.68653605,251,Eulamprus murrayi,0,2005
152.301,-29.1318,2,1340,1110,1,138,0,-152439.192168726,6758789.68653605,251,Ophioscincus truncatus,1,2006
152.301,-29.1318,2,1340,1110,1,138,0,-152439.192168726,6758789.68653605,251,Pseudechis porphyricaus,0,2007
152.301,-29.1318,2,1340,1110,1,138,0,-152439.192168726,6758789.68653605,251,Saltuarius swaini,0,2008
152.2948,-29.1372,2,1318,1070,1,139,-8,-153010.118576574,6758154.60282466,253,Cacophis kreftii,0,2017
152.2948,-29.1372,2,1318,1070,1,139,-8,-153010.118576574,6758154.60282466,253,Calyptotis scutirostrum,0,2018
152.2948,-29.1372,2,1318,1070,1,139,-8,-153010.118576574,6758154.60282466,253,Coeranoscincus reticulatus,0,2019
152.2948,-29.1372,2,1318,1070,1,139,-8,-153010.118576574,6758154.60282466,253,Egernia mcpheei,0,2020
152.2948,-29.1372,2,1318,1070,1,139,-8,-153010.118576574,6758154.60282466,253,Eulamprus murrayi,0,2021
152.2948,-29.1372,2,1318,1070,1,139,-8,-153010.118576574,6758154.60282466,253,Ophioscincus truncatus,0,2022
152.2948,-29.1372,2,1318,1070,1,139,-8,-153010.118576574,6758154.60282466,253,Pseudechis porphyricaus,0,2023
152.2948,-29.1372,2,1318,1070,1,139,-8,-153010.118576574,6758154.60282466,253,Saltuarius swaini,0,2024
152.3153,-29.1427,1,1318,1110,1,141,7,-150973.95113325,6757657.42911899,256,Cacophis kreftii,0,2041
152.3153,-29.1427,1,1318,1110,1,141,7,-150973.95113325,6757657.42911899,256,Calyptotis scutirostrum,0,2042
152.3153,-29.1427,1,1318,1110,1,141,7,-150973.95113325,6757657.42911899,256,Coeranoscincus reticulatus,1,2043
152.3153,-29.1427,1,1318,1110,1,141,7,-150973.95113325,6757657.42911899,256,Egernia mcpheei,0,2044
152.3153,-29.1427,1,1318,1110,1,141,7,-150973.95113325,6757657.42911899,256,Eulamprus murrayi,0,2045
152.3153,-29.1427,1,1318,1110,1,141,7,-150973.95113325,6757657.42911899,256,Ophioscincus truncatus,0,2046
152.3153,-29.1427,1,1318,1110,1,141,7,-150973.95113325,6757657.42911899,256,Pseudechis porphyricaus,1,2047
152.3153,-29.1427,1,1318,1110,1,141,7,-150973.95113325,6757657.42911899,256,Saltuarius swaini,0,2048
152.4284,-29.1432,3,1448,1059,2,151,-12,-139931.104993164,6758226.59693511,257,Cacophis kreftii,0,2049
152.4284,-29.1432,3,1448,1059,2,151,-12,-139931.104993164,6758226.59693511,257,Calyptotis scutirostrum,0,2050
152.4284,-29.1432,3,1448,1059,2,151,-12,-139931.104993164,6758226.59693511,257,Coeranoscincus reticulatus,0,2051
152.4284,-29.1432,3,1448,1059,2,151,-12,-139931.104993164,6758226.59693511,257,Egernia mcpheei,0,2052
152.4284,-29.1432,3,1448,1059,2,151,-12,-139931.104993164,6758226.59693511,257,Eulamprus murrayi,0,2053
152.4284,-29.1432,3,1448,1059,2,151,-12,-139931.104993164,6758226.59693511,257,Ophioscincus truncatus,0,2054
152.4284,-29.1432,3,1448,1059,2,151,-12,-139931.104993164,6758226.59693511,257,Pseudechis porphyricaus,0,2055
152.4284,-29.1432,3,1448,1059,2,151,-12,-139931.104993164,6758226.59693511,257,Saltuarius swaini,0,2056
152.2927,-29.1444,2,1314,1100,1,141,-4,-153169.27739246,6757342.25679646,258,Cacophis kreftii,0,2057
152.2927,-29.1444,2,1314,1100,1,141,-4,-153169.27739246,6757342.25679646,258,Calyptotis scutirostrum,0,2058
152.2927,-29.1444,2,1314,1100,1,141,-4,-153169.27739246,6757342.25679646,258,Coeranoscincus reticulatus,0,2059
152.2927,-29.1444,2,1314,1100,1,141,-4,-153169.27739246,6757342.25679646,258,Egernia mcpheei,0,2060
152.2927,-29.1444,2,1314,1100,1,141,-4,-153169.27739246,6757342.25679646,258,Eulamprus murrayi,0,2061
152.2927,-29.1444,2,1314,1100,1,141,-4,-153169.27739246,6757342.25679646,258,Ophioscincus truncatus,0,2062
152.2927,-29.1444,2,1314,1100,1,141,-4,-153169.27739246,6757342.25679646,258,Pseudechis porphyricaus,1,2063
152.2927,-29.1444,2,1314,1100,1,141,-4,-153169.27739246,6757342.25679646,258,Saltuarius swaini,0,2064
152.3256,-29.1446,3,1182,1009,1,153,14,-149956.469363245,6757503.50997516,259,Cacophis kreftii,0,2065
152.3256,-29.1446,3,1182,1009,1,153,14,-149956.469363245,6757503.50997516,259,Calyptotis scutirostrum,0,2066
152.3256,-29.1446,3,1182,1009,1,153,14,-149956.469363245,6757503.50997516,259,Coeranoscincus reticulatus,1,2067
152.3256,-29.1446,3,1182,1009,1,153,14,-149956.469363245,6757503.50997516,259,Egernia mcpheei,0,2068
152.3256,-29.1446,3,1182,1009,1,153,14,-149956.469363245,6757503.50997516,259,Eulamprus murrayi,0,2069
152.3256,-29.1446,3,1182,1009,1,153,14,-149956.469363245,6757503.50997516,259,Ophioscincus truncatus,1,2070
152.3256,-29.1446,3,1182,1009,1,153,14,-149956.469363245,6757503.50997516,259,Pseudechis porphyricaus,0,2071
152.3256,-29.1446,3,1182,1009,1,153,14,-149956.469363245,6757503.50997516,259,Saltuarius swaini,0,2072
152.4304,-29.1486,3,1454,1049,2,153,0,-139702.22082351,6757637.17957907,260,Cacophis kreftii,0,2073
152.4304,-29.1486,3,1454,1049,2,153,0,-139702.22082351,6757637.17957907,260,Calyptotis scutirostrum,0,2074
152.4304,-29.1486,3,1454,1049,2,153,0,-139702.22082351,6757637.17957907,260,Coeranoscincus reticulatus,0,2075
152.4304,-29.1486,3,1454,1049,2,153,0,-139702.22082351,6757637.17957907,260,Egernia mcpheei,0,2076
152.4304,-29.1486,3,1454,1049,2,153,0,-139702.22082351,6757637.17957907,260,Eulamprus murrayi,0,2077
152.4304,-29.1486,3,1454,1049,2,153,0,-139702.22082351,6757637.17957907,260,Ophioscincus truncatus,0,2078
152.4304,-29.1486,3,1454,1049,2,153,0,-139702.22082351,6757637.17957907,260,Pseudechis porphyricaus,0,2079
152.4304,-29.1486,3,1454,1049,2,153,0,-139702.22082351,6757637.17957907,260,Saltuarius swaini,0,2080
152.3296,-29.15,2,1140,939,1,161,15,-149531.814001847,6756925.32438673,261,Cacophis kreftii,0,2081
152.3296,-29.15,2,1140,939,1,161,15,-149531.814001847,6756925.32438673,261,Calyptotis scutirostrum,0,2082
152.3296,-29.15,2,1140,939,1,161,15,-149531.814001847,6756925.32438673,261,Coeranoscincus reticulatus,0,2083
152.3296,-29.15,2,1140,939,1,161,15,-149531.814001847,6756925.32438673,261,Egernia mcpheei,0,2084
152.3296,-29.15,2,1140,939,1,161,15,-149531.814001847,6756925.32438673,261,Eulamprus murrayi,0,2085
152.3296,-29.15,2,1140,939,1,161,15,-149531.814001847,6756925.32438673,261,Ophioscincus truncatus,0,2086
152.3296,-29.15,2,1140,939,1,161,15,-149531.814001847,6756925.32438673,261,Pseudechis porphyricaus,0,2087
152.3296,-29.15,2,1140,939,1,161,15,-149531.814001847,6756925.32438673,261,Saltuarius swaini,0,2088
153.3784,-29.1529,2,1622,1120,2,192,-15,-47199.9003217968,6761970.31217762,262,Cacophis kreftii,0,2089
153.3784,-29.1529,2,1622,1120,2,192,-15,-47199.9003217968,6761970.31217762,262,Calyptotis scutirostrum,0,2090
153.3784,-29.1529,2,1622,1120,2,192,-15,-47199.9003217968,6761970.31217762,262,Coeranoscincus reticulatus,0,2091
153.3784,-29.1529,2,1622,1120,2,192,-15,-47199.9003217968,6761970.31217762,262,Egernia mcpheei,0,2092
153.3784,-29.1529,2,1622,1120,2,192,-15,-47199.9003217968,6761970.31217762,262,Eulamprus murrayi,0,2093
153.3784,-29.1529,2,1622,1120,2,192,-15,-47199.9003217968,6761970.31217762,262,Ophioscincus truncatus,0,2094
153.3784,-29.1529,2,1622,1120,2,192,-15,-47199.9003217968,6761970.31217762,262,Pseudechis porphyricaus,0,2095
153.3784,-29.1529,2,1622,1120,2,192,-15,-47199.9003217968,6761970.31217762,262,Saltuarius swaini,1,2096
152.4365,-29.1559,1,1514,1000,2,147,25,-139061.37986565,6756858.95868085,263,Cacophis kreftii,0,2097
152.4365,-29.1559,1,1514,1000,2,147,25,-139061.37986565,6756858.95868085,263,Calyptotis scutirostrum,0,2098
152.4365,-29.1559,1,1514,1000,2,147,25,-139061.37986565,6756858.95868085,263,Coeranoscincus reticulatus,0,2099
152.4365,-29.1559,1,1514,1000,2,147,25,-139061.37986565,6756858.95868085,263,Egernia mcpheei,0,2100
152.4365,-29.1559,1,1514,1000,2,147,25,-139061.37986565,6756858.95868085,263,Eulamprus murrayi,0,2101
152.4365,-29.1559,1,1514,1000,2,147,25,-139061.37986565,6756858.95868085,263,Ophioscincus truncatus,0,2102
152.4365,-29.1559,1,1514,1000,2,147,25,-139061.37986565,6756858.95868085,263,Pseudechis porphyricaus,0,2103
152.4365,-29.1559,1,1514,1000,2,147,25,-139061.37986565,6756858.95868085,263,Saltuarius swaini,0,2104
152.9671,-29.1625,3,988,1059,1,193,0,-87255.9589603462,6758909.31209699,264,Cacophis kreftii,0,2105
152.9671,-29.1625,3,988,1059,1,193,0,-87255.9589603462,6758909.31209699,264,Calyptotis scutirostrum,0,2106
152.9671,-29.1625,3,988,1059,1,193,0,-87255.9589603462,6758909.31209699,264,Coeranoscincus reticulatus,0,2107
152.9671,-29.1625,3,988,1059,1,193,0,-87255.9589603462,6758909.31209699,264,Egernia mcpheei,0,2108
152.9671,-29.1625,3,988,1059,1,193,0,-87255.9589603462,6758909.31209699,264,Eulamprus murrayi,0,2109
152.9671,-29.1625,3,988,1059,1,193,0,-87255.9589603462,6758909.31209699,264,Ophioscincus truncatus,0,2110
152.9671,-29.1625,3,988,1059,1,193,0,-87255.9589603462,6758909.31209699,264,Pseudechis porphyricaus,0,2111
152.9671,-29.1625,3,988,1059,1,193,0,-87255.9589603462,6758909.31209699,264,Saltuarius swaini,0,2112
152.963,-29.1697,2,998,1070,1,193,-1,-87614.6050234729,6758088.65177067,265,Cacophis kreftii,0,2113
152.963,-29.1697,2,998,1070,1,193,-1,-87614.6050234729,6758088.65177067,265,Calyptotis scutirostrum,0,2114
152.963,-29.1697,2,998,1070,1,193,-1,-87614.6050234729,6758088.65177067,265,Coeranoscincus reticulatus,0,2115
152.963,-29.1697,2,998,1070,1,193,-1,-87614.6050234729,6758088.65177067,265,Egernia mcpheei,0,2116
152.963,-29.1697,2,998,1070,1,193,-1,-87614.6050234729,6758088.65177067,265,Eulamprus murrayi,0,2117
152.963,-29.1697,2,998,1070,1,193,-1,-87614.6050234729,6758088.65177067,265,Ophioscincus truncatus,0,2118
152.963,-29.1697,2,998,1070,1,193,-1,-87614.6050234729,6758088.65177067,265,Pseudechis porphyricaus,0,2119
152.963,-29.1697,2,998,1070,1,193,-1,-87614.6050234729,6758088.65177067,265,Saltuarius swaini,0,2120
153.3867,-29.1692,1,1606,1179,2,191,2,-46303.9095588473,6760198.56301751,266,Cacophis kreftii,0,2121
153.3867,-29.1692,1,1606,1179,2,191,2,-46303.9095588473,6760198.56301751,266,Calyptotis scutirostrum,0,2122
153.3867,-29.1692,1,1606,1179,2,191,2,-46303.9095588473,6760198.56301751,266,Coeranoscincus reticulatus,0,2123
153.3867,-29.1692,1,1606,1179,2,191,2,-46303.9095588473,6760198.56301751,266,Egernia mcpheei,0,2124
153.3867,-29.1692,1,1606,1179,2,191,2,-46303.9095588473,6760198.56301751,266,Eulamprus murrayi,0,2125
153.3867,-29.1692,1,1606,1179,2,191,2,-46303.9095588473,6760198.56301751,266,Ophioscincus truncatus,0,2126
153.3867,-29.1692,1,1606,1179,2,191,2,-46303.9095588473,6760198.56301751,266,Pseudechis porphyricaus,0,2127
153.3867,-29.1692,1,1606,1179,2,191,2,-46303.9095588473,6760198.56301751,266,Saltuarius swaini,0,2128
152.9691,-29.1751,2,1012,1090,2,192,0,-86988.7979834919,6757519.26187757,267,Cacophis kreftii,0,2129
152.9691,-29.1751,2,1012,1090,2,192,0,-86988.7979834919,6757519.26187757,267,Calyptotis scutirostrum,0,2130
152.9691,-29.1751,2,1012,1090,2,192,0,-86988.7979834919,6757519.26187757,267,Coeranoscincus reticulatus,0,2131
152.9691,-29.1751,2,1012,1090,2,192,0,-86988.7979834919,6757519.26187757,267,Egernia mcpheei,0,2132
152.9691,-29.1751,2,1012,1090,2,192,0,-86988.7979834919,6757519.26187757,267,Eulamprus murrayi,0,2133
152.9691,-29.1751,2,1012,1090,2,192,0,-86988.7979834919,6757519.26187757,267,Ophioscincus truncatus,0,2134
152.9691,-29.1751,2,1012,1090,2,192,0,-86988.7979834919,6757519.26187757,267,Pseudechis porphyricaus,0,2135
152.9691,-29.1751,2,1012,1090,2,192,0,-86988.7979834919,6757519.26187757,267,Saltuarius swaini,0,2136
153.399,-29.1781,1,1654,1330,1,192,1,-45057.5601490686,6759267.38320158,268,Cacophis kreftii,0,2137
153.399,-29.1781,1,1654,1330,1,192,1,-45057.5601490686,6759267.38320158,268,Calyptotis scutirostrum,0,2138
153.399,-29.1781,1,1654,1330,1,192,1,-45057.5601490686,6759267.38320158,268,Coeranoscincus reticulatus,0,2139
153.399,-29.1781,1,1654,1330,1,192,1,-45057.5601490686,6759267.38320158,268,Egernia mcpheei,0,2140
153.399,-29.1781,1,1654,1330,1,192,1,-45057.5601490686,6759267.38320158,268,Eulamprus murrayi,0,2141
153.399,-29.1781,1,1654,1330,1,192,1,-45057.5601490686,6759267.38320158,268,Ophioscincus truncatus,0,2142
153.399,-29.1781,1,1654,1330,1,192,1,-45057.5601490686,6759267.38320158,268,Pseudechis porphyricaus,0,2143
153.399,-29.1781,1,1654,1330,1,192,1,-45057.5601490686,6759267.38320158,268,Saltuarius swaini,0,2144
153.3888,-29.18,1,1648,1330,1,191,13,-46041.7303786136,6759008.75778434,269,Cacophis kreftii,0,2145
153.3888,-29.18,1,1648,1330,1,191,13,-46041.7303786136,6759008.75778434,269,Calyptotis scutirostrum,0,2146
153.3888,-29.18,1,1648,1330,1,191,13,-46041.7303786136,6759008.75778434,269,Coeranoscincus reticulatus,0,2147
153.3888,-29.18,1,1648,1330,1,191,13,-46041.7303786136,6759008.75778434,269,Egernia mcpheei,0,2148
153.3888,-29.18,1,1648,1330,1,191,13,-46041.7303786136,6759008.75778434,269,Eulamprus murrayi,0,2149
153.3888,-29.18,1,1648,1330,1,191,13,-46041.7303786136,6759008.75778434,269,Ophioscincus truncatus,0,2150
153.3888,-29.18,1,1648,1330,1,191,13,-46041.7303786136,6759008.75778434,269,Pseudechis porphyricaus,0,2151
153.3888,-29.18,1,1648,1330,1,191,13,-46041.7303786136,6759008.75778434,269,Saltuarius swaini,0,2152
153.3805,-29.1836,1,1654,1330,1,191,2,-46831.6077913407,6758570.09901609,270,Cacophis kreftii,0,2153
153.3805,-29.1836,1,1654,1330,1,191,2,-46831.6077913407,6758570.09901609,270,Calyptotis scutirostrum,0,2154
153.3805,-29.1836,1,1654,1330,1,191,2,-46831.6077913407,6758570.09901609,270,Coeranoscincus reticulatus,0,2155
153.3805,-29.1836,1,1654,1330,1,191,2,-46831.6077913407,6758570.09901609,270,Egernia mcpheei,0,2156
153.3805,-29.1836,1,1654,1330,1,191,2,-46831.6077913407,6758570.09901609,270,Eulamprus murrayi,0,2157
153.3805,-29.1836,1,1654,1330,1,191,2,-46831.6077913407,6758570.09901609,270,Ophioscincus truncatus,0,2158
153.3805,-29.1836,1,1654,1330,1,191,2,-46831.6077913407,6758570.09901609,270,Pseudechis porphyricaus,0,2159
153.3805,-29.1836,1,1654,1330,1,191,2,-46831.6077913407,6758570.09901609,270,Saltuarius swaini,0,2160
152.4384,-29.1902,2,1364,949,2,161,4,-138662.133134427,6753055.94073027,271,Cacophis kreftii,0,2161
152.4384,-29.1902,2,1364,949,2,161,4,-138662.133134427,6753055.94073027,271,Calyptotis scutirostrum,0,2162
152.4384,-29.1902,2,1364,949,2,161,4,-138662.133134427,6753055.94073027,271,Coeranoscincus reticulatus,0,2163
152.4384,-29.1902,2,1364,949,2,161,4,-138662.133134427,6753055.94073027,271,Egernia mcpheei,0,2164
152.4384,-29.1902,2,1364,949,2,161,4,-138662.133134427,6753055.94073027,271,Eulamprus murrayi,0,2165
152.4384,-29.1902,2,1364,949,2,161,4,-138662.133134427,6753055.94073027,271,Ophioscincus truncatus,1,2166
152.4384,-29.1902,2,1364,949,2,161,4,-138662.133134427,6753055.94073027,271,Pseudechis porphyricaus,0,2167
152.4384,-29.1902,2,1364,949,2,161,4,-138662.133134427,6753055.94073027,271,Saltuarius swaini,0,2168
152.4302,-29.192,1,1434,1070,2,154,7,-139450.867256081,6752810.91019498,272,Cacophis kreftii,0,2169
152.4302,-29.192,1,1434,1070,2,154,7,-139450.867256081,6752810.91019498,272,Calyptotis scutirostrum,0,2170
152.4302,-29.192,1,1434,1070,2,154,7,-139450.867256081,6752810.91019498,272,Coeranoscincus reticulatus,0,2171
152.4302,-29.192,1,1434,1070,2,154,7,-139450.867256081,6752810.91019498,272,Egernia mcpheei,0,2172
152.4302,-29.192,1,1434,1070,2,154,7,-139450.867256081,6752810.91019498,272,Eulamprus murrayi,0,2173
152.4302,-29.192,1,1434,1070,2,154,7,-139450.867256081,6752810.91019498,272,Ophioscincus truncatus,0,2174
152.4302,-29.192,1,1434,1070,2,154,7,-139450.867256081,6752810.91019498,272,Pseudechis porphyricaus,0,2175
152.4302,-29.192,1,1434,1070,2,154,7,-139450.867256081,6752810.91019498,272,Saltuarius swaini,0,2176
152.3643,-29.1935,3,1110,1039,2,171,-13,-145870.613696288,6752281.13760517,273,Cacophis kreftii,0,2177
152.3643,-29.1935,3,1110,1039,2,171,-13,-145870.613696288,6752281.13760517,273,Calyptotis scutirostrum,0,2178
152.3643,-29.1935,3,1110,1039,2,171,-13,-145870.613696288,6752281.13760517,273,Coeranoscincus reticulatus,0,2179
152.3643,-29.1935,3,1110,1039,2,171,-13,-145870.613696288,6752281.13760517,273,Egernia mcpheei,0,2180
152.3643,-29.1935,3,1110,1039,2,171,-13,-145870.613696288,6752281.13760517,273,Eulamprus murrayi,0,2181
152.3643,-29.1935,3,1110,1039,2,171,-13,-145870.613696288,6752281.13760517,273,Ophioscincus truncatus,0,2182
152.3643,-29.1935,3,1110,1039,2,171,-13,-145870.613696288,6752281.13760517,273,Pseudechis porphyricaus,0,2183
152.3643,-29.1935,3,1110,1039,2,171,-13,-145870.613696288,6752281.13760517,273,Saltuarius swaini,0,2184
152.3705,-29.1953,3,1184,959,2,164,28,-145254.384331396,6752115.31178033,274,Cacophis kreftii,0,2185
152.3705,-29.1953,3,1184,959,2,164,28,-145254.384331396,6752115.31178033,274,Calyptotis scutirostrum,0,2186
152.3705,-29.1953,3,1184,959,2,164,28,-145254.384331396,6752115.31178033,274,Coeranoscincus reticulatus,0,2187
152.3705,-29.1953,3,1184,959,2,164,28,-145254.384331396,6752115.31178033,274,Egernia mcpheei,0,2188
152.3705,-29.1953,3,1184,959,2,164,28,-145254.384331396,6752115.31178033,274,Eulamprus murrayi,0,2189
152.3705,-29.1953,3,1184,959,2,164,28,-145254.384331396,6752115.31178033,274,Ophioscincus truncatus,0,2190
152.3705,-29.1953,3,1184,959,2,164,28,-145254.384331396,6752115.31178033,274,Pseudechis porphyricaus,0,2191
152.3705,-29.1953,3,1184,959,2,164,28,-145254.384331396,6752115.31178033,274,Saltuarius swaini,0,2192
152.3787,-29.2008,2,1228,939,2,163,-4,-144419.767878821,6751549.12223782,275,Cacophis kreftii,0,2193
152.3787,-29.2008,2,1228,939,2,163,-4,-144419.767878821,6751549.12223782,275,Calyptotis scutirostrum,0,2194
152.3787,-29.2008,2,1228,939,2,163,-4,-144419.767878821,6751549.12223782,275,Coeranoscincus reticulatus,0,2195
152.3787,-29.2008,2,1228,939,2,163,-4,-144419.767878821,6751549.12223782,275,Egernia mcpheei,0,2196
152.3787,-29.2008,2,1228,939,2,163,-4,-144419.767878821,6751549.12223782,275,Eulamprus murrayi,0,2197
152.3787,-29.2008,2,1228,939,2,163,-4,-144419.767878821,6751549.12223782,275,Ophioscincus truncatus,0,2198
152.3787,-29.2008,2,1228,939,2,163,-4,-144419.767878821,6751549.12223782,275,Pseudechis porphyricaus,0,2199
152.3787,-29.2008,2,1228,939,2,163,-4,-144419.767878821,6751549.12223782,275,Saltuarius swaini,0,2200
152.1378,-29.2211,2,1224,1070,2,132,-6,-167790.842175416,6747935.89543231,276,Cacophis kreftii,0,2201
152.1378,-29.2211,2,1224,1070,2,132,-6,-167790.842175416,6747935.89543231,276,Calyptotis scutirostrum,0,2202
152.1378,-29.2211,2,1224,1070,2,132,-6,-167790.842175416,6747935.89543231,276,Coeranoscincus reticulatus,1,2203
152.1378,-29.2211,2,1224,1070,2,132,-6,-167790.842175416,6747935.89543231,276,Egernia mcpheei,0,2204
152.1378,-29.2211,2,1224,1070,2,132,-6,-167790.842175416,6747935.89543231,276,Eulamprus murrayi,0,2205
152.1378,-29.2211,2,1224,1070,2,132,-6,-167790.842175416,6747935.89543231,276,Ophioscincus truncatus,0,2206
152.1378,-29.2211,2,1224,1070,2,132,-6,-167790.842175416,6747935.89543231,276,Pseudechis porphyricaus,0,2207
152.1378,-29.2211,2,1224,1070,2,132,-6,-167790.842175416,6747935.89543231,276,Saltuarius swaini,0,2208
152.3846,-29.2351,1,1420,1029,2,152,-12,-143628.296458133,6747768.08614773,277,Cacophis kreftii,0,2209
152.3846,-29.2351,1,1420,1029,2,152,-12,-143628.296458133,6747768.08614773,277,Calyptotis scutirostrum,0,2210
152.3846,-29.2351,1,1420,1029,2,152,-12,-143628.296458133,6747768.08614773,277,Coeranoscincus reticulatus,0,2211
152.3846,-29.2351,1,1420,1029,2,152,-12,-143628.296458133,6747768.08614773,277,Egernia mcpheei,0,2212
152.3846,-29.2351,1,1420,1029,2,152,-12,-143628.296458133,6747768.08614773,277,Eulamprus murrayi,0,2213
152.3846,-29.2351,1,1420,1029,2,152,-12,-143628.296458133,6747768.08614773,277,Ophioscincus truncatus,1,2214
152.3846,-29.2351,1,1420,1029,2,152,-12,-143628.296458133,6747768.08614773,277,Pseudechis porphyricaus,0,2215
152.3846,-29.2351,1,1420,1029,2,152,-12,-143628.296458133,6747768.08614773,277,Saltuarius swaini,0,2216
152.3805,-29.2405,1,1528,1000,2,144,14,-143994.09454351,6747145.03374097,278,Cacophis kreftii,0,2217
152.3805,-29.2405,1,1528,1000,2,144,14,-143994.09454351,6747145.03374097,278,Calyptotis scutirostrum,0,2218
152.3805,-29.2405,1,1528,1000,2,144,14,-143994.09454351,6747145.03374097,278,Coeranoscincus reticulatus,0,2219
152.3805,-29.2405,1,1528,1000,2,144,14,-143994.09454351,6747145.03374097,278,Egernia mcpheei,0,2220
152.3805,-29.2405,1,1528,1000,2,144,14,-143994.09454351,6747145.03374097,278,Eulamprus murrayi,0,2221
152.3805,-29.2405,1,1528,1000,2,144,14,-143994.09454351,6747145.03374097,278,Ophioscincus truncatus,0,2222
152.3805,-29.2405,1,1528,1000,2,144,14,-143994.09454351,6747145.03374097,278,Pseudechis porphyricaus,0,2223
152.3805,-29.2405,1,1528,1000,2,144,14,-143994.09454351,6747145.03374097,278,Saltuarius swaini,0,2224
152.1644,-29.2411,3,1224,1070,2,137,6,-165065.597196224,6745863.85427266,279,Cacophis kreftii,0,2225
152.1644,-29.2411,3,1224,1070,2,137,6,-165065.597196224,6745863.85427266,279,Calyptotis scutirostrum,0,2226
152.1644,-29.2411,3,1224,1070,2,137,6,-165065.597196224,6745863.85427266,279,Coeranoscincus reticulatus,0,2227
152.1644,-29.2411,3,1224,1070,2,137,6,-165065.597196224,6745863.85427266,279,Egernia mcpheei,0,2228
152.1644,-29.2411,3,1224,1070,2,137,6,-165065.597196224,6745863.85427266,279,Eulamprus murrayi,0,2229
152.1644,-29.2411,3,1224,1070,2,137,6,-165065.597196224,6745863.85427266,279,Ophioscincus truncatus,0,2230
152.1644,-29.2411,3,1224,1070,2,137,6,-165065.597196224,6745863.85427266,279,Pseudechis porphyricaus,0,2231
152.1644,-29.2411,3,1224,1070,2,137,6,-165065.597196224,6745863.85427266,279,Saltuarius swaini,0,2232
152.1561,-29.2429,3,1218,1070,2,133,10,-165863.420673349,6745616.23724207,280,Cacophis kreftii,0,2233
152.1561,-29.2429,3,1218,1070,2,133,10,-165863.420673349,6745616.23724207,280,Calyptotis scutirostrum,0,2234
152.1561,-29.2429,3,1218,1070,2,133,10,-165863.420673349,6745616.23724207,280,Coeranoscincus reticulatus,0,2235
152.1561,-29.2429,3,1218,1070,2,133,10,-165863.420673349,6745616.23724207,280,Egernia mcpheei,0,2236
152.1561,-29.2429,3,1218,1070,2,133,10,-165863.420673349,6745616.23724207,280,Eulamprus murrayi,0,2237
152.1561,-29.2429,3,1218,1070,2,133,10,-165863.420673349,6745616.23724207,280,Ophioscincus truncatus,0,2238
152.1561,-29.2429,3,1218,1070,2,133,10,-165863.420673349,6745616.23724207,280,Pseudechis porphyricaus,0,2239
152.1561,-29.2429,3,1218,1070,2,133,10,-165863.420673349,6745616.23724207,280,Saltuarius swaini,0,2240
152.1664,-29.2429,3,1226,1100,2,138,-13,-164858.804226668,6745675.09778865,281,Cacophis kreftii,0,2241
152.1664,-29.2429,3,1226,1100,2,138,-13,-164858.804226668,6745675.09778865,281,Calyptotis scutirostrum,0,2242
152.1664,-29.2429,3,1226,1100,2,138,-13,-164858.804226668,6745675.09778865,281,Coeranoscincus reticulatus,0,2243
152.1664,-29.2429,3,1226,1100,2,138,-13,-164858.804226668,6745675.09778865,281,Egernia mcpheei,0,2244
152.1664,-29.2429,3,1226,1100,2,138,-13,-164858.804226668,6745675.09778865,281,Eulamprus murrayi,0,2245
152.1664,-29.2429,3,1226,1100,2,138,-13,-164858.804226668,6745675.09778865,281,Ophioscincus truncatus,0,2246
152.1664,-29.2429,3,1226,1100,2,138,-13,-164858.804226668,6745675.09778865,281,Pseudechis porphyricaus,0,2247
152.1664,-29.2429,3,1226,1100,2,138,-13,-164858.804226668,6745675.09778865,281,Saltuarius swaini,0,2248
153.3581,-29.2469,1,1590,1350,1,192,-2,-48676.0066271106,6751433.87966314,282,Cacophis kreftii,0,2249
153.3581,-29.2469,1,1590,1350,1,192,-2,-48676.0066271106,6751433.87966314,282,Calyptotis scutirostrum,0,2250
153.3581,-29.2469,1,1590,1350,1,192,-2,-48676.0066271106,6751433.87966314,282,Coeranoscincus reticulatus,0,2251
153.3581,-29.2469,1,1590,1350,1,192,-2,-48676.0066271106,6751433.87966314,282,Egernia mcpheei,0,2252
153.3581,-29.2469,1,1590,1350,1,192,-2,-48676.0066271106,6751433.87966314,282,Eulamprus murrayi,0,2253
153.3581,-29.2469,1,1590,1350,1,192,-2,-48676.0066271106,6751433.87966314,282,Ophioscincus truncatus,0,2254
153.3581,-29.2469,1,1590,1350,1,192,-2,-48676.0066271106,6751433.87966314,282,Pseudechis porphyricaus,0,2255
153.3581,-29.2469,1,1590,1350,1,192,-2,-48676.0066271106,6751433.87966314,282,Saltuarius swaini,0,2256
152.3763,-29.2477,3,1614,980,2,141,1,-144358.241751465,6746321.2757456,283,Cacophis kreftii,0,2257
152.3763,-29.2477,3,1614,980,2,141,1,-144358.241751465,6746321.2757456,283,Calyptotis scutirostrum,0,2258
152.3763,-29.2477,3,1614,980,2,141,1,-144358.241751465,6746321.2757456,283,Coeranoscincus reticulatus,0,2259
152.3763,-29.2477,3,1614,980,2,141,1,-144358.241751465,6746321.2757456,283,Egernia mcpheei,0,2260
152.3763,-29.2477,3,1614,980,2,141,1,-144358.241751465,6746321.2757456,283,Eulamprus murrayi,0,2261
152.3763,-29.2477,3,1614,980,2,141,1,-144358.241751465,6746321.2757456,283,Ophioscincus truncatus,0,2262
152.3763,-29.2477,3,1614,980,2,141,1,-144358.241751465,6746321.2757456,283,Pseudechis porphyricaus,0,2263
152.3763,-29.2477,3,1614,980,2,141,1,-144358.241751465,6746321.2757456,283,Saltuarius swaini,0,2264
153.3561,-29.2487,1,1590,1350,1,192,-1,-48861.1833204548,6751224.53286015,284,Cacophis kreftii,0,2265
153.3561,-29.2487,1,1590,1350,1,192,-1,-48861.1833204548,6751224.53286015,284,Calyptotis scutirostrum,0,2266
153.3561,-29.2487,1,1590,1350,1,192,-1,-48861.1833204548,6751224.53286015,284,Coeranoscincus reticulatus,0,2267
153.3561,-29.2487,1,1590,1350,1,192,-1,-48861.1833204548,6751224.53286015,284,Egernia mcpheei,0,2268
153.3561,-29.2487,1,1590,1350,1,192,-1,-48861.1833204548,6751224.53286015,284,Eulamprus murrayi,0,2269
153.3561,-29.2487,1,1590,1350,1,192,-1,-48861.1833204548,6751224.53286015,284,Ophioscincus truncatus,0,2270
153.3561,-29.2487,1,1590,1350,1,192,-1,-48861.1833204548,6751224.53286015,284,Pseudechis porphyricaus,0,2271
153.3561,-29.2487,1,1590,1350,1,192,-1,-48861.1833204548,6751224.53286015,284,Saltuarius swaini,0,2272
153.3581,-29.2487,1,1592,1350,1,192,0,-48666.355678597,6751233.93894705,285,Cacophis kreftii,0,2273
153.3581,-29.2487,1,1592,1350,1,192,0,-48666.355678597,6751233.93894705,285,Calyptotis scutirostrum,0,2274
153.3581,-29.2487,1,1592,1350,1,192,0,-48666.355678597,6751233.93894705,285,Coeranoscincus reticulatus,0,2275
153.3581,-29.2487,1,1592,1350,1,192,0,-48666.355678597,6751233.93894705,285,Egernia mcpheei,0,2276
153.3581,-29.2487,1,1592,1350,1,192,0,-48666.355678597,6751233.93894705,285,Eulamprus murrayi,0,2277
153.3581,-29.2487,1,1592,1350,1,192,0,-48666.355678597,6751233.93894705,285,Ophioscincus truncatus,0,2278
153.3581,-29.2487,1,1592,1350,1,192,0,-48666.355678597,6751233.93894705,285,Pseudechis porphyricaus,0,2279
153.3581,-29.2487,1,1592,1350,1,192,0,-48666.355678597,6751233.93894705,285,Saltuarius swaini,0,2280
153.3602,-29.2487,1,1592,1350,1,192,0,-48461.7870327051,6751243.81170851,286,Cacophis kreftii,0,2281
153.3602,-29.2487,1,1592,1350,1,192,0,-48461.7870327051,6751243.81170851,286,Calyptotis scutirostrum,0,2282
153.3602,-29.2487,1,1592,1350,1,192,0,-48461.7870327051,6751243.81170851,286,Coeranoscincus reticulatus,0,2283
153.3602,-29.2487,1,1592,1350,1,192,0,-48461.7870327051,6751243.81170851,286,Egernia mcpheei,0,2284
153.3602,-29.2487,1,1592,1350,1,192,0,-48461.7870327051,6751243.81170851,286,Eulamprus murrayi,0,2285
153.3602,-29.2487,1,1592,1350,1,192,0,-48461.7870327051,6751243.81170851,286,Ophioscincus truncatus,0,2286
153.3602,-29.2487,1,1592,1350,1,192,0,-48461.7870327051,6751243.81170851,286,Pseudechis porphyricaus,0,2287
153.3602,-29.2487,1,1592,1350,1,192,0,-48461.7870327051,6751243.81170851,286,Saltuarius swaini,0,2288
152.364,-29.2494,3,1532,959,2,146,-18,-145546.857860841,6746064.14424616,287,Cacophis kreftii,0,2289
152.364,-29.2494,3,1532,959,2,146,-18,-145546.857860841,6746064.14424616,287,Calyptotis scutirostrum,0,2290
152.364,-29.2494,3,1532,959,2,146,-18,-145546.857860841,6746064.14424616,287,Coeranoscincus reticulatus,0,2291
152.364,-29.2494,3,1532,959,2,146,-18,-145546.857860841,6746064.14424616,287,Egernia mcpheei,0,2292
152.364,-29.2494,3,1532,959,2,146,-18,-145546.857860841,6746064.14424616,287,Eulamprus murrayi,0,2293
152.364,-29.2494,3,1532,959,2,146,-18,-145546.857860841,6746064.14424616,287,Ophioscincus truncatus,1,2294
152.364,-29.2494,3,1532,959,2,146,-18,-145546.857860841,6746064.14424616,287,Pseudechis porphyricaus,0,2295
152.364,-29.2494,3,1532,959,2,146,-18,-145546.857860841,6746064.14424616,287,Saltuarius swaini,0,2296
152.3681,-29.2495,3,1556,980,2,141,39,-145146.444137857,6746075.74556932,288,Cacophis kreftii,0,2297
152.3681,-29.2495,3,1556,980,2,141,39,-145146.444137857,6746075.74556932,288,Calyptotis scutirostrum,0,2298
152.3681,-29.2495,3,1556,980,2,141,39,-145146.444137857,6746075.74556932,288,Coeranoscincus reticulatus,0,2299
152.3681,-29.2495,3,1556,980,2,141,39,-145146.444137857,6746075.74556932,288,Egernia mcpheei,0,2300
152.3681,-29.2495,3,1556,980,2,141,39,-145146.444137857,6746075.74556932,288,Eulamprus murrayi,0,2301
152.3681,-29.2495,3,1556,980,2,141,39,-145146.444137857,6746075.74556932,288,Ophioscincus truncatus,1,2302
152.3681,-29.2495,3,1556,980,2,141,39,-145146.444137857,6746075.74556932,288,Pseudechis porphyricaus,0,2303
152.3681,-29.2495,3,1556,980,2,141,39,-145146.444137857,6746075.74556932,288,Saltuarius swaini,0,2304
152.3557,-29.2512,1,1666,879,2,137,31,-146344.785848981,6745817.96919314,289,Cacophis kreftii,0,2305
152.3557,-29.2512,1,1666,879,2,137,31,-146344.785848981,6745817.96919314,289,Calyptotis scutirostrum,0,2306
152.3557,-29.2512,1,1666,879,2,137,31,-146344.785848981,6745817.96919314,289,Coeranoscincus reticulatus,0,2307
152.3557,-29.2512,1,1666,879,2,137,31,-146344.785848981,6745817.96919314,289,Egernia mcpheei,0,2308
152.3557,-29.2512,1,1666,879,2,137,31,-146344.785848981,6745817.96919314,289,Eulamprus murrayi,0,2309
152.3557,-29.2512,1,1666,879,2,137,31,-146344.785848981,6745817.96919314,289,Ophioscincus truncatus,0,2310
152.3557,-29.2512,1,1666,879,2,137,31,-146344.785848981,6745817.96919314,289,Pseudechis porphyricaus,0,2311
152.3557,-29.2512,1,1666,879,2,137,31,-146344.785848981,6745817.96919314,289,Saltuarius swaini,0,2312
153.2944,-29.2542,1,1422,1320,1,192,0,-54841.9600197467,6750321.73267861,290,Cacophis kreftii,0,2313
153.2944,-29.2542,1,1422,1320,1,192,0,-54841.9600197467,6750321.73267861,290,Calyptotis scutirostrum,0,2314
153.2944,-29.2542,1,1422,1320,1,192,0,-54841.9600197467,6750321.73267861,290,Coeranoscincus reticulatus,0,2315
153.2944,-29.2542,1,1422,1320,1,192,0,-54841.9600197467,6750321.73267861,290,Egernia mcpheei,0,2316
153.2944,-29.2542,1,1422,1320,1,192,0,-54841.9600197467,6750321.73267861,290,Eulamprus murrayi,0,2317
153.2944,-29.2542,1,1422,1320,1,192,0,-54841.9600197467,6750321.73267861,290,Ophioscincus truncatus,0,2318
153.2944,-29.2542,1,1422,1320,1,192,0,-54841.9600197467,6750321.73267861,290,Pseudechis porphyricaus,0,2319
153.2944,-29.2542,1,1422,1320,1,192,0,-54841.9600197467,6750321.73267861,290,Saltuarius swaini,0,2320
153.3479,-29.2595,1,1576,1340,1,191,-1,-49601.9573334317,6749986.27727758,291,Cacophis kreftii,0,2321
153.3479,-29.2595,1,1576,1340,1,191,-1,-49601.9573334317,6749986.27727758,291,Calyptotis scutirostrum,0,2322
153.3479,-29.2595,1,1576,1340,1,191,-1,-49601.9573334317,6749986.27727758,291,Coeranoscincus reticulatus,0,2323
153.3479,-29.2595,1,1576,1340,1,191,-1,-49601.9573334317,6749986.27727758,291,Egernia mcpheei,0,2324
153.3479,-29.2595,1,1576,1340,1,191,-1,-49601.9573334317,6749986.27727758,291,Eulamprus murrayi,0,2325
153.3479,-29.2595,1,1576,1340,1,191,-1,-49601.9573334317,6749986.27727758,291,Ophioscincus truncatus,0,2326
153.3479,-29.2595,1,1576,1340,1,191,-1,-49601.9573334317,6749986.27727758,291,Pseudechis porphyricaus,0,2327
153.3479,-29.2595,1,1576,1340,1,191,-1,-49601.9573334317,6749986.27727758,291,Saltuarius swaini,0,2328
153.3438,-29.2686,1,1570,1330,1,191,3,-49952.3746787435,6748956.126965,292,Cacophis kreftii,0,2329
153.3438,-29.2686,1,1570,1330,1,191,3,-49952.3746787435,6748956.126965,292,Calyptotis scutirostrum,0,2330
153.3438,-29.2686,1,1570,1330,1,191,3,-49952.3746787435,6748956.126965,292,Coeranoscincus reticulatus,0,2331
153.3438,-29.2686,1,1570,1330,1,191,3,-49952.3746787435,6748956.126965,292,Egernia mcpheei,0,2332
153.3438,-29.2686,1,1570,1330,1,191,3,-49952.3746787435,6748956.126965,292,Eulamprus murrayi,0,2333
153.3438,-29.2686,1,1570,1330,1,191,3,-49952.3746787435,6748956.126965,292,Ophioscincus truncatus,0,2334
153.3438,-29.2686,1,1570,1330,1,191,3,-49952.3746787435,6748956.126965,292,Pseudechis porphyricaus,0,2335
153.3438,-29.2686,1,1570,1330,1,191,3,-49952.3746787435,6748956.126965,292,Saltuarius swaini,0,2336
153.3438,-29.2794,1,1572,1330,1,192,1,-49894.2730985837,6747756.46707972,293,Cacophis kreftii,0,2337
153.3438,-29.2794,1,1572,1330,1,192,1,-49894.2730985837,6747756.46707972,293,Calyptotis scutirostrum,0,2338
153.3438,-29.2794,1,1572,1330,1,192,1,-49894.2730985837,6747756.46707972,293,Coeranoscincus reticulatus,0,2339
153.3438,-29.2794,1,1572,1330,1,192,1,-49894.2730985837,6747756.46707972,293,Egernia mcpheei,0,2340
153.3438,-29.2794,1,1572,1330,1,192,1,-49894.2730985837,6747756.46707972,293,Eulamprus murrayi,0,2341
153.3438,-29.2794,1,1572,1330,1,192,1,-49894.2730985837,6747756.46707972,293,Ophioscincus truncatus,0,2342
153.3438,-29.2794,1,1572,1330,1,192,1,-49894.2730985837,6747756.46707972,293,Pseudechis porphyricaus,0,2343
153.3438,-29.2794,1,1572,1330,1,192,1,-49894.2730985837,6747756.46707972,293,Saltuarius swaini,1,2344
152.098,-29.2984,2,1318,1110,2,126,-22,-171165.102699192,6739109.9164755,294,Cacophis kreftii,0,2345
152.098,-29.2984,2,1318,1110,2,126,-22,-171165.102699192,6739109.9164755,294,Calyptotis scutirostrum,0,2346
152.098,-29.2984,2,1318,1110,2,126,-22,-171165.102699192,6739109.9164755,294,Coeranoscincus reticulatus,0,2347
152.098,-29.2984,2,1318,1110,2,126,-22,-171165.102699192,6739109.9164755,294,Egernia mcpheei,0,2348
152.098,-29.2984,2,1318,1110,2,126,-22,-171165.102699192,6739109.9164755,294,Eulamprus murrayi,0,2349
152.098,-29.2984,2,1318,1110,2,126,-22,-171165.102699192,6739109.9164755,294,Ophioscincus truncatus,0,2350
152.098,-29.2984,2,1318,1110,2,126,-22,-171165.102699192,6739109.9164755,294,Pseudechis porphyricaus,0,2351
152.098,-29.2984,2,1318,1110,2,126,-22,-171165.102699192,6739109.9164755,294,Saltuarius swaini,0,2352
153.2904,-29.2994,1,1474,1330,1,192,0,-54986.1067535209,6745281.6581402,295,Cacophis kreftii,0,2353
153.2904,-29.2994,1,1474,1330,1,192,0,-54986.1067535209,6745281.6581402,295,Calyptotis scutirostrum,0,2354
153.2904,-29.2994,1,1474,1330,1,192,0,-54986.1067535209,6745281.6581402,295,Coeranoscincus reticulatus,0,2355
153.2904,-29.2994,1,1474,1330,1,192,0,-54986.1067535209,6745281.6581402,295,Egernia mcpheei,0,2356
153.2904,-29.2994,1,1474,1330,1,192,0,-54986.1067535209,6745281.6581402,295,Eulamprus murrayi,0,2357
153.2904,-29.2994,1,1474,1330,1,192,0,-54986.1067535209,6745281.6581402,295,Ophioscincus truncatus,0,2358
153.2904,-29.2994,1,1474,1330,1,192,0,-54986.1067535209,6745281.6581402,295,Pseudechis porphyricaus,0,2359
153.2904,-29.2994,1,1474,1330,1,192,0,-54986.1067535209,6745281.6581402,295,Saltuarius swaini,0,2360
152.1021,-29.3057,2,1332,1070,2,126,-5,-170717.328344627,6738321.69977104,296,Cacophis kreftii,0,2361
152.1021,-29.3057,2,1332,1070,2,126,-5,-170717.328344627,6738321.69977104,296,Calyptotis scutirostrum,0,2362
152.1021,-29.3057,2,1332,1070,2,126,-5,-170717.328344627,6738321.69977104,296,Coeranoscincus reticulatus,0,2363
152.1021,-29.3057,2,1332,1070,2,126,-5,-170717.328344627,6738321.69977104,296,Egernia mcpheei,0,2364
152.1021,-29.3057,2,1332,1070,2,126,-5,-170717.328344627,6738321.69977104,296,Eulamprus murrayi,0,2365
152.1021,-29.3057,2,1332,1070,2,126,-5,-170717.328344627,6738321.69977104,296,Ophioscincus truncatus,0,2366
152.1021,-29.3057,2,1332,1070,2,126,-5,-170717.328344627,6738321.69977104,296,Pseudechis porphyricaus,0,2367
152.1021,-29.3057,2,1332,1070,2,126,-5,-170717.328344627,6738321.69977104,296,Saltuarius swaini,0,2368
152.1927,-29.3099,3,1308,1070,2,141,19,-161858.697155282,6738374.13414518,297,Cacophis kreftii,0,2369
152.1927,-29.3099,3,1308,1070,2,141,19,-161858.697155282,6738374.13414518,297,Calyptotis scutirostrum,0,2370
152.1927,-29.3099,3,1308,1070,2,141,19,-161858.697155282,6738374.13414518,297,Coeranoscincus reticulatus,1,2371
152.1927,-29.3099,3,1308,1070,2,141,19,-161858.697155282,6738374.13414518,297,Egernia mcpheei,0,2372
152.1927,-29.3099,3,1308,1070,2,141,19,-161858.697155282,6738374.13414518,297,Eulamprus murrayi,0,2373
152.1927,-29.3099,3,1308,1070,2,141,19,-161858.697155282,6738374.13414518,297,Ophioscincus truncatus,0,2374
152.1927,-29.3099,3,1308,1070,2,141,19,-161858.697155282,6738374.13414518,297,Pseudechis porphyricaus,0,2375
152.1927,-29.3099,3,1308,1070,2,141,19,-161858.697155282,6738374.13414518,297,Saltuarius swaini,0,2376
152.1062,-29.3111,2,1266,1110,2,132,-8,-170282.111373811,6737744.78861984,298,Cacophis kreftii,0,2377
152.1062,-29.3111,2,1266,1110,2,132,-8,-170282.111373811,6737744.78861984,298,Calyptotis scutirostrum,0,2378
152.1062,-29.3111,2,1266,1110,2,132,-8,-170282.111373811,6737744.78861984,298,Coeranoscincus reticulatus,0,2379
152.1062,-29.3111,2,1266,1110,2,132,-8,-170282.111373811,6737744.78861984,298,Egernia mcpheei,0,2380
152.1062,-29.3111,2,1266,1110,2,132,-8,-170282.111373811,6737744.78861984,298,Eulamprus murrayi,0,2381
152.1062,-29.3111,2,1266,1110,2,132,-8,-170282.111373811,6737744.78861984,298,Ophioscincus truncatus,0,2382
152.1062,-29.3111,2,1266,1110,2,132,-8,-170282.111373811,6737744.78861984,298,Pseudechis porphyricaus,0,2383
152.1062,-29.3111,2,1266,1110,2,132,-8,-170282.111373811,6737744.78861984,298,Saltuarius swaini,0,2384
152.1803,-29.3116,1,1308,1049,2,139,-4,-163056.230378283,6738114.38521666,299,Cacophis kreftii,0,2385
152.1803,-29.3116,1,1308,1049,2,139,-4,-163056.230378283,6738114.38521666,299,Calyptotis scutirostrum,0,2386
152.1803,-29.3116,1,1308,1049,2,139,-4,-163056.230378283,6738114.38521666,299,Coeranoscincus reticulatus,1,2387
152.1803,-29.3116,1,1308,1049,2,139,-4,-163056.230378283,6738114.38521666,299,Egernia mcpheei,0,2388
152.1803,-29.3116,1,1308,1049,2,139,-4,-163056.230378283,6738114.38521666,299,Eulamprus murrayi,0,2389
152.1803,-29.3116,1,1308,1049,2,139,-4,-163056.230378283,6738114.38521666,299,Ophioscincus truncatus,1,2390
152.1803,-29.3116,1,1308,1049,2,139,-4,-163056.230378283,6738114.38521666,299,Pseudechis porphyricaus,0,2391
152.1803,-29.3116,1,1308,1049,2,139,-4,-163056.230378283,6738114.38521666,299,Saltuarius swaini,0,2392
152.9856,-29.3159,3,1190,1110,2,190,-1,-84574.3885704612,6741956.78858702,300,Cacophis kreftii,0,2393
152.9856,-29.3159,3,1190,1110,2,190,-1,-84574.3885704612,6741956.78858702,300,Calyptotis scutirostrum,0,2394
152.9856,-29.3159,3,1190,1110,2,190,-1,-84574.3885704612,6741956.78858702,300,Coeranoscincus reticulatus,0,2395
152.9856,-29.3159,3,1190,1110,2,190,-1,-84574.3885704612,6741956.78858702,300,Egernia mcpheei,0,2396
152.9856,-29.3159,3,1190,1110,2,190,-1,-84574.3885704612,6741956.78858702,300,Eulamprus murrayi,0,2397
152.9856,-29.3159,3,1190,1110,2,190,-1,-84574.3885704612,6741956.78858702,300,Ophioscincus truncatus,0,2398
152.9856,-29.3159,3,1190,1110,2,190,-1,-84574.3885704612,6741956.78858702,300,Pseudechis porphyricaus,0,2399
152.9856,-29.3159,3,1190,1110,2,190,-1,-84574.3885704612,6741956.78858702,300,Saltuarius swaini,0,2400
152.965,-29.3286,3,1212,1120,2,189,-6,-86507.4244525261,6740441.91030228,301,Cacophis kreftii,0,2401
152.965,-29.3286,3,1212,1120,2,189,-6,-86507.4244525261,6740441.91030228,301,Calyptotis scutirostrum,0,2402
152.965,-29.3286,3,1212,1120,2,189,-6,-86507.4244525261,6740441.91030228,301,Coeranoscincus reticulatus,0,2403
152.965,-29.3286,3,1212,1120,2,189,-6,-86507.4244525261,6740441.91030228,301,Egernia mcpheei,0,2404
152.965,-29.3286,3,1212,1120,2,189,-6,-86507.4244525261,6740441.91030228,301,Eulamprus murrayi,0,2405
152.965,-29.3286,3,1212,1120,2,189,-6,-86507.4244525261,6740441.91030228,301,Ophioscincus truncatus,0,2406
152.965,-29.3286,3,1212,1120,2,189,-6,-86507.4244525261,6740441.91030228,301,Pseudechis porphyricaus,0,2407
152.965,-29.3286,3,1212,1120,2,189,-6,-86507.4244525261,6740441.91030228,301,Saltuarius swaini,0,2408
152.1513,-29.3295,3,1408,1080,2,129,13,-165765.727104269,6735957.84852859,302,Cacophis kreftii,0,2409
152.1513,-29.3295,3,1408,1080,2,129,13,-165765.727104269,6735957.84852859,302,Calyptotis scutirostrum,0,2410
152.1513,-29.3295,3,1408,1080,2,129,13,-165765.727104269,6735957.84852859,302,Coeranoscincus reticulatus,1,2411
152.1513,-29.3295,3,1408,1080,2,129,13,-165765.727104269,6735957.84852859,302,Egernia mcpheei,0,2412
152.1513,-29.3295,3,1408,1080,2,129,13,-165765.727104269,6735957.84852859,302,Eulamprus murrayi,0,2413
152.1513,-29.3295,3,1408,1080,2,129,13,-165765.727104269,6735957.84852859,302,Ophioscincus truncatus,1,2414
152.1513,-29.3295,3,1408,1080,2,129,13,-165765.727104269,6735957.84852859,302,Pseudechis porphyricaus,0,2415
152.1513,-29.3295,3,1408,1080,2,129,13,-165765.727104269,6735957.84852859,302,Saltuarius swaini,0,2416
152.9609,-29.3304,3,1246,1120,2,188,1,-86896.2863933826,6740221.21400845,303,Cacophis kreftii,0,2417
152.9609,-29.3304,3,1246,1120,2,188,1,-86896.2863933826,6740221.21400845,303,Calyptotis scutirostrum,0,2418
152.9609,-29.3304,3,1246,1120,2,188,1,-86896.2863933826,6740221.21400845,303,Coeranoscincus reticulatus,0,2419
152.9609,-29.3304,3,1246,1120,2,188,1,-86896.2863933826,6740221.21400845,303,Egernia mcpheei,0,2420
152.9609,-29.3304,3,1246,1120,2,188,1,-86896.2863933826,6740221.21400845,303,Eulamprus murrayi,0,2421
152.9609,-29.3304,3,1246,1120,2,188,1,-86896.2863933826,6740221.21400845,303,Ophioscincus truncatus,0,2422
152.9609,-29.3304,3,1246,1120,2,188,1,-86896.2863933826,6740221.21400845,303,Pseudechis porphyricaus,0,2423
152.9609,-29.3304,3,1246,1120,2,188,1,-86896.2863933826,6740221.21400845,303,Saltuarius swaini,0,2424
152.9753,-29.3304,3,1228,1129,2,188,2,-85494.1537825839,6740293.79231895,304,Cacophis kreftii,0,2425
152.9753,-29.3304,3,1228,1129,2,188,2,-85494.1537825839,6740293.79231895,304,Calyptotis scutirostrum,0,2426
152.9753,-29.3304,3,1228,1129,2,188,2,-85494.1537825839,6740293.79231895,304,Coeranoscincus reticulatus,0,2427
152.9753,-29.3304,3,1228,1129,2,188,2,-85494.1537825839,6740293.79231895,304,Egernia mcpheei,0,2428
152.9753,-29.3304,3,1228,1129,2,188,2,-85494.1537825839,6740293.79231895,304,Eulamprus murrayi,0,2429
152.9753,-29.3304,3,1228,1129,2,188,2,-85494.1537825839,6740293.79231895,304,Ophioscincus truncatus,0,2430
152.9753,-29.3304,3,1228,1129,2,188,2,-85494.1537825839,6740293.79231895,304,Pseudechis porphyricaus,0,2431
152.9753,-29.3304,3,1228,1129,2,188,2,-85494.1537825839,6740293.79231895,304,Saltuarius swaini,0,2432
152.9506,-29.334,3,1242,1100,2,187,4,-87878.4440584808,6739769.15961877,305,Cacophis kreftii,0,2433
152.9506,-29.334,3,1242,1100,2,187,4,-87878.4440584808,6739769.15961877,305,Calyptotis scutirostrum,0,2434
152.9506,-29.334,3,1242,1100,2,187,4,-87878.4440584808,6739769.15961877,305,Coeranoscincus reticulatus,0,2435
152.9506,-29.334,3,1242,1100,2,187,4,-87878.4440584808,6739769.15961877,305,Egernia mcpheei,0,2436
152.9506,-29.334,3,1242,1100,2,187,4,-87878.4440584808,6739769.15961877,305,Eulamprus murrayi,0,2437
152.9506,-29.334,3,1242,1100,2,187,4,-87878.4440584808,6739769.15961877,305,Ophioscincus truncatus,0,2438
152.9506,-29.334,3,1242,1100,2,187,4,-87878.4440584808,6739769.15961877,305,Pseudechis porphyricaus,0,2439
152.9506,-29.334,3,1242,1100,2,187,4,-87878.4440584808,6739769.15961877,305,Saltuarius swaini,0,2440
153.0906,-29.3358,3,1252,1080,1,187,9,-74237.6258340698,6740268.62388593,306,Cacophis kreftii,0,2441
153.0906,-29.3358,3,1252,1080,1,187,9,-74237.6258340698,6740268.62388593,306,Calyptotis scutirostrum,0,2442
153.0906,-29.3358,3,1252,1080,1,187,9,-74237.6258340698,6740268.62388593,306,Coeranoscincus reticulatus,0,2443
153.0906,-29.3358,3,1252,1080,1,187,9,-74237.6258340698,6740268.62388593,306,Egernia mcpheei,0,2444
153.0906,-29.3358,3,1252,1080,1,187,9,-74237.6258340698,6740268.62388593,306,Eulamprus murrayi,0,2445
153.0906,-29.3358,3,1252,1080,1,187,9,-74237.6258340698,6740268.62388593,306,Ophioscincus truncatus,0,2446
153.0906,-29.3358,3,1252,1080,1,187,9,-74237.6258340698,6740268.62388593,306,Pseudechis porphyricaus,0,2447
153.0906,-29.3358,3,1252,1080,1,187,9,-74237.6258340698,6740268.62388593,306,Saltuarius swaini,0,2448
153.0803,-29.3376,3,1314,1080,1,180,13,-75230.2145233742,6740017.73560779,307,Cacophis kreftii,0,2449
153.0803,-29.3376,3,1314,1080,1,180,13,-75230.2145233742,6740017.73560779,307,Calyptotis scutirostrum,0,2450
153.0803,-29.3376,3,1314,1080,1,180,13,-75230.2145233742,6740017.73560779,307,Coeranoscincus reticulatus,0,2451
153.0803,-29.3376,3,1314,1080,1,180,13,-75230.2145233742,6740017.73560779,307,Egernia mcpheei,0,2452
153.0803,-29.3376,3,1314,1080,1,180,13,-75230.2145233742,6740017.73560779,307,Eulamprus murrayi,0,2453
153.0803,-29.3376,3,1314,1080,1,180,13,-75230.2145233742,6740017.73560779,307,Ophioscincus truncatus,0,2454
153.0803,-29.3376,3,1314,1080,1,180,13,-75230.2145233742,6740017.73560779,307,Pseudechis porphyricaus,0,2455
153.0803,-29.3376,3,1314,1080,1,180,13,-75230.2145233742,6740017.73560779,307,Saltuarius swaini,0,2456
152.1595,-29.3386,1,1440,1090,2,129,1,-164907.141677267,6734992.82147675,308,Cacophis kreftii,0,2457
152.1595,-29.3386,1,1440,1090,2,129,1,-164907.141677267,6734992.82147675,308,Calyptotis scutirostrum,0,2458
152.1595,-29.3386,1,1440,1090,2,129,1,-164907.141677267,6734992.82147675,308,Coeranoscincus reticulatus,0,2459
152.1595,-29.3386,1,1440,1090,2,129,1,-164907.141677267,6734992.82147675,308,Egernia mcpheei,0,2460
152.1595,-29.3386,1,1440,1090,2,129,1,-164907.141677267,6734992.82147675,308,Eulamprus murrayi,0,2461
152.1595,-29.3386,1,1440,1090,2,129,1,-164907.141677267,6734992.82147675,308,Ophioscincus truncatus,0,2462
152.1595,-29.3386,1,1440,1090,2,129,1,-164907.141677267,6734992.82147675,308,Pseudechis porphyricaus,0,2463
152.1595,-29.3386,1,1440,1090,2,129,1,-164907.141677267,6734992.82147675,308,Saltuarius swaini,0,2464
153.0721,-29.343,3,1328,1029,2,180,3,-75997.9854765401,6739377.17028246,309,Cacophis kreftii,0,2465
153.0721,-29.343,3,1328,1029,2,180,3,-75997.9854765401,6739377.17028246,309,Calyptotis scutirostrum,0,2466
153.0721,-29.343,3,1328,1029,2,180,3,-75997.9854765401,6739377.17028246,309,Coeranoscincus reticulatus,0,2467
153.0721,-29.343,3,1328,1029,2,180,3,-75997.9854765401,6739377.17028246,309,Egernia mcpheei,0,2468
153.0721,-29.343,3,1328,1029,2,180,3,-75997.9854765401,6739377.17028246,309,Eulamprus murrayi,0,2469
153.0721,-29.343,3,1328,1029,2,180,3,-75997.9854765401,6739377.17028246,309,Ophioscincus truncatus,0,2470
153.0721,-29.343,3,1328,1029,2,180,3,-75997.9854765401,6739377.17028246,309,Pseudechis porphyricaus,0,2471
153.0721,-29.343,3,1328,1029,2,180,3,-75997.9854765401,6739377.17028246,309,Saltuarius swaini,0,2472
152.1677,-29.3458,1,1474,1110,2,128,-14,-164061.099810224,6734239.05328714,310,Cacophis kreftii,0,2473
152.1677,-29.3458,1,1474,1110,2,128,-14,-164061.099810224,6734239.05328714,310,Calyptotis scutirostrum,0,2474
152.1677,-29.3458,1,1474,1110,2,128,-14,-164061.099810224,6734239.05328714,310,Coeranoscincus reticulatus,0,2475
152.1677,-29.3458,1,1474,1110,2,128,-14,-164061.099810224,6734239.05328714,310,Egernia mcpheei,0,2476
152.1677,-29.3458,1,1474,1110,2,128,-14,-164061.099810224,6734239.05328714,310,Eulamprus murrayi,0,2477
152.1677,-29.3458,1,1474,1110,2,128,-14,-164061.099810224,6734239.05328714,310,Ophioscincus truncatus,0,2478
152.1677,-29.3458,1,1474,1110,2,128,-14,-164061.099810224,6734239.05328714,310,Pseudechis porphyricaus,0,2479
152.1677,-29.3458,1,1474,1110,2,128,-14,-164061.099810224,6734239.05328714,310,Saltuarius swaini,0,2480
153.0783,-29.3484,3,1318,1100,1,180,23,-75363.9269592927,6738807.88886261,311,Cacophis kreftii,0,2481
153.0783,-29.3484,3,1318,1100,1,180,23,-75363.9269592927,6738807.88886261,311,Calyptotis scutirostrum,0,2482
153.0783,-29.3484,3,1318,1100,1,180,23,-75363.9269592927,6738807.88886261,311,Coeranoscincus reticulatus,0,2483
153.0783,-29.3484,3,1318,1100,1,180,23,-75363.9269592927,6738807.88886261,311,Egernia mcpheei,0,2484
153.0783,-29.3484,3,1318,1100,1,180,23,-75363.9269592927,6738807.88886261,311,Eulamprus murrayi,0,2485
153.0783,-29.3484,3,1318,1100,1,180,23,-75363.9269592927,6738807.88886261,311,Ophioscincus truncatus,0,2486
153.0783,-29.3484,3,1318,1100,1,180,23,-75363.9269592927,6738807.88886261,311,Pseudechis porphyricaus,0,2487
153.0783,-29.3484,3,1318,1100,1,180,23,-75363.9269592927,6738807.88886261,311,Saltuarius swaini,0,2488
153.0701,-29.352,3,1340,1090,2,179,13,-76141.7762099772,6738367.29305332,312,Cacophis kreftii,0,2489
153.0701,-29.352,3,1340,1090,2,179,13,-76141.7762099772,6738367.29305332,312,Calyptotis scutirostrum,0,2490
153.0701,-29.352,3,1340,1090,2,179,13,-76141.7762099772,6738367.29305332,312,Coeranoscincus reticulatus,0,2491
153.0701,-29.352,3,1340,1090,2,179,13,-76141.7762099772,6738367.29305332,312,Egernia mcpheei,0,2492
153.0701,-29.352,3,1340,1090,2,179,13,-76141.7762099772,6738367.29305332,312,Eulamprus murrayi,0,2493
153.0701,-29.352,3,1340,1090,2,179,13,-76141.7762099772,6738367.29305332,312,Ophioscincus truncatus,0,2494
153.0701,-29.352,3,1340,1090,2,179,13,-76141.7762099772,6738367.29305332,312,Pseudechis porphyricaus,0,2495
153.0701,-29.352,3,1340,1090,2,179,13,-76141.7762099772,6738367.29305332,312,Saltuarius swaini,0,2496
152.2905,-29.4603,1,2032,1149,1,137,-3,-151361.498726658,6722203.50711759,313,Cacophis kreftii,0,2497
152.2905,-29.4603,1,2032,1149,1,137,-3,-151361.498726658,6722203.50711759,313,Calyptotis scutirostrum,0,2498
152.2905,-29.4603,1,2032,1149,1,137,-3,-151361.498726658,6722203.50711759,313,Coeranoscincus reticulatus,0,2499
152.2905,-29.4603,1,2032,1149,1,137,-3,-151361.498726658,6722203.50711759,313,Egernia mcpheei,0,2500
152.2905,-29.4603,1,2032,1149,1,137,-3,-151361.498726658,6722203.50711759,313,Eulamprus murrayi,0,2501
152.2905,-29.4603,1,2032,1149,1,137,-3,-151361.498726658,6722203.50711759,313,Ophioscincus truncatus,0,2502
152.2905,-29.4603,1,2032,1149,1,137,-3,-151361.498726658,6722203.50711759,313,Pseudechis porphyricaus,1,2503
152.2905,-29.4603,1,2032,1149,1,137,-3,-151361.498726658,6722203.50711759,313,Saltuarius swaini,0,2504
152.3482,-29.4678,1,2034,1059,1,140,-23,-145699.000835591,6721693.0664676,314,Cacophis kreftii,0,2505
152.3482,-29.4678,1,2034,1059,1,140,-23,-145699.000835591,6721693.0664676,314,Calyptotis scutirostrum,0,2506
152.3482,-29.4678,1,2034,1059,1,140,-23,-145699.000835591,6721693.0664676,314,Coeranoscincus reticulatus,1,2507
152.3482,-29.4678,1,2034,1059,1,140,-23,-145699.000835591,6721693.0664676,314,Egernia mcpheei,0,2508
152.3482,-29.4678,1,2034,1059,1,140,-23,-145699.000835591,6721693.0664676,314,Eulamprus murrayi,0,2509
152.3482,-29.4678,1,2034,1059,1,140,-23,-145699.000835591,6721693.0664676,314,Ophioscincus truncatus,1,2510
152.3482,-29.4678,1,2034,1059,1,140,-23,-145699.000835591,6721693.0664676,314,Pseudechis porphyricaus,0,2511
152.3482,-29.4678,1,2034,1059,1,140,-23,-145699.000835591,6721693.0664676,314,Saltuarius swaini,0,2512
152.3481,-29.475,1,2182,1120,2,135,-5,-145662.79541466,6720891.96166638,315,Cacophis kreftii,0,2513
152.3481,-29.475,1,2182,1120,2,135,-5,-145662.79541466,6720891.96166638,315,Calyptotis scutirostrum,0,2514
152.3481,-29.475,1,2182,1120,2,135,-5,-145662.79541466,6720891.96166638,315,Coeranoscincus reticulatus,0,2515
152.3481,-29.475,1,2182,1120,2,135,-5,-145662.79541466,6720891.96166638,315,Egernia mcpheei,0,2516
152.3481,-29.475,1,2182,1120,2,135,-5,-145662.79541466,6720891.96166638,315,Eulamprus murrayi,0,2517
152.3481,-29.475,1,2182,1120,2,135,-5,-145662.79541466,6720891.96166638,315,Ophioscincus truncatus,1,2518
152.3481,-29.475,1,2182,1120,2,135,-5,-145662.79541466,6720891.96166638,315,Pseudechis porphyricaus,0,2519
152.3481,-29.475,1,2182,1120,2,135,-5,-145662.79541466,6720891.96166638,315,Saltuarius swaini,0,2520
152.3399,-29.4786,1,2196,1169,2,137,-17,-146437.58107452,6720445.8747217,316,Cacophis kreftii,0,2521
152.3399,-29.4786,1,2196,1169,2,137,-17,-146437.58107452,6720445.8747217,316,Calyptotis scutirostrum,0,2522
152.3399,-29.4786,1,2196,1169,2,137,-17,-146437.58107452,6720445.8747217,316,Coeranoscincus reticulatus,0,2523
152.3399,-29.4786,1,2196,1169,2,137,-17,-146437.58107452,6720445.8747217,316,Egernia mcpheei,0,2524
152.3399,-29.4786,1,2196,1169,2,137,-17,-146437.58107452,6720445.8747217,316,Eulamprus murrayi,0,2525
152.3399,-29.4786,1,2196,1169,2,137,-17,-146437.58107452,6720445.8747217,316,Ophioscincus truncatus,1,2526
152.3399,-29.4786,1,2196,1169,2,137,-17,-146437.58107452,6720445.8747217,316,Pseudechis porphyricaus,0,2527
152.3399,-29.4786,1,2196,1169,2,137,-17,-146437.58107452,6720445.8747217,316,Saltuarius swaini,0,2528
152.3561,-29.5183,1,2150,1220,1,138,2,-144608.348149952,6716122.24800171,317,Cacophis kreftii,0,2529
152.3561,-29.5183,1,2150,1220,1,138,2,-144608.348149952,6716122.24800171,317,Calyptotis scutirostrum,0,2530
152.3561,-29.5183,1,2150,1220,1,138,2,-144608.348149952,6716122.24800171,317,Coeranoscincus reticulatus,0,2531
152.3561,-29.5183,1,2150,1220,1,138,2,-144608.348149952,6716122.24800171,317,Egernia mcpheei,0,2532
152.3561,-29.5183,1,2150,1220,1,138,2,-144608.348149952,6716122.24800171,317,Eulamprus murrayi,0,2533
152.3561,-29.5183,1,2150,1220,1,138,2,-144608.348149952,6716122.24800171,317,Ophioscincus truncatus,0,2534
152.3561,-29.5183,1,2150,1220,1,138,2,-144608.348149952,6716122.24800171,317,Pseudechis porphyricaus,0,2535
152.3561,-29.5183,1,2150,1220,1,138,2,-144608.348149952,6716122.24800171,317,Saltuarius swaini,0,2536
152.3499,-29.5219,1,2192,1230,1,138,-2,-145188.288834463,6715687.35581262,318,Cacophis kreftii,0,2537
152.3499,-29.5219,1,2192,1230,1,138,-2,-145188.288834463,6715687.35581262,318,Calyptotis scutirostrum,0,2538
152.3499,-29.5219,1,2192,1230,1,138,-2,-145188.288834463,6715687.35581262,318,Coeranoscincus reticulatus,0,2539
152.3499,-29.5219,1,2192,1230,1,138,-2,-145188.288834463,6715687.35581262,318,Egernia mcpheei,0,2540
152.3499,-29.5219,1,2192,1230,1,138,-2,-145188.288834463,6715687.35581262,318,Eulamprus murrayi,0,2541
152.3499,-29.5219,1,2192,1230,1,138,-2,-145188.288834463,6715687.35581262,318,Ophioscincus truncatus,1,2542
152.3499,-29.5219,1,2192,1230,1,138,-2,-145188.288834463,6715687.35581262,318,Pseudechis porphyricaus,0,2543
152.3499,-29.5219,1,2192,1230,1,138,-2,-145188.288834463,6715687.35581262,318,Saltuarius swaini,0,2544
152.3395,-29.5291,1,2318,1220,1,136,-3,-146153.566072009,6714828.65289705,319,Cacophis kreftii,0,2545
152.3395,-29.5291,1,2318,1220,1,136,-3,-146153.566072009,6714828.65289705,319,Calyptotis scutirostrum,0,2546
152.3395,-29.5291,1,2318,1220,1,136,-3,-146153.566072009,6714828.65289705,319,Coeranoscincus reticulatus,0,2547
152.3395,-29.5291,1,2318,1220,1,136,-3,-146153.566072009,6714828.65289705,319,Egernia mcpheei,0,2548
152.3395,-29.5291,1,2318,1220,1,136,-3,-146153.566072009,6714828.65289705,319,Eulamprus murrayi,0,2549
152.3395,-29.5291,1,2318,1220,1,136,-3,-146153.566072009,6714828.65289705,319,Ophioscincus truncatus,0,2550
152.3395,-29.5291,1,2318,1220,1,136,-3,-146153.566072009,6714828.65289705,319,Pseudechis porphyricaus,1,2551
152.3395,-29.5291,1,2318,1220,1,136,-3,-146153.566072009,6714828.65289705,319,Saltuarius swaini,0,2552
152.3168,-29.5398,1,2264,1220,1,134,-5,-148292.184928335,6713511.65026774,320,Cacophis kreftii,0,2553
152.3168,-29.5398,1,2264,1220,1,134,-5,-148292.184928335,6713511.65026774,320,Calyptotis scutirostrum,0,2554
152.3168,-29.5398,1,2264,1220,1,134,-5,-148292.184928335,6713511.65026774,320,Coeranoscincus reticulatus,0,2555
152.3168,-29.5398,1,2264,1220,1,134,-5,-148292.184928335,6713511.65026774,320,Egernia mcpheei,0,2556
152.3168,-29.5398,1,2264,1220,1,134,-5,-148292.184928335,6713511.65026774,320,Eulamprus murrayi,0,2557
152.3168,-29.5398,1,2264,1220,1,134,-5,-148292.184928335,6713511.65026774,320,Ophioscincus truncatus,0,2558
152.3168,-29.5398,1,2264,1220,1,134,-5,-148292.184928335,6713511.65026774,320,Pseudechis porphyricaus,0,2559
152.3168,-29.5398,1,2264,1220,1,134,-5,-148292.184928335,6713511.65026774,320,Saltuarius swaini,0,2560
152.0628,-29.5455,2,1102,1009,2,131,14,-172954.026456263,6711423.30484984,321,Cacophis kreftii,0,2561
152.0628,-29.5455,2,1102,1009,2,131,14,-172954.026456263,6711423.30484984,321,Calyptotis scutirostrum,0,2562
152.0628,-29.5455,2,1102,1009,2,131,14,-172954.026456263,6711423.30484984,321,Coeranoscincus reticulatus,0,2563
152.0628,-29.5455,2,1102,1009,2,131,14,-172954.026456263,6711423.30484984,321,Egernia mcpheei,0,2564
152.0628,-29.5455,2,1102,1009,2,131,14,-172954.026456263,6711423.30484984,321,Eulamprus murrayi,0,2565
152.0628,-29.5455,2,1102,1009,2,131,14,-172954.026456263,6711423.30484984,321,Ophioscincus truncatus,1,2566
152.0628,-29.5455,2,1102,1009,2,131,14,-172954.026456263,6711423.30484984,321,Pseudechis porphyricaus,0,2567
152.0628,-29.5455,2,1102,1009,2,131,14,-172954.026456263,6711423.30484984,321,Saltuarius swaini,0,2568
152.3105,-29.547,1,2226,1210,1,133,21,-148858.437557277,6712675.66874389,322,Cacophis kreftii,0,2569
152.3105,-29.547,1,2226,1210,1,133,21,-148858.437557277,6712675.66874389,322,Calyptotis scutirostrum,0,2570
152.3105,-29.547,1,2226,1210,1,133,21,-148858.437557277,6712675.66874389,322,Coeranoscincus reticulatus,0,2571
152.3105,-29.547,1,2226,1210,1,133,21,-148858.437557277,6712675.66874389,322,Egernia mcpheei,0,2572
152.3105,-29.547,1,2226,1210,1,133,21,-148858.437557277,6712675.66874389,322,Eulamprus murrayi,0,2573
152.3105,-29.547,1,2226,1210,1,133,21,-148858.437557277,6712675.66874389,322,Ophioscincus truncatus,0,2574
152.3105,-29.547,1,2226,1210,1,133,21,-148858.437557277,6712675.66874389,322,Pseudechis porphyricaus,0,2575
152.3105,-29.547,1,2226,1210,1,133,21,-148858.437557277,6712675.66874389,322,Saltuarius swaini,0,2576
152.4219,-29.5566,3,2014,1070,2,136,3,-137967.594363802,6712229.53059043,323,Cacophis kreftii,0,2577
152.4219,-29.5566,3,2014,1070,2,136,3,-137967.594363802,6712229.53059043,323,Calyptotis scutirostrum,0,2578
152.4219,-29.5566,3,2014,1070,2,136,3,-137967.594363802,6712229.53059043,323,Coeranoscincus reticulatus,0,2579
152.4219,-29.5566,3,2014,1070,2,136,3,-137967.594363802,6712229.53059043,323,Egernia mcpheei,0,2580
152.4219,-29.5566,3,2014,1070,2,136,3,-137967.594363802,6712229.53059043,323,Eulamprus murrayi,0,2581
152.4219,-29.5566,3,2014,1070,2,136,3,-137967.594363802,6712229.53059043,323,Ophioscincus truncatus,0,2582
152.4219,-29.5566,3,2014,1070,2,136,3,-137967.594363802,6712229.53059043,323,Pseudechis porphyricaus,0,2583
152.4219,-29.5566,3,2014,1070,2,136,3,-137967.594363802,6712229.53059043,323,Saltuarius swaini,0,2584
152.4157,-29.5619,2,2102,1169,1,135,1,-138536.702887287,6711605.98362235,324,Cacophis kreftii,0,2585
152.4157,-29.5619,2,2102,1169,1,135,1,-138536.702887287,6711605.98362235,324,Calyptotis scutirostrum,0,2586
152.4157,-29.5619,2,2102,1169,1,135,1,-138536.702887287,6711605.98362235,324,Coeranoscincus reticulatus,0,2587
152.4157,-29.5619,2,2102,1169,1,135,1,-138536.702887287,6711605.98362235,324,Egernia mcpheei,0,2588
152.4157,-29.5619,2,2102,1169,1,135,1,-138536.702887287,6711605.98362235,324,Eulamprus murrayi,0,2589
152.4157,-29.5619,2,2102,1169,1,135,1,-138536.702887287,6711605.98362235,324,Ophioscincus truncatus,0,2590
152.4157,-29.5619,2,2102,1169,1,135,1,-138536.702887287,6711605.98362235,324,Pseudechis porphyricaus,0,2591
152.4157,-29.5619,2,2102,1169,1,135,1,-138536.702887287,6711605.98362235,324,Saltuarius swaini,0,2592
152.1968,-29.5662,3,1458,1090,1,133,1,-159787.82623627,6709895.61816552,325,Cacophis kreftii,0,2593
152.1968,-29.5662,3,1458,1090,1,133,1,-159787.82623627,6709895.61816552,325,Calyptotis scutirostrum,0,2594
152.1968,-29.5662,3,1458,1090,1,133,1,-159787.82623627,6709895.61816552,325,Coeranoscincus reticulatus,0,2595
152.1968,-29.5662,3,1458,1090,1,133,1,-159787.82623627,6709895.61816552,325,Egernia mcpheei,0,2596
152.1968,-29.5662,3,1458,1090,1,133,1,-159787.82623627,6709895.61816552,325,Eulamprus murrayi,0,2597
152.1968,-29.5662,3,1458,1090,1,133,1,-159787.82623627,6709895.61816552,325,Ophioscincus truncatus,0,2598
152.1968,-29.5662,3,1458,1090,1,133,1,-159787.82623627,6709895.61816552,325,Pseudechis porphyricaus,0,2599
152.1968,-29.5662,3,1458,1090,1,133,1,-159787.82623627,6709895.61816552,325,Saltuarius swaini,0,2600
152.1988,-29.5734,3,1488,1019,1,132,18,-159546.266625525,6709106.39433966,326,Cacophis kreftii,0,2601
152.1988,-29.5734,3,1488,1019,1,132,18,-159546.266625525,6709106.39433966,326,Calyptotis scutirostrum,0,2602
152.1988,-29.5734,3,1488,1019,1,132,18,-159546.266625525,6709106.39433966,326,Coeranoscincus reticulatus,0,2603
152.1988,-29.5734,3,1488,1019,1,132,18,-159546.266625525,6709106.39433966,326,Egernia mcpheei,0,2604
152.1988,-29.5734,3,1488,1019,1,132,18,-159546.266625525,6709106.39433966,326,Eulamprus murrayi,0,2605
152.1988,-29.5734,3,1488,1019,1,132,18,-159546.266625525,6709106.39433966,326,Ophioscincus truncatus,0,2606
152.1988,-29.5734,3,1488,1019,1,132,18,-159546.266625525,6709106.39433966,326,Pseudechis porphyricaus,0,2607
152.1988,-29.5734,3,1488,1019,1,132,18,-159546.266625525,6709106.39433966,326,Saltuarius swaini,0,2608
152.1864,-29.5752,3,1336,990,1,134,6,-160739.870794024,6708835.20349372,327,Cacophis kreftii,0,2609
152.1864,-29.5752,3,1336,990,1,134,6,-160739.870794024,6708835.20349372,327,Calyptotis scutirostrum,0,2610
152.1864,-29.5752,3,1336,990,1,134,6,-160739.870794024,6708835.20349372,327,Coeranoscincus reticulatus,0,2611
152.1864,-29.5752,3,1336,990,1,134,6,-160739.870794024,6708835.20349372,327,Egernia mcpheei,0,2612
152.1864,-29.5752,3,1336,990,1,134,6,-160739.870794024,6708835.20349372,327,Eulamprus murrayi,0,2613
152.1864,-29.5752,3,1336,990,1,134,6,-160739.870794024,6708835.20349372,327,Ophioscincus truncatus,0,2614
152.1864,-29.5752,3,1336,990,1,134,6,-160739.870794024,6708835.20349372,327,Pseudechis porphyricaus,0,2615
152.1864,-29.5752,3,1336,990,1,134,6,-160739.870794024,6708835.20349372,327,Saltuarius swaini,0,2616
152.1926,-29.5752,3,1420,1070,1,135,-6,-160137.175183615,6708870.73185706,328,Cacophis kreftii,0,2617
152.1926,-29.5752,3,1420,1070,1,135,-6,-160137.175183615,6708870.73185706,328,Calyptotis scutirostrum,0,2618
152.1926,-29.5752,3,1420,1070,1,135,-6,-160137.175183615,6708870.73185706,328,Coeranoscincus reticulatus,0,2619
152.1926,-29.5752,3,1420,1070,1,135,-6,-160137.175183615,6708870.73185706,328,Egernia mcpheei,0,2620
152.1926,-29.5752,3,1420,1070,1,135,-6,-160137.175183615,6708870.73185706,328,Eulamprus murrayi,0,2621
152.1926,-29.5752,3,1420,1070,1,135,-6,-160137.175183615,6708870.73185706,328,Ophioscincus truncatus,0,2622
152.1926,-29.5752,3,1420,1070,1,135,-6,-160137.175183615,6708870.73185706,328,Pseudechis porphyricaus,0,2623
152.1926,-29.5752,3,1420,1070,1,135,-6,-160137.175183615,6708870.73185706,328,Saltuarius swaini,0,2624
152.1761,-29.5769,3,1230,1029,1,137,15,-161729.965162506,6708587.05668997,329,Cacophis kreftii,0,2625
152.1761,-29.5769,3,1230,1029,1,137,15,-161729.965162506,6708587.05668997,329,Calyptotis scutirostrum,0,2626
152.1761,-29.5769,3,1230,1029,1,137,15,-161729.965162506,6708587.05668997,329,Coeranoscincus reticulatus,0,2627
152.1761,-29.5769,3,1230,1029,1,137,15,-161729.965162506,6708587.05668997,329,Egernia mcpheei,0,2628
152.1761,-29.5769,3,1230,1029,1,137,15,-161729.965162506,6708587.05668997,329,Eulamprus murrayi,0,2629
152.1761,-29.5769,3,1230,1029,1,137,15,-161729.965162506,6708587.05668997,329,Ophioscincus truncatus,0,2630
152.1761,-29.5769,3,1230,1029,1,137,15,-161729.965162506,6708587.05668997,329,Pseudechis porphyricaus,0,2631
152.1761,-29.5769,3,1230,1029,1,137,15,-161729.965162506,6708587.05668997,329,Saltuarius swaini,0,2632
152.4032,-29.589,2,1988,1090,2,133,15,-139579.707494735,6708523.74391337,330,Cacophis kreftii,0,2633
152.4032,-29.589,2,1988,1090,2,133,15,-139579.707494735,6708523.74391337,330,Calyptotis scutirostrum,0,2634
152.4032,-29.589,2,1988,1090,2,133,15,-139579.707494735,6708523.74391337,330,Coeranoscincus reticulatus,0,2635
152.4032,-29.589,2,1988,1090,2,133,15,-139579.707494735,6708523.74391337,330,Egernia mcpheei,0,2636
152.4032,-29.589,2,1988,1090,2,133,15,-139579.707494735,6708523.74391337,330,Eulamprus murrayi,0,2637
152.4032,-29.589,2,1988,1090,2,133,15,-139579.707494735,6708523.74391337,330,Ophioscincus truncatus,0,2638
152.4032,-29.589,2,1988,1090,2,133,15,-139579.707494735,6708523.74391337,330,Pseudechis porphyricaus,0,2639
152.4032,-29.589,2,1988,1090,2,133,15,-139579.707494735,6708523.74391337,330,Saltuarius swaini,0,2640
152.4114,-29.589,3,2080,1169,2,132,17,-138782.88664242,6708569.21919172,331,Cacophis kreftii,0,2641
152.4114,-29.589,3,2080,1169,2,132,17,-138782.88664242,6708569.21919172,331,Calyptotis scutirostrum,0,2642
152.4114,-29.589,3,2080,1169,2,132,17,-138782.88664242,6708569.21919172,331,Coeranoscincus reticulatus,0,2643
152.4114,-29.589,3,2080,1169,2,132,17,-138782.88664242,6708569.21919172,331,Egernia mcpheei,0,2644
152.4114,-29.589,3,2080,1169,2,132,17,-138782.88664242,6708569.21919172,331,Eulamprus murrayi,0,2645
152.4114,-29.589,3,2080,1169,2,132,17,-138782.88664242,6708569.21919172,331,Ophioscincus truncatus,1,2646
152.4114,-29.589,3,2080,1169,2,132,17,-138782.88664242,6708569.21919172,331,Pseudechis porphyricaus,0,2647
152.4114,-29.589,3,2080,1169,2,132,17,-138782.88664242,6708569.21919172,331,Saltuarius swaini,0,2648
152.1883,-29.5968,3,1374,1029,1,134,-1,-160413.503651808,6706444.06554446,332,Cacophis kreftii,0,2649
152.1883,-29.5968,3,1374,1029,1,134,-1,-160413.503651808,6706444.06554446,332,Calyptotis scutirostrum,0,2650
152.1883,-29.5968,3,1374,1029,1,134,-1,-160413.503651808,6706444.06554446,332,Coeranoscincus reticulatus,0,2651
152.1883,-29.5968,3,1374,1029,1,134,-1,-160413.503651808,6706444.06554446,332,Egernia mcpheei,0,2652
152.1883,-29.5968,3,1374,1029,1,134,-1,-160413.503651808,6706444.06554446,332,Eulamprus murrayi,0,2653
152.1883,-29.5968,3,1374,1029,1,134,-1,-160413.503651808,6706444.06554446,332,Ophioscincus truncatus,1,2654
152.1883,-29.5968,3,1374,1029,1,134,-1,-160413.503651808,6706444.06554446,332,Pseudechis porphyricaus,0,2655
152.1883,-29.5968,3,1374,1029,1,134,-1,-160413.503651808,6706444.06554446,332,Saltuarius swaini,0,2656
152.1945,-29.5969,2,1364,1009,1,137,-4,-159810.28489017,6706468.47926288,333,Cacophis kreftii,0,2657
152.1945,-29.5969,2,1364,1009,1,137,-4,-159810.28489017,6706468.47926288,333,Calyptotis scutirostrum,0,2658
152.1945,-29.5969,2,1364,1009,1,137,-4,-159810.28489017,6706468.47926288,333,Coeranoscincus reticulatus,0,2659
152.1945,-29.5969,2,1364,1009,1,137,-4,-159810.28489017,6706468.47926288,333,Egernia mcpheei,0,2660
152.1945,-29.5969,2,1364,1009,1,137,-4,-159810.28489017,6706468.47926288,333,Eulamprus murrayi,0,2661
152.1945,-29.5969,2,1364,1009,1,137,-4,-159810.28489017,6706468.47926288,333,Ophioscincus truncatus,1,2662
152.1945,-29.5969,2,1364,1009,1,137,-4,-159810.28489017,6706468.47926288,333,Pseudechis porphyricaus,0,2663
152.1945,-29.5969,2,1364,1009,1,137,-4,-159810.28489017,6706468.47926288,333,Saltuarius swaini,0,2664
152.4176,-29.5962,1,1820,1000,2,137,0,-138134.799450657,6707803.08097489,334,Cacophis kreftii,0,2665
152.4176,-29.5962,1,1820,1000,2,137,0,-138134.799450657,6707803.08097489,334,Calyptotis scutirostrum,0,2666
152.4176,-29.5962,1,1820,1000,2,137,0,-138134.799450657,6707803.08097489,334,Coeranoscincus reticulatus,0,2667
152.4176,-29.5962,1,1820,1000,2,137,0,-138134.799450657,6707803.08097489,334,Egernia mcpheei,0,2668
152.4176,-29.5962,1,1820,1000,2,137,0,-138134.799450657,6707803.08097489,334,Eulamprus murrayi,0,2669
152.4176,-29.5962,1,1820,1000,2,137,0,-138134.799450657,6707803.08097489,334,Ophioscincus truncatus,0,2670
152.4176,-29.5962,1,1820,1000,2,137,0,-138134.799450657,6707803.08097489,334,Pseudechis porphyricaus,0,2671
152.4176,-29.5962,1,1820,1000,2,137,0,-138134.799450657,6707803.08097489,334,Saltuarius swaini,0,2672
152.1924,-29.6023,3,1324,1000,1,138,20,-159978.967742736,6705855.943011,335,Cacophis kreftii,0,2673
152.1924,-29.6023,3,1324,1000,1,138,20,-159978.967742736,6705855.943011,335,Calyptotis scutirostrum,0,2674
152.1924,-29.6023,3,1324,1000,1,138,20,-159978.967742736,6705855.943011,335,Coeranoscincus reticulatus,0,2675
152.1924,-29.6023,3,1324,1000,1,138,20,-159978.967742736,6705855.943011,335,Egernia mcpheei,0,2676
152.1924,-29.6023,3,1324,1000,1,138,20,-159978.967742736,6705855.943011,335,Eulamprus murrayi,0,2677
152.1924,-29.6023,3,1324,1000,1,138,20,-159978.967742736,6705855.943011,335,Ophioscincus truncatus,0,2678
152.1924,-29.6023,3,1324,1000,1,138,20,-159978.967742736,6705855.943011,335,Pseudechis porphyricaus,0,2679
152.1924,-29.6023,3,1324,1000,1,138,20,-159978.967742736,6705855.943011,335,Saltuarius swaini,0,2680
152.1697,-29.6039,3,1274,1029,1,134,7,-162174.500138577,6705547.69487258,336,Cacophis kreftii,0,2681
152.1697,-29.6039,3,1274,1029,1,134,7,-162174.500138577,6705547.69487258,336,Calyptotis scutirostrum,0,2682
152.1697,-29.6039,3,1274,1029,1,134,7,-162174.500138577,6705547.69487258,336,Coeranoscincus reticulatus,0,2683
152.1697,-29.6039,3,1274,1029,1,134,7,-162174.500138577,6705547.69487258,336,Egernia mcpheei,0,2684
152.1697,-29.6039,3,1274,1029,1,134,7,-162174.500138577,6705547.69487258,336,Eulamprus murrayi,0,2685
152.1697,-29.6039,3,1274,1029,1,134,7,-162174.500138577,6705547.69487258,336,Ophioscincus truncatus,0,2686
152.1697,-29.6039,3,1274,1029,1,134,7,-162174.500138577,6705547.69487258,336,Pseudechis porphyricaus,0,2687
152.1697,-29.6039,3,1274,1029,1,134,7,-162174.500138577,6705547.69487258,336,Saltuarius swaini,0,2688
152.1779,-29.604,3,1344,1039,1,133,-4,-161376.946447364,6705583.70147014,337,Cacophis kreftii,0,2689
152.1779,-29.604,3,1344,1039,1,133,-4,-161376.946447364,6705583.70147014,337,Calyptotis scutirostrum,0,2690
152.1779,-29.604,3,1344,1039,1,133,-4,-161376.946447364,6705583.70147014,337,Coeranoscincus reticulatus,0,2691
152.1779,-29.604,3,1344,1039,1,133,-4,-161376.946447364,6705583.70147014,337,Egernia mcpheei,0,2692
152.1779,-29.604,3,1344,1039,1,133,-4,-161376.946447364,6705583.70147014,337,Eulamprus murrayi,0,2693
152.1779,-29.604,3,1344,1039,1,133,-4,-161376.946447364,6705583.70147014,337,Ophioscincus truncatus,0,2694
152.1779,-29.604,3,1344,1039,1,133,-4,-161376.946447364,6705583.70147014,337,Pseudechis porphyricaus,0,2695
152.1779,-29.604,3,1344,1039,1,133,-4,-161376.946447364,6705583.70147014,337,Saltuarius swaini,0,2696
152.4753,-29.6091,3,1920,1129,2,138,-5,-132447.504645646,6706687.07438538,338,Cacophis kreftii,0,2697
152.4753,-29.6091,3,1920,1129,2,138,-5,-132447.504645646,6706687.07438538,338,Calyptotis scutirostrum,0,2698
152.4753,-29.6091,3,1920,1129,2,138,-5,-132447.504645646,6706687.07438538,338,Coeranoscincus reticulatus,0,2699
152.4753,-29.6091,3,1920,1129,2,138,-5,-132447.504645646,6706687.07438538,338,Egernia mcpheei,0,2700
152.4753,-29.6091,3,1920,1129,2,138,-5,-132447.504645646,6706687.07438538,338,Eulamprus murrayi,0,2701
152.4753,-29.6091,3,1920,1129,2,138,-5,-132447.504645646,6706687.07438538,338,Ophioscincus truncatus,1,2702
152.4753,-29.6091,3,1920,1129,2,138,-5,-132447.504645646,6706687.07438538,338,Pseudechis porphyricaus,0,2703
152.4753,-29.6091,3,1920,1129,2,138,-5,-132447.504645646,6706687.07438538,338,Saltuarius swaini,0,2704
153.3222,-29.6098,2,1596,1330,1,188,0,-50204.0063193176,6710952.93925814,339,Cacophis kreftii,0,2705
153.3222,-29.6098,2,1596,1330,1,188,0,-50204.0063193176,6710952.93925814,339,Calyptotis scutirostrum,0,2706
153.3222,-29.6098,2,1596,1330,1,188,0,-50204.0063193176,6710952.93925814,339,Coeranoscincus reticulatus,0,2707
153.3222,-29.6098,2,1596,1330,1,188,0,-50204.0063193176,6710952.93925814,339,Egernia mcpheei,0,2708
153.3222,-29.6098,2,1596,1330,1,188,0,-50204.0063193176,6710952.93925814,339,Eulamprus murrayi,0,2709
153.3222,-29.6098,2,1596,1330,1,188,0,-50204.0063193176,6710952.93925814,339,Ophioscincus truncatus,0,2710
153.3222,-29.6098,2,1596,1330,1,188,0,-50204.0063193176,6710952.93925814,339,Pseudechis porphyricaus,0,2711
153.3222,-29.6098,2,1596,1330,1,188,0,-50204.0063193176,6710952.93925814,339,Saltuarius swaini,0,2712
152.4691,-29.6127,3,1946,1149,2,136,0,-133027.176851789,6706252.79980693,340,Cacophis kreftii,0,2713
152.4691,-29.6127,3,1946,1149,2,136,0,-133027.176851789,6706252.79980693,340,Calyptotis scutirostrum,0,2714
152.4691,-29.6127,3,1946,1149,2,136,0,-133027.176851789,6706252.79980693,340,Coeranoscincus reticulatus,0,2715
152.4691,-29.6127,3,1946,1149,2,136,0,-133027.176851789,6706252.79980693,340,Egernia mcpheei,0,2716
152.4691,-29.6127,3,1946,1149,2,136,0,-133027.176851789,6706252.79980693,340,Eulamprus murrayi,0,2717
152.4691,-29.6127,3,1946,1149,2,136,0,-133027.176851789,6706252.79980693,340,Ophioscincus truncatus,1,2718
152.4691,-29.6127,3,1946,1149,2,136,0,-133027.176851789,6706252.79980693,340,Pseudechis porphyricaus,0,2719
152.4691,-29.6127,3,1946,1149,2,136,0,-133027.176851789,6706252.79980693,340,Saltuarius swaini,0,2720
153.3181,-29.6134,3,1610,1149,2,188,1,-50582.3242726424,6710533.48514679,341,Cacophis kreftii,0,2721
153.3181,-29.6134,3,1610,1149,2,188,1,-50582.3242726424,6710533.48514679,341,Calyptotis scutirostrum,0,2722
153.3181,-29.6134,3,1610,1149,2,188,1,-50582.3242726424,6710533.48514679,341,Coeranoscincus reticulatus,0,2723
153.3181,-29.6134,3,1610,1149,2,188,1,-50582.3242726424,6710533.48514679,341,Egernia mcpheei,0,2724
153.3181,-29.6134,3,1610,1149,2,188,1,-50582.3242726424,6710533.48514679,341,Eulamprus murrayi,0,2725
153.3181,-29.6134,3,1610,1149,2,188,1,-50582.3242726424,6710533.48514679,341,Ophioscincus truncatus,0,2726
153.3181,-29.6134,3,1610,1149,2,188,1,-50582.3242726424,6710533.48514679,341,Pseudechis porphyricaus,0,2727
153.3181,-29.6134,3,1610,1149,2,188,1,-50582.3242726424,6710533.48514679,341,Saltuarius swaini,0,2728
152.4608,-29.6163,1,1890,1080,2,137,34,-133810.803109859,6705806.93262813,342,Cacophis kreftii,0,2729
152.4608,-29.6163,1,1890,1080,2,137,34,-133810.803109859,6705806.93262813,342,Calyptotis scutirostrum,0,2730
152.4608,-29.6163,1,1890,1080,2,137,34,-133810.803109859,6705806.93262813,342,Coeranoscincus reticulatus,0,2731
152.4608,-29.6163,1,1890,1080,2,137,34,-133810.803109859,6705806.93262813,342,Egernia mcpheei,0,2732
152.4608,-29.6163,1,1890,1080,2,137,34,-133810.803109859,6705806.93262813,342,Eulamprus murrayi,0,2733
152.4608,-29.6163,1,1890,1080,2,137,34,-133810.803109859,6705806.93262813,342,Ophioscincus truncatus,1,2734
152.4608,-29.6163,1,1890,1080,2,137,34,-133810.803109859,6705806.93262813,342,Pseudechis porphyricaus,0,2735
152.4608,-29.6163,1,1890,1080,2,137,34,-133810.803109859,6705806.93262813,342,Saltuarius swaini,0,2736
153.2128,-29.6389,3,1474,1139,2,188,0,-60661.7678692217,6707193.38210346,343,Cacophis kreftii,0,2737
153.2128,-29.6389,3,1474,1139,2,188,0,-60661.7678692217,6707193.38210346,343,Calyptotis scutirostrum,0,2738
153.2128,-29.6389,3,1474,1139,2,188,0,-60661.7678692217,6707193.38210346,343,Coeranoscincus reticulatus,0,2739
153.2128,-29.6389,3,1474,1139,2,188,0,-60661.7678692217,6707193.38210346,343,Egernia mcpheei,0,2740
153.2128,-29.6389,3,1474,1139,2,188,0,-60661.7678692217,6707193.38210346,343,Eulamprus murrayi,0,2741
153.2128,-29.6389,3,1474,1139,2,188,0,-60661.7678692217,6707193.38210346,343,Ophioscincus truncatus,0,2742
153.2128,-29.6389,3,1474,1139,2,188,0,-60661.7678692217,6707193.38210346,343,Pseudechis porphyricaus,0,2743
153.2128,-29.6389,3,1474,1139,2,188,0,-60661.7678692217,6707193.38210346,343,Saltuarius swaini,0,2744
153.2211,-29.6389,3,1550,1080,2,186,-5,-59856.2649333202,6707233.72725709,344,Cacophis kreftii,0,2745
153.2211,-29.6389,3,1550,1080,2,186,-5,-59856.2649333202,6707233.72725709,344,Calyptotis scutirostrum,0,2746
153.2211,-29.6389,3,1550,1080,2,186,-5,-59856.2649333202,6707233.72725709,344,Coeranoscincus reticulatus,0,2747
153.2211,-29.6389,3,1550,1080,2,186,-5,-59856.2649333202,6707233.72725709,344,Egernia mcpheei,0,2748
153.2211,-29.6389,3,1550,1080,2,186,-5,-59856.2649333202,6707233.72725709,344,Eulamprus murrayi,0,2749
153.2211,-29.6389,3,1550,1080,2,186,-5,-59856.2649333202,6707233.72725709,344,Ophioscincus truncatus,0,2750
153.2211,-29.6389,3,1550,1080,2,186,-5,-59856.2649333202,6707233.72725709,344,Pseudechis porphyricaus,0,2751
153.2211,-29.6389,3,1550,1080,2,186,-5,-59856.2649333202,6707233.72725709,344,Saltuarius swaini,0,2752
153.2314,-29.6388,3,1570,1090,2,185,8,-58857.2283117066,6707294.82173489,345,Cacophis kreftii,0,2753
153.2314,-29.6388,3,1570,1090,2,185,8,-58857.2283117066,6707294.82173489,345,Calyptotis scutirostrum,0,2754
153.2314,-29.6388,3,1570,1090,2,185,8,-58857.2283117066,6707294.82173489,345,Coeranoscincus reticulatus,0,2755
153.2314,-29.6388,3,1570,1090,2,185,8,-58857.2283117066,6707294.82173489,345,Egernia mcpheei,0,2756
153.2314,-29.6388,3,1570,1090,2,185,8,-58857.2283117066,6707294.82173489,345,Eulamprus murrayi,0,2757
153.2314,-29.6388,3,1570,1090,2,185,8,-58857.2283117066,6707294.82173489,345,Ophioscincus truncatus,0,2758
153.2314,-29.6388,3,1570,1090,2,185,8,-58857.2283117066,6707294.82173489,345,Pseudechis porphyricaus,0,2759
153.2314,-29.6388,3,1570,1090,2,185,8,-58857.2283117066,6707294.82173489,345,Saltuarius swaini,0,2760
152.3677,-29.652,2,1514,1019,2,153,17,-142626.866475306,6701321.62199924,346,Cacophis kreftii,0,2761
152.3677,-29.652,2,1514,1019,2,153,17,-142626.866475306,6701321.62199924,346,Calyptotis scutirostrum,0,2762
152.3677,-29.652,2,1514,1019,2,153,17,-142626.866475306,6701321.62199924,346,Coeranoscincus reticulatus,1,2763
152.3677,-29.652,2,1514,1019,2,153,17,-142626.866475306,6701321.62199924,346,Egernia mcpheei,0,2764
152.3677,-29.652,2,1514,1019,2,153,17,-142626.866475306,6701321.62199924,346,Eulamprus murrayi,0,2765
152.3677,-29.652,2,1514,1019,2,153,17,-142626.866475306,6701321.62199924,346,Ophioscincus truncatus,0,2766
152.3677,-29.652,2,1514,1019,2,153,17,-142626.866475306,6701321.62199924,346,Pseudechis porphyricaus,0,2767
152.3677,-29.652,2,1514,1019,2,153,17,-142626.866475306,6701321.62199924,346,Saltuarius swaini,0,2768
152.1734,-29.6545,2,1494,1019,2,127,-2,-161481.870850756,6699941.91722852,347,Cacophis kreftii,0,2769
152.1734,-29.6545,2,1494,1019,2,127,-2,-161481.870850756,6699941.91722852,347,Calyptotis scutirostrum,0,2770
152.1734,-29.6545,2,1494,1019,2,127,-2,-161481.870850756,6699941.91722852,347,Coeranoscincus reticulatus,0,2771
152.1734,-29.6545,2,1494,1019,2,127,-2,-161481.870850756,6699941.91722852,347,Egernia mcpheei,0,2772
152.1734,-29.6545,2,1494,1019,2,127,-2,-161481.870850756,6699941.91722852,347,Eulamprus murrayi,0,2773
152.1734,-29.6545,2,1494,1019,2,127,-2,-161481.870850756,6699941.91722852,347,Ophioscincus truncatus,0,2774
152.1734,-29.6545,2,1494,1019,2,127,-2,-161481.870850756,6699941.91722852,347,Pseudechis porphyricaus,0,2775
152.1734,-29.6545,2,1494,1019,2,127,-2,-161481.870850756,6699941.91722852,347,Saltuarius swaini,0,2776
152.3635,-29.6556,1,1334,1049,2,167,-24,-143011.710533413,6700897.88663199,348,Cacophis kreftii,0,2777
152.3635,-29.6556,1,1334,1049,2,167,-24,-143011.710533413,6700897.88663199,348,Calyptotis scutirostrum,0,2778
152.3635,-29.6556,1,1334,1049,2,167,-24,-143011.710533413,6700897.88663199,348,Coeranoscincus reticulatus,1,2779
152.3635,-29.6556,1,1334,1049,2,167,-24,-143011.710533413,6700897.88663199,348,Egernia mcpheei,0,2780
152.3635,-29.6556,1,1334,1049,2,167,-24,-143011.710533413,6700897.88663199,348,Eulamprus murrayi,0,2781
152.3635,-29.6556,1,1334,1049,2,167,-24,-143011.710533413,6700897.88663199,348,Ophioscincus truncatus,0,2782
152.3635,-29.6556,1,1334,1049,2,167,-24,-143011.710533413,6700897.88663199,348,Pseudechis porphyricaus,0,2783
152.3635,-29.6556,1,1334,1049,2,167,-24,-143011.710533413,6700897.88663199,348,Saltuarius swaini,0,2784
152.3552,-29.6609,1,1478,1009,2,159,-2,-143783.776482511,6700262.17192704,349,Cacophis kreftii,0,2785
152.3552,-29.6609,1,1478,1009,2,159,-2,-143783.776482511,6700262.17192704,349,Calyptotis scutirostrum,0,2786
152.3552,-29.6609,1,1478,1009,2,159,-2,-143783.776482511,6700262.17192704,349,Coeranoscincus reticulatus,1,2787
152.3552,-29.6609,1,1478,1009,2,159,-2,-143783.776482511,6700262.17192704,349,Egernia mcpheei,0,2788
152.3552,-29.6609,1,1478,1009,2,159,-2,-143783.776482511,6700262.17192704,349,Eulamprus murrayi,0,2789
152.3552,-29.6609,1,1478,1009,2,159,-2,-143783.776482511,6700262.17192704,349,Ophioscincus truncatus,0,2790
152.3552,-29.6609,1,1478,1009,2,159,-2,-143783.776482511,6700262.17192704,349,Pseudechis porphyricaus,0,2791
152.3552,-29.6609,1,1478,1009,2,159,-2,-143783.776482511,6700262.17192704,349,Saltuarius swaini,0,2792
152.1775,-29.6618,2,1486,1090,2,126,-2,-161035.564347702,6699153.69712086,350,Cacophis kreftii,0,2793
152.1775,-29.6618,2,1486,1090,2,126,-2,-161035.564347702,6699153.69712086,350,Calyptotis scutirostrum,0,2794
152.1775,-29.6618,2,1486,1090,2,126,-2,-161035.564347702,6699153.69712086,350,Coeranoscincus reticulatus,0,2795
152.1775,-29.6618,2,1486,1090,2,126,-2,-161035.564347702,6699153.69712086,350,Egernia mcpheei,0,2796
152.1775,-29.6618,2,1486,1090,2,126,-2,-161035.564347702,6699153.69712086,350,Eulamprus murrayi,0,2797
152.1775,-29.6618,2,1486,1090,2,126,-2,-161035.564347702,6699153.69712086,350,Ophioscincus truncatus,0,2798
152.1775,-29.6618,2,1486,1090,2,126,-2,-161035.564347702,6699153.69712086,350,Pseudechis porphyricaus,0,2799
152.1775,-29.6618,2,1486,1090,2,126,-2,-161035.564347702,6699153.69712086,350,Saltuarius swaini,0,2800
152.1774,-29.6708,2,1516,959,2,123,24,-160986.00622049,6698152.27006786,351,Cacophis kreftii,0,2801
152.1774,-29.6708,2,1516,959,2,123,24,-160986.00622049,6698152.27006786,351,Calyptotis scutirostrum,0,2802
152.1774,-29.6708,2,1516,959,2,123,24,-160986.00622049,6698152.27006786,351,Coeranoscincus reticulatus,0,2803
152.1774,-29.6708,2,1516,959,2,123,24,-160986.00622049,6698152.27006786,351,Egernia mcpheei,0,2804
152.1774,-29.6708,2,1516,959,2,123,24,-160986.00622049,6698152.27006786,351,Eulamprus murrayi,0,2805
152.1774,-29.6708,2,1516,959,2,123,24,-160986.00622049,6698152.27006786,351,Ophioscincus truncatus,1,2806
152.1774,-29.6708,2,1516,959,2,123,24,-160986.00622049,6698152.27006786,351,Pseudechis porphyricaus,0,2807
152.1774,-29.6708,2,1516,959,2,123,24,-160986.00622049,6698152.27006786,351,Saltuarius swaini,0,2808
152.1753,-29.6798,3,1464,970,2,129,23,-161130.645593128,6697139.33525593,352,Cacophis kreftii,0,2809
152.1753,-29.6798,3,1464,970,2,129,23,-161130.645593128,6697139.33525593,352,Calyptotis scutirostrum,0,2810
152.1753,-29.6798,3,1464,970,2,129,23,-161130.645593128,6697139.33525593,352,Coeranoscincus reticulatus,0,2811
152.1753,-29.6798,3,1464,970,2,129,23,-161130.645593128,6697139.33525593,352,Egernia mcpheei,0,2812
152.1753,-29.6798,3,1464,970,2,129,23,-161130.645593128,6697139.33525593,352,Eulamprus murrayi,0,2813
152.1753,-29.6798,3,1464,970,2,129,23,-161130.645593128,6697139.33525593,352,Ophioscincus truncatus,0,2814
152.1753,-29.6798,3,1464,970,2,129,23,-161130.645593128,6697139.33525593,352,Pseudechis porphyricaus,0,2815
152.1753,-29.6798,3,1464,970,2,129,23,-161130.645593128,6697139.33525593,352,Saltuarius swaini,0,2816
153.2667,-29.6821,3,1492,1169,2,187,2,-55192.5168508125,6702655.36287189,353,Cacophis kreftii,0,2817
153.2667,-29.6821,3,1492,1169,2,187,2,-55192.5168508125,6702655.36287189,353,Calyptotis scutirostrum,0,2818
153.2667,-29.6821,3,1492,1169,2,187,2,-55192.5168508125,6702655.36287189,353,Coeranoscincus reticulatus,0,2819
153.2667,-29.6821,3,1492,1169,2,187,2,-55192.5168508125,6702655.36287189,353,Egernia mcpheei,0,2820
153.2667,-29.6821,3,1492,1169,2,187,2,-55192.5168508125,6702655.36287189,353,Eulamprus murrayi,0,2821
153.2667,-29.6821,3,1492,1169,2,187,2,-55192.5168508125,6702655.36287189,353,Ophioscincus truncatus,0,2822
153.2667,-29.6821,3,1492,1169,2,187,2,-55192.5168508125,6702655.36287189,353,Pseudechis porphyricaus,0,2823
153.2667,-29.6821,3,1492,1169,2,187,2,-55192.5168508125,6702655.36287189,353,Saltuarius swaini,0,2824
153.2749,-29.6821,3,1504,1149,2,188,0,-54397.1023715114,6702694.88150925,354,Cacophis kreftii,0,2825
153.2749,-29.6821,3,1504,1149,2,188,0,-54397.1023715114,6702694.88150925,354,Calyptotis scutirostrum,0,2826
153.2749,-29.6821,3,1504,1149,2,188,0,-54397.1023715114,6702694.88150925,354,Coeranoscincus reticulatus,0,2827
153.2749,-29.6821,3,1504,1149,2,188,0,-54397.1023715114,6702694.88150925,354,Egernia mcpheei,0,2828
153.2749,-29.6821,3,1504,1149,2,188,0,-54397.1023715114,6702694.88150925,354,Eulamprus murrayi,0,2829
153.2749,-29.6821,3,1504,1149,2,188,0,-54397.1023715114,6702694.88150925,354,Ophioscincus truncatus,0,2830
153.2749,-29.6821,3,1504,1149,2,188,0,-54397.1023715114,6702694.88150925,354,Pseudechis porphyricaus,1,2831
153.2749,-29.6821,3,1504,1149,2,188,0,-54397.1023715114,6702694.88150925,354,Saltuarius swaini,0,2832
152.1794,-29.6852,1,1242,889,2,136,-17,-160696.934705344,6696562.41392783,355,Cacophis kreftii,0,2833
152.1794,-29.6852,1,1242,889,2,136,-17,-160696.934705344,6696562.41392783,355,Calyptotis scutirostrum,0,2834
152.1794,-29.6852,1,1242,889,2,136,-17,-160696.934705344,6696562.41392783,355,Coeranoscincus reticulatus,0,2835
152.1794,-29.6852,1,1242,889,2,136,-17,-160696.934705344,6696562.41392783,355,Egernia mcpheei,0,2836
152.1794,-29.6852,1,1242,889,2,136,-17,-160696.934705344,6696562.41392783,355,Eulamprus murrayi,0,2837
152.1794,-29.6852,1,1242,889,2,136,-17,-160696.934705344,6696562.41392783,355,Ophioscincus truncatus,0,2838
152.1794,-29.6852,1,1242,889,2,136,-17,-160696.934705344,6696562.41392783,355,Pseudechis porphyricaus,0,2839
152.1794,-29.6852,1,1242,889,2,136,-17,-160696.934705344,6696562.41392783,355,Saltuarius swaini,0,2840
153.2605,-29.6875,3,1482,1149,2,186,4,-55764.0716119368,6702025.5698269,356,Cacophis kreftii,0,2841
153.2605,-29.6875,3,1482,1149,2,186,4,-55764.0716119368,6702025.5698269,356,Calyptotis scutirostrum,0,2842
153.2605,-29.6875,3,1482,1149,2,186,4,-55764.0716119368,6702025.5698269,356,Coeranoscincus reticulatus,0,2843
153.2605,-29.6875,3,1482,1149,2,186,4,-55764.0716119368,6702025.5698269,356,Egernia mcpheei,0,2844
153.2605,-29.6875,3,1482,1149,2,186,4,-55764.0716119368,6702025.5698269,356,Eulamprus murrayi,0,2845
153.2605,-29.6875,3,1482,1149,2,186,4,-55764.0716119368,6702025.5698269,356,Ophioscincus truncatus,0,2846
153.2605,-29.6875,3,1482,1149,2,186,4,-55764.0716119368,6702025.5698269,356,Pseudechis porphyricaus,0,2847
153.2605,-29.6875,3,1482,1149,2,186,4,-55764.0716119368,6702025.5698269,356,Saltuarius swaini,0,2848
152.3261,-29.6915,2,1536,939,2,149,14,-146412.549379286,6696696.52738983,357,Cacophis kreftii,0,2849
152.3261,-29.6915,2,1536,939,2,149,14,-146412.549379286,6696696.52738983,357,Calyptotis scutirostrum,0,2850
152.3261,-29.6915,2,1536,939,2,149,14,-146412.549379286,6696696.52738983,357,Coeranoscincus reticulatus,1,2851
152.3261,-29.6915,2,1536,939,2,149,14,-146412.549379286,6696696.52738983,357,Egernia mcpheei,0,2852
152.3261,-29.6915,2,1536,939,2,149,14,-146412.549379286,6696696.52738983,357,Eulamprus murrayi,0,2853
152.3261,-29.6915,2,1536,939,2,149,14,-146412.549379286,6696696.52738983,357,Ophioscincus truncatus,0,2854
152.3261,-29.6915,2,1536,939,2,149,14,-146412.549379286,6696696.52738983,357,Pseudechis porphyricaus,0,2855
152.3261,-29.6915,2,1536,939,2,149,14,-146412.549379286,6696696.52738983,357,Saltuarius swaini,0,2856
152.3405,-29.6933,1,1438,1129,2,156,12,-145003.017464685,6696577.33193291,358,Cacophis kreftii,0,2857
152.3405,-29.6933,1,1438,1129,2,156,12,-145003.017464685,6696577.33193291,358,Calyptotis scutirostrum,0,2858
152.3405,-29.6933,1,1438,1129,2,156,12,-145003.017464685,6696577.33193291,358,Coeranoscincus reticulatus,1,2859
152.3405,-29.6933,1,1438,1129,2,156,12,-145003.017464685,6696577.33193291,358,Egernia mcpheei,0,2860
152.3405,-29.6933,1,1438,1129,2,156,12,-145003.017464685,6696577.33193291,358,Eulamprus murrayi,0,2861
152.3405,-29.6933,1,1438,1129,2,156,12,-145003.017464685,6696577.33193291,358,Ophioscincus truncatus,0,2862
152.3405,-29.6933,1,1438,1129,2,156,12,-145003.017464685,6696577.33193291,358,Pseudechis porphyricaus,0,2863
152.3405,-29.6933,1,1438,1129,2,156,12,-145003.017464685,6696577.33193291,358,Saltuarius swaini,0,2864
152.3364,-29.6951,1,1400,1029,2,156,10,-145389.454144365,6696354.16695969,359,Cacophis kreftii,0,2865
152.3364,-29.6951,1,1400,1029,2,156,10,-145389.454144365,6696354.16695969,359,Calyptotis scutirostrum,0,2866
152.3364,-29.6951,1,1400,1029,2,156,10,-145389.454144365,6696354.16695969,359,Coeranoscincus reticulatus,1,2867
152.3364,-29.6951,1,1400,1029,2,156,10,-145389.454144365,6696354.16695969,359,Egernia mcpheei,0,2868
152.3364,-29.6951,1,1400,1029,2,156,10,-145389.454144365,6696354.16695969,359,Eulamprus murrayi,0,2869
152.3364,-29.6951,1,1400,1029,2,156,10,-145389.454144365,6696354.16695969,359,Ophioscincus truncatus,0,2870
152.3364,-29.6951,1,1400,1029,2,156,10,-145389.454144365,6696354.16695969,359,Pseudechis porphyricaus,0,2871
152.3364,-29.6951,1,1400,1029,2,156,10,-145389.454144365,6696354.16695969,359,Saltuarius swaini,0,2872
152.5824,-29.6979,1,1200,990,2,170,-10,-121494.302709042,6697399.19340439,360,Cacophis kreftii,0,2873
152.5824,-29.6979,1,1200,990,2,170,-10,-121494.302709042,6697399.19340439,360,Calyptotis scutirostrum,0,2874
152.5824,-29.6979,1,1200,990,2,170,-10,-121494.302709042,6697399.19340439,360,Coeranoscincus reticulatus,1,2875
152.5824,-29.6979,1,1200,990,2,170,-10,-121494.302709042,6697399.19340439,360,Egernia mcpheei,0,2876
152.5824,-29.6979,1,1200,990,2,170,-10,-121494.302709042,6697399.19340439,360,Eulamprus murrayi,0,2877
152.5824,-29.6979,1,1200,990,2,170,-10,-121494.302709042,6697399.19340439,360,Ophioscincus truncatus,0,2878
152.5824,-29.6979,1,1200,990,2,170,-10,-121494.302709042,6697399.19340439,360,Pseudechis porphyricaus,0,2879
152.5824,-29.6979,1,1200,990,2,170,-10,-121494.302709042,6697399.19340439,360,Saltuarius swaini,0,2880
152.5906,-29.7034,3,1334,1000,2,163,26,-120664.471145184,6696832.14250845,361,Cacophis kreftii,0,2881
152.5906,-29.7034,3,1334,1000,2,163,26,-120664.471145184,6696832.14250845,361,Calyptotis scutirostrum,0,2882
152.5906,-29.7034,3,1334,1000,2,163,26,-120664.471145184,6696832.14250845,361,Coeranoscincus reticulatus,1,2883
152.5906,-29.7034,3,1334,1000,2,163,26,-120664.471145184,6696832.14250845,361,Egernia mcpheei,0,2884
152.5906,-29.7034,3,1334,1000,2,163,26,-120664.471145184,6696832.14250845,361,Eulamprus murrayi,0,2885
152.5906,-29.7034,3,1334,1000,2,163,26,-120664.471145184,6696832.14250845,361,Ophioscincus truncatus,0,2886
152.5906,-29.7034,3,1334,1000,2,163,26,-120664.471145184,6696832.14250845,361,Pseudechis porphyricaus,0,2887
152.5906,-29.7034,3,1334,1000,2,163,26,-120664.471145184,6696832.14250845,361,Saltuarius swaini,0,2888
152.5968,-29.7052,3,1272,1070,2,166,7,-120051.677557984,6696665.53448831,362,Cacophis kreftii,0,2889
152.5968,-29.7052,3,1272,1070,2,166,7,-120051.677557984,6696665.53448831,362,Calyptotis scutirostrum,0,2890
152.5968,-29.7052,3,1272,1070,2,166,7,-120051.677557984,6696665.53448831,362,Coeranoscincus reticulatus,1,2891
152.5968,-29.7052,3,1272,1070,2,166,7,-120051.677557984,6696665.53448831,362,Egernia mcpheei,0,2892
152.5968,-29.7052,3,1272,1070,2,166,7,-120051.677557984,6696665.53448831,362,Eulamprus murrayi,0,2893
152.5968,-29.7052,3,1272,1070,2,166,7,-120051.677557984,6696665.53448831,362,Ophioscincus truncatus,0,2894
152.5968,-29.7052,3,1272,1070,2,166,7,-120051.677557984,6696665.53448831,362,Pseudechis porphyricaus,0,2895
152.5968,-29.7052,3,1272,1070,2,166,7,-120051.677557984,6696665.53448831,362,Saltuarius swaini,0,2896
152.6361,-29.7107,2,1124,970,2,182,8,-116204.252619302,6696265.62723184,363,Cacophis kreftii,0,2897
152.6361,-29.7107,2,1124,970,2,182,8,-116204.252619302,6696265.62723184,363,Calyptotis scutirostrum,0,2898
152.6361,-29.7107,2,1124,970,2,182,8,-116204.252619302,6696265.62723184,363,Coeranoscincus reticulatus,0,2899
152.6361,-29.7107,2,1124,970,2,182,8,-116204.252619302,6696265.62723184,363,Egernia mcpheei,0,2900
152.6361,-29.7107,2,1124,970,2,182,8,-116204.252619302,6696265.62723184,363,Eulamprus murrayi,0,2901
152.6361,-29.7107,2,1124,970,2,182,8,-116204.252619302,6696265.62723184,363,Ophioscincus truncatus,0,2902
152.6361,-29.7107,2,1124,970,2,182,8,-116204.252619302,6696265.62723184,363,Pseudechis porphyricaus,0,2903
152.6361,-29.7107,2,1124,970,2,182,8,-116204.252619302,6696265.62723184,363,Saltuarius swaini,0,2904
152.6257,-29.7125,2,1124,1049,2,181,14,-117202.309173435,6696009.71914716,364,Cacophis kreftii,0,2905
152.6257,-29.7125,2,1124,1049,2,181,14,-117202.309173435,6696009.71914716,364,Calyptotis scutirostrum,0,2906
152.6257,-29.7125,2,1124,1049,2,181,14,-117202.309173435,6696009.71914716,364,Coeranoscincus reticulatus,0,2907
152.6257,-29.7125,2,1124,1049,2,181,14,-117202.309173435,6696009.71914716,364,Egernia mcpheei,0,2908
152.6257,-29.7125,2,1124,1049,2,181,14,-117202.309173435,6696009.71914716,364,Eulamprus murrayi,0,2909
152.6257,-29.7125,2,1124,1049,2,181,14,-117202.309173435,6696009.71914716,364,Ophioscincus truncatus,0,2910
152.6257,-29.7125,2,1124,1049,2,181,14,-117202.309173435,6696009.71914716,364,Pseudechis porphyricaus,0,2911
152.6257,-29.7125,2,1124,1049,2,181,14,-117202.309173435,6696009.71914716,364,Saltuarius swaini,0,2912
153.2088,-29.7129,3,1396,1100,2,187,-1,-60637.1529419816,6698953.02519578,365,Cacophis kreftii,0,2913
153.2088,-29.7129,3,1396,1100,2,187,-1,-60637.1529419816,6698953.02519578,365,Calyptotis scutirostrum,0,2914
153.2088,-29.7129,3,1396,1100,2,187,-1,-60637.1529419816,6698953.02519578,365,Coeranoscincus reticulatus,0,2915
153.2088,-29.7129,3,1396,1100,2,187,-1,-60637.1529419816,6698953.02519578,365,Egernia mcpheei,0,2916
153.2088,-29.7129,3,1396,1100,2,187,-1,-60637.1529419816,6698953.02519578,365,Eulamprus murrayi,0,2917
153.2088,-29.7129,3,1396,1100,2,187,-1,-60637.1529419816,6698953.02519578,365,Ophioscincus truncatus,0,2918
153.2088,-29.7129,3,1396,1100,2,187,-1,-60637.1529419816,6698953.02519578,365,Pseudechis porphyricaus,0,2919
153.2088,-29.7129,3,1396,1100,2,187,-1,-60637.1529419816,6698953.02519578,365,Saltuarius swaini,0,2920
153.2192,-29.7129,2,1390,1120,2,186,4,-59628.5956885422,6699003.68133743,366,Cacophis kreftii,0,2921
153.2192,-29.7129,2,1390,1120,2,186,4,-59628.5956885422,6699003.68133743,366,Calyptotis scutirostrum,0,2922
153.2192,-29.7129,2,1390,1120,2,186,4,-59628.5956885422,6699003.68133743,366,Coeranoscincus reticulatus,0,2923
153.2192,-29.7129,2,1390,1120,2,186,4,-59628.5956885422,6699003.68133743,366,Egernia mcpheei,0,2924
153.2192,-29.7129,2,1390,1120,2,186,4,-59628.5956885422,6699003.68133743,366,Eulamprus murrayi,0,2925
153.2192,-29.7129,2,1390,1120,2,186,4,-59628.5956885422,6699003.68133743,366,Ophioscincus truncatus,0,2926
153.2192,-29.7129,2,1390,1120,2,186,4,-59628.5956885422,6699003.68133743,366,Pseudechis porphyricaus,0,2927
153.2192,-29.7129,2,1390,1120,2,186,4,-59628.5956885422,6699003.68133743,366,Saltuarius swaini,0,2928
153.2316,-29.7164,3,1402,1139,2,188,-3,-58406.6273017226,6698675.1406323,367,Cacophis kreftii,0,2929
153.2316,-29.7164,3,1402,1139,2,188,-3,-58406.6273017226,6698675.1406323,367,Calyptotis scutirostrum,0,2930
153.2316,-29.7164,3,1402,1139,2,188,-3,-58406.6273017226,6698675.1406323,367,Coeranoscincus reticulatus,0,2931
153.2316,-29.7164,3,1402,1139,2,188,-3,-58406.6273017226,6698675.1406323,367,Egernia mcpheei,0,2932
153.2316,-29.7164,3,1402,1139,2,188,-3,-58406.6273017226,6698675.1406323,367,Eulamprus murrayi,0,2933
153.2316,-29.7164,3,1402,1139,2,188,-3,-58406.6273017226,6698675.1406323,367,Ophioscincus truncatus,0,2934
153.2316,-29.7164,3,1402,1139,2,188,-3,-58406.6273017226,6698675.1406323,367,Pseudechis porphyricaus,0,2935
153.2316,-29.7164,3,1402,1139,2,188,-3,-58406.6273017226,6698675.1406323,367,Saltuarius swaini,0,2936
152.0654,-29.717,1,1006,959,1,136,-21,-171554.107513456,6692364.34898711,368,Cacophis kreftii,0,2937
152.0654,-29.717,1,1006,959,1,136,-21,-171554.107513456,6692364.34898711,368,Calyptotis scutirostrum,0,2938
152.0654,-29.717,1,1006,959,1,136,-21,-171554.107513456,6692364.34898711,368,Coeranoscincus reticulatus,0,2939
152.0654,-29.717,1,1006,959,1,136,-21,-171554.107513456,6692364.34898711,368,Egernia mcpheei,0,2940
152.0654,-29.717,1,1006,959,1,136,-21,-171554.107513456,6692364.34898711,368,Eulamprus murrayi,0,2941
152.0654,-29.717,1,1006,959,1,136,-21,-171554.107513456,6692364.34898711,368,Ophioscincus truncatus,0,2942
152.0654,-29.717,1,1006,959,1,136,-21,-171554.107513456,6692364.34898711,368,Pseudechis porphyricaus,0,2943
152.0654,-29.717,1,1006,959,1,136,-21,-171554.107513456,6692364.34898711,368,Saltuarius swaini,0,2944
152.6402,-29.718,2,1056,1070,2,187,-10,-115761.593020762,6695476.19653521,369,Cacophis kreftii,0,2945
152.6402,-29.718,2,1056,1070,2,187,-10,-115761.593020762,6695476.19653521,369,Calyptotis scutirostrum,0,2946
152.6402,-29.718,2,1056,1070,2,187,-10,-115761.593020762,6695476.19653521,369,Coeranoscincus reticulatus,0,2947
152.6402,-29.718,2,1056,1070,2,187,-10,-115761.593020762,6695476.19653521,369,Egernia mcpheei,0,2948
152.6402,-29.718,2,1056,1070,2,187,-10,-115761.593020762,6695476.19653521,369,Eulamprus murrayi,0,2949
152.6402,-29.718,2,1056,1070,2,187,-10,-115761.593020762,6695476.19653521,369,Ophioscincus truncatus,0,2950
152.6402,-29.718,2,1056,1070,2,187,-10,-115761.593020762,6695476.19653521,369,Pseudechis porphyricaus,0,2951
152.6402,-29.718,2,1056,1070,2,187,-10,-115761.593020762,6695476.19653521,369,Saltuarius swaini,0,2952
152.0654,-29.7188,1,1028,930,1,134,6,-171542.036414174,6692164.15533203,370,Cacophis kreftii,0,2953
152.0654,-29.7188,1,1028,930,1,134,6,-171542.036414174,6692164.15533203,370,Calyptotis scutirostrum,0,2954
152.0654,-29.7188,1,1028,930,1,134,6,-171542.036414174,6692164.15533203,370,Coeranoscincus reticulatus,0,2955
152.0654,-29.7188,1,1028,930,1,134,6,-171542.036414174,6692164.15533203,370,Egernia mcpheei,0,2956
152.0654,-29.7188,1,1028,930,1,134,6,-171542.036414174,6692164.15533203,370,Eulamprus murrayi,0,2957
152.0654,-29.7188,1,1028,930,1,134,6,-171542.036414174,6692164.15533203,370,Ophioscincus truncatus,0,2958
152.0654,-29.7188,1,1028,930,1,134,6,-171542.036414174,6692164.15533203,370,Pseudechis porphyricaus,0,2959
152.0654,-29.7188,1,1028,930,1,134,6,-171542.036414174,6692164.15533203,370,Saltuarius swaini,0,2960
152.5595,-29.7213,2,1096,1039,2,181,2,-123571.228429978,6694673.93369733,371,Cacophis kreftii,0,2961
152.5595,-29.7213,2,1096,1039,2,181,2,-123571.228429978,6694673.93369733,371,Calyptotis scutirostrum,0,2962
152.5595,-29.7213,2,1096,1039,2,181,2,-123571.228429978,6694673.93369733,371,Coeranoscincus reticulatus,1,2963
152.5595,-29.7213,2,1096,1039,2,181,2,-123571.228429978,6694673.93369733,371,Egernia mcpheei,0,2964
152.5595,-29.7213,2,1096,1039,2,181,2,-123571.228429978,6694673.93369733,371,Eulamprus murrayi,0,2965
152.5595,-29.7213,2,1096,1039,2,181,2,-123571.228429978,6694673.93369733,371,Ophioscincus truncatus,0,2966
152.5595,-29.7213,2,1096,1039,2,181,2,-123571.228429978,6694673.93369733,371,Pseudechis porphyricaus,0,2967
152.5595,-29.7213,2,1096,1039,2,181,2,-123571.228429978,6694673.93369733,371,Saltuarius swaini,0,2968
153.2978,-29.7217,1,1512,1299,1,186,6,-51958.1449948344,6698406.00349235,372,Cacophis kreftii,0,2969
153.2978,-29.7217,1,1512,1299,1,186,6,-51958.1449948344,6698406.00349235,372,Calyptotis scutirostrum,0,2970
153.2978,-29.7217,1,1512,1299,1,186,6,-51958.1449948344,6698406.00349235,372,Coeranoscincus reticulatus,0,2971
153.2978,-29.7217,1,1512,1299,1,186,6,-51958.1449948344,6698406.00349235,372,Egernia mcpheei,0,2972
153.2978,-29.7217,1,1512,1299,1,186,6,-51958.1449948344,6698406.00349235,372,Eulamprus murrayi,0,2973
153.2978,-29.7217,1,1512,1299,1,186,6,-51958.1449948344,6698406.00349235,372,Ophioscincus truncatus,0,2974
153.2978,-29.7217,1,1512,1299,1,186,6,-51958.1449948344,6698406.00349235,372,Pseudechis porphyricaus,0,2975
153.2978,-29.7217,1,1512,1299,1,186,6,-51958.1449948344,6698406.00349235,372,Saltuarius swaini,0,2976
152.055,-29.7223,1,926,930,1,139,9,-172528.174729987,6691713.95899004,373,Cacophis kreftii,0,2977
152.055,-29.7223,1,926,930,1,139,9,-172528.174729987,6691713.95899004,373,Calyptotis scutirostrum,0,2978
152.055,-29.7223,1,926,930,1,139,9,-172528.174729987,6691713.95899004,373,Coeranoscincus reticulatus,0,2979
152.055,-29.7223,1,926,930,1,139,9,-172528.174729987,6691713.95899004,373,Egernia mcpheei,0,2980
152.055,-29.7223,1,926,930,1,139,9,-172528.174729987,6691713.95899004,373,Eulamprus murrayi,0,2981
152.055,-29.7223,1,926,930,1,139,9,-172528.174729987,6691713.95899004,373,Ophioscincus truncatus,0,2982
152.055,-29.7223,1,926,930,1,139,9,-172528.174729987,6691713.95899004,373,Pseudechis porphyricaus,0,2983
152.055,-29.7223,1,926,930,1,139,9,-172528.174729987,6691713.95899004,373,Saltuarius swaini,0,2984
152.5699,-29.7232,2,1250,800,2,169,20,-122550.332916731,6694519.16014196,374,Cacophis kreftii,0,2985
152.5699,-29.7232,2,1250,800,2,169,20,-122550.332916731,6694519.16014196,374,Calyptotis scutirostrum,0,2986
152.5699,-29.7232,2,1250,800,2,169,20,-122550.332916731,6694519.16014196,374,Coeranoscincus reticulatus,0,2987
152.5699,-29.7232,2,1250,800,2,169,20,-122550.332916731,6694519.16014196,374,Egernia mcpheei,0,2988
152.5699,-29.7232,2,1250,800,2,169,20,-122550.332916731,6694519.16014196,374,Eulamprus murrayi,0,2989
152.5699,-29.7232,2,1250,800,2,169,20,-122550.332916731,6694519.16014196,374,Ophioscincus truncatus,0,2990
152.5699,-29.7232,2,1250,800,2,169,20,-122550.332916731,6694519.16014196,374,Pseudechis porphyricaus,0,2991
152.5699,-29.7232,2,1250,800,2,169,20,-122550.332916731,6694519.16014196,374,Saltuarius swaini,0,2992
152.0528,-29.7295,1,880,939,1,150,-6,-172693.362441008,6690900.27281866,375,Cacophis kreftii,0,2993
152.0528,-29.7295,1,880,939,1,150,-6,-172693.362441008,6690900.27281866,375,Calyptotis scutirostrum,0,2994
152.0528,-29.7295,1,880,939,1,150,-6,-172693.362441008,6690900.27281866,375,Coeranoscincus reticulatus,0,2995
152.0528,-29.7295,1,880,939,1,150,-6,-172693.362441008,6690900.27281866,375,Egernia mcpheei,0,2996
152.0528,-29.7295,1,880,939,1,150,-6,-172693.362441008,6690900.27281866,375,Eulamprus murrayi,0,2997
152.0528,-29.7295,1,880,939,1,150,-6,-172693.362441008,6690900.27281866,375,Ophioscincus truncatus,0,2998
152.0528,-29.7295,1,880,939,1,150,-6,-172693.362441008,6690900.27281866,375,Pseudechis porphyricaus,1,2999
152.0528,-29.7295,1,880,939,1,150,-6,-172693.362441008,6690900.27281866,375,Saltuarius swaini,0,3000
152.0837,-29.7496,3,1170,1029,2,123,2,-169559.374545082,6688845.67261365,376,Cacophis kreftii,0,3001
152.0837,-29.7496,3,1170,1029,2,123,2,-169559.374545082,6688845.67261365,376,Calyptotis scutirostrum,0,3002
152.0837,-29.7496,3,1170,1029,2,123,2,-169559.374545082,6688845.67261365,376,Coeranoscincus reticulatus,0,3003
152.0837,-29.7496,3,1170,1029,2,123,2,-169559.374545082,6688845.67261365,376,Egernia mcpheei,0,3004
152.0837,-29.7496,3,1170,1029,2,123,2,-169559.374545082,6688845.67261365,376,Eulamprus murrayi,0,3005
152.0837,-29.7496,3,1170,1029,2,123,2,-169559.374545082,6688845.67261365,376,Ophioscincus truncatus,0,3006
152.0837,-29.7496,3,1170,1029,2,123,2,-169559.374545082,6688845.67261365,376,Pseudechis porphyricaus,0,3007
152.0837,-29.7496,3,1170,1029,2,123,2,-169559.374545082,6688845.67261365,376,Saltuarius swaini,0,3008
152.0381,-29.7565,1,788,939,1,151,-6,-173938.397439711,6687810.96261528,377,Cacophis kreftii,0,3009
152.0381,-29.7565,1,788,939,1,151,-6,-173938.397439711,6687810.96261528,377,Calyptotis scutirostrum,0,3010
152.0381,-29.7565,1,788,939,1,151,-6,-173938.397439711,6687810.96261528,377,Coeranoscincus reticulatus,0,3011
152.0381,-29.7565,1,788,939,1,151,-6,-173938.397439711,6687810.96261528,377,Egernia mcpheei,0,3012
152.0381,-29.7565,1,788,939,1,151,-6,-173938.397439711,6687810.96261528,377,Eulamprus murrayi,1,3013
152.0381,-29.7565,1,788,939,1,151,-6,-173938.397439711,6687810.96261528,377,Ophioscincus truncatus,0,3014
152.0381,-29.7565,1,788,939,1,151,-6,-173938.397439711,6687810.96261528,377,Pseudechis porphyricaus,0,3015
152.0381,-29.7565,1,788,939,1,151,-6,-173938.397439711,6687810.96261528,377,Saltuarius swaini,0,3016
152.069,-29.7675,3,1102,990,2,123,9,-170865.876472701,6686768.90383481,378,Cacophis kreftii,0,3017
152.069,-29.7675,3,1102,990,2,123,9,-170865.876472701,6686768.90383481,378,Calyptotis scutirostrum,0,3018
152.069,-29.7675,3,1102,990,2,123,9,-170865.876472701,6686768.90383481,378,Coeranoscincus reticulatus,0,3019
152.069,-29.7675,3,1102,990,2,123,9,-170865.876472701,6686768.90383481,378,Egernia mcpheei,0,3020
152.069,-29.7675,3,1102,990,2,123,9,-170865.876472701,6686768.90383481,378,Eulamprus murrayi,0,3021
152.069,-29.7675,3,1102,990,2,123,9,-170865.876472701,6686768.90383481,378,Ophioscincus truncatus,0,3022
152.069,-29.7675,3,1102,990,2,123,9,-170865.876472701,6686768.90383481,378,Pseudechis porphyricaus,0,3023
152.069,-29.7675,3,1102,990,2,123,9,-170865.876472701,6686768.90383481,378,Saltuarius swaini,0,3024
152.0669,-29.7783,3,1028,1009,2,129,1,-170997.113124586,6685555.44783591,379,Cacophis kreftii,0,3025
152.0669,-29.7783,3,1028,1009,2,129,1,-170997.113124586,6685555.44783591,379,Calyptotis scutirostrum,0,3026
152.0669,-29.7783,3,1028,1009,2,129,1,-170997.113124586,6685555.44783591,379,Coeranoscincus reticulatus,0,3027
152.0669,-29.7783,3,1028,1009,2,129,1,-170997.113124586,6685555.44783591,379,Egernia mcpheei,0,3028
152.0669,-29.7783,3,1028,1009,2,129,1,-170997.113124586,6685555.44783591,379,Eulamprus murrayi,0,3029
152.0669,-29.7783,3,1028,1009,2,129,1,-170997.113124586,6685555.44783591,379,Ophioscincus truncatus,0,3030
152.0669,-29.7783,3,1028,1009,2,129,1,-170997.113124586,6685555.44783591,379,Pseudechis porphyricaus,0,3031
152.0669,-29.7783,3,1028,1009,2,129,1,-170997.113124586,6685555.44783591,379,Saltuarius swaini,0,3032
152.0585,-29.7873,3,1024,1039,2,128,0,-171751.567168655,6684505.22516541,380,Cacophis kreftii,0,3033
152.0585,-29.7873,3,1024,1039,2,128,0,-171751.567168655,6684505.22516541,380,Calyptotis scutirostrum,0,3034
152.0585,-29.7873,3,1024,1039,2,128,0,-171751.567168655,6684505.22516541,380,Coeranoscincus reticulatus,0,3035
152.0585,-29.7873,3,1024,1039,2,128,0,-171751.567168655,6684505.22516541,380,Egernia mcpheei,0,3036
152.0585,-29.7873,3,1024,1039,2,128,0,-171751.567168655,6684505.22516541,380,Eulamprus murrayi,0,3037
152.0585,-29.7873,3,1024,1039,2,128,0,-171751.567168655,6684505.22516541,380,Ophioscincus truncatus,0,3038
152.0585,-29.7873,3,1024,1039,2,128,0,-171751.567168655,6684505.22516541,380,Pseudechis porphyricaus,0,3039
152.0585,-29.7873,3,1024,1039,2,128,0,-171751.567168655,6684505.22516541,380,Saltuarius swaini,0,3040
152.075,-29.7946,3,1056,1029,2,126,7,-170101.851938007,6683790.0457837,381,Cacophis kreftii,0,3041
152.075,-29.7946,3,1056,1029,2,126,7,-170101.851938007,6683790.0457837,381,Calyptotis scutirostrum,0,3042
152.075,-29.7946,3,1056,1029,2,126,7,-170101.851938007,6683790.0457837,381,Coeranoscincus reticulatus,0,3043
152.075,-29.7946,3,1056,1029,2,126,7,-170101.851938007,6683790.0457837,381,Egernia mcpheei,0,3044
152.075,-29.7946,3,1056,1029,2,126,7,-170101.851938007,6683790.0457837,381,Eulamprus murrayi,0,3045
152.075,-29.7946,3,1056,1029,2,126,7,-170101.851938007,6683790.0457837,381,Ophioscincus truncatus,1,3046
152.075,-29.7946,3,1056,1029,2,126,7,-170101.851938007,6683790.0457837,381,Pseudechis porphyricaus,0,3047
152.075,-29.7946,3,1056,1029,2,126,7,-170101.851938007,6683790.0457837,381,Saltuarius swaini,0,3048
152.0646,-29.7982,3,994,990,1,132,-14,-171086.50979871,6683328.72546705,382,Cacophis kreftii,0,3049
152.0646,-29.7982,3,994,990,1,132,-14,-171086.50979871,6683328.72546705,382,Calyptotis scutirostrum,0,3050
152.0646,-29.7982,3,994,990,1,132,-14,-171086.50979871,6683328.72546705,382,Coeranoscincus reticulatus,0,3051
152.0646,-29.7982,3,994,990,1,132,-14,-171086.50979871,6683328.72546705,382,Egernia mcpheei,0,3052
152.0646,-29.7982,3,994,990,1,132,-14,-171086.50979871,6683328.72546705,382,Eulamprus murrayi,0,3053
152.0646,-29.7982,3,994,990,1,132,-14,-171086.50979871,6683328.72546705,382,Ophioscincus truncatus,1,3054
152.0646,-29.7982,3,994,990,1,132,-14,-171086.50979871,6683328.72546705,382,Pseudechis porphyricaus,0,3055
152.0646,-29.7982,3,994,990,1,132,-14,-171086.50979871,6683328.72546705,382,Saltuarius swaini,0,3056
152.8944,-29.8141,2,1036,1080,2,187,7,-90533.9546737743,6686132.23796188,383,Cacophis kreftii,0,3057
152.8944,-29.8141,2,1036,1080,2,187,7,-90533.9546737743,6686132.23796188,383,Calyptotis scutirostrum,0,3058
152.8944,-29.8141,2,1036,1080,2,187,7,-90533.9546737743,6686132.23796188,383,Coeranoscincus reticulatus,0,3059
152.8944,-29.8141,2,1036,1080,2,187,7,-90533.9546737743,6686132.23796188,383,Egernia mcpheei,0,3060
152.8944,-29.8141,2,1036,1080,2,187,7,-90533.9546737743,6686132.23796188,383,Eulamprus murrayi,0,3061
152.8944,-29.8141,2,1036,1080,2,187,7,-90533.9546737743,6686132.23796188,383,Ophioscincus truncatus,0,3062
152.8944,-29.8141,2,1036,1080,2,187,7,-90533.9546737743,6686132.23796188,383,Pseudechis porphyricaus,0,3063
152.8944,-29.8141,2,1036,1080,2,187,7,-90533.9546737743,6686132.23796188,383,Saltuarius swaini,0,3064
152.2422,-29.8426,1,1196,1059,2,134,2,-153569.490242912,6679419.46406309,384,Cacophis kreftii,0,3065
152.2422,-29.8426,1,1196,1059,2,134,2,-153569.490242912,6679419.46406309,384,Calyptotis scutirostrum,0,3066
152.2422,-29.8426,1,1196,1059,2,134,2,-153569.490242912,6679419.46406309,384,Coeranoscincus reticulatus,0,3067
152.2422,-29.8426,1,1196,1059,2,134,2,-153569.490242912,6679419.46406309,384,Egernia mcpheei,0,3068
152.2422,-29.8426,1,1196,1059,2,134,2,-153569.490242912,6679419.46406309,384,Eulamprus murrayi,0,3069
152.2422,-29.8426,1,1196,1059,2,134,2,-153569.490242912,6679419.46406309,384,Ophioscincus truncatus,0,3070
152.2422,-29.8426,1,1196,1059,2,134,2,-153569.490242912,6679419.46406309,384,Pseudechis porphyricaus,0,3071
152.2422,-29.8426,1,1196,1059,2,134,2,-153569.490242912,6679419.46406309,384,Saltuarius swaini,0,3072
152.2008,-29.8442,2,1210,1059,2,132,-10,-157572.371047506,6679004.14118988,385,Cacophis kreftii,0,3073
152.2008,-29.8442,2,1210,1059,2,132,-10,-157572.371047506,6679004.14118988,385,Calyptotis scutirostrum,0,3074
152.2008,-29.8442,2,1210,1059,2,132,-10,-157572.371047506,6679004.14118988,385,Coeranoscincus reticulatus,0,3075
152.2008,-29.8442,2,1210,1059,2,132,-10,-157572.371047506,6679004.14118988,385,Egernia mcpheei,0,3076
152.2008,-29.8442,2,1210,1059,2,132,-10,-157572.371047506,6679004.14118988,385,Eulamprus murrayi,0,3077
152.2008,-29.8442,2,1210,1059,2,132,-10,-157572.371047506,6679004.14118988,385,Ophioscincus truncatus,0,3078
152.2008,-29.8442,2,1210,1059,2,132,-10,-157572.371047506,6679004.14118988,385,Pseudechis porphyricaus,0,3079
152.2008,-29.8442,2,1210,1059,2,132,-10,-157572.371047506,6679004.14118988,385,Saltuarius swaini,0,3080
152.236,-29.8444,1,1222,1000,2,135,36,-154158.711225454,6679183.84940131,386,Cacophis kreftii,0,3081
152.236,-29.8444,1,1222,1000,2,135,36,-154158.711225454,6679183.84940131,386,Calyptotis scutirostrum,0,3082
152.236,-29.8444,1,1222,1000,2,135,36,-154158.711225454,6679183.84940131,386,Coeranoscincus reticulatus,0,3083
152.236,-29.8444,1,1222,1000,2,135,36,-154158.711225454,6679183.84940131,386,Egernia mcpheei,0,3084
152.236,-29.8444,1,1222,1000,2,135,36,-154158.711225454,6679183.84940131,386,Eulamprus murrayi,0,3085
152.236,-29.8444,1,1222,1000,2,135,36,-154158.711225454,6679183.84940131,386,Ophioscincus truncatus,0,3086
152.236,-29.8444,1,1222,1000,2,135,36,-154158.711225454,6679183.84940131,386,Pseudechis porphyricaus,0,3087
152.236,-29.8444,1,1222,1000,2,135,36,-154158.711225454,6679183.84940131,386,Saltuarius swaini,0,3088
152.2298,-29.848,1,1258,1039,2,134,1,-154736.086894225,6678748.04203396,387,Cacophis kreftii,0,3089
152.2298,-29.848,1,1258,1039,2,134,1,-154736.086894225,6678748.04203396,387,Calyptotis scutirostrum,0,3090
152.2298,-29.848,1,1258,1039,2,134,1,-154736.086894225,6678748.04203396,387,Coeranoscincus reticulatus,0,3091
152.2298,-29.848,1,1258,1039,2,134,1,-154736.086894225,6678748.04203396,387,Egernia mcpheei,0,3092
152.2298,-29.848,1,1258,1039,2,134,1,-154736.086894225,6678748.04203396,387,Eulamprus murrayi,0,3093
152.2298,-29.848,1,1258,1039,2,134,1,-154736.086894225,6678748.04203396,387,Ophioscincus truncatus,0,3094
152.2298,-29.848,1,1258,1039,2,134,1,-154736.086894225,6678748.04203396,387,Pseudechis porphyricaus,0,3095
152.2298,-29.848,1,1258,1039,2,134,1,-154736.086894225,6678748.04203396,387,Saltuarius swaini,0,3096
152.8406,-29.8555,2,1028,1070,4,188,-2,-95500.6144606664,6681252.89957975,388,Cacophis kreftii,0,3097
152.8406,-29.8555,2,1028,1070,4,188,-2,-95500.6144606664,6681252.89957975,388,Calyptotis scutirostrum,0,3098
152.8406,-29.8555,2,1028,1070,4,188,-2,-95500.6144606664,6681252.89957975,388,Coeranoscincus reticulatus,0,3099
152.8406,-29.8555,2,1028,1070,4,188,-2,-95500.6144606664,6681252.89957975,388,Egernia mcpheei,0,3100
152.8406,-29.8555,2,1028,1070,4,188,-2,-95500.6144606664,6681252.89957975,388,Eulamprus murrayi,0,3101
152.8406,-29.8555,2,1028,1070,4,188,-2,-95500.6144606664,6681252.89957975,388,Ophioscincus truncatus,0,3102
152.8406,-29.8555,2,1028,1070,4,188,-2,-95500.6144606664,6681252.89957975,388,Pseudechis porphyricaus,0,3103
152.8406,-29.8555,2,1028,1070,4,188,-2,-95500.6144606664,6681252.89957975,388,Saltuarius swaini,0,3104
152.2214,-29.8569,1,1222,1009,2,132,8,-155491.800481761,6677710.22432967,389,Cacophis kreftii,0,3105
152.2214,-29.8569,1,1222,1009,2,132,8,-155491.800481761,6677710.22432967,389,Calyptotis scutirostrum,0,3106
152.2214,-29.8569,1,1222,1009,2,132,8,-155491.800481761,6677710.22432967,389,Coeranoscincus reticulatus,0,3107
152.2214,-29.8569,1,1222,1009,2,132,8,-155491.800481761,6677710.22432967,389,Egernia mcpheei,0,3108
152.2214,-29.8569,1,1222,1009,2,132,8,-155491.800481761,6677710.22432967,389,Eulamprus murrayi,0,3109
152.2214,-29.8569,1,1222,1009,2,132,8,-155491.800481761,6677710.22432967,389,Ophioscincus truncatus,0,3110
152.2214,-29.8569,1,1222,1009,2,132,8,-155491.800481761,6677710.22432967,389,Pseudechis porphyricaus,0,3111
152.2214,-29.8569,1,1222,1009,2,132,8,-155491.800481761,6677710.22432967,389,Saltuarius swaini,0,3112
152.0948,-29.8958,2,984,959,2,129,-1,-167502.808140695,6672650.9222577,390,Cacophis kreftii,0,3113
152.0948,-29.8958,2,984,959,2,129,-1,-167502.808140695,6672650.9222577,390,Calyptotis scutirostrum,0,3114
152.0948,-29.8958,2,984,959,2,129,-1,-167502.808140695,6672650.9222577,390,Coeranoscincus reticulatus,0,3115
152.0948,-29.8958,2,984,959,2,129,-1,-167502.808140695,6672650.9222577,390,Egernia mcpheei,0,3116
152.0948,-29.8958,2,984,959,2,129,-1,-167502.808140695,6672650.9222577,390,Eulamprus murrayi,0,3117
152.0948,-29.8958,2,984,959,2,129,-1,-167502.808140695,6672650.9222577,390,Ophioscincus truncatus,0,3118
152.0948,-29.8958,2,984,959,2,129,-1,-167502.808140695,6672650.9222577,390,Pseudechis porphyricaus,0,3119
152.0948,-29.8958,2,984,959,2,129,-1,-167502.808140695,6672650.9222577,390,Saltuarius swaini,0,3120
152.0905,-29.9066,2,982,1039,2,131,-4,-167846.930335953,6671424.64690981,391,Cacophis kreftii,0,3121
152.0905,-29.9066,2,982,1039,2,131,-4,-167846.930335953,6671424.64690981,391,Calyptotis scutirostrum,0,3122
152.0905,-29.9066,2,982,1039,2,131,-4,-167846.930335953,6671424.64690981,391,Coeranoscincus reticulatus,0,3123
152.0905,-29.9066,2,982,1039,2,131,-4,-167846.930335953,6671424.64690981,391,Egernia mcpheei,0,3124
152.0905,-29.9066,2,982,1039,2,131,-4,-167846.930335953,6671424.64690981,391,Eulamprus murrayi,0,3125
152.0905,-29.9066,2,982,1039,2,131,-4,-167846.930335953,6671424.64690981,391,Ophioscincus truncatus,0,3126
152.0905,-29.9066,2,982,1039,2,131,-4,-167846.930335953,6671424.64690981,391,Pseudechis porphyricaus,0,3127
152.0905,-29.9066,2,982,1039,2,131,-4,-167846.930335953,6671424.64690981,391,Saltuarius swaini,0,3128
152.1671,-29.9126,1,1004,1059,2,134,3,-160385.352517464,6671203.34737429,392,Cacophis kreftii,0,3129
152.1671,-29.9126,1,1004,1059,2,134,3,-160385.352517464,6671203.34737429,392,Calyptotis scutirostrum,0,3130
152.1671,-29.9126,1,1004,1059,2,134,3,-160385.352517464,6671203.34737429,392,Coeranoscincus reticulatus,0,3131
152.1671,-29.9126,1,1004,1059,2,134,3,-160385.352517464,6671203.34737429,392,Egernia mcpheei,0,3132
152.1671,-29.9126,1,1004,1059,2,134,3,-160385.352517464,6671203.34737429,392,Eulamprus murrayi,0,3133
152.1671,-29.9126,1,1004,1059,2,134,3,-160385.352517464,6671203.34737429,392,Ophioscincus truncatus,0,3134
152.1671,-29.9126,1,1004,1059,2,134,3,-160385.352517464,6671203.34737429,392,Pseudechis porphyricaus,0,3135
152.1671,-29.9126,1,1004,1059,2,134,3,-160385.352517464,6671203.34737429,392,Saltuarius swaini,0,3136
152.0987,-29.9248,2,910,980,2,133,1,-166930.22245814,6669448.54526537,393,Cacophis kreftii,0,3137
152.0987,-29.9248,2,910,980,2,133,1,-166930.22245814,6669448.54526537,393,Calyptotis scutirostrum,0,3138
152.0987,-29.9248,2,910,980,2,133,1,-166930.22245814,6669448.54526537,393,Coeranoscincus reticulatus,0,3139
152.0987,-29.9248,2,910,980,2,133,1,-166930.22245814,6669448.54526537,393,Egernia mcpheei,0,3140
152.0987,-29.9248,2,910,980,2,133,1,-166930.22245814,6669448.54526537,393,Eulamprus murrayi,0,3141
152.0987,-29.9248,2,910,980,2,133,1,-166930.22245814,6669448.54526537,393,Ophioscincus truncatus,0,3142
152.0987,-29.9248,2,910,980,2,133,1,-166930.22245814,6669448.54526537,393,Pseudechis porphyricaus,0,3143
152.0987,-29.9248,2,910,980,2,133,1,-166930.22245814,6669448.54526537,393,Saltuarius swaini,0,3144
152.194,-29.9254,1,1042,1049,2,134,-3,-157694.599141127,6669935.38089694,394,Cacophis kreftii,0,3145
152.194,-29.9254,1,1042,1049,2,134,-3,-157694.599141127,6669935.38089694,394,Calyptotis scutirostrum,0,3146
152.194,-29.9254,1,1042,1049,2,134,-3,-157694.599141127,6669935.38089694,394,Coeranoscincus reticulatus,0,3147
152.194,-29.9254,1,1042,1049,2,134,-3,-157694.599141127,6669935.38089694,394,Egernia mcpheei,0,3148
152.194,-29.9254,1,1042,1049,2,134,-3,-157694.599141127,6669935.38089694,394,Eulamprus murrayi,0,3149
152.194,-29.9254,1,1042,1049,2,134,-3,-157694.599141127,6669935.38089694,394,Ophioscincus truncatus,0,3150
152.194,-29.9254,1,1042,1049,2,134,-3,-157694.599141127,6669935.38089694,394,Pseudechis porphyricaus,0,3151
152.194,-29.9254,1,1042,1049,2,134,-3,-157694.599141127,6669935.38089694,394,Saltuarius swaini,0,3152
152.2085,-29.9255,1,1048,1080,2,135,-4,-156289.421979757,6670007.80018539,395,Cacophis kreftii,0,3153
152.2085,-29.9255,1,1048,1080,2,135,-4,-156289.421979757,6670007.80018539,395,Calyptotis scutirostrum,0,3154
152.2085,-29.9255,1,1048,1080,2,135,-4,-156289.421979757,6670007.80018539,395,Coeranoscincus reticulatus,0,3155
152.2085,-29.9255,1,1048,1080,2,135,-4,-156289.421979757,6670007.80018539,395,Egernia mcpheei,0,3156
152.2085,-29.9255,1,1048,1080,2,135,-4,-156289.421979757,6670007.80018539,395,Eulamprus murrayi,0,3157
152.2085,-29.9255,1,1048,1080,2,135,-4,-156289.421979757,6670007.80018539,395,Ophioscincus truncatus,0,3158
152.2085,-29.9255,1,1048,1080,2,135,-4,-156289.421979757,6670007.80018539,395,Pseudechis porphyricaus,0,3159
152.2085,-29.9255,1,1048,1080,2,135,-4,-156289.421979757,6670007.80018539,395,Saltuarius swaini,0,3160
152.5524,-29.9379,3,1256,1039,2,155,13,-122906.583332893,6670557.67612587,396,Cacophis kreftii,0,3161
152.5524,-29.9379,3,1256,1039,2,155,13,-122906.583332893,6670557.67612587,396,Calyptotis scutirostrum,0,3162
152.5524,-29.9379,3,1256,1039,2,155,13,-122906.583332893,6670557.67612587,396,Coeranoscincus reticulatus,1,3163
152.5524,-29.9379,3,1256,1039,2,155,13,-122906.583332893,6670557.67612587,396,Egernia mcpheei,0,3164
152.5524,-29.9379,3,1256,1039,2,155,13,-122906.583332893,6670557.67612587,396,Eulamprus murrayi,0,3165
152.5524,-29.9379,3,1256,1039,2,155,13,-122906.583332893,6670557.67612587,396,Ophioscincus truncatus,0,3166
152.5524,-29.9379,3,1256,1039,2,155,13,-122906.583332893,6670557.67612587,396,Pseudechis porphyricaus,0,3167
152.5524,-29.9379,3,1256,1039,2,155,13,-122906.583332893,6670557.67612587,396,Saltuarius swaini,0,3168
153.1554,-29.9422,3,1330,1110,2,187,-3,-64518.7682767119,6673216.60917856,397,Cacophis kreftii,0,3169
153.1554,-29.9422,3,1330,1110,2,187,-3,-64518.7682767119,6673216.60917856,397,Calyptotis scutirostrum,0,3170
153.1554,-29.9422,3,1330,1110,2,187,-3,-64518.7682767119,6673216.60917856,397,Coeranoscincus reticulatus,0,3171
153.1554,-29.9422,3,1330,1110,2,187,-3,-64518.7682767119,6673216.60917856,397,Egernia mcpheei,0,3172
153.1554,-29.9422,3,1330,1110,2,187,-3,-64518.7682767119,6673216.60917856,397,Eulamprus murrayi,0,3173
153.1554,-29.9422,3,1330,1110,2,187,-3,-64518.7682767119,6673216.60917856,397,Ophioscincus truncatus,0,3174
153.1554,-29.9422,3,1330,1110,2,187,-3,-64518.7682767119,6673216.60917856,397,Pseudechis porphyricaus,0,3175
153.1554,-29.9422,3,1330,1110,2,187,-3,-64518.7682767119,6673216.60917856,397,Saltuarius swaini,0,3176
152.5544,-29.9433,3,1248,1110,2,157,-5,-122679.102632655,6669968.32492291,398,Cacophis kreftii,0,3177
152.5544,-29.9433,3,1248,1110,2,157,-5,-122679.102632655,6669968.32492291,398,Calyptotis scutirostrum,0,3178
152.5544,-29.9433,3,1248,1110,2,157,-5,-122679.102632655,6669968.32492291,398,Coeranoscincus reticulatus,1,3179
152.5544,-29.9433,3,1248,1110,2,157,-5,-122679.102632655,6669968.32492291,398,Egernia mcpheei,0,3180
152.5544,-29.9433,3,1248,1110,2,157,-5,-122679.102632655,6669968.32492291,398,Eulamprus murrayi,0,3181
152.5544,-29.9433,3,1248,1110,2,157,-5,-122679.102632655,6669968.32492291,398,Ophioscincus truncatus,0,3182
152.5544,-29.9433,3,1248,1110,2,157,-5,-122679.102632655,6669968.32492291,398,Pseudechis porphyricaus,0,3183
152.5544,-29.9433,3,1248,1110,2,157,-5,-122679.102632655,6669968.32492291,398,Saltuarius swaini,0,3184
153.1679,-29.9458,4,1346,1120,2,187,5,-63288.9187814718,6672878.38915163,399,Cacophis kreftii,0,3185
153.1679,-29.9458,4,1346,1120,2,187,5,-63288.9187814718,6672878.38915163,399,Calyptotis scutirostrum,0,3186
153.1679,-29.9458,4,1346,1120,2,187,5,-63288.9187814718,6672878.38915163,399,Coeranoscincus reticulatus,0,3187
153.1679,-29.9458,4,1346,1120,2,187,5,-63288.9187814718,6672878.38915163,399,Egernia mcpheei,0,3188
153.1679,-29.9458,4,1346,1120,2,187,5,-63288.9187814718,6672878.38915163,399,Eulamprus murrayi,0,3189
153.1679,-29.9458,4,1346,1120,2,187,5,-63288.9187814718,6672878.38915163,399,Ophioscincus truncatus,0,3190
153.1679,-29.9458,4,1346,1120,2,187,5,-63288.9187814718,6672878.38915163,399,Pseudechis porphyricaus,0,3191
153.1679,-29.9458,4,1346,1120,2,187,5,-63288.9187814718,6672878.38915163,399,Saltuarius swaini,0,3192
152.5295,-29.9468,1,1042,980,2,170,50,-125067.694169073,6669443.0445974,400,Cacophis kreftii,0,3193
152.5295,-29.9468,1,1042,980,2,170,50,-125067.694169073,6669443.0445974,400,Calyptotis scutirostrum,0,3194
152.5295,-29.9468,1,1042,980,2,170,50,-125067.694169073,6669443.0445974,400,Coeranoscincus reticulatus,1,3195
152.5295,-29.9468,1,1042,980,2,170,50,-125067.694169073,6669443.0445974,400,Egernia mcpheei,0,3196
152.5295,-29.9468,1,1042,980,2,170,50,-125067.694169073,6669443.0445974,400,Eulamprus murrayi,0,3197
152.5295,-29.9468,1,1042,980,2,170,50,-125067.694169073,6669443.0445974,400,Ophioscincus truncatus,0,3198
152.5295,-29.9468,1,1042,980,2,170,50,-125067.694169073,6669443.0445974,400,Pseudechis porphyricaus,0,3199
152.5295,-29.9468,1,1042,980,2,170,50,-125067.694169073,6669443.0445974,400,Saltuarius swaini,0,3200
152.5565,-29.9469,2,1256,1110,2,156,6,-122453.239035842,6669579.60834256,401,Cacophis kreftii,0,3201
152.5565,-29.9469,2,1256,1110,2,156,6,-122453.239035842,6669579.60834256,401,Calyptotis scutirostrum,0,3202
152.5565,-29.9469,2,1256,1110,2,156,6,-122453.239035842,6669579.60834256,401,Coeranoscincus reticulatus,1,3203
152.5565,-29.9469,2,1256,1110,2,156,6,-122453.239035842,6669579.60834256,401,Egernia mcpheei,0,3204
152.5565,-29.9469,2,1256,1110,2,156,6,-122453.239035842,6669579.60834256,401,Eulamprus murrayi,0,3205
152.5565,-29.9469,2,1256,1110,2,156,6,-122453.239035842,6669579.60834256,401,Ophioscincus truncatus,1,3206
152.5565,-29.9469,2,1256,1110,2,156,6,-122453.239035842,6669579.60834256,401,Pseudechis porphyricaus,0,3207
152.5565,-29.9469,2,1256,1110,2,156,6,-122453.239035842,6669579.60834256,401,Saltuarius swaini,0,3208
152.5606,-29.9488,2,1258,1090,2,158,-4,-122044.430318249,6669390.77405921,402,Cacophis kreftii,0,3209
152.5606,-29.9488,2,1258,1090,2,158,-4,-122044.430318249,6669390.77405921,402,Calyptotis scutirostrum,0,3210
152.5606,-29.9488,2,1258,1090,2,158,-4,-122044.430318249,6669390.77405921,402,Coeranoscincus reticulatus,1,3211
152.5606,-29.9488,2,1258,1090,2,158,-4,-122044.430318249,6669390.77405921,402,Egernia mcpheei,0,3212
152.5606,-29.9488,2,1258,1090,2,158,-4,-122044.430318249,6669390.77405921,402,Eulamprus murrayi,0,3213
152.5606,-29.9488,2,1258,1090,2,158,-4,-122044.430318249,6669390.77405921,402,Ophioscincus truncatus,0,3214
152.5606,-29.9488,2,1258,1090,2,158,-4,-122044.430318249,6669390.77405921,402,Pseudechis porphyricaus,0,3215
152.5606,-29.9488,2,1258,1090,2,158,-4,-122044.430318249,6669390.77405921,402,Saltuarius swaini,0,3216
153.2197,-29.9493,2,1372,1110,2,187,-2,-58257.6048943475,6672743.96684541,403,Cacophis kreftii,0,3217
153.2197,-29.9493,2,1372,1110,2,187,-2,-58257.6048943475,6672743.96684541,403,Calyptotis scutirostrum,0,3218
153.2197,-29.9493,2,1372,1110,2,187,-2,-58257.6048943475,6672743.96684541,403,Coeranoscincus reticulatus,0,3219
153.2197,-29.9493,2,1372,1110,2,187,-2,-58257.6048943475,6672743.96684541,403,Egernia mcpheei,0,3220
153.2197,-29.9493,2,1372,1110,2,187,-2,-58257.6048943475,6672743.96684541,403,Eulamprus murrayi,0,3221
153.2197,-29.9493,2,1372,1110,2,187,-2,-58257.6048943475,6672743.96684541,403,Ophioscincus truncatus,0,3222
153.2197,-29.9493,2,1372,1110,2,187,-2,-58257.6048943475,6672743.96684541,403,Pseudechis porphyricaus,0,3223
153.2197,-29.9493,2,1372,1110,2,187,-2,-58257.6048943475,6672743.96684541,403,Saltuarius swaini,0,3224
153.2301,-29.9511,2,1396,1100,2,186,-1,-57241.3776917327,6672594.80622664,404,Cacophis kreftii,0,3225
153.2301,-29.9511,2,1396,1100,2,186,-1,-57241.3776917327,6672594.80622664,404,Calyptotis scutirostrum,0,3226
153.2301,-29.9511,2,1396,1100,2,186,-1,-57241.3776917327,6672594.80622664,404,Coeranoscincus reticulatus,0,3227
153.2301,-29.9511,2,1396,1100,2,186,-1,-57241.3776917327,6672594.80622664,404,Egernia mcpheei,0,3228
153.2301,-29.9511,2,1396,1100,2,186,-1,-57241.3776917327,6672594.80622664,404,Eulamprus murrayi,0,3229
153.2301,-29.9511,2,1396,1100,2,186,-1,-57241.3776917327,6672594.80622664,404,Ophioscincus truncatus,0,3230
153.2301,-29.9511,2,1396,1100,2,186,-1,-57241.3776917327,6672594.80622664,404,Pseudechis porphyricaus,0,3231
153.2301,-29.9511,2,1396,1100,2,186,-1,-57241.3776917327,6672594.80622664,404,Saltuarius swaini,0,3232
153.2404,-29.9529,4,1388,1120,2,187,6,-56234.8699237939,6672445.06950589,405,Cacophis kreftii,0,3233
153.2404,-29.9529,4,1388,1120,2,187,6,-56234.8699237939,6672445.06950589,405,Calyptotis scutirostrum,0,3234
153.2404,-29.9529,4,1388,1120,2,187,6,-56234.8699237939,6672445.06950589,405,Coeranoscincus reticulatus,0,3235
153.2404,-29.9529,4,1388,1120,2,187,6,-56234.8699237939,6672445.06950589,405,Egernia mcpheei,0,3236
153.2404,-29.9529,4,1388,1120,2,187,6,-56234.8699237939,6672445.06950589,405,Eulamprus murrayi,0,3237
153.2404,-29.9529,4,1388,1120,2,187,6,-56234.8699237939,6672445.06950589,405,Ophioscincus truncatus,0,3238
153.2404,-29.9529,4,1388,1120,2,187,6,-56234.8699237939,6672445.06950589,405,Pseudechis porphyricaus,0,3239
153.2404,-29.9529,4,1388,1120,2,187,6,-56234.8699237939,6672445.06950589,405,Saltuarius swaini,1,3240
152.5212,-29.954,1,1150,980,2,161,-14,-125825.838070042,6668597.13397598,406,Cacophis kreftii,0,3241
152.5212,-29.954,1,1150,980,2,161,-14,-125825.838070042,6668597.13397598,406,Calyptotis scutirostrum,0,3242
152.5212,-29.954,1,1150,980,2,161,-14,-125825.838070042,6668597.13397598,406,Coeranoscincus reticulatus,0,3243
152.5212,-29.954,1,1150,980,2,161,-14,-125825.838070042,6668597.13397598,406,Egernia mcpheei,0,3244
152.5212,-29.954,1,1150,980,2,161,-14,-125825.838070042,6668597.13397598,406,Eulamprus murrayi,0,3245
152.5212,-29.954,1,1150,980,2,161,-14,-125825.838070042,6668597.13397598,406,Ophioscincus truncatus,0,3246
152.5212,-29.954,1,1150,980,2,161,-14,-125825.838070042,6668597.13397598,406,Pseudechis porphyricaus,0,3247
152.5212,-29.954,1,1150,980,2,161,-14,-125825.838070042,6668597.13397598,406,Saltuarius swaini,0,3248
152.5274,-29.9541,1,1154,1000,2,160,38,-125225.02885331,6668620.03383924,407,Cacophis kreftii,0,3249
152.5274,-29.9541,1,1154,1000,2,160,38,-125225.02885331,6668620.03383924,407,Calyptotis scutirostrum,0,3250
152.5274,-29.9541,1,1154,1000,2,160,38,-125225.02885331,6668620.03383924,407,Coeranoscincus reticulatus,0,3251
152.5274,-29.9541,1,1154,1000,2,160,38,-125225.02885331,6668620.03383924,407,Egernia mcpheei,0,3252
152.5274,-29.9541,1,1154,1000,2,160,38,-125225.02885331,6668620.03383924,407,Eulamprus murrayi,0,3253
152.5274,-29.9541,1,1154,1000,2,160,38,-125225.02885331,6668620.03383924,407,Ophioscincus truncatus,0,3254
152.5274,-29.9541,1,1154,1000,2,160,38,-125225.02885331,6668620.03383924,407,Pseudechis porphyricaus,0,3255
152.5274,-29.9541,1,1154,1000,2,160,38,-125225.02885331,6668620.03383924,407,Saltuarius swaini,0,3256
153.1347,-29.9548,3,1362,1139,2,186,-3,-66449.8660231419,6671714.22619277,408,Cacophis kreftii,0,3257
153.1347,-29.9548,3,1362,1139,2,186,-3,-66449.8660231419,6671714.22619277,408,Calyptotis scutirostrum,0,3258
153.1347,-29.9548,3,1362,1139,2,186,-3,-66449.8660231419,6671714.22619277,408,Coeranoscincus reticulatus,0,3259
153.1347,-29.9548,3,1362,1139,2,186,-3,-66449.8660231419,6671714.22619277,408,Egernia mcpheei,0,3260
153.1347,-29.9548,3,1362,1139,2,186,-3,-66449.8660231419,6671714.22619277,408,Eulamprus murrayi,0,3261
153.1347,-29.9548,3,1362,1139,2,186,-3,-66449.8660231419,6671714.22619277,408,Ophioscincus truncatus,0,3262
153.1347,-29.9548,3,1362,1139,2,186,-3,-66449.8660231419,6671714.22619277,408,Pseudechis porphyricaus,0,3263
153.1347,-29.9548,3,1362,1139,2,186,-3,-66449.8660231419,6671714.22619277,408,Saltuarius swaini,0,3264
152.5315,-29.9613,1,1068,910,2,173,-4,-124782.821282842,6667842.13199573,409,Cacophis kreftii,0,3265
152.5315,-29.9613,1,1068,910,2,173,-4,-124782.821282842,6667842.13199573,409,Calyptotis scutirostrum,0,3266
152.5315,-29.9613,1,1068,910,2,173,-4,-124782.821282842,6667842.13199573,409,Coeranoscincus reticulatus,0,3267
152.5315,-29.9613,1,1068,910,2,173,-4,-124782.821282842,6667842.13199573,409,Egernia mcpheei,0,3268
152.5315,-29.9613,1,1068,910,2,173,-4,-124782.821282842,6667842.13199573,409,Eulamprus murrayi,0,3269
152.5315,-29.9613,1,1068,910,2,173,-4,-124782.821282842,6667842.13199573,409,Ophioscincus truncatus,0,3270
152.5315,-29.9613,1,1068,910,2,173,-4,-124782.821282842,6667842.13199573,409,Pseudechis porphyricaus,0,3271
152.5315,-29.9613,1,1068,910,2,173,-4,-124782.821282842,6667842.13199573,409,Saltuarius swaini,0,3272
152.5232,-29.9649,1,1070,980,2,168,0,-125563.533306618,6667396.41679889,410,Cacophis kreftii,0,3273
152.5232,-29.9649,1,1070,980,2,168,0,-125563.533306618,6667396.41679889,410,Calyptotis scutirostrum,0,3274
152.5232,-29.9649,1,1070,980,2,168,0,-125563.533306618,6667396.41679889,410,Coeranoscincus reticulatus,1,3275
152.5232,-29.9649,1,1070,980,2,168,0,-125563.533306618,6667396.41679889,410,Egernia mcpheei,0,3276
152.5232,-29.9649,1,1070,980,2,168,0,-125563.533306618,6667396.41679889,410,Eulamprus murrayi,0,3277
152.5232,-29.9649,1,1070,980,2,168,0,-125563.533306618,6667396.41679889,410,Ophioscincus truncatus,0,3278
152.5232,-29.9649,1,1070,980,2,168,0,-125563.533306618,6667396.41679889,410,Pseudechis porphyricaus,0,3279
152.5232,-29.9649,1,1070,980,2,168,0,-125563.533306618,6667396.41679889,410,Saltuarius swaini,0,3280
152.5357,-29.9649,2,1024,949,2,178,-21,-124353.634791284,6667464.95763345,411,Cacophis kreftii,0,3281
152.5357,-29.9649,2,1024,949,2,178,-21,-124353.634791284,6667464.95763345,411,Calyptotis scutirostrum,0,3282
152.5357,-29.9649,2,1024,949,2,178,-21,-124353.634791284,6667464.95763345,411,Coeranoscincus reticulatus,1,3283
152.5357,-29.9649,2,1024,949,2,178,-21,-124353.634791284,6667464.95763345,411,Egernia mcpheei,0,3284
152.5357,-29.9649,2,1024,949,2,178,-21,-124353.634791284,6667464.95763345,411,Eulamprus murrayi,0,3285
152.5357,-29.9649,2,1024,949,2,178,-21,-124353.634791284,6667464.95763345,411,Ophioscincus truncatus,0,3286
152.5357,-29.9649,2,1024,949,2,178,-21,-124353.634791284,6667464.95763345,411,Pseudechis porphyricaus,0,3287
152.5357,-29.9649,2,1024,949,2,178,-21,-124353.634791284,6667464.95763345,411,Saltuarius swaini,0,3288
153.2384,-29.9673,1,1394,1289,1,188,1,-56347.7388175956,6670835.62619282,412,Cacophis kreftii,0,3289
153.2384,-29.9673,1,1394,1289,1,188,1,-56347.7388175956,6670835.62619282,412,Calyptotis scutirostrum,0,3290
153.2384,-29.9673,1,1394,1289,1,188,1,-56347.7388175956,6670835.62619282,412,Coeranoscincus reticulatus,0,3291
153.2384,-29.9673,1,1394,1289,1,188,1,-56347.7388175956,6670835.62619282,412,Egernia mcpheei,0,3292
153.2384,-29.9673,1,1394,1289,1,188,1,-56347.7388175956,6670835.62619282,412,Eulamprus murrayi,0,3293
153.2384,-29.9673,1,1394,1289,1,188,1,-56347.7388175956,6670835.62619282,412,Ophioscincus truncatus,0,3294
153.2384,-29.9673,1,1394,1289,1,188,1,-56347.7388175956,6670835.62619282,412,Pseudechis porphyricaus,0,3295
153.2384,-29.9673,1,1394,1289,1,188,1,-56347.7388175956,6670835.62619282,412,Saltuarius swaini,0,3296
152.5791,-29.9777,3,1180,1070,2,164,-5,-120072.988069293,6666279.06080417,413,Cacophis kreftii,0,3297
152.5791,-29.9777,3,1180,1070,2,164,-5,-120072.988069293,6666279.06080417,413,Calyptotis scutirostrum,0,3298
152.5791,-29.9777,3,1180,1070,2,164,-5,-120072.988069293,6666279.06080417,413,Coeranoscincus reticulatus,1,3299
152.5791,-29.9777,3,1180,1070,2,164,-5,-120072.988069293,6666279.06080417,413,Egernia mcpheei,0,3300
152.5791,-29.9777,3,1180,1070,2,164,-5,-120072.988069293,6666279.06080417,413,Eulamprus murrayi,0,3301
152.5791,-29.9777,3,1180,1070,2,164,-5,-120072.988069293,6666279.06080417,413,Ophioscincus truncatus,0,3302
152.5791,-29.9777,3,1180,1070,2,164,-5,-120072.988069293,6666279.06080417,413,Pseudechis porphyricaus,1,3303
152.5791,-29.9777,3,1180,1070,2,164,-5,-120072.988069293,6666279.06080417,413,Saltuarius swaini,0,3304
151.922,-29.9794,1,954,1080,1,122,5,-183672.979473333,6662328.07603448,414,Cacophis kreftii,0,3305
151.922,-29.9794,1,954,1080,1,122,5,-183672.979473333,6662328.07603448,414,Calyptotis scutirostrum,0,3306
151.922,-29.9794,1,954,1080,1,122,5,-183672.979473333,6662328.07603448,414,Coeranoscincus reticulatus,0,3307
151.922,-29.9794,1,954,1080,1,122,5,-183672.979473333,6662328.07603448,414,Egernia mcpheei,0,3308
151.922,-29.9794,1,954,1080,1,122,5,-183672.979473333,6662328.07603448,414,Eulamprus murrayi,0,3309
151.922,-29.9794,1,954,1080,1,122,5,-183672.979473333,6662328.07603448,414,Ophioscincus truncatus,0,3310
151.922,-29.9794,1,954,1080,1,122,5,-183672.979473333,6662328.07603448,414,Pseudechis porphyricaus,0,3311
151.922,-29.9794,1,954,1080,1,122,5,-183672.979473333,6662328.07603448,414,Saltuarius swaini,0,3312
151.9738,-29.9798,1,912,1039,1,128,-2,-178654.150282374,6662593.67423277,415,Cacophis kreftii,0,3313
151.9738,-29.9798,1,912,1039,1,128,-2,-178654.150282374,6662593.67423277,415,Calyptotis scutirostrum,0,3314
151.9738,-29.9798,1,912,1039,1,128,-2,-178654.150282374,6662593.67423277,415,Coeranoscincus reticulatus,0,3315
151.9738,-29.9798,1,912,1039,1,128,-2,-178654.150282374,6662593.67423277,415,Egernia mcpheei,0,3316
151.9738,-29.9798,1,912,1039,1,128,-2,-178654.150282374,6662593.67423277,415,Eulamprus murrayi,0,3317
151.9738,-29.9798,1,912,1039,1,128,-2,-178654.150282374,6662593.67423277,415,Ophioscincus truncatus,0,3318
151.9738,-29.9798,1,912,1039,1,128,-2,-178654.150282374,6662593.67423277,415,Pseudechis porphyricaus,0,3319
151.9738,-29.9798,1,912,1039,1,128,-2,-178654.150282374,6662593.67423277,415,Saltuarius swaini,0,3320
153.2218,-29.9836,2,1378,1309,1,188,1,-57861.8363059893,6668943.78594887,416,Cacophis kreftii,0,3321
153.2218,-29.9836,2,1378,1309,1,188,1,-57861.8363059893,6668943.78594887,416,Calyptotis scutirostrum,0,3322
153.2218,-29.9836,2,1378,1309,1,188,1,-57861.8363059893,6668943.78594887,416,Coeranoscincus reticulatus,0,3323
153.2218,-29.9836,2,1378,1309,1,188,1,-57861.8363059893,6668943.78594887,416,Egernia mcpheei,0,3324
153.2218,-29.9836,2,1378,1309,1,188,1,-57861.8363059893,6668943.78594887,416,Eulamprus murrayi,0,3325
153.2218,-29.9836,2,1378,1309,1,188,1,-57861.8363059893,6668943.78594887,416,Ophioscincus truncatus,0,3326
153.2218,-29.9836,2,1378,1309,1,188,1,-57861.8363059893,6668943.78594887,416,Pseudechis porphyricaus,0,3327
153.2218,-29.9836,2,1378,1309,1,188,1,-57861.8363059893,6668943.78594887,416,Saltuarius swaini,0,3328
151.953,-29.9886,1,940,1039,1,123,2,-180607.816520981,6661490.61398486,417,Cacophis kreftii,0,3329
151.953,-29.9886,1,940,1039,1,123,2,-180607.816520981,6661490.61398486,417,Calyptotis scutirostrum,0,3330
151.953,-29.9886,1,940,1039,1,123,2,-180607.816520981,6661490.61398486,417,Coeranoscincus reticulatus,0,3331
151.953,-29.9886,1,940,1039,1,123,2,-180607.816520981,6661490.61398486,417,Egernia mcpheei,0,3332
151.953,-29.9886,1,940,1039,1,123,2,-180607.816520981,6661490.61398486,417,Eulamprus murrayi,0,3333
151.953,-29.9886,1,940,1039,1,123,2,-180607.816520981,6661490.61398486,417,Ophioscincus truncatus,0,3334
151.953,-29.9886,1,940,1039,1,123,2,-180607.816520981,6661490.61398486,417,Pseudechis porphyricaus,1,3335
151.953,-29.9886,1,940,1039,1,123,2,-180607.816520981,6661490.61398486,417,Saltuarius swaini,0,3336
152.5749,-29.9903,3,1198,1029,2,159,9,-120400.614230231,6664855.59627825,418,Cacophis kreftii,0,3337
152.5749,-29.9903,3,1198,1029,2,159,9,-120400.614230231,6664855.59627825,418,Calyptotis scutirostrum,0,3338
152.5749,-29.9903,3,1198,1029,2,159,9,-120400.614230231,6664855.59627825,418,Coeranoscincus reticulatus,1,3339
152.5749,-29.9903,3,1198,1029,2,159,9,-120400.614230231,6664855.59627825,418,Egernia mcpheei,0,3340
152.5749,-29.9903,3,1198,1029,2,159,9,-120400.614230231,6664855.59627825,418,Eulamprus murrayi,0,3341
152.5749,-29.9903,3,1198,1029,2,159,9,-120400.614230231,6664855.59627825,418,Ophioscincus truncatus,0,3342
152.5749,-29.9903,3,1198,1029,2,159,9,-120400.614230231,6664855.59627825,418,Pseudechis porphyricaus,0,3343
152.5749,-29.9903,3,1198,1029,2,159,9,-120400.614230231,6664855.59627825,418,Saltuarius swaini,0,3344
151.9508,-29.9922,1,936,1039,1,124,-5,-180796.082039658,6661077.02091729,419,Cacophis kreftii,0,3345
151.9508,-29.9922,1,936,1039,1,124,-5,-180796.082039658,6661077.02091729,419,Calyptotis scutirostrum,0,3346
151.9508,-29.9922,1,936,1039,1,124,-5,-180796.082039658,6661077.02091729,419,Coeranoscincus reticulatus,0,3347
151.9508,-29.9922,1,936,1039,1,124,-5,-180796.082039658,6661077.02091729,419,Egernia mcpheei,0,3348
151.9508,-29.9922,1,936,1039,1,124,-5,-180796.082039658,6661077.02091729,419,Eulamprus murrayi,0,3349
151.9508,-29.9922,1,936,1039,1,124,-5,-180796.082039658,6661077.02091729,419,Ophioscincus truncatus,0,3350
151.9508,-29.9922,1,936,1039,1,124,-5,-180796.082039658,6661077.02091729,419,Pseudechis porphyricaus,1,3351
151.9508,-29.9922,1,936,1039,1,124,-5,-180796.082039658,6661077.02091729,419,Saltuarius swaini,0,3352
152.5231,-29.9956,1,1242,1000,2,151,-2,-125379.598774365,6663983.11844257,420,Cacophis kreftii,0,3353
152.5231,-29.9956,1,1242,1000,2,151,-2,-125379.598774365,6663983.11844257,420,Calyptotis scutirostrum,0,3354
152.5231,-29.9956,1,1242,1000,2,151,-2,-125379.598774365,6663983.11844257,420,Coeranoscincus reticulatus,1,3355
152.5231,-29.9956,1,1242,1000,2,151,-2,-125379.598774365,6663983.11844257,420,Egernia mcpheei,0,3356
152.5231,-29.9956,1,1242,1000,2,151,-2,-125379.598774365,6663983.11844257,420,Eulamprus murrayi,0,3357
152.5231,-29.9956,1,1242,1000,2,151,-2,-125379.598774365,6663983.11844257,420,Ophioscincus truncatus,0,3358
152.5231,-29.9956,1,1242,1000,2,151,-2,-125379.598774365,6663983.11844257,420,Pseudechis porphyricaus,0,3359
152.5231,-29.9956,1,1242,1000,2,151,-2,-125379.598774365,6663983.11844257,420,Saltuarius swaini,0,3360
151.9258,-30.0065,2,882,1029,1,129,-7,-183117.979709587,6659336.48582204,421,Cacophis kreftii,0,3361
151.9258,-30.0065,2,882,1029,1,129,-7,-183117.979709587,6659336.48582204,421,Calyptotis scutirostrum,0,3362
151.9258,-30.0065,2,882,1029,1,129,-7,-183117.979709587,6659336.48582204,421,Coeranoscincus reticulatus,0,3363
151.9258,-30.0065,2,882,1029,1,129,-7,-183117.979709587,6659336.48582204,421,Egernia mcpheei,0,3364
151.9258,-30.0065,2,882,1029,1,129,-7,-183117.979709587,6659336.48582204,421,Eulamprus murrayi,0,3365
151.9258,-30.0065,2,882,1029,1,129,-7,-183117.979709587,6659336.48582204,421,Ophioscincus truncatus,0,3366
151.9258,-30.0065,2,882,1029,1,129,-7,-183117.979709587,6659336.48582204,421,Pseudechis porphyricaus,0,3367
151.9258,-30.0065,2,882,1029,1,129,-7,-183117.979709587,6659336.48582204,421,Saltuarius swaini,0,3368
152.521,-30.0064,1,1342,1039,2,142,15,-125514.62268173,6662771.00533564,422,Cacophis kreftii,0,3369
152.521,-30.0064,1,1342,1039,2,142,15,-125514.62268173,6662771.00533564,422,Calyptotis scutirostrum,0,3370
152.521,-30.0064,1,1342,1039,2,142,15,-125514.62268173,6662771.00533564,422,Coeranoscincus reticulatus,1,3371
152.521,-30.0064,1,1342,1039,2,142,15,-125514.62268173,6662771.00533564,422,Egernia mcpheei,0,3372
152.521,-30.0064,1,1342,1039,2,142,15,-125514.62268173,6662771.00533564,422,Eulamprus murrayi,0,3373
152.521,-30.0064,1,1342,1039,2,142,15,-125514.62268173,6662771.00533564,422,Ophioscincus truncatus,0,3374
152.521,-30.0064,1,1342,1039,2,142,15,-125514.62268173,6662771.00533564,422,Pseudechis porphyricaus,0,3375
152.521,-30.0064,1,1342,1039,2,142,15,-125514.62268173,6662771.00533564,422,Saltuarius swaini,0,3376
152.411,-30.0095,3,1074,1039,2,153,4,-136137.97691145,6661816.686273,423,Cacophis kreftii,0,3377
152.411,-30.0095,3,1074,1039,2,153,4,-136137.97691145,6661816.686273,423,Calyptotis scutirostrum,0,3378
152.411,-30.0095,3,1074,1039,2,153,4,-136137.97691145,6661816.686273,423,Coeranoscincus reticulatus,0,3379
152.411,-30.0095,3,1074,1039,2,153,4,-136137.97691145,6661816.686273,423,Egernia mcpheei,0,3380
152.411,-30.0095,3,1074,1039,2,153,4,-136137.97691145,6661816.686273,423,Eulamprus murrayi,0,3381
152.411,-30.0095,3,1074,1039,2,153,4,-136137.97691145,6661816.686273,423,Ophioscincus truncatus,0,3382
152.411,-30.0095,3,1074,1039,2,153,4,-136137.97691145,6661816.686273,423,Pseudechis porphyricaus,0,3383
152.411,-30.0095,3,1074,1039,2,153,4,-136137.97691145,6661816.686273,423,Saltuarius swaini,0,3384
152.5106,-30.0099,1,1282,1029,2,147,2,-126498.710063887,6662324.72970552,424,Cacophis kreftii,0,3385
152.5106,-30.0099,1,1282,1029,2,147,2,-126498.710063887,6662324.72970552,424,Calyptotis scutirostrum,0,3386
152.5106,-30.0099,1,1282,1029,2,147,2,-126498.710063887,6662324.72970552,424,Coeranoscincus reticulatus,1,3387
152.5106,-30.0099,1,1282,1029,2,147,2,-126498.710063887,6662324.72970552,424,Egernia mcpheei,0,3388
152.5106,-30.0099,1,1282,1029,2,147,2,-126498.710063887,6662324.72970552,424,Eulamprus murrayi,0,3389
152.5106,-30.0099,1,1282,1029,2,147,2,-126498.710063887,6662324.72970552,424,Ophioscincus truncatus,1,3390
152.5106,-30.0099,1,1282,1029,2,147,2,-126498.710063887,6662324.72970552,424,Pseudechis porphyricaus,0,3391
152.5106,-30.0099,1,1282,1029,2,147,2,-126498.710063887,6662324.72970552,424,Saltuarius swaini,0,3392
152.5084,-30.0208,1,1280,1080,2,145,-4,-126642.584758084,6661100.90926177,425,Cacophis kreftii,0,3393
152.5084,-30.0208,1,1280,1080,2,145,-4,-126642.584758084,6661100.90926177,425,Calyptotis scutirostrum,0,3394
152.5084,-30.0208,1,1280,1080,2,145,-4,-126642.584758084,6661100.90926177,425,Coeranoscincus reticulatus,1,3395
152.5084,-30.0208,1,1280,1080,2,145,-4,-126642.584758084,6661100.90926177,425,Egernia mcpheei,0,3396
152.5084,-30.0208,1,1280,1080,2,145,-4,-126642.584758084,6661100.90926177,425,Eulamprus murrayi,0,3397
152.5084,-30.0208,1,1280,1080,2,145,-4,-126642.584758084,6661100.90926177,425,Ophioscincus truncatus,0,3398
152.5084,-30.0208,1,1280,1080,2,145,-4,-126642.584758084,6661100.90926177,425,Pseudechis porphyricaus,0,3399
152.5084,-30.0208,1,1280,1080,2,145,-4,-126642.584758084,6661100.90926177,425,Saltuarius swaini,0,3400
152.4109,-30.024,3,1136,930,2,140,31,-136054.495373423,6660204.06471628,426,Cacophis kreftii,0,3401
152.4109,-30.024,3,1136,930,2,140,31,-136054.495373423,6660204.06471628,426,Calyptotis scutirostrum,0,3402
152.4109,-30.024,3,1136,930,2,140,31,-136054.495373423,6660204.06471628,426,Coeranoscincus reticulatus,1,3403
152.4109,-30.024,3,1136,930,2,140,31,-136054.495373423,6660204.06471628,426,Egernia mcpheei,0,3404
152.4109,-30.024,3,1136,930,2,140,31,-136054.495373423,6660204.06471628,426,Eulamprus murrayi,0,3405
152.4109,-30.024,3,1136,930,2,140,31,-136054.495373423,6660204.06471628,426,Ophioscincus truncatus,0,3406
152.4109,-30.024,3,1136,930,2,140,31,-136054.495373423,6660204.06471628,426,Pseudechis porphyricaus,0,3407
152.4109,-30.024,3,1136,930,2,140,31,-136054.495373423,6660204.06471628,426,Saltuarius swaini,0,3408
152.4898,-30.0261,1,1282,1029,2,137,1,-128408.296244871,6660409.13008774,427,Cacophis kreftii,0,3409
152.4898,-30.0261,1,1282,1029,2,137,1,-128408.296244871,6660409.13008774,427,Calyptotis scutirostrum,0,3410
152.4898,-30.0261,1,1282,1029,2,137,1,-128408.296244871,6660409.13008774,427,Coeranoscincus reticulatus,1,3411
152.4898,-30.0261,1,1282,1029,2,137,1,-128408.296244871,6660409.13008774,427,Egernia mcpheei,0,3412
152.4898,-30.0261,1,1282,1029,2,137,1,-128408.296244871,6660409.13008774,427,Eulamprus murrayi,0,3413
152.4898,-30.0261,1,1282,1029,2,137,1,-128408.296244871,6660409.13008774,427,Ophioscincus truncatus,0,3414
152.4898,-30.0261,1,1282,1029,2,137,1,-128408.296244871,6660409.13008774,427,Pseudechis porphyricaus,0,3415
152.4898,-30.0261,1,1282,1029,2,137,1,-128408.296244871,6660409.13008774,427,Saltuarius swaini,0,3416
152.5043,-30.028,1,1306,959,2,141,28,-126993.611603368,6660277.92353891,428,Cacophis kreftii,0,3417
152.5043,-30.028,1,1306,959,2,141,28,-126993.611603368,6660277.92353891,428,Calyptotis scutirostrum,0,3418
152.5043,-30.028,1,1306,959,2,141,28,-126993.611603368,6660277.92353891,428,Coeranoscincus reticulatus,1,3419
152.5043,-30.028,1,1306,959,2,141,28,-126993.611603368,6660277.92353891,428,Egernia mcpheei,0,3420
152.5043,-30.028,1,1306,959,2,141,28,-126993.611603368,6660277.92353891,428,Eulamprus murrayi,0,3421
152.5043,-30.028,1,1306,959,2,141,28,-126993.611603368,6660277.92353891,428,Ophioscincus truncatus,0,3422
152.5043,-30.028,1,1306,959,2,141,28,-126993.611603368,6660277.92353891,428,Pseudechis porphyricaus,0,3423
152.5043,-30.028,1,1306,959,2,141,28,-126993.611603368,6660277.92353891,428,Saltuarius swaini,0,3424
152.4918,-30.0315,1,1208,990,2,145,-1,-128180.553018875,6659819.8711314,429,Cacophis kreftii,0,3425
152.4918,-30.0315,1,1208,990,2,145,-1,-128180.553018875,6659819.8711314,429,Calyptotis scutirostrum,0,3426
152.4918,-30.0315,1,1208,990,2,145,-1,-128180.553018875,6659819.8711314,429,Coeranoscincus reticulatus,1,3427
152.4918,-30.0315,1,1208,990,2,145,-1,-128180.553018875,6659819.8711314,429,Egernia mcpheei,0,3428
152.4918,-30.0315,1,1208,990,2,145,-1,-128180.553018875,6659819.8711314,429,Eulamprus murrayi,0,3429
152.4918,-30.0315,1,1208,990,2,145,-1,-128180.553018875,6659819.8711314,429,Ophioscincus truncatus,0,3430
152.4918,-30.0315,1,1208,990,2,145,-1,-128180.553018875,6659819.8711314,429,Pseudechis porphyricaus,0,3431
152.4918,-30.0315,1,1208,990,2,145,-1,-128180.553018875,6659819.8711314,429,Saltuarius swaini,0,3432
152.4814,-30.0333,1,1128,1009,2,152,8,-129175.102129971,6659562.28135255,430,Cacophis kreftii,0,3433
152.4814,-30.0333,1,1128,1009,2,152,8,-129175.102129971,6659562.28135255,430,Calyptotis scutirostrum,0,3434
152.4814,-30.0333,1,1128,1009,2,152,8,-129175.102129971,6659562.28135255,430,Coeranoscincus reticulatus,1,3435
152.4814,-30.0333,1,1128,1009,2,152,8,-129175.102129971,6659562.28135255,430,Egernia mcpheei,0,3436
152.4814,-30.0333,1,1128,1009,2,152,8,-129175.102129971,6659562.28135255,430,Eulamprus murrayi,0,3437
152.4814,-30.0333,1,1128,1009,2,152,8,-129175.102129971,6659562.28135255,430,Ophioscincus truncatus,0,3438
152.4814,-30.0333,1,1128,1009,2,152,8,-129175.102129971,6659562.28135255,430,Pseudechis porphyricaus,0,3439
152.4814,-30.0333,1,1128,1009,2,152,8,-129175.102129971,6659562.28135255,430,Saltuarius swaini,0,3440
152.4793,-30.0387,1,1054,980,2,156,19,-129343.885517464,6658950.34913499,431,Cacophis kreftii,0,3441
152.4793,-30.0387,1,1054,980,2,156,19,-129343.885517464,6658950.34913499,431,Calyptotis scutirostrum,0,3442
152.4793,-30.0387,1,1054,980,2,156,19,-129343.885517464,6658950.34913499,431,Coeranoscincus reticulatus,1,3443
152.4793,-30.0387,1,1054,980,2,156,19,-129343.885517464,6658950.34913499,431,Egernia mcpheei,0,3444
152.4793,-30.0387,1,1054,980,2,156,19,-129343.885517464,6658950.34913499,431,Eulamprus murrayi,0,3445
152.4793,-30.0387,1,1054,980,2,156,19,-129343.885517464,6658950.34913499,431,Ophioscincus truncatus,0,3446
152.4793,-30.0387,1,1054,980,2,156,19,-129343.885517464,6658950.34913499,431,Pseudechis porphyricaus,0,3447
152.4793,-30.0387,1,1054,980,2,156,19,-129343.885517464,6658950.34913499,431,Saltuarius swaini,0,3448
152.4917,-30.0442,3,1112,990,2,158,12,-128109.597482725,6658407.48963342,432,Cacophis kreftii,0,3449
152.4917,-30.0442,3,1112,990,2,158,12,-128109.597482725,6658407.48963342,432,Calyptotis scutirostrum,0,3450
152.4917,-30.0442,3,1112,990,2,158,12,-128109.597482725,6658407.48963342,432,Coeranoscincus reticulatus,1,3451
152.4917,-30.0442,3,1112,990,2,158,12,-128109.597482725,6658407.48963342,432,Egernia mcpheei,0,3452
152.4917,-30.0442,3,1112,990,2,158,12,-128109.597482725,6658407.48963342,432,Eulamprus murrayi,0,3453
152.4917,-30.0442,3,1112,990,2,158,12,-128109.597482725,6658407.48963342,432,Ophioscincus truncatus,0,3454
152.4917,-30.0442,3,1112,990,2,158,12,-128109.597482725,6658407.48963342,432,Pseudechis porphyricaus,0,3455
152.4917,-30.0442,3,1112,990,2,158,12,-128109.597482725,6658407.48963342,432,Saltuarius swaini,0,3456
153.0996,-30.0668,1,1512,1029,2,184,-8,-69202.4814354768,6659095.87930042,433,Cacophis kreftii,0,3457
153.0996,-30.0668,1,1512,1029,2,184,-8,-69202.4814354768,6659095.87930042,433,Calyptotis scutirostrum,0,3458
153.0996,-30.0668,1,1512,1029,2,184,-8,-69202.4814354768,6659095.87930042,433,Coeranoscincus reticulatus,0,3459
153.0996,-30.0668,1,1512,1029,2,184,-8,-69202.4814354768,6659095.87930042,433,Egernia mcpheei,0,3460
153.0996,-30.0668,1,1512,1029,2,184,-8,-69202.4814354768,6659095.87930042,433,Eulamprus murrayi,0,3461
153.0996,-30.0668,1,1512,1029,2,184,-8,-69202.4814354768,6659095.87930042,433,Ophioscincus truncatus,0,3462
153.0996,-30.0668,1,1512,1029,2,184,-8,-69202.4814354768,6659095.87930042,433,Pseudechis porphyricaus,0,3463
153.0996,-30.0668,1,1512,1029,2,184,-8,-69202.4814354768,6659095.87930042,433,Saltuarius swaini,0,3464
153.1536,-30.0667,3,1534,1149,2,186,2,-63984.6596678164,6659375.95172166,434,Cacophis kreftii,0,3465
153.1536,-30.0667,3,1534,1149,2,186,2,-63984.6596678164,6659375.95172166,434,Calyptotis scutirostrum,0,3466
153.1536,-30.0667,3,1534,1149,2,186,2,-63984.6596678164,6659375.95172166,434,Coeranoscincus reticulatus,0,3467
153.1536,-30.0667,3,1534,1149,2,186,2,-63984.6596678164,6659375.95172166,434,Egernia mcpheei,0,3468
153.1536,-30.0667,3,1534,1149,2,186,2,-63984.6596678164,6659375.95172166,434,Eulamprus murrayi,0,3469
153.1536,-30.0667,3,1534,1149,2,186,2,-63984.6596678164,6659375.95172166,434,Ophioscincus truncatus,0,3470
153.1536,-30.0667,3,1534,1149,2,186,2,-63984.6596678164,6659375.95172166,434,Pseudechis porphyricaus,0,3471
153.1536,-30.0667,3,1534,1149,2,186,2,-63984.6596678164,6659375.95172166,434,Saltuarius swaini,0,3472
153.1598,-30.0667,3,1534,1159,2,186,-6,-63385.526461766,6659406.67234451,435,Cacophis kreftii,0,3473
153.1598,-30.0667,3,1534,1159,2,186,-6,-63385.526461766,6659406.67234451,435,Calyptotis scutirostrum,0,3474
153.1598,-30.0667,3,1534,1159,2,186,-6,-63385.526461766,6659406.67234451,435,Coeranoscincus reticulatus,0,3475
153.1598,-30.0667,3,1534,1159,2,186,-6,-63385.526461766,6659406.67234451,435,Egernia mcpheei,0,3476
153.1598,-30.0667,3,1534,1159,2,186,-6,-63385.526461766,6659406.67234451,435,Eulamprus murrayi,0,3477
153.1598,-30.0667,3,1534,1159,2,186,-6,-63385.526461766,6659406.67234451,435,Ophioscincus truncatus,0,3478
153.1598,-30.0667,3,1534,1159,2,186,-6,-63385.526461766,6659406.67234451,435,Pseudechis porphyricaus,0,3479
153.1598,-30.0667,3,1534,1159,2,186,-6,-63385.526461766,6659406.67234451,435,Saltuarius swaini,0,3480
153.1079,-30.0704,3,1468,1149,2,186,-5,-68379.6966840593,6658737.41209676,436,Cacophis kreftii,0,3481
153.1079,-30.0704,3,1468,1149,2,186,-5,-68379.6966840593,6658737.41209676,436,Calyptotis scutirostrum,0,3482
153.1079,-30.0704,3,1468,1149,2,186,-5,-68379.6966840593,6658737.41209676,436,Coeranoscincus reticulatus,0,3483
153.1079,-30.0704,3,1468,1149,2,186,-5,-68379.6966840593,6658737.41209676,436,Egernia mcpheei,0,3484
153.1079,-30.0704,3,1468,1149,2,186,-5,-68379.6966840593,6658737.41209676,436,Eulamprus murrayi,0,3485
153.1079,-30.0704,3,1468,1149,2,186,-5,-68379.6966840593,6658737.41209676,436,Ophioscincus truncatus,0,3486
153.1079,-30.0704,3,1468,1149,2,186,-5,-68379.6966840593,6658737.41209676,436,Pseudechis porphyricaus,0,3487
153.1079,-30.0704,3,1468,1149,2,186,-5,-68379.6966840593,6658737.41209676,436,Saltuarius swaini,0,3488
153.1515,-30.0703,3,1540,1149,2,186,-10,-64167.0654012077,6658965.58386598,437,Cacophis kreftii,0,3489
153.1515,-30.0703,3,1540,1149,2,186,-10,-64167.0654012077,6658965.58386598,437,Calyptotis scutirostrum,0,3490
153.1515,-30.0703,3,1540,1149,2,186,-10,-64167.0654012077,6658965.58386598,437,Coeranoscincus reticulatus,0,3491
153.1515,-30.0703,3,1540,1149,2,186,-10,-64167.0654012077,6658965.58386598,437,Egernia mcpheei,0,3492
153.1515,-30.0703,3,1540,1149,2,186,-10,-64167.0654012077,6658965.58386598,437,Eulamprus murrayi,0,3493
153.1515,-30.0703,3,1540,1149,2,186,-10,-64167.0654012077,6658965.58386598,437,Ophioscincus truncatus,0,3494
153.1515,-30.0703,3,1540,1149,2,186,-10,-64167.0654012077,6658965.58386598,437,Pseudechis porphyricaus,0,3495
153.1515,-30.0703,3,1540,1149,2,186,-10,-64167.0654012077,6658965.58386598,437,Saltuarius swaini,0,3496
153.1494,-30.0721,3,1552,1149,2,186,6,-64359.7231020217,6658755.18860886,438,Cacophis kreftii,0,3497
153.1494,-30.0721,3,1552,1149,2,186,6,-64359.7231020217,6658755.18860886,438,Calyptotis scutirostrum,0,3498
153.1494,-30.0721,3,1552,1149,2,186,6,-64359.7231020217,6658755.18860886,438,Coeranoscincus reticulatus,0,3499
153.1494,-30.0721,3,1552,1149,2,186,6,-64359.7231020217,6658755.18860886,438,Egernia mcpheei,0,3500
153.1494,-30.0721,3,1552,1149,2,186,6,-64359.7231020217,6658755.18860886,438,Eulamprus murrayi,0,3501
153.1494,-30.0721,3,1552,1149,2,186,6,-64359.7231020217,6658755.18860886,438,Ophioscincus truncatus,0,3502
153.1494,-30.0721,3,1552,1149,2,186,6,-64359.7231020217,6658755.18860886,438,Pseudechis porphyricaus,0,3503
153.1494,-30.0721,3,1552,1149,2,186,6,-64359.7231020217,6658755.18860886,438,Saltuarius swaini,0,3504
153.0249,-30.074,2,1634,1139,1,172,-4,-76379.7173633748,6657919.68562203,439,Cacophis kreftii,0,3505
153.0249,-30.074,2,1634,1139,1,172,-4,-76379.7173633748,6657919.68562203,439,Calyptotis scutirostrum,0,3506
153.0249,-30.074,2,1634,1139,1,172,-4,-76379.7173633748,6657919.68562203,439,Coeranoscincus reticulatus,0,3507
153.0249,-30.074,2,1634,1139,1,172,-4,-76379.7173633748,6657919.68562203,439,Egernia mcpheei,0,3508
153.0249,-30.074,2,1634,1139,1,172,-4,-76379.7173633748,6657919.68562203,439,Eulamprus murrayi,0,3509
153.0249,-30.074,2,1634,1139,1,172,-4,-76379.7173633748,6657919.68562203,439,Ophioscincus truncatus,0,3510
153.0249,-30.074,2,1634,1139,1,172,-4,-76379.7173633748,6657919.68562203,439,Pseudechis porphyricaus,0,3511
153.0249,-30.074,2,1634,1139,1,172,-4,-76379.7173633748,6657919.68562203,439,Saltuarius swaini,0,3512
153.0291,-30.074,2,1644,1129,1,171,-2,-75973.8358969844,6657940.9672299,440,Cacophis kreftii,0,3513
153.0291,-30.074,2,1644,1129,1,171,-2,-75973.8358969844,6657940.9672299,440,Calyptotis scutirostrum,0,3514
153.0291,-30.074,2,1644,1129,1,171,-2,-75973.8358969844,6657940.9672299,440,Coeranoscincus reticulatus,0,3515
153.0291,-30.074,2,1644,1129,1,171,-2,-75973.8358969844,6657940.9672299,440,Egernia mcpheei,0,3516
153.0291,-30.074,2,1644,1129,1,171,-2,-75973.8358969844,6657940.9672299,440,Eulamprus murrayi,0,3517
153.0291,-30.074,2,1644,1129,1,171,-2,-75973.8358969844,6657940.9672299,440,Ophioscincus truncatus,0,3518
153.0291,-30.074,2,1644,1129,1,171,-2,-75973.8358969844,6657940.9672299,440,Pseudechis porphyricaus,0,3519
153.0291,-30.074,2,1644,1129,1,171,-2,-75973.8358969844,6657940.9672299,440,Saltuarius swaini,0,3520
153.1515,-30.0757,3,1558,1149,2,186,4,-64136.2703795548,6658365.65138053,441,Cacophis kreftii,0,3521
153.1515,-30.0757,3,1558,1149,2,186,4,-64136.2703795548,6658365.65138053,441,Calyptotis scutirostrum,0,3522
153.1515,-30.0757,3,1558,1149,2,186,4,-64136.2703795548,6658365.65138053,441,Coeranoscincus reticulatus,0,3523
153.1515,-30.0757,3,1558,1149,2,186,4,-64136.2703795548,6658365.65138053,441,Egernia mcpheei,0,3524
153.1515,-30.0757,3,1558,1149,2,186,4,-64136.2703795548,6658365.65138053,441,Eulamprus murrayi,0,3525
153.1515,-30.0757,3,1558,1149,2,186,4,-64136.2703795548,6658365.65138053,441,Ophioscincus truncatus,0,3526
153.1515,-30.0757,3,1558,1149,2,186,4,-64136.2703795548,6658365.65138053,441,Pseudechis porphyricaus,0,3527
153.1515,-30.0757,3,1558,1149,2,186,4,-64136.2703795548,6658365.65138053,441,Saltuarius swaini,0,3528
153.1058,-30.0812,3,1508,1080,2,186,-6,-68520.5477469991,6657527.00217382,442,Cacophis kreftii,0,3529
153.1058,-30.0812,3,1508,1080,2,186,-6,-68520.5477469991,6657527.00217382,442,Calyptotis scutirostrum,0,3530
153.1058,-30.0812,3,1508,1080,2,186,-6,-68520.5477469991,6657527.00217382,442,Coeranoscincus reticulatus,0,3531
153.1058,-30.0812,3,1508,1080,2,186,-6,-68520.5477469991,6657527.00217382,442,Egernia mcpheei,0,3532
153.1058,-30.0812,3,1508,1080,2,186,-6,-68520.5477469991,6657527.00217382,442,Eulamprus murrayi,0,3533
153.1058,-30.0812,3,1508,1080,2,186,-6,-68520.5477469991,6657527.00217382,442,Ophioscincus truncatus,0,3534
153.1058,-30.0812,3,1508,1080,2,186,-6,-68520.5477469991,6657527.00217382,442,Pseudechis porphyricaus,0,3535
153.1058,-30.0812,3,1508,1080,2,186,-6,-68520.5477469991,6657527.00217382,442,Saltuarius swaini,0,3536
153.0208,-30.0903,3,1458,1029,2,185,-15,-76680.8512675032,6656087.77613143,443,Cacophis kreftii,0,3537
153.0208,-30.0903,3,1458,1029,2,185,-15,-76680.8512675032,6656087.77613143,443,Calyptotis scutirostrum,0,3538
153.0208,-30.0903,3,1458,1029,2,185,-15,-76680.8512675032,6656087.77613143,443,Coeranoscincus reticulatus,1,3539
153.0208,-30.0903,3,1458,1029,2,185,-15,-76680.8512675032,6656087.77613143,443,Egernia mcpheei,0,3540
153.0208,-30.0903,3,1458,1029,2,185,-15,-76680.8512675032,6656087.77613143,443,Eulamprus murrayi,0,3541
153.0208,-30.0903,3,1458,1029,2,185,-15,-76680.8512675032,6656087.77613143,443,Ophioscincus truncatus,0,3542
153.0208,-30.0903,3,1458,1029,2,185,-15,-76680.8512675032,6656087.77613143,443,Pseudechis porphyricaus,0,3543
153.0208,-30.0903,3,1458,1029,2,185,-15,-76680.8512675032,6656087.77613143,443,Saltuarius swaini,0,3544
153.0291,-30.0903,3,1614,1009,2,173,17,-75878.8843651417,6656129.86091213,444,Cacophis kreftii,0,3545
153.0291,-30.0903,3,1614,1009,2,173,17,-75878.8843651417,6656129.86091213,444,Calyptotis scutirostrum,0,3546
153.0291,-30.0903,3,1614,1009,2,173,17,-75878.8843651417,6656129.86091213,444,Coeranoscincus reticulatus,0,3547
153.0291,-30.0903,3,1614,1009,2,173,17,-75878.8843651417,6656129.86091213,444,Egernia mcpheei,0,3548
153.0291,-30.0903,3,1614,1009,2,173,17,-75878.8843651417,6656129.86091213,444,Eulamprus murrayi,0,3549
153.0291,-30.0903,3,1614,1009,2,173,17,-75878.8843651417,6656129.86091213,444,Ophioscincus truncatus,0,3550
153.0291,-30.0903,3,1614,1009,2,173,17,-75878.8843651417,6656129.86091213,444,Pseudechis porphyricaus,0,3551
153.0291,-30.0903,3,1614,1009,2,173,17,-75878.8843651417,6656129.86091213,444,Saltuarius swaini,0,3552
153.0332,-30.0903,3,1630,1100,2,172,-4,-75482.7342681714,6656150.62793258,445,Cacophis kreftii,0,3553
153.0332,-30.0903,3,1630,1100,2,172,-4,-75482.7342681714,6656150.62793258,445,Calyptotis scutirostrum,0,3554
153.0332,-30.0903,3,1630,1100,2,172,-4,-75482.7342681714,6656150.62793258,445,Coeranoscincus reticulatus,0,3555
153.0332,-30.0903,3,1630,1100,2,172,-4,-75482.7342681714,6656150.62793258,445,Egernia mcpheei,0,3556
153.0332,-30.0903,3,1630,1100,2,172,-4,-75482.7342681714,6656150.62793258,445,Eulamprus murrayi,0,3557
153.0332,-30.0903,3,1630,1100,2,172,-4,-75482.7342681714,6656150.62793258,445,Ophioscincus truncatus,0,3558
153.0332,-30.0903,3,1630,1100,2,172,-4,-75482.7342681714,6656150.62793258,445,Pseudechis porphyricaus,0,3559
153.0332,-30.0903,3,1630,1100,2,172,-4,-75482.7342681714,6656150.62793258,445,Saltuarius swaini,0,3560
152.5683,-30.095,3,1374,1039,2,143,3,-120382.384748804,6653181.25500076,446,Cacophis kreftii,0,3561
152.5683,-30.095,3,1374,1039,2,143,3,-120382.384748804,6653181.25500076,446,Calyptotis scutirostrum,0,3562
152.5683,-30.095,3,1374,1039,2,143,3,-120382.384748804,6653181.25500076,446,Coeranoscincus reticulatus,1,3563
152.5683,-30.095,3,1374,1039,2,143,3,-120382.384748804,6653181.25500076,446,Egernia mcpheei,0,3564
152.5683,-30.095,3,1374,1039,2,143,3,-120382.384748804,6653181.25500076,446,Eulamprus murrayi,0,3565
152.5683,-30.095,3,1374,1039,2,143,3,-120382.384748804,6653181.25500076,446,Ophioscincus truncatus,0,3566
152.5683,-30.095,3,1374,1039,2,143,3,-120382.384748804,6653181.25500076,446,Pseudechis porphyricaus,0,3567
152.5683,-30.095,3,1374,1039,2,143,3,-120382.384748804,6653181.25500076,446,Saltuarius swaini,0,3568
152.4188,-30.1034,3,1262,970,2,122,31,-134779.996572383,6651420.87222455,447,Cacophis kreftii,0,3569
152.4188,-30.1034,3,1262,970,2,122,31,-134779.996572383,6651420.87222455,447,Calyptotis scutirostrum,0,3570
152.4188,-30.1034,3,1262,970,2,122,31,-134779.996572383,6651420.87222455,447,Coeranoscincus reticulatus,0,3571
152.4188,-30.1034,3,1262,970,2,122,31,-134779.996572383,6651420.87222455,447,Egernia mcpheei,0,3572
152.4188,-30.1034,3,1262,970,2,122,31,-134779.996572383,6651420.87222455,447,Eulamprus murrayi,0,3573
152.4188,-30.1034,3,1262,970,2,122,31,-134779.996572383,6651420.87222455,447,Ophioscincus truncatus,0,3574
152.4188,-30.1034,3,1262,970,2,122,31,-134779.996572383,6651420.87222455,447,Pseudechis porphyricaus,0,3575
152.4188,-30.1034,3,1262,970,2,122,31,-134779.996572383,6651420.87222455,447,Saltuarius swaini,0,3576
153.1349,-30.1064,3,1600,1169,2,186,-11,-65564.5991112257,6654872.41500766,448,Cacophis kreftii,0,3577
153.1349,-30.1064,3,1600,1169,2,186,-11,-65564.5991112257,6654872.41500766,448,Calyptotis scutirostrum,0,3578
153.1349,-30.1064,3,1600,1169,2,186,-11,-65564.5991112257,6654872.41500766,448,Coeranoscincus reticulatus,0,3579
153.1349,-30.1064,3,1600,1169,2,186,-11,-65564.5991112257,6654872.41500766,448,Egernia mcpheei,0,3580
153.1349,-30.1064,3,1600,1169,2,186,-11,-65564.5991112257,6654872.41500766,448,Eulamprus murrayi,0,3581
153.1349,-30.1064,3,1600,1169,2,186,-11,-65564.5991112257,6654872.41500766,448,Ophioscincus truncatus,1,3582
153.1349,-30.1064,3,1600,1169,2,186,-11,-65564.5991112257,6654872.41500766,448,Pseudechis porphyricaus,0,3583
153.1349,-30.1064,3,1600,1169,2,186,-11,-65564.5991112257,6654872.41500766,448,Saltuarius swaini,0,3584
152.4105,-30.107,3,1232,1129,2,124,10,-135559.130529282,6650974.17840999,449,Cacophis kreftii,0,3585
152.4105,-30.107,3,1232,1129,2,124,10,-135559.130529282,6650974.17840999,449,Calyptotis scutirostrum,0,3586
152.4105,-30.107,3,1232,1129,2,124,10,-135559.130529282,6650974.17840999,449,Coeranoscincus reticulatus,0,3587
152.4105,-30.107,3,1232,1129,2,124,10,-135559.130529282,6650974.17840999,449,Egernia mcpheei,0,3588
152.4105,-30.107,3,1232,1129,2,124,10,-135559.130529282,6650974.17840999,449,Eulamprus murrayi,0,3589
152.4105,-30.107,3,1232,1129,2,124,10,-135559.130529282,6650974.17840999,449,Ophioscincus truncatus,1,3590
152.4105,-30.107,3,1232,1129,2,124,10,-135559.130529282,6650974.17840999,449,Pseudechis porphyricaus,0,3591
152.4105,-30.107,3,1232,1129,2,124,10,-135559.130529282,6650974.17840999,449,Saltuarius swaini,0,3592
153.137,-30.1101,2,1604,1169,2,186,-3,-65340.5697630112,6654471.79599168,450,Cacophis kreftii,0,3593
153.137,-30.1101,2,1604,1169,2,186,-3,-65340.5697630112,6654471.79599168,450,Calyptotis scutirostrum,0,3594
153.137,-30.1101,2,1604,1169,2,186,-3,-65340.5697630112,6654471.79599168,450,Coeranoscincus reticulatus,0,3595
153.137,-30.1101,2,1604,1169,2,186,-3,-65340.5697630112,6654471.79599168,450,Egernia mcpheei,0,3596
153.137,-30.1101,2,1604,1169,2,186,-3,-65340.5697630112,6654471.79599168,450,Eulamprus murrayi,0,3597
153.137,-30.1101,2,1604,1169,2,186,-3,-65340.5697630112,6654471.79599168,450,Ophioscincus truncatus,0,3598
153.137,-30.1101,2,1604,1169,2,186,-3,-65340.5697630112,6654471.79599168,450,Pseudechis porphyricaus,0,3599
153.137,-30.1101,2,1604,1169,2,186,-3,-65340.5697630112,6654471.79599168,450,Saltuarius swaini,0,3600
152.4291,-30.1125,3,1108,1049,2,137,-20,-133725.887870527,6650466.75851713,451,Cacophis kreftii,0,3601
152.4291,-30.1125,3,1108,1049,2,137,-20,-133725.887870527,6650466.75851713,451,Calyptotis scutirostrum,0,3602
152.4291,-30.1125,3,1108,1049,2,137,-20,-133725.887870527,6650466.75851713,451,Coeranoscincus reticulatus,0,3603
152.4291,-30.1125,3,1108,1049,2,137,-20,-133725.887870527,6650466.75851713,451,Egernia mcpheei,0,3604
152.4291,-30.1125,3,1108,1049,2,137,-20,-133725.887870527,6650466.75851713,451,Eulamprus murrayi,0,3605
152.4291,-30.1125,3,1108,1049,2,137,-20,-133725.887870527,6650466.75851713,451,Ophioscincus truncatus,1,3606
152.4291,-30.1125,3,1108,1049,2,137,-20,-133725.887870527,6650466.75851713,451,Pseudechis porphyricaus,0,3607
152.4291,-30.1125,3,1108,1049,2,137,-20,-133725.887870527,6650466.75851713,451,Saltuarius swaini,0,3608
153.0644,-30.1137,2,1638,1039,2,172,-12,-72332.601103373,6653708.27718798,452,Cacophis kreftii,0,3609
153.0644,-30.1137,2,1638,1039,2,172,-12,-72332.601103373,6653708.27718798,452,Calyptotis scutirostrum,1,3610
153.0644,-30.1137,2,1638,1039,2,172,-12,-72332.601103373,6653708.27718798,452,Coeranoscincus reticulatus,0,3611
153.0644,-30.1137,2,1638,1039,2,172,-12,-72332.601103373,6653708.27718798,452,Egernia mcpheei,0,3612
153.0644,-30.1137,2,1638,1039,2,172,-12,-72332.601103373,6653708.27718798,452,Eulamprus murrayi,0,3613
153.0644,-30.1137,2,1638,1039,2,172,-12,-72332.601103373,6653708.27718798,452,Ophioscincus truncatus,0,3614
153.0644,-30.1137,2,1638,1039,2,172,-12,-72332.601103373,6653708.27718798,452,Pseudechis porphyricaus,0,3615
153.0644,-30.1137,2,1638,1039,2,172,-12,-72332.601103373,6653708.27718798,452,Saltuarius swaini,0,3616
153.1329,-30.1137,3,1604,1139,2,184,20,-65715.9824501461,6654051.42508003,453,Cacophis kreftii,0,3617
153.1329,-30.1137,3,1604,1139,2,184,20,-65715.9824501461,6654051.42508003,453,Calyptotis scutirostrum,0,3618
153.1329,-30.1137,3,1604,1139,2,184,20,-65715.9824501461,6654051.42508003,453,Coeranoscincus reticulatus,0,3619
153.1329,-30.1137,3,1604,1139,2,184,20,-65715.9824501461,6654051.42508003,453,Egernia mcpheei,0,3620
153.1329,-30.1137,3,1604,1139,2,184,20,-65715.9824501461,6654051.42508003,453,Eulamprus murrayi,0,3621
153.1329,-30.1137,3,1604,1139,2,184,20,-65715.9824501461,6654051.42508003,453,Ophioscincus truncatus,0,3622
153.1329,-30.1137,3,1604,1139,2,184,20,-65715.9824501461,6654051.42508003,453,Pseudechis porphyricaus,0,3623
153.1329,-30.1137,3,1604,1139,2,184,20,-65715.9824501461,6654051.42508003,453,Saltuarius swaini,0,3624
153.081,-30.1155,2,1760,1019,2,167,10,-70718.7171520564,6653591.81441433,454,Cacophis kreftii,0,3625
153.081,-30.1155,2,1760,1019,2,167,10,-70718.7171520564,6653591.81441433,454,Calyptotis scutirostrum,0,3626
153.081,-30.1155,2,1760,1019,2,167,10,-70718.7171520564,6653591.81441433,454,Coeranoscincus reticulatus,0,3627
153.081,-30.1155,2,1760,1019,2,167,10,-70718.7171520564,6653591.81441433,454,Egernia mcpheei,0,3628
153.081,-30.1155,2,1760,1019,2,167,10,-70718.7171520564,6653591.81441433,454,Eulamprus murrayi,0,3629
153.081,-30.1155,2,1760,1019,2,167,10,-70718.7171520564,6653591.81441433,454,Ophioscincus truncatus,0,3630
153.081,-30.1155,2,1760,1019,2,167,10,-70718.7171520564,6653591.81441433,454,Pseudechis porphyricaus,0,3631
153.081,-30.1155,2,1760,1019,2,167,10,-70718.7171520564,6653591.81441433,454,Saltuarius swaini,0,3632
153.0519,-30.1173,3,1622,1049,2,177,-2,-73519.1463872662,6653245.23330371,455,Cacophis kreftii,0,3633
153.0519,-30.1173,3,1622,1049,2,177,-2,-73519.1463872662,6653245.23330371,455,Calyptotis scutirostrum,0,3634
153.0519,-30.1173,3,1622,1049,2,177,-2,-73519.1463872662,6653245.23330371,455,Coeranoscincus reticulatus,0,3635
153.0519,-30.1173,3,1622,1049,2,177,-2,-73519.1463872662,6653245.23330371,455,Egernia mcpheei,0,3636
153.0519,-30.1173,3,1622,1049,2,177,-2,-73519.1463872662,6653245.23330371,455,Eulamprus murrayi,0,3637
153.0519,-30.1173,3,1622,1049,2,177,-2,-73519.1463872662,6653245.23330371,455,Ophioscincus truncatus,0,3638
153.0519,-30.1173,3,1622,1049,2,177,-2,-73519.1463872662,6653245.23330371,455,Pseudechis porphyricaus,0,3639
153.0519,-30.1173,3,1622,1049,2,177,-2,-73519.1463872662,6653245.23330371,455,Saltuarius swaini,0,3640
153.1308,-30.1173,2,1670,1100,3,183,8,-65898.1917227338,6653641.00290433,456,Cacophis kreftii,0,3641
153.1308,-30.1173,2,1670,1100,3,183,8,-65898.1917227338,6653641.00290433,456,Calyptotis scutirostrum,0,3642
153.1308,-30.1173,2,1670,1100,3,183,8,-65898.1917227338,6653641.00290433,456,Coeranoscincus reticulatus,0,3643
153.1308,-30.1173,2,1670,1100,3,183,8,-65898.1917227338,6653641.00290433,456,Egernia mcpheei,0,3644
153.1308,-30.1173,2,1670,1100,3,183,8,-65898.1917227338,6653641.00290433,456,Eulamprus murrayi,0,3645
153.1308,-30.1173,2,1670,1100,3,183,8,-65898.1917227338,6653641.00290433,456,Ophioscincus truncatus,0,3646
153.1308,-30.1173,2,1670,1100,3,183,8,-65898.1917227338,6653641.00290433,456,Pseudechis porphyricaus,0,3647
153.1308,-30.1173,2,1670,1100,3,183,8,-65898.1917227338,6653641.00290433,456,Saltuarius swaini,0,3648
153.1266,-30.1191,2,1674,1139,3,183,-13,-66293.5330787846,6653420.08829042,457,Cacophis kreftii,0,3649
153.1266,-30.1191,2,1674,1139,3,183,-13,-66293.5330787846,6653420.08829042,457,Calyptotis scutirostrum,0,3650
153.1266,-30.1191,2,1674,1139,3,183,-13,-66293.5330787846,6653420.08829042,457,Coeranoscincus reticulatus,0,3651
153.1266,-30.1191,2,1674,1139,3,183,-13,-66293.5330787846,6653420.08829042,457,Egernia mcpheei,0,3652
153.1266,-30.1191,2,1674,1139,3,183,-13,-66293.5330787846,6653420.08829042,457,Eulamprus murrayi,0,3653
153.1266,-30.1191,2,1674,1139,3,183,-13,-66293.5330787846,6653420.08829042,457,Ophioscincus truncatus,0,3654
153.1266,-30.1191,2,1674,1139,3,183,-13,-66293.5330787846,6653420.08829042,457,Pseudechis porphyricaus,0,3655
153.1266,-30.1191,2,1674,1139,3,183,-13,-66293.5330787846,6653420.08829042,457,Saltuarius swaini,0,3656
152.4311,-30.1251,3,1158,1049,2,132,-17,-133451.630563193,6649077.13745528,458,Cacophis kreftii,0,3657
152.4311,-30.1251,3,1158,1049,2,132,-17,-133451.630563193,6649077.13745528,458,Calyptotis scutirostrum,0,3658
152.4311,-30.1251,3,1158,1049,2,132,-17,-133451.630563193,6649077.13745528,458,Coeranoscincus reticulatus,0,3659
152.4311,-30.1251,3,1158,1049,2,132,-17,-133451.630563193,6649077.13745528,458,Egernia mcpheei,0,3660
152.4311,-30.1251,3,1158,1049,2,132,-17,-133451.630563193,6649077.13745528,458,Eulamprus murrayi,0,3661
152.4311,-30.1251,3,1158,1049,2,132,-17,-133451.630563193,6649077.13745528,458,Ophioscincus truncatus,0,3662
152.4311,-30.1251,3,1158,1049,2,132,-17,-133451.630563193,6649077.13745528,458,Pseudechis porphyricaus,0,3663
152.4311,-30.1251,3,1158,1049,2,132,-17,-133451.630563193,6649077.13745528,458,Saltuarius swaini,0,3664
152.4145,-30.1323,3,1260,1120,2,117,6,-135009.523580843,6648183.83082822,459,Cacophis kreftii,0,3665
152.4145,-30.1323,3,1260,1120,2,117,6,-135009.523580843,6648183.83082822,459,Calyptotis scutirostrum,0,3666
152.4145,-30.1323,3,1260,1120,2,117,6,-135009.523580843,6648183.83082822,459,Coeranoscincus reticulatus,0,3667
152.4145,-30.1323,3,1260,1120,2,117,6,-135009.523580843,6648183.83082822,459,Egernia mcpheei,0,3668
152.4145,-30.1323,3,1260,1120,2,117,6,-135009.523580843,6648183.83082822,459,Eulamprus murrayi,0,3669
152.4145,-30.1323,3,1260,1120,2,117,6,-135009.523580843,6648183.83082822,459,Ophioscincus truncatus,0,3670
152.4145,-30.1323,3,1260,1120,2,117,6,-135009.523580843,6648183.83082822,459,Pseudechis porphyricaus,0,3671
152.4145,-30.1323,3,1260,1120,2,117,6,-135009.523580843,6648183.83082822,459,Saltuarius swaini,0,3672
152.4207,-30.1377,3,1308,1090,2,112,20,-134375.611414242,6647618.19446976,460,Cacophis kreftii,0,3673
152.4207,-30.1377,3,1308,1090,2,112,20,-134375.611414242,6647618.19446976,460,Calyptotis scutirostrum,0,3674
152.4207,-30.1377,3,1308,1090,2,112,20,-134375.611414242,6647618.19446976,460,Coeranoscincus reticulatus,0,3675
152.4207,-30.1377,3,1308,1090,2,112,20,-134375.611414242,6647618.19446976,460,Egernia mcpheei,0,3676
152.4207,-30.1377,3,1308,1090,2,112,20,-134375.611414242,6647618.19446976,460,Eulamprus murrayi,0,3677
152.4207,-30.1377,3,1308,1090,2,112,20,-134375.611414242,6647618.19446976,460,Ophioscincus truncatus,0,3678
152.4207,-30.1377,3,1308,1090,2,112,20,-134375.611414242,6647618.19446976,460,Pseudechis porphyricaus,0,3679
152.4207,-30.1377,3,1308,1090,2,112,20,-134375.611414242,6647618.19446976,460,Saltuarius swaini,0,3680
152.4434,-30.1487,1,1326,1039,2,122,-10,-132111.524830825,6646522.10607269,461,Cacophis kreftii,0,3681
152.4434,-30.1487,1,1326,1039,2,122,-10,-132111.524830825,6646522.10607269,461,Calyptotis scutirostrum,0,3682
152.4434,-30.1487,1,1326,1039,2,122,-10,-132111.524830825,6646522.10607269,461,Coeranoscincus reticulatus,0,3683
152.4434,-30.1487,1,1326,1039,2,122,-10,-132111.524830825,6646522.10607269,461,Egernia mcpheei,0,3684
152.4434,-30.1487,1,1326,1039,2,122,-10,-132111.524830825,6646522.10607269,461,Eulamprus murrayi,0,3685
152.4434,-30.1487,1,1326,1039,2,122,-10,-132111.524830825,6646522.10607269,461,Ophioscincus truncatus,0,3686
152.4434,-30.1487,1,1326,1039,2,122,-10,-132111.524830825,6646522.10607269,461,Pseudechis porphyricaus,0,3687
152.4434,-30.1487,1,1326,1039,2,122,-10,-132111.524830825,6646522.10607269,461,Saltuarius swaini,0,3688
152.4662,-30.1542,1,1274,1059,2,126,22,-129873.482679348,6646037.61836241,462,Cacophis kreftii,0,3689
152.4662,-30.1542,1,1274,1059,2,126,22,-129873.482679348,6646037.61836241,462,Calyptotis scutirostrum,0,3690
152.4662,-30.1542,1,1274,1059,2,126,22,-129873.482679348,6646037.61836241,462,Coeranoscincus reticulatus,0,3691
152.4662,-30.1542,1,1274,1059,2,126,22,-129873.482679348,6646037.61836241,462,Egernia mcpheei,0,3692
152.4662,-30.1542,1,1274,1059,2,126,22,-129873.482679348,6646037.61836241,462,Eulamprus murrayi,0,3693
152.4662,-30.1542,1,1274,1059,2,126,22,-129873.482679348,6646037.61836241,462,Ophioscincus truncatus,1,3694
152.4662,-30.1542,1,1274,1059,2,126,22,-129873.482679348,6646037.61836241,462,Pseudechis porphyricaus,0,3695
152.4662,-30.1542,1,1274,1059,2,126,22,-129873.482679348,6646037.61836241,462,Saltuarius swaini,0,3696
152.4579,-30.165,1,1170,1039,2,133,9,-130606.171632184,6644790.80822609,463,Cacophis kreftii,0,3697
152.4579,-30.165,1,1170,1039,2,133,9,-130606.171632184,6644790.80822609,463,Calyptotis scutirostrum,0,3698
152.4579,-30.165,1,1170,1039,2,133,9,-130606.171632184,6644790.80822609,463,Coeranoscincus reticulatus,0,3699
152.4579,-30.165,1,1170,1039,2,133,9,-130606.171632184,6644790.80822609,463,Egernia mcpheei,0,3700
152.4579,-30.165,1,1170,1039,2,133,9,-130606.171632184,6644790.80822609,463,Eulamprus murrayi,0,3701
152.4579,-30.165,1,1170,1039,2,133,9,-130606.171632184,6644790.80822609,463,Ophioscincus truncatus,0,3702
152.4579,-30.165,1,1170,1039,2,133,9,-130606.171632184,6644790.80822609,463,Pseudechis porphyricaus,0,3703
152.4579,-30.165,1,1170,1039,2,133,9,-130606.171632184,6644790.80822609,463,Saltuarius swaini,0,3704
153.1662,-30.1949,1,1558,1320,1,187,0,-62036.5636510338,6645195.69882671,464,Cacophis kreftii,0,3705
153.1662,-30.1949,1,1558,1320,1,187,0,-62036.5636510338,6645195.69882671,464,Calyptotis scutirostrum,0,3706
153.1662,-30.1949,1,1558,1320,1,187,0,-62036.5636510338,6645195.69882671,464,Coeranoscincus reticulatus,0,3707
153.1662,-30.1949,1,1558,1320,1,187,0,-62036.5636510338,6645195.69882671,464,Egernia mcpheei,0,3708
153.1662,-30.1949,1,1558,1320,1,187,0,-62036.5636510338,6645195.69882671,464,Eulamprus murrayi,0,3709
153.1662,-30.1949,1,1558,1320,1,187,0,-62036.5636510338,6645195.69882671,464,Ophioscincus truncatus,0,3710
153.1662,-30.1949,1,1558,1320,1,187,0,-62036.5636510338,6645195.69882671,464,Pseudechis porphyricaus,0,3711
153.1662,-30.1949,1,1558,1320,1,187,0,-62036.5636510338,6645195.69882671,464,Saltuarius swaini,0,3712
153.16,-30.2039,1,1560,1340,1,187,0,-62583.4630101623,6644165.05504434,465,Cacophis kreftii,0,3713
153.16,-30.2039,1,1560,1340,1,187,0,-62583.4630101623,6644165.05504434,465,Calyptotis scutirostrum,0,3714
153.16,-30.2039,1,1560,1340,1,187,0,-62583.4630101623,6644165.05504434,465,Coeranoscincus reticulatus,0,3715
153.16,-30.2039,1,1560,1340,1,187,0,-62583.4630101623,6644165.05504434,465,Egernia mcpheei,0,3716
153.16,-30.2039,1,1560,1340,1,187,0,-62583.4630101623,6644165.05504434,465,Eulamprus murrayi,0,3717
153.16,-30.2039,1,1560,1340,1,187,0,-62583.4630101623,6644165.05504434,465,Ophioscincus truncatus,0,3718
153.16,-30.2039,1,1560,1340,1,187,0,-62583.4630101623,6644165.05504434,465,Pseudechis porphyricaus,0,3719
153.16,-30.2039,1,1560,1340,1,187,0,-62583.4630101623,6644165.05504434,465,Saltuarius swaini,0,3720
152.5894,-30.5047,3,2022,1129,2,160,32,-115761.259376518,6607755.8119681,466,Cacophis kreftii,0,3721
152.5894,-30.5047,3,2022,1129,2,160,32,-115761.259376518,6607755.8119681,466,Calyptotis scutirostrum,0,3722
152.5894,-30.5047,3,2022,1129,2,160,32,-115761.259376518,6607755.8119681,466,Coeranoscincus reticulatus,0,3723
152.5894,-30.5047,3,2022,1129,2,160,32,-115761.259376518,6607755.8119681,466,Egernia mcpheei,0,3724
152.5894,-30.5047,3,2022,1129,2,160,32,-115761.259376518,6607755.8119681,466,Eulamprus murrayi,0,3725
152.5894,-30.5047,3,2022,1129,2,160,32,-115761.259376518,6607755.8119681,466,Ophioscincus truncatus,1,3726
152.5894,-30.5047,3,2022,1129,2,160,32,-115761.259376518,6607755.8119681,466,Pseudechis porphyricaus,0,3727
152.5894,-30.5047,3,2022,1129,2,160,32,-115761.259376518,6607755.8119681,466,Saltuarius swaini,0,3728
152.5831,-30.5083,3,2158,1049,2,156,-5,-116344.781756856,6607321.05029289,467,Cacophis kreftii,0,3729
152.5831,-30.5083,3,2158,1049,2,156,-5,-116344.781756856,6607321.05029289,467,Calyptotis scutirostrum,0,3730
152.5831,-30.5083,3,2158,1049,2,156,-5,-116344.781756856,6607321.05029289,467,Coeranoscincus reticulatus,0,3731
152.5831,-30.5083,3,2158,1049,2,156,-5,-116344.781756856,6607321.05029289,467,Egernia mcpheei,0,3732
152.5831,-30.5083,3,2158,1049,2,156,-5,-116344.781756856,6607321.05029289,467,Eulamprus murrayi,0,3733
152.5831,-30.5083,3,2158,1049,2,156,-5,-116344.781756856,6607321.05029289,467,Ophioscincus truncatus,0,3734
152.5831,-30.5083,3,2158,1049,2,156,-5,-116344.781756856,6607321.05029289,467,Pseudechis porphyricaus,0,3735
152.5831,-30.5083,3,2158,1049,2,156,-5,-116344.781756856,6607321.05029289,467,Saltuarius swaini,1,3736
152.5769,-30.5101,3,2044,1000,2,158,-3,-116930.07178939,6607086.88072362,468,Cacophis kreftii,0,3737
152.5769,-30.5101,3,2044,1000,2,158,-3,-116930.07178939,6607086.88072362,468,Calyptotis scutirostrum,0,3738
152.5769,-30.5101,3,2044,1000,2,158,-3,-116930.07178939,6607086.88072362,468,Coeranoscincus reticulatus,0,3739
152.5769,-30.5101,3,2044,1000,2,158,-3,-116930.07178939,6607086.88072362,468,Egernia mcpheei,0,3740
152.5769,-30.5101,3,2044,1000,2,158,-3,-116930.07178939,6607086.88072362,468,Eulamprus murrayi,0,3741
152.5769,-30.5101,3,2044,1000,2,158,-3,-116930.07178939,6607086.88072362,468,Ophioscincus truncatus,0,3742
152.5769,-30.5101,3,2044,1000,2,158,-3,-116930.07178939,6607086.88072362,468,Pseudechis porphyricaus,0,3743
152.5769,-30.5101,3,2044,1000,2,158,-3,-116930.07178939,6607086.88072362,468,Saltuarius swaini,0,3744
152.3872,-30.5112,1,1956,1200,4,108,10,-135182.125940809,6605905.40361032,469,Cacophis kreftii,0,3745
152.3872,-30.5112,1,1956,1200,4,108,10,-135182.125940809,6605905.40361032,469,Calyptotis scutirostrum,0,3746
152.3872,-30.5112,1,1956,1200,4,108,10,-135182.125940809,6605905.40361032,469,Coeranoscincus reticulatus,0,3747
152.3872,-30.5112,1,1956,1200,4,108,10,-135182.125940809,6605905.40361032,469,Egernia mcpheei,0,3748
152.3872,-30.5112,1,1956,1200,4,108,10,-135182.125940809,6605905.40361032,469,Eulamprus murrayi,0,3749
152.3872,-30.5112,1,1956,1200,4,108,10,-135182.125940809,6605905.40361032,469,Ophioscincus truncatus,0,3750
152.3872,-30.5112,1,1956,1200,4,108,10,-135182.125940809,6605905.40361032,469,Pseudechis porphyricaus,0,3751
152.3872,-30.5112,1,1956,1200,4,108,10,-135182.125940809,6605905.40361032,469,Saltuarius swaini,0,3752
152.6206,-30.5157,3,1846,1100,2,179,-18,-112688.935976116,6606703.99600922,470,Cacophis kreftii,0,3753
152.6206,-30.5157,3,1846,1100,2,179,-18,-112688.935976116,6606703.99600922,470,Calyptotis scutirostrum,0,3754
152.6206,-30.5157,3,1846,1100,2,179,-18,-112688.935976116,6606703.99600922,470,Coeranoscincus reticulatus,0,3755
152.6206,-30.5157,3,1846,1100,2,179,-18,-112688.935976116,6606703.99600922,470,Egernia mcpheei,0,3756
152.6206,-30.5157,3,1846,1100,2,179,-18,-112688.935976116,6606703.99600922,470,Eulamprus murrayi,0,3757
152.6206,-30.5157,3,1846,1100,2,179,-18,-112688.935976116,6606703.99600922,470,Ophioscincus truncatus,1,3758
152.6206,-30.5157,3,1846,1100,2,179,-18,-112688.935976116,6606703.99600922,470,Pseudechis porphyricaus,0,3759
152.6206,-30.5157,3,1846,1100,2,179,-18,-112688.935976116,6606703.99600922,470,Saltuarius swaini,0,3760
152.3892,-30.5202,1,2092,1139,4,107,19,-134930.718085458,6604916.14739508,471,Cacophis kreftii,0,3761
152.3892,-30.5202,1,2092,1139,4,107,19,-134930.718085458,6604916.14739508,471,Calyptotis scutirostrum,0,3762
152.3892,-30.5202,1,2092,1139,4,107,19,-134930.718085458,6604916.14739508,471,Coeranoscincus reticulatus,0,3763
152.3892,-30.5202,1,2092,1139,4,107,19,-134930.718085458,6604916.14739508,471,Egernia mcpheei,0,3764
152.3892,-30.5202,1,2092,1139,4,107,19,-134930.718085458,6604916.14739508,471,Eulamprus murrayi,0,3765
152.3892,-30.5202,1,2092,1139,4,107,19,-134930.718085458,6604916.14739508,471,Ophioscincus truncatus,0,3766
152.3892,-30.5202,1,2092,1139,4,107,19,-134930.718085458,6604916.14739508,471,Pseudechis porphyricaus,0,3767
152.3892,-30.5202,1,2092,1139,4,107,19,-134930.718085458,6604916.14739508,471,Saltuarius swaini,0,3768
152.3871,-30.5238,1,2020,1169,4,107,13,-135109.280717108,6604504.0129809,472,Cacophis kreftii,0,3769
152.3871,-30.5238,1,2020,1169,4,107,13,-135109.280717108,6604504.0129809,472,Calyptotis scutirostrum,0,3770
152.3871,-30.5238,1,2020,1169,4,107,13,-135109.280717108,6604504.0129809,472,Coeranoscincus reticulatus,0,3771
152.3871,-30.5238,1,2020,1169,4,107,13,-135109.280717108,6604504.0129809,472,Egernia mcpheei,0,3772
152.3871,-30.5238,1,2020,1169,4,107,13,-135109.280717108,6604504.0129809,472,Eulamprus murrayi,0,3773
152.3871,-30.5238,1,2020,1169,4,107,13,-135109.280717108,6604504.0129809,472,Ophioscincus truncatus,0,3774
152.3871,-30.5238,1,2020,1169,4,107,13,-135109.280717108,6604504.0129809,472,Pseudechis porphyricaus,0,3775
152.3871,-30.5238,1,2020,1169,4,107,13,-135109.280717108,6604504.0129809,472,Saltuarius swaini,0,3776
152.6164,-30.5247,3,2366,1039,2,154,48,-113036.28359126,6605680.67290244,473,Cacophis kreftii,0,3777
152.6164,-30.5247,3,2366,1039,2,154,48,-113036.28359126,6605680.67290244,473,Calyptotis scutirostrum,0,3778
152.6164,-30.5247,3,2366,1039,2,154,48,-113036.28359126,6605680.67290244,473,Coeranoscincus reticulatus,0,3779
152.6164,-30.5247,3,2366,1039,2,154,48,-113036.28359126,6605680.67290244,473,Egernia mcpheei,0,3780
152.6164,-30.5247,3,2366,1039,2,154,48,-113036.28359126,6605680.67290244,473,Eulamprus murrayi,0,3781
152.6164,-30.5247,3,2366,1039,2,154,48,-113036.28359126,6605680.67290244,473,Ophioscincus truncatus,0,3782
152.6164,-30.5247,3,2366,1039,2,154,48,-113036.28359126,6605680.67290244,473,Pseudechis porphyricaus,0,3783
152.6164,-30.5247,3,2366,1039,2,154,48,-113036.28359126,6605680.67290244,473,Saltuarius swaini,0,3784
152.6206,-30.5247,3,2234,970,2,160,48,-112632.133917882,6605703.6317525,474,Cacophis kreftii,0,3785
152.6206,-30.5247,3,2234,970,2,160,48,-112632.133917882,6605703.6317525,474,Calyptotis scutirostrum,0,3786
152.6206,-30.5247,3,2234,970,2,160,48,-112632.133917882,6605703.6317525,474,Coeranoscincus reticulatus,0,3787
152.6206,-30.5247,3,2234,970,2,160,48,-112632.133917882,6605703.6317525,474,Egernia mcpheei,0,3788
152.6206,-30.5247,3,2234,970,2,160,48,-112632.133917882,6605703.6317525,474,Eulamprus murrayi,0,3789
152.6206,-30.5247,3,2234,970,2,160,48,-112632.133917882,6605703.6317525,474,Ophioscincus truncatus,0,3790
152.6206,-30.5247,3,2234,970,2,160,48,-112632.133917882,6605703.6317525,474,Pseudechis porphyricaus,0,3791
152.6206,-30.5247,3,2234,970,2,160,48,-112632.133917882,6605703.6317525,474,Saltuarius swaini,0,3792
152.7186,-30.5285,3,1822,1000,2,168,40,-103178.812815837,6605812.65044331,475,Cacophis kreftii,0,3793
152.7186,-30.5285,3,1822,1000,2,168,40,-103178.812815837,6605812.65044331,475,Calyptotis scutirostrum,0,3794
152.7186,-30.5285,3,1822,1000,2,168,40,-103178.812815837,6605812.65044331,475,Coeranoscincus reticulatus,0,3795
152.7186,-30.5285,3,1822,1000,2,168,40,-103178.812815837,6605812.65044331,475,Egernia mcpheei,0,3796
152.7186,-30.5285,3,1822,1000,2,168,40,-103178.812815837,6605812.65044331,475,Eulamprus murrayi,1,3797
152.7186,-30.5285,3,1822,1000,2,168,40,-103178.812815837,6605812.65044331,475,Ophioscincus truncatus,0,3798
152.7186,-30.5285,3,1822,1000,2,168,40,-103178.812815837,6605812.65044331,475,Pseudechis porphyricaus,0,3799
152.7186,-30.5285,3,1822,1000,2,168,40,-103178.812815837,6605812.65044331,475,Saltuarius swaini,0,3800
152.7185,-30.5358,3,1730,1070,2,180,33,-103143.062343384,6605000.78050746,476,Cacophis kreftii,0,3801
152.7185,-30.5358,3,1730,1070,2,180,33,-103143.062343384,6605000.78050746,476,Calyptotis scutirostrum,0,3802
152.7185,-30.5358,3,1730,1070,2,180,33,-103143.062343384,6605000.78050746,476,Coeranoscincus reticulatus,0,3803
152.7185,-30.5358,3,1730,1070,2,180,33,-103143.062343384,6605000.78050746,476,Egernia mcpheei,0,3804
152.7185,-30.5358,3,1730,1070,2,180,33,-103143.062343384,6605000.78050746,476,Eulamprus murrayi,0,3805
152.7185,-30.5358,3,1730,1070,2,180,33,-103143.062343384,6605000.78050746,476,Ophioscincus truncatus,0,3806
152.7185,-30.5358,3,1730,1070,2,180,33,-103143.062343384,6605000.78050746,476,Pseudechis porphyricaus,0,3807
152.7185,-30.5358,3,1730,1070,2,180,33,-103143.062343384,6605000.78050746,476,Saltuarius swaini,0,3808
152.7185,-30.5412,3,1636,1129,2,185,-21,-103109.493341144,6604400.61726949,477,Cacophis kreftii,0,3809
152.7185,-30.5412,3,1636,1129,2,185,-21,-103109.493341144,6604400.61726949,477,Calyptotis scutirostrum,0,3810
152.7185,-30.5412,3,1636,1129,2,185,-21,-103109.493341144,6604400.61726949,477,Coeranoscincus reticulatus,0,3811
152.7185,-30.5412,3,1636,1129,2,185,-21,-103109.493341144,6604400.61726949,477,Egernia mcpheei,0,3812
152.7185,-30.5412,3,1636,1129,2,185,-21,-103109.493341144,6604400.61726949,477,Eulamprus murrayi,0,3813
152.7185,-30.5412,3,1636,1129,2,185,-21,-103109.493341144,6604400.61726949,477,Ophioscincus truncatus,0,3814
152.7185,-30.5412,3,1636,1129,2,185,-21,-103109.493341144,6604400.61726949,477,Pseudechis porphyricaus,0,3815
152.7185,-30.5412,3,1636,1129,2,185,-21,-103109.493341144,6604400.61726949,477,Saltuarius swaini,0,3816
152.7206,-30.543,3,1638,1129,2,184,-20,-102896.285301994,6604211.86193066,478,Cacophis kreftii,0,3817
152.7206,-30.543,3,1638,1129,2,184,-20,-102896.285301994,6604211.86193066,478,Calyptotis scutirostrum,0,3818
152.7206,-30.543,3,1638,1129,2,184,-20,-102896.285301994,6604211.86193066,478,Coeranoscincus reticulatus,0,3819
152.7206,-30.543,3,1638,1129,2,184,-20,-102896.285301994,6604211.86193066,478,Egernia mcpheei,0,3820
152.7206,-30.543,3,1638,1129,2,184,-20,-102896.285301994,6604211.86193066,478,Eulamprus murrayi,0,3821
152.7206,-30.543,3,1638,1129,2,184,-20,-102896.285301994,6604211.86193066,478,Ophioscincus truncatus,1,3822
152.7206,-30.543,3,1638,1129,2,184,-20,-102896.285301994,6604211.86193066,478,Pseudechis porphyricaus,0,3823
152.7206,-30.543,3,1638,1129,2,184,-20,-102896.285301994,6604211.86193066,478,Saltuarius swaini,0,3824
152.3453,-30.5434,1,1610,1100,2,123,3,-139003.371755967,6602087.20288179,479,Cacophis kreftii,0,3825
152.3453,-30.5434,1,1610,1100,2,123,3,-139003.371755967,6602087.20288179,479,Calyptotis scutirostrum,0,3826
152.3453,-30.5434,1,1610,1100,2,123,3,-139003.371755967,6602087.20288179,479,Coeranoscincus reticulatus,0,3827
152.3453,-30.5434,1,1610,1100,2,123,3,-139003.371755967,6602087.20288179,479,Egernia mcpheei,0,3828
152.3453,-30.5434,1,1610,1100,2,123,3,-139003.371755967,6602087.20288179,479,Eulamprus murrayi,0,3829
152.3453,-30.5434,1,1610,1100,2,123,3,-139003.371755967,6602087.20288179,479,Ophioscincus truncatus,0,3830
152.3453,-30.5434,1,1610,1100,2,123,3,-139003.371755967,6602087.20288179,479,Pseudechis porphyricaus,0,3831
152.3453,-30.5434,1,1610,1100,2,123,3,-139003.371755967,6602087.20288179,479,Saltuarius swaini,0,3832
152.3369,-30.547,3,1492,1120,2,126,32,-139787.964672713,6601638.98677139,480,Cacophis kreftii,0,3833
152.3369,-30.547,3,1492,1120,2,126,32,-139787.964672713,6601638.98677139,480,Calyptotis scutirostrum,0,3834
152.3369,-30.547,3,1492,1120,2,126,32,-139787.964672713,6601638.98677139,480,Coeranoscincus reticulatus,0,3835
152.3369,-30.547,3,1492,1120,2,126,32,-139787.964672713,6601638.98677139,480,Egernia mcpheei,0,3836
152.3369,-30.547,3,1492,1120,2,126,32,-139787.964672713,6601638.98677139,480,Eulamprus murrayi,0,3837
152.3369,-30.547,3,1492,1120,2,126,32,-139787.964672713,6601638.98677139,480,Ophioscincus truncatus,0,3838
152.3369,-30.547,3,1492,1120,2,126,32,-139787.964672713,6601638.98677139,480,Pseudechis porphyricaus,0,3839
152.3369,-30.547,3,1492,1120,2,126,32,-139787.964672713,6601638.98677139,480,Saltuarius swaini,0,3840
152.3286,-30.5488,1,1462,1070,2,128,1,-140574.776964781,6601391.4036645,481,Cacophis kreftii,0,3841
152.3286,-30.5488,1,1462,1070,2,128,1,-140574.776964781,6601391.4036645,481,Calyptotis scutirostrum,0,3842
152.3286,-30.5488,1,1462,1070,2,128,1,-140574.776964781,6601391.4036645,481,Coeranoscincus reticulatus,0,3843
152.3286,-30.5488,1,1462,1070,2,128,1,-140574.776964781,6601391.4036645,481,Egernia mcpheei,0,3844
152.3286,-30.5488,1,1462,1070,2,128,1,-140574.776964781,6601391.4036645,481,Eulamprus murrayi,0,3845
152.3286,-30.5488,1,1462,1070,2,128,1,-140574.776964781,6601391.4036645,481,Ophioscincus truncatus,0,3846
152.3286,-30.5488,1,1462,1070,2,128,1,-140574.776964781,6601391.4036645,481,Pseudechis porphyricaus,0,3847
152.3286,-30.5488,1,1462,1070,2,128,1,-140574.776964781,6601391.4036645,481,Saltuarius swaini,0,3848
152.2722,-30.5557,3,1442,1100,5,119,7,-145956.222470369,6600300.13972999,482,Cacophis kreftii,0,3849
152.2722,-30.5557,3,1442,1100,5,119,7,-145956.222470369,6600300.13972999,482,Calyptotis scutirostrum,0,3850
152.2722,-30.5557,3,1442,1100,5,119,7,-145956.222470369,6600300.13972999,482,Coeranoscincus reticulatus,0,3851
152.2722,-30.5557,3,1442,1100,5,119,7,-145956.222470369,6600300.13972999,482,Egernia mcpheei,0,3852
152.2722,-30.5557,3,1442,1100,5,119,7,-145956.222470369,6600300.13972999,482,Eulamprus murrayi,0,3853
152.2722,-30.5557,3,1442,1100,5,119,7,-145956.222470369,6600300.13972999,482,Ophioscincus truncatus,0,3854
152.2722,-30.5557,3,1442,1100,5,119,7,-145956.222470369,6600300.13972999,482,Pseudechis porphyricaus,0,3855
152.2722,-30.5557,3,1442,1100,5,119,7,-145956.222470369,6600300.13972999,482,Saltuarius swaini,0,3856
152.3535,-30.5579,1,1714,1070,2,120,4,-138118.776842958,6600521.85371281,483,Cacophis kreftii,0,3857
152.3535,-30.5579,1,1714,1070,2,120,4,-138118.776842958,6600521.85371281,483,Calyptotis scutirostrum,0,3858
152.3535,-30.5579,1,1714,1070,2,120,4,-138118.776842958,6600521.85371281,483,Coeranoscincus reticulatus,0,3859
152.3535,-30.5579,1,1714,1070,2,120,4,-138118.776842958,6600521.85371281,483,Egernia mcpheei,0,3860
152.3535,-30.5579,1,1714,1070,2,120,4,-138118.776842958,6600521.85371281,483,Eulamprus murrayi,0,3861
152.3535,-30.5579,1,1714,1070,2,120,4,-138118.776842958,6600521.85371281,483,Ophioscincus truncatus,0,3862
152.3535,-30.5579,1,1714,1070,2,120,4,-138118.776842958,6600521.85371281,483,Pseudechis porphyricaus,0,3863
152.3535,-30.5579,1,1714,1070,2,120,4,-138118.776842958,6600521.85371281,483,Saltuarius swaini,0,3864
152.3619,-30.558,1,1774,1049,2,116,19,-137309.897451977,6600558.58922301,484,Cacophis kreftii,0,3865
152.3619,-30.558,1,1774,1049,2,116,19,-137309.897451977,6600558.58922301,484,Calyptotis scutirostrum,0,3866
152.3619,-30.558,1,1774,1049,2,116,19,-137309.897451977,6600558.58922301,484,Coeranoscincus reticulatus,0,3867
152.3619,-30.558,1,1774,1049,2,116,19,-137309.897451977,6600558.58922301,484,Egernia mcpheei,0,3868
152.3619,-30.558,1,1774,1049,2,116,19,-137309.897451977,6600558.58922301,484,Eulamprus murrayi,0,3869
152.3619,-30.558,1,1774,1049,2,116,19,-137309.897451977,6600558.58922301,484,Ophioscincus truncatus,0,3870
152.3619,-30.558,1,1774,1049,2,116,19,-137309.897451977,6600558.58922301,484,Pseudechis porphyricaus,0,3871
152.3619,-30.558,1,1774,1049,2,116,19,-137309.897451977,6600558.58922301,484,Saltuarius swaini,0,3872
152.2701,-30.5593,3,1416,1120,5,120,7,-146134.284620312,6599887.73789073,485,Cacophis kreftii,0,3873
152.2701,-30.5593,3,1416,1120,5,120,7,-146134.284620312,6599887.73789073,485,Calyptotis scutirostrum,0,3874
152.2701,-30.5593,3,1416,1120,5,120,7,-146134.284620312,6599887.73789073,485,Coeranoscincus reticulatus,0,3875
152.2701,-30.5593,3,1416,1120,5,120,7,-146134.284620312,6599887.73789073,485,Egernia mcpheei,0,3876
152.2701,-30.5593,3,1416,1120,5,120,7,-146134.284620312,6599887.73789073,485,Eulamprus murrayi,0,3877
152.2701,-30.5593,3,1416,1120,5,120,7,-146134.284620312,6599887.73789073,485,Ophioscincus truncatus,0,3878
152.2701,-30.5593,3,1416,1120,5,120,7,-146134.284620312,6599887.73789073,485,Pseudechis porphyricaus,0,3879
152.2701,-30.5593,3,1416,1120,5,120,7,-146134.284620312,6599887.73789073,485,Saltuarius swaini,0,3880
152.2638,-30.5647,3,1412,1139,2,123,3,-146704.434371486,6599250.92416362,486,Cacophis kreftii,0,3881
152.2638,-30.5647,3,1412,1139,2,123,3,-146704.434371486,6599250.92416362,486,Calyptotis scutirostrum,0,3882
152.2638,-30.5647,3,1412,1139,2,123,3,-146704.434371486,6599250.92416362,486,Coeranoscincus reticulatus,0,3883
152.2638,-30.5647,3,1412,1139,2,123,3,-146704.434371486,6599250.92416362,486,Egernia mcpheei,0,3884
152.2638,-30.5647,3,1412,1139,2,123,3,-146704.434371486,6599250.92416362,486,Eulamprus murrayi,0,3885
152.2638,-30.5647,3,1412,1139,2,123,3,-146704.434371486,6599250.92416362,486,Ophioscincus truncatus,1,3886
152.2638,-30.5647,3,1412,1139,2,123,3,-146704.434371486,6599250.92416362,486,Pseudechis porphyricaus,0,3887
152.2638,-30.5647,3,1412,1139,2,123,3,-146704.434371486,6599250.92416362,486,Saltuarius swaini,0,3888
152.3472,-30.5651,1,1590,1120,2,126,45,-138677.470453321,6599685.42307781,487,Cacophis kreftii,0,3889
152.3472,-30.5651,1,1590,1120,2,126,45,-138677.470453321,6599685.42307781,487,Calyptotis scutirostrum,0,3890
152.3472,-30.5651,1,1590,1120,2,126,45,-138677.470453321,6599685.42307781,487,Coeranoscincus reticulatus,0,3891
152.3472,-30.5651,1,1590,1120,2,126,45,-138677.470453321,6599685.42307781,487,Egernia mcpheei,0,3892
152.3472,-30.5651,1,1590,1120,2,126,45,-138677.470453321,6599685.42307781,487,Eulamprus murrayi,0,3893
152.3472,-30.5651,1,1590,1120,2,126,45,-138677.470453321,6599685.42307781,487,Ophioscincus truncatus,0,3894
152.3472,-30.5651,1,1590,1120,2,126,45,-138677.470453321,6599685.42307781,487,Pseudechis porphyricaus,0,3895
152.3472,-30.5651,1,1590,1120,2,126,45,-138677.470453321,6599685.42307781,487,Saltuarius swaini,0,3896
152.3177,-30.6137,1,1638,1090,2,126,-1,-141193.546516212,6594113.16970331,488,Cacophis kreftii,0,3897
152.3177,-30.6137,1,1638,1090,2,126,-1,-141193.546516212,6594113.16970331,488,Calyptotis scutirostrum,0,3898
152.3177,-30.6137,1,1638,1090,2,126,-1,-141193.546516212,6594113.16970331,488,Coeranoscincus reticulatus,0,3899
152.3177,-30.6137,1,1638,1090,2,126,-1,-141193.546516212,6594113.16970331,488,Egernia mcpheei,0,3900
152.3177,-30.6137,1,1638,1090,2,126,-1,-141193.546516212,6594113.16970331,488,Eulamprus murrayi,0,3901
152.3177,-30.6137,1,1638,1090,2,126,-1,-141193.546516212,6594113.16970331,488,Ophioscincus truncatus,1,3902
152.3177,-30.6137,1,1638,1090,2,126,-1,-141193.546516212,6594113.16970331,488,Pseudechis porphyricaus,0,3903
152.3177,-30.6137,1,1638,1090,2,126,-1,-141193.546516212,6594113.16970331,488,Saltuarius swaini,0,3904
152.3218,-30.6155,3,1718,1019,2,127,-4,-140787.33934264,6593936.55780868,489,Cacophis kreftii,0,3905
152.3218,-30.6155,3,1718,1019,2,127,-4,-140787.33934264,6593936.55780868,489,Calyptotis scutirostrum,0,3906
152.3218,-30.6155,3,1718,1019,2,127,-4,-140787.33934264,6593936.55780868,489,Coeranoscincus reticulatus,0,3907
152.3218,-30.6155,3,1718,1019,2,127,-4,-140787.33934264,6593936.55780868,489,Egernia mcpheei,0,3908
152.3218,-30.6155,3,1718,1019,2,127,-4,-140787.33934264,6593936.55780868,489,Eulamprus murrayi,0,3909
152.3218,-30.6155,3,1718,1019,2,127,-4,-140787.33934264,6593936.55780868,489,Ophioscincus truncatus,0,3910
152.3218,-30.6155,3,1718,1019,2,127,-4,-140787.33934264,6593936.55780868,489,Pseudechis porphyricaus,0,3911
152.3218,-30.6155,3,1718,1019,2,127,-4,-140787.33934264,6593936.55780868,489,Saltuarius swaini,0,3912
152.3281,-30.6192,1,1788,1000,2,122,9,-140157.01004317,6593561.29260029,490,Cacophis kreftii,0,3913
152.3281,-30.6192,1,1788,1000,2,122,9,-140157.01004317,6593561.29260029,490,Calyptotis scutirostrum,0,3914
152.3281,-30.6192,1,1788,1000,2,122,9,-140157.01004317,6593561.29260029,490,Coeranoscincus reticulatus,0,3915
152.3281,-30.6192,1,1788,1000,2,122,9,-140157.01004317,6593561.29260029,490,Egernia mcpheei,0,3916
152.3281,-30.6192,1,1788,1000,2,122,9,-140157.01004317,6593561.29260029,490,Eulamprus murrayi,0,3917
152.3281,-30.6192,1,1788,1000,2,122,9,-140157.01004317,6593561.29260029,490,Ophioscincus truncatus,1,3918
152.3281,-30.6192,1,1788,1000,2,122,9,-140157.01004317,6593561.29260029,490,Pseudechis porphyricaus,0,3919
152.3281,-30.6192,1,1788,1000,2,122,9,-140157.01004317,6593561.29260029,490,Saltuarius swaini,0,3920
152.3301,-30.63,1,1890,1049,2,119,26,-139893.16033036,6592371.98317415,491,Cacophis kreftii,0,3921
152.3301,-30.63,1,1890,1049,2,119,26,-139893.16033036,6592371.98317415,491,Calyptotis scutirostrum,0,3922
152.3301,-30.63,1,1890,1049,2,119,26,-139893.16033036,6592371.98317415,491,Coeranoscincus reticulatus,0,3923
152.3301,-30.63,1,1890,1049,2,119,26,-139893.16033036,6592371.98317415,491,Egernia mcpheei,0,3924
152.3301,-30.63,1,1890,1049,2,119,26,-139893.16033036,6592371.98317415,491,Eulamprus murrayi,0,3925
152.3301,-30.63,1,1890,1049,2,119,26,-139893.16033036,6592371.98317415,491,Ophioscincus truncatus,0,3926
152.3301,-30.63,1,1890,1049,2,119,26,-139893.16033036,6592371.98317415,491,Pseudechis porphyricaus,0,3927
152.3301,-30.63,1,1890,1049,2,119,26,-139893.16033036,6592371.98317415,491,Saltuarius swaini,0,3928
152.3321,-30.6372,1,1828,1049,2,122,19,-139653.179396656,6591582.93000616,492,Cacophis kreftii,0,3929
152.3321,-30.6372,1,1828,1049,2,122,19,-139653.179396656,6591582.93000616,492,Calyptotis scutirostrum,0,3930
152.3321,-30.6372,1,1828,1049,2,122,19,-139653.179396656,6591582.93000616,492,Coeranoscincus reticulatus,0,3931
152.3321,-30.6372,1,1828,1049,2,122,19,-139653.179396656,6591582.93000616,492,Egernia mcpheei,0,3932
152.3321,-30.6372,1,1828,1049,2,122,19,-139653.179396656,6591582.93000616,492,Eulamprus murrayi,0,3933
152.3321,-30.6372,1,1828,1049,2,122,19,-139653.179396656,6591582.93000616,492,Ophioscincus truncatus,0,3934
152.3321,-30.6372,1,1828,1049,2,122,19,-139653.179396656,6591582.93000616,492,Pseudechis porphyricaus,0,3935
152.3321,-30.6372,1,1828,1049,2,122,19,-139653.179396656,6591582.93000616,492,Saltuarius swaini,0,3936
152.3321,-30.6408,1,1774,1100,2,127,2,-139629.331842812,6591182.67567782,493,Cacophis kreftii,0,3937
152.3321,-30.6408,1,1774,1100,2,127,2,-139629.331842812,6591182.67567782,493,Calyptotis scutirostrum,0,3938
152.3321,-30.6408,1,1774,1100,2,127,2,-139629.331842812,6591182.67567782,493,Coeranoscincus reticulatus,0,3939
152.3321,-30.6408,1,1774,1100,2,127,2,-139629.331842812,6591182.67567782,493,Egernia mcpheei,0,3940
152.3321,-30.6408,1,1774,1100,2,127,2,-139629.331842812,6591182.67567782,493,Eulamprus murrayi,0,3941
152.3321,-30.6408,1,1774,1100,2,127,2,-139629.331842812,6591182.67567782,493,Ophioscincus truncatus,0,3942
152.3321,-30.6408,1,1774,1100,2,127,2,-139629.331842812,6591182.67567782,493,Pseudechis porphyricaus,0,3943
152.3321,-30.6408,1,1774,1100,2,127,2,-139629.331842812,6591182.67567782,493,Saltuarius swaini,0,3944
152.1073,-30.8073,1,824,920,2,167,-33,-160099.441241579,6571357.13800851,494,Cacophis kreftii,0,3945
152.1073,-30.8073,1,824,920,2,167,-33,-160099.441241579,6571357.13800851,494,Calyptotis scutirostrum,0,3946
152.1073,-30.8073,1,824,920,2,167,-33,-160099.441241579,6571357.13800851,494,Coeranoscincus reticulatus,0,3947
152.1073,-30.8073,1,824,920,2,167,-33,-160099.441241579,6571357.13800851,494,Egernia mcpheei,0,3948
152.1073,-30.8073,1,824,920,2,167,-33,-160099.441241579,6571357.13800851,494,Eulamprus murrayi,0,3949
152.1073,-30.8073,1,824,920,2,167,-33,-160099.441241579,6571357.13800851,494,Ophioscincus truncatus,0,3950
152.1073,-30.8073,1,824,920,2,167,-33,-160099.441241579,6571357.13800851,494,Pseudechis porphyricaus,0,3951
152.1073,-30.8073,1,824,920,2,167,-33,-160099.441241579,6571357.13800851,494,Saltuarius swaini,0,3952
152.1114,-30.8091,1,756,959,2,176,-39,-159693.503055984,6571181.32853477,495,Cacophis kreftii,0,3953
152.1114,-30.8091,1,756,959,2,176,-39,-159693.503055984,6571181.32853477,495,Calyptotis scutirostrum,0,3954
152.1114,-30.8091,1,756,959,2,176,-39,-159693.503055984,6571181.32853477,495,Coeranoscincus reticulatus,0,3955
152.1114,-30.8091,1,756,959,2,176,-39,-159693.503055984,6571181.32853477,495,Egernia mcpheei,0,3956
152.1114,-30.8091,1,756,959,2,176,-39,-159693.503055984,6571181.32853477,495,Eulamprus murrayi,0,3957
152.1114,-30.8091,1,756,959,2,176,-39,-159693.503055984,6571181.32853477,495,Ophioscincus truncatus,0,3958
152.1114,-30.8091,1,756,959,2,176,-39,-159693.503055984,6571181.32853477,495,Pseudechis porphyricaus,0,3959
152.1114,-30.8091,1,756,959,2,176,-39,-159693.503055984,6571181.32853477,495,Saltuarius swaini,0,3960
152.1177,-30.8092,1,774,939,2,177,-40,-159088.103979518,6571207.61064932,496,Cacophis kreftii,0,3961
152.1177,-30.8092,1,774,939,2,177,-40,-159088.103979518,6571207.61064932,496,Calyptotis scutirostrum,0,3962
152.1177,-30.8092,1,774,939,2,177,-40,-159088.103979518,6571207.61064932,496,Coeranoscincus reticulatus,0,3963
152.1177,-30.8092,1,774,939,2,177,-40,-159088.103979518,6571207.61064932,496,Egernia mcpheei,0,3964
152.1177,-30.8092,1,774,939,2,177,-40,-159088.103979518,6571207.61064932,496,Eulamprus murrayi,0,3965
152.1177,-30.8092,1,774,939,2,177,-40,-159088.103979518,6571207.61064932,496,Ophioscincus truncatus,0,3966
152.1177,-30.8092,1,774,939,2,177,-40,-159088.103979518,6571207.61064932,496,Pseudechis porphyricaus,0,3967
152.1177,-30.8092,1,774,939,2,177,-40,-159088.103979518,6571207.61064932,496,Saltuarius swaini,0,3968
152.1239,-30.811,1,776,959,2,179,-15,-158480.631308344,6571044.2194357,497,Cacophis kreftii,0,3969
152.1239,-30.811,1,776,959,2,179,-15,-158480.631308344,6571044.2194357,497,Calyptotis scutirostrum,0,3970
152.1239,-30.811,1,776,959,2,179,-15,-158480.631308344,6571044.2194357,497,Coeranoscincus reticulatus,0,3971
152.1239,-30.811,1,776,959,2,179,-15,-158480.631308344,6571044.2194357,497,Egernia mcpheei,0,3972
152.1239,-30.811,1,776,959,2,179,-15,-158480.631308344,6571044.2194357,497,Eulamprus murrayi,0,3973
152.1239,-30.811,1,776,959,2,179,-15,-158480.631308344,6571044.2194357,497,Ophioscincus truncatus,0,3974
152.1239,-30.811,1,776,959,2,179,-15,-158480.631308344,6571044.2194357,497,Pseudechis porphyricaus,0,3975
152.1239,-30.811,1,776,959,2,179,-15,-158480.631308344,6571044.2194357,497,Saltuarius swaini,0,3976
152.0487,-30.8123,1,972,1009,2,129,9,-165689.805454172,6570451.31009027,498,Cacophis kreftii,0,3977
152.0487,-30.8123,1,972,1009,2,129,9,-165689.805454172,6570451.31009027,498,Calyptotis scutirostrum,0,3978
152.0487,-30.8123,1,972,1009,2,129,9,-165689.805454172,6570451.31009027,498,Coeranoscincus reticulatus,0,3979
152.0487,-30.8123,1,972,1009,2,129,9,-165689.805454172,6570451.31009027,498,Egernia mcpheei,0,3980
152.0487,-30.8123,1,972,1009,2,129,9,-165689.805454172,6570451.31009027,498,Eulamprus murrayi,0,3981
152.0487,-30.8123,1,972,1009,2,129,9,-165689.805454172,6570451.31009027,498,Ophioscincus truncatus,0,3982
152.0487,-30.8123,1,972,1009,2,129,9,-165689.805454172,6570451.31009027,498,Pseudechis porphyricaus,0,3983
152.0487,-30.8123,1,972,1009,2,129,9,-165689.805454172,6570451.31009027,498,Saltuarius swaini,0,3984
152.0361,-30.8158,3,980,1009,2,128,10,-166874.918971174,6569986.45729551,499,Cacophis kreftii,0,3985
152.0361,-30.8158,3,980,1009,2,128,10,-166874.918971174,6569986.45729551,499,Calyptotis scutirostrum,0,3986
152.0361,-30.8158,3,980,1009,2,128,10,-166874.918971174,6569986.45729551,499,Coeranoscincus reticulatus,0,3987
152.0361,-30.8158,3,980,1009,2,128,10,-166874.918971174,6569986.45729551,499,Egernia mcpheei,0,3988
152.0361,-30.8158,3,980,1009,2,128,10,-166874.918971174,6569986.45729551,499,Eulamprus murrayi,0,3989
152.0361,-30.8158,3,980,1009,2,128,10,-166874.918971174,6569986.45729551,499,Ophioscincus truncatus,0,3990
152.0361,-30.8158,3,980,1009,2,128,10,-166874.918971174,6569986.45729551,499,Pseudechis porphyricaus,0,3991
152.0361,-30.8158,3,980,1009,2,128,10,-166874.918971174,6569986.45729551,499,Saltuarius swaini,0,3992
152.1281,-30.8165,1,768,930,2,178,-25,-158039.743416573,6570457.49710471,500,Cacophis kreftii,0,3993
152.1281,-30.8165,1,768,930,2,178,-25,-158039.743416573,6570457.49710471,500,Calyptotis scutirostrum,0,3994
152.1281,-30.8165,1,768,930,2,178,-25,-158039.743416573,6570457.49710471,500,Coeranoscincus reticulatus,0,3995
152.1281,-30.8165,1,768,930,2,178,-25,-158039.743416573,6570457.49710471,500,Egernia mcpheei,0,3996
152.1281,-30.8165,1,768,930,2,178,-25,-158039.743416573,6570457.49710471,500,Eulamprus murrayi,0,3997
152.1281,-30.8165,1,768,930,2,178,-25,-158039.743416573,6570457.49710471,500,Ophioscincus truncatus,0,3998
152.1281,-30.8165,1,768,930,2,178,-25,-158039.743416573,6570457.49710471,500,Pseudechis porphyricaus,0,3999
152.1281,-30.8165,1,768,930,2,178,-25,-158039.743416573,6570457.49710471,500,Saltuarius swaini,0,4000
152.057,-30.8178,3,954,910,2,132,23,-164854.941425899,6569889.37890586,501,Cacophis kreftii,0,4001
152.057,-30.8178,3,954,910,2,132,23,-164854.941425899,6569889.37890586,501,Calyptotis scutirostrum,0,4002
152.057,-30.8178,3,954,910,2,132,23,-164854.941425899,6569889.37890586,501,Coeranoscincus reticulatus,0,4003
152.057,-30.8178,3,954,910,2,132,23,-164854.941425899,6569889.37890586,501,Egernia mcpheei,0,4004
152.057,-30.8178,3,954,910,2,132,23,-164854.941425899,6569889.37890586,501,Eulamprus murrayi,0,4005
152.057,-30.8178,3,954,910,2,132,23,-164854.941425899,6569889.37890586,501,Ophioscincus truncatus,0,4006
152.057,-30.8178,3,954,910,2,132,23,-164854.941425899,6569889.37890586,501,Pseudechis porphyricaus,0,4007
152.057,-30.8178,3,954,910,2,132,23,-164854.941425899,6569889.37890586,501,Saltuarius swaini,0,4008
152.1343,-30.8201,1,716,930,2,181,1,-157419.990954389,6570093.89259877,502,Cacophis kreftii,0,4009
152.1343,-30.8201,1,716,930,2,181,1,-157419.990954389,6570093.89259877,502,Calyptotis scutirostrum,0,4010
152.1343,-30.8201,1,716,930,2,181,1,-157419.990954389,6570093.89259877,502,Coeranoscincus reticulatus,0,4011
152.1343,-30.8201,1,716,930,2,181,1,-157419.990954389,6570093.89259877,502,Egernia mcpheei,0,4012
152.1343,-30.8201,1,716,930,2,181,1,-157419.990954389,6570093.89259877,502,Eulamprus murrayi,0,4013
152.1343,-30.8201,1,716,930,2,181,1,-157419.990954389,6570093.89259877,502,Ophioscincus truncatus,0,4014
152.1343,-30.8201,1,716,930,2,181,1,-157419.990954389,6570093.89259877,502,Pseudechis porphyricaus,0,4015
152.1343,-30.8201,1,716,930,2,181,1,-157419.990954389,6570093.89259877,502,Saltuarius swaini,0,4016
152.27,-30.8462,3,1528,1129,2,127,-2,-144221.814463408,6567987.29067402,503,Cacophis kreftii,0,4017
152.27,-30.8462,3,1528,1129,2,127,-2,-144221.814463408,6567987.29067402,503,Calyptotis scutirostrum,0,4018
152.27,-30.8462,3,1528,1129,2,127,-2,-144221.814463408,6567987.29067402,503,Coeranoscincus reticulatus,0,4019
152.27,-30.8462,3,1528,1129,2,127,-2,-144221.814463408,6567987.29067402,503,Egernia mcpheei,0,4020
152.27,-30.8462,3,1528,1129,2,127,-2,-144221.814463408,6567987.29067402,503,Eulamprus murrayi,0,4021
152.27,-30.8462,3,1528,1129,2,127,-2,-144221.814463408,6567987.29067402,503,Ophioscincus truncatus,0,4022
152.27,-30.8462,3,1528,1129,2,127,-2,-144221.814463408,6567987.29067402,503,Pseudechis porphyricaus,0,4023
152.27,-30.8462,3,1528,1129,2,127,-2,-144221.814463408,6567987.29067402,503,Saltuarius swaini,0,4024
152.067,-30.8576,3,692,939,2,179,-25,-163619.214822719,6565523.0795131,504,Cacophis kreftii,0,4025
152.067,-30.8576,3,692,939,2,179,-25,-163619.214822719,6565523.0795131,504,Calyptotis scutirostrum,0,4026
152.067,-30.8576,3,692,939,2,179,-25,-163619.214822719,6565523.0795131,504,Coeranoscincus reticulatus,0,4027
152.067,-30.8576,3,692,939,2,179,-25,-163619.214822719,6565523.0795131,504,Egernia mcpheei,0,4028
152.067,-30.8576,3,692,939,2,179,-25,-163619.214822719,6565523.0795131,504,Eulamprus murrayi,0,4029
152.067,-30.8576,3,692,939,2,179,-25,-163619.214822719,6565523.0795131,504,Ophioscincus truncatus,0,4030
152.067,-30.8576,3,692,939,2,179,-25,-163619.214822719,6565523.0795131,504,Pseudechis porphyricaus,0,4031
152.067,-30.8576,3,692,939,2,179,-25,-163619.214822719,6565523.0795131,504,Saltuarius swaini,0,4032
152.272,-30.8571,2,1596,1139,2,126,-1,-143956.626094444,6566786.96105793,505,Cacophis kreftii,0,4033
152.272,-30.8571,2,1596,1139,2,126,-1,-143956.626094444,6566786.96105793,505,Calyptotis scutirostrum,0,4034
152.272,-30.8571,2,1596,1139,2,126,-1,-143956.626094444,6566786.96105793,505,Coeranoscincus reticulatus,0,4035
152.272,-30.8571,2,1596,1139,2,126,-1,-143956.626094444,6566786.96105793,505,Egernia mcpheei,0,4036
152.272,-30.8571,2,1596,1139,2,126,-1,-143956.626094444,6566786.96105793,505,Eulamprus murrayi,0,4037
152.272,-30.8571,2,1596,1139,2,126,-1,-143956.626094444,6566786.96105793,505,Ophioscincus truncatus,0,4038
152.272,-30.8571,2,1596,1139,2,126,-1,-143956.626094444,6566786.96105793,505,Pseudechis porphyricaus,0,4039
152.272,-30.8571,2,1596,1139,2,126,-1,-143956.626094444,6566786.96105793,505,Saltuarius swaini,0,4040
152.0628,-30.8593,3,716,910,2,163,38,-164010.369539982,6565308.88224626,506,Cacophis kreftii,0,4041
152.0628,-30.8593,3,716,910,2,163,38,-164010.369539982,6565308.88224626,506,Calyptotis scutirostrum,0,4042
152.0628,-30.8593,3,716,910,2,163,38,-164010.369539982,6565308.88224626,506,Coeranoscincus reticulatus,0,4043
152.0628,-30.8593,3,716,910,2,163,38,-164010.369539982,6565308.88224626,506,Egernia mcpheei,0,4044
152.0628,-30.8593,3,716,910,2,163,38,-164010.369539982,6565308.88224626,506,Eulamprus murrayi,0,4045
152.0628,-30.8593,3,716,910,2,163,38,-164010.369539982,6565308.88224626,506,Ophioscincus truncatus,0,4046
152.0628,-30.8593,3,716,910,2,163,38,-164010.369539982,6565308.88224626,506,Pseudechis porphyricaus,0,4047
152.0628,-30.8593,3,716,910,2,163,38,-164010.369539982,6565308.88224626,506,Saltuarius swaini,0,4048
152.2637,-30.8588,2,1572,1090,2,126,-1,-144741.332783447,6566549.73714478,507,Cacophis kreftii,0,4049
152.2637,-30.8588,2,1572,1090,2,126,-1,-144741.332783447,6566549.73714478,507,Calyptotis scutirostrum,0,4050
152.2637,-30.8588,2,1572,1090,2,126,-1,-144741.332783447,6566549.73714478,507,Coeranoscincus reticulatus,0,4051
152.2637,-30.8588,2,1572,1090,2,126,-1,-144741.332783447,6566549.73714478,507,Egernia mcpheei,0,4052
152.2637,-30.8588,2,1572,1090,2,126,-1,-144741.332783447,6566549.73714478,507,Eulamprus murrayi,0,4053
152.2637,-30.8588,2,1572,1090,2,126,-1,-144741.332783447,6566549.73714478,507,Ophioscincus truncatus,0,4054
152.2637,-30.8588,2,1572,1090,2,126,-1,-144741.332783447,6566549.73714478,507,Pseudechis porphyricaus,0,4055
152.2637,-30.8588,2,1572,1090,2,126,-1,-144741.332783447,6566549.73714478,507,Saltuarius swaini,0,4056
152.0773,-30.8793,3,942,899,2,130,30,-162480.687351114,6563171.45187532,508,Cacophis kreftii,0,4057
152.0773,-30.8793,3,942,899,2,130,30,-162480.687351114,6563171.45187532,508,Calyptotis scutirostrum,0,4058
152.0773,-30.8793,3,942,899,2,130,30,-162480.687351114,6563171.45187532,508,Coeranoscincus reticulatus,0,4059
152.0773,-30.8793,3,942,899,2,130,30,-162480.687351114,6563171.45187532,508,Egernia mcpheei,0,4060
152.0773,-30.8793,3,942,899,2,130,30,-162480.687351114,6563171.45187532,508,Eulamprus murrayi,0,4061
152.0773,-30.8793,3,942,899,2,130,30,-162480.687351114,6563171.45187532,508,Ophioscincus truncatus,0,4062
152.0773,-30.8793,3,942,899,2,130,30,-162480.687351114,6563171.45187532,508,Pseudechis porphyricaus,0,4063
152.0773,-30.8793,3,942,899,2,130,30,-162480.687351114,6563171.45187532,508,Saltuarius swaini,0,4064
152.0689,-30.8846,3,868,910,2,137,24,-163249.624984147,6562531.80348264,509,Cacophis kreftii,0,4065
152.0689,-30.8846,3,868,910,2,137,24,-163249.624984147,6562531.80348264,509,Calyptotis scutirostrum,0,4066
152.0689,-30.8846,3,868,910,2,137,24,-163249.624984147,6562531.80348264,509,Coeranoscincus reticulatus,0,4067
152.0689,-30.8846,3,868,910,2,137,24,-163249.624984147,6562531.80348264,509,Egernia mcpheei,0,4068
152.0689,-30.8846,3,868,910,2,137,24,-163249.624984147,6562531.80348264,509,Eulamprus murrayi,0,4069
152.0689,-30.8846,3,868,910,2,137,24,-163249.624984147,6562531.80348264,509,Ophioscincus truncatus,0,4070
152.0689,-30.8846,3,868,910,2,137,24,-163249.624984147,6562531.80348264,509,Pseudechis porphyricaus,0,4071
152.0689,-30.8846,3,868,910,2,137,24,-163249.624984147,6562531.80348264,509,Saltuarius swaini,0,4072
152.2467,-30.884,3,1478,1049,2,126,-1,-146201.750488105,6563648.83716664,510,Cacophis kreftii,0,4073
152.2467,-30.884,3,1478,1049,2,126,-1,-146201.750488105,6563648.83716664,510,Calyptotis scutirostrum,0,4074
152.2467,-30.884,3,1478,1049,2,126,-1,-146201.750488105,6563648.83716664,510,Coeranoscincus reticulatus,0,4075
152.2467,-30.884,3,1478,1049,2,126,-1,-146201.750488105,6563648.83716664,510,Egernia mcpheei,0,4076
152.2467,-30.884,3,1478,1049,2,126,-1,-146201.750488105,6563648.83716664,510,Eulamprus murrayi,0,4077
152.2467,-30.884,3,1478,1049,2,126,-1,-146201.750488105,6563648.83716664,510,Ophioscincus truncatus,0,4078
152.2467,-30.884,3,1478,1049,2,126,-1,-146201.750488105,6563648.83716664,510,Pseudechis porphyricaus,0,4079
152.2467,-30.884,3,1478,1049,2,126,-1,-146201.750488105,6563648.83716664,510,Saltuarius swaini,0,4080
152.0646,-30.8918,3,920,829,2,139,39,-163612.050681982,6561705.35086779,511,Cacophis kreftii,0,4081
152.0646,-30.8918,3,920,829,2,139,39,-163612.050681982,6561705.35086779,511,Calyptotis scutirostrum,0,4082
152.0646,-30.8918,3,920,829,2,139,39,-163612.050681982,6561705.35086779,511,Coeranoscincus reticulatus,0,4083
152.0646,-30.8918,3,920,829,2,139,39,-163612.050681982,6561705.35086779,511,Egernia mcpheei,0,4084
152.0646,-30.8918,3,920,829,2,139,39,-163612.050681982,6561705.35086779,511,Eulamprus murrayi,0,4085
152.0646,-30.8918,3,920,829,2,139,39,-163612.050681982,6561705.35086779,511,Ophioscincus truncatus,0,4086
152.0646,-30.8918,3,920,829,2,139,39,-163612.050681982,6561705.35086779,511,Pseudechis porphyricaus,0,4087
152.0646,-30.8918,3,920,829,2,139,39,-163612.050681982,6561705.35086779,511,Saltuarius swaini,0,4088
152.2383,-30.8948,3,1450,1070,2,126,-1,-146934.192780682,6562398.98524639,512,Cacophis kreftii,0,4089
152.2383,-30.8948,3,1450,1070,2,126,-1,-146934.192780682,6562398.98524639,512,Calyptotis scutirostrum,0,4090
152.2383,-30.8948,3,1450,1070,2,126,-1,-146934.192780682,6562398.98524639,512,Coeranoscincus reticulatus,0,4091
152.2383,-30.8948,3,1450,1070,2,126,-1,-146934.192780682,6562398.98524639,512,Egernia mcpheei,0,4092
152.2383,-30.8948,3,1450,1070,2,126,-1,-146934.192780682,6562398.98524639,512,Eulamprus murrayi,0,4093
152.2383,-30.8948,3,1450,1070,2,126,-1,-146934.192780682,6562398.98524639,512,Ophioscincus truncatus,0,4094
152.2383,-30.8948,3,1450,1070,2,126,-1,-146934.192780682,6562398.98524639,512,Pseudechis porphyricaus,0,4095
152.2383,-30.8948,3,1450,1070,2,126,-1,-146934.192780682,6562398.98524639,512,Saltuarius swaini,0,4096
152.8828,-30.897,2,1322,1100,2,183,-7,-85140.2595812137,6565735.04839717,513,Cacophis kreftii,0,4097
152.8828,-30.897,2,1322,1100,2,183,-7,-85140.2595812137,6565735.04839717,513,Calyptotis scutirostrum,0,4098
152.8828,-30.897,2,1322,1100,2,183,-7,-85140.2595812137,6565735.04839717,513,Coeranoscincus reticulatus,0,4099
152.8828,-30.897,2,1322,1100,2,183,-7,-85140.2595812137,6565735.04839717,513,Egernia mcpheei,0,4100
152.8828,-30.897,2,1322,1100,2,183,-7,-85140.2595812137,6565735.04839717,513,Eulamprus murrayi,0,4101
152.8828,-30.897,2,1322,1100,2,183,-7,-85140.2595812137,6565735.04839717,513,Ophioscincus truncatus,0,4102
152.8828,-30.897,2,1322,1100,2,183,-7,-85140.2595812137,6565735.04839717,513,Pseudechis porphyricaus,0,4103
152.8828,-30.897,2,1322,1100,2,183,-7,-85140.2595812137,6565735.04839717,513,Saltuarius swaini,0,4104
152.2466,-30.902,3,1480,1090,2,124,7,-146089.648133388,6561646.84538545,514,Cacophis kreftii,0,4105
152.2466,-30.902,3,1480,1090,2,124,7,-146089.648133388,6561646.84538545,514,Calyptotis scutirostrum,0,4106
152.2466,-30.902,3,1480,1090,2,124,7,-146089.648133388,6561646.84538545,514,Coeranoscincus reticulatus,0,4107
152.2466,-30.902,3,1480,1090,2,124,7,-146089.648133388,6561646.84538545,514,Egernia mcpheei,0,4108
152.2466,-30.902,3,1480,1090,2,124,7,-146089.648133388,6561646.84538545,514,Eulamprus murrayi,0,4109
152.2466,-30.902,3,1480,1090,2,124,7,-146089.648133388,6561646.84538545,514,Ophioscincus truncatus,0,4110
152.2466,-30.902,3,1480,1090,2,124,7,-146089.648133388,6561646.84538545,514,Pseudechis porphyricaus,0,4111
152.2466,-30.902,3,1480,1090,2,124,7,-146089.648133388,6561646.84538545,514,Saltuarius swaini,0,4112
152.8765,-30.9078,2,1310,1129,2,183,1,-85677.8458892315,6564501.66263539,515,Cacophis kreftii,0,4113
152.8765,-30.9078,2,1310,1129,2,183,1,-85677.8458892315,6564501.66263539,515,Calyptotis scutirostrum,0,4114
152.8765,-30.9078,2,1310,1129,2,183,1,-85677.8458892315,6564501.66263539,515,Coeranoscincus reticulatus,0,4115
152.8765,-30.9078,2,1310,1129,2,183,1,-85677.8458892315,6564501.66263539,515,Egernia mcpheei,0,4116
152.8765,-30.9078,2,1310,1129,2,183,1,-85677.8458892315,6564501.66263539,515,Eulamprus murrayi,0,4117
152.8765,-30.9078,2,1310,1129,2,183,1,-85677.8458892315,6564501.66263539,515,Ophioscincus truncatus,0,4118
152.8765,-30.9078,2,1310,1129,2,183,1,-85677.8458892315,6564501.66263539,515,Pseudechis porphyricaus,0,4119
152.8765,-30.9078,2,1310,1129,2,183,1,-85677.8458892315,6564501.66263539,515,Saltuarius swaini,0,4120
152.8681,-30.9114,3,1282,1080,2,183,6,-86460.6346976429,6564057.22550162,516,Cacophis kreftii,0,4121
152.8681,-30.9114,3,1282,1080,2,183,6,-86460.6346976429,6564057.22550162,516,Calyptotis scutirostrum,0,4122
152.8681,-30.9114,3,1282,1080,2,183,6,-86460.6346976429,6564057.22550162,516,Coeranoscincus reticulatus,0,4123
152.8681,-30.9114,3,1282,1080,2,183,6,-86460.6346976429,6564057.22550162,516,Egernia mcpheei,1,4124
152.8681,-30.9114,3,1282,1080,2,183,6,-86460.6346976429,6564057.22550162,516,Eulamprus murrayi,0,4125
152.8681,-30.9114,3,1282,1080,2,183,6,-86460.6346976429,6564057.22550162,516,Ophioscincus truncatus,0,4126
152.8681,-30.9114,3,1282,1080,2,183,6,-86460.6346976429,6564057.22550162,516,Pseudechis porphyricaus,0,4127
152.8681,-30.9114,3,1282,1080,2,183,6,-86460.6346976429,6564057.22550162,516,Saltuarius swaini,0,4128
152.2925,-30.9149,2,1624,1129,2,125,16,-141602.248062495,6560479.29948879,517,Cacophis kreftii,0,4129
152.2925,-30.9149,2,1624,1129,2,125,16,-141602.248062495,6560479.29948879,517,Calyptotis scutirostrum,0,4130
152.2925,-30.9149,2,1624,1129,2,125,16,-141602.248062495,6560479.29948879,517,Coeranoscincus reticulatus,0,4131
152.2925,-30.9149,2,1624,1129,2,125,16,-141602.248062495,6560479.29948879,517,Egernia mcpheei,0,4132
152.2925,-30.9149,2,1624,1129,2,125,16,-141602.248062495,6560479.29948879,517,Eulamprus murrayi,0,4133
152.2925,-30.9149,2,1624,1129,2,125,16,-141602.248062495,6560479.29948879,517,Ophioscincus truncatus,0,4134
152.2925,-30.9149,2,1624,1129,2,125,16,-141602.248062495,6560479.29948879,517,Pseudechis porphyricaus,0,4135
152.2925,-30.9149,2,1624,1129,2,125,16,-141602.248062495,6560479.29948879,517,Saltuarius swaini,0,4136
152.0602,-30.9189,3,1036,990,2,125,17,-163845.617783855,6558665.20310326,518,Cacophis kreftii,0,4137
152.0602,-30.9189,3,1036,990,2,125,17,-163845.617783855,6558665.20310326,518,Calyptotis scutirostrum,0,4138
152.0602,-30.9189,3,1036,990,2,125,17,-163845.617783855,6558665.20310326,518,Coeranoscincus reticulatus,0,4139
152.0602,-30.9189,3,1036,990,2,125,17,-163845.617783855,6558665.20310326,518,Egernia mcpheei,0,4140
152.0602,-30.9189,3,1036,990,2,125,17,-163845.617783855,6558665.20310326,518,Eulamprus murrayi,0,4141
152.0602,-30.9189,3,1036,990,2,125,17,-163845.617783855,6558665.20310326,518,Ophioscincus truncatus,0,4142
152.0602,-30.9189,3,1036,990,2,125,17,-163845.617783855,6558665.20310326,518,Pseudechis porphyricaus,0,4143
152.0602,-30.9189,3,1036,990,2,125,17,-163845.617783855,6558665.20310326,518,Saltuarius swaini,0,4144
152.2987,-30.924,3,1566,1110,2,126,8,-140946.820529659,6559503.42486789,519,Cacophis kreftii,0,4145
152.2987,-30.924,3,1566,1110,2,126,8,-140946.820529659,6559503.42486789,519,Calyptotis scutirostrum,0,4146
152.2987,-30.924,3,1566,1110,2,126,8,-140946.820529659,6559503.42486789,519,Coeranoscincus reticulatus,0,4147
152.2987,-30.924,3,1566,1110,2,126,8,-140946.820529659,6559503.42486789,519,Egernia mcpheei,0,4148
152.2987,-30.924,3,1566,1110,2,126,8,-140946.820529659,6559503.42486789,519,Eulamprus murrayi,0,4149
152.2987,-30.924,3,1566,1110,2,126,8,-140946.820529659,6559503.42486789,519,Ophioscincus truncatus,0,4150
152.2987,-30.924,3,1566,1110,2,126,8,-140946.820529659,6559503.42486789,519,Pseudechis porphyricaus,0,4151
152.2987,-30.924,3,1566,1110,2,126,8,-140946.820529659,6559503.42486789,519,Saltuarius swaini,0,4152
152.081,-30.9262,1,986,1049,2,126,15,-161800.719121155,6557977.93316393,520,Cacophis kreftii,0,4153
152.081,-30.9262,1,986,1049,2,126,15,-161800.719121155,6557977.93316393,520,Calyptotis scutirostrum,0,4154
152.081,-30.9262,1,986,1049,2,126,15,-161800.719121155,6557977.93316393,520,Coeranoscincus reticulatus,0,4155
152.081,-30.9262,1,986,1049,2,126,15,-161800.719121155,6557977.93316393,520,Egernia mcpheei,0,4156
152.081,-30.9262,1,986,1049,2,126,15,-161800.719121155,6557977.93316393,520,Eulamprus murrayi,0,4157
152.081,-30.9262,1,986,1049,2,126,15,-161800.719121155,6557977.93316393,520,Ophioscincus truncatus,0,4158
152.081,-30.9262,1,986,1049,2,126,15,-161800.719121155,6557977.93316393,520,Pseudechis porphyricaus,0,4159
152.081,-30.9262,1,986,1049,2,126,15,-161800.719121155,6557977.93316393,520,Saltuarius swaini,0,4160
152.0685,-30.9279,1,1004,1000,2,125,-1,-162987.288966321,6557714.06827964,521,Cacophis kreftii,0,4161
152.0685,-30.9279,1,1004,1000,2,125,-1,-162987.288966321,6557714.06827964,521,Calyptotis scutirostrum,0,4162
152.0685,-30.9279,1,1004,1000,2,125,-1,-162987.288966321,6557714.06827964,521,Coeranoscincus reticulatus,0,4163
152.0685,-30.9279,1,1004,1000,2,125,-1,-162987.288966321,6557714.06827964,521,Egernia mcpheei,0,4164
152.0685,-30.9279,1,1004,1000,2,125,-1,-162987.288966321,6557714.06827964,521,Eulamprus murrayi,0,4165
152.0685,-30.9279,1,1004,1000,2,125,-1,-162987.288966321,6557714.06827964,521,Ophioscincus truncatus,0,4166
152.0685,-30.9279,1,1004,1000,2,125,-1,-162987.288966321,6557714.06827964,521,Pseudechis porphyricaus,0,4167
152.0685,-30.9279,1,1004,1000,2,125,-1,-162987.288966321,6557714.06827964,521,Saltuarius swaini,0,4168
152.2924,-30.9294,2,1604,1120,2,126,1,-141514.39723449,6558866.54859001,522,Cacophis kreftii,0,4169
152.2924,-30.9294,2,1604,1120,2,126,1,-141514.39723449,6558866.54859001,522,Calyptotis scutirostrum,0,4170
152.2924,-30.9294,2,1604,1120,2,126,1,-141514.39723449,6558866.54859001,522,Coeranoscincus reticulatus,0,4171
152.2924,-30.9294,2,1604,1120,2,126,1,-141514.39723449,6558866.54859001,522,Egernia mcpheei,0,4172
152.2924,-30.9294,2,1604,1120,2,126,1,-141514.39723449,6558866.54859001,522,Eulamprus murrayi,0,4173
152.2924,-30.9294,2,1604,1120,2,126,1,-141514.39723449,6558866.54859001,522,Ophioscincus truncatus,0,4174
152.2924,-30.9294,2,1604,1120,2,126,1,-141514.39723449,6558866.54859001,522,Pseudechis porphyricaus,0,4175
152.2924,-30.9294,2,1604,1120,2,126,1,-141514.39723449,6558866.54859001,522,Saltuarius swaini,0,4176
152.0621,-30.9315,1,1010,1029,2,125,7,-163575.814534386,6557275.357552,523,Cacophis kreftii,0,4177
152.0621,-30.9315,1,1010,1029,2,125,7,-163575.814534386,6557275.357552,523,Calyptotis scutirostrum,0,4178
152.0621,-30.9315,1,1010,1029,2,125,7,-163575.814534386,6557275.357552,523,Coeranoscincus reticulatus,0,4179
152.0621,-30.9315,1,1010,1029,2,125,7,-163575.814534386,6557275.357552,523,Egernia mcpheei,0,4180
152.0621,-30.9315,1,1010,1029,2,125,7,-163575.814534386,6557275.357552,523,Eulamprus murrayi,0,4181
152.0621,-30.9315,1,1010,1029,2,125,7,-163575.814534386,6557275.357552,523,Ophioscincus truncatus,0,4182
152.0621,-30.9315,1,1010,1029,2,125,7,-163575.814534386,6557275.357552,523,Pseudechis porphyricaus,0,4183
152.0621,-30.9315,1,1010,1029,2,125,7,-163575.814534386,6557275.357552,523,Saltuarius swaini,0,4184
152.1019,-30.9336,1,1006,1049,2,125,0,-159745.882833202,6557279.79277707,524,Cacophis kreftii,0,4185
152.1019,-30.9336,1,1006,1049,2,125,0,-159745.882833202,6557279.79277707,524,Calyptotis scutirostrum,0,4186
152.1019,-30.9336,1,1006,1049,2,125,0,-159745.882833202,6557279.79277707,524,Coeranoscincus reticulatus,0,4187
152.1019,-30.9336,1,1006,1049,2,125,0,-159745.882833202,6557279.79277707,524,Egernia mcpheei,0,4188
152.1019,-30.9336,1,1006,1049,2,125,0,-159745.882833202,6557279.79277707,524,Eulamprus murrayi,0,4189
152.1019,-30.9336,1,1006,1049,2,125,0,-159745.882833202,6557279.79277707,524,Ophioscincus truncatus,0,4190
152.1019,-30.9336,1,1006,1049,2,125,0,-159745.882833202,6557279.79277707,524,Pseudechis porphyricaus,0,4191
152.1019,-30.9336,1,1006,1049,2,125,0,-159745.882833202,6557279.79277707,524,Saltuarius swaini,0,4192
152.5244,-31.008,2,1296,970,2,176,-14,-118770.04691586,6551450.02671343,525,Cacophis kreftii,0,4193
152.5244,-31.008,2,1296,970,2,176,-14,-118770.04691586,6551450.02671343,525,Calyptotis scutirostrum,0,4194
152.5244,-31.008,2,1296,970,2,176,-14,-118770.04691586,6551450.02671343,525,Coeranoscincus reticulatus,0,4195
152.5244,-31.008,2,1296,970,2,176,-14,-118770.04691586,6551450.02671343,525,Egernia mcpheei,0,4196
152.5244,-31.008,2,1296,970,2,176,-14,-118770.04691586,6551450.02671343,525,Eulamprus murrayi,0,4197
152.5244,-31.008,2,1296,970,2,176,-14,-118770.04691586,6551450.02671343,525,Ophioscincus truncatus,0,4198
152.5244,-31.008,2,1296,970,2,176,-14,-118770.04691586,6551450.02671343,525,Pseudechis porphyricaus,0,4199
152.5244,-31.008,2,1296,970,2,176,-14,-118770.04691586,6551450.02671343,525,Saltuarius swaini,0,4200
152.3412,-31.139,1,1960,1139,2,124,-2,-135434.563789421,6535845.27228755,526,Cacophis kreftii,0,4201
152.3412,-31.139,1,1960,1139,2,124,-2,-135434.563789421,6535845.27228755,526,Calyptotis scutirostrum,0,4202
152.3412,-31.139,1,1960,1139,2,124,-2,-135434.563789421,6535845.27228755,526,Coeranoscincus reticulatus,0,4203
152.3412,-31.139,1,1960,1139,2,124,-2,-135434.563789421,6535845.27228755,526,Egernia mcpheei,0,4204
152.3412,-31.139,1,1960,1139,2,124,-2,-135434.563789421,6535845.27228755,526,Eulamprus murrayi,0,4205
152.3412,-31.139,1,1960,1139,2,124,-2,-135434.563789421,6535845.27228755,526,Ophioscincus truncatus,1,4206
152.3412,-31.139,1,1960,1139,2,124,-2,-135434.563789421,6535845.27228755,526,Pseudechis porphyricaus,0,4207
152.3412,-31.139,1,1960,1139,2,124,-2,-135434.563789421,6535845.27228755,526,Saltuarius swaini,0,4208
152.8783,-31.1406,2,1398,1139,2,181,0,-84075.2993565759,6538641.53013894,527,Cacophis kreftii,0,4209
152.8783,-31.1406,2,1398,1139,2,181,0,-84075.2993565759,6538641.53013894,527,Calyptotis scutirostrum,0,4210
152.8783,-31.1406,2,1398,1139,2,181,0,-84075.2993565759,6538641.53013894,527,Coeranoscincus reticulatus,0,4211
152.8783,-31.1406,2,1398,1139,2,181,0,-84075.2993565759,6538641.53013894,527,Egernia mcpheei,0,4212
152.8783,-31.1406,2,1398,1139,2,181,0,-84075.2993565759,6538641.53013894,527,Eulamprus murrayi,0,4213
152.8783,-31.1406,2,1398,1139,2,181,0,-84075.2993565759,6538641.53013894,527,Ophioscincus truncatus,0,4214
152.8783,-31.1406,2,1398,1139,2,181,0,-84075.2993565759,6538641.53013894,527,Pseudechis porphyricaus,0,4215
152.8783,-31.1406,2,1398,1139,2,181,0,-84075.2993565759,6538641.53013894,527,Saltuarius swaini,0,4216
152.5825,-31.1418,1,1426,1139,2,178,-8,-112343.894954885,6536901.5482272,528,Cacophis kreftii,0,4217
152.5825,-31.1418,1,1426,1139,2,178,-8,-112343.894954885,6536901.5482272,528,Calyptotis scutirostrum,0,4218
152.5825,-31.1418,1,1426,1139,2,178,-8,-112343.894954885,6536901.5482272,528,Coeranoscincus reticulatus,0,4219
152.5825,-31.1418,1,1426,1139,2,178,-8,-112343.894954885,6536901.5482272,528,Egernia mcpheei,0,4220
152.5825,-31.1418,1,1426,1139,2,178,-8,-112343.894954885,6536901.5482272,528,Eulamprus murrayi,0,4221
152.5825,-31.1418,1,1426,1139,2,178,-8,-112343.894954885,6536901.5482272,528,Ophioscincus truncatus,0,4222
152.5825,-31.1418,1,1426,1139,2,178,-8,-112343.894954885,6536901.5482272,528,Pseudechis porphyricaus,0,4223
152.5825,-31.1418,1,1426,1139,2,178,-8,-112343.894954885,6536901.5482272,528,Saltuarius swaini,0,4224
152.872,-31.1532,2,1390,1129,2,181,0,-84599.699878183,6537207.94861196,529,Cacophis kreftii,0,4225
152.872,-31.1532,2,1390,1129,2,181,0,-84599.699878183,6537207.94861196,529,Calyptotis scutirostrum,0,4226
152.872,-31.1532,2,1390,1129,2,181,0,-84599.699878183,6537207.94861196,529,Coeranoscincus reticulatus,0,4227
152.872,-31.1532,2,1390,1129,2,181,0,-84599.699878183,6537207.94861196,529,Egernia mcpheei,0,4228
152.872,-31.1532,2,1390,1129,2,181,0,-84599.699878183,6537207.94861196,529,Eulamprus murrayi,0,4229
152.872,-31.1532,2,1390,1129,2,181,0,-84599.699878183,6537207.94861196,529,Ophioscincus truncatus,0,4230
152.872,-31.1532,2,1390,1129,2,181,0,-84599.699878183,6537207.94861196,529,Pseudechis porphyricaus,0,4231
152.872,-31.1532,2,1390,1129,2,181,0,-84599.699878183,6537207.94861196,529,Saltuarius swaini,0,4232
152.5971,-31.1599,3,1544,1110,2,176,-8,-110831.288969744,6534970.81263455,530,Cacophis kreftii,0,4233
152.5971,-31.1599,3,1544,1110,2,176,-8,-110831.288969744,6534970.81263455,530,Calyptotis scutirostrum,0,4234
152.5971,-31.1599,3,1544,1110,2,176,-8,-110831.288969744,6534970.81263455,530,Coeranoscincus reticulatus,0,4235
152.5971,-31.1599,3,1544,1110,2,176,-8,-110831.288969744,6534970.81263455,530,Egernia mcpheei,0,4236
152.5971,-31.1599,3,1544,1110,2,176,-8,-110831.288969744,6534970.81263455,530,Eulamprus murrayi,0,4237
152.5971,-31.1599,3,1544,1110,2,176,-8,-110831.288969744,6534970.81263455,530,Ophioscincus truncatus,0,4238
152.5971,-31.1599,3,1544,1110,2,176,-8,-110831.288969744,6534970.81263455,530,Pseudechis porphyricaus,0,4239
152.5971,-31.1599,3,1544,1110,2,176,-8,-110831.288969744,6534970.81263455,530,Saltuarius swaini,0,4240
152.8825,-31.1604,2,1410,1139,2,181,6,-83551.8721662688,6536463.55059073,531,Cacophis kreftii,0,4241
152.8825,-31.1604,2,1410,1139,2,181,6,-83551.8721662688,6536463.55059073,531,Calyptotis scutirostrum,0,4242
152.8825,-31.1604,2,1410,1139,2,181,6,-83551.8721662688,6536463.55059073,531,Coeranoscincus reticulatus,0,4243
152.8825,-31.1604,2,1410,1139,2,181,6,-83551.8721662688,6536463.55059073,531,Egernia mcpheei,0,4244
152.8825,-31.1604,2,1410,1139,2,181,6,-83551.8721662688,6536463.55059073,531,Eulamprus murrayi,0,4245
152.8825,-31.1604,2,1410,1139,2,181,6,-83551.8721662688,6536463.55059073,531,Ophioscincus truncatus,0,4246
152.8825,-31.1604,2,1410,1139,2,181,6,-83551.8721662688,6536463.55059073,531,Pseudechis porphyricaus,0,4247
152.8825,-31.1604,2,1410,1139,2,181,6,-83551.8721662688,6536463.55059073,531,Saltuarius swaini,0,4248
152.4208,-31.161,2,2348,1129,2,121,23,-127676.896752152,6533856.32085868,532,Cacophis kreftii,0,4249
152.4208,-31.161,2,2348,1129,2,121,23,-127676.896752152,6533856.32085868,532,Calyptotis scutirostrum,0,4250
152.4208,-31.161,2,2348,1129,2,121,23,-127676.896752152,6533856.32085868,532,Coeranoscincus reticulatus,0,4251
152.4208,-31.161,2,2348,1129,2,121,23,-127676.896752152,6533856.32085868,532,Egernia mcpheei,0,4252
152.4208,-31.161,2,2348,1129,2,121,23,-127676.896752152,6533856.32085868,532,Eulamprus murrayi,0,4253
152.4208,-31.161,2,2348,1129,2,121,23,-127676.896752152,6533856.32085868,532,Ophioscincus truncatus,0,4254
152.4208,-31.161,2,2348,1129,2,121,23,-127676.896752152,6533856.32085868,532,Pseudechis porphyricaus,0,4255
152.4208,-31.161,2,2348,1129,2,121,23,-127676.896752152,6533856.32085868,532,Saltuarius swaini,0,4256
152.4103,-31.1664,1,2318,1190,2,123,4,-128644.80040642,6533196.04348179,533,Cacophis kreftii,0,4257
152.4103,-31.1664,1,2318,1190,2,123,4,-128644.80040642,6533196.04348179,533,Calyptotis scutirostrum,0,4258
152.4103,-31.1664,1,2318,1190,2,123,4,-128644.80040642,6533196.04348179,533,Coeranoscincus reticulatus,0,4259
152.4103,-31.1664,1,2318,1190,2,123,4,-128644.80040642,6533196.04348179,533,Egernia mcpheei,0,4260
152.4103,-31.1664,1,2318,1190,2,123,4,-128644.80040642,6533196.04348179,533,Eulamprus murrayi,0,4261
152.4103,-31.1664,1,2318,1190,2,123,4,-128644.80040642,6533196.04348179,533,Ophioscincus truncatus,0,4262
152.4103,-31.1664,1,2318,1190,2,123,4,-128644.80040642,6533196.04348179,533,Pseudechis porphyricaus,0,4263
152.4103,-31.1664,1,2318,1190,2,123,4,-128644.80040642,6533196.04348179,533,Saltuarius swaini,0,4264
152.3998,-31.1681,2,2332,1139,2,124,-12,-129637.227242458,6532946.99161854,534,Cacophis kreftii,0,4265
152.3998,-31.1681,2,2332,1139,2,124,-12,-129637.227242458,6532946.99161854,534,Calyptotis scutirostrum,0,4266
152.3998,-31.1681,2,2332,1139,2,124,-12,-129637.227242458,6532946.99161854,534,Coeranoscincus reticulatus,0,4267
152.3998,-31.1681,2,2332,1139,2,124,-12,-129637.227242458,6532946.99161854,534,Egernia mcpheei,0,4268
152.3998,-31.1681,2,2332,1139,2,124,-12,-129637.227242458,6532946.99161854,534,Eulamprus murrayi,0,4269
152.3998,-31.1681,2,2332,1139,2,124,-12,-129637.227242458,6532946.99161854,534,Ophioscincus truncatus,0,4270
152.3998,-31.1681,2,2332,1139,2,124,-12,-129637.227242458,6532946.99161854,534,Pseudechis porphyricaus,0,4271
152.3998,-31.1681,2,2332,1139,2,124,-12,-129637.227242458,6532946.99161854,534,Saltuarius swaini,0,4272
152.597,-31.1725,1,1552,949,2,170,20,-110759.506737976,6533569.751945,535,Cacophis kreftii,0,4273
152.597,-31.1725,1,1552,949,2,170,20,-110759.506737976,6533569.751945,535,Calyptotis scutirostrum,0,4274
152.597,-31.1725,1,1552,949,2,170,20,-110759.506737976,6533569.751945,535,Coeranoscincus reticulatus,0,4275
152.597,-31.1725,1,1552,949,2,170,20,-110759.506737976,6533569.751945,535,Egernia mcpheei,0,4276
152.597,-31.1725,1,1552,949,2,170,20,-110759.506737976,6533569.751945,535,Eulamprus murrayi,0,4277
152.597,-31.1725,1,1552,949,2,170,20,-110759.506737976,6533569.751945,535,Ophioscincus truncatus,0,4278
152.597,-31.1725,1,1552,949,2,170,20,-110759.506737976,6533569.751945,535,Pseudechis porphyricaus,0,4279
152.597,-31.1725,1,1552,949,2,170,20,-110759.506737976,6533569.751945,535,Saltuarius swaini,0,4280
152.3367,-31.1877,1,2208,1139,2,119,-5,-135537.557228227,6530404.91334178,536,Cacophis kreftii,0,4281
152.3367,-31.1877,1,2208,1139,2,119,-5,-135537.557228227,6530404.91334178,536,Calyptotis scutirostrum,0,4282
152.3367,-31.1877,1,2208,1139,2,119,-5,-135537.557228227,6530404.91334178,536,Coeranoscincus reticulatus,0,4283
152.3367,-31.1877,1,2208,1139,2,119,-5,-135537.557228227,6530404.91334178,536,Egernia mcpheei,0,4284
152.3367,-31.1877,1,2208,1139,2,119,-5,-135537.557228227,6530404.91334178,536,Eulamprus murrayi,0,4285
152.3367,-31.1877,1,2208,1139,2,119,-5,-135537.557228227,6530404.91334178,536,Ophioscincus truncatus,0,4286
152.3367,-31.1877,1,2208,1139,2,119,-5,-135537.557228227,6530404.91334178,536,Pseudechis porphyricaus,0,4287
152.3367,-31.1877,1,2208,1139,2,119,-5,-135537.557228227,6530404.91334178,536,Saltuarius swaini,0,4288
152.3618,-31.1932,1,1902,1039,2,142,-6,-133101.696097477,6529938.31197594,537,Cacophis kreftii,0,4289
152.3618,-31.1932,1,1902,1039,2,142,-6,-133101.696097477,6529938.31197594,537,Calyptotis scutirostrum,0,4290
152.3618,-31.1932,1,1902,1039,2,142,-6,-133101.696097477,6529938.31197594,537,Coeranoscincus reticulatus,0,4291
152.3618,-31.1932,1,1902,1039,2,142,-6,-133101.696097477,6529938.31197594,537,Egernia mcpheei,0,4292
152.3618,-31.1932,1,1902,1039,2,142,-6,-133101.696097477,6529938.31197594,537,Eulamprus murrayi,0,4293
152.3618,-31.1932,1,1902,1039,2,142,-6,-133101.696097477,6529938.31197594,537,Ophioscincus truncatus,1,4294
152.3618,-31.1932,1,1902,1039,2,142,-6,-133101.696097477,6529938.31197594,537,Pseudechis porphyricaus,0,4295
152.3618,-31.1932,1,1902,1039,2,142,-6,-133101.696097477,6529938.31197594,537,Saltuarius swaini,0,4296
152.3681,-31.1968,1,1982,920,2,137,-12,-132475.496139261,6529574.35995134,538,Cacophis kreftii,0,4297
152.3681,-31.1968,1,1982,920,2,137,-12,-132475.496139261,6529574.35995134,538,Calyptotis scutirostrum,0,4298
152.3681,-31.1968,1,1982,920,2,137,-12,-132475.496139261,6529574.35995134,538,Coeranoscincus reticulatus,0,4299
152.3681,-31.1968,1,1982,920,2,137,-12,-132475.496139261,6529574.35995134,538,Egernia mcpheei,0,4300
152.3681,-31.1968,1,1982,920,2,137,-12,-132475.496139261,6529574.35995134,538,Eulamprus murrayi,0,4301
152.3681,-31.1968,1,1982,920,2,137,-12,-132475.496139261,6529574.35995134,538,Ophioscincus truncatus,1,4302
152.3681,-31.1968,1,1982,920,2,137,-12,-132475.496139261,6529574.35995134,538,Pseudechis porphyricaus,0,4303
152.3681,-31.1968,1,1982,920,2,137,-12,-132475.496139261,6529574.35995134,538,Saltuarius swaini,0,4304
152.7061,-31.1962,3,1330,1129,2,180,-4,-100182.722434024,6531536.19211479,539,Cacophis kreftii,0,4305
152.7061,-31.1962,3,1330,1129,2,180,-4,-100182.722434024,6531536.19211479,539,Calyptotis scutirostrum,0,4306
152.7061,-31.1962,3,1330,1129,2,180,-4,-100182.722434024,6531536.19211479,539,Coeranoscincus reticulatus,0,4307
152.7061,-31.1962,3,1330,1129,2,180,-4,-100182.722434024,6531536.19211479,539,Egernia mcpheei,0,4308
152.7061,-31.1962,3,1330,1129,2,180,-4,-100182.722434024,6531536.19211479,539,Eulamprus murrayi,0,4309
152.7061,-31.1962,3,1330,1129,2,180,-4,-100182.722434024,6531536.19211479,539,Ophioscincus truncatus,0,4310
152.7061,-31.1962,3,1330,1129,2,180,-4,-100182.722434024,6531536.19211479,539,Pseudechis porphyricaus,0,4311
152.7061,-31.1962,3,1330,1129,2,180,-4,-100182.722434024,6531536.19211479,539,Saltuarius swaini,0,4312
152.7124,-31.2053,3,1396,1100,2,179,-15,-99523.1046195703,6530559.19103228,540,Cacophis kreftii,0,4313
152.7124,-31.2053,3,1396,1100,2,179,-15,-99523.1046195703,6530559.19103228,540,Calyptotis scutirostrum,0,4314
152.7124,-31.2053,3,1396,1100,2,179,-15,-99523.1046195703,6530559.19103228,540,Coeranoscincus reticulatus,0,4315
152.7124,-31.2053,3,1396,1100,2,179,-15,-99523.1046195703,6530559.19103228,540,Egernia mcpheei,0,4316
152.7124,-31.2053,3,1396,1100,2,179,-15,-99523.1046195703,6530559.19103228,540,Eulamprus murrayi,0,4317
152.7124,-31.2053,3,1396,1100,2,179,-15,-99523.1046195703,6530559.19103228,540,Ophioscincus truncatus,0,4318
152.7124,-31.2053,3,1396,1100,2,179,-15,-99523.1046195703,6530559.19103228,540,Pseudechis porphyricaus,0,4319
152.7124,-31.2053,3,1396,1100,2,179,-15,-99523.1046195703,6530559.19103228,540,Saltuarius swaini,0,4320
152.5549,-31.212,3,1600,1049,2,171,10,-114526.258777859,6528944.60596469,541,Cacophis kreftii,0,4321
152.5549,-31.212,3,1600,1049,2,171,10,-114526.258777859,6528944.60596469,541,Calyptotis scutirostrum,0,4322
152.5549,-31.212,3,1600,1049,2,171,10,-114526.258777859,6528944.60596469,541,Coeranoscincus reticulatus,0,4323
152.5549,-31.212,3,1600,1049,2,171,10,-114526.258777859,6528944.60596469,541,Egernia mcpheei,0,4324
152.5549,-31.212,3,1600,1049,2,171,10,-114526.258777859,6528944.60596469,541,Eulamprus murrayi,0,4325
152.5549,-31.212,3,1600,1049,2,171,10,-114526.258777859,6528944.60596469,541,Ophioscincus truncatus,0,4326
152.5549,-31.212,3,1600,1049,2,171,10,-114526.258777859,6528944.60596469,541,Pseudechis porphyricaus,0,4327
152.5549,-31.212,3,1600,1049,2,171,10,-114526.258777859,6528944.60596469,541,Saltuarius swaini,0,4328
152.5129,-31.2155,3,1910,1120,2,145,5,-118515.871906296,6528319.87387832,542,Cacophis kreftii,0,4329
152.5129,-31.2155,3,1910,1120,2,145,5,-118515.871906296,6528319.87387832,542,Calyptotis scutirostrum,0,4330
152.5129,-31.2155,3,1910,1120,2,145,5,-118515.871906296,6528319.87387832,542,Coeranoscincus reticulatus,0,4331
152.5129,-31.2155,3,1910,1120,2,145,5,-118515.871906296,6528319.87387832,542,Egernia mcpheei,0,4332
152.5129,-31.2155,3,1910,1120,2,145,5,-118515.871906296,6528319.87387832,542,Eulamprus murrayi,0,4333
152.5129,-31.2155,3,1910,1120,2,145,5,-118515.871906296,6528319.87387832,542,Ophioscincus truncatus,0,4334
152.5129,-31.2155,3,1910,1120,2,145,5,-118515.871906296,6528319.87387832,542,Pseudechis porphyricaus,0,4335
152.5129,-31.2155,3,1910,1120,2,145,5,-118515.871906296,6528319.87387832,542,Saltuarius swaini,0,4336
152.7123,-31.2161,3,1396,1059,2,178,-7,-99464.1219877084,6529358.33838068,543,Cacophis kreftii,0,4337
152.7123,-31.2161,3,1396,1059,2,178,-7,-99464.1219877084,6529358.33838068,543,Calyptotis scutirostrum,0,4338
152.7123,-31.2161,3,1396,1059,2,178,-7,-99464.1219877084,6529358.33838068,543,Coeranoscincus reticulatus,0,4339
152.7123,-31.2161,3,1396,1059,2,178,-7,-99464.1219877084,6529358.33838068,543,Egernia mcpheei,0,4340
152.7123,-31.2161,3,1396,1059,2,178,-7,-99464.1219877084,6529358.33838068,543,Eulamprus murrayi,0,4341
152.7123,-31.2161,3,1396,1059,2,178,-7,-99464.1219877084,6529358.33838068,543,Ophioscincus truncatus,0,4342
152.7123,-31.2161,3,1396,1059,2,178,-7,-99464.1219877084,6529358.33838068,543,Pseudechis porphyricaus,0,4343
152.7123,-31.2161,3,1396,1059,2,178,-7,-99464.1219877084,6529358.33838068,543,Saltuarius swaini,0,4344
152.5443,-31.2192,3,1644,949,2,164,32,-115491.997825901,6528084.9472762,544,Cacophis kreftii,0,4345
152.5443,-31.2192,3,1644,949,2,164,32,-115491.997825901,6528084.9472762,544,Calyptotis scutirostrum,0,4346
152.5443,-31.2192,3,1644,949,2,164,32,-115491.997825901,6528084.9472762,544,Coeranoscincus reticulatus,0,4347
152.5443,-31.2192,3,1644,949,2,164,32,-115491.997825901,6528084.9472762,544,Egernia mcpheei,0,4348
152.5443,-31.2192,3,1644,949,2,164,32,-115491.997825901,6528084.9472762,544,Eulamprus murrayi,0,4349
152.5443,-31.2192,3,1644,949,2,164,32,-115491.997825901,6528084.9472762,544,Ophioscincus truncatus,0,4350
152.5443,-31.2192,3,1644,949,2,164,32,-115491.997825901,6528084.9472762,544,Pseudechis porphyricaus,0,4351
152.5443,-31.2192,3,1644,949,2,164,32,-115491.997825901,6528084.9472762,544,Saltuarius swaini,0,4352
152.559,-31.2193,3,1618,980,2,167,15,-114087.089464681,6528156.09858245,545,Cacophis kreftii,0,4353
152.559,-31.2193,3,1618,980,2,167,15,-114087.089464681,6528156.09858245,545,Calyptotis scutirostrum,0,4354
152.559,-31.2193,3,1618,980,2,167,15,-114087.089464681,6528156.09858245,545,Coeranoscincus reticulatus,0,4355
152.559,-31.2193,3,1618,980,2,167,15,-114087.089464681,6528156.09858245,545,Egernia mcpheei,0,4356
152.559,-31.2193,3,1618,980,2,167,15,-114087.089464681,6528156.09858245,545,Eulamprus murrayi,0,4357
152.559,-31.2193,3,1618,980,2,167,15,-114087.089464681,6528156.09858245,545,Ophioscincus truncatus,0,4358
152.559,-31.2193,3,1618,980,2,167,15,-114087.089464681,6528156.09858245,545,Pseudechis porphyricaus,0,4359
152.559,-31.2193,3,1618,980,2,167,15,-114087.089464681,6528156.09858245,545,Saltuarius swaini,0,4360
152.5611,-31.2247,2,1602,949,2,176,16,-113851.368029312,6527567.60057088,546,Cacophis kreftii,0,4361
152.5611,-31.2247,2,1602,949,2,176,16,-113851.368029312,6527567.60057088,546,Calyptotis scutirostrum,0,4362
152.5611,-31.2247,2,1602,949,2,176,16,-113851.368029312,6527567.60057088,546,Coeranoscincus reticulatus,0,4363
152.5611,-31.2247,2,1602,949,2,176,16,-113851.368029312,6527567.60057088,546,Egernia mcpheei,0,4364
152.5611,-31.2247,2,1602,949,2,176,16,-113851.368029312,6527567.60057088,546,Eulamprus murrayi,0,4365
152.5611,-31.2247,2,1602,949,2,176,16,-113851.368029312,6527567.60057088,546,Ophioscincus truncatus,0,4366
152.5611,-31.2247,2,1602,949,2,176,16,-113851.368029312,6527567.60057088,546,Pseudechis porphyricaus,0,4367
152.5611,-31.2247,2,1602,949,2,176,16,-113851.368029312,6527567.60057088,546,Saltuarius swaini,0,4368
152.5191,-31.2264,3,1964,1019,2,148,-10,-117852.210082227,6527143.13203442,547,Cacophis kreftii,0,4369
152.5191,-31.2264,3,1964,1019,2,148,-10,-117852.210082227,6527143.13203442,547,Calyptotis scutirostrum,0,4370
152.5191,-31.2264,3,1964,1019,2,148,-10,-117852.210082227,6527143.13203442,547,Coeranoscincus reticulatus,0,4371
152.5191,-31.2264,3,1964,1019,2,148,-10,-117852.210082227,6527143.13203442,547,Egernia mcpheei,0,4372
152.5191,-31.2264,3,1964,1019,2,148,-10,-117852.210082227,6527143.13203442,547,Eulamprus murrayi,0,4373
152.5191,-31.2264,3,1964,1019,2,148,-10,-117852.210082227,6527143.13203442,547,Ophioscincus truncatus,0,4374
152.5191,-31.2264,3,1964,1019,2,148,-10,-117852.210082227,6527143.13203442,547,Pseudechis porphyricaus,0,4375
152.5191,-31.2264,3,1964,1019,2,148,-10,-117852.210082227,6527143.13203442,547,Saltuarius swaini,0,4376
152.5527,-31.2301,3,1446,1009,2,178,20,-114618.583125146,6526920.3857884,548,Cacophis kreftii,0,4377
152.5527,-31.2301,3,1446,1009,2,178,20,-114618.583125146,6526920.3857884,548,Calyptotis scutirostrum,0,4378
152.5527,-31.2301,3,1446,1009,2,178,20,-114618.583125146,6526920.3857884,548,Coeranoscincus reticulatus,0,4379
152.5527,-31.2301,3,1446,1009,2,178,20,-114618.583125146,6526920.3857884,548,Egernia mcpheei,0,4380
152.5527,-31.2301,3,1446,1009,2,178,20,-114618.583125146,6526920.3857884,548,Eulamprus murrayi,0,4381
152.5527,-31.2301,3,1446,1009,2,178,20,-114618.583125146,6526920.3857884,548,Ophioscincus truncatus,0,4382
152.5527,-31.2301,3,1446,1009,2,178,20,-114618.583125146,6526920.3857884,548,Pseudechis porphyricaus,0,4383
152.5527,-31.2301,3,1446,1009,2,178,20,-114618.583125146,6526920.3857884,548,Saltuarius swaini,0,4384
152.7564,-31.2324,3,1332,1110,2,180,-5,-95149.1562671253,6527786.53251694,549,Cacophis kreftii,0,4385
152.7564,-31.2324,3,1332,1110,2,180,-5,-95149.1562671253,6527786.53251694,549,Calyptotis scutirostrum,0,4386
152.7564,-31.2324,3,1332,1110,2,180,-5,-95149.1562671253,6527786.53251694,549,Coeranoscincus reticulatus,0,4387
152.7564,-31.2324,3,1332,1110,2,180,-5,-95149.1562671253,6527786.53251694,549,Egernia mcpheei,0,4388
152.7564,-31.2324,3,1332,1110,2,180,-5,-95149.1562671253,6527786.53251694,549,Eulamprus murrayi,0,4389
152.7564,-31.2324,3,1332,1110,2,180,-5,-95149.1562671253,6527786.53251694,549,Ophioscincus truncatus,0,4390
152.7564,-31.2324,3,1332,1110,2,180,-5,-95149.1562671253,6527786.53251694,549,Pseudechis porphyricaus,0,4391
152.7564,-31.2324,3,1332,1110,2,180,-5,-95149.1562671253,6527786.53251694,549,Saltuarius swaini,0,4392
152.7459,-31.2469,3,1312,1090,2,179,-9,-96060.2835443999,6526118.12569286,550,Cacophis kreftii,0,4393
152.7459,-31.2469,3,1312,1090,2,179,-9,-96060.2835443999,6526118.12569286,550,Calyptotis scutirostrum,0,4394
152.7459,-31.2469,3,1312,1090,2,179,-9,-96060.2835443999,6526118.12569286,550,Coeranoscincus reticulatus,0,4395
152.7459,-31.2469,3,1312,1090,2,179,-9,-96060.2835443999,6526118.12569286,550,Egernia mcpheei,0,4396
152.7459,-31.2469,3,1312,1090,2,179,-9,-96060.2835443999,6526118.12569286,550,Eulamprus murrayi,0,4397
152.7459,-31.2469,3,1312,1090,2,179,-9,-96060.2835443999,6526118.12569286,550,Ophioscincus truncatus,0,4398
152.7459,-31.2469,3,1312,1090,2,179,-9,-96060.2835443999,6526118.12569286,550,Pseudechis porphyricaus,0,4399
152.7459,-31.2469,3,1312,1090,2,179,-9,-96060.2835443999,6526118.12569286,550,Saltuarius swaini,0,4400
152.7648,-31.2469,3,1348,1059,2,179,8,-94255.6742638169,6526220.56123026,551,Cacophis kreftii,0,4401
152.7648,-31.2469,3,1348,1059,2,179,8,-94255.6742638169,6526220.56123026,551,Calyptotis scutirostrum,0,4402
152.7648,-31.2469,3,1348,1059,2,179,8,-94255.6742638169,6526220.56123026,551,Coeranoscincus reticulatus,0,4403
152.7648,-31.2469,3,1348,1059,2,179,8,-94255.6742638169,6526220.56123026,551,Egernia mcpheei,0,4404
152.7648,-31.2469,3,1348,1059,2,179,8,-94255.6742638169,6526220.56123026,551,Eulamprus murrayi,0,4405
152.7648,-31.2469,3,1348,1059,2,179,8,-94255.6742638169,6526220.56123026,551,Ophioscincus truncatus,0,4406
152.7648,-31.2469,3,1348,1059,2,179,8,-94255.6742638169,6526220.56123026,551,Pseudechis porphyricaus,0,4407
152.7648,-31.2469,3,1348,1059,2,179,8,-94255.6742638169,6526220.56123026,551,Saltuarius swaini,0,4408
151.1826,-31.283,3,922,980,2,132,-9,-245153.452723016,6512535.18994421,552,Cacophis kreftii,0,4409
151.1826,-31.283,3,922,980,2,132,-9,-245153.452723016,6512535.18994421,552,Calyptotis scutirostrum,0,4410
151.1826,-31.283,3,922,980,2,132,-9,-245153.452723016,6512535.18994421,552,Coeranoscincus reticulatus,0,4411
151.1826,-31.283,3,922,980,2,132,-9,-245153.452723016,6512535.18994421,552,Egernia mcpheei,0,4412
151.1826,-31.283,3,922,980,2,132,-9,-245153.452723016,6512535.18994421,552,Eulamprus murrayi,0,4413
151.1826,-31.283,3,922,980,2,132,-9,-245153.452723016,6512535.18994421,552,Ophioscincus truncatus,0,4414
151.1826,-31.283,3,922,980,2,132,-9,-245153.452723016,6512535.18994421,552,Pseudechis porphyricaus,0,4415
151.1826,-31.283,3,922,980,2,132,-9,-245153.452723016,6512535.18994421,552,Saltuarius swaini,0,4416
152.149,-31.2894,2,1714,1110,2,119,3,-152774.682201317,6517995.23685991,553,Cacophis kreftii,0,4417
152.149,-31.2894,2,1714,1110,2,119,3,-152774.682201317,6517995.23685991,553,Calyptotis scutirostrum,0,4418
152.149,-31.2894,2,1714,1110,2,119,3,-152774.682201317,6517995.23685991,553,Coeranoscincus reticulatus,0,4419
152.149,-31.2894,2,1714,1110,2,119,3,-152774.682201317,6517995.23685991,553,Egernia mcpheei,0,4420
152.149,-31.2894,2,1714,1110,2,119,3,-152774.682201317,6517995.23685991,553,Eulamprus murrayi,0,4421
152.149,-31.2894,2,1714,1110,2,119,3,-152774.682201317,6517995.23685991,553,Ophioscincus truncatus,0,4422
152.149,-31.2894,2,1714,1110,2,119,3,-152774.682201317,6517995.23685991,553,Pseudechis porphyricaus,0,4423
152.149,-31.2894,2,1714,1110,2,119,3,-152774.682201317,6517995.23685991,553,Saltuarius swaini,0,4424
152.1573,-31.2949,1,1680,1110,2,122,16,-151943.984554588,6517433.08651463,554,Cacophis kreftii,0,4425
152.1573,-31.2949,1,1680,1110,2,122,16,-151943.984554588,6517433.08651463,554,Calyptotis scutirostrum,0,4426
152.1573,-31.2949,1,1680,1110,2,122,16,-151943.984554588,6517433.08651463,554,Coeranoscincus reticulatus,0,4427
152.1573,-31.2949,1,1680,1110,2,122,16,-151943.984554588,6517433.08651463,554,Egernia mcpheei,0,4428
152.1573,-31.2949,1,1680,1110,2,122,16,-151943.984554588,6517433.08651463,554,Eulamprus murrayi,0,4429
152.1573,-31.2949,1,1680,1110,2,122,16,-151943.984554588,6517433.08651463,554,Ophioscincus truncatus,0,4430
152.1573,-31.2949,1,1680,1110,2,122,16,-151943.984554588,6517433.08651463,554,Pseudechis porphyricaus,0,4431
152.1573,-31.2949,1,1680,1110,2,122,16,-151943.984554588,6517433.08651463,554,Saltuarius swaini,0,4432
152.1657,-31.2985,1,1632,860,2,123,0,-151116.988435754,6517082.75060386,555,Cacophis kreftii,0,4433
152.1657,-31.2985,1,1632,860,2,123,0,-151116.988435754,6517082.75060386,555,Calyptotis scutirostrum,0,4434
152.1657,-31.2985,1,1632,860,2,123,0,-151116.988435754,6517082.75060386,555,Coeranoscincus reticulatus,0,4435
152.1657,-31.2985,1,1632,860,2,123,0,-151116.988435754,6517082.75060386,555,Egernia mcpheei,0,4436
152.1657,-31.2985,1,1632,860,2,123,0,-151116.988435754,6517082.75060386,555,Eulamprus murrayi,0,4437
152.1657,-31.2985,1,1632,860,2,123,0,-151116.988435754,6517082.75060386,555,Ophioscincus truncatus,0,4438
152.1657,-31.2985,1,1632,860,2,123,0,-151116.988435754,6517082.75060386,555,Pseudechis porphyricaus,0,4439
152.1657,-31.2985,1,1632,860,2,123,0,-151116.988435754,6517082.75060386,555,Saltuarius swaini,0,4440
151.188,-31.33,3,900,920,2,142,-23,-244264.281766914,6507340.56946903,556,Cacophis kreftii,0,4441
151.188,-31.33,3,900,920,2,142,-23,-244264.281766914,6507340.56946903,556,Calyptotis scutirostrum,0,4442
151.188,-31.33,3,900,920,2,142,-23,-244264.281766914,6507340.56946903,556,Coeranoscincus reticulatus,0,4443
151.188,-31.33,3,900,920,2,142,-23,-244264.281766914,6507340.56946903,556,Egernia mcpheei,0,4444
151.188,-31.33,3,900,920,2,142,-23,-244264.281766914,6507340.56946903,556,Eulamprus murrayi,0,4445
151.188,-31.33,3,900,920,2,142,-23,-244264.281766914,6507340.56946903,556,Ophioscincus truncatus,0,4446
151.188,-31.33,3,900,920,2,142,-23,-244264.281766914,6507340.56946903,556,Pseudechis porphyricaus,0,4447
151.188,-31.33,3,900,920,2,142,-23,-244264.281766914,6507340.56946903,556,Saltuarius swaini,0,4448
151.6018,-31.3478,3,1178,1100,4,106,-9,-204603.252849452,6508104.58253592,557,Cacophis kreftii,0,4449
151.6018,-31.3478,3,1178,1100,4,106,-9,-204603.252849452,6508104.58253592,557,Calyptotis scutirostrum,0,4450
151.6018,-31.3478,3,1178,1100,4,106,-9,-204603.252849452,6508104.58253592,557,Coeranoscincus reticulatus,0,4451
151.6018,-31.3478,3,1178,1100,4,106,-9,-204603.252849452,6508104.58253592,557,Egernia mcpheei,0,4452
151.6018,-31.3478,3,1178,1100,4,106,-9,-204603.252849452,6508104.58253592,557,Eulamprus murrayi,0,4453
151.6018,-31.3478,3,1178,1100,4,106,-9,-204603.252849452,6508104.58253592,557,Ophioscincus truncatus,0,4454
151.6018,-31.3478,3,1178,1100,4,106,-9,-204603.252849452,6508104.58253592,557,Pseudechis porphyricaus,0,4455
151.6018,-31.3478,3,1178,1100,4,106,-9,-204603.252849452,6508104.58253592,557,Saltuarius swaini,0,4456
151.6038,-31.3568,3,1216,1080,4,101,-1,-204344.653545143,6507116.16956193,558,Cacophis kreftii,0,4457
151.6038,-31.3568,3,1216,1080,4,101,-1,-204344.653545143,6507116.16956193,558,Calyptotis scutirostrum,0,4458
151.6038,-31.3568,3,1216,1080,4,101,-1,-204344.653545143,6507116.16956193,558,Coeranoscincus reticulatus,0,4459
151.6038,-31.3568,3,1216,1080,4,101,-1,-204344.653545143,6507116.16956193,558,Egernia mcpheei,0,4460
151.6038,-31.3568,3,1216,1080,4,101,-1,-204344.653545143,6507116.16956193,558,Eulamprus murrayi,0,4461
151.6038,-31.3568,3,1216,1080,4,101,-1,-204344.653545143,6507116.16956193,558,Ophioscincus truncatus,0,4462
151.6038,-31.3568,3,1216,1080,4,101,-1,-204344.653545143,6507116.16956193,558,Pseudechis porphyricaus,0,4463
151.6038,-31.3568,3,1216,1080,4,101,-1,-204344.653545143,6507116.16956193,558,Saltuarius swaini,0,4464
151.6036,-31.3712,3,1232,1090,4,103,19,-204255.497050102,6505512.7825163,559,Cacophis kreftii,0,4465
151.6036,-31.3712,3,1232,1090,4,103,19,-204255.497050102,6505512.7825163,559,Calyptotis scutirostrum,0,4466
151.6036,-31.3712,3,1232,1090,4,103,19,-204255.497050102,6505512.7825163,559,Coeranoscincus reticulatus,0,4467
151.6036,-31.3712,3,1232,1090,4,103,19,-204255.497050102,6505512.7825163,559,Egernia mcpheei,0,4468
151.6036,-31.3712,3,1232,1090,4,103,19,-204255.497050102,6505512.7825163,559,Eulamprus murrayi,0,4469
151.6036,-31.3712,3,1232,1090,4,103,19,-204255.497050102,6505512.7825163,559,Ophioscincus truncatus,0,4470
151.6036,-31.3712,3,1232,1090,4,103,19,-204255.497050102,6505512.7825163,559,Pseudechis porphyricaus,0,4471
151.6036,-31.3712,3,1232,1090,4,103,19,-204255.497050102,6505512.7825163,559,Saltuarius swaini,0,4472
151.8786,-31.4046,3,1204,1019,2,125,22,-177766.190067618,6503538.38847604,560,Cacophis kreftii,0,4473
151.8786,-31.4046,3,1204,1019,2,125,22,-177766.190067618,6503538.38847604,560,Calyptotis scutirostrum,0,4474
151.8786,-31.4046,3,1204,1019,2,125,22,-177766.190067618,6503538.38847604,560,Coeranoscincus reticulatus,0,4475
151.8786,-31.4046,3,1204,1019,2,125,22,-177766.190067618,6503538.38847604,560,Egernia mcpheei,0,4476
151.8786,-31.4046,3,1204,1019,2,125,22,-177766.190067618,6503538.38847604,560,Eulamprus murrayi,0,4477
151.8786,-31.4046,3,1204,1019,2,125,22,-177766.190067618,6503538.38847604,560,Ophioscincus truncatus,1,4478
151.8786,-31.4046,3,1204,1019,2,125,22,-177766.190067618,6503538.38847604,560,Pseudechis porphyricaus,0,4479
151.8786,-31.4046,3,1204,1019,2,125,22,-177766.190067618,6503538.38847604,560,Saltuarius swaini,0,4480
152.1246,-31.43,1,1332,1049,2,133,-9,-154123.588313024,6502214.98367347,561,Cacophis kreftii,0,4481
152.1246,-31.43,1,1332,1049,2,133,-9,-154123.588313024,6502214.98367347,561,Calyptotis scutirostrum,0,4482
152.1246,-31.43,1,1332,1049,2,133,-9,-154123.588313024,6502214.98367347,561,Coeranoscincus reticulatus,0,4483
152.1246,-31.43,1,1332,1049,2,133,-9,-154123.588313024,6502214.98367347,561,Egernia mcpheei,0,4484
152.1246,-31.43,1,1332,1049,2,133,-9,-154123.588313024,6502214.98367347,561,Eulamprus murrayi,0,4485
152.1246,-31.43,1,1332,1049,2,133,-9,-154123.588313024,6502214.98367347,561,Ophioscincus truncatus,0,4486
152.1246,-31.43,1,1332,1049,2,133,-9,-154123.588313024,6502214.98367347,561,Pseudechis porphyricaus,0,4487
152.1246,-31.43,1,1332,1049,2,133,-9,-154123.588313024,6502214.98367347,561,Saltuarius swaini,0,4488
152.1182,-31.4317,1,1262,1070,2,138,-10,-154721.924736901,6501987.55585139,562,Cacophis kreftii,0,4489
152.1182,-31.4317,1,1262,1070,2,138,-10,-154721.924736901,6501987.55585139,562,Calyptotis scutirostrum,0,4490
152.1182,-31.4317,1,1262,1070,2,138,-10,-154721.924736901,6501987.55585139,562,Coeranoscincus reticulatus,0,4491
152.1182,-31.4317,1,1262,1070,2,138,-10,-154721.924736901,6501987.55585139,562,Egernia mcpheei,0,4492
152.1182,-31.4317,1,1262,1070,2,138,-10,-154721.924736901,6501987.55585139,562,Eulamprus murrayi,0,4493
152.1182,-31.4317,1,1262,1070,2,138,-10,-154721.924736901,6501987.55585139,562,Ophioscincus truncatus,1,4494
152.1182,-31.4317,1,1262,1070,2,138,-10,-154721.924736901,6501987.55585139,562,Pseudechis porphyricaus,0,4495
152.1182,-31.4317,1,1262,1070,2,138,-10,-154721.924736901,6501987.55585139,562,Saltuarius swaini,0,4496
152.1098,-31.4335,1,1242,1029,2,136,12,-155510.234203802,6501736.95330557,563,Cacophis kreftii,0,4497
152.1098,-31.4335,1,1242,1029,2,136,12,-155510.234203802,6501736.95330557,563,Calyptotis scutirostrum,0,4498
152.1098,-31.4335,1,1242,1029,2,136,12,-155510.234203802,6501736.95330557,563,Coeranoscincus reticulatus,0,4499
152.1098,-31.4335,1,1242,1029,2,136,12,-155510.234203802,6501736.95330557,563,Egernia mcpheei,0,4500
152.1098,-31.4335,1,1242,1029,2,136,12,-155510.234203802,6501736.95330557,563,Eulamprus murrayi,0,4501
152.1098,-31.4335,1,1242,1029,2,136,12,-155510.234203802,6501736.95330557,563,Ophioscincus truncatus,0,4502
152.1098,-31.4335,1,1242,1029,2,136,12,-155510.234203802,6501736.95330557,563,Pseudechis porphyricaus,0,4503
152.1098,-31.4335,1,1242,1029,2,136,12,-155510.234203802,6501736.95330557,563,Saltuarius swaini,0,4504
152.1475,-31.4482,2,1418,1080,2,124,16,-151813.265447098,6500328.27928868,564,Cacophis kreftii,0,4505
152.1475,-31.4482,2,1418,1080,2,124,16,-151813.265447098,6500328.27928868,564,Calyptotis scutirostrum,0,4506
152.1475,-31.4482,2,1418,1080,2,124,16,-151813.265447098,6500328.27928868,564,Coeranoscincus reticulatus,0,4507
152.1475,-31.4482,2,1418,1080,2,124,16,-151813.265447098,6500328.27928868,564,Egernia mcpheei,0,4508
152.1475,-31.4482,2,1418,1080,2,124,16,-151813.265447098,6500328.27928868,564,Eulamprus murrayi,0,4509
152.1475,-31.4482,2,1418,1080,2,124,16,-151813.265447098,6500328.27928868,564,Ophioscincus truncatus,1,4510
152.1475,-31.4482,2,1418,1080,2,124,16,-151813.265447098,6500328.27928868,564,Pseudechis porphyricaus,0,4511
152.1475,-31.4482,2,1418,1080,2,124,16,-151813.265447098,6500328.27928868,564,Saltuarius swaini,0,4512
152.1496,-31.4554,3,1420,1100,2,126,14,-151562.888817002,6499540.21993749,565,Cacophis kreftii,0,4513
152.1496,-31.4554,3,1420,1100,2,126,14,-151562.888817002,6499540.21993749,565,Calyptotis scutirostrum,0,4514
152.1496,-31.4554,3,1420,1100,2,126,14,-151562.888817002,6499540.21993749,565,Coeranoscincus reticulatus,0,4515
152.1496,-31.4554,3,1420,1100,2,126,14,-151562.888817002,6499540.21993749,565,Egernia mcpheei,0,4516
152.1496,-31.4554,3,1420,1100,2,126,14,-151562.888817002,6499540.21993749,565,Eulamprus murrayi,0,4517
152.1496,-31.4554,3,1420,1100,2,126,14,-151562.888817002,6499540.21993749,565,Ophioscincus truncatus,1,4518
152.1496,-31.4554,3,1420,1100,2,126,14,-151562.888817002,6499540.21993749,565,Pseudechis porphyricaus,0,4519
152.1496,-31.4554,3,1420,1100,2,126,14,-151562.888817002,6499540.21993749,565,Saltuarius swaini,1,4520
152.1805,-31.5242,2,1194,1059,2,149,-33,-148139.640492316,6492074.43180975,566,Cacophis kreftii,0,4521
152.1805,-31.5242,2,1194,1059,2,149,-33,-148139.640492316,6492074.43180975,566,Calyptotis scutirostrum,0,4522
152.1805,-31.5242,2,1194,1059,2,149,-33,-148139.640492316,6492074.43180975,566,Coeranoscincus reticulatus,0,4523
152.1805,-31.5242,2,1194,1059,2,149,-33,-148139.640492316,6492074.43180975,566,Egernia mcpheei,0,4524
152.1805,-31.5242,2,1194,1059,2,149,-33,-148139.640492316,6492074.43180975,566,Eulamprus murrayi,0,4525
152.1805,-31.5242,2,1194,1059,2,149,-33,-148139.640492316,6492074.43180975,566,Ophioscincus truncatus,1,4526
152.1805,-31.5242,2,1194,1059,2,149,-33,-148139.640492316,6492074.43180975,566,Pseudechis porphyricaus,0,4527
152.1805,-31.5242,2,1194,1059,2,149,-33,-148139.640492316,6492074.43180975,566,Saltuarius swaini,0,4528
152.1953,-31.5261,2,1206,1049,2,144,-17,-146716.822931648,6491951.21913417,567,Cacophis kreftii,0,4529
152.1953,-31.5261,2,1206,1049,2,144,-17,-146716.822931648,6491951.21913417,567,Calyptotis scutirostrum,0,4530
152.1953,-31.5261,2,1206,1049,2,144,-17,-146716.822931648,6491951.21913417,567,Coeranoscincus reticulatus,0,4531
152.1953,-31.5261,2,1206,1049,2,144,-17,-146716.822931648,6491951.21913417,567,Egernia mcpheei,0,4532
152.1953,-31.5261,2,1206,1049,2,144,-17,-146716.822931648,6491951.21913417,567,Eulamprus murrayi,0,4533
152.1953,-31.5261,2,1206,1049,2,144,-17,-146716.822931648,6491951.21913417,567,Ophioscincus truncatus,0,4534
152.1953,-31.5261,2,1206,1049,2,144,-17,-146716.822931648,6491951.21913417,567,Pseudechis porphyricaus,1,4535
152.1953,-31.5261,2,1206,1049,2,144,-17,-146716.822931648,6491951.21913417,567,Saltuarius swaini,1,4536
152.1868,-31.5278,3,1188,1100,2,150,-8,-147514.582133368,6491711.64732987,568,Cacophis kreftii,0,4537
152.1868,-31.5278,3,1188,1100,2,150,-8,-147514.582133368,6491711.64732987,568,Calyptotis scutirostrum,0,4538
152.1868,-31.5278,3,1188,1100,2,150,-8,-147514.582133368,6491711.64732987,568,Coeranoscincus reticulatus,0,4539
152.1868,-31.5278,3,1188,1100,2,150,-8,-147514.582133368,6491711.64732987,568,Egernia mcpheei,0,4540
152.1868,-31.5278,3,1188,1100,2,150,-8,-147514.582133368,6491711.64732987,568,Eulamprus murrayi,0,4541
152.1868,-31.5278,3,1188,1100,2,150,-8,-147514.582133368,6491711.64732987,568,Ophioscincus truncatus,1,4542
152.1868,-31.5278,3,1188,1100,2,150,-8,-147514.582133368,6491711.64732987,568,Pseudechis porphyricaus,0,4543
152.1868,-31.5278,3,1188,1100,2,150,-8,-147514.582133368,6491711.64732987,568,Saltuarius swaini,0,4544
151.5675,-31.5296,3,1078,1029,2,117,0,-206501.998418358,6487655.74831188,569,Cacophis kreftii,0,4545
151.5675,-31.5296,3,1078,1029,2,117,0,-206501.998418358,6487655.74831188,569,Calyptotis scutirostrum,0,4546
151.5675,-31.5296,3,1078,1029,2,117,0,-206501.998418358,6487655.74831188,569,Coeranoscincus reticulatus,0,4547
151.5675,-31.5296,3,1078,1029,2,117,0,-206501.998418358,6487655.74831188,569,Egernia mcpheei,0,4548
151.5675,-31.5296,3,1078,1029,2,117,0,-206501.998418358,6487655.74831188,569,Eulamprus murrayi,0,4549
151.5675,-31.5296,3,1078,1029,2,117,0,-206501.998418358,6487655.74831188,569,Ophioscincus truncatus,1,4550
151.5675,-31.5296,3,1078,1029,2,117,0,-206501.998418358,6487655.74831188,569,Pseudechis porphyricaus,0,4551
151.5675,-31.5296,3,1078,1029,2,117,0,-206501.998418358,6487655.74831188,569,Saltuarius swaini,0,4552
152.2478,-31.5499,2,1224,1059,2,147,18,-141552.802002051,6489615.79921383,570,Cacophis kreftii,0,4553
152.2478,-31.5499,2,1224,1059,2,147,18,-141552.802002051,6489615.79921383,570,Calyptotis scutirostrum,0,4554
152.2478,-31.5499,2,1224,1059,2,147,18,-141552.802002051,6489615.79921383,570,Coeranoscincus reticulatus,0,4555
152.2478,-31.5499,2,1224,1059,2,147,18,-141552.802002051,6489615.79921383,570,Egernia mcpheei,0,4556
152.2478,-31.5499,2,1224,1059,2,147,18,-141552.802002051,6489615.79921383,570,Eulamprus murrayi,0,4557
152.2478,-31.5499,2,1224,1059,2,147,18,-141552.802002051,6489615.79921383,570,Ophioscincus truncatus,0,4558
152.2478,-31.5499,2,1224,1059,2,147,18,-141552.802002051,6489615.79921383,570,Pseudechis porphyricaus,0,4559
152.2478,-31.5499,2,1224,1059,2,147,18,-141552.802002051,6489615.79921383,570,Saltuarius swaini,0,4560
151.5461,-31.5528,3,1056,910,2,118,25,-208364.726231121,6484935.15028177,571,Cacophis kreftii,0,4561
151.5461,-31.5528,3,1056,910,2,118,25,-208364.726231121,6484935.15028177,571,Calyptotis scutirostrum,0,4562
151.5461,-31.5528,3,1056,910,2,118,25,-208364.726231121,6484935.15028177,571,Coeranoscincus reticulatus,0,4563
151.5461,-31.5528,3,1056,910,2,118,25,-208364.726231121,6484935.15028177,571,Egernia mcpheei,0,4564
151.5461,-31.5528,3,1056,910,2,118,25,-208364.726231121,6484935.15028177,571,Eulamprus murrayi,0,4565
151.5461,-31.5528,3,1056,910,2,118,25,-208364.726231121,6484935.15028177,571,Ophioscincus truncatus,1,4566
151.5461,-31.5528,3,1056,910,2,118,25,-208364.726231121,6484935.15028177,571,Pseudechis porphyricaus,0,4567
151.5461,-31.5528,3,1056,910,2,118,25,-208364.726231121,6484935.15028177,571,Saltuarius swaini,0,4568
152.2477,-31.5553,2,1234,1059,2,148,-7,-141525.12346321,6489014.81167942,572,Cacophis kreftii,0,4569
152.2477,-31.5553,2,1234,1059,2,148,-7,-141525.12346321,6489014.81167942,572,Calyptotis scutirostrum,0,4570
152.2477,-31.5553,2,1234,1059,2,148,-7,-141525.12346321,6489014.81167942,572,Coeranoscincus reticulatus,0,4571
152.2477,-31.5553,2,1234,1059,2,148,-7,-141525.12346321,6489014.81167942,572,Egernia mcpheei,0,4572
152.2477,-31.5553,2,1234,1059,2,148,-7,-141525.12346321,6489014.81167942,572,Eulamprus murrayi,0,4573
152.2477,-31.5553,2,1234,1059,2,148,-7,-141525.12346321,6489014.81167942,572,Ophioscincus truncatus,1,4574
152.2477,-31.5553,2,1234,1059,2,148,-7,-141525.12346321,6489014.81167942,572,Pseudechis porphyricaus,0,4575
152.2477,-31.5553,2,1234,1059,2,148,-7,-141525.12346321,6489014.81167942,572,Saltuarius swaini,0,4576
152.2435,-31.5607,2,1232,1100,2,144,-11,-141887.769204747,6488389.62644232,573,Cacophis kreftii,0,4577
152.2435,-31.5607,2,1232,1100,2,144,-11,-141887.769204747,6488389.62644232,573,Calyptotis scutirostrum,0,4578
152.2435,-31.5607,2,1232,1100,2,144,-11,-141887.769204747,6488389.62644232,573,Coeranoscincus reticulatus,0,4579
152.2435,-31.5607,2,1232,1100,2,144,-11,-141887.769204747,6488389.62644232,573,Egernia mcpheei,0,4580
152.2435,-31.5607,2,1232,1100,2,144,-11,-141887.769204747,6488389.62644232,573,Eulamprus murrayi,0,4581
152.2435,-31.5607,2,1232,1100,2,144,-11,-141887.769204747,6488389.62644232,573,Ophioscincus truncatus,1,4582
152.2435,-31.5607,2,1232,1100,2,144,-11,-141887.769204747,6488389.62644232,573,Pseudechis porphyricaus,0,4583
152.2435,-31.5607,2,1232,1100,2,144,-11,-141887.769204747,6488389.62644232,573,Saltuarius swaini,0,4584
152.2392,-31.5624,3,1258,1039,2,142,4,-142285.41340836,6488175.21678575,574,Cacophis kreftii,0,4585
152.2392,-31.5624,3,1258,1039,2,142,4,-142285.41340836,6488175.21678575,574,Calyptotis scutirostrum,0,4586
152.2392,-31.5624,3,1258,1039,2,142,4,-142285.41340836,6488175.21678575,574,Coeranoscincus reticulatus,0,4587
152.2392,-31.5624,3,1258,1039,2,142,4,-142285.41340836,6488175.21678575,574,Egernia mcpheei,0,4588
152.2392,-31.5624,3,1258,1039,2,142,4,-142285.41340836,6488175.21678575,574,Eulamprus murrayi,0,4589
152.2392,-31.5624,3,1258,1039,2,142,4,-142285.41340836,6488175.21678575,574,Ophioscincus truncatus,0,4590
152.2392,-31.5624,3,1258,1039,2,142,4,-142285.41340836,6488175.21678575,574,Pseudechis porphyricaus,0,4591
152.2392,-31.5624,3,1258,1039,2,142,4,-142285.41340836,6488175.21678575,574,Saltuarius swaini,0,4592
151.5501,-31.5655,3,1038,1009,2,118,8,-207886.91265836,6483548.22772142,575,Cacophis kreftii,0,4593
151.5501,-31.5655,3,1038,1009,2,118,8,-207886.91265836,6483548.22772142,575,Calyptotis scutirostrum,0,4594
151.5501,-31.5655,3,1038,1009,2,118,8,-207886.91265836,6483548.22772142,575,Coeranoscincus reticulatus,0,4595
151.5501,-31.5655,3,1038,1009,2,118,8,-207886.91265836,6483548.22772142,575,Egernia mcpheei,0,4596
151.5501,-31.5655,3,1038,1009,2,118,8,-207886.91265836,6483548.22772142,575,Eulamprus murrayi,0,4597
151.5501,-31.5655,3,1038,1009,2,118,8,-207886.91265836,6483548.22772142,575,Ophioscincus truncatus,1,4598
151.5501,-31.5655,3,1038,1009,2,118,8,-207886.91265836,6483548.22772142,575,Pseudechis porphyricaus,0,4599
151.5501,-31.5655,3,1038,1009,2,118,8,-207886.91265836,6483548.22772142,575,Saltuarius swaini,0,4600
151.5605,-31.5764,1,1010,1009,2,121,15,-206813.275853676,6482403.27464338,576,Cacophis kreftii,0,4601
151.5605,-31.5764,1,1010,1009,2,121,15,-206813.275853676,6482403.27464338,576,Calyptotis scutirostrum,0,4602
151.5605,-31.5764,1,1010,1009,2,121,15,-206813.275853676,6482403.27464338,576,Coeranoscincus reticulatus,0,4603
151.5605,-31.5764,1,1010,1009,2,121,15,-206813.275853676,6482403.27464338,576,Egernia mcpheei,0,4604
151.5605,-31.5764,1,1010,1009,2,121,15,-206813.275853676,6482403.27464338,576,Eulamprus murrayi,0,4605
151.5605,-31.5764,1,1010,1009,2,121,15,-206813.275853676,6482403.27464338,576,Ophioscincus truncatus,0,4606
151.5605,-31.5764,1,1010,1009,2,121,15,-206813.275853676,6482403.27464338,576,Pseudechis porphyricaus,0,4607
151.5605,-31.5764,1,1010,1009,2,121,15,-206813.275853676,6482403.27464338,576,Saltuarius swaini,0,4608
151.6068,-31.5806,1,1004,1009,2,121,16,-202371.549940177,6482236.61149556,577,Cacophis kreftii,0,4609
151.6068,-31.5806,1,1004,1009,2,121,16,-202371.549940177,6482236.61149556,577,Calyptotis scutirostrum,0,4610
151.6068,-31.5806,1,1004,1009,2,121,16,-202371.549940177,6482236.61149556,577,Coeranoscincus reticulatus,0,4611
151.6068,-31.5806,1,1004,1009,2,121,16,-202371.549940177,6482236.61149556,577,Egernia mcpheei,0,4612
151.6068,-31.5806,1,1004,1009,2,121,16,-202371.549940177,6482236.61149556,577,Eulamprus murrayi,0,4613
151.6068,-31.5806,1,1004,1009,2,121,16,-202371.549940177,6482236.61149556,577,Ophioscincus truncatus,1,4614
151.6068,-31.5806,1,1004,1009,2,121,16,-202371.549940177,6482236.61149556,577,Pseudechis porphyricaus,0,4615
151.6068,-31.5806,1,1004,1009,2,121,16,-202371.549940177,6482236.61149556,577,Saltuarius swaini,0,4616
151.4843,-31.5972,2,962,939,2,118,24,-213911.671354104,6479590.01306014,578,Cacophis kreftii,0,4617
151.4843,-31.5972,2,962,939,2,118,24,-213911.671354104,6479590.01306014,578,Calyptotis scutirostrum,0,4618
151.4843,-31.5972,2,962,939,2,118,24,-213911.671354104,6479590.01306014,578,Coeranoscincus reticulatus,0,4619
151.4843,-31.5972,2,962,939,2,118,24,-213911.671354104,6479590.01306014,578,Egernia mcpheei,0,4620
151.4843,-31.5972,2,962,939,2,118,24,-213911.671354104,6479590.01306014,578,Eulamprus murrayi,0,4621
151.4843,-31.5972,2,962,939,2,118,24,-213911.671354104,6479590.01306014,578,Ophioscincus truncatus,1,4622
151.4843,-31.5972,2,962,939,2,118,24,-213911.671354104,6479590.01306014,578,Pseudechis porphyricaus,0,4623
151.4843,-31.5972,2,962,939,2,118,24,-213911.671354104,6479590.01306014,578,Saltuarius swaini,0,4624
151.1783,-31.6149,1,1356,1080,4,99,8,-242916.649698275,6475563.53924511,579,Cacophis kreftii,0,4625
151.1783,-31.6149,1,1356,1080,4,99,8,-242916.649698275,6475563.53924511,579,Calyptotis scutirostrum,0,4626
151.1783,-31.6149,1,1356,1080,4,99,8,-242916.649698275,6475563.53924511,579,Coeranoscincus reticulatus,0,4627
151.1783,-31.6149,1,1356,1080,4,99,8,-242916.649698275,6475563.53924511,579,Egernia mcpheei,0,4628
151.1783,-31.6149,1,1356,1080,4,99,8,-242916.649698275,6475563.53924511,579,Eulamprus murrayi,0,4629
151.1783,-31.6149,1,1356,1080,4,99,8,-242916.649698275,6475563.53924511,579,Ophioscincus truncatus,0,4630
151.1783,-31.6149,1,1356,1080,4,99,8,-242916.649698275,6475563.53924511,579,Pseudechis porphyricaus,0,4631
151.1783,-31.6149,1,1356,1080,4,99,8,-242916.649698275,6475563.53924511,579,Saltuarius swaini,0,4632
151.1866,-31.6222,1,1326,1080,4,100,-2,-242067.639989184,6474807.93511941,580,Cacophis kreftii,0,4633
151.1866,-31.6222,1,1326,1080,4,100,-2,-242067.639989184,6474807.93511941,580,Calyptotis scutirostrum,0,4634
151.1866,-31.6222,1,1326,1080,4,100,-2,-242067.639989184,6474807.93511941,580,Coeranoscincus reticulatus,0,4635
151.1866,-31.6222,1,1326,1080,4,100,-2,-242067.639989184,6474807.93511941,580,Egernia mcpheei,0,4636
151.1866,-31.6222,1,1326,1080,4,100,-2,-242067.639989184,6474807.93511941,580,Eulamprus murrayi,0,4637
151.1866,-31.6222,1,1326,1080,4,100,-2,-242067.639989184,6474807.93511941,580,Ophioscincus truncatus,0,4638
151.1866,-31.6222,1,1326,1080,4,100,-2,-242067.639989184,6474807.93511941,580,Pseudechis porphyricaus,0,4639
151.1866,-31.6222,1,1326,1080,4,100,-2,-242067.639989184,6474807.93511941,580,Saltuarius swaini,0,4640
151.1676,-31.6237,1,1296,1070,4,106,-12,-243865.165245294,6474510.61629363,581,Cacophis kreftii,0,4641
151.1676,-31.6237,1,1296,1070,4,106,-12,-243865.165245294,6474510.61629363,581,Calyptotis scutirostrum,0,4642
151.1676,-31.6237,1,1296,1070,4,106,-12,-243865.165245294,6474510.61629363,581,Coeranoscincus reticulatus,0,4643
151.1676,-31.6237,1,1296,1070,4,106,-12,-243865.165245294,6474510.61629363,581,Egernia mcpheei,0,4644
151.1676,-31.6237,1,1296,1070,4,106,-12,-243865.165245294,6474510.61629363,581,Eulamprus murrayi,0,4645
151.1676,-31.6237,1,1296,1070,4,106,-12,-243865.165245294,6474510.61629363,581,Ophioscincus truncatus,0,4646
151.1676,-31.6237,1,1296,1070,4,106,-12,-243865.165245294,6474510.61629363,581,Pseudechis porphyricaus,0,4647
151.1676,-31.6237,1,1296,1070,4,106,-12,-243865.165245294,6474510.61629363,581,Saltuarius swaini,0,4648
151.1632,-31.6291,1,1310,1100,4,103,4,-244240.838640846,6473879.33473577,582,Cacophis kreftii,0,4649
151.1632,-31.6291,1,1310,1100,4,103,4,-244240.838640846,6473879.33473577,582,Calyptotis scutirostrum,0,4650
151.1632,-31.6291,1,1310,1100,4,103,4,-244240.838640846,6473879.33473577,582,Coeranoscincus reticulatus,0,4651
151.1632,-31.6291,1,1310,1100,4,103,4,-244240.838640846,6473879.33473577,582,Egernia mcpheei,0,4652
151.1632,-31.6291,1,1310,1100,4,103,4,-244240.838640846,6473879.33473577,582,Eulamprus murrayi,0,4653
151.1632,-31.6291,1,1310,1100,4,103,4,-244240.838640846,6473879.33473577,582,Ophioscincus truncatus,0,4654
151.1632,-31.6291,1,1310,1100,4,103,4,-244240.838640846,6473879.33473577,582,Pseudechis porphyricaus,0,4655
151.1632,-31.6291,1,1310,1100,4,103,4,-244240.838640846,6473879.33473577,582,Saltuarius swaini,0,4656
151.1696,-31.6292,1,1288,1100,4,104,-1,-243630.536429211,6473912.18250065,583,Cacophis kreftii,0,4657
151.1696,-31.6292,1,1288,1100,4,104,-1,-243630.536429211,6473912.18250065,583,Calyptotis scutirostrum,0,4658
151.1696,-31.6292,1,1288,1100,4,104,-1,-243630.536429211,6473912.18250065,583,Coeranoscincus reticulatus,0,4659
151.1696,-31.6292,1,1288,1100,4,104,-1,-243630.536429211,6473912.18250065,583,Egernia mcpheei,0,4660
151.1696,-31.6292,1,1288,1100,4,104,-1,-243630.536429211,6473912.18250065,583,Eulamprus murrayi,0,4661
151.1696,-31.6292,1,1288,1100,4,104,-1,-243630.536429211,6473912.18250065,583,Ophioscincus truncatus,0,4662
151.1696,-31.6292,1,1288,1100,4,104,-1,-243630.536429211,6473912.18250065,583,Pseudechis porphyricaus,0,4663
151.1696,-31.6292,1,1288,1100,4,104,-1,-243630.536429211,6473912.18250065,583,Saltuarius swaini,0,4664
151.1632,-31.6327,1,1314,1110,4,100,15,-244211.913113866,6473478.63800734,584,Cacophis kreftii,0,4665
151.1632,-31.6327,1,1314,1110,4,100,15,-244211.913113866,6473478.63800734,584,Calyptotis scutirostrum,0,4666
151.1632,-31.6327,1,1314,1110,4,100,15,-244211.913113866,6473478.63800734,584,Coeranoscincus reticulatus,0,4667
151.1632,-31.6327,1,1314,1110,4,100,15,-244211.913113866,6473478.63800734,584,Egernia mcpheei,0,4668
151.1632,-31.6327,1,1314,1110,4,100,15,-244211.913113866,6473478.63800734,584,Eulamprus murrayi,0,4669
151.1632,-31.6327,1,1314,1110,4,100,15,-244211.913113866,6473478.63800734,584,Ophioscincus truncatus,0,4670
151.1632,-31.6327,1,1314,1110,4,100,15,-244211.913113866,6473478.63800734,584,Pseudechis porphyricaus,0,4671
151.1632,-31.6327,1,1314,1110,4,100,15,-244211.913113866,6473478.63800734,584,Saltuarius swaini,0,4672
152.3904,-31.6481,2,1806,1070,2,153,-4,-127313.378797034,6479531.06572796,585,Cacophis kreftii,0,4673
152.3904,-31.6481,2,1806,1070,2,153,-4,-127313.378797034,6479531.06572796,585,Calyptotis scutirostrum,0,4674
152.3904,-31.6481,2,1806,1070,2,153,-4,-127313.378797034,6479531.06572796,585,Coeranoscincus reticulatus,0,4675
152.3904,-31.6481,2,1806,1070,2,153,-4,-127313.378797034,6479531.06572796,585,Egernia mcpheei,0,4676
152.3904,-31.6481,2,1806,1070,2,153,-4,-127313.378797034,6479531.06572796,585,Eulamprus murrayi,0,4677
152.3904,-31.6481,2,1806,1070,2,153,-4,-127313.378797034,6479531.06572796,585,Ophioscincus truncatus,0,4678
152.3904,-31.6481,2,1806,1070,2,153,-4,-127313.378797034,6479531.06572796,585,Pseudechis porphyricaus,0,4679
152.3904,-31.6481,2,1806,1070,2,153,-4,-127313.378797034,6479531.06572796,585,Saltuarius swaini,0,4680
152.3819,-31.6534,3,1646,1149,2,169,-12,-128085.852969767,6478892.68147855,586,Cacophis kreftii,0,4681
152.3819,-31.6534,3,1646,1149,2,169,-12,-128085.852969767,6478892.68147855,586,Calyptotis scutirostrum,0,4682
152.3819,-31.6534,3,1646,1149,2,169,-12,-128085.852969767,6478892.68147855,586,Coeranoscincus reticulatus,0,4683
152.3819,-31.6534,3,1646,1149,2,169,-12,-128085.852969767,6478892.68147855,586,Egernia mcpheei,0,4684
152.3819,-31.6534,3,1646,1149,2,169,-12,-128085.852969767,6478892.68147855,586,Eulamprus murrayi,0,4685
152.3819,-31.6534,3,1646,1149,2,169,-12,-128085.852969767,6478892.68147855,586,Ophioscincus truncatus,1,4686
152.3819,-31.6534,3,1646,1149,2,169,-12,-128085.852969767,6478892.68147855,586,Pseudechis porphyricaus,0,4687
152.3819,-31.6534,3,1646,1149,2,169,-12,-128085.852969767,6478892.68147855,586,Saltuarius swaini,0,4688
151.6162,-31.6582,3,814,860,2,153,53,-200889.708669407,6473664.23176859,587,Cacophis kreftii,0,4689
151.6162,-31.6582,3,814,860,2,153,53,-200889.708669407,6473664.23176859,587,Calyptotis scutirostrum,0,4690
151.6162,-31.6582,3,814,860,2,153,53,-200889.708669407,6473664.23176859,587,Coeranoscincus reticulatus,0,4691
151.6162,-31.6582,3,814,860,2,153,53,-200889.708669407,6473664.23176859,587,Egernia mcpheei,0,4692
151.6162,-31.6582,3,814,860,2,153,53,-200889.708669407,6473664.23176859,587,Eulamprus murrayi,0,4693
151.6162,-31.6582,3,814,860,2,153,53,-200889.708669407,6473664.23176859,587,Ophioscincus truncatus,0,4694
151.6162,-31.6582,3,814,860,2,153,53,-200889.708669407,6473664.23176859,587,Pseudechis porphyricaus,1,4695
151.6162,-31.6582,3,814,860,2,153,53,-200889.708669407,6473664.23176859,587,Saltuarius swaini,0,4696
152.4008,-31.6662,3,2050,1139,4,140,25,-126202.170007241,6477579.00329889,588,Cacophis kreftii,0,4697
152.4008,-31.6662,3,2050,1139,4,140,25,-126202.170007241,6477579.00329889,588,Calyptotis scutirostrum,0,4698
152.4008,-31.6662,3,2050,1139,4,140,25,-126202.170007241,6477579.00329889,588,Coeranoscincus reticulatus,0,4699
152.4008,-31.6662,3,2050,1139,4,140,25,-126202.170007241,6477579.00329889,588,Egernia mcpheei,0,4700
152.4008,-31.6662,3,2050,1139,4,140,25,-126202.170007241,6477579.00329889,588,Eulamprus murrayi,0,4701
152.4008,-31.6662,3,2050,1139,4,140,25,-126202.170007241,6477579.00329889,588,Ophioscincus truncatus,1,4702
152.4008,-31.6662,3,2050,1139,4,140,25,-126202.170007241,6477579.00329889,588,Pseudechis porphyricaus,0,4703
152.4008,-31.6662,3,2050,1139,4,140,25,-126202.170007241,6477579.00329889,588,Saltuarius swaini,0,4704
151.616,-31.6709,2,996,870,2,130,17,-200812.616217544,6472250.03913196,589,Cacophis kreftii,0,4705
151.616,-31.6709,2,996,870,2,130,17,-200812.616217544,6472250.03913196,589,Calyptotis scutirostrum,0,4706
151.616,-31.6709,2,996,870,2,130,17,-200812.616217544,6472250.03913196,589,Coeranoscincus reticulatus,0,4707
151.616,-31.6709,2,996,870,2,130,17,-200812.616217544,6472250.03913196,589,Egernia mcpheei,0,4708
151.616,-31.6709,2,996,870,2,130,17,-200812.616217544,6472250.03913196,589,Eulamprus murrayi,0,4709
151.616,-31.6709,2,996,870,2,130,17,-200812.616217544,6472250.03913196,589,Ophioscincus truncatus,0,4710
151.616,-31.6709,2,996,870,2,130,17,-200812.616217544,6472250.03913196,589,Pseudechis porphyricaus,0,4711
151.616,-31.6709,2,996,870,2,130,17,-200812.616217544,6472250.03913196,589,Saltuarius swaini,0,4712
151.6048,-31.853,3,1298,1059,2,112,10,-200494.054733227,6451918.49551821,590,Cacophis kreftii,0,4713
151.6048,-31.853,3,1298,1059,2,112,10,-200494.054733227,6451918.49551821,590,Calyptotis scutirostrum,0,4714
151.6048,-31.853,3,1298,1059,2,112,10,-200494.054733227,6451918.49551821,590,Coeranoscincus reticulatus,0,4715
151.6048,-31.853,3,1298,1059,2,112,10,-200494.054733227,6451918.49551821,590,Egernia mcpheei,0,4716
151.6048,-31.853,3,1298,1059,2,112,10,-200494.054733227,6451918.49551821,590,Eulamprus murrayi,0,4717
151.6048,-31.853,3,1298,1059,2,112,10,-200494.054733227,6451918.49551821,590,Ophioscincus truncatus,0,4718
151.6048,-31.853,3,1298,1059,2,112,10,-200494.054733227,6451918.49551821,590,Pseudechis porphyricaus,0,4719
151.6048,-31.853,3,1298,1059,2,112,10,-200494.054733227,6451918.49551821,590,Saltuarius swaini,0,4720
151.5773,-31.8545,3,1214,1080,2,119,5,-203093.919709459,6451572.39952851,591,Cacophis kreftii,0,4721
151.5773,-31.8545,3,1214,1080,2,119,5,-203093.919709459,6451572.39952851,591,Calyptotis scutirostrum,0,4722
151.5773,-31.8545,3,1214,1080,2,119,5,-203093.919709459,6451572.39952851,591,Coeranoscincus reticulatus,0,4723
151.5773,-31.8545,3,1214,1080,2,119,5,-203093.919709459,6451572.39952851,591,Egernia mcpheei,0,4724
151.5773,-31.8545,3,1214,1080,2,119,5,-203093.919709459,6451572.39952851,591,Eulamprus murrayi,0,4725
151.5773,-31.8545,3,1214,1080,2,119,5,-203093.919709459,6451572.39952851,591,Ophioscincus truncatus,0,4726
151.5773,-31.8545,3,1214,1080,2,119,5,-203093.919709459,6451572.39952851,591,Pseudechis porphyricaus,0,4727
151.5773,-31.8545,3,1214,1080,2,119,5,-203093.919709459,6451572.39952851,591,Saltuarius swaini,0,4728
151.5624,-31.8597,3,1308,1070,2,113,27,-204468.933465913,6450896.48327675,592,Cacophis kreftii,0,4729
151.5624,-31.8597,3,1308,1070,2,113,27,-204468.933465913,6450896.48327675,592,Calyptotis scutirostrum,0,4730
151.5624,-31.8597,3,1308,1070,2,113,27,-204468.933465913,6450896.48327675,592,Coeranoscincus reticulatus,0,4731
151.5624,-31.8597,3,1308,1070,2,113,27,-204468.933465913,6450896.48327675,592,Egernia mcpheei,0,4732
151.5624,-31.8597,3,1308,1070,2,113,27,-204468.933465913,6450896.48327675,592,Eulamprus murrayi,0,4733
151.5624,-31.8597,3,1308,1070,2,113,27,-204468.933465913,6450896.48327675,592,Ophioscincus truncatus,0,4734
151.5624,-31.8597,3,1308,1070,2,113,27,-204468.933465913,6450896.48327675,592,Pseudechis porphyricaus,0,4735
151.5624,-31.8597,3,1308,1070,2,113,27,-204468.933465913,6450896.48327675,592,Saltuarius swaini,0,4736
151.5555,-31.8975,1,1558,1019,4,105,4,-204833.885434492,6446645.83543783,593,Cacophis kreftii,0,4737
151.5555,-31.8975,1,1558,1019,4,105,4,-204833.885434492,6446645.83543783,593,Calyptotis scutirostrum,0,4738
151.5555,-31.8975,1,1558,1019,4,105,4,-204833.885434492,6446645.83543783,593,Coeranoscincus reticulatus,0,4739
151.5555,-31.8975,1,1558,1019,4,105,4,-204833.885434492,6446645.83543783,593,Egernia mcpheei,0,4740
151.5555,-31.8975,1,1558,1019,4,105,4,-204833.885434492,6446645.83543783,593,Eulamprus murrayi,0,4741
151.5555,-31.8975,1,1558,1019,4,105,4,-204833.885434492,6446645.83543783,593,Ophioscincus truncatus,0,4742
151.5555,-31.8975,1,1558,1019,4,105,4,-204833.885434492,6446645.83543783,593,Pseudechis porphyricaus,0,4743
151.5555,-31.8975,1,1558,1019,4,105,4,-204833.885434492,6446645.83543783,593,Saltuarius swaini,0,4744
151.4983,-31.9023,1,1538,1139,3,104,-13,-210225.98071807,6445735.43623553,594,Cacophis kreftii,0,4745
151.4983,-31.9023,1,1538,1139,3,104,-13,-210225.98071807,6445735.43623553,594,Calyptotis scutirostrum,0,4746
151.4983,-31.9023,1,1538,1139,3,104,-13,-210225.98071807,6445735.43623553,594,Coeranoscincus reticulatus,0,4747
151.4983,-31.9023,1,1538,1139,3,104,-13,-210225.98071807,6445735.43623553,594,Egernia mcpheei,0,4748
151.4983,-31.9023,1,1538,1139,3,104,-13,-210225.98071807,6445735.43623553,594,Eulamprus murrayi,0,4749
151.4983,-31.9023,1,1538,1139,3,104,-13,-210225.98071807,6445735.43623553,594,Ophioscincus truncatus,0,4750
151.4983,-31.9023,1,1538,1139,3,104,-13,-210225.98071807,6445735.43623553,594,Pseudechis porphyricaus,0,4751
151.4983,-31.9023,1,1538,1139,3,104,-13,-210225.98071807,6445735.43623553,594,Saltuarius swaini,0,4752
151.3925,-31.9046,3,1314,1039,2,106,-6,-220250.439389844,6444775.61083505,595,Cacophis kreftii,0,4753
151.3925,-31.9046,3,1314,1039,2,106,-6,-220250.439389844,6444775.61083505,595,Calyptotis scutirostrum,0,4754
151.3925,-31.9046,3,1314,1039,2,106,-6,-220250.439389844,6444775.61083505,595,Coeranoscincus reticulatus,0,4755
151.3925,-31.9046,3,1314,1039,2,106,-6,-220250.439389844,6444775.61083505,595,Egernia mcpheei,0,4756
151.3925,-31.9046,3,1314,1039,2,106,-6,-220250.439389844,6444775.61083505,595,Eulamprus murrayi,0,4757
151.3925,-31.9046,3,1314,1039,2,106,-6,-220250.439389844,6444775.61083505,595,Ophioscincus truncatus,0,4758
151.3925,-31.9046,3,1314,1039,2,106,-6,-220250.439389844,6444775.61083505,595,Pseudechis porphyricaus,0,4759
151.3925,-31.9046,3,1314,1039,2,106,-6,-220250.439389844,6444775.61083505,595,Saltuarius swaini,0,4760
151.4432,-31.9124,3,1574,1159,5,97,7,-215377.128818137,6444246.29677956,596,Cacophis kreftii,0,4761
151.4432,-31.9124,3,1574,1159,5,97,7,-215377.128818137,6444246.29677956,596,Calyptotis scutirostrum,0,4762
151.4432,-31.9124,3,1574,1159,5,97,7,-215377.128818137,6444246.29677956,596,Coeranoscincus reticulatus,0,4763
151.4432,-31.9124,3,1574,1159,5,97,7,-215377.128818137,6444246.29677956,596,Egernia mcpheei,0,4764
151.4432,-31.9124,3,1574,1159,5,97,7,-215377.128818137,6444246.29677956,596,Eulamprus murrayi,0,4765
151.4432,-31.9124,3,1574,1159,5,97,7,-215377.128818137,6444246.29677956,596,Ophioscincus truncatus,0,4766
151.4432,-31.9124,3,1574,1159,5,97,7,-215377.128818137,6444246.29677956,596,Pseudechis porphyricaus,0,4767
151.4432,-31.9124,3,1574,1159,5,97,7,-215377.128818137,6444246.29677956,596,Saltuarius swaini,0,4768
151.515,-31.9151,2,1704,1049,4,99,7,-208542.009852545,6444421.49431971,597,Cacophis kreftii,0,4769
151.515,-31.9151,2,1704,1049,4,99,7,-208542.009852545,6444421.49431971,597,Calyptotis scutirostrum,0,4770
151.515,-31.9151,2,1704,1049,4,99,7,-208542.009852545,6444421.49431971,597,Coeranoscincus reticulatus,0,4771
151.515,-31.9151,2,1704,1049,4,99,7,-208542.009852545,6444421.49431971,597,Egernia mcpheei,0,4772
151.515,-31.9151,2,1704,1049,4,99,7,-208542.009852545,6444421.49431971,597,Eulamprus murrayi,0,4773
151.515,-31.9151,2,1704,1049,4,99,7,-208542.009852545,6444421.49431971,597,Ophioscincus truncatus,0,4774
151.515,-31.9151,2,1704,1049,4,99,7,-208542.009852545,6444421.49431971,597,Pseudechis porphyricaus,0,4775
151.515,-31.9151,2,1704,1049,4,99,7,-208542.009852545,6444421.49431971,597,Saltuarius swaini,0,4776
151.3987,-31.9155,3,1422,1039,2,103,10,-219576.358571837,6443604.26054343,598,Cacophis kreftii,0,4777
151.3987,-31.9155,3,1422,1039,2,103,10,-219576.358571837,6443604.26054343,598,Calyptotis scutirostrum,0,4778
151.3987,-31.9155,3,1422,1039,2,103,10,-219576.358571837,6443604.26054343,598,Coeranoscincus reticulatus,0,4779
151.3987,-31.9155,3,1422,1039,2,103,10,-219576.358571837,6443604.26054343,598,Egernia mcpheei,0,4780
151.3987,-31.9155,3,1422,1039,2,103,10,-219576.358571837,6443604.26054343,598,Eulamprus murrayi,0,4781
151.3987,-31.9155,3,1422,1039,2,103,10,-219576.358571837,6443604.26054343,598,Ophioscincus truncatus,0,4782
151.3987,-31.9155,3,1422,1039,2,103,10,-219576.358571837,6443604.26054343,598,Pseudechis porphyricaus,0,4783
151.3987,-31.9155,3,1422,1039,2,103,10,-219576.358571837,6443604.26054343,598,Saltuarius swaini,0,4784
151.4769,-31.9165,1,1694,1100,4,95,1,-212146.883673553,6444013.91646962,599,Cacophis kreftii,0,4785
151.4769,-31.9165,1,1694,1100,4,95,1,-212146.883673553,6444013.91646962,599,Calyptotis scutirostrum,0,4786
151.4769,-31.9165,1,1694,1100,4,95,1,-212146.883673553,6444013.91646962,599,Coeranoscincus reticulatus,0,4787
151.4769,-31.9165,1,1694,1100,4,95,1,-212146.883673553,6444013.91646962,599,Egernia mcpheei,0,4788
151.4769,-31.9165,1,1694,1100,4,95,1,-212146.883673553,6444013.91646962,599,Eulamprus murrayi,0,4789
151.4769,-31.9165,1,1694,1100,4,95,1,-212146.883673553,6444013.91646962,599,Ophioscincus truncatus,0,4790
151.4769,-31.9165,1,1694,1100,4,95,1,-212146.883673553,6444013.91646962,599,Pseudechis porphyricaus,0,4791
151.4769,-31.9165,1,1694,1100,4,95,1,-212146.883673553,6444013.91646962,599,Saltuarius swaini,0,4792
151.3879,-31.928,1,1434,1059,2,105,7,-220503.100920608,6442140.95723423,600,Cacophis kreftii,0,4793
151.3879,-31.928,1,1434,1059,2,105,7,-220503.100920608,6442140.95723423,600,Calyptotis scutirostrum,0,4794
151.3879,-31.928,1,1434,1059,2,105,7,-220503.100920608,6442140.95723423,600,Coeranoscincus reticulatus,0,4795
151.3879,-31.928,1,1434,1059,2,105,7,-220503.100920608,6442140.95723423,600,Egernia mcpheei,0,4796
151.3879,-31.928,1,1434,1059,2,105,7,-220503.100920608,6442140.95723423,600,Eulamprus murrayi,0,4797
151.3879,-31.928,1,1434,1059,2,105,7,-220503.100920608,6442140.95723423,600,Ophioscincus truncatus,0,4798
151.3879,-31.928,1,1434,1059,2,105,7,-220503.100920608,6442140.95723423,600,Pseudechis porphyricaus,0,4799
151.3879,-31.928,1,1434,1059,2,105,7,-220503.100920608,6442140.95723423,600,Saltuarius swaini,1,4800
151.4406,-31.9377,1,1814,1120,5,91,-5,-215426.327493241,6441413.89980731,601,Cacophis kreftii,0,4801
151.4406,-31.9377,1,1814,1120,5,91,-5,-215426.327493241,6441413.89980731,601,Calyptotis scutirostrum,0,4802
151.4406,-31.9377,1,1814,1120,5,91,-5,-215426.327493241,6441413.89980731,601,Coeranoscincus reticulatus,0,4803
151.4406,-31.9377,1,1814,1120,5,91,-5,-215426.327493241,6441413.89980731,601,Egernia mcpheei,0,4804
151.4406,-31.9377,1,1814,1120,5,91,-5,-215426.327493241,6441413.89980731,601,Eulamprus murrayi,0,4805
151.4406,-31.9377,1,1814,1120,5,91,-5,-215426.327493241,6441413.89980731,601,Ophioscincus truncatus,0,4806
151.4406,-31.9377,1,1814,1120,5,91,-5,-215426.327493241,6441413.89980731,601,Pseudechis porphyricaus,0,4807
151.4406,-31.9377,1,1814,1120,5,91,-5,-215426.327493241,6441413.89980731,601,Saltuarius swaini,0,4808
151.3516,-31.9456,1,1388,990,5,110,27,-223808.84244951,6439938.38190837,602,Cacophis kreftii,0,4809
151.3516,-31.9456,1,1388,990,5,110,27,-223808.84244951,6439938.38190837,602,Calyptotis scutirostrum,0,4810
151.3516,-31.9456,1,1388,990,5,110,27,-223808.84244951,6439938.38190837,602,Coeranoscincus reticulatus,0,4811
151.3516,-31.9456,1,1388,990,5,110,27,-223808.84244951,6439938.38190837,602,Egernia mcpheei,0,4812
151.3516,-31.9456,1,1388,990,5,110,27,-223808.84244951,6439938.38190837,602,Eulamprus murrayi,0,4813
151.3516,-31.9456,1,1388,990,5,110,27,-223808.84244951,6439938.38190837,602,Ophioscincus truncatus,0,4814
151.3516,-31.9456,1,1388,990,5,110,27,-223808.84244951,6439938.38190837,602,Pseudechis porphyricaus,0,4815
151.3516,-31.9456,1,1388,990,5,110,27,-223808.84244951,6439938.38190837,602,Saltuarius swaini,0,4816
151.4426,-31.9485,1,1902,1169,5,89,2,-215152.205248666,6440225.52815878,603,Cacophis kreftii,0,4817
151.4426,-31.9485,1,1902,1169,5,89,2,-215152.205248666,6440225.52815878,603,Calyptotis scutirostrum,0,4818
151.4426,-31.9485,1,1902,1169,5,89,2,-215152.205248666,6440225.52815878,603,Coeranoscincus reticulatus,0,4819
151.4426,-31.9485,1,1902,1169,5,89,2,-215152.205248666,6440225.52815878,603,Egernia mcpheei,0,4820
151.4426,-31.9485,1,1902,1169,5,89,2,-215152.205248666,6440225.52815878,603,Eulamprus murrayi,0,4821
151.4426,-31.9485,1,1902,1169,5,89,2,-215152.205248666,6440225.52815878,603,Ophioscincus truncatus,0,4822
151.4426,-31.9485,1,1902,1169,5,89,2,-215152.205248666,6440225.52815878,603,Pseudechis porphyricaus,0,4823
151.4426,-31.9485,1,1902,1169,5,89,2,-215152.205248666,6440225.52815878,603,Saltuarius swaini,0,4824
151.3917,-31.9551,1,1738,1149,5,93,3,-219929.371569564,6439150.92524844,604,Cacophis kreftii,0,4825
151.3917,-31.9551,1,1738,1149,5,93,3,-219929.371569564,6439150.92524844,604,Calyptotis scutirostrum,0,4826
151.3917,-31.9551,1,1738,1149,5,93,3,-219929.371569564,6439150.92524844,604,Coeranoscincus reticulatus,0,4827
151.3917,-31.9551,1,1738,1149,5,93,3,-219929.371569564,6439150.92524844,604,Egernia mcpheei,0,4828
151.3917,-31.9551,1,1738,1149,5,93,3,-219929.371569564,6439150.92524844,604,Eulamprus murrayi,0,4829
151.3917,-31.9551,1,1738,1149,5,93,3,-219929.371569564,6439150.92524844,604,Ophioscincus truncatus,0,4830
151.3917,-31.9551,1,1738,1149,5,93,3,-219929.371569564,6439150.92524844,604,Pseudechis porphyricaus,0,4831
151.3917,-31.9551,1,1738,1149,5,93,3,-219929.371569564,6439150.92524844,604,Saltuarius swaini,0,4832
151.3768,-31.9567,3,1486,1090,5,109,-19,-221330.324266829,6438872.84690911,605,Cacophis kreftii,0,4833
151.3768,-31.9567,3,1486,1090,5,109,-19,-221330.324266829,6438872.84690911,605,Calyptotis scutirostrum,0,4834
151.3768,-31.9567,3,1486,1090,5,109,-19,-221330.324266829,6438872.84690911,605,Coeranoscincus reticulatus,0,4835
151.3768,-31.9567,3,1486,1090,5,109,-19,-221330.324266829,6438872.84690911,605,Egernia mcpheei,0,4836
151.3768,-31.9567,3,1486,1090,5,109,-19,-221330.324266829,6438872.84690911,605,Eulamprus murrayi,0,4837
151.3768,-31.9567,3,1486,1090,5,109,-19,-221330.324266829,6438872.84690911,605,Ophioscincus truncatus,0,4838
151.3768,-31.9567,3,1486,1090,5,109,-19,-221330.324266829,6438872.84690911,605,Pseudechis porphyricaus,0,4839
151.3768,-31.9567,3,1486,1090,5,109,-19,-221330.324266829,6438872.84690911,605,Saltuarius swaini,0,4840
152.4137,-31.9639,3,1094,1039,2,170,-4,-122961.147064838,6444559.2200686,606,Cacophis kreftii,0,4841
152.4137,-31.9639,3,1094,1039,2,170,-4,-122961.147064838,6444559.2200686,606,Calyptotis scutirostrum,0,4842
152.4137,-31.9639,3,1094,1039,2,170,-4,-122961.147064838,6444559.2200686,606,Coeranoscincus reticulatus,0,4843
152.4137,-31.9639,3,1094,1039,2,170,-4,-122961.147064838,6444559.2200686,606,Egernia mcpheei,0,4844
152.4137,-31.9639,3,1094,1039,2,170,-4,-122961.147064838,6444559.2200686,606,Eulamprus murrayi,0,4845
152.4137,-31.9639,3,1094,1039,2,170,-4,-122961.147064838,6444559.2200686,606,Ophioscincus truncatus,0,4846
152.4137,-31.9639,3,1094,1039,2,170,-4,-122961.147064838,6444559.2200686,606,Pseudechis porphyricaus,0,4847
152.4137,-31.9639,3,1094,1039,2,170,-4,-122961.147064838,6444559.2200686,606,Saltuarius swaini,0,4848
152.4243,-31.964,3,1116,1059,2,170,-9,-121955.930271603,6444609.45767719,607,Cacophis kreftii,0,4849
152.4243,-31.964,3,1116,1059,2,170,-9,-121955.930271603,6444609.45767719,607,Calyptotis scutirostrum,0,4850
152.4243,-31.964,3,1116,1059,2,170,-9,-121955.930271603,6444609.45767719,607,Coeranoscincus reticulatus,0,4851
152.4243,-31.964,3,1116,1059,2,170,-9,-121955.930271603,6444609.45767719,607,Egernia mcpheei,0,4852
152.4243,-31.964,3,1116,1059,2,170,-9,-121955.930271603,6444609.45767719,607,Eulamprus murrayi,0,4853
152.4243,-31.964,3,1116,1059,2,170,-9,-121955.930271603,6444609.45767719,607,Ophioscincus truncatus,0,4854
152.4243,-31.964,3,1116,1059,2,170,-9,-121955.930271603,6444609.45767719,607,Pseudechis porphyricaus,0,4855
152.4243,-31.964,3,1116,1059,2,170,-9,-121955.930271603,6444609.45767719,607,Saltuarius swaini,0,4856
152.4306,-31.9658,3,1138,1080,2,170,8,-121346.698638541,6444445.78056985,608,Cacophis kreftii,0,4857
152.4306,-31.9658,3,1138,1080,2,170,8,-121346.698638541,6444445.78056985,608,Calyptotis scutirostrum,0,4858
152.4306,-31.9658,3,1138,1080,2,170,8,-121346.698638541,6444445.78056985,608,Coeranoscincus reticulatus,0,4859
152.4306,-31.9658,3,1138,1080,2,170,8,-121346.698638541,6444445.78056985,608,Egernia mcpheei,0,4860
152.4306,-31.9658,3,1138,1080,2,170,8,-121346.698638541,6444445.78056985,608,Eulamprus murrayi,0,4861
152.4306,-31.9658,3,1138,1080,2,170,8,-121346.698638541,6444445.78056985,608,Ophioscincus truncatus,0,4862
152.4306,-31.9658,3,1138,1080,2,170,8,-121346.698638541,6444445.78056985,608,Pseudechis porphyricaus,0,4863
152.4306,-31.9658,3,1138,1080,2,170,8,-121346.698638541,6444445.78056985,608,Saltuarius swaini,0,4864
152.3498,-32.025,3,1162,1059,2,170,8,-128597.377430888,6437394.65338659,609,Cacophis kreftii,0,4865
152.3498,-32.025,3,1162,1059,2,170,8,-128597.377430888,6437394.65338659,609,Calyptotis scutirostrum,0,4866
152.3498,-32.025,3,1162,1059,2,170,8,-128597.377430888,6437394.65338659,609,Coeranoscincus reticulatus,0,4867
152.3498,-32.025,3,1162,1059,2,170,8,-128597.377430888,6437394.65338659,609,Egernia mcpheei,0,4868
152.3498,-32.025,3,1162,1059,2,170,8,-128597.377430888,6437394.65338659,609,Eulamprus murrayi,0,4869
152.3498,-32.025,3,1162,1059,2,170,8,-128597.377430888,6437394.65338659,609,Ophioscincus truncatus,1,4870
152.3498,-32.025,3,1162,1059,2,170,8,-128597.377430888,6437394.65338659,609,Pseudechis porphyricaus,0,4871
152.3498,-32.025,3,1162,1059,2,170,8,-128597.377430888,6437394.65338659,609,Saltuarius swaini,0,4872
152.426,-32.0271,3,1124,1090,2,169,-3,-121366.486452342,6437604.83628043,610,Cacophis kreftii,0,4873
152.426,-32.0271,3,1124,1090,2,169,-3,-121366.486452342,6437604.83628043,610,Calyptotis scutirostrum,0,4874
152.426,-32.0271,3,1124,1090,2,169,-3,-121366.486452342,6437604.83628043,610,Coeranoscincus reticulatus,0,4875
152.426,-32.0271,3,1124,1090,2,169,-3,-121366.486452342,6437604.83628043,610,Egernia mcpheei,0,4876
152.426,-32.0271,3,1124,1090,2,169,-3,-121366.486452342,6437604.83628043,610,Eulamprus murrayi,0,4877
152.426,-32.0271,3,1124,1090,2,169,-3,-121366.486452342,6437604.83628043,610,Ophioscincus truncatus,0,4878
152.426,-32.0271,3,1124,1090,2,169,-3,-121366.486452342,6437604.83628043,610,Pseudechis porphyricaus,0,4879
152.426,-32.0271,3,1124,1090,2,169,-3,-121366.486452342,6437604.83628043,610,Saltuarius swaini,0,4880
152.4324,-32.029,3,1142,1100,2,170,-4,-120747.505305778,6437430.65126614,611,Cacophis kreftii,0,4881
152.4324,-32.029,3,1142,1100,2,170,-4,-120747.505305778,6437430.65126614,611,Calyptotis scutirostrum,0,4882
152.4324,-32.029,3,1142,1100,2,170,-4,-120747.505305778,6437430.65126614,611,Coeranoscincus reticulatus,0,4883
152.4324,-32.029,3,1142,1100,2,170,-4,-120747.505305778,6437430.65126614,611,Egernia mcpheei,0,4884
152.4324,-32.029,3,1142,1100,2,170,-4,-120747.505305778,6437430.65126614,611,Eulamprus murrayi,0,4885
152.4324,-32.029,3,1142,1100,2,170,-4,-120747.505305778,6437430.65126614,611,Ophioscincus truncatus,0,4886
152.4324,-32.029,3,1142,1100,2,170,-4,-120747.505305778,6437430.65126614,611,Pseudechis porphyricaus,0,4887
152.4324,-32.029,3,1142,1100,2,170,-4,-120747.505305778,6437430.65126614,611,Saltuarius swaini,0,4888
152.3434,-32.0303,3,1142,1090,2,169,-21,-129167.05091116,6436767.94572955,612,Cacophis kreftii,0,4889
152.3434,-32.0303,3,1142,1090,2,169,-21,-129167.05091116,6436767.94572955,612,Calyptotis scutirostrum,0,4890
152.3434,-32.0303,3,1142,1090,2,169,-21,-129167.05091116,6436767.94572955,612,Coeranoscincus reticulatus,0,4891
152.3434,-32.0303,3,1142,1090,2,169,-21,-129167.05091116,6436767.94572955,612,Egernia mcpheei,0,4892
152.3434,-32.0303,3,1142,1090,2,169,-21,-129167.05091116,6436767.94572955,612,Eulamprus murrayi,0,4893
152.3434,-32.0303,3,1142,1090,2,169,-21,-129167.05091116,6436767.94572955,612,Ophioscincus truncatus,1,4894
152.3434,-32.0303,3,1142,1090,2,169,-21,-129167.05091116,6436767.94572955,612,Pseudechis porphyricaus,0,4895
152.3434,-32.0303,3,1142,1090,2,169,-21,-129167.05091116,6436767.94572955,612,Saltuarius swaini,0,4896
152.3328,-32.0321,3,1192,1090,2,170,-17,-130158.516381824,6436505.64514173,613,Cacophis kreftii,0,4897
152.3328,-32.0321,3,1192,1090,2,170,-17,-130158.516381824,6436505.64514173,613,Calyptotis scutirostrum,0,4898
152.3328,-32.0321,3,1192,1090,2,170,-17,-130158.516381824,6436505.64514173,613,Coeranoscincus reticulatus,0,4899
152.3328,-32.0321,3,1192,1090,2,170,-17,-130158.516381824,6436505.64514173,613,Egernia mcpheei,0,4900
152.3328,-32.0321,3,1192,1090,2,170,-17,-130158.516381824,6436505.64514173,613,Eulamprus murrayi,0,4901
152.3328,-32.0321,3,1192,1090,2,170,-17,-130158.516381824,6436505.64514173,613,Ophioscincus truncatus,1,4902
152.3328,-32.0321,3,1192,1090,2,170,-17,-130158.516381824,6436505.64514173,613,Pseudechis porphyricaus,0,4903
152.3328,-32.0321,3,1192,1090,2,170,-17,-130158.516381824,6436505.64514173,613,Saltuarius swaini,0,4904
151.7219,-32.0978,3,1456,1100,2,143,23,-187533.52509139,6425443.3119003,614,Cacophis kreftii,0,4905
151.7219,-32.0978,3,1456,1100,2,143,23,-187533.52509139,6425443.3119003,614,Calyptotis scutirostrum,0,4906
151.7219,-32.0978,3,1456,1100,2,143,23,-187533.52509139,6425443.3119003,614,Coeranoscincus reticulatus,0,4907
151.7219,-32.0978,3,1456,1100,2,143,23,-187533.52509139,6425443.3119003,614,Egernia mcpheei,0,4908
151.7219,-32.0978,3,1456,1100,2,143,23,-187533.52509139,6425443.3119003,614,Eulamprus murrayi,0,4909
151.7219,-32.0978,3,1456,1100,2,143,23,-187533.52509139,6425443.3119003,614,Ophioscincus truncatus,0,4910
151.7219,-32.0978,3,1456,1100,2,143,23,-187533.52509139,6425443.3119003,614,Pseudechis porphyricaus,0,4911
151.7219,-32.0978,3,1456,1100,2,143,23,-187533.52509139,6425443.3119003,614,Saltuarius swaini,0,4912
151.4335,-32.109,3,1842,1009,5,120,-13,-214757.378379654,6422306.4083295,615,Cacophis kreftii,0,4913
151.4335,-32.109,3,1842,1009,5,120,-13,-214757.378379654,6422306.4083295,615,Calyptotis scutirostrum,0,4914
151.4335,-32.109,3,1842,1009,5,120,-13,-214757.378379654,6422306.4083295,615,Coeranoscincus reticulatus,0,4915
151.4335,-32.109,3,1842,1009,5,120,-13,-214757.378379654,6422306.4083295,615,Egernia mcpheei,0,4916
151.4335,-32.109,3,1842,1009,5,120,-13,-214757.378379654,6422306.4083295,615,Eulamprus murrayi,0,4917
151.4335,-32.109,3,1842,1009,5,120,-13,-214757.378379654,6422306.4083295,615,Ophioscincus truncatus,0,4918
151.4335,-32.109,3,1842,1009,5,120,-13,-214757.378379654,6422306.4083295,615,Pseudechis porphyricaus,0,4919
151.4335,-32.109,3,1842,1009,5,120,-13,-214757.378379654,6422306.4083295,615,Saltuarius swaini,0,4920
151.7154,-32.1103,1,1310,1100,2,161,-15,-188054.531162909,6424011.07355439,616,Cacophis kreftii,0,4921
151.7154,-32.1103,1,1310,1100,2,161,-15,-188054.531162909,6424011.07355439,616,Calyptotis scutirostrum,0,4922
151.7154,-32.1103,1,1310,1100,2,161,-15,-188054.531162909,6424011.07355439,616,Coeranoscincus reticulatus,0,4923
151.7154,-32.1103,1,1310,1100,2,161,-15,-188054.531162909,6424011.07355439,616,Egernia mcpheei,0,4924
151.7154,-32.1103,1,1310,1100,2,161,-15,-188054.531162909,6424011.07355439,616,Eulamprus murrayi,0,4925
151.7154,-32.1103,1,1310,1100,2,161,-15,-188054.531162909,6424011.07355439,616,Ophioscincus truncatus,1,4926
151.7154,-32.1103,1,1310,1100,2,161,-15,-188054.531162909,6424011.07355439,616,Pseudechis porphyricaus,0,4927
151.7154,-32.1103,1,1310,1100,2,161,-15,-188054.531162909,6424011.07355439,616,Saltuarius swaini,0,4928
151.7683,-32.1145,1,1648,1000,2,122,21,-183014.821873435,6423882.9738748,617,Cacophis kreftii,0,4929
151.7683,-32.1145,1,1648,1000,2,122,21,-183014.821873435,6423882.9738748,617,Calyptotis scutirostrum,0,4930
151.7683,-32.1145,1,1648,1000,2,122,21,-183014.821873435,6423882.9738748,617,Coeranoscincus reticulatus,0,4931
151.7683,-32.1145,1,1648,1000,2,122,21,-183014.821873435,6423882.9738748,617,Egernia mcpheei,0,4932
151.7683,-32.1145,1,1648,1000,2,122,21,-183014.821873435,6423882.9738748,617,Eulamprus murrayi,0,4933
151.7683,-32.1145,1,1648,1000,2,122,21,-183014.821873435,6423882.9738748,617,Ophioscincus truncatus,0,4934
151.7683,-32.1145,1,1648,1000,2,122,21,-183014.821873435,6423882.9738748,617,Pseudechis porphyricaus,0,4935
151.7683,-32.1145,1,1648,1000,2,122,21,-183014.821873435,6423882.9738748,617,Saltuarius swaini,0,4936
151.4249,-32.1161,3,1798,1100,5,119,-3,-215515.975345343,6421458.86775332,618,Cacophis kreftii,0,4937
151.4249,-32.1161,3,1798,1100,5,119,-3,-215515.975345343,6421458.86775332,618,Calyptotis scutirostrum,0,4938
151.4249,-32.1161,3,1798,1100,5,119,-3,-215515.975345343,6421458.86775332,618,Coeranoscincus reticulatus,0,4939
151.4249,-32.1161,3,1798,1100,5,119,-3,-215515.975345343,6421458.86775332,618,Egernia mcpheei,0,4940
151.4249,-32.1161,3,1798,1100,5,119,-3,-215515.975345343,6421458.86775332,618,Eulamprus murrayi,0,4941
151.4249,-32.1161,3,1798,1100,5,119,-3,-215515.975345343,6421458.86775332,618,Ophioscincus truncatus,0,4942
151.4249,-32.1161,3,1798,1100,5,119,-3,-215515.975345343,6421458.86775332,618,Pseudechis porphyricaus,0,4943
151.4249,-32.1161,3,1798,1100,5,119,-3,-215515.975345343,6421458.86775332,618,Saltuarius swaini,0,4944
151.4248,-32.1179,3,1814,1100,5,120,1,-215511.283581424,6421257.9166651,619,Cacophis kreftii,0,4945
151.4248,-32.1179,3,1814,1100,5,120,1,-215511.283581424,6421257.9166651,619,Calyptotis scutirostrum,0,4946
151.4248,-32.1179,3,1814,1100,5,120,1,-215511.283581424,6421257.9166651,619,Coeranoscincus reticulatus,0,4947
151.4248,-32.1179,3,1814,1100,5,120,1,-215511.283581424,6421257.9166651,619,Egernia mcpheei,0,4948
151.4248,-32.1179,3,1814,1100,5,120,1,-215511.283581424,6421257.9166651,619,Eulamprus murrayi,0,4949
151.4248,-32.1179,3,1814,1100,5,120,1,-215511.283581424,6421257.9166651,619,Ophioscincus truncatus,0,4950
151.4248,-32.1179,3,1814,1100,5,120,1,-215511.283581424,6421257.9166651,619,Pseudechis porphyricaus,0,4951
151.4248,-32.1179,3,1814,1100,5,120,1,-215511.283581424,6421257.9166651,619,Saltuarius swaini,0,4952
151.4351,-32.136,3,1796,1059,5,122,-4,-214393.695356968,6419312.91607873,620,Cacophis kreftii,0,4953
151.4351,-32.136,3,1796,1059,5,122,-4,-214393.695356968,6419312.91607873,620,Calyptotis scutirostrum,0,4954
151.4351,-32.136,3,1796,1059,5,122,-4,-214393.695356968,6419312.91607873,620,Coeranoscincus reticulatus,0,4955
151.4351,-32.136,3,1796,1059,5,122,-4,-214393.695356968,6419312.91607873,620,Egernia mcpheei,0,4956
151.4351,-32.136,3,1796,1059,5,122,-4,-214393.695356968,6419312.91607873,620,Eulamprus murrayi,0,4957
151.4351,-32.136,3,1796,1059,5,122,-4,-214393.695356968,6419312.91607873,620,Ophioscincus truncatus,0,4958
151.4351,-32.136,3,1796,1059,5,122,-4,-214393.695356968,6419312.91607873,620,Pseudechis porphyricaus,0,4959
151.4351,-32.136,3,1796,1059,5,122,-4,-214393.695356968,6419312.91607873,620,Saltuarius swaini,0,4960
151.4373,-32.1361,3,1796,1059,5,122,8,-214184.626685129,6419316.50196326,621,Cacophis kreftii,0,4961
151.4373,-32.1361,3,1796,1059,5,122,8,-214184.626685129,6419316.50196326,621,Calyptotis scutirostrum,0,4962
151.4373,-32.1361,3,1796,1059,5,122,8,-214184.626685129,6419316.50196326,621,Coeranoscincus reticulatus,0,4963
151.4373,-32.1361,3,1796,1059,5,122,8,-214184.626685129,6419316.50196326,621,Egernia mcpheei,0,4964
151.4373,-32.1361,3,1796,1059,5,122,8,-214184.626685129,6419316.50196326,621,Eulamprus murrayi,0,4965
151.4373,-32.1361,3,1796,1059,5,122,8,-214184.626685129,6419316.50196326,621,Ophioscincus truncatus,0,4966
151.4373,-32.1361,3,1796,1059,5,122,8,-214184.626685129,6419316.50196326,621,Pseudechis porphyricaus,0,4967
151.4373,-32.1361,3,1796,1059,5,122,8,-214184.626685129,6419316.50196326,621,Saltuarius swaini,0,4968
151.4775,-32.1384,1,1476,1149,3,162,-15,-210360.838916715,6419328.67012455,622,Cacophis kreftii,0,4969
151.4775,-32.1384,1,1476,1149,3,162,-15,-210360.838916715,6419328.67012455,622,Calyptotis scutirostrum,0,4970
151.4775,-32.1384,1,1476,1149,3,162,-15,-210360.838916715,6419328.67012455,622,Coeranoscincus reticulatus,0,4971
151.4775,-32.1384,1,1476,1149,3,162,-15,-210360.838916715,6419328.67012455,622,Egernia mcpheei,0,4972
151.4775,-32.1384,1,1476,1149,3,162,-15,-210360.838916715,6419328.67012455,622,Eulamprus murrayi,0,4973
151.4775,-32.1384,1,1476,1149,3,162,-15,-210360.838916715,6419328.67012455,622,Ophioscincus truncatus,0,4974
151.4775,-32.1384,1,1476,1149,3,162,-15,-210360.838916715,6419328.67012455,622,Pseudechis porphyricaus,0,4975
151.4775,-32.1384,1,1476,1149,3,162,-15,-210360.838916715,6419328.67012455,622,Saltuarius swaini,0,4976
151.5113,-32.1442,2,1656,1080,3,156,17,-207115.997600761,6418907.64925328,623,Cacophis kreftii,0,4977
151.5113,-32.1442,2,1656,1080,3,156,17,-207115.997600761,6418907.64925328,623,Calyptotis scutirostrum,0,4978
151.5113,-32.1442,2,1656,1080,3,156,17,-207115.997600761,6418907.64925328,623,Coeranoscincus reticulatus,0,4979
151.5113,-32.1442,2,1656,1080,3,156,17,-207115.997600761,6418907.64925328,623,Egernia mcpheei,0,4980
151.5113,-32.1442,2,1656,1080,3,156,17,-207115.997600761,6418907.64925328,623,Eulamprus murrayi,0,4981
151.5113,-32.1442,2,1656,1080,3,156,17,-207115.997600761,6418907.64925328,623,Ophioscincus truncatus,0,4982
151.5113,-32.1442,2,1656,1080,3,156,17,-207115.997600761,6418907.64925328,623,Pseudechis porphyricaus,0,4983
151.5113,-32.1442,2,1656,1080,3,156,17,-207115.997600761,6418907.64925328,623,Saltuarius swaini,0,4984
151.454,-32.1471,2,1764,990,2,129,25,-212517.326831474,6418204.13745066,624,Cacophis kreftii,0,4985
151.454,-32.1471,2,1764,990,2,129,25,-212517.326831474,6418204.13745066,624,Calyptotis scutirostrum,0,4986
151.454,-32.1471,2,1764,990,2,129,25,-212517.326831474,6418204.13745066,624,Coeranoscincus reticulatus,0,4987
151.454,-32.1471,2,1764,990,2,129,25,-212517.326831474,6418204.13745066,624,Egernia mcpheei,0,4988
151.454,-32.1471,2,1764,990,2,129,25,-212517.326831474,6418204.13745066,624,Eulamprus murrayi,0,4989
151.454,-32.1471,2,1764,990,2,129,25,-212517.326831474,6418204.13745066,624,Ophioscincus truncatus,0,4990
151.454,-32.1471,2,1764,990,2,129,25,-212517.326831474,6418204.13745066,624,Pseudechis porphyricaus,0,4991
151.454,-32.1471,2,1764,990,2,129,25,-212517.326831474,6418204.13745066,624,Saltuarius swaini,0,4992
151.4795,-32.1474,2,1470,1139,3,162,-5,-210101.167764629,6418340.61930037,625,Cacophis kreftii,0,4993
151.4795,-32.1474,2,1470,1139,3,162,-5,-210101.167764629,6418340.61930037,625,Calyptotis scutirostrum,0,4994
151.4795,-32.1474,2,1470,1139,3,162,-5,-210101.167764629,6418340.61930037,625,Coeranoscincus reticulatus,0,4995
151.4795,-32.1474,2,1470,1139,3,162,-5,-210101.167764629,6418340.61930037,625,Egernia mcpheei,0,4996
151.4795,-32.1474,2,1470,1139,3,162,-5,-210101.167764629,6418340.61930037,625,Eulamprus murrayi,0,4997
151.4795,-32.1474,2,1470,1139,3,162,-5,-210101.167764629,6418340.61930037,625,Ophioscincus truncatus,0,4998
151.4795,-32.1474,2,1470,1139,3,162,-5,-210101.167764629,6418340.61930037,625,Pseudechis porphyricaus,0,4999
151.4795,-32.1474,2,1470,1139,3,162,-5,-210101.167764629,6418340.61930037,625,Saltuarius swaini,0,5000
151.5197,-32.1479,1,1628,1149,3,162,-18,-206292.11036918,6418551.58188845,626,Cacophis kreftii,0,5001
151.5197,-32.1479,1,1628,1149,3,162,-18,-206292.11036918,6418551.58188845,626,Calyptotis scutirostrum,0,5002
151.5197,-32.1479,1,1628,1149,3,162,-18,-206292.11036918,6418551.58188845,626,Coeranoscincus reticulatus,0,5003
151.5197,-32.1479,1,1628,1149,3,162,-18,-206292.11036918,6418551.58188845,626,Egernia mcpheei,0,5004
151.5197,-32.1479,1,1628,1149,3,162,-18,-206292.11036918,6418551.58188845,626,Eulamprus murrayi,0,5005
151.5197,-32.1479,1,1628,1149,3,162,-18,-206292.11036918,6418551.58188845,626,Ophioscincus truncatus,0,5006
151.5197,-32.1479,1,1628,1149,3,162,-18,-206292.11036918,6418551.58188845,626,Pseudechis porphyricaus,0,5007
151.5197,-32.1479,1,1628,1149,3,162,-18,-206292.11036918,6418551.58188845,626,Saltuarius swaini,0,5008
151.4815,-32.1528,3,1460,1120,3,162,19,-209869.653554488,6417753.10858555,627,Cacophis kreftii,0,5009
151.4815,-32.1528,3,1460,1120,3,162,19,-209869.653554488,6417753.10858555,627,Calyptotis scutirostrum,0,5010
151.4815,-32.1528,3,1460,1120,3,162,19,-209869.653554488,6417753.10858555,627,Coeranoscincus reticulatus,0,5011
151.4815,-32.1528,3,1460,1120,3,162,19,-209869.653554488,6417753.10858555,627,Egernia mcpheei,0,5012
151.4815,-32.1528,3,1460,1120,3,162,19,-209869.653554488,6417753.10858555,627,Eulamprus murrayi,0,5013
151.4815,-32.1528,3,1460,1120,3,162,19,-209869.653554488,6417753.10858555,627,Ophioscincus truncatus,1,5014
151.4815,-32.1528,3,1460,1120,3,162,19,-209869.653554488,6417753.10858555,627,Pseudechis porphyricaus,0,5015
151.4815,-32.1528,3,1460,1120,3,162,19,-209869.653554488,6417753.10858555,627,Saltuarius swaini,0,5016
151.5281,-32.157,3,1586,1159,3,165,-10,-205426.35557409,6417594.67751035,628,Cacophis kreftii,0,5017
151.5281,-32.157,3,1586,1159,3,165,-10,-205426.35557409,6417594.67751035,628,Calyptotis scutirostrum,0,5018
151.5281,-32.157,3,1586,1159,3,165,-10,-205426.35557409,6417594.67751035,628,Coeranoscincus reticulatus,0,5019
151.5281,-32.157,3,1586,1159,3,165,-10,-205426.35557409,6417594.67751035,628,Egernia mcpheei,0,5020
151.5281,-32.157,3,1586,1159,3,165,-10,-205426.35557409,6417594.67751035,628,Eulamprus murrayi,0,5021
151.5281,-32.157,3,1586,1159,3,165,-10,-205426.35557409,6417594.67751035,628,Ophioscincus truncatus,0,5022
151.5281,-32.157,3,1586,1159,3,165,-10,-205426.35557409,6417594.67751035,628,Pseudechis porphyricaus,0,5023
151.5281,-32.157,3,1586,1159,3,165,-10,-205426.35557409,6417594.67751035,628,Saltuarius swaini,0,5024
151.4559,-32.1598,2,1598,1019,2,139,19,-212237.873245302,6416803.76630991,629,Cacophis kreftii,0,5025
151.4559,-32.1598,2,1598,1019,2,139,19,-212237.873245302,6416803.76630991,629,Calyptotis scutirostrum,0,5026
151.4559,-32.1598,2,1598,1019,2,139,19,-212237.873245302,6416803.76630991,629,Coeranoscincus reticulatus,0,5027
151.4559,-32.1598,2,1598,1019,2,139,19,-212237.873245302,6416803.76630991,629,Egernia mcpheei,0,5028
151.4559,-32.1598,2,1598,1019,2,139,19,-212237.873245302,6416803.76630991,629,Eulamprus murrayi,0,5029
151.4559,-32.1598,2,1598,1019,2,139,19,-212237.873245302,6416803.76630991,629,Ophioscincus truncatus,0,5030
151.4559,-32.1598,2,1598,1019,2,139,19,-212237.873245302,6416803.76630991,629,Pseudechis porphyricaus,0,5031
151.4559,-32.1598,2,1598,1019,2,139,19,-212237.873245302,6416803.76630991,629,Saltuarius swaini,0,5032
151.4622,-32.1634,3,1564,1090,3,145,1,-211613.384340048,6416445.23828686,630,Cacophis kreftii,0,5033
151.4622,-32.1634,3,1564,1090,3,145,1,-211613.384340048,6416445.23828686,630,Calyptotis scutirostrum,0,5034
151.4622,-32.1634,3,1564,1090,3,145,1,-211613.384340048,6416445.23828686,630,Coeranoscincus reticulatus,0,5035
151.4622,-32.1634,3,1564,1090,3,145,1,-211613.384340048,6416445.23828686,630,Egernia mcpheei,0,5036
151.4622,-32.1634,3,1564,1090,3,145,1,-211613.384340048,6416445.23828686,630,Eulamprus murrayi,0,5037
151.4622,-32.1634,3,1564,1090,3,145,1,-211613.384340048,6416445.23828686,630,Ophioscincus truncatus,0,5038
151.4622,-32.1634,3,1564,1090,3,145,1,-211613.384340048,6416445.23828686,630,Pseudechis porphyricaus,0,5039
151.4622,-32.1634,3,1564,1090,3,145,1,-211613.384340048,6416445.23828686,630,Saltuarius swaini,0,5040
152.1295,-32.4765,3,1480,1049,2,168,18,-146235.887072786,6385879.863846,631,Cacophis kreftii,0,5041
152.1295,-32.4765,3,1480,1049,2,168,18,-146235.887072786,6385879.863846,631,Calyptotis scutirostrum,0,5042
152.1295,-32.4765,3,1480,1049,2,168,18,-146235.887072786,6385879.863846,631,Coeranoscincus reticulatus,0,5043
152.1295,-32.4765,3,1480,1049,2,168,18,-146235.887072786,6385879.863846,631,Egernia mcpheei,0,5044
152.1295,-32.4765,3,1480,1049,2,168,18,-146235.887072786,6385879.863846,631,Eulamprus murrayi,0,5045
152.1295,-32.4765,3,1480,1049,2,168,18,-146235.887072786,6385879.863846,631,Ophioscincus truncatus,0,5046
152.1295,-32.4765,3,1480,1049,2,168,18,-146235.887072786,6385879.863846,631,Pseudechis porphyricaus,0,5047
152.1295,-32.4765,3,1480,1049,2,168,18,-146235.887072786,6385879.863846,631,Saltuarius swaini,0,5048
152.1205,-32.527,3,1376,1139,2,170,-6,-146720.111567461,6380209.82032257,632,Cacophis kreftii,0,5049
152.1205,-32.527,3,1376,1139,2,170,-6,-146720.111567461,6380209.82032257,632,Calyptotis scutirostrum,0,5050
152.1205,-32.527,3,1376,1139,2,170,-6,-146720.111567461,6380209.82032257,632,Coeranoscincus reticulatus,0,5051
152.1205,-32.527,3,1376,1139,2,170,-6,-146720.111567461,6380209.82032257,632,Egernia mcpheei,0,5052
152.1205,-32.527,3,1376,1139,2,170,-6,-146720.111567461,6380209.82032257,632,Eulamprus murrayi,0,5053
152.1205,-32.527,3,1376,1139,2,170,-6,-146720.111567461,6380209.82032257,632,Ophioscincus truncatus,0,5054
152.1205,-32.527,3,1376,1139,2,170,-6,-146720.111567461,6380209.82032257,632,Pseudechis porphyricaus,0,5055
152.1205,-32.527,3,1376,1139,2,170,-6,-146720.111567461,6380209.82032257,632,Saltuarius swaini,1,5056
152.1267,-32.5378,3,1412,1120,2,168,8,-146058.238141976,6379046.84371613,633,Cacophis kreftii,0,5057
152.1267,-32.5378,3,1412,1120,2,168,8,-146058.238141976,6379046.84371613,633,Calyptotis scutirostrum,0,5058
152.1267,-32.5378,3,1412,1120,2,168,8,-146058.238141976,6379046.84371613,633,Coeranoscincus reticulatus,0,5059
152.1267,-32.5378,3,1412,1120,2,168,8,-146058.238141976,6379046.84371613,633,Egernia mcpheei,0,5060
152.1267,-32.5378,3,1412,1120,2,168,8,-146058.238141976,6379046.84371613,633,Eulamprus murrayi,0,5061
152.1267,-32.5378,3,1412,1120,2,168,8,-146058.238141976,6379046.84371613,633,Ophioscincus truncatus,0,5062
152.1267,-32.5378,3,1412,1120,2,168,8,-146058.238141976,6379046.84371613,633,Pseudechis porphyricaus,1,5063
152.1267,-32.5378,3,1412,1120,2,168,8,-146058.238141976,6379046.84371613,633,Saltuarius swaini,0,5064
152.1501,-32.5416,3,1396,1100,2,170,-14,-143827.007650952,6378766.98141372,634,Cacophis kreftii,0,5065
152.1501,-32.5416,3,1396,1100,2,170,-14,-143827.007650952,6378766.98141372,634,Calyptotis scutirostrum,0,5066
152.1501,-32.5416,3,1396,1100,2,170,-14,-143827.007650952,6378766.98141372,634,Coeranoscincus reticulatus,0,5067
152.1501,-32.5416,3,1396,1100,2,170,-14,-143827.007650952,6378766.98141372,634,Egernia mcpheei,0,5068
152.1501,-32.5416,3,1396,1100,2,170,-14,-143827.007650952,6378766.98141372,634,Eulamprus murrayi,0,5069
152.1501,-32.5416,3,1396,1100,2,170,-14,-143827.007650952,6378766.98141372,634,Ophioscincus truncatus,0,5070
152.1501,-32.5416,3,1396,1100,2,170,-14,-143827.007650952,6378766.98141372,634,Pseudechis porphyricaus,0,5071
152.1501,-32.5416,3,1396,1100,2,170,-14,-143827.007650952,6378766.98141372,634,Saltuarius swaini,0,5072
151.9196,-32.5867,2,1112,1110,2,173,0,-165202.381602529,6372324.61174161,635,Cacophis kreftii,0,5073
151.9196,-32.5867,2,1112,1110,2,173,0,-165202.381602529,6372324.61174161,635,Calyptotis scutirostrum,0,5074
151.9196,-32.5867,2,1112,1110,2,173,0,-165202.381602529,6372324.61174161,635,Coeranoscincus reticulatus,0,5075
151.9196,-32.5867,2,1112,1110,2,173,0,-165202.381602529,6372324.61174161,635,Egernia mcpheei,0,5076
151.9196,-32.5867,2,1112,1110,2,173,0,-165202.381602529,6372324.61174161,635,Eulamprus murrayi,0,5077
151.9196,-32.5867,2,1112,1110,2,173,0,-165202.381602529,6372324.61174161,635,Ophioscincus truncatus,0,5078
151.9196,-32.5867,2,1112,1110,2,173,0,-165202.381602529,6372324.61174161,635,Pseudechis porphyricaus,0,5079
151.9196,-32.5867,2,1112,1110,2,173,0,-165202.381602529,6372324.61174161,635,Saltuarius swaini,0,5080
151.9366,-32.5887,3,1148,1100,2,173,0,-163586.979633056,6372209.14224102,636,Cacophis kreftii,0,5081
151.9366,-32.5887,3,1148,1100,2,173,0,-163586.979633056,6372209.14224102,636,Calyptotis scutirostrum,0,5082
151.9366,-32.5887,3,1148,1100,2,173,0,-163586.979633056,6372209.14224102,636,Coeranoscincus reticulatus,0,5083
151.9366,-32.5887,3,1148,1100,2,173,0,-163586.979633056,6372209.14224102,636,Egernia mcpheei,0,5084
151.9366,-32.5887,3,1148,1100,2,173,0,-163586.979633056,6372209.14224102,636,Eulamprus murrayi,0,5085
151.9366,-32.5887,3,1148,1100,2,173,0,-163586.979633056,6372209.14224102,636,Ophioscincus truncatus,0,5086
151.9366,-32.5887,3,1148,1100,2,173,0,-163586.979633056,6372209.14224102,636,Pseudechis porphyricaus,0,5087
151.9366,-32.5887,3,1148,1100,2,173,0,-163586.979633056,6372209.14224102,636,Saltuarius swaini,0,5088
151.9258,-32.5994,3,1142,1100,2,173,0,-164524.227121531,6370951.2903102,637,Cacophis kreftii,0,5089
151.9258,-32.5994,3,1142,1100,2,173,0,-164524.227121531,6370951.2903102,637,Calyptotis scutirostrum,0,5090
151.9258,-32.5994,3,1142,1100,2,173,0,-164524.227121531,6370951.2903102,637,Coeranoscincus reticulatus,0,5091
151.9258,-32.5994,3,1142,1100,2,173,0,-164524.227121531,6370951.2903102,637,Egernia mcpheei,0,5092
151.9258,-32.5994,3,1142,1100,2,173,0,-164524.227121531,6370951.2903102,637,Eulamprus murrayi,0,5093
151.9258,-32.5994,3,1142,1100,2,173,0,-164524.227121531,6370951.2903102,637,Ophioscincus truncatus,0,5094
151.9258,-32.5994,3,1142,1100,2,173,0,-164524.227121531,6370951.2903102,637,Pseudechis porphyricaus,0,5095
151.9258,-32.5994,3,1142,1100,2,173,0,-164524.227121531,6370951.2903102,637,Saltuarius swaini,0,5096
151.8022,-32.6019,3,1096,1009,2,172,-4,-176141.304833996,6369888.3445421,638,Cacophis kreftii,0,5097
151.8022,-32.6019,3,1096,1009,2,172,-4,-176141.304833996,6369888.3445421,638,Calyptotis scutirostrum,0,5098
151.8022,-32.6019,3,1096,1009,2,172,-4,-176141.304833996,6369888.3445421,638,Coeranoscincus reticulatus,0,5099
151.8022,-32.6019,3,1096,1009,2,172,-4,-176141.304833996,6369888.3445421,638,Egernia mcpheei,0,5100
151.8022,-32.6019,3,1096,1009,2,172,-4,-176141.304833996,6369888.3445421,638,Eulamprus murrayi,0,5101
151.8022,-32.6019,3,1096,1009,2,172,-4,-176141.304833996,6369888.3445421,638,Ophioscincus truncatus,0,5102
151.8022,-32.6019,3,1096,1009,2,172,-4,-176141.304833996,6369888.3445421,638,Pseudechis porphyricaus,0,5103
151.8022,-32.6019,3,1096,1009,2,172,-4,-176141.304833996,6369888.3445421,638,Saltuarius swaini,0,5104
151.9449,-32.605,2,1150,1059,2,173,14,-162684.694435925,6370448.58724721,639,Cacophis kreftii,0,5105
151.9449,-32.605,2,1150,1059,2,173,14,-162684.694435925,6370448.58724721,639,Calyptotis scutirostrum,0,5106
151.9449,-32.605,2,1150,1059,2,173,14,-162684.694435925,6370448.58724721,639,Coeranoscincus reticulatus,0,5107
151.9449,-32.605,2,1150,1059,2,173,14,-162684.694435925,6370448.58724721,639,Egernia mcpheei,0,5108
151.9449,-32.605,2,1150,1059,2,173,14,-162684.694435925,6370448.58724721,639,Eulamprus murrayi,0,5109
151.9449,-32.605,2,1150,1059,2,173,14,-162684.694435925,6370448.58724721,639,Ophioscincus truncatus,0,5110
151.9449,-32.605,2,1150,1059,2,173,14,-162684.694435925,6370448.58724721,639,Pseudechis porphyricaus,0,5111
151.9449,-32.605,2,1150,1059,2,173,14,-162684.694435925,6370448.58724721,639,Saltuarius swaini,0,5112
151.7956,-32.6163,1,1204,1009,2,166,7,-176653.554553042,6368244.44348734,640,Cacophis kreftii,0,5113
151.7956,-32.6163,1,1204,1009,2,166,7,-176653.554553042,6368244.44348734,640,Calyptotis scutirostrum,0,5114
151.7956,-32.6163,1,1204,1009,2,166,7,-176653.554553042,6368244.44348734,640,Coeranoscincus reticulatus,0,5115
151.7956,-32.6163,1,1204,1009,2,166,7,-176653.554553042,6368244.44348734,640,Egernia mcpheei,0,5116
151.7956,-32.6163,1,1204,1009,2,166,7,-176653.554553042,6368244.44348734,640,Eulamprus murrayi,0,5117
151.7956,-32.6163,1,1204,1009,2,166,7,-176653.554553042,6368244.44348734,640,Ophioscincus truncatus,0,5118
151.7956,-32.6163,1,1204,1009,2,166,7,-176653.554553042,6368244.44348734,640,Pseudechis porphyricaus,0,5119
151.7956,-32.6163,1,1204,1009,2,166,7,-176653.554553042,6368244.44348734,640,Saltuarius swaini,0,5120
151.7869,-32.6252,2,1210,899,2,167,-1,-177404.950550037,6367198.72447545,641,Cacophis kreftii,0,5121
151.7869,-32.6252,2,1210,899,2,167,-1,-177404.950550037,6367198.72447545,641,Calyptotis scutirostrum,0,5122
151.7869,-32.6252,2,1210,899,2,167,-1,-177404.950550037,6367198.72447545,641,Coeranoscincus reticulatus,0,5123
151.7869,-32.6252,2,1210,899,2,167,-1,-177404.950550037,6367198.72447545,641,Egernia mcpheei,0,5124
151.7869,-32.6252,2,1210,899,2,167,-1,-177404.950550037,6367198.72447545,641,Eulamprus murrayi,0,5125
151.7869,-32.6252,2,1210,899,2,167,-1,-177404.950550037,6367198.72447545,641,Ophioscincus truncatus,0,5126
151.7869,-32.6252,2,1210,899,2,167,-1,-177404.950550037,6367198.72447545,641,Pseudechis porphyricaus,0,5127
151.7869,-32.6252,2,1210,899,2,167,-1,-177404.950550037,6367198.72447545,641,Saltuarius swaini,0,5128
