plot,id,species,model,split_type,use_coords,y_true,y_prob,easting,northing
7,49,Cacophis kreftii,Logistic_multi_no_coords,random,False,0,0.010813954239522857,-35290.0454930004,6868477.63934909
7,50,Calyptotis scutirostrum,Logistic_multi_no_coords,random,False,0,0.021542450764450504,-35290.0454930004,6868477.63934909
7,51,Coeranoscincus reticulatus,Logistic_multi_no_coords,random,False,0,0.05808304144543364,-35290.0454930004,6868477.63934909
7,52,Egernia mcpheei,Logistic_multi_no_coords,random,False,0,0.006012431809681278,-35290.0454930004,6868477.63934909
7,53,Eulamprus murrayi,Logistic_multi_no_coords,random,False,0,0.002072275077422625,-35290.0454930004,6868477.63934909
7,54,Ophioscincus truncatus,Logistic_multi_no_coords,random,False,0,0.061294050981471844,-35290.0454930004,6868477.63934909
7,55,Pseudechis porphyricaus,Logistic_multi_no_coords,random,False,0,0.006888091401230827,-35290.0454930004,6868477.63934909
7,56,Saltuarius swaini,Logistic_multi_no_coords,random,False,0,0.004976576489526986,-35290.0454930004,6868477.63934909
15,113,Cacophis kreftii,Logistic_multi_no_coords,random,False,0,0.09283965929497819,-99804.9506313828,6852000.67743644
15,114,Calyptotis scutirostrum,Logistic_multi_no_coords,random,False,1,0.1708872466539785,-99804.9506313828,6852000.67743644
15,115,Coeranoscincus reticulatus,Logistic_multi_no_coords,random,False,0,0.36599350411626674,-99804.9506313828,6852000.67743644
15,116,Egernia mcpheei,Logistic_multi_no_coords,random,False,1,0.053590900507332305,-99804.9506313828,6852000.67743644
15,117,Eulamprus murrayi,Logistic_multi_no_coords,random,False,0,0.019069077204046332,-99804.9506313828,6852000.67743644
15,118,Ophioscincus truncatus,Logistic_multi_no_coords,random,False,0,0.3793707977294713,-99804.9506313828,6852000.67743644
15,119,Pseudechis porphyricaus,Logistic_multi_no_coords,random,False,0,0.06097091229790119,-99804.9506313828,6852000.67743644
15,120,Saltuarius swaini,Logistic_multi_no_coords,random,False,0,0.04472680804526561,-99804.9506313828,6852000.67743644
21,161,Cacophis kreftii,Logistic_multi_no_coords,random,False,0,0.09301678677128354,-91866.6308808398,6850184.44292602
21,162,Calyptotis scutirostrum,Logistic_multi_no_coords,random,False,0,0.1711851808189861,-91866.6308808398,6850184.44292602
21,163,Coeranoscincus reticulatus,Logistic_multi_no_coords,random,False,0,0.366481241454762,-91866.6308808398,6850184.44292602
21,164,Egernia mcpheei,Logistic_multi_no_coords,random,False,0,0.053697578332708884,-91866.6308808398,6850184.44292602
21,165,Eulamprus murrayi,Logistic_multi_no_coords,random,False,0,0.019108423497789694,-91866.6308808398,6850184.44292602
21,166,Ophioscincus truncatus,Logistic_multi_no_coords,random,False,0,0.3798656810446786,-91866.6308808398,6850184.44292602
21,167,Pseudechis porphyricaus,Logistic_multi_no_coords,random,False,0,0.06109133245500105,-91866.6308808398,6850184.44292602
21,168,Saltuarius swaini,Logistic_multi_no_coords,random,False,0,0.044816676605686744,-91866.6308808398,6850184.44292602
29,225,Cacophis kreftii,Logistic_multi_no_coords,random,False,0,0.035702731803130494,-81258.2639630969,6847092.07487722
29,226,Calyptotis scutirostrum,Logistic_multi_no_coords,random,False,0,0.06939117659310134,-81258.2639630969,6847092.07487722
29,227,Coeranoscincus reticulatus,Logistic_multi_no_coords,random,False,0,0.17276297116119918,-81258.2639630969,6847092.07487722
29,228,Egernia mcpheei,Logistic_multi_no_coords,random,False,0,0.020074567859795407,-81258.2639630969,6847092.07487722
29,229,Eulamprus murrayi,Logistic_multi_no_coords,random,False,0,0.006983749222189235,-81258.2639630969,6847092.07487722
29,230,Ophioscincus truncatus,Logistic_multi_no_coords,random,False,1,0.1810949258993059,-81258.2639630969,6847092.07487722
29,231,Pseudechis porphyricaus,Logistic_multi_no_coords,random,False,0,0.02295096944139215,-81258.2639630969,6847092.07487722
29,232,Saltuarius swaini,Logistic_multi_no_coords,random,False,0,0.016656607341773266,-81258.2639630969,6847092.07487722
30,233,Cacophis kreftii,Logistic_multi_no_coords,random,False,1,0.08195403817152962,-96294.553982511,6846140.09863748
30,234,Calyptotis scutirostrum,Logistic_multi_no_coords,random,False,1,0.15238765345557292,-96294.553982511,6846140.09863748
30,235,Coeranoscincus reticulatus,Logistic_multi_no_coords,random,False,0,0.33490406232063397,-96294.553982511,6846140.09863748
30,236,Egernia mcpheei,Logistic_multi_no_coords,random,False,1,0.047068492035568385,-96294.553982511,6846140.09863748
30,237,Eulamprus murrayi,Logistic_multi_no_coords,random,False,0,0.016674204903575067,-96294.553982511,6846140.09863748
30,238,Ophioscincus truncatus,Logistic_multi_no_coords,random,False,1,0.3477683272548177,-96294.553982511,6846140.09863748
30,239,Pseudechis porphyricaus,Logistic_multi_no_coords,random,False,0,0.0536011727695884,-96294.553982511,6846140.09863748
30,240,Saltuarius swaini,Logistic_multi_no_coords,random,False,0,0.039238496571465664,-96294.553982511,6846140.09863748
31,241,Cacophis kreftii,Logistic_multi_no_coords,random,False,0,0.06416340515081838,-95292.0596882657,6846190.80238834
31,242,Calyptotis scutirostrum,Logistic_multi_no_coords,random,False,1,0.12132792713201217,-95292.0596882657,6846190.80238834
31,243,Coeranoscincus reticulatus,Logistic_multi_no_coords,random,False,0,0.2788835833154321,-95292.0596882657,6846190.80238834
31,244,Egernia mcpheei,Logistic_multi_no_coords,random,False,0,0.03654933875043117,-95292.0596882657,6846190.80238834
31,245,Eulamprus murrayi,Logistic_multi_no_coords,random,False,0,0.012856110913174392,-95292.0596882657,6846190.80238834
31,246,Ophioscincus truncatus,Logistic_multi_no_coords,random,False,0,0.2905359995323351,-95292.0596882657,6846190.80238834
31,247,Pseudechis porphyricaus,Logistic_multi_no_coords,random,False,0,0.04168592219633029,-95292.0596882657,6846190.80238834
31,248,Saltuarius swaini,Logistic_multi_no_coords,random,False,0,0.03041338939657553,-95292.0596882657,6846190.80238834
37,289,Cacophis kreftii,Logistic_multi_no_coords,random,False,0,0.0484245420315297,-79037.3638766905,6846800.48131106
37,290,Calyptotis scutirostrum,Logistic_multi_no_coords,random,False,0,0.09295984244862919,-79037.3638766905,6846800.48131106
37,291,Coeranoscincus reticulatus,Logistic_multi_no_coords,random,False,0,0.22302738356299198,-79037.3638766905,6846800.48131106
37,292,Egernia mcpheei,Logistic_multi_no_coords,random,False,0,0.027385807857539954,-79037.3638766905,6846800.48131106
37,293,Eulamprus murrayi,Logistic_multi_no_coords,random,False,0,0.009573839916543233,-79037.3638766905,6846800.48131106
37,294,Ophioscincus truncatus,Logistic_multi_no_coords,random,False,1,0.2331003961926045,-79037.3638766905,6846800.48131106
37,295,Pseudechis porphyricaus,Logistic_multi_no_coords,random,False,0,0.031276370441075306,-79037.3638766905,6846800.48131106
37,296,Saltuarius swaini,Logistic_multi_no_coords,random,False,0,0.022751914684423797,-79037.3638766905,6846800.48131106
41,321,Cacophis kreftii,Logistic_multi_no_coords,random,False,0,0.0903273029447395,-96863.6801254773,6845509.65270053
41,322,Calyptotis scutirostrum,Logistic_multi_no_coords,random,False,0,0.1666508247605815,-96863.6801254773,6845509.65270053
41,323,Coeranoscincus reticulatus,Logistic_multi_no_coords,random,False,0,0.3590146515876844,-96863.6801254773,6845509.65270053
41,324,Egernia mcpheei,Logistic_multi_no_coords,random,False,0,0.05207968839665517,-96863.6801254773,6845509.65270053
41,325,Eulamprus murrayi,Logistic_multi_no_coords,random,False,0,0.01851230560043119,-96863.6801254773,6845509.65270053
41,326,Ophioscincus truncatus,Logistic_multi_no_coords,random,False,0,0.37228664678033996,-96863.6801254773,6845509.65270053
41,327,Pseudechis porphyricaus,Logistic_multi_no_coords,random,False,0,0.05926462282615996,-96863.6801254773,6845509.65270053
41,328,Saltuarius swaini,Logistic_multi_no_coords,random,False,0,0.04345407807362181,-96863.6801254773,6845509.65270053
47,369,Cacophis kreftii,Logistic_multi_no_coords,random,False,0,0.035297255848032345,-79381.2357397435,6845781.19738334
47,370,Calyptotis scutirostrum,Logistic_multi_no_coords,random,False,0,0.06863033107616855,-79381.2357397435,6845781.19738334
47,371,Coeranoscincus reticulatus,Logistic_multi_no_coords,random,False,0,0.17107705890588515,-79381.2357397435,6845781.19738334
47,372,Egernia mcpheei,Logistic_multi_no_coords,random,False,0,0.019842928675670866,-79381.2357397435,6845781.19738334
47,373,Eulamprus murrayi,Logistic_multi_no_coords,random,False,0,0.006902100227190718,-79381.2357397435,6845781.19738334
47,374,Ophioscincus truncatus,Logistic_multi_no_coords,random,False,1,0.17934533355635843,-79381.2357397435,6845781.19738334
47,375,Pseudechis porphyricaus,Logistic_multi_no_coords,random,False,0,0.022686908057320748,-79381.2357397435,6845781.19738334
47,376,Saltuarius swaini,Logistic_multi_no_coords,random,False,0,0.01646374516449143,-79381.2357397435,6845781.19738334
52,409,Cacophis kreftii,Logistic_multi_no_coords,random,False,0,0.07138048469041701,-60471.4026198804,6845516.11047191
52,410,Calyptotis scutirostrum,Logistic_multi_no_coords,random,False,1,0.134053811255979,-60471.4026198804,6845516.11047191
52,411,Coeranoscincus reticulatus,Logistic_multi_no_coords,random,False,0,0.30244690443395267,-60471.4026198804,6845516.11047191
52,412,Egernia mcpheei,Logistic_multi_no_coords,random,False,0,0.040795797196274984,-60471.4026198804,6845516.11047191
52,413,Eulamprus murrayi,Logistic_multi_no_coords,random,False,0,0.014390906683705733,-60471.4026198804,6845516.11047191
52,414,Ophioscincus truncatus,Logistic_multi_no_coords,random,False,1,0.3146542584111354,-60471.4026198804,6845516.11047191
52,415,Pseudechis porphyricaus,Logistic_multi_no_coords,random,False,0,0.046500367147191836,-60471.4026198804,6845516.11047191
52,416,Saltuarius swaini,Logistic_multi_no_coords,random,False,0,0.03397208449745371,-60471.4026198804,6845516.11047191
56,441,Cacophis kreftii,Logistic_multi_no_coords,random,False,0,0.07044761699251248,-60864.6156634532,6845296.97560224
56,442,Calyptotis scutirostrum,Logistic_multi_no_coords,random,False,0,0.1324186670533706,-60864.6156634532,6845296.97560224
56,443,Coeranoscincus reticulatus,Logistic_multi_no_coords,random,False,0,0.2994680878581848,-60864.6156634532,6845296.97560224
56,444,Egernia mcpheei,Logistic_multi_no_coords,random,False,0,0.04024531616503586,-60864.6156634532,6845296.97560224
56,445,Eulamprus murrayi,Logistic_multi_no_coords,random,False,0,0.014191450533927263,-60864.6156634532,6845296.97560224
56,446,Ophioscincus truncatus,Logistic_multi_no_coords,random,False,1,0.3116089201296395,-60864.6156634532,6845296.97560224
56,447,Pseudechis porphyricaus,Logistic_multi_no_coords,random,False,0,0.045876592633373826,-60864.6156634532,6845296.97560224
56,448,Saltuarius swaini,Logistic_multi_no_coords,random,False,0,0.03351046297769753,-60864.6156634532,6845296.97560224
61,481,Cacophis kreftii,Logistic_multi_no_coords,random,False,0,0.049840385642198545,-61435.1928033584,6844668.54431818
61,482,Calyptotis scutirostrum,Logistic_multi_no_coords,random,False,0,0.09554706951039782,-61435.1928033584,6844668.54431818
61,483,Coeranoscincus reticulatus,Logistic_multi_no_coords,random,False,0,0.2283233684162458,-61435.1928033584,6844668.54431818
61,484,Egernia mcpheei,Logistic_multi_no_coords,random,False,0,0.028204750573460703,-61435.1928033584,6844668.54431818
61,485,Eulamprus murrayi,Logistic_multi_no_coords,random,False,0,0.00986553797195772,-61435.1928033584,6844668.54431818
61,486,Ophioscincus truncatus,Logistic_multi_no_coords,random,False,1,0.23856213187854441,-61435.1928033584,6844668.54431818
61,487,Pseudechis porphyricaus,Logistic_multi_no_coords,random,False,0,0.03220780352611984,-61435.1928033584,6844668.54431818
61,488,Saltuarius swaini,Logistic_multi_no_coords,random,False,0,0.023435624828944318,-61435.1928033584,6844668.54431818
62,489,Cacophis kreftii,Logistic_multi_no_coords,random,False,0,0.06263373424315129,-60629.7662982834,6844706.93792291
62,490,Calyptotis scutirostrum,Logistic_multi_no_coords,random,False,1,0.1186081639864022,-60629.7662982834,6844706.93792291
62,491,Coeranoscincus reticulatus,Logistic_multi_no_coords,random,False,0,0.27373223397777685,-60629.7662982834,6844706.93792291
62,492,Egernia mcpheei,Logistic_multi_no_coords,random,False,0,0.03565291329573192,-60629.7662982834,6844706.93792291
62,493,Eulamprus murrayi,Logistic_multi_no_coords,random,False,0,0.012533236685297232,-60629.7662982834,6844706.93792291
62,494,Ophioscincus truncatus,Logistic_multi_no_coords,random,False,1,0.28525455611678197,-60629.7662982834,6844706.93792291
62,495,Pseudechis porphyricaus,Logistic_multi_no_coords,random,False,0,0.04066883250809396,-60629.7662982834,6844706.93792291
62,496,Saltuarius swaini,Logistic_multi_no_coords,random,False,0,0.029662823588230487,-60629.7662982834,6844706.93792291
65,513,Cacophis kreftii,Logistic_multi_no_coords,random,False,0,0.05880997695349907,-84881.8823593461,6843092.18042196
65,514,Calyptotis scutirostrum,Logistic_multi_no_coords,random,False,1,0.11177467604896074,-84881.8823593461,6843092.18042196
65,515,Coeranoscincus reticulatus,Logistic_multi_no_coords,random,False,0,0.2606039560501389,-84881.8823593461,6843092.18042196
65,516,Egernia mcpheei,Logistic_multi_no_coords,random,False,0,0.03341759895503114,-84881.8823593461,6843092.18042196
65,517,Eulamprus murrayi,Logistic_multi_no_coords,random,False,0,0.01172981484673541,-84881.8823593461,6843092.18042196
65,518,Ophioscincus truncatus,Logistic_multi_no_coords,random,False,1,0.27178046080517937,-84881.8823593461,6843092.18042196
65,519,Pseudechis porphyricaus,Logistic_multi_no_coords,random,False,0,0.03813147234058741,-84881.8823593461,6843092.18042196
65,520,Saltuarius swaini,Logistic_multi_no_coords,random,False,0,0.0277922436669502,-84881.8823593461,6843092.18042196
72,569,Cacophis kreftii,Logistic_multi_no_coords,random,False,0,0.0660897400572621,-86463.3052036808,6842612.44869674
72,570,Calyptotis scutirostrum,Logistic_multi_no_coords,random,False,1,0.12474171281915113,-86463.3052036808,6842612.44869674
72,571,Coeranoscincus reticulatus,Logistic_multi_no_coords,random,False,0,0.2852911239580751,-86463.3052036808,6842612.44869674
72,572,Egernia mcpheei,Logistic_multi_no_coords,random,False,0,0.037680015009022044,-86463.3052036808,6842612.44869674
72,573,Eulamprus murrayi,Logistic_multi_no_coords,random,False,0,0.01326391339626698,-86463.3052036808,6842612.44869674
72,574,Ophioscincus truncatus,Logistic_multi_no_coords,random,False,1,0.2971009604669957,-86463.3052036808,6842612.44869674
72,575,Pseudechis porphyricaus,Logistic_multi_no_coords,random,False,0,0.042968414975641855,-86463.3052036808,6842612.44869674
72,576,Saltuarius swaini,Logistic_multi_no_coords,random,False,0,0.03136042493174583,-86463.3052036808,6842612.44869674
78,617,Cacophis kreftii,Logistic_multi_no_coords,random,False,0,0.06868037529987395,-85647.642077096,6842252.08566301
78,618,Calyptotis scutirostrum,Logistic_multi_no_coords,random,False,0,0.12931309139623373,-85647.642077096,6842252.08566301
78,619,Coeranoscincus reticulatus,Logistic_multi_no_coords,random,False,1,0.2937713429454085,-85647.642077096,6842252.08566301
78,620,Egernia mcpheei,Logistic_multi_no_coords,random,False,0,0.0392037724079561,-85647.642077096,6842252.08566301
78,621,Eulamprus murrayi,Logistic_multi_no_coords,random,False,0,0.013814472278648283,-85647.642077096,6842252.08566301
78,622,Ophioscincus truncatus,Logistic_multi_no_coords,random,False,0,0.3057820328308474,-85647.642077096,6842252.08566301
78,623,Pseudechis porphyricaus,Logistic_multi_no_coords,random,False,0,0.04469609915317736,-85647.642077096,6842252.08566301
78,624,Saltuarius swaini,Logistic_multi_no_coords,random,False,0,0.0326372892542856,-85647.642077096,6842252.08566301
84,665,Cacophis kreftii,Logistic_multi_no_coords,random,False,0,0.05346199554926405,-75697.1375955953,6840337.76316393
84,666,Calyptotis scutirostrum,Logistic_multi_no_coords,random,False,0,0.10213291657262986,-75697.1375955953,6840337.76316393
84,667,Coeranoscincus reticulatus,Logistic_multi_no_coords,random,False,0,0.2416163241533114,-75697.1375955953,6840337.76316393
84,668,Egernia mcpheei,Logistic_multi_no_coords,random,False,0,0.030304366811043138,-75697.1375955953,6840337.76316393
84,669,Eulamprus murrayi,Logistic_multi_no_coords,random,False,0,0.010614859785045162,-75697.1375955953,6840337.76316393
84,670,Ophioscincus truncatus,Logistic_multi_no_coords,random,False,0,0.25225632582203805,-75697.1375955953,6840337.76316393
84,671,Pseudechis porphyricaus,Logistic_multi_no_coords,random,False,0,0.03459480649171373,-75697.1375955953,6840337.76316393
84,672,Saltuarius swaini,Logistic_multi_no_coords,random,False,0,0.02518942048609013,-75697.1375955953,6840337.76316393
87,689,Cacophis kreftii,Logistic_multi_no_coords,random,False,0,0.022627723673832305,-71013.5035560221,6839163.13240084
87,690,Calyptotis scutirostrum,Logistic_multi_no_coords,random,False,0,0.04454879267672291,-71013.5035560221,6839163.13240084
87,691,Coeranoscincus reticulatus,Logistic_multi_no_coords,random,False,1,0.11550632573697638,-71013.5035560221,6839163.13240084
87,692,Egernia mcpheei,Logistic_multi_no_coords,random,False,0,0.012647817951219982,-71013.5035560221,6839163.13240084
87,693,Eulamprus murrayi,Logistic_multi_no_coords,random,False,0,0.004378415002999138,-71013.5035560221,6839163.13240084
87,694,Ophioscincus truncatus,Logistic_multi_no_coords,random,False,0,0.12148243998380187,-71013.5035560221,6839163.13240084
87,695,Pseudechis porphyricaus,Logistic_multi_no_coords,random,False,0,0.01447579129490934,-71013.5035560221,6839163.13240084
87,696,Saltuarius swaini,Logistic_multi_no_coords,random,False,0,0.010480835229855111,-71013.5035560221,6839163.13240084
92,729,Cacophis kreftii,Logistic_multi_no_coords,random,False,0,0.03760117854394193,-75353.1982293057,6837536.97534272
92,730,Calyptotis scutirostrum,Logistic_multi_no_coords,random,False,0,0.07294545486643422,-75353.1982293057,6837536.97534272
92,731,Coeranoscincus reticulatus,Logistic_multi_no_coords,random,False,0,0.1805845905557358,-75353.1982293057,6837536.97534272
92,732,Egernia mcpheei,Logistic_multi_no_coords,random,False,0,0.021160242500732163,-75353.1982293057,6837536.97534272
92,733,Eulamprus murrayi,Logistic_multi_no_coords,random,False,0,0.00736676735505747,-75353.1982293057,6837536.97534272
92,734,Ophioscincus truncatus,Logistic_multi_no_coords,random,False,0,0.18920748549808966,-75353.1982293057,6837536.97534272
92,735,Pseudechis porphyricaus,Logistic_multi_no_coords,random,False,0,0.02418836602955317,-75353.1982293057,6837536.97534272
92,736,Saltuarius swaini,Logistic_multi_no_coords,random,False,0,0.01756074413577667,-75353.1982293057,6837536.97534272
97,769,Cacophis kreftii,Logistic_multi_no_coords,random,False,0,0.06483032721698626,-114250.874091765,6835186.86007185
97,770,Calyptotis scutirostrum,Logistic_multi_no_coords,random,False,1,0.12251124005824608,-114250.874091765,6835186.86007185
97,771,Coeranoscincus reticulatus,Logistic_multi_no_coords,random,False,1,0.28111192353563846,-114250.874091765,6835186.86007185
97,772,Egernia mcpheei,Logistic_multi_no_coords,random,False,0,0.036940566708031884,-114250.874091765,6835186.86007185
97,773,Eulamprus murrayi,Logistic_multi_no_coords,random,False,0,0.012997145388754934,-114250.874091765,6835186.86007185
97,774,Ophioscincus truncatus,Logistic_multi_no_coords,random,False,1,0.2928196383304765,-114250.874091765,6835186.86007185
97,775,Pseudechis porphyricaus,Logistic_multi_no_coords,random,False,0,0.04212972840859441,-114250.874091765,6835186.86007185
97,776,Saltuarius swaini,Logistic_multi_no_coords,random,False,0,0.030741033169719933,-114250.874091765,6835186.86007185
99,785,Cacophis kreftii,Logistic_multi_no_coords,random,False,0,0.02285931322304299,-123277.985601988,6834532.44353339
99,786,Calyptotis scutirostrum,Logistic_multi_no_coords,random,False,0,0.04499441080044152,-123277.985601988,6834532.44353339
99,787,Coeranoscincus reticulatus,Logistic_multi_no_coords,random,False,0,0.11657512559220654,-123277.985601988,6834532.44353339
99,788,Egernia mcpheei,Logistic_multi_no_coords,random,False,0,0.012778600910528713,-123277.985601988,6834532.44353339
99,789,Eulamprus murrayi,Logistic_multi_no_coords,random,False,0,0.0044240725215306115,-123277.985601988,6834532.44353339
99,790,Ophioscincus truncatus,Logistic_multi_no_coords,random,False,0,0.12259887304222072,-123277.985601988,6834532.44353339
99,791,Pseudechis porphyricaus,Logistic_multi_no_coords,random,False,0,0.014625196166940543,-123277.985601988,6834532.44353339
99,792,Saltuarius swaini,Logistic_multi_no_coords,random,False,0,0.010589451134466278,-123277.985601988,6834532.44353339
101,801,Cacophis kreftii,Logistic_multi_no_coords,random,False,1,0.06369912022444317,-147109.711119875,6832327.45616153
101,802,Calyptotis scutirostrum,Logistic_multi_no_coords,random,False,1,0.12050326365914864,-147109.711119875,6832327.45616153
101,803,Coeranoscincus reticulatus,Logistic_multi_no_coords,random,False,0,0.27732601494365816,-147109.711119875,6832327.45616153
101,804,Egernia mcpheei,Logistic_multi_no_coords,random,False,0,0.03627712288008474,-147109.711119875,6832327.45616153
101,805,Eulamprus murrayi,Logistic_multi_no_coords,random,False,0,0.012758023118087861,-147109.711119875,6832327.45616153
101,806,Ophioscincus truncatus,Logistic_multi_no_coords,random,False,0,0.2889394283040859,-147109.711119875,6832327.45616153
101,807,Pseudechis porphyricaus,Logistic_multi_no_coords,random,False,0,0.041377092563586924,-147109.711119875,6832327.45616153
101,808,Saltuarius swaini,Logistic_multi_no_coords,random,False,0,0.03018544166730789,-147109.711119875,6832327.45616153
108,857,Cacophis kreftii,Logistic_multi_no_coords,random,False,1,0.02795637131329115,-120786.146445189,6833048.30377336
108,858,Calyptotis scutirostrum,Logistic_multi_no_coords,random,False,0,0.05475049799343022,-120786.146445189,6833048.30377336
108,859,Coeranoscincus reticulatus,Logistic_multi_no_coords,random,False,0,0.13958346558330437,-120786.146445189,6833048.30377336
108,860,Egernia mcpheei,Logistic_multi_no_coords,random,False,0,0.015663943242000006,-120786.146445189,6833048.30377336
108,861,Eulamprus murrayi,Logistic_multi_no_coords,random,False,0,0.005433387597105033,-120786.146445189,6833048.30377336
108,862,Ophioscincus truncatus,Logistic_multi_no_coords,random,False,1,0.1465988244035686,-120786.146445189,6833048.30377336
108,863,Pseudechis porphyricaus,Logistic_multi_no_coords,random,False,0,0.017919921749144488,-120786.146445189,6833048.30377336
108,864,Saltuarius swaini,Logistic_multi_no_coords,random,False,0,0.012986997261154874,-120786.146445189,6833048.30377336
116,921,Cacophis kreftii,Logistic_multi_no_coords,random,False,1,0.023325367570352966,-119959.663589068,6832690.76087561
116,922,Calyptotis scutirostrum,Logistic_multi_no_coords,random,False,0,0.045890559830687426,-119959.663589068,6832690.76087561
116,923,Coeranoscincus reticulatus,Logistic_multi_no_coords,random,False,0,0.1187197113901606,-119959.663589068,6832690.76087561
116,924,Egernia mcpheei,Logistic_multi_no_coords,random,False,0,0.013041873418973032,-119959.663589068,6832690.76087561
116,925,Eulamprus murrayi,Logistic_multi_no_coords,random,False,0,0.004516007334241493,-119959.663589068,6832690.76087561
116,926,Ophioscincus truncatus,Logistic_multi_no_coords,random,False,1,0.12483861559818217,-119959.663589068,6832690.76087561
116,927,Pseudechis porphyricaus,Logistic_multi_no_coords,random,False,0,0.014925938151227157,-119959.663589068,6832690.76087561
116,928,Saltuarius swaini,Logistic_multi_no_coords,random,False,0,0.010808115227225213,-119959.663589068,6832690.76087561
117,929,Cacophis kreftii,Logistic_multi_no_coords,random,False,0,0.028802312134147624,-119338.87811833,6832311.15904512
117,930,Calyptotis scutirostrum,Logistic_multi_no_coords,random,False,1,0.056360201408437983,-119338.87811833,6832311.15904512
117,931,Coeranoscincus reticulatus,Logistic_multi_no_coords,random,False,1,0.14330918059883674,-119338.87811833,6832311.15904512
117,932,Egernia mcpheei,Logistic_multi_no_coords,random,False,0,0.016144101206556117,-119338.87811833,6832311.15904512
117,933,Eulamprus murrayi,Logistic_multi_no_coords,random,False,0,0.005601725763132086,-119338.87811833,6832311.15904512
117,934,Ophioscincus truncatus,Logistic_multi_no_coords,random,False,1,0.1504790424163781,-119338.87811833,6832311.15904512
117,935,Pseudechis porphyricaus,Logistic_multi_no_coords,random,False,0,0.018467936366334172,-119338.87811833,6832311.15904512
117,936,Saltuarius swaini,Logistic_multi_no_coords,random,False,0,0.013386212831531453,-119338.87811833,6832311.15904512
121,961,Cacophis kreftii,Logistic_multi_no_coords,random,False,0,0.02607194373694539,-113308.229962265,6832416.48893136
121,962,Calyptotis scutirostrum,Logistic_multi_no_coords,random,False,0,0.051155032656191306,-113308.229962265,6832416.48893136
121,963,Coeranoscincus reticulatus,Logistic_multi_no_coords,random,False,1,0.1311902098277147,-113308.229962265,6832416.48893136
121,964,Egernia mcpheei,Logistic_multi_no_coords,random,False,0,0.014595657710390125,-113308.229962265,6832416.48893136
121,965,Eulamprus murrayi,Logistic_multi_no_coords,random,False,0,0.005059242823544503,-113308.229962265,6832416.48893136
121,966,Ophioscincus truncatus,Logistic_multi_no_coords,random,False,1,0.13785131471956164,-113308.229962265,6832416.48893136
121,967,Pseudechis porphyricaus,Logistic_multi_no_coords,random,False,0,0.016700388204341683,-113308.229962265,6832416.48893136
121,968,Saltuarius swaini,Logistic_multi_no_coords,random,False,0,0.012099036178355211,-113308.229962265,6832416.48893136
125,993,Cacophis kreftii,Logistic_multi_no_coords,random,False,0,0.024534486979630905,-119100.196556909,6831521.23488212
125,994,Calyptotis scutirostrum,Logistic_multi_no_coords,random,False,1,0.048211652692128536,-119100.196556909,6831521.23488212
125,995,Coeranoscincus reticulatus,Logistic_multi_no_coords,random,False,0,0.12424473787673887,-119100.196556909,6831521.23488212
125,996,Egernia mcpheei,Logistic_multi_no_coords,random,False,0,0.013725417612251089,-119100.196556909,6831521.23488212
125,997,Eulamprus murrayi,Logistic_multi_no_coords,random,False,0,0.004754850866155356,-119100.196556909,6831521.23488212
125,998,Ophioscincus truncatus,Logistic_multi_no_coords,random,False,0,0.13060620396649697,-119100.196556909,6831521.23488212
125,999,Pseudechis porphyricaus,Logistic_multi_no_coords,random,False,0,0.01570665753462913,-119100.196556909,6831521.23488212
125,1000,Saltuarius swaini,Logistic_multi_no_coords,random,False,0,0.011375934227762018,-119100.196556909,6831521.23488212
129,1025,Cacophis kreftii,Logistic_multi_no_coords,random,False,0,0.07415218891650961,-76147.8048592401,6833277.03106837
129,1026,Calyptotis scutirostrum,Logistic_multi_no_coords,random,False,0,0.13889512248131566,-76147.8048592401,6833277.03106837
129,1027,Coeranoscincus reticulatus,Logistic_multi_no_coords,random,False,0,0.31118425968215696,-76147.8048592401,6833277.03106837
129,1028,Egernia mcpheei,Logistic_multi_no_coords,random,False,0,0.04243416669112811,-76147.8048592401,6833277.03106837
129,1029,Eulamprus murrayi,Logistic_multi_no_coords,random,False,0,0.014985415918392982,-76147.8048592401,6833277.03106837
129,1030,Ophioscincus truncatus,Logistic_multi_no_coords,random,False,0,0.32358068020391667,-76147.8048592401,6833277.03106837
129,1031,Pseudechis porphyricaus,Logistic_multi_no_coords,random,False,0,0.048356284161760146,-76147.8048592401,6833277.03106837
129,1032,Saltuarius swaini,Logistic_multi_no_coords,random,False,0,0.03534651037241924,-76147.8048592401,6833277.03106837
132,1049,Cacophis kreftii,Logistic_multi_no_coords,random,False,0,0.05647402931864658,-105801.162580743,6831179.93507326
132,1050,Calyptotis scutirostrum,Logistic_multi_no_coords,random,False,0,0.10757541201504493,-105801.162580743,6831179.93507326
132,1051,Coeranoscincus reticulatus,Logistic_multi_no_coords,random,False,0,0.252402192243293,-105801.162580743,6831179.93507326
132,1052,Egernia mcpheei,Logistic_multi_no_coords,random,False,0,0.032055891677582736,-105801.162580743,6831179.93507326
132,1053,Eulamprus murrayi,Logistic_multi_no_coords,random,False,0,0.01124156783699575,-105801.162580743,6831179.93507326
132,1054,Ophioscincus truncatus,Logistic_multi_no_coords,random,False,0,0.2633522314915566,-105801.162580743,6831179.93507326
132,1055,Pseudechis porphyricaus,Logistic_multi_no_coords,random,False,0,0.03658495343115705,-105801.162580743,6831179.93507326
132,1056,Saltuarius swaini,Logistic_multi_no_coords,random,False,0,0.02665343872611464,-105801.162580743,6831179.93507326
133,1057,Cacophis kreftii,Logistic_multi_no_coords,random,False,0,0.044103540416572565,-76520.6971461142,6832657.28276156
133,1058,Calyptotis scutirostrum,Logistic_multi_no_coords,random,False,1,0.08501994192822959,-76520.6971461142,6832657.28276156
133,1059,Coeranoscincus reticulatus,Logistic_multi_no_coords,random,False,0,0.20650741891916602,-76520.6971461142,6832657.28276156
133,1060,Egernia mcpheei,Logistic_multi_no_coords,random,False,0,0.024893016807054618,-76520.6971461142,6832657.28276156
133,1061,Eulamprus murrayi,Logistic_multi_no_coords,random,False,0,0.008687899280225106,-76520.6971461142,6832657.28276156
133,1062,Ophioscincus truncatus,Logistic_multi_no_coords,random,False,0,0.21604177256076873,-76520.6971461142,6832657.28276156
133,1063,Pseudechis porphyricaus,Logistic_multi_no_coords,random,False,0,0.02843979643390186,-76520.6971461142,6832657.28276156
133,1064,Saltuarius swaini,Logistic_multi_no_coords,random,False,0,0.020671958463620594,-76520.6971461142,6832657.28276156
136,1081,Cacophis kreftii,Logistic_multi_no_coords,random,False,0,0.040868997581889235,-62745.5415882464,6830732.52392328
136,1082,Calyptotis scutirostrum,Logistic_multi_no_coords,random,False,0,0.07903270373293694,-62745.5415882464,6830732.52392328
136,1083,Coeranoscincus reticulatus,Logistic_multi_no_coords,random,False,0,0.19377671196978075,-62745.5415882464,6830732.52392328
136,1084,Egernia mcpheei,Logistic_multi_no_coords,random,False,0,0.023033420120197004,-62745.5415882464,6830732.52392328
136,1085,Eulamprus murrayi,Logistic_multi_no_coords,random,False,0,0.008028914605955631,-62745.5415882464,6830732.52392328
136,1086,Ophioscincus truncatus,Logistic_multi_no_coords,random,False,1,0.20287357103873666,-62745.5415882464,6830732.52392328
136,1087,Pseudechis porphyricaus,Logistic_multi_no_coords,random,False,0,0.026322395070331066,-62745.5415882464,6830732.52392328
136,1088,Saltuarius swaini,Logistic_multi_no_coords,random,False,0,0.019121506340860198,-62745.5415882464,6830732.52392328
139,1105,Cacophis kreftii,Logistic_multi_no_coords,random,False,0,0.05992147907810861,-60097.6324680274,6830057.84195886
139,1106,Calyptotis scutirostrum,Logistic_multi_no_coords,random,False,0,0.1137662061931228,-60097.6324680274,6830057.84195886
139,1107,Coeranoscincus reticulatus,Logistic_multi_no_coords,random,False,0,0.26445770847147976,-60097.6324680274,6830057.84195886
139,1108,Egernia mcpheei,Logistic_multi_no_coords,random,False,0,0.034066558467573976,-60097.6324680274,6830057.84195886
139,1109,Eulamprus murrayi,Logistic_multi_no_coords,random,False,0,0.01196281682254595,-60097.6324680274,6830057.84195886
139,1110,Ophioscincus truncatus,Logistic_multi_no_coords,random,False,1,0.27573785375688675,-60097.6324680274,6830057.84195886
139,1111,Pseudechis porphyricaus,Logistic_multi_no_coords,random,False,0,0.038868292733573534,-60097.6324680274,6830057.84195886
139,1112,Saltuarius swaini,Logistic_multi_no_coords,random,False,0,0.02833516293310546,-60097.6324680274,6830057.84195886
141,1121,Cacophis kreftii,Logistic_multi_no_coords,random,False,0,0.03735219086777968,-59274.1159834863,6829696.39928037
141,1122,Calyptotis scutirostrum,Logistic_multi_no_coords,random,False,0,0.07248005048886373,-59274.1159834863,6829696.39928037
141,1123,Coeranoscincus reticulatus,Logistic_multi_no_coords,random,False,0,0.17956545114344866,-59274.1159834863,6829696.39928037
141,1124,Egernia mcpheei,Logistic_multi_no_coords,random,False,0,0.02101774592513821,-59274.1159834863,6829696.39928037
141,1125,Eulamprus murrayi,Logistic_multi_no_coords,random,False,0,0.007316464024353704,-59274.1159834863,6829696.39928037
141,1126,Ophioscincus truncatus,Logistic_multi_no_coords,random,False,0,0.18815085627232012,-59274.1159834863,6829696.39928037
141,1127,Pseudechis porphyricaus,Logistic_multi_no_coords,random,False,0,0.024025978095120443,-59274.1159834863,6829696.39928037
141,1128,Saltuarius swaini,Logistic_multi_no_coords,random,False,0,0.01744205524952292,-59274.1159834863,6829696.39928037
148,1177,Cacophis kreftii,Logistic_multi_no_coords,random,False,0,0.05248226309439868,-59039.7148912014,6828905.9612443
148,1178,Calyptotis scutirostrum,Logistic_multi_no_coords,random,False,1,0.10035581811175741,-59039.7148912014,6828905.9612443
148,1179,Coeranoscincus reticulatus,Logistic_multi_no_coords,random,False,0,0.23805571363368605,-59039.7148912014,6828905.9612443
148,1180,Egernia mcpheei,Logistic_multi_no_coords,random,False,1,0.0297356837995222,-59039.7148912014,6828905.9612443
148,1181,Eulamprus murrayi,Logistic_multi_no_coords,random,False,0,0.01041169716920433,-59039.7148912014,6828905.9612443
148,1182,Ophioscincus truncatus,Logistic_multi_no_coords,random,False,1,0.2485903142145187,-59039.7148912014,6828905.9612443
148,1183,Pseudechis porphyricaus,Logistic_multi_no_coords,random,False,0,0.033948429040440355,-59039.7148912014,6828905.9612443
148,1184,Saltuarius swaini,Logistic_multi_no_coords,random,False,0,0.02471427673281077,-59039.7148912014,6828905.9612443
153,1217,Cacophis kreftii,Logistic_multi_no_coords,random,False,0,0.07805272048644919,-56158.084536112,6827640.49763384
153,1218,Calyptotis scutirostrum,Logistic_multi_no_coords,random,False,1,0.14566543486065897,-56158.084536112,6827640.49763384
153,1219,Coeranoscincus reticulatus,Logistic_multi_no_coords,random,False,0,0.32320057557080123,-56158.084536112,6827640.49763384
153,1220,Egernia mcpheei,Logistic_multi_no_coords,random,False,0,0.044746912288023334,-56158.084536112,6827640.49763384
153,1221,Eulamprus murrayi,Logistic_multi_no_coords,random,False,0,0.015826877004278744,-56158.084536112,6827640.49763384
153,1222,Ophioscincus truncatus,Logistic_multi_no_coords,random,False,1,0.3358422912595751,-56158.084536112,6827640.49763384
153,1223,Pseudechis porphyricaus,Logistic_multi_no_coords,random,False,0,0.05097461478418681,-56158.084536112,6827640.49763384
153,1224,Saltuarius swaini,Logistic_multi_no_coords,random,False,0,0.037288007089932365,-56158.084536112,6827640.49763384
160,1273,Cacophis kreftii,Logistic_multi_no_coords,random,False,0,0.07495235728389699,-57082.2051583753,6825993.28319997
160,1274,Calyptotis scutirostrum,Logistic_multi_no_coords,random,False,1,0.14028806518607306,-57082.2051583753,6825993.28319997
160,1275,Coeranoscincus reticulatus,Logistic_multi_no_coords,random,False,0,0.313675641762117,-57082.2051583753,6825993.28319997
160,1276,Egernia mcpheei,Logistic_multi_no_coords,random,False,0,0.042907931390146856,-57082.2051583753,6825993.28319997
160,1277,Eulamprus murrayi,Logistic_multi_no_coords,random,False,0,0.01515757457002758,-57082.2051583753,6825993.28319997
160,1278,Ophioscincus truncatus,Logistic_multi_no_coords,random,False,0,0.3261243203379963,-57082.2051583753,6825993.28319997
160,1279,Pseudechis porphyricaus,Logistic_multi_no_coords,random,False,0,0.0488927915370307,-57082.2051583753,6825993.28319997
160,1280,Saltuarius swaini,Logistic_multi_no_coords,random,False,0,0.03574409735100965,-57082.2051583753,6825993.28319997
165,1313,Cacophis kreftii,Logistic_multi_no_coords,random,False,0,0.0339403478153144,-116199.528148125,6817786.39841097
165,1314,Calyptotis scutirostrum,Logistic_multi_no_coords,random,False,0,0.06607979546540876,-116199.528148125,6817786.39841097
165,1315,Coeranoscincus reticulatus,Logistic_multi_no_coords,random,False,0,0.16539536155881795,-116199.528148125,6817786.39841097
165,1316,Egernia mcpheei,Logistic_multi_no_coords,random,False,0,0.01906837765067229,-116199.528148125,6817786.39841097
165,1317,Eulamprus murrayi,Logistic_multi_no_coords,random,False,0,0.006629266441679161,-116199.528148125,6817786.39841097
165,1318,Ophioscincus truncatus,Logistic_multi_no_coords,random,False,0,0.17344649405278298,-116199.528148125,6817786.39841097
165,1319,Pseudechis porphyricaus,Logistic_multi_no_coords,random,False,0,0.02180381432472342,-116199.528148125,6817786.39841097
165,1320,Saltuarius swaini,Logistic_multi_no_coords,random,False,0,0.01581896873632892,-116199.528148125,6817786.39841097
169,1345,Cacophis kreftii,Logistic_multi_no_coords,random,False,0,0.025288251515489243,-108876.433782581,6816343.47520397
169,1346,Calyptotis scutirostrum,Logistic_multi_no_coords,random,False,0,0.04965581318526414,-108876.433782581,6816343.47520397
169,1347,Coeranoscincus reticulatus,Logistic_multi_no_coords,random,False,0,0.1276609578894678,-108876.433782581,6816343.47520397
169,1348,Egernia mcpheei,Logistic_multi_no_coords,random,False,0,0.014151916675841215,-108876.433782581,6816343.47520397
169,1349,Eulamprus murrayi,Logistic_multi_no_coords,random,False,0,0.004903987523300545,-108876.433782581,6816343.47520397
169,1350,Ophioscincus truncatus,Logistic_multi_no_coords,random,False,0,0.13417054035032286,-108876.433782581,6816343.47520397
169,1351,Pseudechis porphyricaus,Logistic_multi_no_coords,random,False,0,0.016193710158902343,-108876.433782581,6816343.47520397
169,1352,Saltuarius swaini,Logistic_multi_no_coords,random,False,0,0.011730294538127559,-108876.433782581,6816343.47520397
172,1369,Cacophis kreftii,Logistic_multi_no_coords,random,False,0,0.027848825057682235,-148834.228828815,6806479.17622519
172,1370,Calyptotis scutirostrum,Logistic_multi_no_coords,random,False,0,0.05454566056163947,-148834.228828815,6806479.17622519
172,1371,Coeranoscincus reticulatus,Logistic_multi_no_coords,random,False,0,0.13910795152384428,-148834.228828815,6806479.17622519
172,1372,Egernia mcpheei,Logistic_multi_no_coords,random,False,0,0.01560292606599352,-148834.228828815,6806479.17622519
172,1373,Eulamprus murrayi,Logistic_multi_no_coords,random,False,0,0.005412003319213886,-148834.228828815,6806479.17622519
172,1374,Ophioscincus truncatus,Logistic_multi_no_coords,random,False,0,0.14610346954679668,-148834.228828815,6806479.17622519
172,1375,Pseudechis porphyricaus,Logistic_multi_no_coords,random,False,0,0.01785027601885082,-148834.228828815,6806479.17622519
172,1376,Saltuarius swaini,Logistic_multi_no_coords,random,False,0,0.012936270792315211,-148834.228828815,6806479.17622519
173,1377,Cacophis kreftii,Logistic_multi_no_coords,random,False,0,0.019142063626207448,-26864.9515665186,6812638.8314962
173,1378,Calyptotis scutirostrum,Logistic_multi_no_coords,random,False,0,0.037816985366561424,-26864.9515665186,6812638.8314962
173,1379,Coeranoscincus reticulatus,Logistic_multi_no_coords,random,False,0,0.09916493158830962,-26864.9515665186,6812638.8314962
173,1380,Egernia mcpheei,Logistic_multi_no_coords,random,False,0,0.010682697106788975,-26864.9515665186,6812638.8314962
173,1381,Eulamprus murrayi,Logistic_multi_no_coords,random,False,0,0.003693324392797825,-26864.9515665186,6812638.8314962
173,1382,Ophioscincus truncatus,Logistic_multi_no_coords,random,False,0,0.1043953583807731,-26864.9515665186,6812638.8314962
173,1383,Pseudechis porphyricaus,Logistic_multi_no_coords,random,False,0,0.012230172053423034,-26864.9515665186,6812638.8314962
173,1384,Saltuarius swaini,Logistic_multi_no_coords,random,False,0,0.00884938586387493,-26864.9515665186,6812638.8314962
175,1393,Cacophis kreftii,Logistic_multi_no_coords,random,False,0,0.03586451839920947,-26614.0603685924,6811648.67695057
175,1394,Calyptotis scutirostrum,Logistic_multi_no_coords,random,False,1,0.06969458864181843,-26614.0603685924,6811648.67695057
175,1395,Coeranoscincus reticulatus,Logistic_multi_no_coords,random,False,0,0.17343413902328592,-26614.0603685924,6811648.67695057
175,1396,Egernia mcpheei,Logistic_multi_no_coords,random,False,0,0.02016701666103667,-26614.0603685924,6811648.67695057
175,1397,Eulamprus murrayi,Logistic_multi_no_coords,random,False,0,0.00701634292948769,-26614.0603685924,6811648.67695057
175,1398,Ophioscincus truncatus,Logistic_multi_no_coords,random,False,0,0.181791349328351,-26614.0603685924,6811648.67695057
175,1399,Pseudechis porphyricaus,Logistic_multi_no_coords,random,False,0,0.023056353172832764,-26614.0603685924,6811648.67695057
175,1400,Saltuarius swaini,Logistic_multi_no_coords,random,False,0,0.0167335843057115,-26614.0603685924,6811648.67695057
180,1433,Cacophis kreftii,Logistic_multi_no_coords,random,False,0,0.013597090226001368,-29780.9705356891,6806663.75964171
180,1434,Calyptotis scutirostrum,Logistic_multi_no_coords,random,False,0,0.027011331421460505,-29780.9705356891,6806663.75964171
180,1435,Coeranoscincus reticulatus,Logistic_multi_no_coords,random,False,0,0.07214433668753537,-29780.9705356891,6806663.75964171
180,1436,Egernia mcpheei,Logistic_multi_no_coords,random,False,0,0.0075692787523838545,-29780.9705356891,6806663.75964171
180,1437,Eulamprus murrayi,Logistic_multi_no_coords,random,False,0,0.0026115463613838705,-29780.9705356891,6806663.75964171
180,1438,Ophioscincus truncatus,Logistic_multi_no_coords,random,False,0,0.07606991845183146,-29780.9705356891,6806663.75964171
180,1439,Pseudechis porphyricaus,Logistic_multi_no_coords,random,False,0,0.008669702196894157,-29780.9705356891,6806663.75964171
180,1440,Saltuarius swaini,Logistic_multi_no_coords,random,False,0,0.006266892236609675,-29780.9705356891,6806663.75964171
181,1441,Cacophis kreftii,Logistic_multi_no_coords,random,False,0,0.01355798876859885,-29379.7381757025,6806682.07694802
181,1442,Calyptotis scutirostrum,Logistic_multi_no_coords,random,False,0,0.026934707675587984,-29379.7381757025,6806682.07694802
181,1443,Coeranoscincus reticulatus,Logistic_multi_no_coords,random,False,0,0.07194915034647519,-29379.7381757025,6806682.07694802
181,1444,Egernia mcpheei,Logistic_multi_no_coords,random,False,0,0.007547378975628164,-29379.7381757025,6806682.07694802
181,1445,Eulamprus murrayi,Logistic_multi_no_coords,random,False,0,0.002603952882524306,-29379.7381757025,6806682.07694802
181,1446,Ophioscincus truncatus,Logistic_multi_no_coords,random,False,0,0.07586497984274769,-29379.7381757025,6806682.07694802
181,1447,Pseudechis porphyricaus,Logistic_multi_no_coords,random,False,0,0.008644646358370374,-29379.7381757025,6806682.07694802
181,1448,Saltuarius swaini,Logistic_multi_no_coords,random,False,0,0.006248736857336039,-29379.7381757025,6806682.07694802
185,1473,Cacophis kreftii,Logistic_multi_no_coords,random,False,0,0.033724024757206345,-154680.904774922,6798732.86570032
185,1474,Calyptotis scutirostrum,Logistic_multi_no_coords,random,False,0,0.06567255292251863,-154680.904774922,6798732.86570032
185,1475,Coeranoscincus reticulatus,Logistic_multi_no_coords,random,False,1,0.16448384718872153,-154680.904774922,6798732.86570032
185,1476,Egernia mcpheei,Logistic_multi_no_coords,random,False,0,0.018944984103024094,-154680.904774922,6798732.86570032
185,1477,Eulamprus murrayi,Logistic_multi_no_coords,random,False,0,0.006585827306580664,-154680.904774922,6798732.86570032
185,1478,Ophioscincus truncatus,Logistic_multi_no_coords,random,False,0,0.17249977964337287,-154680.904774922,6798732.86570032
185,1479,Pseudechis porphyricaus,Logistic_multi_no_coords,random,False,0,0.021663110388168202,-154680.904774922,6798732.86570032
185,1480,Saltuarius swaini,Logistic_multi_no_coords,random,False,0,0.015716265573184313,-154680.904774922,6798732.86570032
194,1545,Cacophis kreftii,Logistic_multi_no_coords,random,False,0,0.06419815021506063,-113057.133584369,6799439.25721174
194,1546,Calyptotis scutirostrum,Logistic_multi_no_coords,random,False,0,0.12138961204085964,-113057.133584369,6799439.25721174
194,1547,Coeranoscincus reticulatus,Logistic_multi_no_coords,random,False,1,0.27899993698065956,-113057.133584369,6799439.25721174
194,1548,Egernia mcpheei,Logistic_multi_no_coords,random,False,0,0.0365697148772058,-113057.133584369,6799439.25721174
194,1549,Eulamprus murrayi,Logistic_multi_no_coords,random,False,0,0.01286345450714993,-113057.133584369,6799439.25721174
194,1550,Ophioscincus truncatus,Logistic_multi_no_coords,random,False,0,0.29065525522622754,-113057.133584369,6799439.25721174
194,1551,Pseudechis porphyricaus,Logistic_multi_no_coords,random,False,0,0.041709037980008135,-113057.133584369,6799439.25721174
194,1552,Saltuarius swaini,Logistic_multi_no_coords,random,False,0,0.030430452797875936,-113057.133584369,6799439.25721174
195,1553,Cacophis kreftii,Logistic_multi_no_coords,random,False,0,0.03051290690498955,-153177.628494992,6796999.50794559
195,1554,Calyptotis scutirostrum,Logistic_multi_no_coords,random,False,0,0.05960703226829816,-153177.628494992,6796999.50794559
195,1555,Coeranoscincus reticulatus,Logistic_multi_no_coords,random,False,1,0.150764732369649,-153177.628494992,6796999.50794559
195,1556,Egernia mcpheei,Logistic_multi_no_coords,random,False,0,0.017116162881631102,-153177.628494992,6796999.50794559
195,1557,Eulamprus murrayi,Logistic_multi_no_coords,random,False,0,0.005942848724817328,-153177.628494992,6796999.50794559
195,1558,Ophioscincus truncatus,Logistic_multi_no_coords,random,False,0,0.1582387030574894,-153177.628494992,6796999.50794559
195,1559,Pseudechis porphyricaus,Logistic_multi_no_coords,random,False,0,0.019577135588123414,-153177.628494992,6796999.50794559
195,1560,Saltuarius swaini,Logistic_multi_no_coords,random,False,0,0.01419461350828411,-153177.628494992,6796999.50794559
203,1617,Cacophis kreftii,Logistic_multi_no_coords,random,False,0,0.018022952351944305,-165638.858103626,6792540.33884748
203,1618,Calyptotis scutirostrum,Logistic_multi_no_coords,random,False,0,0.03564575110988886,-165638.858103626,6792540.33884748
203,1619,Coeranoscincus reticulatus,Logistic_multi_no_coords,random,False,1,0.0938148768762447,-165638.858103626,6792540.33884748
203,1620,Egernia mcpheei,Logistic_multi_no_coords,random,False,0,0.010053080750264919,-165638.858103626,6792540.33884748
203,1621,Eulamprus murrayi,Logistic_multi_no_coords,random,False,0,0.003474200780003023,-165638.858103626,6792540.33884748
203,1622,Ophioscincus truncatus,Logistic_multi_no_coords,random,False,0,0.09879406382040472,-165638.858103626,6792540.33884748
203,1623,Pseudechis porphyricaus,Logistic_multi_no_coords,random,False,0,0.011510411826177545,-165638.858103626,6792540.33884748
203,1624,Saltuarius swaini,Logistic_multi_no_coords,random,False,0,0.008326911677215141,-165638.858103626,6792540.33884748
205,1633,Cacophis kreftii,Logistic_multi_no_coords,random,False,0,0.025528972986601017,-111987.574051639,6794257.38010052
205,1634,Calyptotis scutirostrum,Logistic_multi_no_coords,random,False,0,0.0501165654808449,-111987.574051639,6794257.38010052
205,1635,Coeranoscincus reticulatus,Logistic_multi_no_coords,random,False,0,0.12874745669440882,-111987.574051639,6794257.38010052
205,1636,Egernia mcpheei,Logistic_multi_no_coords,random,False,0,0.014288184185997088,-111987.574051639,6794257.38010052
205,1637,Eulamprus murrayi,Logistic_multi_no_coords,random,False,0,0.004951654832149194,-111987.574051639,6794257.38010052
205,1638,Ophioscincus truncatus,Logistic_multi_no_coords,random,False,0,0.1353038479224698,-111987.574051639,6794257.38010052
205,1639,Pseudechis porphyricaus,Logistic_multi_no_coords,random,False,0,0.0163493118659869,-111987.574051639,6794257.38010052
205,1640,Saltuarius swaini,Logistic_multi_no_coords,random,False,0,0.011843524597039115,-111987.574051639,6794257.38010052
209,1665,Cacophis kreftii,Logistic_multi_no_coords,random,False,0,0.024450855945372347,-112530.721336831,6793024.84869485
209,1666,Calyptotis scutirostrum,Logistic_multi_no_coords,random,False,0,0.048051288683475794,-112530.721336831,6793024.84869485
209,1667,Coeranoscincus reticulatus,Logistic_multi_no_coords,random,False,1,0.12386438152339627,-112530.721336831,6793024.84869485
209,1668,Egernia mcpheei,Logistic_multi_no_coords,random,False,0,0.013678114951409496,-112530.721336831,6793024.84869485
209,1669,Eulamprus murrayi,Logistic_multi_no_coords,random,False,0,0.004738315435159709,-112530.721336831,6793024.84869485
209,1670,Ophioscincus truncatus,Logistic_multi_no_coords,random,False,0,0.1302092684894316,-112530.721336831,6793024.84869485
209,1671,Pseudechis porphyricaus,Logistic_multi_no_coords,random,False,0,0.015652635182202963,-112530.721336831,6793024.84869485
209,1672,Saltuarius swaini,Logistic_multi_no_coords,random,False,0,0.01133663564866541,-112530.721336831,6793024.84869485
214,1705,Cacophis kreftii,Logistic_multi_no_coords,random,False,0,0.017114878996837682,-110822.113763642,6787074.42336939
214,1706,Calyptotis scutirostrum,Logistic_multi_no_coords,random,False,0,0.03388040079108145,-110822.113763642,6787074.42336939
214,1707,Coeranoscincus reticulatus,Logistic_multi_no_coords,random,False,0,0.08943588153726313,-110822.113763642,6787074.42336939
214,1708,Egernia mcpheei,Logistic_multi_no_coords,random,False,0,0.009542661338596188,-110822.113763642,6787074.42336939
214,1709,Eulamprus murrayi,Logistic_multi_no_coords,random,False,0,0.0032966947751749917,-110822.113763642,6787074.42336939
214,1710,Ophioscincus truncatus,Logistic_multi_no_coords,random,False,0,0.09420681671180292,-110822.113763642,6787074.42336939
214,1711,Pseudechis porphyricaus,Logistic_multi_no_coords,random,False,0,0.010926816874115577,-110822.113763642,6787074.42336939
214,1712,Saltuarius swaini,Logistic_multi_no_coords,random,False,0,0.007903434371012078,-110822.113763642,6787074.42336939
226,1801,Cacophis kreftii,Logistic_multi_no_coords,random,False,0,0.025626620116594605,-156768.616233883,6780508.50732801
226,1802,Calyptotis scutirostrum,Logistic_multi_no_coords,random,False,0,0.050303404212798886,-156768.616233883,6780508.50732801
226,1803,Coeranoscincus reticulatus,Logistic_multi_no_coords,random,False,1,0.12918756950242236,-156768.616233883,6780508.50732801
226,1804,Egernia mcpheei,Logistic_multi_no_coords,random,False,0,0.014343468684328366,-156768.616233883,6780508.50732801
226,1805,Eulamprus murrayi,Logistic_multi_no_coords,random,False,0,0.004970996184310599,-156768.616233883,6780508.50732801
226,1806,Ophioscincus truncatus,Logistic_multi_no_coords,random,False,0,0.13576288079981283,-156768.616233883,6780508.50732801
226,1807,Pseudechis porphyricaus,Logistic_multi_no_coords,random,False,0,0.01641243858754002,-156768.616233883,6780508.50732801
226,1808,Saltuarius swaini,Logistic_multi_no_coords,random,False,0,0.011889464198723077,-156768.616233883,6780508.50732801
231,1841,Cacophis kreftii,Logistic_multi_no_coords,random,False,0,0.023859748434654406,-107923.462038802,6781588.26422547
231,1842,Calyptotis scutirostrum,Logistic_multi_no_coords,random,False,0,0.04691707229321571,-107923.462038802,6781588.26422547
231,1843,Coeranoscincus reticulatus,Logistic_multi_no_coords,random,False,1,0.12116842876433305,-107923.462038802,6781588.26422547
231,1844,Egernia mcpheei,Logistic_multi_no_coords,random,False,0,0.01334387969993096,-107923.462038802,6781588.26422547
231,1845,Eulamprus murrayi,Logistic_multi_no_coords,random,False,0,0.004621507482868913,-107923.462038802,6781588.26422547
231,1846,Ophioscincus truncatus,Logistic_multi_no_coords,random,False,0,0.12739529735993343,-107923.462038802,6781588.26422547
231,1847,Pseudechis porphyricaus,Logistic_multi_no_coords,random,False,0,0.015270898033504206,-107923.462038802,6781588.26422547
231,1848,Saltuarius swaini,Logistic_multi_no_coords,random,False,0,0.011058974720119354,-107923.462038802,6781588.26422547
232,1849,Cacophis kreftii,Logistic_multi_no_coords,random,False,0,0.023839580439243405,-154268.894705046,6778832.59399199
232,1850,Calyptotis scutirostrum,Logistic_multi_no_coords,random,False,0,0.04687835054853213,-154268.894705046,6778832.59399199
232,1851,Coeranoscincus reticulatus,Logistic_multi_no_coords,random,False,0,0.12107621062083954,-154268.894705046,6778832.59399199
232,1852,Egernia mcpheei,Logistic_multi_no_coords,random,False,0,0.013332479075749639,-154268.894705046,6778832.59399199
232,1853,Eulamprus murrayi,Logistic_multi_no_coords,random,False,0,0.004617524124957416,-154268.894705046,6778832.59399199
232,1854,Ophioscincus truncatus,Logistic_multi_no_coords,random,False,0,0.12729902656976805,-154268.894705046,6778832.59399199
232,1855,Pseudechis porphyricaus,Logistic_multi_no_coords,random,False,0,0.01525787648082465,-154268.894705046,6778832.59399199
232,1856,Saltuarius swaini,Logistic_multi_no_coords,random,False,0,0.011049504390460341,-154268.894705046,6778832.59399199
236,1881,Cacophis kreftii,Logistic_multi_no_coords,random,False,0,0.017117630427753376,-157007.529503806,6769427.67794309
236,1882,Calyptotis scutirostrum,Logistic_multi_no_coords,random,False,0,0.03388575456786274,-157007.529503806,6769427.67794309
236,1883,Coeranoscincus reticulatus,Logistic_multi_no_coords,random,False,1,0.08944920138334818,-157007.529503806,6769427.67794309
236,1884,Egernia mcpheei,Logistic_multi_no_coords,random,False,0,0.009544207261538833,-157007.529503806,6769427.67794309
236,1885,Eulamprus murrayi,Logistic_multi_no_coords,random,False,0,0.003297232212269835,-157007.529503806,6769427.67794309
236,1886,Ophioscincus truncatus,Logistic_multi_no_coords,random,False,0,0.09422077357816123,-157007.529503806,6769427.67794309
236,1887,Pseudechis porphyricaus,Logistic_multi_no_coords,random,False,0,0.010928584557786966,-157007.529503806,6769427.67794309
236,1888,Saltuarius swaini,Logistic_multi_no_coords,random,False,0,0.007904716856533768,-157007.529503806,6769427.67794309
237,1889,Cacophis kreftii,Logistic_multi_no_coords,random,False,0,0.017988406442475634,-157601.945479142,6769192.74860327
237,1890,Calyptotis scutirostrum,Logistic_multi_no_coords,random,False,0,0.03557865016012312,-157601.945479142,6769192.74860327
237,1891,Coeranoscincus reticulatus,Logistic_multi_no_coords,random,False,1,0.0936489096807282,-157601.945479142,6769192.74860327
237,1892,Egernia mcpheei,Logistic_multi_no_coords,random,False,0,0.010033655184230638,-157601.945479142,6769192.74860327
237,1893,Eulamprus murrayi,Logistic_multi_no_coords,random,False,0,0.003467443055444281,-157601.945479142,6769192.74860327
237,1894,Ophioscincus truncatus,Logistic_multi_no_coords,random,False,0,0.09862024662829062,-157601.945479142,6769192.74860327
237,1895,Pseudechis porphyricaus,Logistic_multi_no_coords,random,False,0,0.011488202938894349,-157601.945479142,6769192.74860327
237,1896,Saltuarius swaini,Logistic_multi_no_coords,random,False,0,0.008310793585394613,-157601.945479142,6769192.74860327
238,1897,Cacophis kreftii,Logistic_multi_no_coords,random,False,0,0.020152943008275442,-42631.6013249115,6774856.7836682
238,1898,Calyptotis scutirostrum,Logistic_multi_no_coords,random,False,0,0.03977408357613086,-42631.6013249115,6774856.7836682
238,1899,Coeranoscincus reticulatus,Logistic_multi_no_coords,random,False,0,0.10395388671592436,-42631.6013249115,6774856.7836682
238,1900,Egernia mcpheei,Logistic_multi_no_coords,random,False,0,0.011251967814850793,-42631.6013249115,6774856.7836682
238,1901,Eulamprus murrayi,Logistic_multi_no_coords,random,False,0,0.0038916032221579795,-42631.6013249115,6774856.7836682
238,1902,Ophioscincus truncatus,Logistic_multi_no_coords,random,False,0,0.1094062283592095,-42631.6013249115,6774856.7836682
238,1903,Pseudechis porphyricaus,Logistic_multi_no_coords,random,False,0,0.012880832553153308,-42631.6013249115,6774856.7836682
238,1904,Saltuarius swaini,Logistic_multi_no_coords,random,False,0,0.00932188170865681,-42631.6013249115,6774856.7836682
253,2017,Cacophis kreftii,Logistic_multi_no_coords,random,False,0,0.021781598058002137,-153010.118576574,6758154.60282466
253,2018,Calyptotis scutirostrum,Logistic_multi_no_coords,random,False,0,0.042918960830912074,-153010.118576574,6758154.60282466
253,2019,Coeranoscincus reticulatus,Logistic_multi_no_coords,random,False,0,0.11158366768480192,-153010.118576574,6758154.60282466
253,2020,Egernia mcpheei,Logistic_multi_no_coords,random,False,0,0.012170227246502354,-153010.118576574,6758154.60282466
253,2021,Eulamprus murrayi,Logistic_multi_no_coords,random,False,0,0.004211750900258867,-153010.118576574,6758154.60282466
253,2022,Ophioscincus truncatus,Logistic_multi_no_coords,random,False,0,0.11738376419363857,-153010.118576574,6758154.60282466
253,2023,Pseudechis porphyricaus,Logistic_multi_no_coords,random,False,0,0.013930148855533234,-153010.118576574,6758154.60282466
253,2024,Saltuarius swaini,Logistic_multi_no_coords,random,False,0,0.010084235620456154,-153010.118576574,6758154.60282466
260,2073,Cacophis kreftii,Logistic_multi_no_coords,random,False,0,0.02485403434996847,-139702.22082351,6757637.17957907
260,2074,Calyptotis scutirostrum,Logistic_multi_no_coords,random,False,0,0.04882414617863146,-139702.22082351,6757637.17957907
260,2075,Coeranoscincus reticulatus,Logistic_multi_no_coords,random,False,0,0.1256956105510723,-139702.22082351,6757637.17957907
260,2076,Egernia mcpheei,Logistic_multi_no_coords,random,False,0,0.013906190143056673,-139702.22082351,6757637.17957907
260,2077,Eulamprus murrayi,Logistic_multi_no_coords,random,False,0,0.004818052459581114,-139702.22082351,6757637.17957907
260,2078,Ophioscincus truncatus,Logistic_multi_no_coords,random,False,0,0.13212015576320624,-139702.22082351,6757637.17957907
260,2079,Pseudechis porphyricaus,Logistic_multi_no_coords,random,False,0,0.015913103244405584,-139702.22082351,6757637.17957907
260,2080,Saltuarius swaini,Logistic_multi_no_coords,random,False,0,0.011526124189518334,-139702.22082351,6757637.17957907
261,2081,Cacophis kreftii,Logistic_multi_no_coords,random,False,0,0.02778602988716408,-149531.814001847,6756925.32438673
261,2082,Calyptotis scutirostrum,Logistic_multi_no_coords,random,False,0,0.05442603796649068,-149531.814001847,6756925.32438673
261,2083,Coeranoscincus reticulatus,Logistic_multi_no_coords,random,False,0,0.1388301092643213,-149531.814001847,6756925.32438673
261,2084,Egernia mcpheei,Logistic_multi_no_coords,random,False,0,0.015567301499274521,-149531.814001847,6756925.32438673
261,2085,Eulamprus murrayi,Logistic_multi_no_coords,random,False,0,0.005399519018275012,-149531.814001847,6756925.32438673
261,2086,Ophioscincus truncatus,Logistic_multi_no_coords,random,False,0,0.1458140215973449,-149531.814001847,6756925.32438673
261,2087,Pseudechis porphyricaus,Logistic_multi_no_coords,random,False,0,0.01780961313977919,-149531.814001847,6756925.32438673
261,2088,Saltuarius swaini,Logistic_multi_no_coords,random,False,0,0.012906654899359521,-149531.814001847,6756925.32438673
279,2225,Cacophis kreftii,Logistic_multi_no_coords,random,False,0,0.022204268849600875,-165065.597196224,6745863.85427266
279,2226,Calyptotis scutirostrum,Logistic_multi_no_coords,random,False,0,0.04373346351012486,-165065.597196224,6745863.85427266
279,2227,Coeranoscincus reticulatus,Logistic_multi_no_coords,random,False,0,0.11354667025698865,-165065.597196224,6745863.85427266
279,2228,Egernia mcpheei,Logistic_multi_no_coords,random,False,0,0.012408755747668199,-165065.597196224,6745863.85427266
279,2229,Eulamprus murrayi,Logistic_multi_no_coords,random,False,0,0.004294976653837367,-165065.597196224,6745863.85427266
279,2230,Ophioscincus truncatus,Logistic_multi_no_coords,random,False,0,0.11943508587318595,-165065.597196224,6745863.85427266
279,2231,Pseudechis porphyricaus,Logistic_multi_no_coords,random,False,0,0.014202674737253517,-165065.597196224,6745863.85427266
279,2232,Saltuarius swaini,Logistic_multi_no_coords,random,False,0,0.01028230561059552,-165065.597196224,6745863.85427266
282,2249,Cacophis kreftii,Logistic_multi_no_coords,random,False,0,0.016548207622977668,-48676.0066271106,6751433.87966314
282,2250,Calyptotis scutirostrum,Logistic_multi_no_coords,random,False,0,0.03277713676332172,-48676.0066271106,6751433.87966314
282,2251,Coeranoscincus reticulatus,Logistic_multi_no_coords,random,False,0,0.08668585845358555,-48676.0066271106,6751433.87966314
282,2252,Egernia mcpheei,Logistic_multi_no_coords,random,False,0,0.009224352132078643,-48676.0066271106,6751433.87966314
282,2253,Eulamprus murrayi,Logistic_multi_no_coords,random,False,0,0.003186058585994667,-48676.0066271106,6751433.87966314
282,2254,Ophioscincus truncatus,Logistic_multi_no_coords,random,False,0,0.09132480749236954,-48676.0066271106,6751433.87966314
282,2255,Pseudechis porphyricaus,Logistic_multi_no_coords,random,False,0,0.010562829556924145,-48676.0066271106,6751433.87966314
282,2256,Saltuarius swaini,Logistic_multi_no_coords,random,False,0,0.007639382203269224,-48676.0066271106,6751433.87966314
283,2257,Cacophis kreftii,Logistic_multi_no_coords,random,False,0,0.028246553741765473,-144358.241751465,6746321.2757456
283,2258,Calyptotis scutirostrum,Logistic_multi_no_coords,random,False,0,0.05530297580710573,-144358.241751465,6746321.2757456
283,2259,Coeranoscincus reticulatus,Logistic_multi_no_coords,random,False,0,0.14086440889049298,-144358.241751465,6746321.2757456
283,2260,Egernia mcpheei,Logistic_multi_no_coords,random,False,0,0.01582861004659313,-144358.241751465,6746321.2757456
283,2261,Eulamprus murrayi,Logistic_multi_no_coords,random,False,0,0.005491105903571602,-144358.241751465,6746321.2757456
283,2262,Ophioscincus truncatus,Logistic_multi_no_coords,random,False,0,0.14793307810058667,-144358.241751465,6746321.2757456
283,2263,Pseudechis porphyricaus,Logistic_multi_no_coords,random,False,0,0.018107868191831644,-144358.241751465,6746321.2757456
283,2264,Saltuarius swaini,Logistic_multi_no_coords,random,False,0,0.013123897940292367,-144358.241751465,6746321.2757456
285,2273,Cacophis kreftii,Logistic_multi_no_coords,random,False,0,0.016447054877107698,-48666.355678597,6751233.93894705
285,2274,Calyptotis scutirostrum,Logistic_multi_no_coords,random,False,0,0.032580069259355866,-48666.355678597,6751233.93894705
285,2275,Coeranoscincus reticulatus,Logistic_multi_no_coords,random,False,0,0.08619355663215982,-48666.355678597,6751233.93894705
285,2276,Egernia mcpheei,Logistic_multi_no_coords,random,False,0,0.009167549943795438,-48666.355678597,6751233.93894705
285,2277,Eulamprus murrayi,Logistic_multi_no_coords,random,False,0,0.0031663204820142556,-48666.355678597,6751233.93894705
285,2278,Ophioscincus truncatus,Logistic_multi_no_coords,random,False,0,0.09080877984471344,-48666.355678597,6751233.93894705
285,2279,Pseudechis porphyricaus,Logistic_multi_no_coords,random,False,0,0.010497872554315018,-48666.355678597,6751233.93894705
285,2280,Saltuarius swaini,Logistic_multi_no_coords,random,False,0,0.007592265233568214,-48666.355678597,6751233.93894705
290,2313,Cacophis kreftii,Logistic_multi_no_coords,random,False,0,0.017348604328649108,-54841.9600197467,6750321.73267861
290,2314,Calyptotis scutirostrum,Logistic_multi_no_coords,random,False,0,0.03433508248545479,-54841.9600197467,6750321.73267861
290,2315,Coeranoscincus reticulatus,Logistic_multi_no_coords,random,False,0,0.09056623779208606,-54841.9600197467,6750321.73267861
290,2316,Egernia mcpheei,Logistic_multi_no_coords,random,False,0,0.009673996245576695,-54841.9600197467,6750321.73267861
290,2317,Eulamprus murrayi,Logistic_multi_no_coords,random,False,0,0.003342357015771522,-54841.9600197467,6750321.73267861
290,2318,Ophioscincus truncatus,Logistic_multi_no_coords,random,False,0,0.09539115463466243,-54841.9600197467,6750321.73267861
290,2319,Pseudechis porphyricaus,Logistic_multi_no_coords,random,False,0,0.011076988756268502,-54841.9600197467,6750321.73267861
290,2320,Saltuarius swaini,Logistic_multi_no_coords,random,False,0,0.008012391230099261,-54841.9600197467,6750321.73267861
303,2417,Cacophis kreftii,Logistic_multi_no_coords,random,False,0,0.02266386895348664,-86896.2863933826,6740221.21400845
303,2418,Calyptotis scutirostrum,Logistic_multi_no_coords,random,False,0,0.0446183558843781,-86896.2863933826,6740221.21400845
303,2419,Coeranoscincus reticulatus,Logistic_multi_no_coords,random,False,0,0.1156732753001649,-86896.2863933826,6740221.21400845
303,2420,Egernia mcpheei,Logistic_multi_no_coords,random,False,0,0.012668228067863711,-86896.2863933826,6740221.21400845
303,2421,Eulamprus murrayi,Logistic_multi_no_coords,random,False,0,0.004385539839243747,-86896.2863933826,6740221.21400845
303,2422,Ophioscincus truncatus,Logistic_multi_no_coords,random,False,0,0.12165683918780576,-86896.2863933826,6740221.21400845
303,2423,Pseudechis porphyricaus,Logistic_multi_no_coords,random,False,0,0.014499107942185873,-86896.2863933826,6740221.21400845
303,2424,Saltuarius swaini,Logistic_multi_no_coords,random,False,0,0.01049778560959212,-86896.2863933826,6740221.21400845
307,2449,Cacophis kreftii,Logistic_multi_no_coords,random,False,0,0.017670404750233647,-75230.2145233742,6740017.73560779
307,2450,Calyptotis scutirostrum,Logistic_multi_no_coords,random,False,0,0.03496075619658808,-75230.2145233742,6740017.73560779
307,2451,Coeranoscincus reticulatus,Logistic_multi_no_coords,random,False,0,0.09211883989167724,-75230.2145233742,6740017.73560779
307,2452,Egernia mcpheei,Logistic_multi_no_coords,random,False,0,0.009854867524488605,-75230.2145233742,6740017.73560779
307,2453,Eulamprus murrayi,Logistic_multi_no_coords,random,False,0,0.003405254933539138,-75230.2145233742,6740017.73560779
307,2454,Ophioscincus truncatus,Logistic_multi_no_coords,random,False,0,0.09701764766393252,-75230.2145233742,6740017.73560779
307,2455,Pseudechis porphyricaus,Logistic_multi_no_coords,random,False,0,0.011283792409491022,-75230.2145233742,6740017.73560779
307,2456,Saltuarius swaini,Logistic_multi_no_coords,random,False,0,0.008162452124391479,-75230.2145233742,6740017.73560779
308,2457,Cacophis kreftii,Logistic_multi_no_coords,random,False,0,0.032732987588105916,-164907.141677267,6734992.82147675
308,2458,Calyptotis scutirostrum,Logistic_multi_no_coords,random,False,0,0.06380464894828372,-164907.141677267,6734992.82147675
308,2459,Coeranoscincus reticulatus,Logistic_multi_no_coords,random,False,0,0.16028762985780315,-164907.141677267,6734992.82147675
308,2460,Egernia mcpheei,Logistic_multi_no_coords,random,False,0,0.01837999273392267,-164907.141677267,6734992.82147675
308,2461,Eulamprus murrayi,Logistic_multi_no_coords,random,False,0,0.00638702026559882,-164907.141677267,6734992.82147675
308,2462,Ophioscincus truncatus,Logistic_multi_no_coords,random,False,0,0.16814021783396005,-164907.141677267,6734992.82147675
308,2463,Pseudechis porphyricaus,Logistic_multi_no_coords,random,False,0,0.021018793767991022,-164907.141677267,6734992.82147675
308,2464,Saltuarius swaini,Logistic_multi_no_coords,random,False,0,0.015246067061995798,-164907.141677267,6734992.82147675
322,2569,Cacophis kreftii,Logistic_multi_no_coords,random,False,0,0.019059563644826007,-148858.437557277,6712675.66874389
322,2570,Calyptotis scutirostrum,Logistic_multi_no_coords,random,False,0,0.037657088771844004,-148858.437557277,6712675.66874389
322,2571,Coeranoscincus reticulatus,Logistic_multi_no_coords,random,False,0,0.09877227298362373,-148858.437557277,6712675.66874389
322,2572,Egernia mcpheei,Logistic_multi_no_coords,random,False,0,0.010636260619309508,-148858.437557277,6712675.66874389
322,2573,Eulamprus murrayi,Logistic_multi_no_coords,random,False,0,0.003677156999636416,-148858.437557277,6712675.66874389
322,2574,Ophioscincus truncatus,Logistic_multi_no_coords,random,False,0,0.10398437976221585,-148858.437557277,6712675.66874389
322,2575,Pseudechis porphyricaus,Logistic_multi_no_coords,random,False,0,0.012177091661854189,-148858.437557277,6712675.66874389
322,2576,Saltuarius swaini,Logistic_multi_no_coords,random,False,0,0.008810847601388594,-148858.437557277,6712675.66874389
328,2617,Cacophis kreftii,Logistic_multi_no_coords,random,False,0,0.017494564211224913,-160137.175183615,6708870.73185706
328,2618,Calyptotis scutirostrum,Logistic_multi_no_coords,random,False,0,0.03461892070841126,-160137.175183615,6708870.73185706
328,2619,Coeranoscincus reticulatus,Logistic_multi_no_coords,random,False,0,0.09127098720434425,-160137.175183615,6708870.73185706
328,2620,Egernia mcpheei,Logistic_multi_no_coords,random,False,0,0.009756028023278792,-160137.175183615,6708870.73185706
328,2621,Eulamprus murrayi,Logistic_multi_no_coords,random,False,0,0.0033708816714346393,-160137.175183615,6708870.73185706
328,2622,Ophioscincus truncatus,Logistic_multi_no_coords,random,False,0,0.09612948091723478,-160137.175183615,6708870.73185706
328,2623,Pseudechis porphyricaus,Logistic_multi_no_coords,random,False,0,0.011170783177137737,-160137.175183615,6708870.73185706
328,2624,Saltuarius swaini,Logistic_multi_no_coords,random,False,0,0.008080448198420999,-160137.175183615,6708870.73185706
329,2625,Cacophis kreftii,Logistic_multi_no_coords,random,False,0,0.017746471247869888,-161729.965162506,6708587.05668997
329,2626,Calyptotis scutirostrum,Logistic_multi_no_coords,random,False,0,0.03510859300622406,-161729.965162506,6708587.05668997
329,2627,Coeranoscincus reticulatus,Logistic_multi_no_coords,random,False,0,0.09248521460750872,-161729.965162506,6708587.05668997
329,2628,Egernia mcpheei,Logistic_multi_no_coords,random,False,0,0.009897629151028856,-161729.965162506,6708587.05668997
329,2629,Eulamprus murrayi,Logistic_multi_no_coords,random,False,0,0.0034201274708707398,-161729.965162506,6708587.05668997
329,2630,Ophioscincus truncatus,Logistic_multi_no_coords,random,False,0,0.09740141562395763,-161729.965162506,6708587.05668997
329,2631,Pseudechis porphyricaus,Logistic_multi_no_coords,random,False,0,0.011332683372362831,-161729.965162506,6708587.05668997
329,2632,Saltuarius swaini,Logistic_multi_no_coords,random,False,0,0.008197930929288916,-161729.965162506,6708587.05668997
339,2705,Cacophis kreftii,Logistic_multi_no_coords,random,False,0,0.013775276089478242,-50204.0063193176,6710952.93925814
339,2706,Calyptotis scutirostrum,Logistic_multi_no_coords,random,False,0,0.027360430985135974,-50204.0063193176,6710952.93925814
339,2707,Coeranoscincus reticulatus,Logistic_multi_no_coords,random,False,0,0.07303296044019807,-50204.0063193176,6710952.93925814
339,2708,Egernia mcpheei,Logistic_multi_no_coords,random,False,0,0.0076690860739670914,-50204.0063193176,6710952.93925814
339,2709,Eulamprus murrayi,Logistic_multi_no_coords,random,False,0,0.0026461561053611683,-50204.0063193176,6710952.93925814
339,2710,Ophioscincus truncatus,Logistic_multi_no_coords,random,False,0,0.07700288200148403,-50204.0063193176,6710952.93925814
339,2711,Pseudechis porphyricaus,Logistic_multi_no_coords,random,False,0,0.008783891102847793,-50204.0063193176,6710952.93925814
339,2712,Saltuarius swaini,Logistic_multi_no_coords,random,False,0,0.006349636368396325,-50204.0063193176,6710952.93925814
352,2809,Cacophis kreftii,Logistic_multi_no_coords,random,False,0,0.026014718974587174,-161130.645593128,6697139.33525593
352,2810,Calyptotis scutirostrum,Logistic_multi_no_coords,random,False,0,0.05104563906341843,-161130.645593128,6697139.33525593
352,2811,Coeranoscincus reticulatus,Logistic_multi_no_coords,random,False,0,0.13093328105682836,-161130.645593128,6697139.33525593
352,2812,Egernia mcpheei,Logistic_multi_no_coords,random,False,0,0.014563245352906802,-161130.645593128,6697139.33525593
352,2813,Eulamprus murrayi,Logistic_multi_no_coords,random,False,0,0.005047899354470754,-161130.645593128,6697139.33525593
352,2814,Ophioscincus truncatus,Logistic_multi_no_coords,random,False,0,0.1375834063938407,-161130.645593128,6697139.33525593
352,2815,Pseudechis porphyricaus,Logistic_multi_no_coords,random,False,0,0.016663380940816246,-161130.645593128,6697139.33525593
352,2816,Saltuarius swaini,Logistic_multi_no_coords,random,False,0,0.01207210010912868,-161130.645593128,6697139.33525593
354,2825,Cacophis kreftii,Logistic_multi_no_coords,random,False,0,0.021728142541358058,-54397.1023715114,6702694.88150925
354,2826,Calyptotis scutirostrum,Logistic_multi_no_coords,random,False,0,0.04281590136084889,-54397.1023715114,6702694.88150925
354,2827,Coeranoscincus reticulatus,Logistic_multi_no_coords,random,False,0,0.11133490686162001,-54397.1023715114,6702694.88150925
354,2828,Egernia mcpheei,Logistic_multi_no_coords,random,False,0,0.012140066833076802,-54397.1023715114,6702694.88150925
354,2829,Eulamprus murrayi,Logistic_multi_no_coords,random,False,0,0.0042012294042508055,-54397.1023715114,6702694.88150925
354,2830,Ophioscincus truncatus,Logistic_multi_no_coords,random,False,0,0.11712377752192056,-54397.1023715114,6702694.88150925
354,2831,Pseudechis porphyricaus,Logistic_multi_no_coords,random,False,1,0.01389568833394233,-54397.1023715114,6702694.88150925
354,2832,Saltuarius swaini,Logistic_multi_no_coords,random,False,0,0.01005919209628951,-54397.1023715114,6702694.88150925
369,2945,Cacophis kreftii,Logistic_multi_no_coords,random,False,0,0.031689174677149046,-115761.593020762,6695476.19653521
369,2946,Calyptotis scutirostrum,Logistic_multi_no_coords,random,False,0,0.06183334065110938,-115761.593020762,6695476.19653521
369,2947,Coeranoscincus reticulatus,Logistic_multi_no_coords,random,False,0,0.1558315666064834,-115761.593020762,6695476.19653521
369,2948,Egernia mcpheei,Logistic_multi_no_coords,random,False,0,0.017785462527927173,-115761.593020762,6695476.19653521
369,2949,Eulamprus murrayi,Logistic_multi_no_coords,random,False,0,0.006177980388910776,-115761.593020762,6695476.19653521
369,2950,Ophioscincus truncatus,Logistic_multi_no_coords,random,False,0,0.16350835762986476,-115761.593020762,6695476.19653521
369,2951,Pseudechis porphyricaus,Logistic_multi_no_coords,random,False,0,0.020340676042464294,-115761.593020762,6695476.19653521
369,2952,Saltuarius swaini,Logistic_multi_no_coords,random,False,0,0.014751385310203072,-115761.593020762,6695476.19653521
372,2969,Cacophis kreftii,Logistic_multi_no_coords,random,False,0,0.01768252024271742,-51958.1449948344,6698406.00349235
372,2970,Calyptotis scutirostrum,Logistic_multi_no_coords,random,False,0,0.03498430440646287,-51958.1449948344,6698406.00349235
372,2971,Coeranoscincus reticulatus,Logistic_multi_no_coords,random,False,0,0.09217721023449175,-51958.1449948344,6698406.00349235
372,2972,Egernia mcpheei,Logistic_multi_no_coords,random,False,0,0.009861678187045718,-51958.1449948344,6698406.00349235
372,2973,Eulamprus murrayi,Logistic_multi_no_coords,random,False,0,0.0034076236326359083,-51958.1449948344,6698406.00349235
372,2974,Ophioscincus truncatus,Logistic_multi_no_coords,random,False,0,0.09707879017884292,-51958.1449948344,6698406.00349235
372,2975,Pseudechis porphyricaus,Logistic_multi_no_coords,random,False,0,0.011291579335063709,-51958.1449948344,6698406.00349235
372,2976,Saltuarius swaini,Logistic_multi_no_coords,random,False,0,0.008168102813594303,-51958.1449948344,6698406.00349235
379,3025,Cacophis kreftii,Logistic_multi_no_coords,random,False,0,0.024927237460023254,-170997.113124586,6685555.44783591
379,3026,Calyptotis scutirostrum,Logistic_multi_no_coords,random,False,0,0.04896440398516372,-170997.113124586,6685555.44783591
379,3027,Coeranoscincus reticulatus,Logistic_multi_no_coords,random,False,0,0.1260274389281332,-170997.113124586,6685555.44783591
379,3028,Egernia mcpheei,Logistic_multi_no_coords,random,False,0,0.01394760953956514,-170997.113124586,6685555.44783591
379,3029,Eulamprus murrayi,Logistic_multi_no_coords,random,False,0,0.004832535618847346,-170997.113124586,6685555.44783591
379,3030,Ophioscincus truncatus,Logistic_multi_no_coords,random,False,0,0.13246637485043813,-170997.113124586,6685555.44783591
379,3031,Pseudechis porphyricaus,Logistic_multi_no_coords,random,False,0,0.015960403454306295,-170997.113124586,6685555.44783591
379,3032,Saltuarius swaini,Logistic_multi_no_coords,random,False,0,0.011560537700545171,-170997.113124586,6685555.44783591
380,3033,Cacophis kreftii,Logistic_multi_no_coords,random,False,0,0.02340043470587343,-171751.567168655,6684505.22516541
380,3034,Calyptotis scutirostrum,Logistic_multi_no_coords,random,False,0,0.046034824736934904,-171751.567168655,6684505.22516541
380,3035,Coeranoscincus reticulatus,Logistic_multi_no_coords,random,False,0,0.1190643562738253,-171751.567168655,6684505.22516541
380,3036,Egernia mcpheei,Logistic_multi_no_coords,random,False,0,0.013084288945699473,-171751.567168655,6684505.22516541
380,3037,Eulamprus murrayi,Logistic_multi_no_coords,random,False,0,0.004530821843766815,-171751.567168655,6684505.22516541
380,3038,Ophioscincus truncatus,Logistic_multi_no_coords,random,False,0,0.12519850021556841,-171751.567168655,6684505.22516541
380,3039,Pseudechis porphyricaus,Logistic_multi_no_coords,random,False,0,0.014974388173563107,-171751.567168655,6684505.22516541
380,3040,Saltuarius swaini,Logistic_multi_no_coords,random,False,0,0.010843345812992893,-171751.567168655,6684505.22516541
381,3041,Cacophis kreftii,Logistic_multi_no_coords,random,False,0,0.023337284393826735,-170101.851938007,6683790.0457837
381,3042,Calyptotis scutirostrum,Logistic_multi_no_coords,random,False,0,0.04591346315509003,-170101.851938007,6683790.0457837
381,3043,Coeranoscincus reticulatus,Logistic_multi_no_coords,random,False,0,0.11877443784552227,-170101.851938007,6683790.0457837
381,3044,Egernia mcpheei,Logistic_multi_no_coords,random,False,0,0.013048606644269536,-170101.851938007,6683790.0457837
381,3045,Eulamprus murrayi,Logistic_multi_no_coords,random,False,0,0.004518358998370581,-170101.851938007,6683790.0457837
381,3046,Ophioscincus truncatus,Logistic_multi_no_coords,random,False,1,0.12489576295282127,-170101.851938007,6683790.0457837
381,3047,Pseudechis porphyricaus,Logistic_multi_no_coords,random,False,0,0.014933629358787635,-170101.851938007,6683790.0457837
381,3048,Saltuarius swaini,Logistic_multi_no_coords,random,False,0,0.010813707849095173,-170101.851938007,6683790.0457837
384,3065,Cacophis kreftii,Logistic_multi_no_coords,random,False,0,0.034668790960697575,-153569.490242912,6679419.46406309
384,3066,Calyptotis scutirostrum,Logistic_multi_no_coords,random,False,0,0.06744986908041292,-153569.490242912,6679419.46406309
384,3067,Coeranoscincus reticulatus,Logistic_multi_no_coords,random,False,0,0.1684531895590824,-153569.490242912,6679419.46406309
384,3068,Egernia mcpheei,Logistic_multi_no_coords,random,False,0,0.01948406941843964,-153569.490242912,6679419.46406309
384,3069,Eulamprus murrayi,Logistic_multi_no_coords,random,False,0,0.006775657939534826,-153569.490242912,6679419.46406309
384,3070,Ophioscincus truncatus,Logistic_multi_no_coords,random,False,0,0.17662167136791823,-153569.490242912,6679419.46406309
384,3071,Pseudechis porphyricaus,Logistic_multi_no_coords,random,False,0,0.02227778446629317,-153569.490242912,6679419.46406309
384,3072,Saltuarius swaini,Logistic_multi_no_coords,random,False,0,0.01616499054011441,-153569.490242912,6679419.46406309
394,3145,Cacophis kreftii,Logistic_multi_no_coords,random,False,0,0.03560436335782379,-157694.599141127,6669935.38089694
394,3146,Calyptotis scutirostrum,Logistic_multi_no_coords,random,False,0,0.06920665098466086,-157694.599141127,6669935.38089694
394,3147,Coeranoscincus reticulatus,Logistic_multi_no_coords,random,False,0,0.17235446918498684,-157694.599141127,6669935.38089694
394,3148,Egernia mcpheei,Logistic_multi_no_coords,random,False,0,0.020018364372208688,-157694.599141127,6669935.38089694
394,3149,Eulamprus murrayi,Logistic_multi_no_coords,random,False,0,0.006963936106282053,-157694.599141127,6669935.38089694
394,3150,Ophioscincus truncatus,Logistic_multi_no_coords,random,False,0,0.18067102560457562,-157694.599141127,6669935.38089694
394,3151,Pseudechis porphyricaus,Logistic_multi_no_coords,random,False,0,0.022886900876900845,-157694.599141127,6669935.38089694
394,3152,Saltuarius swaini,Logistic_multi_no_coords,random,False,0,0.016609811038994126,-157694.599141127,6669935.38089694
395,3153,Cacophis kreftii,Logistic_multi_no_coords,random,False,0,0.03353978363663853,-156289.421979757,6670007.80018539
395,3154,Calyptotis scutirostrum,Logistic_multi_no_coords,random,False,0,0.06532557052273932,-156289.421979757,6670007.80018539
395,3155,Coeranoscincus reticulatus,Logistic_multi_no_coords,random,False,0,0.16370626682760736,-156289.421979757,6670007.80018539
395,3156,Egernia mcpheei,Logistic_multi_no_coords,random,False,0,0.018839909609489537,-156289.421979757,6670007.80018539
395,3157,Eulamprus murrayi,Logistic_multi_no_coords,random,False,0,0.006548842781689169,-156289.421979757,6670007.80018539
395,3158,Ophioscincus truncatus,Logistic_multi_no_coords,random,False,0,0.1716920918154395,-156289.421979757,6670007.80018539
395,3159,Pseudechis porphyricaus,Logistic_multi_no_coords,random,False,0,0.021543291409436015,-156289.421979757,6670007.80018539
395,3160,Saltuarius swaini,Logistic_multi_no_coords,random,False,0,0.015628813232569802,-156289.421979757,6670007.80018539
396,3161,Cacophis kreftii,Logistic_multi_no_coords,random,False,0,0.024180284632291053,-122906.583332893,6670557.67612587
396,3162,Calyptotis scutirostrum,Logistic_multi_no_coords,random,False,0,0.047532281464283115,-122906.583332893,6670557.67612587
396,3163,Coeranoscincus reticulatus,Logistic_multi_no_coords,random,False,1,0.12263199674786367,-122906.583332893,6670557.67612587
396,3164,Egernia mcpheei,Logistic_multi_no_coords,random,False,0,0.013525101228403336,-122906.583332893,6670557.67612587
396,3165,Eulamprus murrayi,Logistic_multi_no_coords,random,False,0,0.004684834045375548,-122906.583332893,6670557.67612587
396,3166,Ophioscincus truncatus,Logistic_multi_no_coords,random,False,0,0.1289230447602988,-122906.583332893,6670557.67612587
396,3167,Pseudechis porphyricaus,Logistic_multi_no_coords,random,False,0,0.015477879608726111,-122906.583332893,6670557.67612587
396,3168,Saltuarius swaini,Logistic_multi_no_coords,random,False,0,0.01120951779237825,-122906.583332893,6670557.67612587
400,3193,Cacophis kreftii,Logistic_multi_no_coords,random,False,0,0.03777668691390905,-125067.694169073,6669443.0445974
400,3194,Calyptotis scutirostrum,Logistic_multi_no_coords,random,False,0,0.07327337673268583,-125067.694169073,6669443.0445974
400,3195,Coeranoscincus reticulatus,Logistic_multi_no_coords,random,False,1,0.1813017653923996,-125067.694169073,6669443.0445974
400,3196,Egernia mcpheei,Logistic_multi_no_coords,random,False,0,0.021260705968630396,-125067.694169073,6669443.0445974
400,3197,Eulamprus murrayi,Logistic_multi_no_coords,random,False,0,0.0074022381357335245,-125067.694169073,6669443.0445974
400,3198,Ophioscincus truncatus,Logistic_multi_no_coords,random,False,0,0.18995096692286234,-125067.694169073,6669443.0445974
400,3199,Pseudechis porphyricaus,Logistic_multi_no_coords,random,False,0,0.024302849310985655,-125067.694169073,6669443.0445974
400,3200,Saltuarius swaini,Logistic_multi_no_coords,random,False,0,0.017644426150804887,-125067.694169073,6669443.0445974
403,3217,Cacophis kreftii,Logistic_multi_no_coords,random,False,0,0.028985814674821107,-58257.6048943475,6672743.96684541
403,3218,Calyptotis scutirostrum,Logistic_multi_no_coords,random,False,0,0.056709026221187654,-58257.6048943475,6672743.96684541
403,3219,Coeranoscincus reticulatus,Logistic_multi_no_coords,random,False,0,0.14411396418115113,-58257.6048943475,6672743.96684541
403,3220,Egernia mcpheei,Logistic_multi_no_coords,random,False,0,0.016248306197259428,-58257.6048943475,6672743.96684541
403,3221,Eulamprus murrayi,Logistic_multi_no_coords,random,False,0,0.005638273071558032,-58257.6048943475,6672743.96684541
403,3222,Ophioscincus truncatus,Logistic_multi_no_coords,random,False,0,0.15131697810436373,-58257.6048943475,6672743.96684541
403,3223,Pseudechis porphyricaus,Logistic_multi_no_coords,random,False,0,0.01858685759662119,-58257.6048943475,6672743.96684541
403,3224,Saltuarius swaini,Logistic_multi_no_coords,random,False,0,0.013472860307768553,-58257.6048943475,6672743.96684541
407,3249,Cacophis kreftii,Logistic_multi_no_coords,random,False,0,0.03704981424167964,-125225.02885331,6668620.03383924
407,3250,Calyptotis scutirostrum,Logistic_multi_no_coords,random,False,0,0.07191454767813624,-125225.02885331,6668620.03383924
407,3251,Coeranoscincus reticulatus,Logistic_multi_no_coords,random,False,0,0.1783250815057299,-125225.02885331,6668620.03383924
407,3252,Egernia mcpheei,Logistic_multi_no_coords,random,False,0,0.02084473799297474,-125225.02885331,6668620.03383924
407,3253,Eulamprus murrayi,Logistic_multi_no_coords,random,False,0,0.007255402577708661,-125225.02885331,6668620.03383924
407,3254,Ophioscincus truncatus,Logistic_multi_no_coords,random,False,0,0.18686468935222977,-125225.02885331,6668620.03383924
407,3255,Pseudechis porphyricaus,Logistic_multi_no_coords,random,False,0,0.023828810573214426,-125225.02885331,6668620.03383924
407,3256,Saltuarius swaini,Logistic_multi_no_coords,random,False,0,0.01729796060809331,-125225.02885331,6668620.03383924
413,3297,Cacophis kreftii,Logistic_multi_no_coords,random,False,0,0.024287113021870154,-120072.988069293,6666279.06080417
413,3298,Calyptotis scutirostrum,Logistic_multi_no_coords,random,False,0,0.04773723182939965,-120072.988069293,6666279.06080417
413,3299,Coeranoscincus reticulatus,Logistic_multi_no_coords,random,False,1,0.12311890567613348,-120072.988069293,6666279.06080417
413,3300,Egernia mcpheei,Logistic_multi_no_coords,random,False,0,0.013585510444342794,-120072.988069293,6666279.06080417
413,3301,Eulamprus murrayi,Logistic_multi_no_coords,random,False,0,0.0047059469921061255,-120072.988069293,6666279.06080417
413,3302,Ophioscincus truncatus,Logistic_multi_no_coords,random,False,0,0.12943124733420402,-120072.988069293,6666279.06080417
413,3303,Pseudechis porphyricaus,Logistic_multi_no_coords,random,False,1,0.015546873356807454,-120072.988069293,6666279.06080417
413,3304,Saltuarius swaini,Logistic_multi_no_coords,random,False,0,0.011259702615417881,-120072.988069293,6666279.06080417
415,3313,Cacophis kreftii,Logistic_multi_no_coords,random,False,0,0.026802309683185983,-178654.150282374,6662593.67423277
415,3314,Calyptotis scutirostrum,Logistic_multi_no_coords,random,False,0,0.05255014966559659,-178654.150282374,6662593.67423277
415,3315,Coeranoscincus reticulatus,Logistic_multi_no_coords,random,False,0,0.1344587605410502,-178654.150282374,6662593.67423277
415,3316,Egernia mcpheei,Logistic_multi_no_coords,random,False,0,0.015009487502912061,-178654.150282374,6662593.67423277
415,3317,Eulamprus murrayi,Logistic_multi_no_coords,random,False,0,0.005204115185342918,-178654.150282374,6662593.67423277
415,3318,Ophioscincus truncatus,Logistic_multi_no_coords,random,False,0,0.1412588411037007,-178654.150282374,6662593.67423277
415,3319,Pseudechis porphyricaus,Logistic_multi_no_coords,random,False,0,0.01717285331794047,-178654.150282374,6662593.67423277
415,3320,Saltuarius swaini,Logistic_multi_no_coords,random,False,0,0.012442973254359894,-178654.150282374,6662593.67423277
420,3353,Cacophis kreftii,Logistic_multi_no_coords,random,False,0,0.04130791082687305,-125379.598774365,6663983.11844257
420,3354,Calyptotis scutirostrum,Logistic_multi_no_coords,random,False,0,0.07984735600892941,-125379.598774365,6663983.11844257
420,3355,Coeranoscincus reticulatus,Logistic_multi_no_coords,random,False,1,0.19552301963892885,-125379.598774365,6663983.11844257
420,3356,Egernia mcpheei,Logistic_multi_no_coords,random,False,0,0.023285438171408924,-125379.598774365,6663983.11844257
420,3357,Eulamprus murrayi,Logistic_multi_no_coords,random,False,0,0.008118126415765627,-125379.598774365,6663983.11844257
420,3358,Ophioscincus truncatus,Logistic_multi_no_coords,random,False,0,0.2046810463073076,-125379.598774365,6663983.11844257
420,3359,Pseudechis porphyricaus,Logistic_multi_no_coords,random,False,0,0.02660941899588913,-125379.598774365,6663983.11844257
420,3360,Saltuarius swaini,Logistic_multi_no_coords,random,False,0,0.019331569481315217,-125379.598774365,6663983.11844257
422,3369,Cacophis kreftii,Logistic_multi_no_coords,random,False,0,0.035672285519846705,-125514.62268173,6662771.00533564
422,3370,Calyptotis scutirostrum,Logistic_multi_no_coords,random,False,0,0.06933406736948908,-125514.62268173,6662771.00533564
422,3371,Coeranoscincus reticulatus,Logistic_multi_no_coords,random,False,1,0.17263656880372602,-125514.62268173,6662771.00533564
422,3372,Egernia mcpheei,Logistic_multi_no_coords,random,False,0,0.02005717163015572,-125514.62268173,6662771.00533564
422,3373,Eulamprus murrayi,Logistic_multi_no_coords,random,False,0,0.006977616463705846,-125514.62268173,6662771.00533564
422,3374,Ophioscincus truncatus,Logistic_multi_no_coords,random,False,0,0.18096376101278308,-125514.62268173,6662771.00533564
422,3375,Pseudechis porphyricaus,Logistic_multi_no_coords,random,False,0,0.022931138908022113,-125514.62268173,6662771.00533564
422,3376,Saltuarius swaini,Logistic_multi_no_coords,random,False,0,0.01664212274742596,-125514.62268173,6662771.00533564
427,3409,Cacophis kreftii,Logistic_multi_no_coords,random,False,0,0.03748270277348036,-128408.296244871,6660409.13008774
427,3410,Calyptotis scutirostrum,Logistic_multi_no_coords,random,False,0,0.07272402980001051,-128408.296244871,6660409.13008774
427,3411,Coeranoscincus reticulatus,Logistic_multi_no_coords,random,False,1,0.18009990378325094,-128408.296244871,6660409.13008774
427,3412,Egernia mcpheei,Logistic_multi_no_coords,random,False,0,0.02109243435522822,-128408.296244871,6660409.13008774
427,3413,Eulamprus murrayi,Logistic_multi_no_coords,random,False,0,0.007342828918618245,-128408.296244871,6660409.13008774
427,3414,Ophioscincus truncatus,Logistic_multi_no_coords,random,False,0,0.1887049848073064,-128408.296244871,6660409.13008774
427,3415,Pseudechis porphyricaus,Logistic_multi_no_coords,random,False,0,0.024111093264195978,-128408.296244871,6660409.13008774
427,3416,Saltuarius swaini,Logistic_multi_no_coords,random,False,0,0.01750426433831337,-128408.296244871,6660409.13008774
447,3569,Cacophis kreftii,Logistic_multi_no_coords,random,False,0,0.024675118212452763,-134779.996572383,6651420.87222455
447,3570,Calyptotis scutirostrum,Logistic_multi_no_coords,random,False,0,0.048481255782620566,-134779.996572383,6651420.87222455
447,3571,Coeranoscincus reticulatus,Logistic_multi_no_coords,random,False,0,0.12488373552325584,-134779.996572383,6651420.87222455
447,3572,Egernia mcpheei,Logistic_multi_no_coords,random,False,0,0.013804968288614387,-134779.996572383,6651420.87222455
447,3573,Eulamprus murrayi,Logistic_multi_no_coords,random,False,0,0.004782661464487356,-134779.996572383,6651420.87222455
447,3574,Ophioscincus truncatus,Logistic_multi_no_coords,random,False,0,0.1312730147555587,-134779.996572383,6651420.87222455
447,3575,Pseudechis porphyricaus,Logistic_multi_no_coords,random,False,0,0.015797507284126603,-134779.996572383,6651420.87222455
447,3576,Saltuarius swaini,Logistic_multi_no_coords,random,False,0,0.01144202559179105,-134779.996572383,6651420.87222455
449,3585,Cacophis kreftii,Logistic_multi_no_coords,random,False,0,0.01880343135475822,-135559.130529282,6650974.17840999
449,3586,Calyptotis scutirostrum,Logistic_multi_no_coords,random,False,0,0.03716050102578218,-135559.130529282,6650974.17840999
449,3587,Coeranoscincus reticulatus,Logistic_multi_no_coords,random,False,0,0.09755144954721227,-135559.130529282,6650974.17840999
449,3588,Egernia mcpheei,Logistic_multi_no_coords,random,False,0,0.010492114289824767,-135559.130529282,6650974.17840999
449,3589,Eulamprus murrayi,Logistic_multi_no_coords,random,False,0,0.003626977134306927,-135559.130529282,6650974.17840999
449,3590,Ophioscincus truncatus,Logistic_multi_no_coords,random,False,1,0.10270647644627469,-135559.130529282,6650974.17840999
449,3591,Pseudechis porphyricaus,Logistic_multi_no_coords,random,False,0,0.012012316986838453,-135559.130529282,6650974.17840999
449,3592,Saltuarius swaini,Logistic_multi_no_coords,random,False,0,0.008691222588037156,-135559.130529282,6650974.17840999
450,3593,Cacophis kreftii,Logistic_multi_no_coords,random,False,0,0.025981176927108395,-65340.5697630112,6654471.79599168
450,3594,Calyptotis scutirostrum,Logistic_multi_no_coords,random,False,0,0.050981512731461585,-65340.5697630112,6654471.79599168
450,3595,Coeranoscincus reticulatus,Logistic_multi_no_coords,random,False,0,0.13078262675752433,-65340.5697630112,6654471.79599168
450,3596,Egernia mcpheei,Logistic_multi_no_coords,random,False,0,0.01454424776879629,-65340.5697630112,6654471.79599168
450,3597,Eulamprus murrayi,Logistic_multi_no_coords,random,False,0,0.0050412509284064955,-65340.5697630112,6654471.79599168
450,3598,Ophioscincus truncatus,Logistic_multi_no_coords,random,False,0,0.13742631031474986,-65340.5697630112,6654471.79599168
450,3599,Pseudechis porphyricaus,Logistic_multi_no_coords,random,False,0,0.016641690019656437,-65340.5697630112,6654471.79599168
450,3600,Saltuarius swaini,Logistic_multi_no_coords,random,False,0,0.012056312436959885,-65340.5697630112,6654471.79599168
458,3657,Cacophis kreftii,Logistic_multi_no_coords,random,False,0,0.024569560262379053,-133451.630563193,6649077.13745528
458,3658,Calyptotis scutirostrum,Logistic_multi_no_coords,random,False,0,0.04827889844322769,-133451.630563193,6649077.13745528
458,3659,Coeranoscincus reticulatus,Logistic_multi_no_coords,random,False,0,0.12440417329960912,-133451.630563193,6649077.13745528
458,3660,Egernia mcpheei,Logistic_multi_no_coords,random,False,0,0.013745256522063206,-133451.630563193,6649077.13745528
458,3661,Eulamprus murrayi,Logistic_multi_no_coords,random,False,0,0.004761786195250176,-133451.630563193,6649077.13745528
458,3662,Ophioscincus truncatus,Logistic_multi_no_coords,random,False,0,0.13077258367298403,-133451.630563193,6649077.13745528
458,3663,Pseudechis porphyricaus,Logistic_multi_no_coords,random,False,0,0.015729314485145935,-133451.630563193,6649077.13745528
458,3664,Saltuarius swaini,Logistic_multi_no_coords,random,False,0,0.011392416388338508,-133451.630563193,6649077.13745528
461,3681,Cacophis kreftii,Logistic_multi_no_coords,random,False,0,0.03687166226100117,-132111.524830825,6646522.10607269
461,3682,Calyptotis scutirostrum,Logistic_multi_no_coords,random,False,0,0.07158121251243833,-132111.524830825,6646522.10607269
461,3683,Coeranoscincus reticulatus,Logistic_multi_no_coords,random,False,0,0.17759289833521452,-132111.524830825,6646522.10607269
461,3684,Egernia mcpheei,Logistic_multi_no_coords,random,False,0,0.020742828730058536,-132111.524830825,6646522.10607269
461,3685,Eulamprus murrayi,Logistic_multi_no_coords,random,False,0,0.007219441289716337,-132111.524830825,6646522.10607269
461,3686,Ophioscincus truncatus,Logistic_multi_no_coords,random,False,0,0.18610538502057636,-132111.524830825,6646522.10607269
461,3687,Pseudechis porphyricaus,Logistic_multi_no_coords,random,False,0,0.02371266558368135,-132111.524830825,6646522.10607269
461,3688,Saltuarius swaini,Logistic_multi_no_coords,random,False,0,0.01721308659687255,-132111.524830825,6646522.10607269
462,3689,Cacophis kreftii,Logistic_multi_no_coords,random,False,0,0.032206952254914364,-129873.482679348,6646037.61836241
462,3690,Calyptotis scutirostrum,Logistic_multi_no_coords,random,False,0,0.06281170221107003,-129873.482679348,6646037.61836241
462,3691,Coeranoscincus reticulatus,Logistic_multi_no_coords,random,False,0,0.15804666626781447,-129873.482679348,6646037.61836241
462,3692,Egernia mcpheei,Logistic_multi_no_coords,random,False,0,0.01808030561367107,-129873.482679348,6646037.61836241
462,3693,Eulamprus murrayi,Logistic_multi_no_coords,random,False,0,0.006281628086115565,-129873.482679348,6646037.61836241
462,3694,Ophioscincus truncatus,Logistic_multi_no_coords,random,False,1,0.16581114665891328,-129873.482679348,6646037.61836241
462,3695,Pseudechis porphyricaus,Logistic_multi_no_coords,random,False,0,0.0206769871073174,-129873.482679348,6646037.61836241
462,3696,Saltuarius swaini,Logistic_multi_no_coords,random,False,0,0.01499669816492931,-129873.482679348,6646037.61836241
463,3697,Cacophis kreftii,Logistic_multi_no_coords,random,False,0,0.03525754516929011,-130606.171632184,6644790.80822609
463,3698,Calyptotis scutirostrum,Logistic_multi_no_coords,random,False,0,0.06855578446242419,-130606.171632184,6644790.80822609
463,3699,Coeranoscincus reticulatus,Logistic_multi_no_coords,random,False,0,0.17091165431386068,-130606.171632184,6644790.80822609
463,3700,Egernia mcpheei,Logistic_multi_no_coords,random,False,0,0.01982024745233184,-130606.171632184,6644790.80822609
463,3701,Eulamprus murrayi,Logistic_multi_no_coords,random,False,0,0.006894106822571209,-130606.171632184,6644790.80822609
463,3702,Ophioscincus truncatus,Logistic_multi_no_coords,random,False,0,0.1791736627920997,-130606.171632184,6644790.80822609
463,3703,Pseudechis porphyricaus,Logistic_multi_no_coords,random,False,0,0.022661051214575748,-130606.171632184,6644790.80822609
463,3704,Saltuarius swaini,Logistic_multi_no_coords,random,False,0,0.01644486167184839,-130606.171632184,6644790.80822609
464,3705,Cacophis kreftii,Logistic_multi_no_coords,random,False,0,0.017312948767467064,-62036.5636510338,6645195.69882671
464,3706,Calyptotis scutirostrum,Logistic_multi_no_coords,random,False,0,0.034265733000921186,-62036.5636510338,6645195.69882671
464,3707,Coeranoscincus reticulatus,Logistic_multi_no_coords,random,False,0,0.09039394497564121,-62036.5636510338,6645195.69882671
464,3708,Egernia mcpheei,Logistic_multi_no_coords,random,False,0,0.00965395889092981,-62036.5636510338,6645195.69882671
464,3709,Eulamprus murrayi,Logistic_multi_no_coords,random,False,0,0.003335389958581755,-62036.5636510338,6645195.69882671
464,3710,Ophioscincus truncatus,Logistic_multi_no_coords,random,False,0,0.09521064387696951,-62036.5636510338,6645195.69882671
464,3711,Pseudechis porphyricaus,Logistic_multi_no_coords,random,False,0,0.011054077876855535,-62036.5636510338,6645195.69882671
464,3712,Saltuarius swaini,Logistic_multi_no_coords,random,False,0,0.007995767703120231,-62036.5636510338,6645195.69882671
475,3793,Cacophis kreftii,Logistic_multi_no_coords,random,False,0,0.025767385562639748,-103178.812815837,6605812.65044331
475,3794,Calyptotis scutirostrum,Logistic_multi_no_coords,random,False,0,0.050572682393898526,-103178.812815837,6605812.65044331
475,3795,Coeranoscincus reticulatus,Logistic_multi_no_coords,random,False,0,0.12982139717020622,-103178.812815837,6605812.65044331
475,3796,Egernia mcpheei,Logistic_multi_no_coords,random,False,0,0.014423173899458096,-103178.812815837,6605812.65044331
475,3797,Eulamprus murrayi,Logistic_multi_no_coords,random,False,1,0.004998883650911615,-103178.812815837,6605812.65044331
475,3798,Ophioscincus truncatus,Logistic_multi_no_coords,random,False,0,0.1364239146772915,-103178.812815837,6605812.65044331
475,3799,Pseudechis porphyricaus,Logistic_multi_no_coords,random,False,0,0.016503448358406284,-103178.812815837,6605812.65044331
475,3800,Saltuarius swaini,Logistic_multi_no_coords,random,False,0,0.011955698165631199,-103178.812815837,6605812.65044331
480,3833,Cacophis kreftii,Logistic_multi_no_coords,random,False,0,0.018278745360938414,-139787.964672713,6601638.98677139
480,3834,Calyptotis scutirostrum,Logistic_multi_no_coords,random,False,0,0.036142452259773764,-139787.964672713,6601638.98677139
480,3835,Coeranoscincus reticulatus,Logistic_multi_no_coords,random,False,0,0.09504224421398505,-139787.964672713,6601638.98677139
480,3836,Egernia mcpheei,Logistic_multi_no_coords,random,False,0,0.010196934937544366,-139787.964672713,6601638.98677139
480,3837,Eulamprus murrayi,Logistic_multi_no_coords,random,False,0,0.00352424987055119,-139787.964672713,6601638.98677139
480,3838,Ophioscincus truncatus,Logistic_multi_no_coords,random,False,0,0.10007937888027613,-139787.964672713,6601638.98677139
480,3839,Pseudechis porphyricaus,Logistic_multi_no_coords,random,False,0,0.011674873702749602,-139787.964672713,6601638.98677139
480,3840,Saltuarius swaini,Logistic_multi_no_coords,random,False,0,0.008446276058304893,-139787.964672713,6601638.98677139
481,3841,Cacophis kreftii,Logistic_multi_no_coords,random,False,0,0.03411858041946969,-140574.776964781,6601391.4036645
481,3842,Calyptotis scutirostrum,Logistic_multi_no_coords,random,False,0,0.06641520045139157,-140574.776964781,6601391.4036645
481,3843,Coeranoscincus reticulatus,Logistic_multi_no_coords,random,False,0,0.16614518811470355,-140574.776964781,6601391.4036645
481,3844,Egernia mcpheei,Logistic_multi_no_coords,random,False,0,0.019170062092785364,-140574.776964781,6601391.4036645
481,3845,Eulamprus murrayi,Logistic_multi_no_coords,random,False,0,0.006665068519711321,-140574.776964781,6601391.4036645
481,3846,Ophioscincus truncatus,Logistic_multi_no_coords,random,False,0,0.17422520127526536,-140574.776964781,6601391.4036645
481,3847,Pseudechis porphyricaus,Logistic_multi_no_coords,random,False,0,0.02191975985533522,-140574.776964781,6601391.4036645
481,3848,Saltuarius swaini,Logistic_multi_no_coords,random,False,0,0.01590360624286888,-140574.776964781,6601391.4036645
488,3897,Cacophis kreftii,Logistic_multi_no_coords,random,False,0,0.033139945318857784,-141193.546516212,6594113.16970331
488,3898,Calyptotis scutirostrum,Logistic_multi_no_coords,random,False,0,0.06457212118152719,-141193.546516212,6594113.16970331
488,3899,Coeranoscincus reticulatus,Logistic_multi_no_coords,random,False,0,0.16201480505249086,-141193.546516212,6594113.16970331
488,3900,Egernia mcpheei,Logistic_multi_no_coords,random,False,0,0.01861193833753078,-141193.546516212,6594113.16970331
488,3901,Eulamprus murrayi,Logistic_multi_no_coords,random,False,0,0.006468618342341992,-141193.546516212,6594113.16970331
488,3902,Ophioscincus truncatus,Logistic_multi_no_coords,random,False,1,0.16993488454558708,-141193.546516212,6594113.16970331
488,3903,Pseudechis porphyricaus,Logistic_multi_no_coords,random,False,0,0.021283317608362117,-141193.546516212,6594113.16970331
488,3904,Saltuarius swaini,Logistic_multi_no_coords,random,False,0,0.015439086237238234,-141193.546516212,6594113.16970331
490,3913,Cacophis kreftii,Logistic_multi_no_coords,random,False,0,0.038878308564077584,-140157.01004317,6593561.29260029
490,3914,Calyptotis scutirostrum,Logistic_multi_no_coords,random,False,0,0.07532909509645523,-140157.01004317,6593561.29260029
490,3915,Coeranoscincus reticulatus,Logistic_multi_no_coords,random,False,0,0.185780688928232,-140157.01004317,6593561.29260029
490,3916,Egernia mcpheei,Logistic_multi_no_coords,random,False,0,0.021891655848452044,-140157.01004317,6593561.29260029
490,3917,Eulamprus murrayi,Logistic_multi_no_coords,random,False,0,0.00762511707547188,-140157.01004317,6593561.29260029
490,3918,Ophioscincus truncatus,Logistic_multi_no_coords,random,False,1,0.1945927757088298,-140157.01004317,6593561.29260029
490,3919,Pseudechis porphyricaus,Logistic_multi_no_coords,random,False,0,0.025021772229116356,-140157.01004317,6593561.29260029
490,3920,Saltuarius swaini,Logistic_multi_no_coords,random,False,0,0.018170048752476714,-140157.01004317,6593561.29260029
494,3945,Cacophis kreftii,Logistic_multi_no_coords,random,False,0,0.05399292481080986,-160099.441241579,6571357.13800851
494,3946,Calyptotis scutirostrum,Logistic_multi_no_coords,random,False,0,0.10309454990562804,-160099.441241579,6571357.13800851
494,3947,Coeranoscincus reticulatus,Logistic_multi_no_coords,random,False,0,0.24353504677845786,-160099.441241579,6571357.13800851
494,3948,Egernia mcpheei,Logistic_multi_no_coords,random,False,0,0.030612756341930284,-160099.441241579,6571357.13800851
494,3949,Eulamprus murrayi,Logistic_multi_no_coords,random,False,0,0.010725097033615714,-160099.441241579,6571357.13800851
494,3950,Ophioscincus truncatus,Logistic_multi_no_coords,random,False,0,0.25423121794388653,-160099.441241579,6571357.13800851
494,3951,Pseudechis porphyricaus,Logistic_multi_no_coords,random,False,0,0.03494528384043359,-160099.441241579,6571357.13800851
494,3952,Saltuarius swaini,Logistic_multi_no_coords,random,False,0,0.025447124210541003,-160099.441241579,6571357.13800851
499,3985,Cacophis kreftii,Logistic_multi_no_coords,random,False,0,0.024113608678469,-166874.918971174,6569986.45729551
499,3986,Calyptotis scutirostrum,Logistic_multi_no_coords,random,False,0,0.04740434161802048,-166874.918971174,6569986.45729551
499,3987,Coeranoscincus reticulatus,Logistic_multi_no_coords,random,False,0,0.12232787696579937,-166874.918971174,6569986.45729551
499,3988,Egernia mcpheei,Logistic_multi_no_coords,random,False,0,0.013487400327590226,-166874.918971174,6569986.45729551
499,3989,Eulamprus murrayi,Logistic_multi_no_coords,random,False,0,0.004671658483397353,-166874.918971174,6569986.45729551
499,3990,Ophioscincus truncatus,Logistic_multi_no_coords,random,False,0,0.12860561044021876,-166874.918971174,6569986.45729551
499,3991,Pseudechis porphyricaus,Logistic_multi_no_coords,random,False,0,0.015434820552854528,-166874.918971174,6569986.45729551
499,3992,Saltuarius swaini,Logistic_multi_no_coords,random,False,0,0.011178198385388515,-166874.918971174,6569986.45729551
507,4049,Cacophis kreftii,Logistic_multi_no_coords,random,False,0,0.02678609175416621,-144741.332783447,6566549.73714478
507,4050,Calyptotis scutirostrum,Logistic_multi_no_coords,random,False,0,0.052519192638569356,-144741.332783447,6566549.73714478
507,4051,Coeranoscincus reticulatus,Logistic_multi_no_coords,random,False,0,0.13438639562800875,-144741.332783447,6566549.73714478
507,4052,Egernia mcpheei,Logistic_multi_no_coords,random,False,0,0.01500029535865231,-144741.332783447,6566549.73714478
507,4053,Eulamprus murrayi,Logistic_multi_no_coords,random,False,0,0.005200896361917028,-144741.332783447,6566549.73714478
507,4054,Ophioscincus truncatus,Logistic_multi_no_coords,random,False,0,0.14118341339240698,-144741.332783447,6566549.73714478
507,4055,Pseudechis porphyricaus,Logistic_multi_no_coords,random,False,0,0.01716235936508598,-144741.332783447,6566549.73714478
507,4056,Saltuarius swaini,Logistic_multi_no_coords,random,False,0,0.012435333056977077,-144741.332783447,6566549.73714478
508,4057,Cacophis kreftii,Logistic_multi_no_coords,random,False,0,0.028686646157418207,-162480.687351114,6563171.45187532
508,4058,Calyptotis scutirostrum,Logistic_multi_no_coords,random,False,0,0.05614026409602235,-162480.687351114,6563171.45187532
508,4059,Coeranoscincus reticulatus,Logistic_multi_no_coords,random,False,0,0.14280128500922887,-162480.687351114,6563171.45187532
508,4060,Egernia mcpheei,Logistic_multi_no_coords,random,False,0,0.01607842723635153,-162480.687351114,6563171.45187532
508,4061,Eulamprus murrayi,Logistic_multi_no_coords,random,False,0,0.005578694848712051,-162480.687351114,6563171.45187532
508,4062,Ophioscincus truncatus,Logistic_multi_no_coords,random,False,0,0.1499501841294246,-162480.687351114,6563171.45187532
508,4063,Pseudechis porphyricaus,Logistic_multi_no_coords,random,False,0,0.018392985796350556,-162480.687351114,6563171.45187532
508,4064,Saltuarius swaini,Logistic_multi_no_coords,random,False,0,0.013331605889131803,-162480.687351114,6563171.45187532
510,4073,Cacophis kreftii,Logistic_multi_no_coords,random,False,0,0.023557250972008188,-146201.750488105,6563648.83716664
510,4074,Calyptotis scutirostrum,Logistic_multi_no_coords,random,False,0,0.04633612688218559,-146201.750488105,6563648.83716664
510,4075,Coeranoscincus reticulatus,Logistic_multi_no_coords,random,False,0,0.11978362571689705,-146201.750488105,6563648.83716664
510,4076,Egernia mcpheei,Logistic_multi_no_coords,random,False,0,0.013172904833017581,-146201.750488105,6563648.83716664
510,4077,Eulamprus murrayi,Logistic_multi_no_coords,random,False,0,0.004561775481678015,-146201.750488105,6563648.83716664
510,4078,Ophioscincus truncatus,Logistic_multi_no_coords,random,False,0,0.12594952805667056,-146201.750488105,6563648.83716664
510,4079,Pseudechis porphyricaus,Logistic_multi_no_coords,random,False,0,0.01507560958250578,-146201.750488105,6563648.83716664
510,4080,Saltuarius swaini,Logistic_multi_no_coords,random,False,0,0.010916952363524733,-146201.750488105,6563648.83716664
514,4105,Cacophis kreftii,Logistic_multi_no_coords,random,False,0,0.02096475611811098,-146089.648133388,6561646.84538545
514,4106,Calyptotis scutirostrum,Logistic_multi_no_coords,random,False,0,0.041342938247951794,-146089.648133388,6561646.84538545
514,4107,Coeranoscincus reticulatus,Logistic_multi_no_coords,random,False,0,0.10777013607876589,-146089.648133388,6561646.84538545
514,4108,Egernia mcpheei,Logistic_multi_no_coords,random,False,0,0.01170951127751748,-146089.648133388,6561646.84538545
514,4109,Eulamprus murrayi,Logistic_multi_no_coords,random,False,0,0.004051075382987951,-146089.648133388,6561646.84538545
514,4110,Ophioscincus truncatus,Logistic_multi_no_coords,random,False,0,0.11339730759437762,-146089.648133388,6561646.84538545
514,4111,Pseudechis porphyricaus,Logistic_multi_no_coords,random,False,0,0.013403713321521377,-146089.648133388,6561646.84538545
514,4112,Saltuarius swaini,Logistic_multi_no_coords,random,False,0,0.009701711367745326,-146089.648133388,6561646.84538545
525,4193,Cacophis kreftii,Logistic_multi_no_coords,random,False,0,0.0392756053861566,-118770.04691586,6551450.02671343
525,4194,Calyptotis scutirostrum,Logistic_multi_no_coords,random,False,0,0.07606940065716564,-118770.04691586,6551450.02671343
525,4195,Coeranoscincus reticulatus,Logistic_multi_no_coords,random,False,0,0.1873864965481426,-118770.04691586,6551450.02671343
525,4196,Egernia mcpheei,Logistic_multi_no_coords,random,False,0,0.02211936126952683,-118770.04691586,6551450.02671343
525,4197,Eulamprus murrayi,Logistic_multi_no_coords,random,False,0,0.007705598557992479,-118770.04691586,6551450.02671343
525,4198,Ophioscincus truncatus,Logistic_multi_no_coords,random,False,0,0.1962563919655449,-118770.04691586,6551450.02671343
525,4199,Pseudechis porphyricaus,Logistic_multi_no_coords,random,False,0,0.02528119394186461,-118770.04691586,6551450.02671343
525,4200,Saltuarius swaini,Logistic_multi_no_coords,random,False,0,0.018359770602692196,-118770.04691586,6551450.02671343
531,4241,Cacophis kreftii,Logistic_multi_no_coords,random,False,0,0.026312277920387914,-83551.8721662688,6536463.55059073
531,4242,Calyptotis scutirostrum,Logistic_multi_no_coords,random,False,0,0.05161433196386358,-83551.8721662688,6536463.55059073
531,4243,Coeranoscincus reticulatus,Logistic_multi_no_coords,random,False,0,0.13226793868859474,-83551.8721662688,6536463.55059073
531,4244,Egernia mcpheei,Logistic_multi_no_coords,random,False,0,0.014731802359549732,-83551.8721662688,6536463.55059073
531,4245,Eulamprus murrayi,Logistic_multi_no_coords,random,False,0,0.005106895180626813,-83551.8721662688,6536463.55059073
531,4246,Ophioscincus truncatus,Logistic_multi_no_coords,random,False,0,0.1389750114321646,-83551.8721662688,6536463.55059073
531,4247,Pseudechis porphyricaus,Logistic_multi_no_coords,random,False,0,0.016855829431859263,-83551.8721662688,6536463.55059073
531,4248,Saltuarius swaini,Logistic_multi_no_coords,random,False,0,0.012212181573537643,-83551.8721662688,6536463.55059073
533,4257,Cacophis kreftii,Logistic_multi_no_coords,random,False,0,0.02740246139546676,-128644.80040642,6533196.04348179
533,4258,Calyptotis scutirostrum,Logistic_multi_no_coords,random,False,0,0.05369503169882658,-128644.80040642,6533196.04348179
533,4259,Coeranoscincus reticulatus,Logistic_multi_no_coords,random,False,0,0.13712986090117504,-128644.80040642,6533196.04348179
533,4260,Egernia mcpheei,Logistic_multi_no_coords,random,False,0,0.015349741726806266,-128644.80040642,6533196.04348179
533,4261,Eulamprus murrayi,Logistic_multi_no_coords,random,False,0,0.005323290007404359,-128644.80040642,6533196.04348179
533,4262,Ophioscincus truncatus,Logistic_multi_no_coords,random,False,0,0.14404254782978942,-128644.80040642,6533196.04348179
533,4263,Pseudechis porphyricaus,Logistic_multi_no_coords,random,False,0,0.01756127511718957,-128644.80040642,6533196.04348179
533,4264,Saltuarius swaini,Logistic_multi_no_coords,random,False,0,0.012725798139144555,-128644.80040642,6533196.04348179
537,4289,Cacophis kreftii,Logistic_multi_no_coords,random,False,0,0.03941755773631242,-133101.696097477,6529938.31197594
537,4290,Calyptotis scutirostrum,Logistic_multi_no_coords,random,False,0,0.07633376940588087,-133101.696097477,6529938.31197594
537,4291,Coeranoscincus reticulatus,Logistic_multi_no_coords,random,False,0,0.1879590305548396,-133101.696097477,6529938.31197594
537,4292,Egernia mcpheei,Logistic_multi_no_coords,random,False,0,0.02220073933122164,-133101.696097477,6529938.31197594
537,4293,Eulamprus murrayi,Logistic_multi_no_coords,random,False,0,0.007734367201483266,-133101.696097477,6529938.31197594
537,4294,Ophioscincus truncatus,Logistic_multi_no_coords,random,False,1,0.1968494617797309,-133101.696097477,6529938.31197594
537,4295,Pseudechis porphyricaus,Logistic_multi_no_coords,random,False,0,0.025373902680326108,-133101.696097477,6529938.31197594
537,4296,Saltuarius swaini,Logistic_multi_no_coords,random,False,0,0.018427577621980763,-133101.696097477,6529938.31197594
545,4353,Cacophis kreftii,Logistic_multi_no_coords,random,False,0,0.02861032521253139,-114087.089464681,6528156.09858245
545,4354,Calyptotis scutirostrum,Logistic_multi_no_coords,random,False,0,0.05599511338325698,-114087.089464681,6528156.09858245
545,4355,Coeranoscincus reticulatus,Logistic_multi_no_coords,random,False,0,0.14246589200671306,-114087.089464681,6528156.09858245
545,4356,Egernia mcpheei,Logistic_multi_no_coords,random,False,0,0.016035096741228327,-114087.089464681,6528156.09858245
545,4357,Eulamprus murrayi,Logistic_multi_no_coords,random,False,0,0.005563500568143399,-114087.089464681,6528156.09858245
545,4358,Ophioscincus truncatus,Logistic_multi_no_coords,random,False,0,0.14960093103840674,-114087.089464681,6528156.09858245
545,4359,Pseudechis porphyricaus,Logistic_multi_no_coords,random,False,0,0.018343533980188453,-114087.089464681,6528156.09858245
545,4360,Saltuarius swaini,Logistic_multi_no_coords,random,False,0,0.013295577900243483,-114087.089464681,6528156.09858245
558,4457,Cacophis kreftii,Logistic_multi_no_coords,random,False,0,0.03609313272758998,-204344.653545143,6507116.16956193
558,4458,Calyptotis scutirostrum,Logistic_multi_no_coords,random,False,0,0.07012316465108807,-204344.653545143,6507116.16956193
558,4459,Coeranoscincus reticulatus,Logistic_multi_no_coords,random,False,0,0.17438106842212475,-204344.653545143,6507116.16956193
558,4460,Egernia mcpheei,Logistic_multi_no_coords,random,False,0,0.02029767561111736,-204344.653545143,6507116.16956193
558,4461,Eulamprus murrayi,Logistic_multi_no_coords,random,False,0,0.007062414829824647,-204344.653545143,6507116.16956193
558,4462,Ophioscincus truncatus,Logistic_multi_no_coords,random,False,0,0.18277381832289147,-204344.653545143,6507116.16956193
558,4463,Pseudechis porphyricaus,Logistic_multi_no_coords,random,False,0,0.023205288349249772,-204344.653545143,6507116.16956193
558,4464,Saltuarius swaini,Logistic_multi_no_coords,random,False,0,0.016842380948382047,-204344.653545143,6507116.16956193
567,4529,Cacophis kreftii,Logistic_multi_no_coords,random,False,0,0.031170231604051975,-146716.822931648,6491951.21913417
567,4530,Calyptotis scutirostrum,Logistic_multi_no_coords,random,False,0,0.060851777677190064,-146716.822931648,6491951.21913417
567,4531,Coeranoscincus reticulatus,Logistic_multi_no_coords,random,False,0,0.15360214962517318,-146716.822931648,6491951.21913417
567,4532,Egernia mcpheei,Logistic_multi_no_coords,random,False,0,0.017490094544596622,-146716.822931648,6491951.21913417
567,4533,Eulamprus murrayi,Logistic_multi_no_coords,random,False,0,0.0060741888836161875,-146716.822931648,6491951.21913417
567,4534,Ophioscincus truncatus,Logistic_multi_no_coords,random,False,0,0.16119008328663054,-146716.822931648,6491951.21913417
567,4535,Pseudechis porphyricaus,Logistic_multi_no_coords,random,False,1,0.020003737169442558,-146716.822931648,6491951.21913417
567,4536,Saltuarius swaini,Logistic_multi_no_coords,random,False,1,0.014505660924896422,-146716.822931648,6491951.21913417
572,4569,Cacophis kreftii,Logistic_multi_no_coords,random,False,0,0.029898388057574426,-141525.12346321,6489014.81167942
572,4570,Calyptotis scutirostrum,Logistic_multi_no_coords,random,False,0,0.05844188981852784,-141525.12346321,6489014.81167942
572,4571,Coeranoscincus reticulatus,Logistic_multi_no_coords,random,False,0,0.14809834267990582,-141525.12346321,6489014.81167942
572,4572,Egernia mcpheei,Logistic_multi_no_coords,random,False,0,0.016766783437368746,-141525.12346321,6489014.81167942
572,4573,Eulamprus murrayi,Logistic_multi_no_coords,random,False,0,0.005820191252360313,-141525.12346321,6489014.81167942
572,4574,Ophioscincus truncatus,Logistic_multi_no_coords,random,False,1,0.15546432839250202,-141525.12346321,6489014.81167942
572,4575,Pseudechis porphyricaus,Logistic_multi_no_coords,random,False,0,0.019178502336683306,-141525.12346321,6489014.81167942
572,4576,Saltuarius swaini,Logistic_multi_no_coords,random,False,0,0.013904025856893883,-141525.12346321,6489014.81167942
576,4601,Cacophis kreftii,Logistic_multi_no_coords,random,False,0,0.03557591662811356,-206813.275853676,6482403.27464338
576,4602,Calyptotis scutirostrum,Logistic_multi_no_coords,random,False,0,0.06915328222861356,-206813.275853676,6482403.27464338
576,4603,Coeranoscincus reticulatus,Logistic_multi_no_coords,random,False,0,0.17223627665921853,-206813.275853676,6482403.27464338
576,4604,Egernia mcpheei,Logistic_multi_no_coords,random,False,0,0.02000211207317647,-206813.275853676,6482403.27464338
576,4605,Eulamprus murrayi,Logistic_multi_no_coords,random,False,0,0.00695820704616944,-206813.275853676,6482403.27464338
576,4606,Ophioscincus truncatus,Logistic_multi_no_coords,random,False,0,0.1805483740926941,-206813.275853676,6482403.27464338
576,4607,Pseudechis porphyricaus,Logistic_multi_no_coords,random,False,0,0.022868374046178717,-206813.275853676,6482403.27464338
576,4608,Saltuarius swaini,Logistic_multi_no_coords,random,False,0,0.016596279175325163,-206813.275853676,6482403.27464338
579,4625,Cacophis kreftii,Logistic_multi_no_coords,random,False,0,0.05322067114647299,-242916.649698275,6475563.53924511
579,4626,Calyptotis scutirostrum,Logistic_multi_no_coords,random,False,0,0.10169549860606253,-242916.649698275,6475563.53924511
579,4627,Coeranoscincus reticulatus,Logistic_multi_no_coords,random,False,0,0.2407416966492147,-242916.649698275,6475563.53924511
579,4628,Egernia mcpheei,Logistic_multi_no_coords,random,False,0,0.030164243395939972,-242916.649698275,6475563.53924511
579,4629,Eulamprus murrayi,Logistic_multi_no_coords,random,False,0,0.010564786171653165,-242916.649698275,6475563.53924511
579,4630,Ophioscincus truncatus,Logistic_multi_no_coords,random,False,0,0.251355948077568,-242916.649698275,6475563.53924511
579,4631,Pseudechis porphyricaus,Logistic_multi_no_coords,random,False,0,0.03443554914314222,-242916.649698275,6475563.53924511
579,4632,Saltuarius swaini,Logistic_multi_no_coords,random,False,0,0.025072336398172076,-242916.649698275,6475563.53924511
585,4673,Cacophis kreftii,Logistic_multi_no_coords,random,False,0,0.030341534420411483,-127313.378797034,6479531.06572796
585,4674,Calyptotis scutirostrum,Logistic_multi_no_coords,random,False,0,0.059282247573606756,-127313.378797034,6479531.06572796
585,4675,Coeranoscincus reticulatus,Logistic_multi_no_coords,random,False,0,0.150022489709405,-127313.378797034,6479531.06572796
585,4676,Egernia mcpheei,Logistic_multi_no_coords,random,False,0,0.017018710966648594,-127313.378797034,6479531.06572796
585,4677,Eulamprus murrayi,Logistic_multi_no_coords,random,False,0,0.005908630325136059,-127313.378797034,6479531.06572796
585,4678,Ophioscincus truncatus,Logistic_multi_no_coords,random,False,0,0.15746648737903238,-127313.378797034,6479531.06572796
585,4679,Pseudechis porphyricaus,Logistic_multi_no_coords,random,False,0,0.019465949476023134,-127313.378797034,6479531.06572796
585,4680,Saltuarius swaini,Logistic_multi_no_coords,random,False,0,0.014113556759024082,-127313.378797034,6479531.06572796
599,4785,Cacophis kreftii,Logistic_multi_no_coords,random,False,0,0.05282147414239233,-212146.883673553,6444013.91646962
599,4786,Calyptotis scutirostrum,Logistic_multi_no_coords,random,False,0,0.10097147907374389,-212146.883673553,6444013.91646962
599,4787,Coeranoscincus reticulatus,Logistic_multi_no_coords,random,False,0,0.2392914405423624,-212146.883673553,6444013.91646962
599,4788,Egernia mcpheei,Logistic_multi_no_coords,random,False,0,0.029932520223748225,-212146.883673553,6444013.91646962
599,4789,Eulamprus murrayi,Logistic_multi_no_coords,random,False,0,0.010481999677134974,-212146.883673553,6444013.91646962
599,4790,Ophioscincus truncatus,Logistic_multi_no_coords,random,False,0,0.24986279285700808,-212146.883673553,6444013.91646962
599,4791,Pseudechis porphyricaus,Logistic_multi_no_coords,random,False,0,0.034172169738576556,-212146.883673553,6444013.91646962
599,4792,Saltuarius swaini,Logistic_multi_no_coords,random,False,0,0.024878726070228774,-212146.883673553,6444013.91646962
602,4809,Cacophis kreftii,Logistic_multi_no_coords,random,False,0,0.08118540817931023,-223808.84244951,6439938.38190837
602,4810,Calyptotis scutirostrum,Logistic_multi_no_coords,random,False,0,0.15106714188660844,-223808.84244951,6439938.38190837
602,4811,Coeranoscincus reticulatus,Logistic_multi_no_coords,random,False,0,0.3326226121451692,-223808.84244951,6439938.38190837
602,4812,Egernia mcpheei,Logistic_multi_no_coords,random,False,0,0.046610434782352786,-223808.84244951,6439938.38190837
602,4813,Eulamprus murrayi,Logistic_multi_no_coords,random,False,0,0.016506812565503758,-223808.84244951,6439938.38190837
602,4814,Ophioscincus truncatus,Logistic_multi_no_coords,random,False,0,0.3454447590964824,-223808.84244951,6439938.38190837
602,4815,Pseudechis porphyricaus,Logistic_multi_no_coords,random,False,0,0.053083082718049845,-223808.84244951,6439938.38190837
602,4816,Saltuarius swaini,Logistic_multi_no_coords,random,False,0,0.038853531773169234,-223808.84244951,6439938.38190837
606,4841,Cacophis kreftii,Logistic_multi_no_coords,random,False,0,0.026054999860829358,-122961.147064838,6444559.2200686
606,4842,Calyptotis scutirostrum,Logistic_multi_no_coords,random,False,0,0.05112264322105139,-122961.147064838,6444559.2200686
606,4843,Coeranoscincus reticulatus,Logistic_multi_no_coords,random,False,0,0.13111414759361514,-122961.147064838,6444559.2200686
606,4844,Egernia mcpheei,Logistic_multi_no_coords,random,False,0,0.014586060449600292,-122961.147064838,6444559.2200686
606,4845,Eulamprus murrayi,Logistic_multi_no_coords,random,False,0,0.005055883984932109,-122961.147064838,6444559.2200686
606,4846,Ophioscincus truncatus,Logistic_multi_no_coords,random,False,0,0.137772002891918,-122961.147064838,6444559.2200686
606,4847,Pseudechis porphyricaus,Logistic_multi_no_coords,random,False,0,0.01668943043388198,-122961.147064838,6444559.2200686
606,4848,Saltuarius swaini,Logistic_multi_no_coords,random,False,0,0.012091060408466858,-122961.147064838,6444559.2200686
624,4985,Cacophis kreftii,Logistic_multi_no_coords,random,False,0,0.031130758447006936,-212517.326831474,6418204.13745066
624,4986,Calyptotis scutirostrum,Logistic_multi_no_coords,random,False,0,0.06077707457809043,-212517.326831474,6418204.13745066
624,4987,Coeranoscincus reticulatus,Logistic_multi_no_coords,random,False,0,0.15343218610751327,-212517.326831474,6418204.13745066
624,4988,Egernia mcpheei,Logistic_multi_no_coords,random,False,0,0.017467633203267524,-212517.326831474,6418204.13745066
624,4989,Eulamprus murrayi,Logistic_multi_no_coords,random,False,0,0.006066297695907685,-212517.326831474,6418204.13745066
624,4990,Ophioscincus truncatus,Logistic_multi_no_coords,random,False,0,0.16101332082146017,-212517.326831474,6418204.13745066
624,4991,Pseudechis porphyricaus,Logistic_multi_no_coords,random,False,0,0.01997811336689667,-212517.326831474,6418204.13745066
624,4992,Saltuarius swaini,Logistic_multi_no_coords,random,False,0,0.014486975776379281,-212517.326831474,6418204.13745066
628,5017,Cacophis kreftii,Logistic_multi_no_coords,random,False,0,0.027848615655240168,-205426.35557409,6417594.67751035
628,5018,Calyptotis scutirostrum,Logistic_multi_no_coords,random,False,0,0.05454526168195786,-205426.35557409,6417594.67751035
628,5019,Coeranoscincus reticulatus,Logistic_multi_no_coords,random,False,0,0.13910702524427432,-205426.35557409,6417594.67751035
628,5020,Egernia mcpheei,Logistic_multi_no_coords,random,False,0,0.015602807265735636,-205426.35557409,6417594.67751035
628,5021,Eulamprus murrayi,Logistic_multi_no_coords,random,False,0,0.00541196168577811,-205426.35557409,6417594.67751035
628,5022,Ophioscincus truncatus,Logistic_multi_no_coords,random,False,0,0.14610250459140903,-205426.35557409,6417594.67751035
628,5023,Pseudechis porphyricaus,Logistic_multi_no_coords,random,False,0,0.01785014041761078,-205426.35557409,6417594.67751035
628,5024,Saltuarius swaini,Logistic_multi_no_coords,random,False,0,0.01293617202908149,-205426.35557409,6417594.67751035
630,5033,Cacophis kreftii,Logistic_multi_no_coords,random,False,0,0.02980582634133372,-211613.384340048,6416445.23828686
630,5034,Calyptotis scutirostrum,Logistic_multi_no_coords,random,False,0,0.05826626845707776,-211613.384340048,6416445.23828686
630,5035,Coeranoscincus reticulatus,Logistic_multi_no_coords,random,False,0,0.14769556081269403,-211613.384340048,6416445.23828686
630,5036,Egernia mcpheei,Logistic_multi_no_coords,random,False,0,0.016714175109852254,-211613.384340048,6416445.23828686
630,5037,Eulamprus murrayi,Logistic_multi_no_coords,random,False,0,0.005801726851407205,-211613.384340048,6416445.23828686
630,5038,Ophioscincus truncatus,Logistic_multi_no_coords,random,False,0,0.15504515933580684,-211613.384340048,6416445.23828686
630,5039,Pseudechis porphyricaus,Logistic_multi_no_coords,random,False,0,0.019118474014229333,-211613.384340048,6416445.23828686
630,5040,Saltuarius swaini,Logistic_multi_no_coords,random,False,0,0.013860273245073114,-211613.384340048,6416445.23828686
639,5105,Cacophis kreftii,Logistic_multi_no_coords,random,False,0,0.029405895124612613,-162684.694435925,6370448.58724721
639,5106,Calyptotis scutirostrum,Logistic_multi_no_coords,random,False,0,0.057507093656410435,-162684.694435925,6370448.58724721
639,5107,Coeranoscincus reticulatus,Logistic_multi_no_coords,random,False,0,0.14595176218494843,-162684.694435925,6370448.58724721
639,5108,Egernia mcpheei,Logistic_multi_no_coords,random,False,0,0.016486921089075648,-162684.694435925,6370448.58724721
639,5109,Eulamprus murrayi,Logistic_multi_no_coords,random,False,0,0.005721980356214597,-162684.694435925,6370448.58724721
639,5110,Ophioscincus truncatus,Logistic_multi_no_coords,random,False,0,0.1532301867592003,-162684.694435925,6370448.58724721
639,5111,Pseudechis porphyricaus,Logistic_multi_no_coords,random,False,0,0.018859156966583076,-162684.694435925,6370448.58724721
639,5112,Saltuarius swaini,Logistic_multi_no_coords,random,False,0,0.013671282751819978,-162684.694435925,6370448.58724721
640,5113,Cacophis kreftii,Logistic_multi_no_coords,random,False,0,0.04061501235982166,-176653.554553042,6368244.44348734
640,5114,Calyptotis scutirostrum,Logistic_multi_no_coords,random,False,0,0.07856097211406458,-176653.554553042,6368244.44348734
640,5115,Coeranoscincus reticulatus,Logistic_multi_no_coords,random,False,0,0.19276344485712787,-176653.554553042,6368244.44348734
640,5116,Egernia mcpheei,Logistic_multi_no_coords,random,False,0,0.02288763121182195,-176653.554553042,6368244.44348734
640,5117,Eulamprus murrayi,Logistic_multi_no_coords,random,False,0,0.007977320512719415,-176653.554553042,6368244.44348734
640,5118,Ophioscincus truncatus,Logistic_multi_no_coords,random,False,0,0.20182464387394172,-176653.554553042,6368244.44348734
640,5119,Pseudechis porphyricaus,Logistic_multi_no_coords,random,False,0,0.026156346100391012,-176653.554553042,6368244.44348734
640,5120,Saltuarius swaini,Logistic_multi_no_coords,random,False,0,0.01899999616339379,-176653.554553042,6368244.44348734
