plot,id,species,model,split_type,use_coords,y_true,y_prob,easting,northing
7,49,Cacophis kreftii,Logistic_single_no_coords,random,False,0,0.0020879061451061897,-35290.0454930004,6868477.63934909
15,113,Cacophis kreftii,Logistic_single_no_coords,random,False,0,0.19685336108999138,-99804.9506313828,6852000.67743644
21,161,Cacophis kreftii,Logistic_single_no_coords,random,False,0,0.18601437576569166,-91866.6308808398,6850184.44292602
29,225,Cacophis kreftii,Logistic_single_no_coords,random,False,0,0.03922539867189788,-81258.2639630969,6847092.07487722
30,233,Cacophis kreftii,Logistic_single_no_coords,random,False,1,0.17888656707444262,-96294.553982511,6846140.09863748
31,241,Cacophis kreftii,Logistic_single_no_coords,random,False,0,0.13012851007149145,-95292.0596882657,6846190.80238834
37,289,Cacophis kreftii,Logistic_single_no_coords,random,False,0,0.08979759606032695,-79037.3638766905,6846800.48131106
41,321,Cacophis kreftii,Logistic_single_no_coords,random,False,0,0.20303388177738851,-96863.6801254773,6845509.65270053
47,369,Cacophis kreftii,Logistic_single_no_coords,random,False,0,0.0431137935388207,-79381.2357397435,6845781.19738334
52,409,Cacophis kreftii,Logistic_single_no_coords,random,False,0,0.14684885504290143,-60471.4026198804,6845516.11047191
56,441,Cacophis kreftii,Logistic_single_no_coords,random,False,0,0.15989059778845027,-60864.6156634532,6845296.97560224
61,481,Cacophis kreftii,Logistic_single_no_coords,random,False,0,0.06455607577345822,-61435.1928033584,6844668.54431818
62,489,Cacophis kreftii,Logistic_single_no_coords,random,False,0,0.12869828457490393,-60629.7662982834,6844706.93792291
65,513,Cacophis kreftii,Logistic_single_no_coords,random,False,0,0.09097762245431218,-84881.8823593461,6843092.18042196
72,569,Cacophis kreftii,Logistic_single_no_coords,random,False,0,0.11867223239106671,-86463.3052036808,6842612.44869674
78,617,Cacophis kreftii,Logistic_single_no_coords,random,False,0,0.15494071319716082,-85647.642077096,6842252.08566301
84,665,Cacophis kreftii,Logistic_single_no_coords,random,False,0,0.1381919933697138,-75697.1375955953,6840337.76316393
87,689,Cacophis kreftii,Logistic_single_no_coords,random,False,0,0.008617627300635138,-71013.5035560221,6839163.13240084
92,729,Cacophis kreftii,Logistic_single_no_coords,random,False,0,0.07894118735232064,-75353.1982293057,6837536.97534272
97,769,Cacophis kreftii,Logistic_single_no_coords,random,False,0,0.11542711649313024,-114250.874091765,6835186.86007185
99,785,Cacophis kreftii,Logistic_single_no_coords,random,False,0,0.006777368286186937,-123277.985601988,6834532.44353339
101,801,Cacophis kreftii,Logistic_single_no_coords,random,False,1,0.06265417550367963,-147109.711119875,6832327.45616153
108,857,Cacophis kreftii,Logistic_single_no_coords,random,False,1,0.011808743017160873,-120786.146445189,6833048.30377336
116,921,Cacophis kreftii,Logistic_single_no_coords,random,False,1,0.008220948509359187,-119959.663589068,6832690.76087561
117,929,Cacophis kreftii,Logistic_single_no_coords,random,False,0,0.012980316069944453,-119338.87811833,6832311.15904512
121,961,Cacophis kreftii,Logistic_single_no_coords,random,False,0,0.013176661283985914,-113308.229962265,6832416.48893136
125,993,Cacophis kreftii,Logistic_single_no_coords,random,False,0,0.008354867670156814,-119100.196556909,6831521.23488212
129,1025,Cacophis kreftii,Logistic_single_no_coords,random,False,0,0.17134722531225502,-76147.8048592401,6833277.03106837
132,1049,Cacophis kreftii,Logistic_single_no_coords,random,False,0,0.09192931987270359,-105801.162580743,6831179.93507326
133,1057,Cacophis kreftii,Logistic_single_no_coords,random,False,0,0.07584695031315651,-76520.6971461142,6832657.28276156
136,1081,Cacophis kreftii,Logistic_single_no_coords,random,False,0,0.10489411158694265,-62745.5415882464,6830732.52392328
139,1105,Cacophis kreftii,Logistic_single_no_coords,random,False,0,0.14237696475330727,-60097.6324680274,6830057.84195886
141,1121,Cacophis kreftii,Logistic_single_no_coords,random,False,0,0.046007543248353884,-59274.1159834863,6829696.39928037
148,1177,Cacophis kreftii,Logistic_single_no_coords,random,False,0,0.1471386756705371,-59039.7148912014,6828905.9612443
153,1217,Cacophis kreftii,Logistic_single_no_coords,random,False,0,0.25606647608851374,-56158.084536112,6827640.49763384
160,1273,Cacophis kreftii,Logistic_single_no_coords,random,False,0,0.21812309573533079,-57082.2051583753,6825993.28319997
165,1313,Cacophis kreftii,Logistic_single_no_coords,random,False,0,0.01632577122075237,-116199.528148125,6817786.39841097
169,1345,Cacophis kreftii,Logistic_single_no_coords,random,False,0,0.008249840163126802,-108876.433782581,6816343.47520397
172,1369,Cacophis kreftii,Logistic_single_no_coords,random,False,0,0.009180920336426252,-148834.228828815,6806479.17622519
173,1377,Cacophis kreftii,Logistic_single_no_coords,random,False,0,0.009191599723149266,-26864.9515665186,6812638.8314962
175,1393,Cacophis kreftii,Logistic_single_no_coords,random,False,0,0.028664799835397593,-26614.0603685924,6811648.67695057
180,1433,Cacophis kreftii,Logistic_single_no_coords,random,False,0,0.0032844985434352537,-29780.9705356891,6806663.75964171
181,1441,Cacophis kreftii,Logistic_single_no_coords,random,False,0,0.00328958205087207,-29379.7381757025,6806682.07694802
185,1473,Cacophis kreftii,Logistic_single_no_coords,random,False,0,0.012562734314999751,-154680.904774922,6798732.86570032
194,1545,Cacophis kreftii,Logistic_single_no_coords,random,False,0,0.11227652905145231,-113057.133584369,6799439.25721174
195,1553,Cacophis kreftii,Logistic_single_no_coords,random,False,0,0.00964523867872486,-153177.628494992,6796999.50794559
203,1617,Cacophis kreftii,Logistic_single_no_coords,random,False,0,0.0027962848074208273,-165638.858103626,6792540.33884748
205,1633,Cacophis kreftii,Logistic_single_no_coords,random,False,0,0.008101093968677035,-111987.574051639,6794257.38010052
209,1665,Cacophis kreftii,Logistic_single_no_coords,random,False,0,0.007953772625307004,-112530.721336831,6793024.84869485
214,1705,Cacophis kreftii,Logistic_single_no_coords,random,False,0,0.003937403142730576,-110822.113763642,6787074.42336939
226,1801,Cacophis kreftii,Logistic_single_no_coords,random,False,0,0.0073508422606793555,-156768.616233883,6780508.50732801
231,1841,Cacophis kreftii,Logistic_single_no_coords,random,False,0,0.0068996435094365,-107923.462038802,6781588.26422547
232,1849,Cacophis kreftii,Logistic_single_no_coords,random,False,0,0.006843557198935646,-154268.894705046,6778832.59399199
236,1881,Cacophis kreftii,Logistic_single_no_coords,random,False,0,0.002603895525371693,-157007.529503806,6769427.67794309
237,1889,Cacophis kreftii,Logistic_single_no_coords,random,False,0,0.002670178178110686,-157601.945479142,6769192.74860327
238,1897,Cacophis kreftii,Logistic_single_no_coords,random,False,0,0.005707661509858626,-42631.6013249115,6774856.7836682
253,2017,Cacophis kreftii,Logistic_single_no_coords,random,False,0,0.004319170386440725,-153010.118576574,6758154.60282466
260,2073,Cacophis kreftii,Logistic_single_no_coords,random,False,0,0.008569648367282894,-139702.22082351,6757637.17957907
261,2081,Cacophis kreftii,Logistic_single_no_coords,random,False,0,0.007170663881238658,-149531.814001847,6756925.32438673
279,2225,Cacophis kreftii,Logistic_single_no_coords,random,False,0,0.005425523806531452,-165065.597196224,6745863.85427266
282,2249,Cacophis kreftii,Logistic_single_no_coords,random,False,0,0.004267270199878767,-48676.0066271106,6751433.87966314
283,2257,Cacophis kreftii,Logistic_single_no_coords,random,False,0,0.011829146047343482,-144358.241751465,6746321.2757456
285,2273,Cacophis kreftii,Logistic_single_no_coords,random,False,0,0.004256212955095002,-48666.355678597,6751233.93894705
290,2313,Cacophis kreftii,Logistic_single_no_coords,random,False,0,0.004093805266019083,-54841.9600197467,6750321.73267861
303,2417,Cacophis kreftii,Logistic_single_no_coords,random,False,0,0.007169370678643602,-86896.2863933826,6740221.21400845
307,2449,Cacophis kreftii,Logistic_single_no_coords,random,False,0,0.0037374791140699502,-75230.2145233742,6740017.73560779
308,2457,Cacophis kreftii,Logistic_single_no_coords,random,False,0,0.013217490514386919,-164907.141677267,6734992.82147675
322,2569,Cacophis kreftii,Logistic_single_no_coords,random,False,0,0.007764279721481968,-148858.437557277,6712675.66874389
328,2617,Cacophis kreftii,Logistic_single_no_coords,random,False,0,0.0030169677564353915,-160137.175183615,6708870.73185706
329,2625,Cacophis kreftii,Logistic_single_no_coords,random,False,0,0.002891220237062959,-161729.965162506,6708587.05668997
339,2705,Cacophis kreftii,Logistic_single_no_coords,random,False,0,0.002952413481437905,-50204.0063193176,6710952.93925814
352,2809,Cacophis kreftii,Logistic_single_no_coords,random,False,0,0.009164275550259986,-161130.645593128,6697139.33525593
354,2825,Cacophis kreftii,Logistic_single_no_coords,random,False,0,0.008149628898767296,-54397.1023715114,6702694.88150925
369,2945,Cacophis kreftii,Logistic_single_no_coords,random,False,0,0.011273340810723828,-115761.593020762,6695476.19653521
372,2969,Cacophis kreftii,Logistic_single_no_coords,random,False,0,0.004543727426243752,-51958.1449948344,6698406.00349235
379,3025,Cacophis kreftii,Logistic_single_no_coords,random,False,0,0.00544294118253689,-170997.113124586,6685555.44783591
380,3033,Cacophis kreftii,Logistic_single_no_coords,random,False,0,0.004767800983653679,-171751.567168655,6684505.22516541
381,3041,Cacophis kreftii,Logistic_single_no_coords,random,False,0,0.0049506039732174914,-170101.851938007,6683790.0457837
384,3065,Cacophis kreftii,Logistic_single_no_coords,random,False,0,0.012417341794545976,-153569.490242912,6679419.46406309
394,3145,Cacophis kreftii,Logistic_single_no_coords,random,False,0,0.011311846674397183,-157694.599141127,6669935.38089694
395,3153,Cacophis kreftii,Logistic_single_no_coords,random,False,0,0.010146159898779218,-156289.421979757,6670007.80018539
396,3161,Cacophis kreftii,Logistic_single_no_coords,random,False,0,0.007318728718812883,-122906.583332893,6670557.67612587
400,3193,Cacophis kreftii,Logistic_single_no_coords,random,False,0,0.01819474992036703,-125067.694169073,6669443.0445974
403,3217,Cacophis kreftii,Logistic_single_no_coords,random,False,0,0.012680581736206476,-58257.6048943475,6672743.96684541
407,3249,Cacophis kreftii,Logistic_single_no_coords,random,False,0,0.017546443970459468,-125225.02885331,6668620.03383924
413,3297,Cacophis kreftii,Logistic_single_no_coords,random,False,0,0.006769141057654379,-120072.988069293,6666279.06080417
415,3313,Cacophis kreftii,Logistic_single_no_coords,random,False,0,0.0045236037885486744,-178654.150282374,6662593.67423277
420,3353,Cacophis kreftii,Logistic_single_no_coords,random,False,0,0.019242721254487186,-125379.598774365,6663983.11844257
422,3369,Cacophis kreftii,Logistic_single_no_coords,random,False,0,0.01608345871841648,-125514.62268173,6662771.00533564
427,3409,Cacophis kreftii,Logistic_single_no_coords,random,False,0,0.015630628723116758,-128408.296244871,6660409.13008774
447,3569,Cacophis kreftii,Logistic_single_no_coords,random,False,0,0.006994519348564627,-134779.996572383,6651420.87222455
449,3585,Cacophis kreftii,Logistic_single_no_coords,random,False,0,0.0037987154934748823,-135559.130529282,6650974.17840999
450,3593,Cacophis kreftii,Logistic_single_no_coords,random,False,0,0.012345035732569738,-65340.5697630112,6654471.79599168
458,3657,Cacophis kreftii,Logistic_single_no_coords,random,False,0,0.005592862284640593,-133451.630563193,6649077.13745528
461,3681,Cacophis kreftii,Logistic_single_no_coords,random,False,0,0.014061460483401882,-132111.524830825,6646522.10607269
462,3689,Cacophis kreftii,Logistic_single_no_coords,random,False,0,0.011914033833057449,-129873.482679348,6646037.61836241
463,3697,Cacophis kreftii,Logistic_single_no_coords,random,False,0,0.012820931308198587,-130606.171632184,6644790.80822609
464,3705,Cacophis kreftii,Logistic_single_no_coords,random,False,0,0.004455451725196377,-62036.5636510338,6645195.69882671
475,3793,Cacophis kreftii,Logistic_single_no_coords,random,False,0,0.01540697053335134,-103178.812815837,6605812.65044331
480,3833,Cacophis kreftii,Logistic_single_no_coords,random,False,0,0.00488380021213093,-139787.964672713,6601638.98677139
481,3841,Cacophis kreftii,Logistic_single_no_coords,random,False,0,0.014499099719784714,-140574.776964781,6601391.4036645
488,3897,Cacophis kreftii,Logistic_single_no_coords,random,False,0,0.015571219134274424,-141193.546516212,6594113.16970331
490,3913,Cacophis kreftii,Logistic_single_no_coords,random,False,0,0.024270760297745754,-140157.01004317,6593561.29260029
494,3945,Cacophis kreftii,Logistic_single_no_coords,random,False,0,0.022099813263284022,-160099.441241579,6571357.13800851
499,3985,Cacophis kreftii,Logistic_single_no_coords,random,False,0,0.005052459276004641,-166874.918971174,6569986.45729551
507,4049,Cacophis kreftii,Logistic_single_no_coords,random,False,0,0.009693221248943465,-144741.332783447,6566549.73714478
508,4057,Cacophis kreftii,Logistic_single_no_coords,random,False,0,0.0074175534960322816,-162480.687351114,6563171.45187532
510,4073,Cacophis kreftii,Logistic_single_no_coords,random,False,0,0.006926076389383571,-146201.750488105,6563648.83716664
514,4105,Cacophis kreftii,Logistic_single_no_coords,random,False,0,0.005668953055832761,-146089.648133388,6561646.84538545
525,4193,Cacophis kreftii,Logistic_single_no_coords,random,False,0,0.019354174496984296,-118770.04691586,6551450.02671343
531,4241,Cacophis kreftii,Logistic_single_no_coords,random,False,0,0.010893272776187637,-83551.8721662688,6536463.55059073
533,4257,Cacophis kreftii,Logistic_single_no_coords,random,False,0,0.018956340804172557,-128644.80040642,6533196.04348179
537,4289,Cacophis kreftii,Logistic_single_no_coords,random,False,0,0.028371780191860693,-133101.696097477,6529938.31197594
545,4353,Cacophis kreftii,Logistic_single_no_coords,random,False,0,0.01445376755761024,-114087.089464681,6528156.09858245
558,4457,Cacophis kreftii,Logistic_single_no_coords,random,False,0,0.018103850553811914,-204344.653545143,6507116.16956193
567,4529,Cacophis kreftii,Logistic_single_no_coords,random,False,0,0.009841008886942785,-146716.822931648,6491951.21913417
572,4569,Cacophis kreftii,Logistic_single_no_coords,random,False,0,0.009828464406670075,-141525.12346321,6489014.81167942
576,4601,Cacophis kreftii,Logistic_single_no_coords,random,False,0,0.011059159099901487,-206813.275853676,6482403.27464338
579,4625,Cacophis kreftii,Logistic_single_no_coords,random,False,0,0.04462155875659329,-242916.649698275,6475563.53924511
585,4673,Cacophis kreftii,Logistic_single_no_coords,random,False,0,0.016696664781794383,-127313.378797034,6479531.06572796
599,4785,Cacophis kreftii,Logistic_single_no_coords,random,False,0,0.05500236202723503,-212146.883673553,6444013.91646962
602,4809,Cacophis kreftii,Logistic_single_no_coords,random,False,0,0.138774622106491,-223808.84244951,6439938.38190837
606,4841,Cacophis kreftii,Logistic_single_no_coords,random,False,0,0.0074457747934611055,-122961.147064838,6444559.2200686
624,4985,Cacophis kreftii,Logistic_single_no_coords,random,False,0,0.016841303856841624,-212517.326831474,6418204.13745066
628,5017,Cacophis kreftii,Logistic_single_no_coords,random,False,0,0.015352098760875628,-205426.35557409,6417594.67751035
630,5033,Cacophis kreftii,Logistic_single_no_coords,random,False,0,0.016268402419809386,-211613.384340048,6416445.23828686
639,5105,Cacophis kreftii,Logistic_single_no_coords,random,False,0,0.01079375575606672,-162684.694435925,6370448.58724721
640,5113,Cacophis kreftii,Logistic_single_no_coords,random,False,0,0.020010450008868256,-176653.554553042,6368244.44348734
7,50,Calyptotis scutirostrum,Logistic_single_no_coords,random,False,0,0.011385396654938299,-35290.0454930004,6868477.63934909
15,114,Calyptotis scutirostrum,Logistic_single_no_coords,random,False,1,0.39495236325840893,-99804.9506313828,6852000.67743644
21,162,Calyptotis scutirostrum,Logistic_single_no_coords,random,False,0,0.5244418055610672,-91866.6308808398,6850184.44292602
29,226,Calyptotis scutirostrum,Logistic_single_no_coords,random,False,0,0.0297416358509255,-81258.2639630969,6847092.07487722
30,234,Calyptotis scutirostrum,Logistic_single_no_coords,random,False,1,0.38780082807724536,-96294.553982511,6846140.09863748
31,242,Calyptotis scutirostrum,Logistic_single_no_coords,random,False,1,0.2839481935009042,-95292.0596882657,6846190.80238834
37,290,Calyptotis scutirostrum,Logistic_single_no_coords,random,False,0,0.07975852143458717,-79037.3638766905,6846800.48131106
41,322,Calyptotis scutirostrum,Logistic_single_no_coords,random,False,0,0.4407016836928981,-96863.6801254773,6845509.65270053
47,370,Calyptotis scutirostrum,Logistic_single_no_coords,random,False,0,0.0337895612482112,-79381.2357397435,6845781.19738334
52,410,Calyptotis scutirostrum,Logistic_single_no_coords,random,False,1,0.24723661729733087,-60471.4026198804,6845516.11047191
56,442,Calyptotis scutirostrum,Logistic_single_no_coords,random,False,0,0.31642815445483724,-60864.6156634532,6845296.97560224
61,482,Calyptotis scutirostrum,Logistic_single_no_coords,random,False,0,0.09244328763171651,-61435.1928033584,6844668.54431818
62,490,Calyptotis scutirostrum,Logistic_single_no_coords,random,False,1,0.27306981188485213,-60629.7662982834,6844706.93792291
65,514,Calyptotis scutirostrum,Logistic_single_no_coords,random,False,1,0.22761142374690804,-84881.8823593461,6843092.18042196
72,570,Calyptotis scutirostrum,Logistic_single_no_coords,random,False,1,0.25914143456933486,-86463.3052036808,6842612.44869674
78,618,Calyptotis scutirostrum,Logistic_single_no_coords,random,False,0,0.38296360330087575,-85647.642077096,6842252.08566301
84,666,Calyptotis scutirostrum,Logistic_single_no_coords,random,False,0,0.18918567778181275,-75697.1375955953,6840337.76316393
87,690,Calyptotis scutirostrum,Logistic_single_no_coords,random,False,0,0.019073125374492576,-71013.5035560221,6839163.13240084
92,730,Calyptotis scutirostrum,Logistic_single_no_coords,random,False,0,0.02929724808702406,-75353.1982293057,6837536.97534272
97,770,Calyptotis scutirostrum,Logistic_single_no_coords,random,False,1,0.163735725249173,-114250.874091765,6835186.86007185
99,786,Calyptotis scutirostrum,Logistic_single_no_coords,random,False,0,0.01963668146203614,-123277.985601988,6834532.44353339
101,802,Calyptotis scutirostrum,Logistic_single_no_coords,random,False,1,0.19638646339514226,-147109.711119875,6832327.45616153
108,858,Calyptotis scutirostrum,Logistic_single_no_coords,random,False,0,0.05632835822538314,-120786.146445189,6833048.30377336
116,922,Calyptotis scutirostrum,Logistic_single_no_coords,random,False,0,0.021221433905053953,-119959.663589068,6832690.76087561
117,930,Calyptotis scutirostrum,Logistic_single_no_coords,random,False,1,0.046669783749613315,-119338.87811833,6832311.15904512
121,962,Calyptotis scutirostrum,Logistic_single_no_coords,random,False,0,0.06337885324519321,-113308.229962265,6832416.48893136
125,994,Calyptotis scutirostrum,Logistic_single_no_coords,random,False,1,0.01669320611203979,-119100.196556909,6831521.23488212
129,1026,Calyptotis scutirostrum,Logistic_single_no_coords,random,False,0,0.34710812528948837,-76147.8048592401,6833277.03106837
132,1050,Calyptotis scutirostrum,Logistic_single_no_coords,random,False,0,0.1588274322110916,-105801.162580743,6831179.93507326
133,1058,Calyptotis scutirostrum,Logistic_single_no_coords,random,False,1,0.1501201367384214,-76520.6971461142,6832657.28276156
136,1082,Calyptotis scutirostrum,Logistic_single_no_coords,random,False,0,0.09370726505727411,-62745.5415882464,6830732.52392328
139,1106,Calyptotis scutirostrum,Logistic_single_no_coords,random,False,0,0.3620415063844963,-60097.6324680274,6830057.84195886
141,1122,Calyptotis scutirostrum,Logistic_single_no_coords,random,False,0,0.0970573320591548,-59274.1159834863,6829696.39928037
148,1178,Calyptotis scutirostrum,Logistic_single_no_coords,random,False,1,0.10530708919626901,-59039.7148912014,6828905.9612443
153,1218,Calyptotis scutirostrum,Logistic_single_no_coords,random,False,1,0.4080848820506188,-56158.084536112,6827640.49763384
160,1274,Calyptotis scutirostrum,Logistic_single_no_coords,random,False,1,0.43937685781469193,-57082.2051583753,6825993.28319997
165,1314,Calyptotis scutirostrum,Logistic_single_no_coords,random,False,0,0.03017494518359791,-116199.528148125,6817786.39841097
169,1346,Calyptotis scutirostrum,Logistic_single_no_coords,random,False,0,0.028021043477894487,-108876.433782581,6816343.47520397
172,1370,Calyptotis scutirostrum,Logistic_single_no_coords,random,False,0,0.030949287121806644,-148834.228828815,6806479.17622519
173,1378,Calyptotis scutirostrum,Logistic_single_no_coords,random,False,0,0.04459997956708003,-26864.9515665186,6812638.8314962
175,1394,Calyptotis scutirostrum,Logistic_single_no_coords,random,False,1,0.17421715099674148,-26614.0603685924,6811648.67695057
180,1434,Calyptotis scutirostrum,Logistic_single_no_coords,random,False,0,0.024467559770065435,-29780.9705356891,6806663.75964171
181,1442,Calyptotis scutirostrum,Logistic_single_no_coords,random,False,0,0.024882846650627035,-29379.7381757025,6806682.07694802
185,1474,Calyptotis scutirostrum,Logistic_single_no_coords,random,False,0,0.039919200143047014,-154680.904774922,6798732.86570032
194,1546,Calyptotis scutirostrum,Logistic_single_no_coords,random,False,0,0.2399776512590635,-113057.133584369,6799439.25721174
195,1554,Calyptotis scutirostrum,Logistic_single_no_coords,random,False,0,0.028975582995936777,-153177.628494992,6796999.50794559
203,1618,Calyptotis scutirostrum,Logistic_single_no_coords,random,False,0,0.006835036755479635,-165638.858103626,6792540.33884748
205,1634,Calyptotis scutirostrum,Logistic_single_no_coords,random,False,0,0.021285104155342998,-111987.574051639,6794257.38010052
209,1666,Calyptotis scutirostrum,Logistic_single_no_coords,random,False,0,0.0314816921058163,-112530.721336831,6793024.84869485
214,1706,Calyptotis scutirostrum,Logistic_single_no_coords,random,False,0,0.012422922953849213,-110822.113763642,6787074.42336939
226,1802,Calyptotis scutirostrum,Logistic_single_no_coords,random,False,0,0.013083552417102802,-156768.616233883,6780508.50732801
231,1842,Calyptotis scutirostrum,Logistic_single_no_coords,random,False,0,0.02273090436169063,-107923.462038802,6781588.26422547
232,1850,Calyptotis scutirostrum,Logistic_single_no_coords,random,False,0,0.010011713160307077,-154268.894705046,6778832.59399199
236,1882,Calyptotis scutirostrum,Logistic_single_no_coords,random,False,0,0.003671575307554647,-157007.529503806,6769427.67794309
237,1890,Calyptotis scutirostrum,Logistic_single_no_coords,random,False,0,0.003221807781787322,-157601.945479142,6769192.74860327
238,1898,Calyptotis scutirostrum,Logistic_single_no_coords,random,False,0,0.05557073777598024,-42631.6013249115,6774856.7836682
253,2018,Calyptotis scutirostrum,Logistic_single_no_coords,random,False,0,0.007962925782212754,-153010.118576574,6758154.60282466
260,2074,Calyptotis scutirostrum,Logistic_single_no_coords,random,False,0,0.012446778856715926,-139702.22082351,6757637.17957907
261,2082,Calyptotis scutirostrum,Logistic_single_no_coords,random,False,0,0.027399877664143483,-149531.814001847,6756925.32438673
279,2226,Calyptotis scutirostrum,Logistic_single_no_coords,random,False,0,0.008366958489378193,-165065.597196224,6745863.85427266
282,2250,Calyptotis scutirostrum,Logistic_single_no_coords,random,False,0,0.04685324317483625,-48676.0066271106,6751433.87966314
283,2258,Calyptotis scutirostrum,Logistic_single_no_coords,random,False,0,0.010736260001300516,-144358.241751465,6746321.2757456
285,2274,Calyptotis scutirostrum,Logistic_single_no_coords,random,False,0,0.04839465116813232,-48666.355678597,6751233.93894705
290,2314,Calyptotis scutirostrum,Logistic_single_no_coords,random,False,0,0.05071927029381915,-54841.9600197467,6750321.73267861
303,2418,Calyptotis scutirostrum,Logistic_single_no_coords,random,False,0,0.027390853854939022,-86896.2863933826,6740221.21400845
307,2450,Calyptotis scutirostrum,Logistic_single_no_coords,random,False,0,0.014670515360035078,-75230.2145233742,6740017.73560779
308,2458,Calyptotis scutirostrum,Logistic_single_no_coords,random,False,0,0.03141430245925728,-164907.141677267,6734992.82147675
322,2570,Calyptotis scutirostrum,Logistic_single_no_coords,random,False,0,0.020188678586732952,-148858.437557277,6712675.66874389
328,2618,Calyptotis scutirostrum,Logistic_single_no_coords,random,False,0,0.003241364119954802,-160137.175183615,6708870.73185706
329,2626,Calyptotis scutirostrum,Logistic_single_no_coords,random,False,0,0.0052325425744674595,-161729.965162506,6708587.05668997
339,2706,Calyptotis scutirostrum,Logistic_single_no_coords,random,False,0,0.020195884586887917,-50204.0063193176,6710952.93925814
352,2810,Calyptotis scutirostrum,Logistic_single_no_coords,random,False,0,0.011302809503378766,-161130.645593128,6697139.33525593
354,2826,Calyptotis scutirostrum,Logistic_single_no_coords,random,False,0,0.025927054532614208,-54397.1023715114,6702694.88150925
369,2946,Calyptotis scutirostrum,Logistic_single_no_coords,random,False,0,0.05438358192523216,-115761.593020762,6695476.19653521
372,2970,Calyptotis scutirostrum,Logistic_single_no_coords,random,False,0,0.05024801192177842,-51958.1449948344,6698406.00349235
379,3026,Calyptotis scutirostrum,Logistic_single_no_coords,random,False,0,0.006929987485866172,-170997.113124586,6685555.44783591
380,3034,Calyptotis scutirostrum,Logistic_single_no_coords,random,False,0,0.006219717102714613,-171751.567168655,6684505.22516541
381,3042,Calyptotis scutirostrum,Logistic_single_no_coords,random,False,0,0.006786984222758628,-170101.851938007,6683790.0457837
384,3066,Calyptotis scutirostrum,Logistic_single_no_coords,random,False,0,0.03805668559844804,-153569.490242912,6679419.46406309
394,3146,Calyptotis scutirostrum,Logistic_single_no_coords,random,False,0,0.03534975817582468,-157694.599141127,6669935.38089694
395,3154,Calyptotis scutirostrum,Logistic_single_no_coords,random,False,0,0.03350814340357241,-156289.421979757,6670007.80018539
396,3162,Calyptotis scutirostrum,Logistic_single_no_coords,random,False,0,0.01637969653865766,-122906.583332893,6670557.67612587
400,3194,Calyptotis scutirostrum,Logistic_single_no_coords,random,False,0,0.2178889936719422,-125067.694169073,6669443.0445974
403,3218,Calyptotis scutirostrum,Logistic_single_no_coords,random,False,0,0.058495835362692504,-58257.6048943475,6672743.96684541
407,3250,Calyptotis scutirostrum,Logistic_single_no_coords,random,False,0,0.1433877247876584,-125225.02885331,6668620.03383924
413,3298,Calyptotis scutirostrum,Logistic_single_no_coords,random,False,0,0.014395027574794958,-120072.988069293,6666279.06080417
415,3314,Calyptotis scutirostrum,Logistic_single_no_coords,random,False,0,0.015418178686217603,-178654.150282374,6662593.67423277
420,3354,Calyptotis scutirostrum,Logistic_single_no_coords,random,False,0,0.06284649371436352,-125379.598774365,6663983.11844257
422,3370,Calyptotis scutirostrum,Logistic_single_no_coords,random,False,0,0.0609007397429802,-125514.62268173,6662771.00533564
427,3410,Calyptotis scutirostrum,Logistic_single_no_coords,random,False,0,0.04339849791703361,-128408.296244871,6660409.13008774
447,3570,Calyptotis scutirostrum,Logistic_single_no_coords,random,False,0,0.010506176836744546,-134779.996572383,6651420.87222455
449,3586,Calyptotis scutirostrum,Logistic_single_no_coords,random,False,0,0.005548548804546015,-135559.130529282,6650974.17840999
450,3594,Calyptotis scutirostrum,Logistic_single_no_coords,random,False,0,0.05074728758054658,-65340.5697630112,6654471.79599168
458,3658,Calyptotis scutirostrum,Logistic_single_no_coords,random,False,0,0.005160871162958496,-133451.630563193,6649077.13745528
461,3682,Calyptotis scutirostrum,Logistic_single_no_coords,random,False,0,0.02396798001883093,-132111.524830825,6646522.10607269
462,3690,Calyptotis scutirostrum,Logistic_single_no_coords,random,False,0,0.042953042715988786,-129873.482679348,6646037.61836241
463,3698,Calyptotis scutirostrum,Logistic_single_no_coords,random,False,0,0.04317595236970319,-130606.171632184,6644790.80822609
464,3706,Calyptotis scutirostrum,Logistic_single_no_coords,random,False,0,0.0450340166909367,-62036.5636510338,6645195.69882671
475,3794,Calyptotis scutirostrum,Logistic_single_no_coords,random,False,0,0.04108717480132742,-103178.812815837,6605812.65044331
480,3834,Calyptotis scutirostrum,Logistic_single_no_coords,random,False,0,0.008836516189125936,-139787.964672713,6601638.98677139
481,3842,Calyptotis scutirostrum,Logistic_single_no_coords,random,False,0,0.03194807309398922,-140574.776964781,6601391.4036645
488,3898,Calyptotis scutirostrum,Logistic_single_no_coords,random,False,0,0.02855050093734352,-141193.546516212,6594113.16970331
490,3914,Calyptotis scutirostrum,Logistic_single_no_coords,random,False,0,0.03691180297161317,-140157.01004317,6593561.29260029
494,3946,Calyptotis scutirostrum,Logistic_single_no_coords,random,False,0,0.06574993916978501,-160099.441241579,6571357.13800851
499,3986,Calyptotis scutirostrum,Logistic_single_no_coords,random,False,0,0.007811316748785027,-166874.918971174,6569986.45729551
507,4050,Calyptotis scutirostrum,Logistic_single_no_coords,random,False,0,0.012496006036124177,-144741.332783447,6566549.73714478
508,4058,Calyptotis scutirostrum,Logistic_single_no_coords,random,False,0,0.014495878679591134,-162480.687351114,6563171.45187532
510,4074,Calyptotis scutirostrum,Logistic_single_no_coords,random,False,0,0.0058988365485738,-146201.750488105,6563648.83716664
514,4106,Calyptotis scutirostrum,Logistic_single_no_coords,random,False,0,0.005857498976377628,-146089.648133388,6561646.84538545
525,4194,Calyptotis scutirostrum,Logistic_single_no_coords,random,False,0,0.04791905298857043,-118770.04691586,6551450.02671343
531,4242,Calyptotis scutirostrum,Logistic_single_no_coords,random,False,0,0.053852000344997916,-83551.8721662688,6536463.55059073
533,4258,Calyptotis scutirostrum,Logistic_single_no_coords,random,False,0,0.024620114702517553,-128644.80040642,6533196.04348179
537,4290,Calyptotis scutirostrum,Logistic_single_no_coords,random,False,0,0.04557721444553126,-133101.696097477,6529938.31197594
545,4354,Calyptotis scutirostrum,Logistic_single_no_coords,random,False,0,0.027248259506721852,-114087.089464681,6528156.09858245
558,4458,Calyptotis scutirostrum,Logistic_single_no_coords,random,False,0,0.011271427105089892,-204344.653545143,6507116.16956193
567,4530,Calyptotis scutirostrum,Logistic_single_no_coords,random,False,0,0.01642857837277549,-146716.822931648,6491951.21913417
572,4570,Calyptotis scutirostrum,Logistic_single_no_coords,random,False,0,0.02119308662265542,-141525.12346321,6489014.81167942
576,4602,Calyptotis scutirostrum,Logistic_single_no_coords,random,False,0,0.036442830658345624,-206813.275853676,6482403.27464338
579,4626,Calyptotis scutirostrum,Logistic_single_no_coords,random,False,0,0.06352534407674756,-242916.649698275,6475563.53924511
585,4674,Calyptotis scutirostrum,Logistic_single_no_coords,random,False,0,0.02611774107710536,-127313.378797034,6479531.06572796
599,4786,Calyptotis scutirostrum,Logistic_single_no_coords,random,False,0,0.05060941309780077,-212146.883673553,6444013.91646962
602,4810,Calyptotis scutirostrum,Logistic_single_no_coords,random,False,0,0.23865917553502725,-223808.84244951,6439938.38190837
606,4842,Calyptotis scutirostrum,Logistic_single_no_coords,random,False,0,0.01822624555881629,-122961.147064838,6444559.2200686
624,4986,Calyptotis scutirostrum,Logistic_single_no_coords,random,False,0,0.026154898959449772,-212517.326831474,6418204.13745066
628,5018,Calyptotis scutirostrum,Logistic_single_no_coords,random,False,0,0.023532147503597146,-205426.35557409,6417594.67751035
630,5034,Calyptotis scutirostrum,Logistic_single_no_coords,random,False,0,0.01906180670535975,-211613.384340048,6416445.23828686
639,5106,Calyptotis scutirostrum,Logistic_single_no_coords,random,False,0,0.057260759285280974,-162684.694435925,6370448.58724721
640,5114,Calyptotis scutirostrum,Logistic_single_no_coords,random,False,0,0.10318647299515966,-176653.554553042,6368244.44348734
7,51,Coeranoscincus reticulatus,Logistic_single_no_coords,random,False,0,0.04520005578260065,-35290.0454930004,6868477.63934909
15,115,Coeranoscincus reticulatus,Logistic_single_no_coords,random,False,0,0.317549675739812,-99804.9506313828,6852000.67743644
21,163,Coeranoscincus reticulatus,Logistic_single_no_coords,random,False,0,0.4294136643297152,-91866.6308808398,6850184.44292602
29,227,Coeranoscincus reticulatus,Logistic_single_no_coords,random,False,0,0.06849093711732598,-81258.2639630969,6847092.07487722
30,235,Coeranoscincus reticulatus,Logistic_single_no_coords,random,False,0,0.24246859438299295,-96294.553982511,6846140.09863748
31,243,Coeranoscincus reticulatus,Logistic_single_no_coords,random,False,0,0.22180654677294295,-95292.0596882657,6846190.80238834
37,291,Coeranoscincus reticulatus,Logistic_single_no_coords,random,False,0,0.06925652301911939,-79037.3638766905,6846800.48131106
41,323,Coeranoscincus reticulatus,Logistic_single_no_coords,random,False,0,0.29837343431358093,-96863.6801254773,6845509.65270053
47,371,Coeranoscincus reticulatus,Logistic_single_no_coords,random,False,0,0.059894682556853374,-79381.2357397435,6845781.19738334
52,411,Coeranoscincus reticulatus,Logistic_single_no_coords,random,False,0,0.1491541729875465,-60471.4026198804,6845516.11047191
56,443,Coeranoscincus reticulatus,Logistic_single_no_coords,random,False,0,0.15789027178813617,-60864.6156634532,6845296.97560224
61,483,Coeranoscincus reticulatus,Logistic_single_no_coords,random,False,0,0.09524074457526407,-61435.1928033584,6844668.54431818
62,491,Coeranoscincus reticulatus,Logistic_single_no_coords,random,False,0,0.13299917949536247,-60629.7662982834,6844706.93792291
65,515,Coeranoscincus reticulatus,Logistic_single_no_coords,random,False,0,0.16288536128663822,-84881.8823593461,6843092.18042196
72,571,Coeranoscincus reticulatus,Logistic_single_no_coords,random,False,0,0.228432757648259,-86463.3052036808,6842612.44869674
78,619,Coeranoscincus reticulatus,Logistic_single_no_coords,random,False,1,0.2639355480576562,-85647.642077096,6842252.08566301
84,667,Coeranoscincus reticulatus,Logistic_single_no_coords,random,False,0,0.05613743864255897,-75697.1375955953,6840337.76316393
87,691,Coeranoscincus reticulatus,Logistic_single_no_coords,random,False,1,0.09728264359578856,-71013.5035560221,6839163.13240084
92,731,Coeranoscincus reticulatus,Logistic_single_no_coords,random,False,0,0.02609102458105953,-75353.1982293057,6837536.97534272
97,771,Coeranoscincus reticulatus,Logistic_single_no_coords,random,False,1,0.17179500798948363,-114250.874091765,6835186.86007185
99,787,Coeranoscincus reticulatus,Logistic_single_no_coords,random,False,0,0.17676286879211378,-123277.985601988,6834532.44353339
101,803,Coeranoscincus reticulatus,Logistic_single_no_coords,random,False,0,0.33027504749532494,-147109.711119875,6832327.45616153
108,859,Coeranoscincus reticulatus,Logistic_single_no_coords,random,False,0,0.19890581195653548,-120786.146445189,6833048.30377336
116,923,Coeranoscincus reticulatus,Logistic_single_no_coords,random,False,0,0.15160360502755477,-119959.663589068,6832690.76087561
117,931,Coeranoscincus reticulatus,Logistic_single_no_coords,random,False,1,0.1694829258786726,-119338.87811833,6832311.15904512
121,963,Coeranoscincus reticulatus,Logistic_single_no_coords,random,False,1,0.1502058856900118,-113308.229962265,6832416.48893136
125,995,Coeranoscincus reticulatus,Logistic_single_no_coords,random,False,0,0.14122929417261085,-119100.196556909,6831521.23488212
129,1027,Coeranoscincus reticulatus,Logistic_single_no_coords,random,False,0,0.18192316322409835,-76147.8048592401,6833277.03106837
132,1051,Coeranoscincus reticulatus,Logistic_single_no_coords,random,False,0,0.23606757762876146,-105801.162580743,6831179.93507326
133,1059,Coeranoscincus reticulatus,Logistic_single_no_coords,random,False,0,0.14947344754080322,-76520.6971461142,6832657.28276156
136,1083,Coeranoscincus reticulatus,Logistic_single_no_coords,random,False,0,0.05241744194480329,-62745.5415882464,6830732.52392328
139,1107,Coeranoscincus reticulatus,Logistic_single_no_coords,random,False,0,0.12981691025860026,-60097.6324680274,6830057.84195886
141,1123,Coeranoscincus reticulatus,Logistic_single_no_coords,random,False,0,0.06103854244845098,-59274.1159834863,6829696.39928037
148,1179,Coeranoscincus reticulatus,Logistic_single_no_coords,random,False,0,0.04068674240478671,-59039.7148912014,6828905.9612443
153,1219,Coeranoscincus reticulatus,Logistic_single_no_coords,random,False,0,0.10217290630856887,-56158.084536112,6827640.49763384
160,1275,Coeranoscincus reticulatus,Logistic_single_no_coords,random,False,0,0.13048582100248407,-57082.2051583753,6825993.28319997
165,1315,Coeranoscincus reticulatus,Logistic_single_no_coords,random,False,0,0.1459175125174821,-116199.528148125,6817786.39841097
169,1347,Coeranoscincus reticulatus,Logistic_single_no_coords,random,False,0,0.19574352183476765,-108876.433782581,6816343.47520397
172,1371,Coeranoscincus reticulatus,Logistic_single_no_coords,random,False,0,0.2744621658514967,-148834.228828815,6806479.17622519
173,1379,Coeranoscincus reticulatus,Logistic_single_no_coords,random,False,0,0.08625860768378509,-26864.9515665186,6812638.8314962
175,1395,Coeranoscincus reticulatus,Logistic_single_no_coords,random,False,0,0.142980374873928,-26614.0603685924,6811648.67695057
180,1435,Coeranoscincus reticulatus,Logistic_single_no_coords,random,False,0,0.054243971329942166,-29780.9705356891,6806663.75964171
181,1443,Coeranoscincus reticulatus,Logistic_single_no_coords,random,False,0,0.054276882422232484,-29379.7381757025,6806682.07694802
185,1475,Coeranoscincus reticulatus,Logistic_single_no_coords,random,False,1,0.25682791921785,-154680.904774922,6798732.86570032
194,1547,Coeranoscincus reticulatus,Logistic_single_no_coords,random,False,1,0.2350774141854253,-113057.133584369,6799439.25721174
195,1555,Coeranoscincus reticulatus,Logistic_single_no_coords,random,False,1,0.21048043041582162,-153177.628494992,6796999.50794559
203,1619,Coeranoscincus reticulatus,Logistic_single_no_coords,random,False,1,0.18165501036312565,-165638.858103626,6792540.33884748
205,1635,Coeranoscincus reticulatus,Logistic_single_no_coords,random,False,0,0.18463395153527512,-111987.574051639,6794257.38010052
209,1667,Coeranoscincus reticulatus,Logistic_single_no_coords,random,False,1,0.2149206401999284,-112530.721336831,6793024.84869485
214,1707,Coeranoscincus reticulatus,Logistic_single_no_coords,random,False,0,0.16571598793752984,-110822.113763642,6787074.42336939
226,1803,Coeranoscincus reticulatus,Logistic_single_no_coords,random,False,1,0.17735912787580735,-156768.616233883,6780508.50732801
231,1843,Coeranoscincus reticulatus,Logistic_single_no_coords,random,False,1,0.18032955137715215,-107923.462038802,6781588.26422547
232,1851,Coeranoscincus reticulatus,Logistic_single_no_coords,random,False,0,0.1327408288726426,-154268.894705046,6778832.59399199
236,1883,Coeranoscincus reticulatus,Logistic_single_no_coords,random,False,1,0.11577265009244678,-157007.529503806,6769427.67794309
237,1891,Coeranoscincus reticulatus,Logistic_single_no_coords,random,False,1,0.11582018881518168,-157601.945479142,6769192.74860327
238,1899,Coeranoscincus reticulatus,Logistic_single_no_coords,random,False,0,0.10578030449966805,-42631.6013249115,6774856.7836682
253,2019,Coeranoscincus reticulatus,Logistic_single_no_coords,random,False,0,0.12694871800698748,-153010.118576574,6758154.60282466
260,2075,Coeranoscincus reticulatus,Logistic_single_no_coords,random,False,0,0.1283335606125156,-139702.22082351,6757637.17957907
261,2083,Coeranoscincus reticulatus,Logistic_single_no_coords,random,False,0,0.26285330670975243,-149531.814001847,6756925.32438673
279,2227,Coeranoscincus reticulatus,Logistic_single_no_coords,random,False,0,0.14954194522345807,-165065.597196224,6745863.85427266
282,2251,Coeranoscincus reticulatus,Logistic_single_no_coords,random,False,0,0.07403701218894347,-48676.0066271106,6751433.87966314
283,2259,Coeranoscincus reticulatus,Logistic_single_no_coords,random,False,0,0.11968508141204671,-144358.241751465,6746321.2757456
285,2275,Coeranoscincus reticulatus,Logistic_single_no_coords,random,False,0,0.07467291866903351,-48666.355678597,6751233.93894705
290,2315,Coeranoscincus reticulatus,Logistic_single_no_coords,random,False,0,0.09943859601794638,-54841.9600197467,6750321.73267861
303,2419,Coeranoscincus reticulatus,Logistic_single_no_coords,random,False,0,0.16511354362156716,-86896.2863933826,6740221.21400845
307,2451,Coeranoscincus reticulatus,Logistic_single_no_coords,random,False,0,0.144192415782395,-75230.2145233742,6740017.73560779
308,2459,Coeranoscincus reticulatus,Logistic_single_no_coords,random,False,0,0.14968748123085734,-164907.141677267,6734992.82147675
322,2571,Coeranoscincus reticulatus,Logistic_single_no_coords,random,False,0,0.039326482168800525,-148858.437557277,6712675.66874389
328,2619,Coeranoscincus reticulatus,Logistic_single_no_coords,random,False,0,0.09192758098479413,-160137.175183615,6708870.73185706
329,2627,Coeranoscincus reticulatus,Logistic_single_no_coords,random,False,0,0.14425358427911905,-161729.965162506,6708587.05668997
339,2707,Coeranoscincus reticulatus,Logistic_single_no_coords,random,False,0,0.06283586099065082,-50204.0063193176,6710952.93925814
352,2811,Coeranoscincus reticulatus,Logistic_single_no_coords,random,False,0,0.15285398346722248,-161130.645593128,6697139.33525593
354,2827,Coeranoscincus reticulatus,Logistic_single_no_coords,random,False,0,0.11365682394575863,-54397.1023715114,6702694.88150925
369,2947,Coeranoscincus reticulatus,Logistic_single_no_coords,random,False,0,0.25346713817587907,-115761.593020762,6695476.19653521
372,2971,Coeranoscincus reticulatus,Logistic_single_no_coords,random,False,0,0.09419056329659846,-51958.1449948344,6698406.00349235
379,3027,Coeranoscincus reticulatus,Logistic_single_no_coords,random,False,0,0.2010797890690675,-170997.113124586,6685555.44783591
380,3035,Coeranoscincus reticulatus,Logistic_single_no_coords,random,False,0,0.186236480779482,-171751.567168655,6684505.22516541
381,3043,Coeranoscincus reticulatus,Logistic_single_no_coords,random,False,0,0.1886547778075771,-170101.851938007,6683790.0457837
384,3067,Coeranoscincus reticulatus,Logistic_single_no_coords,random,False,0,0.2167356364360132,-153569.490242912,6679419.46406309
394,3147,Coeranoscincus reticulatus,Logistic_single_no_coords,random,False,0,0.2533303008040728,-157694.599141127,6669935.38089694
395,3155,Coeranoscincus reticulatus,Logistic_single_no_coords,random,False,0,0.23513455414997306,-156289.421979757,6670007.80018539
396,3163,Coeranoscincus reticulatus,Logistic_single_no_coords,random,False,1,0.17742968011170412,-122906.583332893,6670557.67612587
400,3195,Coeranoscincus reticulatus,Logistic_single_no_coords,random,False,1,0.4170402902653031,-125067.694169073,6669443.0445974
403,3219,Coeranoscincus reticulatus,Logistic_single_no_coords,random,False,0,0.17233415503990684,-58257.6048943475,6672743.96684541
407,3251,Coeranoscincus reticulatus,Logistic_single_no_coords,random,False,0,0.3369441643830067,-125225.02885331,6668620.03383924
413,3299,Coeranoscincus reticulatus,Logistic_single_no_coords,random,False,1,0.17163307167032205,-120072.988069293,6666279.06080417
415,3315,Coeranoscincus reticulatus,Logistic_single_no_coords,random,False,0,0.24611674735412384,-178654.150282374,6662593.67423277
420,3355,Coeranoscincus reticulatus,Logistic_single_no_coords,random,False,1,0.2518965041385914,-125379.598774365,6663983.11844257
422,3371,Coeranoscincus reticulatus,Logistic_single_no_coords,random,False,1,0.21557292609798362,-125514.62268173,6662771.00533564
427,3411,Coeranoscincus reticulatus,Logistic_single_no_coords,random,False,1,0.21456024602274604,-128408.296244871,6660409.13008774
447,3571,Coeranoscincus reticulatus,Logistic_single_no_coords,random,False,0,0.19134058253645309,-134779.996572383,6651420.87222455
449,3587,Coeranoscincus reticulatus,Logistic_single_no_coords,random,False,0,0.1212420317607888,-135559.130529282,6650974.17840999
450,3595,Coeranoscincus reticulatus,Logistic_single_no_coords,random,False,0,0.11280487120038087,-65340.5697630112,6654471.79599168
458,3659,Coeranoscincus reticulatus,Logistic_single_no_coords,random,False,0,0.14711070363212322,-133451.630563193,6649077.13745528
461,3683,Coeranoscincus reticulatus,Logistic_single_no_coords,random,False,0,0.17568456845000716,-132111.524830825,6646522.10607269
462,3691,Coeranoscincus reticulatus,Logistic_single_no_coords,random,False,0,0.21081401964842333,-129873.482679348,6646037.61836241
463,3699,Coeranoscincus reticulatus,Logistic_single_no_coords,random,False,0,0.23934211019216933,-130606.171632184,6644790.80822609
464,3707,Coeranoscincus reticulatus,Logistic_single_no_coords,random,False,0,0.08199649854321774,-62036.5636510338,6645195.69882671
475,3795,Coeranoscincus reticulatus,Logistic_single_no_coords,random,False,0,0.12708881887519982,-103178.812815837,6605812.65044331
480,3835,Coeranoscincus reticulatus,Logistic_single_no_coords,random,False,0,0.10380997749655091,-139787.964672713,6601638.98677139
481,3843,Coeranoscincus reticulatus,Logistic_single_no_coords,random,False,0,0.1526681293845198,-140574.776964781,6601391.4036645
488,3899,Coeranoscincus reticulatus,Logistic_single_no_coords,random,False,0,0.11603421902828068,-141193.546516212,6594113.16970331
490,3915,Coeranoscincus reticulatus,Logistic_single_no_coords,random,False,0,0.12663882780600963,-140157.01004317,6593561.29260029
494,3947,Coeranoscincus reticulatus,Logistic_single_no_coords,random,False,0,0.40561213026402215,-160099.441241579,6571357.13800851
499,3987,Coeranoscincus reticulatus,Logistic_single_no_coords,random,False,0,0.21947422325033936,-166874.918971174,6569986.45729551
507,4051,Coeranoscincus reticulatus,Logistic_single_no_coords,random,False,0,0.10373527342622604,-144741.332783447,6566549.73714478
508,4059,Coeranoscincus reticulatus,Logistic_single_no_coords,random,False,0,0.31785075174535027,-162480.687351114,6563171.45187532
510,4075,Coeranoscincus reticulatus,Logistic_single_no_coords,random,False,0,0.10671899387172949,-146201.750488105,6563648.83716664
514,4107,Coeranoscincus reticulatus,Logistic_single_no_coords,random,False,0,0.09859918337886717,-146089.648133388,6561646.84538545
525,4195,Coeranoscincus reticulatus,Logistic_single_no_coords,random,False,0,0.23178204594376556,-118770.04691586,6551450.02671343
531,4243,Coeranoscincus reticulatus,Logistic_single_no_coords,random,False,0,0.15509184979185356,-83551.8721662688,6536463.55059073
533,4259,Coeranoscincus reticulatus,Logistic_single_no_coords,random,False,0,0.03859449069079382,-128644.80040642,6533196.04348179
537,4291,Coeranoscincus reticulatus,Logistic_single_no_coords,random,False,0,0.10348037099059533,-133101.696097477,6529938.31197594
545,4355,Coeranoscincus reticulatus,Logistic_single_no_coords,random,False,0,0.14771166754453524,-114087.089464681,6528156.09858245
558,4459,Coeranoscincus reticulatus,Logistic_single_no_coords,random,False,0,0.16652901407548304,-204344.653545143,6507116.16956193
567,4531,Coeranoscincus reticulatus,Logistic_single_no_coords,random,False,0,0.17775315786125945,-146716.822931648,6491951.21913417
572,4571,Coeranoscincus reticulatus,Logistic_single_no_coords,random,False,0,0.18044542117793455,-141525.12346321,6489014.81167942
576,4603,Coeranoscincus reticulatus,Logistic_single_no_coords,random,False,0,0.28979218854181543,-206813.275853676,6482403.27464338
579,4627,Coeranoscincus reticulatus,Logistic_single_no_coords,random,False,0,0.20941031402693613,-242916.649698275,6475563.53924511
585,4675,Coeranoscincus reticulatus,Logistic_single_no_coords,random,False,0,0.0949496701634623,-127313.378797034,6479531.06572796
599,4787,Coeranoscincus reticulatus,Logistic_single_no_coords,random,False,0,0.12983392210917807,-212146.883673553,6444013.91646962
602,4811,Coeranoscincus reticulatus,Logistic_single_no_coords,random,False,0,0.32834028560864637,-223808.84244951,6439938.38190837
606,4843,Coeranoscincus reticulatus,Logistic_single_no_coords,random,False,0,0.2099840664592588,-122961.147064838,6444559.2200686
624,4987,Coeranoscincus reticulatus,Logistic_single_no_coords,random,False,0,0.12524303684929958,-212517.326831474,6418204.13745066
628,5019,Coeranoscincus reticulatus,Logistic_single_no_coords,random,False,0,0.10073265591623544,-205426.35557409,6417594.67751035
630,5035,Coeranoscincus reticulatus,Logistic_single_no_coords,random,False,0,0.1172581703904953,-211613.384340048,6416445.23828686
639,5107,Coeranoscincus reticulatus,Logistic_single_no_coords,random,False,0,0.24627098584250492,-162684.694435925,6370448.58724721
640,5115,Coeranoscincus reticulatus,Logistic_single_no_coords,random,False,0,0.2857805338921034,-176653.554553042,6368244.44348734
7,52,Egernia mcpheei,Logistic_single_no_coords,random,False,0,0.009946971839872202,-35290.0454930004,6868477.63934909
15,116,Egernia mcpheei,Logistic_single_no_coords,random,False,1,0.05670537962999534,-99804.9506313828,6852000.67743644
21,164,Egernia mcpheei,Logistic_single_no_coords,random,False,0,0.06514620350560156,-91866.6308808398,6850184.44292602
29,228,Egernia mcpheei,Logistic_single_no_coords,random,False,0,0.020096138533050423,-81258.2639630969,6847092.07487722
30,236,Egernia mcpheei,Logistic_single_no_coords,random,False,1,0.05379784135625682,-96294.553982511,6846140.09863748
31,244,Egernia mcpheei,Logistic_single_no_coords,random,False,0,0.043189332371399325,-95292.0596882657,6846190.80238834
37,292,Egernia mcpheei,Logistic_single_no_coords,random,False,0,0.017815442185782633,-79037.3638766905,6846800.48131106
41,324,Egernia mcpheei,Logistic_single_no_coords,random,False,0,0.05760750962304621,-96863.6801254773,6845509.65270053
47,372,Egernia mcpheei,Logistic_single_no_coords,random,False,0,0.01950202521313508,-79381.2357397435,6845781.19738334
52,412,Egernia mcpheei,Logistic_single_no_coords,random,False,0,0.0313195769894627,-60471.4026198804,6845516.11047191
56,444,Egernia mcpheei,Logistic_single_no_coords,random,False,0,0.02869925364525109,-60864.6156634532,6845296.97560224
61,484,Egernia mcpheei,Logistic_single_no_coords,random,False,0,0.010581707658062779,-61435.1928033584,6844668.54431818
62,492,Egernia mcpheei,Logistic_single_no_coords,random,False,0,0.028283727733066564,-60629.7662982834,6844706.93792291
65,516,Egernia mcpheei,Logistic_single_no_coords,random,False,0,0.032140262669089766,-84881.8823593461,6843092.18042196
72,572,Egernia mcpheei,Logistic_single_no_coords,random,False,0,0.05713729801411717,-86463.3052036808,6842612.44869674
78,620,Egernia mcpheei,Logistic_single_no_coords,random,False,0,0.045145937458694795,-85647.642077096,6842252.08566301
84,668,Egernia mcpheei,Logistic_single_no_coords,random,False,0,0.01679829880400212,-75697.1375955953,6840337.76316393
87,692,Egernia mcpheei,Logistic_single_no_coords,random,False,0,0.015469139323917525,-71013.5035560221,6839163.13240084
92,732,Egernia mcpheei,Logistic_single_no_coords,random,False,0,0.012418007922938979,-75353.1982293057,6837536.97534272
97,772,Egernia mcpheei,Logistic_single_no_coords,random,False,0,0.047854565639361725,-114250.874091765,6835186.86007185
99,788,Egernia mcpheei,Logistic_single_no_coords,random,False,0,0.014245636868984831,-123277.985601988,6834532.44353339
101,804,Egernia mcpheei,Logistic_single_no_coords,random,False,0,0.04198491333111186,-147109.711119875,6832327.45616153
108,860,Egernia mcpheei,Logistic_single_no_coords,random,False,0,0.014110613229715694,-120786.146445189,6833048.30377336
116,924,Egernia mcpheei,Logistic_single_no_coords,random,False,0,0.012848851793594447,-119959.663589068,6832690.76087561
117,932,Egernia mcpheei,Logistic_single_no_coords,random,False,0,0.01352447320869761,-119338.87811833,6832311.15904512
121,964,Egernia mcpheei,Logistic_single_no_coords,random,False,0,0.011800582922373029,-113308.229962265,6832416.48893136
125,996,Egernia mcpheei,Logistic_single_no_coords,random,False,0,0.014331986532420895,-119100.196556909,6831521.23488212
129,1028,Egernia mcpheei,Logistic_single_no_coords,random,False,0,0.029558321221414604,-76147.8048592401,6833277.03106837
132,1052,Egernia mcpheei,Logistic_single_no_coords,random,False,0,0.04487909973321534,-105801.162580743,6831179.93507326
133,1060,Egernia mcpheei,Logistic_single_no_coords,random,False,0,0.02214194235326501,-76520.6971461142,6832657.28276156
136,1084,Egernia mcpheei,Logistic_single_no_coords,random,False,0,0.012677655809789443,-62745.5415882464,6830732.52392328
139,1108,Egernia mcpheei,Logistic_single_no_coords,random,False,0,0.024638799569315986,-60097.6324680274,6830057.84195886
141,1124,Egernia mcpheei,Logistic_single_no_coords,random,False,0,0.009125468934306918,-59274.1159834863,6829696.39928037
148,1180,Egernia mcpheei,Logistic_single_no_coords,random,False,1,0.01721577199980475,-59039.7148912014,6828905.9612443
153,1220,Egernia mcpheei,Logistic_single_no_coords,random,False,0,0.04387513216564473,-56158.084536112,6827640.49763384
160,1276,Egernia mcpheei,Logistic_single_no_coords,random,False,0,0.04862192265453119,-57082.2051583753,6825993.28319997
165,1316,Egernia mcpheei,Logistic_single_no_coords,random,False,0,0.015143016152291813,-116199.528148125,6817786.39841097
169,1348,Egernia mcpheei,Logistic_single_no_coords,random,False,0,0.018729473934576073,-108876.433782581,6816343.47520397
172,1372,Egernia mcpheei,Logistic_single_no_coords,random,False,0,0.01629043812559146,-148834.228828815,6806479.17622519
173,1380,Egernia mcpheei,Logistic_single_no_coords,random,False,0,0.013595776198912597,-26864.9515665186,6812638.8314962
175,1396,Egernia mcpheei,Logistic_single_no_coords,random,False,0,0.01682616492638215,-26614.0603685924,6811648.67695057
180,1436,Egernia mcpheei,Logistic_single_no_coords,random,False,0,0.01048618235324448,-29780.9705356891,6806663.75964171
181,1444,Egernia mcpheei,Logistic_single_no_coords,random,False,0,0.010438511467909905,-29379.7381757025,6806682.07694802
185,1476,Egernia mcpheei,Logistic_single_no_coords,random,False,0,0.01708281578078017,-154680.904774922,6798732.86570032
194,1548,Egernia mcpheei,Logistic_single_no_coords,random,False,0,0.0492201485011763,-113057.133584369,6799439.25721174
195,1556,Egernia mcpheei,Logistic_single_no_coords,random,False,0,0.018844240539421794,-153177.628494992,6796999.50794559
203,1620,Egernia mcpheei,Logistic_single_no_coords,random,False,0,0.008555755808007348,-165638.858103626,6792540.33884748
205,1636,Egernia mcpheei,Logistic_single_no_coords,random,False,0,0.017163171166074416,-111987.574051639,6794257.38010052
209,1668,Egernia mcpheei,Logistic_single_no_coords,random,False,0,0.016625369238982397,-112530.721336831,6793024.84869485
214,1708,Egernia mcpheei,Logistic_single_no_coords,random,False,0,0.014272395187030865,-110822.113763642,6787074.42336939
226,1804,Egernia mcpheei,Logistic_single_no_coords,random,False,0,0.014830799737878882,-156768.616233883,6780508.50732801
231,1844,Egernia mcpheei,Logistic_single_no_coords,random,False,0,0.019595182767102166,-107923.462038802,6781588.26422547
232,1852,Egernia mcpheei,Logistic_single_no_coords,random,False,0,0.013506742291648322,-154268.894705046,6778832.59399199
236,1884,Egernia mcpheei,Logistic_single_no_coords,random,False,0,0.007730633753486879,-157007.529503806,6769427.67794309
237,1892,Egernia mcpheei,Logistic_single_no_coords,random,False,0,0.008475700139511908,-157601.945479142,6769192.74860327
238,1900,Egernia mcpheei,Logistic_single_no_coords,random,False,0,0.012693810448838513,-42631.6013249115,6774856.7836682
253,2020,Egernia mcpheei,Logistic_single_no_coords,random,False,0,0.00848471969168745,-153010.118576574,6758154.60282466
260,2076,Egernia mcpheei,Logistic_single_no_coords,random,False,0,0.012284237898693925,-139702.22082351,6757637.17957907
261,2084,Egernia mcpheei,Logistic_single_no_coords,random,False,0,0.010881092393513503,-149531.814001847,6756925.32438673
279,2228,Egernia mcpheei,Logistic_single_no_coords,random,False,0,0.011777902265781287,-165065.597196224,6745863.85427266
282,2252,Egernia mcpheei,Logistic_single_no_coords,random,False,0,0.011663419651882268,-48676.0066271106,6751433.87966314
283,2260,Egernia mcpheei,Logistic_single_no_coords,random,False,0,0.010396964253681043,-144358.241751465,6746321.2757456
285,2276,Egernia mcpheei,Logistic_single_no_coords,random,False,0,0.011592213784254972,-48666.355678597,6751233.93894705
290,2316,Egernia mcpheei,Logistic_single_no_coords,random,False,0,0.012705972174725251,-54841.9600197467,6750321.73267861
303,2420,Egernia mcpheei,Logistic_single_no_coords,random,False,0,0.017940777144290623,-86896.2863933826,6740221.21400845
307,2452,Egernia mcpheei,Logistic_single_no_coords,random,False,0,0.01042818051330667,-75230.2145233742,6740017.73560779
308,2460,Egernia mcpheei,Logistic_single_no_coords,random,False,0,0.011872888761329158,-164907.141677267,6734992.82147675
322,2572,Egernia mcpheei,Logistic_single_no_coords,random,False,0,0.005016183636401002,-148858.437557277,6712675.66874389
328,2620,Egernia mcpheei,Logistic_single_no_coords,random,False,0,0.007101304942886123,-160137.175183615,6708870.73185706
329,2628,Egernia mcpheei,Logistic_single_no_coords,random,False,0,0.007599527047997716,-161729.965162506,6708587.05668997
339,2708,Egernia mcpheei,Logistic_single_no_coords,random,False,0,0.010295054647190608,-50204.0063193176,6710952.93925814
352,2812,Egernia mcpheei,Logistic_single_no_coords,random,False,0,0.009583885374110439,-161130.645593128,6697139.33525593
354,2828,Egernia mcpheei,Logistic_single_no_coords,random,False,0,0.01572284654789587,-54397.1023715114,6702694.88150925
369,2948,Egernia mcpheei,Logistic_single_no_coords,random,False,0,0.022181501055073303,-115761.593020762,6695476.19653521
372,2972,Egernia mcpheei,Logistic_single_no_coords,random,False,0,0.011431116579404163,-51958.1449948344,6698406.00349235
379,3028,Egernia mcpheei,Logistic_single_no_coords,random,False,0,0.012472281219037212,-170997.113124586,6685555.44783591
380,3036,Egernia mcpheei,Logistic_single_no_coords,random,False,0,0.012331878458883448,-171751.567168655,6684505.22516541
381,3044,Egernia mcpheei,Logistic_single_no_coords,random,False,0,0.01175017083281506,-170101.851938007,6683790.0457837
384,3068,Egernia mcpheei,Logistic_single_no_coords,random,False,0,0.014050302649659013,-153569.490242912,6679419.46406309
394,3148,Egernia mcpheei,Logistic_single_no_coords,random,False,0,0.015395819520299765,-157694.599141127,6669935.38089694
395,3156,Egernia mcpheei,Logistic_single_no_coords,random,False,0,0.01540230688595453,-156289.421979757,6670007.80018539
396,3164,Egernia mcpheei,Logistic_single_no_coords,random,False,0,0.013364203134685575,-122906.583332893,6670557.67612587
400,3196,Egernia mcpheei,Logistic_single_no_coords,random,False,0,0.018531771413836034,-125067.694169073,6669443.0445974
403,3220,Egernia mcpheei,Logistic_single_no_coords,random,False,0,0.018423766113888823,-58257.6048943475,6672743.96684541
407,3252,Egernia mcpheei,Logistic_single_no_coords,random,False,0,0.016537148527079017,-125225.02885331,6668620.03383924
413,3300,Egernia mcpheei,Logistic_single_no_coords,random,False,0,0.015560572611132497,-120072.988069293,6666279.06080417
415,3316,Egernia mcpheei,Logistic_single_no_coords,random,False,0,0.010245101633621238,-178654.150282374,6662593.67423277
420,3356,Egernia mcpheei,Logistic_single_no_coords,random,False,0,0.016253286290627205,-125379.598774365,6663983.11844257
422,3372,Egernia mcpheei,Logistic_single_no_coords,random,False,0,0.013594683408200378,-125514.62268173,6662771.00533564
427,3412,Egernia mcpheei,Logistic_single_no_coords,random,False,0,0.013948631752747104,-128408.296244871,6660409.13008774
447,3572,Egernia mcpheei,Logistic_single_no_coords,random,False,0,0.009781558891577455,-134779.996572383,6651420.87222455
449,3588,Egernia mcpheei,Logistic_single_no_coords,random,False,0,0.010248067864681552,-135559.130529282,6650974.17840999
450,3596,Egernia mcpheei,Logistic_single_no_coords,random,False,0,0.01609936340902755,-65340.5697630112,6654471.79599168
458,3660,Egernia mcpheei,Logistic_single_no_coords,random,False,0,0.012437773649910793,-133451.630563193,6649077.13745528
461,3684,Egernia mcpheei,Logistic_single_no_coords,random,False,0,0.012332715708685165,-132111.524830825,6646522.10607269
462,3692,Egernia mcpheei,Logistic_single_no_coords,random,False,0,0.012000892004088456,-129873.482679348,6646037.61836241
463,3700,Egernia mcpheei,Logistic_single_no_coords,random,False,0,0.013930259788588065,-130606.171632184,6644790.80822609
464,3708,Egernia mcpheei,Logistic_single_no_coords,random,False,0,0.011383891140396759,-62036.5636510338,6645195.69882671
475,3796,Egernia mcpheei,Logistic_single_no_coords,random,False,0,0.010615403524461409,-103178.812815837,6605812.65044331
480,3836,Egernia mcpheei,Logistic_single_no_coords,random,False,0,0.008674616199885835,-139787.964672713,6601638.98677139
481,3844,Egernia mcpheei,Logistic_single_no_coords,random,False,0,0.011702358477018837,-140574.776964781,6601391.4036645
488,3900,Egernia mcpheei,Logistic_single_no_coords,random,False,0,0.010544514615859873,-141193.546516212,6594113.16970331
490,3916,Egernia mcpheei,Logistic_single_no_coords,random,False,0,0.009426981994432855,-140157.01004317,6593561.29260029
494,3948,Egernia mcpheei,Logistic_single_no_coords,random,False,0,0.0251995416837627,-160099.441241579,6571357.13800851
499,3988,Egernia mcpheei,Logistic_single_no_coords,random,False,0,0.012376143068914302,-166874.918971174,6569986.45729551
507,4052,Egernia mcpheei,Logistic_single_no_coords,random,False,0,0.009981016255709256,-144741.332783447,6566549.73714478
508,4060,Egernia mcpheei,Logistic_single_no_coords,random,False,0,0.012521011527396193,-162480.687351114,6563171.45187532
510,4076,Egernia mcpheei,Logistic_single_no_coords,random,False,0,0.009677418255968833,-146201.750488105,6563648.83716664
514,4108,Egernia mcpheei,Logistic_single_no_coords,random,False,0,0.009217422329173773,-146089.648133388,6561646.84538545
525,4196,Egernia mcpheei,Logistic_single_no_coords,random,False,0,0.01860288756744765,-118770.04691586,6551450.02671343
531,4244,Egernia mcpheei,Logistic_single_no_coords,random,False,0,0.016723193905567816,-83551.8721662688,6536463.55059073
533,4260,Egernia mcpheei,Logistic_single_no_coords,random,False,0,0.007056359395593934,-128644.80040642,6533196.04348179
537,4292,Egernia mcpheei,Logistic_single_no_coords,random,False,0,0.010866658724874028,-133101.696097477,6529938.31197594
545,4356,Egernia mcpheei,Logistic_single_no_coords,random,False,0,0.012480606103463857,-114087.089464681,6528156.09858245
558,4460,Egernia mcpheei,Logistic_single_no_coords,random,False,0,0.02050250199207487,-204344.653545143,6507116.16956193
567,4532,Egernia mcpheei,Logistic_single_no_coords,random,False,0,0.014672582486509171,-146716.822931648,6491951.21913417
572,4572,Egernia mcpheei,Logistic_single_no_coords,random,False,0,0.01455466334289282,-141525.12346321,6489014.81167942
576,4604,Egernia mcpheei,Logistic_single_no_coords,random,False,0,0.013514683149157295,-206813.275853676,6482403.27464338
579,4628,Egernia mcpheei,Logistic_single_no_coords,random,False,0,0.02188011079652316,-242916.649698275,6475563.53924511
585,4676,Egernia mcpheei,Logistic_single_no_coords,random,False,0,0.011316816189462198,-127313.378797034,6479531.06572796
599,4788,Egernia mcpheei,Logistic_single_no_coords,random,False,0,0.0181466496644877,-212146.883673553,6444013.91646962
602,4812,Egernia mcpheei,Logistic_single_no_coords,random,False,0,0.034811583115195686,-223808.84244951,6439938.38190837
606,4844,Egernia mcpheei,Logistic_single_no_coords,random,False,0,0.017165975558819352,-122961.147064838,6444559.2200686
624,4988,Egernia mcpheei,Logistic_single_no_coords,random,False,0,0.00892214555464981,-212517.326831474,6418204.13745066
628,5020,Egernia mcpheei,Logistic_single_no_coords,random,False,0,0.01934715615026639,-205426.35557409,6417594.67751035
630,5036,Egernia mcpheei,Logistic_single_no_coords,random,False,0,0.0163412381455448,-211613.384340048,6416445.23828686
639,5108,Egernia mcpheei,Logistic_single_no_coords,random,False,0,0.017758602062842473,-162684.694435925,6370448.58724721
640,5116,Egernia mcpheei,Logistic_single_no_coords,random,False,0,0.01832717015686531,-176653.554553042,6368244.44348734
7,53,Eulamprus murrayi,Logistic_single_no_coords,random,False,0,0.002607980988869719,-35290.0454930004,6868477.63934909
15,117,Eulamprus murrayi,Logistic_single_no_coords,random,False,0,0.00420812224198383,-99804.9506313828,6852000.67743644
21,165,Eulamprus murrayi,Logistic_single_no_coords,random,False,0,0.003949771856598594,-91866.6308808398,6850184.44292602
29,229,Eulamprus murrayi,Logistic_single_no_coords,random,False,0,0.0022509440120129383,-81258.2639630969,6847092.07487722
30,237,Eulamprus murrayi,Logistic_single_no_coords,random,False,0,0.0036253766726625464,-96294.553982511,6846140.09863748
31,245,Eulamprus murrayi,Logistic_single_no_coords,random,False,0,0.0022624466583524203,-95292.0596882657,6846190.80238834
37,293,Eulamprus murrayi,Logistic_single_no_coords,random,False,0,0.0021770546330424027,-79037.3638766905,6846800.48131106
41,325,Eulamprus murrayi,Logistic_single_no_coords,random,False,0,0.0039175615005979615,-96863.6801254773,6845509.65270053
47,373,Eulamprus murrayi,Logistic_single_no_coords,random,False,0,0.0020788409453184895,-79381.2357397435,6845781.19738334
52,413,Eulamprus murrayi,Logistic_single_no_coords,random,False,0,0.004011092350240399,-60471.4026198804,6845516.11047191
56,445,Eulamprus murrayi,Logistic_single_no_coords,random,False,0,0.0031860953004205776,-60864.6156634532,6845296.97560224
61,485,Eulamprus murrayi,Logistic_single_no_coords,random,False,0,0.004229423917824382,-61435.1928033584,6844668.54431818
62,493,Eulamprus murrayi,Logistic_single_no_coords,random,False,0,0.0030433562658657527,-60629.7662982834,6844706.93792291
65,517,Eulamprus murrayi,Logistic_single_no_coords,random,False,0,0.003508488699084272,-84881.8823593461,6843092.18042196
72,573,Eulamprus murrayi,Logistic_single_no_coords,random,False,0,0.003280791277768547,-86463.3052036808,6842612.44869674
78,621,Eulamprus murrayi,Logistic_single_no_coords,random,False,0,0.0021353021128272015,-85647.642077096,6842252.08566301
84,669,Eulamprus murrayi,Logistic_single_no_coords,random,False,0,0.0019008697332015168,-75697.1375955953,6840337.76316393
87,693,Eulamprus murrayi,Logistic_single_no_coords,random,False,0,0.003778789402286465,-71013.5035560221,6839163.13240084
92,733,Eulamprus murrayi,Logistic_single_no_coords,random,False,0,0.0015416626235549057,-75353.1982293057,6837536.97534272
97,773,Eulamprus murrayi,Logistic_single_no_coords,random,False,0,0.0033395827813678214,-114250.874091765,6835186.86007185
99,789,Eulamprus murrayi,Logistic_single_no_coords,random,False,0,0.0033165987434269767,-123277.985601988,6834532.44353339
101,805,Eulamprus murrayi,Logistic_single_no_coords,random,False,0,0.005066882859025318,-147109.711119875,6832327.45616153
108,861,Eulamprus murrayi,Logistic_single_no_coords,random,False,0,0.0031582150380290823,-120786.146445189,6833048.30377336
116,925,Eulamprus murrayi,Logistic_single_no_coords,random,False,0,0.002990457434409372,-119959.663589068,6832690.76087561
117,933,Eulamprus murrayi,Logistic_single_no_coords,random,False,0,0.0033779922579004382,-119338.87811833,6832311.15904512
121,965,Eulamprus murrayi,Logistic_single_no_coords,random,False,0,0.002401865647714321,-113308.229962265,6832416.48893136
125,997,Eulamprus murrayi,Logistic_single_no_coords,random,False,0,0.0038499256620526216,-119100.196556909,6831521.23488212
129,1029,Eulamprus murrayi,Logistic_single_no_coords,random,False,0,0.003258618683887973,-76147.8048592401,6833277.03106837
132,1053,Eulamprus murrayi,Logistic_single_no_coords,random,False,0,0.002280063958100143,-105801.162580743,6831179.93507326
133,1061,Eulamprus murrayi,Logistic_single_no_coords,random,False,0,0.0015567306417982913,-76520.6971461142,6832657.28276156
136,1085,Eulamprus murrayi,Logistic_single_no_coords,random,False,0,0.0010545380744733446,-62745.5415882464,6830732.52392328
139,1109,Eulamprus murrayi,Logistic_single_no_coords,random,False,0,0.0021830622191472394,-60097.6324680274,6830057.84195886
141,1125,Eulamprus murrayi,Logistic_single_no_coords,random,False,0,0.0027771818257747443,-59274.1159834863,6829696.39928037
148,1181,Eulamprus murrayi,Logistic_single_no_coords,random,False,0,0.0021161081647760416,-59039.7148912014,6828905.9612443
153,1221,Eulamprus murrayi,Logistic_single_no_coords,random,False,0,0.002877884711060314,-56158.084536112,6827640.49763384
160,1277,Eulamprus murrayi,Logistic_single_no_coords,random,False,0,0.0028948982512227678,-57082.2051583753,6825993.28319997
165,1317,Eulamprus murrayi,Logistic_single_no_coords,random,False,0,0.00527325655287071,-116199.528148125,6817786.39841097
169,1349,Eulamprus murrayi,Logistic_single_no_coords,random,False,0,0.0042295905827238875,-108876.433782581,6816343.47520397
172,1373,Eulamprus murrayi,Logistic_single_no_coords,random,False,0,0.003762361832588966,-148834.228828815,6806479.17622519
173,1381,Eulamprus murrayi,Logistic_single_no_coords,random,False,0,0.002088404384816302,-26864.9515665186,6812638.8314962
175,1397,Eulamprus murrayi,Logistic_single_no_coords,random,False,0,0.0037253525740113193,-26614.0603685924,6811648.67695057
180,1437,Eulamprus murrayi,Logistic_single_no_coords,random,False,0,0.0030194133738342685,-29780.9705356891,6806663.75964171
181,1445,Eulamprus murrayi,Logistic_single_no_coords,random,False,0,0.002978807430503111,-29379.7381757025,6806682.07694802
185,1477,Eulamprus murrayi,Logistic_single_no_coords,random,False,0,0.005122814519372536,-154680.904774922,6798732.86570032
194,1549,Eulamprus murrayi,Logistic_single_no_coords,random,False,0,0.0028075365072055387,-113057.133584369,6799439.25721174
195,1557,Eulamprus murrayi,Logistic_single_no_coords,random,False,0,0.005887454489886693,-153177.628494992,6796999.50794559
203,1621,Eulamprus murrayi,Logistic_single_no_coords,random,False,0,0.003925191708436315,-165638.858103626,6792540.33884748
205,1637,Eulamprus murrayi,Logistic_single_no_coords,random,False,0,0.004325576886305418,-111987.574051639,6794257.38010052
209,1669,Eulamprus murrayi,Logistic_single_no_coords,random,False,0,0.0034436884586262007,-112530.721336831,6793024.84869485
214,1709,Eulamprus murrayi,Logistic_single_no_coords,random,False,0,0.0025393898266749945,-110822.113763642,6787074.42336939
226,1805,Eulamprus murrayi,Logistic_single_no_coords,random,False,0,0.004457608724629798,-156768.616233883,6780508.50732801
231,1845,Eulamprus murrayi,Logistic_single_no_coords,random,False,0,0.004552835020576611,-107923.462038802,6781588.26422547
232,1853,Eulamprus murrayi,Logistic_single_no_coords,random,False,0,0.004248719763078838,-154268.894705046,6778832.59399199
236,1885,Eulamprus murrayi,Logistic_single_no_coords,random,False,0,0.0043434561576711035,-157007.529503806,6769427.67794309
237,1893,Eulamprus murrayi,Logistic_single_no_coords,random,False,0,0.005238969721947405,-157601.945479142,6769192.74860327
238,1901,Eulamprus murrayi,Logistic_single_no_coords,random,False,0,0.004437007224842156,-42631.6013249115,6774856.7836682
253,2021,Eulamprus murrayi,Logistic_single_no_coords,random,False,0,0.005336207922264917,-153010.118576574,6758154.60282466
260,2077,Eulamprus murrayi,Logistic_single_no_coords,random,False,0,0.003718574614538872,-139702.22082351,6757637.17957907
261,2085,Eulamprus murrayi,Logistic_single_no_coords,random,False,0,0.0052701872806334045,-149531.814001847,6756925.32438673
279,2229,Eulamprus murrayi,Logistic_single_no_coords,random,False,0,0.0036422932337326916,-165065.597196224,6745863.85427266
282,2253,Eulamprus murrayi,Logistic_single_no_coords,random,False,0,0.0036867626548502583,-48676.0066271106,6751433.87966314
283,2261,Eulamprus murrayi,Logistic_single_no_coords,random,False,0,0.0037491195547413635,-144358.241751465,6746321.2757456
285,2277,Eulamprus murrayi,Logistic_single_no_coords,random,False,0,0.003596862070559226,-48666.355678597,6751233.93894705
290,2317,Eulamprus murrayi,Logistic_single_no_coords,random,False,0,0.0040048568955355695,-54841.9600197467,6750321.73267861
303,2421,Eulamprus murrayi,Logistic_single_no_coords,random,False,0,0.003723836745212969,-86896.2863933826,6740221.21400845
307,2453,Eulamprus murrayi,Logistic_single_no_coords,random,False,0,0.0036620027891709856,-75230.2145233742,6740017.73560779
308,2461,Eulamprus murrayi,Logistic_single_no_coords,random,False,0,0.004587872172110092,-164907.141677267,6734992.82147675
322,2573,Eulamprus murrayi,Logistic_single_no_coords,random,False,0,0.002512975794512096,-148858.437557277,6712675.66874389
328,2621,Eulamprus murrayi,Logistic_single_no_coords,random,False,0,0.004318045510499255,-160137.175183615,6708870.73185706
329,2629,Eulamprus murrayi,Logistic_single_no_coords,random,False,0,0.0038326528540671614,-161729.965162506,6708587.05668997
339,2709,Eulamprus murrayi,Logistic_single_no_coords,random,False,0,0.003182089548027312,-50204.0063193176,6710952.93925814
352,2813,Eulamprus murrayi,Logistic_single_no_coords,random,False,0,0.0030722955219036133,-161130.645593128,6697139.33525593
354,2829,Eulamprus murrayi,Logistic_single_no_coords,random,False,0,0.003273077584808222,-54397.1023715114,6702694.88150925
369,2949,Eulamprus murrayi,Logistic_single_no_coords,random,False,0,0.005651359333049525,-115761.593020762,6695476.19653521
372,2973,Eulamprus murrayi,Logistic_single_no_coords,random,False,0,0.003683503626048769,-51958.1449948344,6698406.00349235
379,3029,Eulamprus murrayi,Logistic_single_no_coords,random,False,0,0.0045066857188428506,-170997.113124586,6685555.44783591
380,3037,Eulamprus murrayi,Logistic_single_no_coords,random,False,0,0.004384995126764538,-171751.567168655,6684505.22516541
381,3045,Eulamprus murrayi,Logistic_single_no_coords,random,False,0,0.004030286630884158,-170101.851938007,6683790.0457837
384,3069,Eulamprus murrayi,Logistic_single_no_coords,random,False,0,0.005223292117602074,-153569.490242912,6679419.46406309
394,3149,Eulamprus murrayi,Logistic_single_no_coords,random,False,0,0.0059712004148446225,-157694.599141127,6669935.38089694
395,3157,Eulamprus murrayi,Logistic_single_no_coords,random,False,0,0.00578818353140244,-156289.421979757,6670007.80018539
396,3165,Eulamprus murrayi,Logistic_single_no_coords,random,False,0,0.003494777598079034,-122906.583332893,6670557.67612587
400,3197,Eulamprus murrayi,Logistic_single_no_coords,random,False,0,0.0035734918205405455,-125067.694169073,6669443.0445974
403,3221,Eulamprus murrayi,Logistic_single_no_coords,random,False,0,0.004297496825986554,-58257.6048943475,6672743.96684541
407,3253,Eulamprus murrayi,Logistic_single_no_coords,random,False,0,0.0038126781118783975,-125225.02885331,6668620.03383924
413,3301,Eulamprus murrayi,Logistic_single_no_coords,random,False,0,0.004312662617623888,-120072.988069293,6666279.06080417
415,3317,Eulamprus murrayi,Logistic_single_no_coords,random,False,0,0.00696480579719025,-178654.150282374,6662593.67423277
420,3357,Eulamprus murrayi,Logistic_single_no_coords,random,False,0,0.005895519130799817,-125379.598774365,6663983.11844257
422,3373,Eulamprus murrayi,Logistic_single_no_coords,random,False,0,0.004362255521814161,-125514.62268173,6662771.00533564
427,3413,Eulamprus murrayi,Logistic_single_no_coords,random,False,0,0.005330390693264411,-128408.296244871,6660409.13008774
447,3573,Eulamprus murrayi,Logistic_single_no_coords,random,False,0,0.0030088344043164984,-134779.996572383,6651420.87222455
449,3589,Eulamprus murrayi,Logistic_single_no_coords,random,False,0,0.0031673533778594507,-135559.130529282,6650974.17840999
450,3597,Eulamprus murrayi,Logistic_single_no_coords,random,False,0,0.0036635951736100313,-65340.5697630112,6654471.79599168
458,3661,Eulamprus murrayi,Logistic_single_no_coords,random,False,0,0.0050415231584561015,-133451.630563193,6649077.13745528
461,3685,Eulamprus murrayi,Logistic_single_no_coords,random,False,0,0.005827969339349397,-132111.524830825,6646522.10607269
462,3693,Eulamprus murrayi,Logistic_single_no_coords,random,False,0,0.003965318276166867,-129873.482679348,6646037.61836241
463,3701,Eulamprus murrayi,Logistic_single_no_coords,random,False,0,0.0049823103456635735,-130606.171632184,6644790.80822609
464,3709,Eulamprus murrayi,Logistic_single_no_coords,random,False,0,0.003780902902075591,-62036.5636510338,6645195.69882671
475,3797,Eulamprus murrayi,Logistic_single_no_coords,random,False,1,0.002151542058353997,-103178.812815837,6605812.65044331
480,3837,Eulamprus murrayi,Logistic_single_no_coords,random,False,0,0.002226314220582559,-139787.964672713,6601638.98677139
481,3845,Eulamprus murrayi,Logistic_single_no_coords,random,False,0,0.0046680054976985606,-140574.776964781,6601391.4036645
488,3901,Eulamprus murrayi,Logistic_single_no_coords,random,False,0,0.004335138447799991,-141193.546516212,6594113.16970331
490,3917,Eulamprus murrayi,Logistic_single_no_coords,random,False,0,0.004077552786813637,-140157.01004317,6593561.29260029
494,3949,Eulamprus murrayi,Logistic_single_no_coords,random,False,0,0.011313852844587196,-160099.441241579,6571357.13800851
499,3989,Eulamprus murrayi,Logistic_single_no_coords,random,False,0,0.004122022157230248,-166874.918971174,6569986.45729551
507,4053,Eulamprus murrayi,Logistic_single_no_coords,random,False,0,0.0038505620733178154,-144741.332783447,6566549.73714478
508,4061,Eulamprus murrayi,Logistic_single_no_coords,random,False,0,0.0038239119540534323,-162480.687351114,6563171.45187532
510,4077,Eulamprus murrayi,Logistic_single_no_coords,random,False,0,0.0036533028730892712,-146201.750488105,6563648.83716664
514,4109,Eulamprus murrayi,Logistic_single_no_coords,random,False,0,0.003135579876005342,-146089.648133388,6561646.84538545
525,4197,Eulamprus murrayi,Logistic_single_no_coords,random,False,0,0.006111930664554888,-118770.04691586,6551450.02671343
531,4245,Eulamprus murrayi,Logistic_single_no_coords,random,False,0,0.0036845344714930995,-83551.8721662688,6536463.55059073
533,4261,Eulamprus murrayi,Logistic_single_no_coords,random,False,0,0.0027227136154082503,-128644.80040642,6533196.04348179
537,4293,Eulamprus murrayi,Logistic_single_no_coords,random,False,0,0.004491691328001427,-133101.696097477,6529938.31197594
545,4357,Eulamprus murrayi,Logistic_single_no_coords,random,False,0,0.0032286314392708905,-114087.089464681,6528156.09858245
558,4461,Eulamprus murrayi,Logistic_single_no_coords,random,False,0,0.0030870472835878705,-204344.653545143,6507116.16956193
567,4533,Eulamprus murrayi,Logistic_single_no_coords,random,False,0,0.005766942569781934,-146716.822931648,6491951.21913417
572,4573,Eulamprus murrayi,Logistic_single_no_coords,random,False,0,0.005009932333025767,-141525.12346321,6489014.81167942
576,4605,Eulamprus murrayi,Logistic_single_no_coords,random,False,0,0.005097352180534298,-206813.275853676,6482403.27464338
579,4629,Eulamprus murrayi,Logistic_single_no_coords,random,False,0,0.003498190677403862,-242916.649698275,6475563.53924511
585,4677,Eulamprus murrayi,Logistic_single_no_coords,random,False,0,0.0038129224886097883,-127313.378797034,6479531.06572796
599,4789,Eulamprus murrayi,Logistic_single_no_coords,random,False,0,0.0032294433731736615,-212146.883673553,6444013.91646962
602,4813,Eulamprus murrayi,Logistic_single_no_coords,random,False,0,0.0028158914173249854,-223808.84244951,6439938.38190837
606,4845,Eulamprus murrayi,Logistic_single_no_coords,random,False,0,0.004616273458974236,-122961.147064838,6444559.2200686
624,4989,Eulamprus murrayi,Logistic_single_no_coords,random,False,0,0.0029972719664521914,-212517.326831474,6418204.13745066
628,5021,Eulamprus murrayi,Logistic_single_no_coords,random,False,0,0.003114989524518567,-205426.35557409,6417594.67751035
630,5037,Eulamprus murrayi,Logistic_single_no_coords,random,False,0,0.0029771390969514553,-211613.384340048,6416445.23828686
639,5109,Eulamprus murrayi,Logistic_single_no_coords,random,False,0,0.004106668801423971,-162684.694435925,6370448.58724721
640,5117,Eulamprus murrayi,Logistic_single_no_coords,random,False,0,0.005371110152500554,-176653.554553042,6368244.44348734
7,54,Ophioscincus truncatus,Logistic_single_no_coords,random,False,0,0.09336441599632118,-35290.0454930004,6868477.63934909
15,118,Ophioscincus truncatus,Logistic_single_no_coords,random,False,0,0.23087102456701267,-99804.9506313828,6852000.67743644
21,166,Ophioscincus truncatus,Logistic_single_no_coords,random,False,0,0.13630763805690904,-91866.6308808398,6850184.44292602
29,230,Ophioscincus truncatus,Logistic_single_no_coords,random,False,1,0.37396705621906573,-81258.2639630969,6847092.07487722
30,238,Ophioscincus truncatus,Logistic_single_no_coords,random,False,1,0.2400480074803864,-96294.553982511,6846140.09863748
31,246,Ophioscincus truncatus,Logistic_single_no_coords,random,False,0,0.18568042622816894,-95292.0596882657,6846190.80238834
37,294,Ophioscincus truncatus,Logistic_single_no_coords,random,False,1,0.401779442221564,-79037.3638766905,6846800.48131106
41,326,Ophioscincus truncatus,Logistic_single_no_coords,random,False,0,0.2192307101811665,-96863.6801254773,6845509.65270053
47,374,Ophioscincus truncatus,Logistic_single_no_coords,random,False,1,0.381238490834091,-79381.2357397435,6845781.19738334
52,414,Ophioscincus truncatus,Logistic_single_no_coords,random,False,1,0.3238741350342249,-60471.4026198804,6845516.11047191
56,446,Ophioscincus truncatus,Logistic_single_no_coords,random,False,1,0.262507863831832,-60864.6156634532,6845296.97560224
61,486,Ophioscincus truncatus,Logistic_single_no_coords,random,False,1,0.3132665912165464,-61435.1928033584,6844668.54431818
62,494,Ophioscincus truncatus,Logistic_single_no_coords,random,False,1,0.26577646416218786,-60629.7662982834,6844706.93792291
65,518,Ophioscincus truncatus,Logistic_single_no_coords,random,False,1,0.23012773124362515,-84881.8823593461,6843092.18042196
72,574,Ophioscincus truncatus,Logistic_single_no_coords,random,False,1,0.21933258169236036,-86463.3052036808,6842612.44869674
78,622,Ophioscincus truncatus,Logistic_single_no_coords,random,False,0,0.14930481808604518,-85647.642077096,6842252.08566301
84,670,Ophioscincus truncatus,Logistic_single_no_coords,random,False,0,0.38562193766649744,-75697.1375955953,6840337.76316393
87,694,Ophioscincus truncatus,Logistic_single_no_coords,random,False,0,0.16765338078405778,-71013.5035560221,6839163.13240084
92,734,Ophioscincus truncatus,Logistic_single_no_coords,random,False,0,0.5871771109796953,-75353.1982293057,6837536.97534272
97,774,Ophioscincus truncatus,Logistic_single_no_coords,random,False,1,0.3165513389026079,-114250.874091765,6835186.86007185
99,790,Ophioscincus truncatus,Logistic_single_no_coords,random,False,0,0.09384971681185175,-123277.985601988,6834532.44353339
101,806,Ophioscincus truncatus,Logistic_single_no_coords,random,False,0,0.1557882507038558,-147109.711119875,6832327.45616153
108,862,Ophioscincus truncatus,Logistic_single_no_coords,random,False,1,0.0764177902979485,-120786.146445189,6833048.30377336
116,926,Ophioscincus truncatus,Logistic_single_no_coords,random,False,1,0.10590434233191919,-119959.663589068,6832690.76087561
117,934,Ophioscincus truncatus,Logistic_single_no_coords,random,False,1,0.10303385044957473,-119338.87811833,6832311.15904512
121,966,Ophioscincus truncatus,Logistic_single_no_coords,random,False,1,0.0786273708145915,-113308.229962265,6832416.48893136
125,998,Ophioscincus truncatus,Logistic_single_no_coords,random,False,0,0.1439876017862207,-119100.196556909,6831521.23488212
129,1030,Ophioscincus truncatus,Logistic_single_no_coords,random,False,0,0.24400533534866062,-76147.8048592401,6833277.03106837
132,1054,Ophioscincus truncatus,Logistic_single_no_coords,random,False,0,0.1862193748949379,-105801.162580743,6831179.93507326
133,1062,Ophioscincus truncatus,Logistic_single_no_coords,random,False,0,0.15661113275804905,-76520.6971461142,6832657.28276156
136,1086,Ophioscincus truncatus,Logistic_single_no_coords,random,False,1,0.32376686759611245,-62745.5415882464,6830732.52392328
139,1110,Ophioscincus truncatus,Logistic_single_no_coords,random,False,1,0.2060133842084442,-60097.6324680274,6830057.84195886
141,1126,Ophioscincus truncatus,Logistic_single_no_coords,random,False,0,0.2571404789194989,-59274.1159834863,6829696.39928037
148,1182,Ophioscincus truncatus,Logistic_single_no_coords,random,False,1,0.5345834829821982,-59039.7148912014,6828905.9612443
153,1222,Ophioscincus truncatus,Logistic_single_no_coords,random,False,1,0.3940530326989393,-56158.084536112,6827640.49763384
160,1278,Ophioscincus truncatus,Logistic_single_no_coords,random,False,0,0.30976676585511276,-57082.2051583753,6825993.28319997
165,1318,Ophioscincus truncatus,Logistic_single_no_coords,random,False,0,0.20234425415227342,-116199.528148125,6817786.39841097
169,1350,Ophioscincus truncatus,Logistic_single_no_coords,random,False,0,0.096588274858478,-108876.433782581,6816343.47520397
172,1374,Ophioscincus truncatus,Logistic_single_no_coords,random,False,0,0.07301257127818901,-148834.228828815,6806479.17622519
173,1382,Ophioscincus truncatus,Logistic_single_no_coords,random,False,0,0.08910391476145418,-26864.9515665186,6812638.8314962
175,1398,Ophioscincus truncatus,Logistic_single_no_coords,random,False,0,0.10757799899809951,-26614.0603685924,6811648.67695057
180,1438,Ophioscincus truncatus,Logistic_single_no_coords,random,False,0,0.09045887335178569,-29780.9705356891,6806663.75964171
181,1446,Ophioscincus truncatus,Logistic_single_no_coords,random,False,0,0.08906234937481092,-29379.7381757025,6806682.07694802
185,1478,Ophioscincus truncatus,Logistic_single_no_coords,random,False,0,0.10575573390144204,-154680.904774922,6798732.86570032
194,1550,Ophioscincus truncatus,Logistic_single_no_coords,random,False,0,0.2008455657040135,-113057.133584369,6799439.25721174
195,1558,Ophioscincus truncatus,Logistic_single_no_coords,random,False,0,0.1289687857464994,-153177.628494992,6796999.50794559
203,1622,Ophioscincus truncatus,Logistic_single_no_coords,random,False,0,0.08197876471160111,-165638.858103626,6792540.33884748
205,1638,Ophioscincus truncatus,Logistic_single_no_coords,random,False,0,0.11467814902151176,-111987.574051639,6794257.38010052
209,1670,Ophioscincus truncatus,Logistic_single_no_coords,random,False,0,0.07414876585331205,-112530.721336831,6793024.84869485
214,1710,Ophioscincus truncatus,Logistic_single_no_coords,random,False,0,0.06876343585200427,-110822.113763642,6787074.42336939
226,1806,Ophioscincus truncatus,Logistic_single_no_coords,random,False,0,0.14140229901215529,-156768.616233883,6780508.50732801
231,1846,Ophioscincus truncatus,Logistic_single_no_coords,random,False,0,0.10486870145846917,-107923.462038802,6781588.26422547
232,1854,Ophioscincus truncatus,Logistic_single_no_coords,random,False,0,0.1756498239171041,-154268.894705046,6778832.59399199
236,1886,Ophioscincus truncatus,Logistic_single_no_coords,random,False,0,0.1457260184124005,-157007.529503806,6769427.67794309
237,1894,Ophioscincus truncatus,Logistic_single_no_coords,random,False,0,0.17349670322788677,-157601.945479142,6769192.74860327
238,1902,Ophioscincus truncatus,Logistic_single_no_coords,random,False,0,0.07854752029047955,-42631.6013249115,6774856.7836682
253,2022,Ophioscincus truncatus,Logistic_single_no_coords,random,False,0,0.15743853835249255,-153010.118576574,6758154.60282466
260,2078,Ophioscincus truncatus,Logistic_single_no_coords,random,False,0,0.17281323605163254,-139702.22082351,6757637.17957907
261,2086,Ophioscincus truncatus,Logistic_single_no_coords,random,False,0,0.07565457852976176,-149531.814001847,6756925.32438673
279,2230,Ophioscincus truncatus,Logistic_single_no_coords,random,False,0,0.14261539045969487,-165065.597196224,6745863.85427266
282,2254,Ophioscincus truncatus,Logistic_single_no_coords,random,False,0,0.0780955180057791,-48676.0066271106,6751433.87966314
283,2262,Ophioscincus truncatus,Logistic_single_no_coords,random,False,0,0.2304650510494129,-144358.241751465,6746321.2757456
285,2278,Ophioscincus truncatus,Logistic_single_no_coords,random,False,0,0.07519622411756884,-48666.355678597,6751233.93894705
290,2318,Ophioscincus truncatus,Logistic_single_no_coords,random,False,0,0.0645459286400622,-54841.9600197467,6750321.73267861
303,2422,Ophioscincus truncatus,Logistic_single_no_coords,random,False,0,0.0922591833792208,-86896.2863933826,6740221.21400845
307,2454,Ophioscincus truncatus,Logistic_single_no_coords,random,False,0,0.07549666292073492,-75230.2145233742,6740017.73560779
308,2462,Ophioscincus truncatus,Logistic_single_no_coords,random,False,0,0.17079049600560015,-164907.141677267,6734992.82147675
322,2574,Ophioscincus truncatus,Logistic_single_no_coords,random,False,0,0.19065771734168882,-148858.437557277,6712675.66874389
328,2622,Ophioscincus truncatus,Logistic_single_no_coords,random,False,0,0.1893062273765474,-160137.175183615,6708870.73185706
329,2630,Ophioscincus truncatus,Logistic_single_no_coords,random,False,0,0.10835383114499955,-161729.965162506,6708587.05668997
339,2710,Ophioscincus truncatus,Logistic_single_no_coords,random,False,0,0.08822781201788707,-50204.0063193176,6710952.93925814
352,2814,Ophioscincus truncatus,Logistic_single_no_coords,random,False,0,0.15376668824110865,-161130.645593128,6697139.33525593
354,2830,Ophioscincus truncatus,Logistic_single_no_coords,random,False,0,0.11919207656826239,-54397.1023715114,6702694.88150925
369,2950,Ophioscincus truncatus,Logistic_single_no_coords,random,False,0,0.09024416256976757,-115761.593020762,6695476.19653521
372,2974,Ophioscincus truncatus,Logistic_single_no_coords,random,False,0,0.06825471530850012,-51958.1449948344,6698406.00349235
379,3030,Ophioscincus truncatus,Logistic_single_no_coords,random,False,0,0.14686352874476924,-170997.113124586,6685555.44783591
380,3038,Ophioscincus truncatus,Logistic_single_no_coords,random,False,0,0.14690729810255804,-171751.567168655,6684505.22516541
381,3046,Ophioscincus truncatus,Logistic_single_no_coords,random,False,1,0.13679935482684263,-170101.851938007,6683790.0457837
384,3070,Ophioscincus truncatus,Logistic_single_no_coords,random,False,0,0.1295070461680994,-153569.490242912,6679419.46406309
394,3150,Ophioscincus truncatus,Logistic_single_no_coords,random,False,0,0.12324566304480616,-157694.599141127,6669935.38089694
395,3158,Ophioscincus truncatus,Logistic_single_no_coords,random,False,0,0.1219576156399291,-156289.421979757,6670007.80018539
396,3166,Ophioscincus truncatus,Logistic_single_no_coords,random,False,0,0.11065147236154707,-122906.583332893,6670557.67612587
400,3198,Ophioscincus truncatus,Logistic_single_no_coords,random,False,0,0.030719186114393546,-125067.694169073,6669443.0445974
403,3222,Ophioscincus truncatus,Logistic_single_no_coords,random,False,0,0.10306179218711334,-58257.6048943475,6672743.96684541
407,3254,Ophioscincus truncatus,Logistic_single_no_coords,random,False,0,0.04876074259926141,-125225.02885331,6668620.03383924
413,3302,Ophioscincus truncatus,Logistic_single_no_coords,random,False,0,0.12874287993633954,-120072.988069293,6666279.06080417
415,3318,Ophioscincus truncatus,Logistic_single_no_coords,random,False,0,0.09816372328794269,-178654.150282374,6662593.67423277
420,3358,Ophioscincus truncatus,Logistic_single_no_coords,random,False,0,0.129599202784468,-125379.598774365,6663983.11844257
422,3374,Ophioscincus truncatus,Logistic_single_no_coords,random,False,0,0.10975181205453016,-125514.62268173,6662771.00533564
427,3414,Ophioscincus truncatus,Logistic_single_no_coords,random,False,0,0.14277914578842923,-128408.296244871,6660409.13008774
447,3574,Ophioscincus truncatus,Logistic_single_no_coords,random,False,0,0.11636502892983953,-134779.996572383,6651420.87222455
449,3590,Ophioscincus truncatus,Logistic_single_no_coords,random,False,1,0.14444234491696442,-135559.130529282,6650974.17840999
450,3598,Ophioscincus truncatus,Logistic_single_no_coords,random,False,0,0.12746582826662686,-65340.5697630112,6654471.79599168
458,3662,Ophioscincus truncatus,Logistic_single_no_coords,random,False,0,0.21504358382108538,-133451.630563193,6649077.13745528
461,3686,Ophioscincus truncatus,Logistic_single_no_coords,random,False,0,0.2068551337792061,-132111.524830825,6646522.10607269
462,3694,Ophioscincus truncatus,Logistic_single_no_coords,random,False,1,0.10352505749679825,-129873.482679348,6646037.61836241
463,3702,Ophioscincus truncatus,Logistic_single_no_coords,random,False,0,0.1134504381671629,-130606.171632184,6644790.80822609
464,3710,Ophioscincus truncatus,Logistic_single_no_coords,random,False,0,0.07848583547560893,-62036.5636510338,6645195.69882671
475,3798,Ophioscincus truncatus,Logistic_single_no_coords,random,False,0,0.10539827362627141,-103178.812815837,6605812.65044331
480,3838,Ophioscincus truncatus,Logistic_single_no_coords,random,False,0,0.121889561256118,-139787.964672713,6601638.98677139
481,3846,Ophioscincus truncatus,Logistic_single_no_coords,random,False,0,0.1787150750915185,-140574.776964781,6601391.4036645
488,3902,Ophioscincus truncatus,Logistic_single_no_coords,random,False,1,0.21775069556719892,-141193.546516212,6594113.16970331
490,3918,Ophioscincus truncatus,Logistic_single_no_coords,random,False,1,0.2322456300213678,-140157.01004317,6593561.29260029
494,3950,Ophioscincus truncatus,Logistic_single_no_coords,random,False,0,0.14017970353504317,-160099.441241579,6571357.13800851
499,3990,Ophioscincus truncatus,Logistic_single_no_coords,random,False,0,0.11952821776582527,-166874.918971174,6569986.45729551
507,4054,Ophioscincus truncatus,Logistic_single_no_coords,random,False,0,0.2230292008245133,-144741.332783447,6566549.73714478
508,4062,Ophioscincus truncatus,Logistic_single_no_coords,random,False,0,0.08379159240521862,-162480.687351114,6563171.45187532
510,4078,Ophioscincus truncatus,Logistic_single_no_coords,random,False,0,0.2295856193126161,-146201.750488105,6563648.83716664
514,4110,Ophioscincus truncatus,Logistic_single_no_coords,random,False,0,0.1982893552102924,-146089.648133388,6561646.84538545
525,4198,Ophioscincus truncatus,Logistic_single_no_coords,random,False,0,0.1500405283404103,-118770.04691586,6551450.02671343
531,4246,Ophioscincus truncatus,Logistic_single_no_coords,random,False,0,0.09511849314591213,-83551.8721662688,6536463.55059073
533,4262,Ophioscincus truncatus,Logistic_single_no_coords,random,False,0,0.3368338658667815,-128644.80040642,6533196.04348179
537,4294,Ophioscincus truncatus,Logistic_single_no_coords,random,False,1,0.26776767979157323,-133101.696097477,6529938.31197594
545,4358,Ophioscincus truncatus,Logistic_single_no_coords,random,False,0,0.1419903684406507,-114087.089464681,6528156.09858245
558,4462,Ophioscincus truncatus,Logistic_single_no_coords,random,False,0,0.2843125821765803,-204344.653545143,6507116.16956193
567,4534,Ophioscincus truncatus,Logistic_single_no_coords,random,False,0,0.18511823759271523,-146716.822931648,6491951.21913417
572,4574,Ophioscincus truncatus,Logistic_single_no_coords,random,False,1,0.15170299029023865,-141525.12346321,6489014.81167942
576,4606,Ophioscincus truncatus,Logistic_single_no_coords,random,False,0,0.09953914138662176,-206813.275853676,6482403.27464338
579,4630,Ophioscincus truncatus,Logistic_single_no_coords,random,False,0,0.2409604741082999,-242916.649698275,6475563.53924511
585,4678,Ophioscincus truncatus,Logistic_single_no_coords,random,False,0,0.23036010833243273,-127313.378797034,6479531.06572796
599,4790,Ophioscincus truncatus,Logistic_single_no_coords,random,False,0,0.3572851280360984,-212146.883673553,6444013.91646962
602,4814,Ophioscincus truncatus,Logistic_single_no_coords,random,False,0,0.19814232714124447,-223808.84244951,6439938.38190837
606,4846,Ophioscincus truncatus,Logistic_single_no_coords,random,False,0,0.11204079182009606,-122961.147064838,6444559.2200686
624,4990,Ophioscincus truncatus,Logistic_single_no_coords,random,False,0,0.17749767856717238,-212517.326831474,6418204.13745066
628,5022,Ophioscincus truncatus,Logistic_single_no_coords,random,False,0,0.2184047310898514,-205426.35557409,6417594.67751035
630,5038,Ophioscincus truncatus,Logistic_single_no_coords,random,False,0,0.223380457308649,-211613.384340048,6416445.23828686
639,5110,Ophioscincus truncatus,Logistic_single_no_coords,random,False,0,0.07216020101280379,-162684.694435925,6370448.58724721
640,5118,Ophioscincus truncatus,Logistic_single_no_coords,random,False,0,0.08942396373491478,-176653.554553042,6368244.44348734
7,55,Pseudechis porphyricaus,Logistic_single_no_coords,random,False,0,0.014960136963621364,-35290.0454930004,6868477.63934909
15,119,Pseudechis porphyricaus,Logistic_single_no_coords,random,False,0,8.974277316727826e-05,-99804.9506313828,6852000.67743644
21,167,Pseudechis porphyricaus,Logistic_single_no_coords,random,False,0,9.216482572263462e-05,-91866.6308808398,6850184.44292602
29,231,Pseudechis porphyricaus,Logistic_single_no_coords,random,False,0,0.00026126213018885883,-81258.2639630969,6847092.07487722
30,239,Pseudechis porphyricaus,Logistic_single_no_coords,random,False,0,7.195922070403058e-05,-96294.553982511,6846140.09863748
31,247,Pseudechis porphyricaus,Logistic_single_no_coords,random,False,0,6.353155261707924e-05,-95292.0596882657,6846190.80238834
37,295,Pseudechis porphyricaus,Logistic_single_no_coords,random,False,0,0.000335152913866759,-79037.3638766905,6846800.48131106
41,327,Pseudechis porphyricaus,Logistic_single_no_coords,random,False,0,7.21703343046825e-05,-96863.6801254773,6845509.65270053
47,375,Pseudechis porphyricaus,Logistic_single_no_coords,random,False,0,0.00021743459816379683,-79381.2357397435,6845781.19738334
52,415,Pseudechis porphyricaus,Logistic_single_no_coords,random,False,0,0.0002746250726510152,-60471.4026198804,6845516.11047191
56,447,Pseudechis porphyricaus,Logistic_single_no_coords,random,False,0,0.00029100063190688443,-60864.6156634532,6845296.97560224
61,487,Pseudechis porphyricaus,Logistic_single_no_coords,random,False,0,0.008746496730855204,-61435.1928033584,6844668.54431818
62,495,Pseudechis porphyricaus,Logistic_single_no_coords,random,False,0,0.00029364821965335755,-60629.7662982834,6844706.93792291
65,519,Pseudechis porphyricaus,Logistic_single_no_coords,random,False,0,0.00037747285060812897,-84881.8823593461,6843092.18042196
72,575,Pseudechis porphyricaus,Logistic_single_no_coords,random,False,0,4.1523138286080776e-05,-86463.3052036808,6842612.44869674
78,623,Pseudechis porphyricaus,Logistic_single_no_coords,random,False,0,5.647408955976362e-05,-85647.642077096,6842252.08566301
84,671,Pseudechis porphyricaus,Logistic_single_no_coords,random,False,0,0.0003576181257326784,-75697.1375955953,6840337.76316393
87,695,Pseudechis porphyricaus,Logistic_single_no_coords,random,False,0,0.004086531163561298,-71013.5035560221,6839163.13240084
92,735,Pseudechis porphyricaus,Logistic_single_no_coords,random,False,0,0.00017454595460357085,-75353.1982293057,6837536.97534272
97,775,Pseudechis porphyricaus,Logistic_single_no_coords,random,False,0,5.281315751287014e-05,-114250.874091765,6835186.86007185
99,791,Pseudechis porphyricaus,Logistic_single_no_coords,random,False,0,0.010539478599999636,-123277.985601988,6834532.44353339
101,807,Pseudechis porphyricaus,Logistic_single_no_coords,random,False,0,0.0007387848165850682,-147109.711119875,6832327.45616153
108,863,Pseudechis porphyricaus,Logistic_single_no_coords,random,False,0,0.013882613316881313,-120786.146445189,6833048.30377336
116,927,Pseudechis porphyricaus,Logistic_single_no_coords,random,False,0,0.009531727835846064,-119959.663589068,6832690.76087561
117,935,Pseudechis porphyricaus,Logistic_single_no_coords,random,False,0,0.012868671520353939,-119338.87811833,6832311.15904512
121,967,Pseudechis porphyricaus,Logistic_single_no_coords,random,False,0,0.012536096830572907,-113308.229962265,6832416.48893136
125,999,Pseudechis porphyricaus,Logistic_single_no_coords,random,False,0,0.007811110405138979,-119100.196556909,6831521.23488212
129,1031,Pseudechis porphyricaus,Logistic_single_no_coords,random,False,0,0.00029926143000968226,-76147.8048592401,6833277.03106837
132,1055,Pseudechis porphyricaus,Logistic_single_no_coords,random,False,0,4.63129642733237e-05,-105801.162580743,6831179.93507326
133,1063,Pseudechis porphyricaus,Logistic_single_no_coords,random,False,0,0.0001949742917206396,-76520.6971461142,6832657.28276156
136,1087,Pseudechis porphyricaus,Logistic_single_no_coords,random,False,0,0.00018785177942255569,-62745.5415882464,6830732.52392328
139,1111,Pseudechis porphyricaus,Logistic_single_no_coords,random,False,0,0.0003003111179612751,-60097.6324680274,6830057.84195886
141,1127,Pseudechis porphyricaus,Logistic_single_no_coords,random,False,0,0.007975709233089046,-59274.1159834863,6829696.39928037
148,1183,Pseudechis porphyricaus,Logistic_single_no_coords,random,False,0,0.000141357909991165,-59039.7148912014,6828905.9612443
153,1223,Pseudechis porphyricaus,Logistic_single_no_coords,random,False,0,2.991064476607547e-05,-56158.084536112,6827640.49763384
160,1279,Pseudechis porphyricaus,Logistic_single_no_coords,random,False,0,3.345210215505874e-05,-57082.2051583753,6825993.28319997
165,1319,Pseudechis porphyricaus,Logistic_single_no_coords,random,False,0,0.009509879771087384,-116199.528148125,6817786.39841097
169,1351,Pseudechis porphyricaus,Logistic_single_no_coords,random,False,0,0.005652264009393874,-108876.433782581,6816343.47520397
172,1375,Pseudechis porphyricaus,Logistic_single_no_coords,random,False,0,0.010651636263869927,-148834.228828815,6806479.17622519
173,1383,Pseudechis porphyricaus,Logistic_single_no_coords,random,False,0,0.0031012646650305396,-26864.9515665186,6812638.8314962
175,1399,Pseudechis porphyricaus,Logistic_single_no_coords,random,False,0,0.00600429962716638,-26614.0603685924,6811648.67695057
180,1439,Pseudechis porphyricaus,Logistic_single_no_coords,random,False,0,0.021720109228646995,-29780.9705356891,6806663.75964171
181,1447,Pseudechis porphyricaus,Logistic_single_no_coords,random,False,0,0.021754697986324904,-29379.7381757025,6806682.07694802
185,1479,Pseudechis porphyricaus,Logistic_single_no_coords,random,False,0,0.015285113351134735,-154680.904774922,6798732.86570032
194,1551,Pseudechis porphyricaus,Logistic_single_no_coords,random,False,0,6.222397759183813e-05,-113057.133584369,6799439.25721174
195,1559,Pseudechis porphyricaus,Logistic_single_no_coords,random,False,0,0.012387012198516794,-153177.628494992,6796999.50794559
203,1623,Pseudechis porphyricaus,Logistic_single_no_coords,random,False,0,0.0989756600064008,-165638.858103626,6792540.33884748
205,1639,Pseudechis porphyricaus,Logistic_single_no_coords,random,False,0,0.0070208824196926365,-111987.574051639,6794257.38010052
209,1671,Pseudechis porphyricaus,Logistic_single_no_coords,random,False,0,0.007738850084581931,-112530.721336831,6793024.84869485
214,1711,Pseudechis porphyricaus,Logistic_single_no_coords,random,False,0,0.0066798414756529525,-110822.113763642,6787074.42336939
226,1807,Pseudechis porphyricaus,Logistic_single_no_coords,random,False,0,0.011239830335562015,-156768.616233883,6780508.50732801
231,1847,Pseudechis porphyricaus,Logistic_single_no_coords,random,False,0,0.005481788755117538,-107923.462038802,6781588.26422547
232,1855,Pseudechis porphyricaus,Logistic_single_no_coords,random,False,0,0.010881958893728241,-154268.894705046,6778832.59399199
236,1887,Pseudechis porphyricaus,Logistic_single_no_coords,random,False,0,0.09345226748553398,-157007.529503806,6769427.67794309
237,1895,Pseudechis porphyricaus,Logistic_single_no_coords,random,False,0,0.08291849616462256,-157601.945479142,6769192.74860327
238,1903,Pseudechis porphyricaus,Logistic_single_no_coords,random,False,0,0.03859038335798597,-42631.6013249115,6774856.7836682
253,2023,Pseudechis porphyricaus,Logistic_single_no_coords,random,False,0,0.11101254075619925,-153010.118576574,6758154.60282466
260,2079,Pseudechis porphyricaus,Logistic_single_no_coords,random,False,0,0.01046557123989715,-139702.22082351,6757637.17957907
261,2087,Pseudechis porphyricaus,Logistic_single_no_coords,random,False,0,0.08669695289363305,-149531.814001847,6756925.32438673
279,2231,Pseudechis porphyricaus,Logistic_single_no_coords,random,False,0,0.019163492553240534,-165065.597196224,6745863.85427266
282,2255,Pseudechis porphyricaus,Logistic_single_no_coords,random,False,0,0.03676038625335111,-48676.0066271106,6751433.87966314
283,2263,Pseudechis porphyricaus,Logistic_single_no_coords,random,False,0,0.012377711407857792,-144358.241751465,6746321.2757456
285,2279,Pseudechis porphyricaus,Logistic_single_no_coords,random,False,0,0.03705335960531685,-48666.355678597,6751233.93894705
290,2319,Pseudechis porphyricaus,Logistic_single_no_coords,random,False,0,0.04248773193252756,-54841.9600197467,6750321.73267861
303,2423,Pseudechis porphyricaus,Logistic_single_no_coords,random,False,0,0.005299066585499318,-86896.2863933826,6740221.21400845
307,2455,Pseudechis porphyricaus,Logistic_single_no_coords,random,False,0,0.03531311066442633,-75230.2145233742,6740017.73560779
308,2463,Pseudechis porphyricaus,Logistic_single_no_coords,random,False,0,0.03582141250146118,-164907.141677267,6734992.82147675
322,2575,Pseudechis porphyricaus,Logistic_single_no_coords,random,False,0,0.09760444862400942,-148858.437557277,6712675.66874389
328,2623,Pseudechis porphyricaus,Logistic_single_no_coords,random,False,0,0.08451924936991748,-160137.175183615,6708870.73185706
329,2631,Pseudechis porphyricaus,Logistic_single_no_coords,random,False,0,0.10265283267373829,-161729.965162506,6708587.05668997
339,2711,Pseudechis porphyricaus,Logistic_single_no_coords,random,False,0,0.02967533707648728,-50204.0063193176,6710952.93925814
352,2815,Pseudechis porphyricaus,Logistic_single_no_coords,random,False,0,0.02083345875387872,-161130.645593128,6697139.33525593
354,2831,Pseudechis porphyricaus,Logistic_single_no_coords,random,False,1,0.004254485864166103,-54397.1023715114,6702694.88150925
369,2951,Pseudechis porphyricaus,Logistic_single_no_coords,random,False,0,0.008331335014521848,-115761.593020762,6695476.19653521
372,2975,Pseudechis porphyricaus,Logistic_single_no_coords,random,False,0,0.04689353313042068,-51958.1449948344,6698406.00349235
379,3031,Pseudechis porphyricaus,Logistic_single_no_coords,random,False,0,0.02664763459448993,-170997.113124586,6685555.44783591
380,3039,Pseudechis porphyricaus,Logistic_single_no_coords,random,False,0,0.027219460668879324,-171751.567168655,6684505.22516541
381,3047,Pseudechis porphyricaus,Logistic_single_no_coords,random,False,0,0.028788034246834147,-170101.851938007,6683790.0457837
384,3071,Pseudechis porphyricaus,Logistic_single_no_coords,random,False,0,0.038915015142871295,-153569.490242912,6679419.46406309
394,3151,Pseudechis porphyricaus,Logistic_single_no_coords,random,False,0,0.04298351830221486,-157694.599141127,6669935.38089694
395,3159,Pseudechis porphyricaus,Logistic_single_no_coords,random,False,0,0.041537423761136144,-156289.421979757,6670007.80018539
396,3167,Pseudechis porphyricaus,Logistic_single_no_coords,random,False,0,0.01250646223590804,-122906.583332893,6670557.67612587
400,3199,Pseudechis porphyricaus,Logistic_single_no_coords,random,False,0,0.023581939153528887,-125067.694169073,6669443.0445974
403,3223,Pseudechis porphyricaus,Logistic_single_no_coords,random,False,0,0.006665984677673555,-58257.6048943475,6672743.96684541
407,3255,Pseudechis porphyricaus,Logistic_single_no_coords,random,False,0,0.025812180671176705,-125225.02885331,6668620.03383924
413,3303,Pseudechis porphyricaus,Logistic_single_no_coords,random,False,1,0.00978127621306841,-120072.988069293,6666279.06080417
415,3319,Pseudechis porphyricaus,Logistic_single_no_coords,random,False,0,0.24678639991155546,-178654.150282374,6662593.67423277
420,3359,Pseudechis porphyricaus,Logistic_single_no_coords,random,False,0,0.024586694624534503,-125379.598774365,6663983.11844257
422,3375,Pseudechis porphyricaus,Logistic_single_no_coords,random,False,0,0.030480190124836205,-125514.62268173,6662771.00533564
427,3415,Pseudechis porphyricaus,Logistic_single_no_coords,random,False,0,0.033706010307004146,-128408.296244871,6660409.13008774
447,3575,Pseudechis porphyricaus,Logistic_single_no_coords,random,False,0,0.030167569171922776,-134779.996572383,6651420.87222455
449,3591,Pseudechis porphyricaus,Logistic_single_no_coords,random,False,0,0.026474965738025075,-135559.130529282,6650974.17840999
450,3599,Pseudechis porphyricaus,Logistic_single_no_coords,random,False,0,0.005598794771294158,-65340.5697630112,6654471.79599168
458,3663,Pseudechis porphyricaus,Logistic_single_no_coords,random,False,0,0.020419588847876424,-133451.630563193,6649077.13745528
461,3687,Pseudechis porphyricaus,Logistic_single_no_coords,random,False,0,0.04401279554830434,-132111.524830825,6646522.10607269
462,3695,Pseudechis porphyricaus,Logistic_single_no_coords,random,False,0,0.04853588110533169,-129873.482679348,6646037.61836241
463,3703,Pseudechis porphyricaus,Logistic_single_no_coords,random,False,0,0.042086681249772835,-130606.171632184,6644790.80822609
464,3711,Pseudechis porphyricaus,Logistic_single_no_coords,random,False,0,0.042892441115328035,-62036.5636510338,6645195.69882671
475,3799,Pseudechis porphyricaus,Logistic_single_no_coords,random,False,0,0.006534258707049835,-103178.812815837,6605812.65044331
480,3839,Pseudechis porphyricaus,Logistic_single_no_coords,random,False,0,0.02273577708427955,-139787.964672713,6601638.98677139
481,3847,Pseudechis porphyricaus,Logistic_single_no_coords,random,False,0,0.03606650874017958,-140574.776964781,6601391.4036645
488,3903,Pseudechis porphyricaus,Logistic_single_no_coords,random,False,0,0.032499646075055344,-141193.546516212,6594113.16970331
490,3919,Pseudechis porphyricaus,Logistic_single_no_coords,random,False,0,0.03334807817224799,-140157.01004317,6593561.29260029
494,3951,Pseudechis porphyricaus,Logistic_single_no_coords,random,False,0,0.02029037195759857,-160099.441241579,6571357.13800851
499,3991,Pseudechis porphyricaus,Logistic_single_no_coords,random,False,0,0.02962804863050024,-166874.918971174,6569986.45729551
507,4055,Pseudechis porphyricaus,Logistic_single_no_coords,random,False,0,0.02498646816099548,-144741.332783447,6566549.73714478
508,4063,Pseudechis porphyricaus,Logistic_single_no_coords,random,False,0,0.03219327388888971,-162480.687351114,6563171.45187532
510,4079,Pseudechis porphyricaus,Logistic_single_no_coords,random,False,0,0.019648915259546963,-146201.750488105,6563648.83716664
514,4111,Pseudechis porphyricaus,Logistic_single_no_coords,random,False,0,0.021367030010804557,-146089.648133388,6561646.84538545
525,4199,Pseudechis porphyricaus,Logistic_single_no_coords,random,False,0,0.00879864587732202,-118770.04691586,6551450.02671343
531,4247,Pseudechis porphyricaus,Logistic_single_no_coords,random,False,0,0.0077710536802748035,-83551.8721662688,6536463.55059073
533,4263,Pseudechis porphyricaus,Logistic_single_no_coords,random,False,0,0.020548163283962296,-128644.80040642,6533196.04348179
537,4295,Pseudechis porphyricaus,Logistic_single_no_coords,random,False,0,0.017474242056384384,-133101.696097477,6529938.31197594
545,4359,Pseudechis porphyricaus,Logistic_single_no_coords,random,False,0,0.007012967188339707,-114087.089464681,6528156.09858245
558,4463,Pseudechis porphyricaus,Logistic_single_no_coords,random,False,0,0.0014560915698622842,-204344.653545143,6507116.16956193
567,4535,Pseudechis porphyricaus,Logistic_single_no_coords,random,False,1,0.020228718880433424,-146716.822931648,6491951.21913417
572,4575,Pseudechis porphyricaus,Logistic_single_no_coords,random,False,0,0.018840049067130812,-141525.12346321,6489014.81167942
576,4607,Pseudechis porphyricaus,Logistic_single_no_coords,random,False,0,0.06501425834848201,-206813.275853676,6482403.27464338
579,4631,Pseudechis porphyricaus,Logistic_single_no_coords,random,False,0,0.0027260774391645957,-242916.649698275,6475563.53924511
585,4679,Pseudechis porphyricaus,Logistic_single_no_coords,random,False,0,0.01059256518291259,-127313.378797034,6479531.06572796
599,4791,Pseudechis porphyricaus,Logistic_single_no_coords,random,False,0,0.0021930471185085537,-212146.883673553,6444013.91646962
602,4815,Pseudechis porphyricaus,Logistic_single_no_coords,random,False,0,0.0003982850243619111,-223808.84244951,6439938.38190837
606,4847,Pseudechis porphyricaus,Logistic_single_no_coords,random,False,0,0.009126622105960602,-122961.147064838,6444559.2200686
624,4991,Pseudechis porphyricaus,Logistic_single_no_coords,random,False,0,0.022643995981802223,-212517.326831474,6418204.13745066
628,5023,Pseudechis porphyricaus,Logistic_single_no_coords,random,False,0,0.0011883573744436813,-205426.35557409,6417594.67751035
630,5039,Pseudechis porphyricaus,Logistic_single_no_coords,random,False,0,0.0020939755940740786,-211613.384340048,6416445.23828686
639,5111,Pseudechis porphyricaus,Logistic_single_no_coords,random,False,0,0.012202218991431717,-162684.694435925,6370448.58724721
640,5119,Pseudechis porphyricaus,Logistic_single_no_coords,random,False,0,0.018454710236756083,-176653.554553042,6368244.44348734
7,56,Saltuarius swaini,Logistic_single_no_coords,random,False,0,0.0160010929288842,-35290.0454930004,6868477.63934909
15,120,Saltuarius swaini,Logistic_single_no_coords,random,False,0,0.012290523200776924,-99804.9506313828,6852000.67743644
21,168,Saltuarius swaini,Logistic_single_no_coords,random,False,0,0.012043459740379703,-91866.6308808398,6850184.44292602
29,232,Saltuarius swaini,Logistic_single_no_coords,random,False,0,0.013878141908619211,-81258.2639630969,6847092.07487722
30,240,Saltuarius swaini,Logistic_single_no_coords,random,False,0,0.012619213125113314,-96294.553982511,6846140.09863748
31,248,Saltuarius swaini,Logistic_single_no_coords,random,False,0,0.012605330145741226,-95292.0596882657,6846190.80238834
37,296,Saltuarius swaini,Logistic_single_no_coords,random,False,0,0.013287792025222782,-79037.3638766905,6846800.48131106
41,328,Saltuarius swaini,Logistic_single_no_coords,random,False,0,0.01239830337528099,-96863.6801254773,6845509.65270053
47,376,Saltuarius swaini,Logistic_single_no_coords,random,False,0,0.013963888904400644,-79381.2357397435,6845781.19738334
52,416,Saltuarius swaini,Logistic_single_no_coords,random,False,0,0.013009954471405906,-60471.4026198804,6845516.11047191
56,448,Saltuarius swaini,Logistic_single_no_coords,random,False,0,0.01277066336429452,-60864.6156634532,6845296.97560224
61,488,Saltuarius swaini,Logistic_single_no_coords,random,False,0,0.013206582977004918,-61435.1928033584,6844668.54431818
62,496,Saltuarius swaini,Logistic_single_no_coords,random,False,0,0.013024503761674154,-60629.7662982834,6844706.93792291
65,520,Saltuarius swaini,Logistic_single_no_coords,random,False,0,0.013077759381330035,-84881.8823593461,6843092.18042196
72,576,Saltuarius swaini,Logistic_single_no_coords,random,False,0,0.013054395338248488,-86463.3052036808,6842612.44869674
78,624,Saltuarius swaini,Logistic_single_no_coords,random,False,0,0.012389445617469637,-85647.642077096,6842252.08566301
84,672,Saltuarius swaini,Logistic_single_no_coords,random,False,0,0.013174353241589682,-75697.1375955953,6840337.76316393
87,696,Saltuarius swaini,Logistic_single_no_coords,random,False,0,0.014682888735098045,-71013.5035560221,6839163.13240084
92,736,Saltuarius swaini,Logistic_single_no_coords,random,False,0,0.014004455323672413,-75353.1982293057,6837536.97534272
97,776,Saltuarius swaini,Logistic_single_no_coords,random,False,0,0.013147604989484734,-114250.874091765,6835186.86007185
99,792,Saltuarius swaini,Logistic_single_no_coords,random,False,0,0.013794429925285425,-123277.985601988,6834532.44353339
101,808,Saltuarius swaini,Logistic_single_no_coords,random,False,0,0.012628024683855118,-147109.711119875,6832327.45616153
108,864,Saltuarius swaini,Logistic_single_no_coords,random,False,0,0.013328268833208012,-120786.146445189,6833048.30377336
116,928,Saltuarius swaini,Logistic_single_no_coords,random,False,0,0.01377473809313556,-119959.663589068,6832690.76087561
117,936,Saltuarius swaini,Logistic_single_no_coords,random,False,0,0.0134498463413859,-119338.87811833,6832311.15904512
121,968,Saltuarius swaini,Logistic_single_no_coords,random,False,0,0.013377979052480086,-113308.229962265,6832416.48893136
125,1000,Saltuarius swaini,Logistic_single_no_coords,random,False,0,0.014054488131772434,-119100.196556909,6831521.23488212
129,1032,Saltuarius swaini,Logistic_single_no_coords,random,False,0,0.012618337953163439,-76147.8048592401,6833277.03106837
132,1056,Saltuarius swaini,Logistic_single_no_coords,random,False,0,0.012810384992020316,-105801.162580743,6831179.93507326
133,1064,Saltuarius swaini,Logistic_single_no_coords,random,False,0,0.012894714346412784,-76520.6971461142,6832657.28276156
136,1088,Saltuarius swaini,Logistic_single_no_coords,random,False,0,0.01314352549535127,-62745.5415882464,6830732.52392328
139,1112,Saltuarius swaini,Logistic_single_no_coords,random,False,0,0.012800453280337288,-60097.6324680274,6830057.84195886
141,1128,Saltuarius swaini,Logistic_single_no_coords,random,False,0,0.013587787107542779,-59274.1159834863,6829696.39928037
148,1184,Saltuarius swaini,Logistic_single_no_coords,random,False,0,0.013709980173181431,-59039.7148912014,6828905.9612443
153,1224,Saltuarius swaini,Logistic_single_no_coords,random,False,0,0.013270046068716809,-56158.084536112,6827640.49763384
160,1280,Saltuarius swaini,Logistic_single_no_coords,random,False,0,0.013196178192663744,-57082.2051583753,6825993.28319997
165,1320,Saltuarius swaini,Logistic_single_no_coords,random,False,0,0.013779522095577722,-116199.528148125,6817786.39841097
169,1352,Saltuarius swaini,Logistic_single_no_coords,random,False,0,0.014070846045770897,-108876.433782581,6816343.47520397
172,1376,Saltuarius swaini,Logistic_single_no_coords,random,False,0,0.013305915936850233,-148834.228828815,6806479.17622519
173,1384,Saltuarius swaini,Logistic_single_no_coords,random,False,0,0.014589084313602528,-26864.9515665186,6812638.8314962
175,1400,Saltuarius swaini,Logistic_single_no_coords,random,False,0,0.01369078914512036,-26614.0603685924,6811648.67695057
180,1440,Saltuarius swaini,Logistic_single_no_coords,random,False,0,0.015553480952156213,-29780.9705356891,6806663.75964171
181,1448,Saltuarius swaini,Logistic_single_no_coords,random,False,0,0.01554342866421966,-29379.7381757025,6806682.07694802
185,1480,Saltuarius swaini,Logistic_single_no_coords,random,False,0,0.013265430066028676,-154680.904774922,6798732.86570032
194,1552,Saltuarius swaini,Logistic_single_no_coords,random,False,0,0.01278107231377741,-113057.133584369,6799439.25721174
195,1560,Saltuarius swaini,Logistic_single_no_coords,random,False,0,0.013791266195851963,-153177.628494992,6796999.50794559
203,1624,Saltuarius swaini,Logistic_single_no_coords,random,False,0,0.013749219860230956,-165638.858103626,6792540.33884748
205,1640,Saltuarius swaini,Logistic_single_no_coords,random,False,0,0.014006870617770445,-111987.574051639,6794257.38010052
209,1672,Saltuarius swaini,Logistic_single_no_coords,random,False,0,0.01373928421653672,-112530.721336831,6793024.84869485
214,1712,Saltuarius swaini,Logistic_single_no_coords,random,False,0,0.0141795364288585,-110822.113763642,6787074.42336939
226,1808,Saltuarius swaini,Logistic_single_no_coords,random,False,0,0.013837202033715268,-156768.616233883,6780508.50732801
231,1848,Saltuarius swaini,Logistic_single_no_coords,random,False,0,0.014318959821992003,-107923.462038802,6781588.26422547
232,1856,Saltuarius swaini,Logistic_single_no_coords,random,False,0,0.014089660144371616,-154268.894705046,6778832.59399199
236,1888,Saltuarius swaini,Logistic_single_no_coords,random,False,0,0.01420312986335937,-157007.529503806,6769427.67794309
237,1896,Saltuarius swaini,Logistic_single_no_coords,random,False,0,0.014357773772371574,-157601.945479142,6769192.74860327
238,1904,Saltuarius swaini,Logistic_single_no_coords,random,False,0,0.014690260497734722,-42631.6013249115,6774856.7836682
253,2024,Saltuarius swaini,Logistic_single_no_coords,random,False,0,0.01395922962582577,-153010.118576574,6758154.60282466
260,2080,Saltuarius swaini,Logistic_single_no_coords,random,False,0,0.013908088318389415,-139702.22082351,6757637.17957907
261,2088,Saltuarius swaini,Logistic_single_no_coords,random,False,0,0.01323489250887427,-149531.814001847,6756925.32438673
279,2232,Saltuarius swaini,Logistic_single_no_coords,random,False,0,0.01375714082380667,-165065.597196224,6745863.85427266
282,2256,Saltuarius swaini,Logistic_single_no_coords,random,False,0,0.015099841853870234,-48676.0066271106,6751433.87966314
283,2264,Saltuarius swaini,Logistic_single_no_coords,random,False,0,0.013627307659191923,-144358.241751465,6746321.2757456
285,2280,Saltuarius swaini,Logistic_single_no_coords,random,False,0,0.015077654542042183,-48666.355678597,6751233.93894705
290,2320,Saltuarius swaini,Logistic_single_no_coords,random,False,0,0.014871845403872049,-54841.9600197467,6750321.73267861
303,2424,Saltuarius swaini,Logistic_single_no_coords,random,False,0,0.014276534698754369,-86896.2863933826,6740221.21400845
307,2456,Saltuarius swaini,Logistic_single_no_coords,random,False,0,0.014332015756030872,-75230.2145233742,6740017.73560779
308,2464,Saltuarius swaini,Logistic_single_no_coords,random,False,0,0.013255674745109088,-164907.141677267,6734992.82147675
322,2576,Saltuarius swaini,Logistic_single_no_coords,random,False,0,0.014214266221122653,-148858.437557277,6712675.66874389
328,2624,Saltuarius swaini,Logistic_single_no_coords,random,False,0,0.014315761091602078,-160137.175183615,6708870.73185706
329,2632,Saltuarius swaini,Logistic_single_no_coords,random,False,0,0.013852155090768066,-161729.965162506,6708587.05668997
339,2712,Saltuarius swaini,Logistic_single_no_coords,random,False,0,0.015351712918165967,-50204.0063193176,6710952.93925814
352,2816,Saltuarius swaini,Logistic_single_no_coords,random,False,0,0.01324525862352729,-161130.645593128,6697139.33525593
354,2832,Saltuarius swaini,Logistic_single_no_coords,random,False,0,0.01451871423180322,-54397.1023715114,6702694.88150925
369,2952,Saltuarius swaini,Logistic_single_no_coords,random,False,0,0.013754302420059053,-115761.593020762,6695476.19653521
372,2976,Saltuarius swaini,Logistic_single_no_coords,random,False,0,0.014721389514173858,-51958.1449948344,6698406.00349235
379,3032,Saltuarius swaini,Logistic_single_no_coords,random,False,0,0.013450187199176143,-170997.113124586,6685555.44783591
380,3040,Saltuarius swaini,Logistic_single_no_coords,random,False,0,0.01357233956723227,-171751.567168655,6684505.22516541
381,3048,Saltuarius swaini,Logistic_single_no_coords,random,False,0,0.013463668506537732,-170101.851938007,6683790.0457837
384,3072,Saltuarius swaini,Logistic_single_no_coords,random,False,0,0.013055127094381181,-153569.490242912,6679419.46406309
394,3152,Saltuarius swaini,Logistic_single_no_coords,random,False,0,0.013007779441715793,-157694.599141127,6669935.38089694
395,3160,Saltuarius swaini,Logistic_single_no_coords,random,False,0,0.013142962842950075,-156289.421979757,6670007.80018539
396,3168,Saltuarius swaini,Logistic_single_no_coords,random,False,0,0.013659910723318817,-122906.583332893,6670557.67612587
400,3200,Saltuarius swaini,Logistic_single_no_coords,random,False,0,0.012397799237898504,-125067.694169073,6669443.0445974
403,3224,Saltuarius swaini,Logistic_single_no_coords,random,False,0,0.013960173308271729,-58257.6048943475,6672743.96684541
407,3256,Saltuarius swaini,Logistic_single_no_coords,random,False,0,0.012582771637220585,-125225.02885331,6668620.03383924
413,3304,Saltuarius swaini,Logistic_single_no_coords,random,False,0,0.013988272476341468,-120072.988069293,6666279.06080417
415,3320,Saltuarius swaini,Logistic_single_no_coords,random,False,0,0.013216546088981086,-178654.150282374,6662593.67423277
420,3360,Saltuarius swaini,Logistic_single_no_coords,random,False,0,0.012966967170461391,-125379.598774365,6663983.11844257
422,3376,Saltuarius swaini,Logistic_single_no_coords,random,False,0,0.012942611704805736,-125514.62268173,6662771.00533564
427,3416,Saltuarius swaini,Logistic_single_no_coords,random,False,0,0.01299801930690554,-128408.296244871,6660409.13008774
447,3576,Saltuarius swaini,Logistic_single_no_coords,random,False,0,0.013053688582290368,-134779.996572383,6651420.87222455
449,3592,Saltuarius swaini,Logistic_single_no_coords,random,False,0,0.013892299907535986,-135559.130529282,6650974.17840999
450,3600,Saltuarius swaini,Logistic_single_no_coords,random,False,0,0.014305655647287216,-65340.5697630112,6654471.79599168
458,3664,Saltuarius swaini,Logistic_single_no_coords,random,False,0,0.013864538598792917,-133451.630563193,6649077.13745528
461,3688,Saltuarius swaini,Logistic_single_no_coords,random,False,0,0.01309380565324345,-132111.524830825,6646522.10607269
462,3696,Saltuarius swaini,Logistic_single_no_coords,random,False,0,0.012849808732659902,-129873.482679348,6646037.61836241
463,3704,Saltuarius swaini,Logistic_single_no_coords,random,False,0,0.012895276061308306,-130606.171632184,6644790.80822609
464,3712,Saltuarius swaini,Logistic_single_no_coords,random,False,0,0.014905261582401524,-62036.5636510338,6645195.69882671
475,3800,Saltuarius swaini,Logistic_single_no_coords,random,False,0,0.013513873565335476,-103178.812815837,6605812.65044331
480,3840,Saltuarius swaini,Logistic_single_no_coords,random,False,0,0.013739093331571865,-139787.964672713,6601638.98677139
481,3848,Saltuarius swaini,Logistic_single_no_coords,random,False,0,0.013182487133943937,-140574.776964781,6601391.4036645
488,3904,Saltuarius swaini,Logistic_single_no_coords,random,False,0,0.013339684075257355,-141193.546516212,6594113.16970331
490,3920,Saltuarius swaini,Logistic_single_no_coords,random,False,0,0.01293384440229962,-140157.01004317,6593561.29260029
494,3952,Saltuarius swaini,Logistic_single_no_coords,random,False,0,0.012885941446664467,-160099.441241579,6571357.13800851
499,3992,Saltuarius swaini,Logistic_single_no_coords,random,False,0,0.01333415051589397,-166874.918971174,6569986.45729551
507,4056,Saltuarius swaini,Logistic_single_no_coords,random,False,0,0.013653095371253943,-144741.332783447,6566549.73714478
508,4064,Saltuarius swaini,Logistic_single_no_coords,random,False,0,0.012711426216439305,-162480.687351114,6563171.45187532
510,4080,Saltuarius swaini,Logistic_single_no_coords,random,False,0,0.013796386213248845,-146201.750488105,6563648.83716664
514,4112,Saltuarius swaini,Logistic_single_no_coords,random,False,0,0.013867989604032394,-146089.648133388,6561646.84538545
525,4200,Saltuarius swaini,Logistic_single_no_coords,random,False,0,0.01344302021670491,-118770.04691586,6551450.02671343
531,4248,Saltuarius swaini,Logistic_single_no_coords,random,False,0,0.013978728475242569,-83551.8721662688,6536463.55059073
533,4264,Saltuarius swaini,Logistic_single_no_coords,random,False,0,0.013944350695789783,-128644.80040642,6533196.04348179
537,4296,Saltuarius swaini,Logistic_single_no_coords,random,False,0,0.013371842020099058,-133101.696097477,6529938.31197594
545,4360,Saltuarius swaini,Logistic_single_no_coords,random,False,0,0.013608010744349471,-114087.089464681,6528156.09858245
558,4464,Saltuarius swaini,Logistic_single_no_coords,random,False,0,0.013010558711984118,-204344.653545143,6507116.16956193
567,4536,Saltuarius swaini,Logistic_single_no_coords,random,False,1,0.013596675569564981,-146716.822931648,6491951.21913417
572,4576,Saltuarius swaini,Logistic_single_no_coords,random,False,0,0.013562677266025855,-141525.12346321,6489014.81167942
576,4608,Saltuarius swaini,Logistic_single_no_coords,random,False,0,0.012610612294763473,-206813.275853676,6482403.27464338
579,4632,Saltuarius swaini,Logistic_single_no_coords,random,False,0,0.012328407735378091,-242916.649698275,6475563.53924511
585,4680,Saltuarius swaini,Logistic_single_no_coords,random,False,0,0.013830527288823745,-127313.378797034,6479531.06572796
599,4792,Saltuarius swaini,Logistic_single_no_coords,random,False,0,0.012574655021899575,-212146.883673553,6444013.91646962
602,4816,Saltuarius swaini,Logistic_single_no_coords,random,False,0,0.011591763990318959,-223808.84244951,6439938.38190837
606,4848,Saltuarius swaini,Logistic_single_no_coords,random,False,0,0.013846069103849477,-122961.147064838,6444559.2200686
624,4992,Saltuarius swaini,Logistic_single_no_coords,random,False,0,0.013086996665671181,-212517.326831474,6418204.13745066
628,5024,Saltuarius swaini,Logistic_single_no_coords,random,False,0,0.014221709823945196,-205426.35557409,6417594.67751035
630,5040,Saltuarius swaini,Logistic_single_no_coords,random,False,0,0.013715517134855608,-211613.384340048,6416445.23828686
639,5112,Saltuarius swaini,Logistic_single_no_coords,random,False,0,0.013431355900878078,-162684.694435925,6370448.58724721
640,5120,Saltuarius swaini,Logistic_single_no_coords,random,False,0,0.01296579297308555,-176653.554553042,6368244.44348734
