plot,id,species,model,split_type,use_coords,y_true,y_prob,easting,northing
106,841,Cacophis kreftii,Logistic_multi_no_coords,spatial,False,1,0.06762048194355007,-147293.925634327,6831915.7941736
106,842,Calyptotis scutirostrum,Logistic_multi_no_coords,spatial,False,1,0.12486890887205929,-147293.925634327,6831915.7941736
106,843,Coeranoscincus reticulatus,Logistic_multi_no_coords,spatial,False,1,0.20945509791239372,-147293.925634327,6831915.7941736
106,844,Egernia mcpheei,Logistic_multi_no_coords,spatial,False,0,0.025016026071964896,-147293.925634327,6831915.7941736
106,845,Eulamprus murrayi,Logistic_multi_no_coords,spatial,False,0,0.015058306170810748,-147293.925634327,6831915.7941736
106,846,Ophioscincus truncatus,Logistic_multi_no_coords,spatial,False,0,0.317644490572155,-147293.925634327,6831915.7941736
106,847,Pseudechis porphyricaus,Logistic_multi_no_coords,spatial,False,0,0.04310996332249514,-147293.925634327,6831915.7941736
106,848,Saltuarius swaini,Logistic_multi_no_coords,spatial,False,0,0.03164891754173161,-147293.925634327,6831915.7941736
111,881,Cacophis kreftii,Logistic_multi_no_coords,spatial,False,0,0.06775249450631572,-146869.047423431,6831537.755626
111,882,Calyptotis scutirostrum,Logistic_multi_no_coords,spatial,False,1,0.12509768971223073,-146869.047423431,6831537.755626
111,883,Coeranoscincus reticulatus,Logistic_multi_no_coords,spatial,False,0,0.20980170129421782,-146869.047423431,6831537.755626
111,884,Egernia mcpheei,Logistic_multi_no_coords,spatial,False,1,0.0250670999479496,-146869.047423431,6831537.755626
111,885,Eulamprus murrayi,Logistic_multi_no_coords,spatial,False,0,0.015089364545193718,-146869.047423431,6831537.755626
111,886,Ophioscincus truncatus,Logistic_multi_no_coords,spatial,False,0,0.31809808635344716,-146869.047423431,6831537.755626
111,887,Pseudechis porphyricaus,Logistic_multi_no_coords,spatial,False,0,0.04319634194039353,-146869.047423431,6831537.755626
111,888,Saltuarius swaini,Logistic_multi_no_coords,spatial,False,0,0.031713092957462566,-146869.047423431,6831537.755626
122,969,Cacophis kreftii,Logistic_multi_no_coords,spatial,False,0,0.03194814087444635,-121930.447488692,6831783.7962185
122,970,Calyptotis scutirostrum,Logistic_multi_no_coords,spatial,False,0,0.06097077857293713,-121930.447488692,6831783.7962185
122,971,Coeranoscincus reticulatus,Logistic_multi_no_coords,spatial,False,1,0.10759405550553963,-121930.447488692,6831783.7962185
122,972,Egernia mcpheei,Logistic_multi_no_coords,spatial,False,0,0.011540934149453692,-121930.447488692,6831783.7962185
122,973,Eulamprus murrayi,Logistic_multi_no_coords,spatial,False,0,0.006909013977958507,-121930.447488692,6831783.7962185
122,974,Ophioscincus truncatus,Logistic_multi_no_coords,spatial,False,1,0.17480327021604533,-121930.447488692,6831783.7962185
122,975,Pseudechis porphyricaus,Logistic_multi_no_coords,spatial,False,0,0.0200892431893808,-121930.447488692,6831783.7962185
122,976,Saltuarius swaini,Logistic_multi_no_coords,spatial,False,0,0.014654665616205523,-121930.447488692,6831783.7962185
125,993,Cacophis kreftii,Logistic_multi_no_coords,spatial,False,0,0.027628299657935687,-119100.196556909,6831521.23488212
125,994,Calyptotis scutirostrum,Logistic_multi_no_coords,spatial,False,1,0.052941278041037904,-119100.196556909,6831521.23488212
125,995,Coeranoscincus reticulatus,Logistic_multi_no_coords,spatial,False,0,0.09403943212208596,-119100.196556909,6831521.23488212
125,996,Egernia mcpheei,Logistic_multi_no_coords,spatial,False,0,0.009952068902432205,-119100.196556909,6831521.23488212
125,997,Eulamprus murrayi,Logistic_multi_no_coords,spatial,False,0,0.005953994040319763,-119100.196556909,6831521.23488212
125,998,Ophioscincus truncatus,Logistic_multi_no_coords,spatial,False,0,0.1542451242345092,-119100.196556909,6831521.23488212
125,999,Pseudechis porphyricaus,Logistic_multi_no_coords,spatial,False,0,0.017344163880733243,-119100.196556909,6831521.23488212
125,1000,Saltuarius swaini,Logistic_multi_no_coords,spatial,False,0,0.012642609091930171,-119100.196556909,6831521.23488212
126,1001,Cacophis kreftii,Logistic_multi_no_coords,spatial,False,0,0.0244607798562058,-122301.197680874,6831162.17696098
126,1002,Calyptotis scutirostrum,Logistic_multi_no_coords,spatial,False,0,0.04701199335450356,-122301.197680874,6831162.17696098
126,1003,Coeranoscincus reticulatus,Logistic_multi_no_coords,spatial,False,0,0.08391510505387006,-122301.197680874,6831162.17696098
126,1004,Egernia mcpheei,Logistic_multi_no_coords,spatial,False,1,0.008792762364077507,-122301.197680874,6831162.17696098
126,1005,Eulamprus murrayi,Logistic_multi_no_coords,spatial,False,0,0.005257945830376823,-122301.197680874,6831162.17696098
126,1006,Ophioscincus truncatus,Logistic_multi_no_coords,spatial,False,0,0.13863087189746875,-122301.197680874,6831162.17696098
126,1007,Pseudechis porphyricaus,Logistic_multi_no_coords,spatial,False,0,0.015337099099316864,-122301.197680874,6831162.17696098
126,1008,Saltuarius swaini,Logistic_multi_no_coords,spatial,False,0,0.011173421378892724,-122301.197680874,6831162.17696098
127,1009,Cacophis kreftii,Logistic_multi_no_coords,spatial,False,0,0.04004337632815333,-113069.978206809,6831626.51450922
127,1010,Calyptotis scutirostrum,Logistic_multi_no_coords,spatial,False,0,0.07584380685064854,-113069.978206809,6831626.51450922
127,1011,Coeranoscincus reticulatus,Logistic_multi_no_coords,spatial,False,1,0.13223860521111624,-113069.978206809,6831626.51450922
127,1012,Egernia mcpheei,Logistic_multi_no_coords,spatial,False,0,0.014542935992845145,-113069.978206809,6831626.51450922
127,1013,Eulamprus murrayi,Logistic_multi_no_coords,spatial,False,0,0.00871679616816007,-113069.978206809,6831626.51450922
127,1014,Ophioscincus truncatus,Logistic_multi_no_coords,spatial,False,0,0.21119890853579945,-113069.978206809,6831626.51450922
127,1015,Pseudechis porphyricaus,Logistic_multi_no_coords,spatial,False,0,0.025257993382784488,-113069.978206809,6831626.51450922
127,1016,Saltuarius swaini,Logistic_multi_no_coords,spatial,False,0,0.018451485262975298,-113069.978206809,6831626.51450922
128,1017,Cacophis kreftii,Logistic_multi_no_coords,spatial,False,0,0.05275433603803731,-110250.872026258,6831561.92472725
128,1018,Calyptotis scutirostrum,Logistic_multi_no_coords,spatial,False,0,0.0987498719417959,-110250.872026258,6831561.92472725
128,1019,Coeranoscincus reticulatus,Logistic_multi_no_coords,spatial,False,0,0.16906103250943497,-110250.872026258,6831561.92472725
128,1020,Egernia mcpheei,Logistic_multi_no_coords,spatial,False,0,0.019322226750181037,-110250.872026258,6831561.92472725
128,1021,Eulamprus murrayi,Logistic_multi_no_coords,spatial,False,0,0.011603969852206334,-110250.872026258,6831561.92472725
128,1022,Ophioscincus truncatus,Logistic_multi_no_coords,spatial,False,0,0.2633359264531855,-110250.872026258,6831561.92472725
128,1023,Pseudechis porphyricaus,Logistic_multi_no_coords,spatial,False,0,0.03343911948178645,-110250.872026258,6831561.92472725
128,1024,Saltuarius swaini,Logistic_multi_no_coords,spatial,False,0,0.024483342414280275,-110250.872026258,6831561.92472725
130,1033,Cacophis kreftii,Logistic_multi_no_coords,spatial,False,0,0.03885044503753318,-112831.744333792,6830836.54025889
130,1034,Calyptotis scutirostrum,Logistic_multi_no_coords,spatial,False,0,0.07366619028632584,-112831.744333792,6830836.54025889
130,1035,Coeranoscincus reticulatus,Logistic_multi_no_coords,spatial,False,0,0.12866722504415953,-112831.744333792,6830836.54025889
130,1036,Egernia mcpheei,Logistic_multi_no_coords,spatial,False,0,0.014098530540043315,-112831.744333792,6830836.54025889
130,1037,Eulamprus murrayi,Logistic_multi_no_coords,spatial,False,0,0.008448900455353441,-112831.744333792,6830836.54025889
130,1038,Ophioscincus truncatus,Logistic_multi_no_coords,spatial,False,0,0.20600127992658704,-112831.744333792,6830836.54025889
130,1039,Pseudechis porphyricaus,Logistic_multi_no_coords,spatial,False,0,0.02449429401405951,-112831.744333792,6830836.54025889
130,1040,Saltuarius swaini,Logistic_multi_no_coords,spatial,False,0,0.017889809970296894,-112831.744333792,6830836.54025889
132,1049,Cacophis kreftii,Logistic_multi_no_coords,spatial,False,0,0.07437605891076508,-105801.162580743,6831179.93507326
132,1050,Calyptotis scutirostrum,Logistic_multi_no_coords,spatial,False,0,0.13650649736494683,-105801.162580743,6831179.93507326
132,1051,Coeranoscincus reticulatus,Logistic_multi_no_coords,spatial,False,0,0.22693175539310026,-105801.162580743,6831179.93507326
132,1052,Egernia mcpheei,Logistic_multi_no_coords,spatial,False,0,0.027641419401084683,-105801.162580743,6831179.93507326
132,1053,Eulamprus murrayi,Logistic_multi_no_coords,spatial,False,0,0.016656505623447823,-105801.162580743,6831179.93507326
132,1054,Ophioscincus truncatus,Logistic_multi_no_coords,spatial,False,0,0.34026288884743416,-105801.162580743,6831179.93507326
132,1055,Pseudechis porphyricaus,Logistic_multi_no_coords,spatial,False,0,0.04754169270532275,-105801.162580743,6831179.93507326
132,1056,Saltuarius swaini,Logistic_multi_no_coords,spatial,False,0,0.034945472488523914,-105801.162580743,6831179.93507326
134,1065,Cacophis kreftii,Logistic_multi_no_coords,spatial,False,0,0.07414065204349449,-109785.840498241,6830382.55130941
134,1066,Calyptotis scutirostrum,Logistic_multi_no_coords,spatial,False,0,0.13610335720884148,-109785.840498241,6830382.55130941
134,1067,Coeranoscincus reticulatus,Logistic_multi_no_coords,spatial,False,0,0.22633156214886502,-109785.840498241,6830382.55130941
134,1068,Egernia mcpheei,Logistic_multi_no_coords,spatial,False,0,0.027549529288937148,-109785.840498241,6830382.55130941
134,1069,Eulamprus murrayi,Logistic_multi_no_coords,spatial,False,0,0.016600509904547076,-109785.840498241,6830382.55130941
134,1070,Ophioscincus truncatus,Logistic_multi_no_coords,spatial,False,0,0.33949458693152185,-109785.840498241,6830382.55130941
134,1071,Pseudechis porphyricaus,Logistic_multi_no_coords,spatial,False,0,0.0473868708906661,-109785.840498241,6830382.55130941
134,1072,Saltuarius swaini,Logistic_multi_no_coords,spatial,False,0,0.03483017081665869,-109785.840498241,6830382.55130941
135,1073,Cacophis kreftii,Logistic_multi_no_coords,spatial,False,0,0.07126103482549795,-60576.6608829403,6831437.80904093
135,1074,Calyptotis scutirostrum,Logistic_multi_no_coords,spatial,False,0,0.1311580381172487,-60576.6608829403,6831437.80904093
135,1075,Coeranoscincus reticulatus,Logistic_multi_no_coords,spatial,False,0,0.21893866001929227,-60576.6608829403,6831437.80904093
135,1076,Egernia mcpheei,Logistic_multi_no_coords,spatial,False,0,0.026427854350164273,-60576.6608829403,6831437.80904093
135,1077,Eulamprus murrayi,Logistic_multi_no_coords,spatial,False,0,0.015917325871871394,-60576.6608829403,6831437.80904093
135,1078,Ophioscincus truncatus,Logistic_multi_no_coords,spatial,False,1,0.32998188047571725,-60576.6608829403,6831437.80904093
135,1079,Pseudechis porphyricaus,Logistic_multi_no_coords,spatial,False,0,0.04549530796597725,-60576.6608829403,6831437.80904093
135,1080,Saltuarius swaini,Logistic_multi_no_coords,spatial,False,0,0.03342225369573761,-60576.6608829403,6831437.80904093
136,1081,Cacophis kreftii,Logistic_multi_no_coords,spatial,False,0,0.052482792794663634,-62745.5415882464,6830732.52392328
136,1082,Calyptotis scutirostrum,Logistic_multi_no_coords,spatial,False,0,0.09826613566809039,-62745.5415882464,6830732.52392328
136,1083,Coeranoscincus reticulatus,Logistic_multi_no_coords,spatial,False,0,0.16829718719091902,-62745.5415882464,6830732.52392328
136,1084,Egernia mcpheei,Logistic_multi_no_coords,spatial,False,0,0.019219277584978066,-62745.5415882464,6830732.52392328
136,1085,Eulamprus murrayi,Logistic_multi_no_coords,spatial,False,0,0.01154165971666447,-62745.5415882464,6830732.52392328
136,1086,Ophioscincus truncatus,Logistic_multi_no_coords,spatial,False,1,0.2622805799796197,-62745.5415882464,6830732.52392328
136,1087,Pseudechis porphyricaus,Logistic_multi_no_coords,spatial,False,0,0.033263506474428536,-62745.5415882464,6830732.52392328
136,1088,Saltuarius swaini,Logistic_multi_no_coords,spatial,False,0,0.024353577615744047,-62745.5415882464,6830732.52392328
137,1089,Cacophis kreftii,Logistic_multi_no_coords,spatial,False,0,0.038767821921865266,-59930.1265788042,6830667.09207023
137,1090,Calyptotis scutirostrum,Logistic_multi_no_coords,spatial,False,0,0.07351518790928184,-59930.1265788042,6830667.09207023
137,1091,Coeranoscincus reticulatus,Logistic_multi_no_coords,spatial,False,0,0.12841911011129498,-59930.1265788042,6830667.09207023
137,1092,Egernia mcpheei,Logistic_multi_no_coords,spatial,False,0,0.014067776782976969,-59930.1265788042,6830667.09207023
137,1093,Eulamprus murrayi,Logistic_multi_no_coords,spatial,False,0,0.00843036511004704,-59930.1265788042,6830667.09207023
137,1094,Ophioscincus truncatus,Logistic_multi_no_coords,spatial,False,0,0.20563923290892436,-59930.1265788042,6830667.09207023
137,1095,Pseudechis porphyricaus,Logistic_multi_no_coords,spatial,False,0,0.024441425689681984,-59930.1265788042,6830667.09207023
137,1096,Saltuarius swaini,Logistic_multi_no_coords,spatial,False,0,0.017850935865270083,-59930.1265788042,6830667.09207023
138,1097,Cacophis kreftii,Logistic_multi_no_coords,spatial,False,0,0.07909750772471531,-33656.1895879237,6831782.75910205
138,1098,Calyptotis scutirostrum,Logistic_multi_no_coords,spatial,False,0,0.1445560796245228,-33656.1895879237,6831782.75910205
138,1099,Coeranoscincus reticulatus,Logistic_multi_no_coords,spatial,False,0,0.23883870307860444,-33656.1895879237,6831782.75910205
138,1100,Egernia mcpheei,Logistic_multi_no_coords,spatial,False,0,0.02949063924268179,-33656.1895879237,6831782.75910205
138,1101,Eulamprus murrayi,Logistic_multi_no_coords,spatial,False,0,0.01778427229336844,-33656.1895879237,6831782.75910205
138,1102,Ophioscincus truncatus,Logistic_multi_no_coords,spatial,False,0,0.3553826540884558,-33656.1895879237,6831782.75910205
138,1103,Pseudechis porphyricaus,Logistic_multi_no_coords,spatial,False,0,0.050652894257446984,-33656.1895879237,6831782.75910205
138,1104,Saltuarius swaini,Logistic_multi_no_coords,spatial,False,0,0.03726460908639505,-33656.1895879237,6831782.75910205
139,1105,Cacophis kreftii,Logistic_multi_no_coords,spatial,False,0,0.08308746156208849,-60097.6324680274,6830057.84195886
139,1106,Calyptotis scutirostrum,Logistic_multi_no_coords,spatial,False,0,0.15130547580821294,-60097.6324680274,6830057.84195886
139,1107,Coeranoscincus reticulatus,Logistic_multi_no_coords,spatial,False,0,0.2487103422926085,-60097.6324680274,6830057.84195886
139,1108,Egernia mcpheei,Logistic_multi_no_coords,spatial,False,0,0.031062655528832334,-60097.6324680274,6830057.84195886
139,1109,Eulamprus murrayi,Logistic_multi_no_coords,spatial,False,0,0.018744325804311537,-60097.6324680274,6830057.84195886
139,1110,Ophioscincus truncatus,Logistic_multi_no_coords,spatial,False,1,0.3677440163642522,-60097.6324680274,6830057.84195886
139,1111,Pseudechis porphyricaus,Logistic_multi_no_coords,spatial,False,0,0.053291034722264104,-60097.6324680274,6830057.84195886
139,1112,Saltuarius swaini,Logistic_multi_no_coords,spatial,False,0,0.039234268943194116,-60097.6324680274,6830057.84195886
140,1113,Cacophis kreftii,Logistic_multi_no_coords,spatial,False,0,0.03267655347203254,-59480.1149542754,6829686.55327432
140,1114,Calyptotis scutirostrum,Logistic_multi_no_coords,spatial,False,0,0.062318305094409186,-59480.1149542754,6829686.55327432
140,1115,Coeranoscincus reticulatus,Logistic_multi_no_coords,spatial,False,0,0.1098514678744933,-59480.1149542754,6829686.55327432
140,1116,Egernia mcpheei,Logistic_multi_no_coords,spatial,False,0,0.011809741830304395,-59480.1149542754,6829686.55327432
140,1117,Eulamprus murrayi,Logistic_multi_no_coords,spatial,False,0,0.007070708213281859,-59480.1149542754,6829686.55327432
140,1118,Ophioscincus truncatus,Logistic_multi_no_coords,spatial,False,0,0.17818922789464353,-59480.1149542754,6829686.55327432
140,1119,Pseudechis porphyricaus,Logistic_multi_no_coords,spatial,False,0,0.020553015325724188,-59480.1149542754,6829686.55327432
140,1120,Saltuarius swaini,Logistic_multi_no_coords,spatial,False,0,0.014994897129245049,-59480.1149542754,6829686.55327432
141,1121,Cacophis kreftii,Logistic_multi_no_coords,spatial,False,0,0.047681127302635136,-59274.1159834863,6829696.39928037
141,1122,Calyptotis scutirostrum,Logistic_multi_no_coords,spatial,False,0,0.08967215688618661,-59274.1159834863,6829696.39928037
141,1123,Coeranoscincus reticulatus,Logistic_multi_no_coords,spatial,False,0,0.15462881259633166,-59274.1159834863,6829696.39928037
141,1124,Egernia mcpheei,Logistic_multi_no_coords,spatial,False,0,0.017404998127211715,-59274.1159834863,6829696.39928037
141,1125,Eulamprus murrayi,Logistic_multi_no_coords,spatial,False,0,0.010444421234742473,-59274.1159834863,6829696.39928037
141,1126,Ophioscincus truncatus,Logistic_multi_no_coords,spatial,False,0,0.2432113426950363,-59274.1159834863,6829696.39928037
141,1127,Pseudechis porphyricaus,Logistic_multi_no_coords,spatial,False,0,0.030164240882245206,-59274.1159834863,6829696.39928037
141,1128,Saltuarius swaini,Logistic_multi_no_coords,spatial,False,0,0.022065529795050377,-59274.1159834863,6829696.39928037
142,1129,Cacophis kreftii,Logistic_multi_no_coords,spatial,False,0,0.0756947474286181,-58470.0105331185,6829534.39062915
142,1130,Calyptotis scutirostrum,Logistic_multi_no_coords,spatial,False,1,0.1387616209126373,-58470.0105331185,6829534.39062915
142,1131,Coeranoscincus reticulatus,Logistic_multi_no_coords,spatial,False,0,0.23028233828120973,-58470.0105331185,6829534.39062915
142,1132,Egernia mcpheei,Logistic_multi_no_coords,spatial,False,0,0.028156707632483204,-58470.0105331185,6829534.39062915
142,1133,Eulamprus murrayi,Logistic_multi_no_coords,spatial,False,0,0.016970588347817627,-58470.0105331185,6829534.39062915
142,1134,Ophioscincus truncatus,Logistic_multi_no_coords,spatial,False,0,0.34454101657482145,-58470.0105331185,6829534.39062915
142,1135,Pseudechis porphyricaus,Logistic_multi_no_coords,spatial,False,0,0.04840949018500279,-58470.0105331185,6829534.39062915
142,1136,Saltuarius swaini,Logistic_multi_no_coords,spatial,False,0,0.035591938045050155,-58470.0105331185,6829534.39062915
143,1137,Cacophis kreftii,Logistic_multi_no_coords,spatial,False,0,0.07747399286414136,-58067.8332822076,6829553.57641624
143,1138,Calyptotis scutirostrum,Logistic_multi_no_coords,spatial,False,1,0.141795871617812,-58067.8332822076,6829553.57641624
143,1139,Coeranoscincus reticulatus,Logistic_multi_no_coords,spatial,False,0,0.2347723017743572,-58067.8332822076,6829553.57641624
143,1140,Egernia mcpheei,Logistic_multi_no_coords,spatial,False,0,0.02885342742940443,-58067.8332822076,6829553.57641624
143,1141,Eulamprus murrayi,Logistic_multi_no_coords,spatial,False,0,0.01739546919972516,-58067.8332822076,6829553.57641624
143,1142,Ophioscincus truncatus,Logistic_multi_no_coords,spatial,False,0,0.3502450495261941,-58067.8332822076,6829553.57641624
143,1143,Pseudechis porphyricaus,Logistic_multi_no_coords,spatial,False,0,0.04958178476758048,-58067.8332822076,6829553.57641624
143,1144,Saltuarius swaini,Logistic_multi_no_coords,spatial,False,0,0.036465734540179644,-58067.8332822076,6829553.57641624
144,1145,Cacophis kreftii,Logistic_multi_no_coords,spatial,False,0,0.012772260066365108,-35003.9025977263,6830519.3124224
144,1146,Calyptotis scutirostrum,Logistic_multi_no_coords,spatial,False,0,0.024821620604240053,-35003.9025977263,6830519.3124224
144,1147,Coeranoscincus reticulatus,Logistic_multi_no_coords,spatial,False,0,0.045130811074239253,-35003.9025977263,6830519.3124224
144,1148,Egernia mcpheei,Logistic_multi_no_coords,spatial,False,0,0.004556196614855191,-35003.9025977263,6830519.3124224
144,1149,Eulamprus murrayi,Logistic_multi_no_coords,spatial,False,0,0.002719866791284782,-35003.9025977263,6830519.3124224
144,1150,Ophioscincus truncatus,Logistic_multi_no_coords,spatial,False,0,0.07667439693502641,-35003.9025977263,6830519.3124224
144,1151,Pseudechis porphyricaus,Logistic_multi_no_coords,spatial,False,0,0.007972676103383449,-35003.9025977263,6830519.3124224
144,1152,Saltuarius swaini,Logistic_multi_no_coords,spatial,False,0,0.005796504403312184,-35003.9025977263,6830519.3124224
145,1153,Cacophis kreftii,Logistic_multi_no_coords,spatial,False,0,0.08981323883235609,-57852.3087704955,6829363.4472621
145,1154,Calyptotis scutirostrum,Logistic_multi_no_coords,spatial,False,0,0.16257426935762584,-57852.3087704955,6829363.4472621
145,1155,Coeranoscincus reticulatus,Logistic_multi_no_coords,spatial,False,0,0.26496868095137405,-57852.3087704955,6829363.4472621
145,1156,Egernia mcpheei,Logistic_multi_no_coords,spatial,False,0,0.03373204923179157,-57852.3087704955,6829363.4472621
145,1157,Eulamprus murrayi,Logistic_multi_no_coords,spatial,False,0,0.020377396920123293,-57852.3087704955,6829363.4472621
145,1158,Ophioscincus truncatus,Logistic_multi_no_coords,spatial,False,0,0.3877674479395363,-57852.3087704955,6829363.4472621
145,1159,Pseudechis porphyricaus,Logistic_multi_no_coords,spatial,False,0,0.05775677695267841,-57852.3087704955,6829363.4472621
145,1160,Saltuarius swaini,Logistic_multi_no_coords,spatial,False,0,0.042575040549180064,-57852.3087704955,6829363.4472621
146,1161,Cacophis kreftii,Logistic_multi_no_coords,spatial,False,0,0.01586307891410875,-34994.2569791634,6830308.29905931
146,1162,Calyptotis scutirostrum,Logistic_multi_no_coords,spatial,False,0,0.030737533926621683,-34994.2569791634,6830308.29905931
146,1163,Coeranoscincus reticulatus,Logistic_multi_no_coords,spatial,False,0,0.05561112459572963,-34994.2569791634,6830308.29905931
146,1164,Egernia mcpheei,Logistic_multi_no_coords,spatial,False,0,0.005670191482243113,-34994.2569791634,6830308.29905931
146,1165,Eulamprus murrayi,Logistic_multi_no_coords,spatial,False,0,0.003386404486733723,-34994.2569791634,6830308.29905931
146,1166,Ophioscincus truncatus,Logistic_multi_no_coords,spatial,False,0,0.0937605234979823,-34994.2569791634,6830308.29905931
146,1167,Pseudechis porphyricaus,Logistic_multi_no_coords,spatial,False,0,0.009913684671436452,-34994.2569791634,6830308.29905931
146,1168,Saltuarius swaini,Logistic_multi_no_coords,spatial,False,0,0.007211558867984904,-34994.2569791634,6830308.29905931
147,1169,Cacophis kreftii,Logistic_multi_no_coords,spatial,False,0,0.09583900654449103,-58647.1030221649,6829125.12230747
147,1170,Calyptotis scutirostrum,Logistic_multi_no_coords,spatial,False,0,0.17255624609822898,-58647.1030221649,6829125.12230747
147,1171,Coeranoscincus reticulatus,Logistic_multi_no_coords,spatial,False,0,0.27914196683039055,-58647.1030221649,6829125.12230747
147,1172,Egernia mcpheei,Logistic_multi_no_coords,spatial,False,0,0.036144624436648114,-58647.1030221649,6829125.12230747
147,1173,Eulamprus murrayi,Logistic_multi_no_coords,spatial,False,0,0.021856428920428418,-58647.1030221649,6829125.12230747
147,1174,Ophioscincus truncatus,Logistic_multi_no_coords,spatial,False,1,0.4048910103057904,-58647.1030221649,6829125.12230747
147,1175,Pseudechis porphyricaus,Logistic_multi_no_coords,spatial,False,0,0.06177778481811043,-58647.1030221649,6829125.12230747
147,1176,Saltuarius swaini,Logistic_multi_no_coords,spatial,False,0,0.04559024109020127,-58647.1030221649,6829125.12230747
148,1177,Cacophis kreftii,Logistic_multi_no_coords,spatial,False,0,0.08115498649645876,-59039.7148912014,6828905.9612443
148,1178,Calyptotis scutirostrum,Logistic_multi_no_coords,spatial,False,1,0.14804253870997602,-59039.7148912014,6828905.9612443
148,1179,Coeranoscincus reticulatus,Logistic_multi_no_coords,spatial,False,0,0.24395063612761247,-59039.7148912014,6828905.9612443
148,1180,Egernia mcpheei,Logistic_multi_no_coords,spatial,False,1,0.030300204367965475,-59039.7148912014,6828905.9612443
148,1181,Eulamprus murrayi,Logistic_multi_no_coords,spatial,False,0,0.018278531409534476,-59039.7148912014,6828905.9612443
148,1182,Ophioscincus truncatus,Logistic_multi_no_coords,spatial,False,1,0.36180333456351793,-59039.7148912014,6828905.9612443
148,1183,Pseudechis porphyricaus,Logistic_multi_no_coords,spatial,False,0,0.05201226301924668,-59039.7148912014,6828905.9612443
148,1184,Saltuarius swaini,Logistic_multi_no_coords,spatial,False,0,0.038279164786779334,-59039.7148912014,6828905.9612443
149,1185,Cacophis kreftii,Logistic_multi_no_coords,spatial,False,0,0.08090508367781721,-58039.2252902132,6828953.72338296
149,1186,Calyptotis scutirostrum,Logistic_multi_no_coords,spatial,False,1,0.14761975769287566,-58039.2252902132,6828953.72338296
149,1187,Coeranoscincus reticulatus,Logistic_multi_no_coords,spatial,False,0,0.24333218868904577,-58039.2252902132,6828953.72338296
149,1188,Egernia mcpheei,Logistic_multi_no_coords,spatial,False,0,0.030201752823550882,-58039.2252902132,6828953.72338296
149,1189,Eulamprus murrayi,Logistic_multi_no_coords,spatial,False,0,0.018218406869682676,-58039.2252902132,6828953.72338296
149,1190,Ophioscincus truncatus,Logistic_multi_no_coords,spatial,False,0,0.3610287845955096,-58039.2252902132,6828953.72338296
149,1191,Pseudechis porphyricaus,Logistic_multi_no_coords,spatial,False,0,0.051847036506185266,-58039.2252902132,6828953.72338296
149,1192,Saltuarius swaini,Logistic_multi_no_coords,spatial,False,0,0.0381558080816095,-58039.2252902132,6828953.72338296
150,1193,Cacophis kreftii,Logistic_multi_no_coords,spatial,False,0,0.019224449528009068,-34359.3605187094,6829747.4641776
150,1194,Calyptotis scutirostrum,Logistic_multi_no_coords,spatial,False,0,0.037131865005939874,-34359.3605187094,6829747.4641776
150,1195,Coeranoscincus reticulatus,Logistic_multi_no_coords,spatial,False,0,0.06682317154020097,-34359.3605187094,6829747.4641776
150,1196,Egernia mcpheei,Logistic_multi_no_coords,spatial,False,0,0.00688681373870881,-34359.3605187094,6829747.4641776
150,1197,Eulamprus murrayi,Logistic_multi_no_coords,spatial,False,0,0.0041150348920868975,-34359.3605187094,6829747.4641776
150,1198,Ophioscincus truncatus,Logistic_multi_no_coords,spatial,False,0,0.11175389792072203,-34359.3605187094,6829747.4641776
150,1199,Pseudechis porphyricaus,Logistic_multi_no_coords,spatial,False,0,0.012029794634820297,-34359.3605187094,6829747.4641776
150,1200,Saltuarius swaini,Logistic_multi_no_coords,spatial,False,0,0.008755991650999804,-34359.3605187094,6829747.4641776
151,1201,Cacophis kreftii,Logistic_multi_no_coords,spatial,False,0,0.01941544331977739,-34751.7720567721,6829518.08321835
151,1202,Calyptotis scutirostrum,Logistic_multi_no_coords,spatial,False,0,0.0374939666626886,-34751.7720567721,6829518.08321835
151,1203,Coeranoscincus reticulatus,Logistic_multi_no_coords,spatial,False,0,0.06745453201249803,-34751.7720567721,6829518.08321835
151,1204,Egernia mcpheei,Logistic_multi_no_coords,spatial,False,0,0.006956103182044608,-34751.7720567721,6829518.08321835
151,1205,Eulamprus murrayi,Logistic_multi_no_coords,spatial,False,0,0.004156553700433181,-34751.7720567721,6829518.08321835
151,1206,Ophioscincus truncatus,Logistic_multi_no_coords,spatial,False,0,0.11275847861180144,-34751.7720567721,6829518.08321835
151,1207,Pseudechis porphyricaus,Logistic_multi_no_coords,spatial,False,0,0.012150195448002221,-34751.7720567721,6829518.08321835
151,1208,Saltuarius swaini,Logistic_multi_no_coords,spatial,False,0,0.008843919748567321,-34751.7720567721,6829518.08321835
152,1209,Cacophis kreftii,Logistic_multi_no_coords,spatial,False,0,0.03231853669750819,-34733.497415081,6829118.26913623
152,1210,Calyptotis scutirostrum,Logistic_multi_no_coords,spatial,False,0,0.061656222269856606,-34733.497415081,6829118.26913623
152,1211,Coeranoscincus reticulatus,Logistic_multi_no_coords,spatial,False,0,0.1087429478212003,-34733.497415081,6829118.26913623
152,1212,Egernia mcpheei,Logistic_multi_no_coords,spatial,False,0,0.011677589825180782,-34733.497415081,6829118.26913623
152,1213,Eulamprus murrayi,Logistic_multi_no_coords,spatial,False,0,0.006991211217267966,-34733.497415081,6829118.26913623
152,1214,Ophioscincus truncatus,Logistic_multi_no_coords,spatial,False,0,0.17652786286283723,-34733.497415081,6829118.26913623
152,1215,Pseudechis porphyricaus,Logistic_multi_no_coords,spatial,False,0,0.020325037679649178,-34733.497415081,6829118.26913623
152,1216,Saltuarius swaini,Logistic_multi_no_coords,spatial,False,0,0.014827637773111978,-34733.497415081,6829118.26913623
153,1217,Cacophis kreftii,Logistic_multi_no_coords,spatial,False,0,0.13417438786681093,-56158.084536112,6827640.49763384
153,1218,Calyptotis scutirostrum,Logistic_multi_no_coords,spatial,False,1,0.23364844837439988,-56158.084536112,6827640.49763384
153,1219,Coeranoscincus reticulatus,Logistic_multi_no_coords,spatial,False,0,0.36148440104011303,-56158.084536112,6827640.49763384
153,1220,Egernia mcpheei,Logistic_multi_no_coords,spatial,False,0,0.05197497648350981,-56158.084536112,6827640.49763384
153,1221,Eulamprus murrayi,Logistic_multi_no_coords,spatial,False,0,0.031634330132417086,-56158.084536112,6827640.49763384
153,1222,Ophioscincus truncatus,Logistic_multi_no_coords,spatial,False,1,0.4986669684444325,-56158.084536112,6827640.49763384
153,1223,Pseudechis porphyricaus,Logistic_multi_no_coords,spatial,False,0,0.087811956401499,-56158.084536112,6827640.49763384
153,1224,Saltuarius swaini,Logistic_multi_no_coords,spatial,False,0,0.06527733966784977,-56158.084536112,6827640.49763384
154,1225,Cacophis kreftii,Logistic_multi_no_coords,spatial,False,0,0.09645306658274867,-56718.2495163478,6826812.23539331
154,1226,Calyptotis scutirostrum,Logistic_multi_no_coords,spatial,False,0,0.17356748994760132,-56718.2495163478,6826812.23539331
154,1227,Coeranoscincus reticulatus,Logistic_multi_no_coords,spatial,False,0,0.28056604517130723,-56718.2495163478,6826812.23539331
154,1228,Egernia mcpheei,Logistic_multi_no_coords,spatial,False,0,0.03639160461930336,-56718.2495163478,6826812.23539331
154,1229,Eulamprus murrayi,Logistic_multi_no_coords,spatial,False,0,0.02200800557601647,-56718.2495163478,6826812.23539331
154,1230,Ophioscincus truncatus,Logistic_multi_no_coords,spatial,False,1,0.40659476600956945,-56718.2495163478,6826812.23539331
154,1231,Pseudechis porphyricaus,Logistic_multi_no_coords,spatial,False,0,0.062188618126416906,-56718.2495163478,6826812.23539331
154,1232,Saltuarius swaini,Logistic_multi_no_coords,spatial,False,0,0.04589869067963582,-56718.2495163478,6826812.23539331
155,1233,Cacophis kreftii,Logistic_multi_no_coords,spatial,False,0,0.06389591390209218,-59120.6295586857,6826486.03756181
155,1234,Calyptotis scutirostrum,Logistic_multi_no_coords,spatial,False,0,0.11839146568881996,-59120.6295586857,6826486.03756181
155,1235,Coeranoscincus reticulatus,Logistic_multi_no_coords,spatial,False,0,0.19959056228415886,-59120.6295586857,6826486.03756181
155,1236,Egernia mcpheei,Logistic_multi_no_coords,spatial,False,0,0.023578786928721004,-59120.6295586857,6826486.03756181
155,1237,Eulamprus murrayi,Logistic_multi_no_coords,spatial,False,0,0.014184841940639308,-59120.6295586857,6826486.03756181
155,1238,Ophioscincus truncatus,Logistic_multi_no_coords,spatial,False,0,0.3046481997770251,-59120.6295586857,6826486.03756181
155,1239,Pseudechis porphyricaus,Logistic_multi_no_coords,spatial,False,0,0.04067654807661239,-59120.6295586857,6826486.03756181
155,1240,Saltuarius swaini,Logistic_multi_no_coords,spatial,False,0,0.029842264646191326,-59120.6295586857,6826486.03756181
156,1241,Cacophis kreftii,Logistic_multi_no_coords,spatial,False,0,0.051385413079027935,-57101.2660895063,6826393.18209589
156,1242,Calyptotis scutirostrum,Logistic_multi_no_coords,spatial,False,1,0.09630876019343888,-57101.2660895063,6826393.18209589
156,1243,Coeranoscincus reticulatus,Logistic_multi_no_coords,spatial,False,0,0.1652004148849996,-57101.2660895063,6826393.18209589
156,1244,Egernia mcpheei,Logistic_multi_no_coords,spatial,False,0,0.01880361283880266,-57101.2660895063,6826393.18209589
156,1245,Eulamprus murrayi,Logistic_multi_no_coords,spatial,False,0,0.011290131143422406,-57101.2660895063,6826393.18209589
156,1246,Ophioscincus truncatus,Logistic_multi_no_coords,spatial,False,0,0.2579908933907134,-57101.2660895063,6826393.18209589
156,1247,Pseudechis porphyricaus,Logistic_multi_no_coords,spatial,False,0,0.032554182118401824,-57101.2660895063,6826393.18209589
156,1248,Saltuarius swaini,Logistic_multi_no_coords,spatial,False,0,0.02382956877965756,-57101.2660895063,6826393.18209589
157,1249,Cacophis kreftii,Logistic_multi_no_coords,spatial,False,0,0.13053452358538056,-57287.8605910979,6826183.88283365
157,1250,Calyptotis scutirostrum,Logistic_multi_no_coords,spatial,False,1,0.2280207377121331,-57287.8605910979,6826183.88283365
157,1251,Coeranoscincus reticulatus,Logistic_multi_no_coords,spatial,False,0,0.35420072977182737,-57287.8605910979,6826183.88283365
157,1252,Egernia mcpheei,Logistic_multi_no_coords,spatial,False,0,0.05043511316391253,-57287.8605910979,6826183.88283365
157,1253,Eulamprus murrayi,Logistic_multi_no_coords,spatial,False,0,0.03067759853413814,-57287.8605910979,6826183.88283365
157,1254,Ophioscincus truncatus,Logistic_multi_no_coords,spatial,False,0,0.4907435912641262,-57287.8605910979,6826183.88283365
157,1255,Pseudechis porphyricaus,Logistic_multi_no_coords,spatial,False,0,0.08530588891646448,-57287.8605910979,6826183.88283365
157,1256,Saltuarius swaini,Logistic_multi_no_coords,spatial,False,0,0.06336971086802096,-57287.8605910979,6826183.88283365
158,1257,Cacophis kreftii,Logistic_multi_no_coords,spatial,False,0,0.12491973038519362,-57091.7358988385,6826193.23264818
158,1258,Calyptotis scutirostrum,Logistic_multi_no_coords,spatial,False,0,0.21927018274195786,-57091.7358988385,6826193.23264818
158,1259,Coeranoscincus reticulatus,Logistic_multi_no_coords,spatial,False,0,0.3427578497509145,-57091.7358988385,6826193.23264818
158,1260,Egernia mcpheei,Logistic_multi_no_coords,spatial,False,0,0.04807519943841555,-57091.7358988385,6826193.23264818
158,1261,Eulamprus murrayi,Logistic_multi_no_coords,spatial,False,0,0.029213718541658575,-57091.7358988385,6826193.23264818
158,1262,Ophioscincus truncatus,Logistic_multi_no_coords,spatial,False,1,0.4781556084309477,-57091.7358988385,6826193.23264818
158,1263,Pseudechis porphyricaus,Logistic_multi_no_coords,spatial,False,0,0.08145429699088448,-57091.7358988385,6826193.23264818
158,1264,Saltuarius swaini,Logistic_multi_no_coords,spatial,False,0,0.06044309786534251,-57091.7358988385,6826193.23264818
159,1265,Cacophis kreftii,Logistic_multi_no_coords,spatial,False,0,0.13845507705837137,-57278.3264609204,6825983.9330077
159,1266,Calyptotis scutirostrum,Logistic_multi_no_coords,spatial,False,0,0.24022223535302484,-57278.3264609204,6825983.9330077
159,1267,Coeranoscincus reticulatus,Logistic_multi_no_coords,spatial,False,0,0.36991876337254415,-57278.3264609204,6825983.9330077
159,1268,Egernia mcpheei,Logistic_multi_no_coords,spatial,False,0,0.053796124185575736,-57278.3264609204,6825983.9330077
159,1269,Eulamprus murrayi,Logistic_multi_no_coords,spatial,False,0,0.03276739745676906,-57278.3264609204,6825983.9330077
159,1270,Ophioscincus truncatus,Logistic_multi_no_coords,spatial,False,1,0.5077568131043528,-57278.3264609204,6825983.9330077
159,1271,Pseudechis porphyricaus,Logistic_multi_no_coords,spatial,False,0,0.09076856775335405,-57278.3264609204,6825983.9330077
159,1272,Saltuarius swaini,Logistic_multi_no_coords,spatial,False,0,0.06753138587971744,-57278.3264609204,6825983.9330077
160,1273,Cacophis kreftii,Logistic_multi_no_coords,spatial,False,0,0.12641401133359564,-57082.2051583753,6825993.28319997
160,1274,Calyptotis scutirostrum,Logistic_multi_no_coords,spatial,False,1,0.22160726454537427,-57082.2051583753,6825993.28319997
160,1275,Coeranoscincus reticulatus,Logistic_multi_no_coords,spatial,False,0,0.34582810760486044,-57082.2051583753,6825993.28319997
160,1276,Egernia mcpheei,Logistic_multi_no_coords,spatial,False,0,0.048701428906831906,-57082.2051583753,6825993.28319997
160,1277,Eulamprus murrayi,Logistic_multi_no_coords,spatial,False,0,0.029601897813108603,-57082.2051583753,6825993.28319997
160,1278,Ophioscincus truncatus,Logistic_multi_no_coords,spatial,False,0,0.48155007574249714,-57082.2051583753,6825993.28319997
160,1279,Pseudechis porphyricaus,Logistic_multi_no_coords,spatial,False,0,0.08247765174702165,-57082.2051583753,6825993.28319997
160,1280,Saltuarius swaini,Logistic_multi_no_coords,spatial,False,0,0.06122007112451491,-57082.2051583753,6825993.28319997
161,1281,Cacophis kreftii,Logistic_multi_no_coords,spatial,False,0,0.12465797587296186,-57053.0800449767,6825382.32654951
161,1282,Calyptotis scutirostrum,Logistic_multi_no_coords,spatial,False,0,0.21886017343096323,-57053.0800449767,6825382.32654951
161,1283,Coeranoscincus reticulatus,Logistic_multi_no_coords,spatial,False,0,0.342218146968037,-57053.0800449767,6825382.32654951
161,1284,Egernia mcpheei,Logistic_multi_no_coords,spatial,False,0,0.04796563765869848,-57053.0800449767,6825382.32654951
161,1285,Eulamprus murrayi,Logistic_multi_no_coords,spatial,False,0,0.02914582535349482,-57053.0800449767,6825382.32654951
161,1286,Ophioscincus truncatus,Logistic_multi_no_coords,spatial,False,1,0.4775576196812737,-57053.0800449767,6825382.32654951
161,1287,Pseudechis porphyricaus,Logistic_multi_no_coords,spatial,False,0,0.08127516018828979,-57053.0800449767,6825382.32654951
161,1288,Saltuarius swaini,Logistic_multi_no_coords,spatial,False,0,0.06030713572154605,-57053.0800449767,6825382.32654951
162,1289,Cacophis kreftii,Logistic_multi_no_coords,spatial,False,0,0.08008194239593062,-57436.0274871426,6824963.25226147
162,1290,Calyptotis scutirostrum,Logistic_multi_no_coords,spatial,False,0,0.14622584067037975,-57436.0274871426,6824963.25226147
162,1291,Coeranoscincus reticulatus,Logistic_multi_no_coords,spatial,False,0,0.24129033505987305,-57436.0274871426,6824963.25226147
162,1292,Egernia mcpheei,Logistic_multi_no_coords,spatial,False,0,0.02987770578149766,-57436.0274871426,6824963.25226147
162,1293,Eulamprus murrayi,Logistic_multi_no_coords,spatial,False,0,0.01802054494653978,-57436.0274871426,6824963.25226147
162,1294,Ophioscincus truncatus,Logistic_multi_no_coords,spatial,False,1,0.35846719159340956,-57436.0274871426,6824963.25226147
162,1295,Pseudechis porphyricaus,Logistic_multi_no_coords,spatial,False,0,0.05130303402942837,-57436.0274871426,6824963.25226147
162,1296,Saltuarius swaini,Logistic_multi_no_coords,spatial,False,0,0.037749740686112934,-57436.0274871426,6824963.25226147
163,1297,Cacophis kreftii,Logistic_multi_no_coords,spatial,False,0,0.024815785932756698,-118090.3420558,6819503.16714623
163,1298,Calyptotis scutirostrum,Logistic_multi_no_coords,spatial,False,0,0.04767829544206168,-118090.3420558,6819503.16714623
163,1299,Coeranoscincus reticulatus,Logistic_multi_no_coords,spatial,False,1,0.08505775354122543,-118090.3420558,6819503.16714623
163,1300,Egernia mcpheei,Logistic_multi_no_coords,spatial,False,0,0.008922453949122566,-118090.3420558,6819503.16714623
163,1301,Eulamprus murrayi,Logistic_multi_no_coords,spatial,False,0,0.005335780202885451,-118090.3420558,6819503.16714623
163,1302,Ophioscincus truncatus,Logistic_multi_no_coords,spatial,False,0,0.14040437917251233,-118090.3420558,6819503.16714623
163,1303,Pseudechis porphyricaus,Logistic_multi_no_coords,spatial,False,0,0.015561802945111322,-118090.3420558,6819503.16714623
163,1304,Saltuarius swaini,Logistic_multi_no_coords,spatial,False,0,0.01133782558390158,-118090.3420558,6819503.16714623
164,1305,Cacophis kreftii,Logistic_multi_no_coords,spatial,False,0,0.01934804544107114,-31234.0531967666,6823468.59821031
164,1306,Calyptotis scutirostrum,Logistic_multi_no_coords,spatial,False,0,0.03736620324756296,-31234.0531967666,6823468.59821031
164,1307,Coeranoscincus reticulatus,Logistic_multi_no_coords,spatial,False,0,0.06723180705744077,-31234.0531967666,6823468.59821031
164,1308,Egernia mcpheei,Logistic_multi_no_coords,spatial,False,0,0.006931650349486737,-31234.0531967666,6823468.59821031
164,1309,Eulamprus murrayi,Logistic_multi_no_coords,spatial,False,0,0.004141901094380802,-31234.0531967666,6823468.59821031
164,1310,Ophioscincus truncatus,Logistic_multi_no_coords,spatial,False,0,0.11240419711937108,-31234.0531967666,6823468.59821031
164,1311,Pseudechis porphyricaus,Logistic_multi_no_coords,spatial,False,0,0.012107706411826305,-31234.0531967666,6823468.59821031
164,1312,Saltuarius swaini,Logistic_multi_no_coords,spatial,False,0,0.008812889556993431,-31234.0531967666,6823468.59821031
165,1313,Cacophis kreftii,Logistic_multi_no_coords,spatial,False,0,0.03949936720006883,-116199.528148125,6817786.39841097
165,1314,Calyptotis scutirostrum,Logistic_multi_no_coords,spatial,False,0,0.07485135491386574,-116199.528148125,6817786.39841097
165,1315,Coeranoscincus reticulatus,Logistic_multi_no_coords,spatial,False,0,0.13061249680074583,-116199.528148125,6817786.39841097
165,1316,Egernia mcpheei,Logistic_multi_no_coords,spatial,False,0,0.014340187803100868,-116199.528148125,6817786.39841097
165,1317,Eulamprus murrayi,Logistic_multi_no_coords,spatial,False,0,0.008594563855294527,-116199.528148125,6817786.39841097
165,1318,Ophioscincus truncatus,Logistic_multi_no_coords,spatial,False,0,0.20883551362015945,-116199.528148125,6817786.39841097
165,1319,Pseudechis porphyricaus,Logistic_multi_no_coords,spatial,False,0,0.024909638781357896,-116199.528148125,6817786.39841097
165,1320,Saltuarius swaini,Logistic_multi_no_coords,spatial,False,0,0.018195252711408833,-116199.528148125,6817786.39841097
166,1321,Cacophis kreftii,Logistic_multi_no_coords,spatial,False,0,0.021732040857415542,-115961.85299911,6817197.07567746
166,1322,Calyptotis scutirostrum,Logistic_multi_no_coords,spatial,False,1,0.04187552675015564,-115961.85299911,6817197.07567746
166,1323,Coeranoscincus reticulatus,Logistic_multi_no_coords,spatial,False,0,0.07506424281561427,-115961.85299911,6817197.07567746
166,1324,Egernia mcpheei,Logistic_multi_no_coords,spatial,False,0,0.007797908380106745,-115961.85299911,6817197.07567746
166,1325,Eulamprus murrayi,Logistic_multi_no_coords,spatial,False,0,0.0046611566654669034,-115961.85299911,6817197.07567746
166,1326,Ophioscincus truncatus,Logistic_multi_no_coords,spatial,False,0,0.12479509446450826,-115961.85299911,6817197.07567746
166,1327,Pseudechis porphyricaus,Logistic_multi_no_coords,spatial,False,0,0.013611956926095226,-115961.85299911,6817197.07567746
166,1328,Saltuarius swaini,Logistic_multi_no_coords,spatial,False,0,0.009911902115678857,-115961.85299911,6817197.07567746
167,1329,Cacophis kreftii,Logistic_multi_no_coords,spatial,False,0,0.03188418594503121,-115156.930903262,6817038.96223258
167,1330,Calyptotis scutirostrum,Logistic_multi_no_coords,spatial,False,0,0.060852377204119075,-115156.930903262,6817038.96223258
167,1331,Coeranoscincus reticulatus,Logistic_multi_no_coords,spatial,False,0,0.10739546957184107,-115156.930903262,6817038.96223258
167,1332,Egernia mcpheei,Logistic_multi_no_coords,spatial,False,0,0.01151734506229999,-115156.930903262,6817038.96223258
167,1333,Eulamprus murrayi,Logistic_multi_no_coords,spatial,False,0,0.006894826263653221,-115156.930903262,6817038.96223258
167,1334,Ophioscincus truncatus,Logistic_multi_no_coords,spatial,False,0,0.17450489333136793,-115156.930903262,6817038.96223258
167,1335,Pseudechis porphyricaus,Logistic_multi_no_coords,spatial,False,0,0.02004853617402959,-115156.930903262,6817038.96223258
167,1336,Saltuarius swaini,Logistic_multi_no_coords,spatial,False,0,0.014624806382560713,-115156.930903262,6817038.96223258
168,1337,Cacophis kreftii,Logistic_multi_no_coords,spatial,False,0,0.07330319265715757,-114320.555073989,6816470.06822849
168,1338,Calyptotis scutirostrum,Logistic_multi_no_coords,spatial,False,0,0.13466779707075052,-114320.555073989,6816470.06822849
168,1339,Coeranoscincus reticulatus,Logistic_multi_no_coords,spatial,False,0,0.22419128773399394,-114320.555073989,6816470.06822849
168,1340,Egernia mcpheei,Logistic_multi_no_coords,spatial,False,0,0.02722286833800558,-114320.555073989,6816470.06822849
168,1341,Eulamprus murrayi,Logistic_multi_no_coords,spatial,False,0,0.01640148428734586,-114320.555073989,6816470.06822849
168,1342,Ophioscincus truncatus,Logistic_multi_no_coords,spatial,False,0,0.3367499821794024,-114320.555073989,6816470.06822849
168,1343,Pseudechis porphyricaus,Logistic_multi_no_coords,spatial,False,0,0.04683632287409963,-114320.555073989,6816470.06822849
168,1344,Saltuarius swaini,Logistic_multi_no_coords,spatial,False,0,0.0344202372833252,-114320.555073989,6816470.06822849
169,1345,Cacophis kreftii,Logistic_multi_no_coords,spatial,False,0,0.030791113722027096,-108876.433782581,6816343.47520397
169,1346,Calyptotis scutirostrum,Logistic_multi_no_coords,spatial,False,0,0.05882654553597655,-108876.433782581,6816343.47520397
169,1347,Coeranoscincus reticulatus,Logistic_multi_no_coords,spatial,False,0,0.10399174736121485,-108876.433782581,6816343.47520397
169,1348,Egernia mcpheei,Logistic_multi_no_coords,spatial,False,0,0.01111448470661005,-108876.433782581,6816343.47520397
169,1349,Eulamprus murrayi,Logistic_multi_no_coords,spatial,False,0,0.0066525668628139665,-108876.433782581,6816343.47520397
169,1350,Ophioscincus truncatus,Logistic_multi_no_coords,spatial,False,0,0.16937784682242293,-108876.433782581,6816343.47520397
169,1351,Pseudechis porphyricaus,Logistic_multi_no_coords,spatial,False,0,0.01935310931236835,-108876.433782581,6816343.47520397
169,1352,Saltuarius swaini,Logistic_multi_no_coords,spatial,False,0,0.014114803526318366,-108876.433782581,6816343.47520397
170,1353,Cacophis kreftii,Logistic_multi_no_coords,spatial,False,0,0.026217358368065026,-109030.042605492,6815332.43919622
170,1354,Calyptotis scutirostrum,Logistic_multi_no_coords,spatial,False,0,0.050304512270017664,-109030.042605492,6815332.43919622
170,1355,Coeranoscincus reticulatus,Logistic_multi_no_coords,spatial,False,1,0.08954929929149123,-109030.042605492,6815332.43919622
170,1356,Egernia mcpheei,Logistic_multi_no_coords,spatial,False,0,0.009435070645957814,-109030.042605492,6815332.43919622
170,1357,Eulamprus murrayi,Logistic_multi_no_coords,spatial,False,0,0.005643507151241902,-109030.042605492,6815332.43919622
170,1358,Ophioscincus truncatus,Logistic_multi_no_coords,spatial,False,0,0.14734787243476646,-109030.042605492,6815332.43919622
170,1359,Pseudechis porphyricaus,Logistic_multi_no_coords,spatial,False,0,0.016449535291105336,-109030.042605492,6815332.43919622
170,1360,Saltuarius swaini,Logistic_multi_no_coords,spatial,False,0,0.011987532786428492,-109030.042605492,6815332.43919622
171,1361,Cacophis kreftii,Logistic_multi_no_coords,spatial,False,0,0.019386184110100152,-27097.7448967228,6813229.19629307
171,1362,Calyptotis scutirostrum,Logistic_multi_no_coords,spatial,False,0,0.03743850317872006,-27097.7448967228,6813229.19629307
171,1363,Coeranoscincus reticulatus,Logistic_multi_no_coords,spatial,False,0,0.06735785049808671,-27097.7448967228,6813229.19629307
171,1364,Egernia mcpheei,Logistic_multi_no_coords,spatial,False,0,0.006945487292852278,-27097.7448967228,6813229.19629307
171,1365,Eulamprus murrayi,Logistic_multi_no_coords,spatial,False,0,0.00415019242044006,-27097.7448967228,6813229.19629307
171,1366,Ophioscincus truncatus,Logistic_multi_no_coords,spatial,False,0,0.11260470436742401,-27097.7448967228,6813229.19629307
171,1367,Pseudechis porphyricaus,Logistic_multi_no_coords,spatial,False,0,0.01213174956015474,-27097.7448967228,6813229.19629307
171,1368,Saltuarius swaini,Logistic_multi_no_coords,spatial,False,0,0.008830448432763632,-27097.7448967228,6813229.19629307
172,1369,Cacophis kreftii,Logistic_multi_no_coords,spatial,False,0,0.02814449382848892,-148834.228828815,6806479.17622519
172,1370,Calyptotis scutirostrum,Logistic_multi_no_coords,spatial,False,0,0.053904190439204754,-148834.228828815,6806479.17622519
172,1371,Coeranoscincus reticulatus,Logistic_multi_no_coords,spatial,False,0,0.09567433550488978,-148834.228828815,6806479.17622519
172,1372,Egernia mcpheei,Logistic_multi_no_coords,spatial,False,0,0.010141453105117519,-148834.228828815,6806479.17622519
172,1373,Eulamprus murrayi,Logistic_multi_no_coords,spatial,False,0,0.006067762639526971,-148834.228828815,6806479.17622519
172,1374,Ophioscincus truncatus,Logistic_multi_no_coords,spatial,False,0,0.1567456266894691,-148834.228828815,6806479.17622519
172,1375,Pseudechis porphyricaus,Logistic_multi_no_coords,spatial,False,0,0.01767170607942598,-148834.228828815,6806479.17622519
172,1376,Saltuarius swaini,Logistic_multi_no_coords,spatial,False,0,0.01288252706718209,-148834.228828815,6806479.17622519
173,1377,Cacophis kreftii,Logistic_multi_no_coords,spatial,False,0,0.02694387130665637,-26864.9515665186,6812638.8314962
173,1378,Calyptotis scutirostrum,Logistic_multi_no_coords,spatial,False,0,0.05166309510908156,-26864.9515665186,6812638.8314962
173,1379,Coeranoscincus reticulatus,Logistic_multi_no_coords,spatial,False,0,0.09186524842918349,-26864.9515665186,6812638.8314962
173,1380,Egernia mcpheei,Logistic_multi_no_coords,spatial,False,0,0.00970116028034351,-26864.9515665186,6812638.8314962
173,1381,Eulamprus murrayi,Logistic_multi_no_coords,spatial,False,0,0.0058032928588743265,-26864.9515665186,6812638.8314962
173,1382,Ophioscincus truncatus,Logistic_multi_no_coords,spatial,False,0,0.15091085492827777,-26864.9515665186,6812638.8314962
173,1383,Pseudechis porphyricaus,Logistic_multi_no_coords,spatial,False,0,0.01691007110673201,-26864.9515665186,6812638.8314962
173,1384,Saltuarius swaini,Logistic_multi_no_coords,spatial,False,0,0.01232471179242693,-26864.9515665186,6812638.8314962
174,1385,Cacophis kreftii,Logistic_multi_no_coords,spatial,False,0,0.03201432919702716,-144171.518832433,6805913.46294023
174,1386,Calyptotis scutirostrum,Logistic_multi_no_coords,spatial,False,0,0.06109329971454779,-144171.518832433,6805913.46294023
174,1387,Coeranoscincus reticulatus,Logistic_multi_no_coords,spatial,False,0,0.10779951091963282,-144171.518832433,6805913.46294023
174,1388,Egernia mcpheei,Logistic_multi_no_coords,spatial,False,0,0.011565349096148377,-144171.518832433,6805913.46294023
174,1389,Eulamprus murrayi,Logistic_multi_no_coords,spatial,False,0,0.006923698693729973,-144171.518832433,6805913.46294023
174,1390,Ophioscincus truncatus,Logistic_multi_no_coords,spatial,False,0,0.17511188125531243,-144171.518832433,6805913.46294023
174,1391,Pseudechis porphyricaus,Logistic_multi_no_coords,spatial,False,0,0.020131373851473726,-144171.518832433,6805913.46294023
174,1392,Saltuarius swaini,Logistic_multi_no_coords,spatial,False,0,0.01468556982377873,-144171.518832433,6805913.46294023
175,1393,Cacophis kreftii,Logistic_multi_no_coords,spatial,False,0,0.049975964909410774,-26614.0603685924,6811648.67695057
175,1394,Calyptotis scutirostrum,Logistic_multi_no_coords,spatial,False,1,0.0937889384671854,-26614.0603685924,6811648.67695057
175,1395,Coeranoscincus reticulatus,Logistic_multi_no_coords,spatial,False,0,0.16119963730060397,-26614.0603685924,6811648.67695057
175,1396,Egernia mcpheei,Logistic_multi_no_coords,spatial,False,0,0.018270636724257567,-26614.0603685924,6811648.67695057
175,1397,Eulamprus murrayi,Logistic_multi_no_coords,spatial,False,0,0.010967739252521532,-26614.0603685924,6811648.67695057
175,1398,Ophioscincus truncatus,Logistic_multi_no_coords,spatial,False,0,0.25242243083735655,-26614.0603685924,6811648.67695057
175,1399,Pseudechis porphyricaus,Logistic_multi_no_coords,spatial,False,0,0.03164402474770559,-26614.0603685924,6811648.67695057
175,1400,Saltuarius swaini,Logistic_multi_no_coords,spatial,False,0,0.023157497408098547,-26614.0603685924,6811648.67695057
176,1401,Cacophis kreftii,Logistic_multi_no_coords,spatial,False,0,0.027530904640380344,-146353.923264982,6805201.04834351
176,1402,Calyptotis scutirostrum,Logistic_multi_no_coords,spatial,False,0,0.05275949161247368,-146353.923264982,6805201.04834351
176,1403,Coeranoscincus reticulatus,Logistic_multi_no_coords,spatial,False,0,0.09373049212373676,-146353.923264982,6805201.04834351
176,1404,Egernia mcpheei,Logistic_multi_no_coords,spatial,False,0,0.009916350499132347,-146353.923264982,6805201.04834351
176,1405,Eulamprus murrayi,Logistic_multi_no_coords,spatial,False,0,0.005932538916375015,-146353.923264982,6805201.04834351
176,1406,Ophioscincus truncatus,Logistic_multi_no_coords,spatial,False,0,0.1537719668452882,-146353.923264982,6805201.04834351
176,1407,Pseudechis porphyricaus,Logistic_multi_no_coords,spatial,False,0,0.017282378050585186,-146353.923264982,6805201.04834351
176,1408,Saltuarius swaini,Logistic_multi_no_coords,spatial,False,0,0.012597357092907052,-146353.923264982,6805201.04834351
177,1409,Cacophis kreftii,Logistic_multi_no_coords,spatial,False,0,0.05205313097156493,-26577.824176917,6810849.10035356
177,1410,Calyptotis scutirostrum,Logistic_multi_no_coords,spatial,False,0,0.09750022730454402,-26577.824176917,6810849.10035356
177,1411,Coeranoscincus reticulatus,Logistic_multi_no_coords,spatial,False,0,0.1670865819516733,-26577.824176917,6810849.10035356
177,1412,Egernia mcpheei,Logistic_multi_no_coords,spatial,False,0,0.01905645790198647,-26577.824176917,6810849.10035356
177,1413,Eulamprus murrayi,Logistic_multi_no_coords,spatial,False,0,0.011443123527911676,-26577.824176917,6810849.10035356
177,1414,Ophioscincus truncatus,Logistic_multi_no_coords,spatial,False,0,0.260605760393041,-26577.824176917,6810849.10035356
177,1415,Pseudechis porphyricaus,Logistic_multi_no_coords,spatial,False,0,0.032985709984825896,-26577.824176917,6810849.10035356
177,1416,Saltuarius swaini,Logistic_multi_no_coords,spatial,False,0,0.024148332698464635,-26577.824176917,6810849.10035356
178,1417,Cacophis kreftii,Logistic_multi_no_coords,spatial,False,0,0.04062603745785581,-152179.201074767,6801082.64226836
178,1418,Calyptotis scutirostrum,Logistic_multi_no_coords,spatial,False,0,0.07690565800359161,-152179.201074767,6801082.64226836
178,1419,Coeranoscincus reticulatus,Logistic_multi_no_coords,spatial,False,1,0.13397554931980568,-152179.201074767,6801082.64226836
178,1420,Egernia mcpheei,Logistic_multi_no_coords,spatial,False,0,0.014760251865214883,-152179.201074767,6801082.64226836
178,1421,Eulamprus murrayi,Logistic_multi_no_coords,spatial,False,0,0.008847833383594534,-152179.201074767,6801082.64226836
178,1422,Ophioscincus truncatus,Logistic_multi_no_coords,spatial,False,0,0.21371755770714945,-152179.201074767,6801082.64226836
178,1423,Pseudechis porphyricaus,Logistic_multi_no_coords,spatial,False,0,0.02563126040117546,-152179.201074767,6801082.64226836
178,1424,Saltuarius swaini,Logistic_multi_no_coords,spatial,False,0,0.018726096946112835,-152179.201074767,6801082.64226836
179,1425,Cacophis kreftii,Logistic_multi_no_coords,spatial,False,0,0.029781521576710365,-158380.85988069,6800363.84186606
179,1426,Calyptotis scutirostrum,Logistic_multi_no_coords,spatial,False,0,0.05695173108711963,-158380.85988069,6800363.84186606
179,1427,Coeranoscincus reticulatus,Logistic_multi_no_coords,spatial,False,1,0.10083171975086333,-158380.85988069,6800363.84186606
179,1428,Egernia mcpheei,Logistic_multi_no_coords,spatial,False,0,0.01074290710347785,-158380.85988069,6800363.84186606
179,1429,Eulamprus murrayi,Logistic_multi_no_coords,spatial,False,0,0.006429189532637856,-158380.85988069,6800363.84186606
179,1430,Ophioscincus truncatus,Logistic_multi_no_coords,spatial,False,0,0.16459590563241241,-158380.85988069,6800363.84186606
179,1431,Pseudechis porphyricaus,Logistic_multi_no_coords,spatial,False,0,0.018711311006867782,-158380.85988069,6800363.84186606
179,1432,Saltuarius swaini,Logistic_multi_no_coords,spatial,False,0,0.013644303753738195,-158380.85988069,6800363.84186606
180,1433,Cacophis kreftii,Logistic_multi_no_coords,spatial,False,0,0.019509604191482666,-29780.9705356891,6806663.75964171
180,1434,Calyptotis scutirostrum,Logistic_multi_no_coords,spatial,False,0,0.03767243621297916,-29780.9705356891,6806663.75964171
180,1435,Coeranoscincus reticulatus,Logistic_multi_no_coords,spatial,False,0,0.06776557190008582,-29780.9705356891,6806663.75964171
180,1436,Egernia mcpheei,Logistic_multi_no_coords,spatial,False,0,0.006990269590973282,-29780.9705356891,6806663.75964171
180,1437,Eulamprus murrayi,Logistic_multi_no_coords,spatial,False,0,0.004177027354055633,-29780.9705356891,6806663.75964171
180,1438,Ophioscincus truncatus,Logistic_multi_no_coords,spatial,False,0,0.11325304970163201,-29780.9705356891,6806663.75964171
180,1439,Pseudechis porphyricaus,Logistic_multi_no_coords,spatial,False,0,0.012209560096093664,-29780.9705356891,6806663.75964171
180,1440,Saltuarius swaini,Logistic_multi_no_coords,spatial,False,0,0.008887275594060197,-29780.9705356891,6806663.75964171
181,1441,Cacophis kreftii,Logistic_multi_no_coords,spatial,False,0,0.019432393028016432,-29379.7381757025,6806682.07694802
181,1442,Calyptotis scutirostrum,Logistic_multi_no_coords,spatial,False,0,0.03752609496116451,-29379.7381757025,6806682.07694802
181,1443,Coeranoscincus reticulatus,Logistic_multi_no_coords,spatial,False,0,0.06751053258178977,-29379.7381757025,6806682.07694802
181,1444,Egernia mcpheei,Logistic_multi_no_coords,spatial,False,0,0.006962253097503994,-29379.7381757025,6806682.07694802
181,1445,Eulamprus murrayi,Logistic_multi_no_coords,spatial,False,0,0.0041602388933817515,-29379.7381757025,6806682.07694802
181,1446,Ophioscincus truncatus,Logistic_multi_no_coords,spatial,False,0,0.11284753905304172,-29379.7381757025,6806682.07694802
181,1447,Pseudechis porphyricaus,Logistic_multi_no_coords,spatial,False,0,0.012160881243481117,-29379.7381757025,6806682.07694802
181,1448,Saltuarius swaini,Logistic_multi_no_coords,spatial,False,0,0.008851723812100464,-29379.7381757025,6806682.07694802
182,1449,Cacophis kreftii,Logistic_multi_no_coords,spatial,False,0,0.033547375453222686,-155726.191227112,6799488.07056547
182,1450,Calyptotis scutirostrum,Logistic_multi_no_coords,spatial,False,0,0.06392686775314962,-155726.191227112,6799488.07056547
182,1451,Coeranoscincus reticulatus,Logistic_multi_no_coords,spatial,False,0,0.11253970371261195,-155726.191227112,6799488.07056547
182,1452,Egernia mcpheei,Logistic_multi_no_coords,spatial,False,0,0.0121314426266437,-155726.191227112,6799488.07056547
182,1453,Eulamprus murrayi,Logistic_multi_no_coords,spatial,False,0,0.007264265328314614,-155726.191227112,6799488.07056547
182,1454,Ophioscincus truncatus,Logistic_multi_no_coords,spatial,False,0,0.18220747971140797,-155726.191227112,6799488.07056547
182,1455,Pseudechis porphyricaus,Logistic_multi_no_coords,spatial,False,0,0.021107798121135734,-155726.191227112,6799488.07056547
182,1456,Saltuarius swaini,Logistic_multi_no_coords,spatial,False,0,0.015402010161617392,-155726.191227112,6799488.07056547
183,1457,Cacophis kreftii,Logistic_multi_no_coords,spatial,False,0,0.018976872997208023,-29520.6964365395,6805473.74302288
183,1458,Calyptotis scutirostrum,Logistic_multi_no_coords,spatial,False,0,0.03666229360702305,-29520.6964365395,6805473.74302288
183,1459,Coeranoscincus reticulatus,Logistic_multi_no_coords,spatial,False,0,0.06600386111834525,-29520.6964365395,6805473.74302288
183,1460,Egernia mcpheei,Logistic_multi_no_coords,spatial,False,0,0.006797022768516239,-29520.6964365395,6805473.74302288
183,1461,Eulamprus murrayi,Logistic_multi_no_coords,spatial,False,0,0.0040612348676305,-29520.6964365395,6805473.74302288
183,1462,Ophioscincus truncatus,Logistic_multi_no_coords,spatial,False,0,0.11044889977241887,-29520.6964365395,6805473.74302288
183,1463,Pseudechis porphyricaus,Logistic_multi_no_coords,spatial,False,0,0.01187375067448658,-29520.6964365395,6805473.74302288
183,1464,Saltuarius swaini,Logistic_multi_no_coords,spatial,False,0,0.008642042222831046,-29520.6964365395,6805473.74302288
184,1465,Cacophis kreftii,Logistic_multi_no_coords,spatial,False,0,0.019262295718584538,-28317.1316235074,6805528.64452115
184,1466,Calyptotis scutirostrum,Logistic_multi_no_coords,spatial,False,0,0.03720362734652979,-28317.1316235074,6805528.64452115
184,1467,Coeranoscincus reticulatus,Logistic_multi_no_coords,spatial,False,0,0.06694832652941829,-28317.1316235074,6805528.64452115
184,1468,Egernia mcpheei,Logistic_multi_no_coords,spatial,False,0,0.006900542345576961,-28317.1316235074,6805528.64452115
184,1469,Eulamprus murrayi,Logistic_multi_no_coords,spatial,False,0,0.004123261001798993,-28317.1316235074,6805528.64452115
184,1470,Ophioscincus truncatus,Logistic_multi_no_coords,spatial,False,0,0.11195310921861203,-28317.1316235074,6805528.64452115
184,1471,Pseudechis porphyricaus,Logistic_multi_no_coords,spatial,False,0,0.01205365114758528,-28317.1316235074,6805528.64452115
184,1472,Saltuarius swaini,Logistic_multi_no_coords,spatial,False,0,0.008773413476832604,-28317.1316235074,6805528.64452115
185,1473,Cacophis kreftii,Logistic_multi_no_coords,spatial,False,0,0.034576348899392255,-154680.904774922,6798732.86570032
185,1474,Calyptotis scutirostrum,Logistic_multi_no_coords,spatial,False,0,0.06582418401876289,-154680.904774922,6798732.86570032
185,1475,Coeranoscincus reticulatus,Logistic_multi_no_coords,spatial,False,1,0.1157014887905917,-154680.904774922,6798732.86570032
185,1476,Egernia mcpheei,Logistic_multi_no_coords,spatial,False,0,0.012512045392184925,-154680.904774922,6798732.86570032
185,1477,Eulamprus murrayi,Logistic_multi_no_coords,spatial,False,0,0.0074933272067982445,-154680.904774922,6798732.86570032
185,1478,Ophioscincus truncatus,Logistic_multi_no_coords,spatial,False,0,0.18691432792439025,-154680.904774922,6798732.86570032
185,1479,Pseudechis porphyricaus,Logistic_multi_no_coords,spatial,False,0,0.021763813982256134,-154680.904774922,6798732.86570032
185,1480,Saltuarius swaini,Logistic_multi_no_coords,spatial,False,0,0.015883571454349932,-154680.904774922,6798732.86570032
186,1481,Cacophis kreftii,Logistic_multi_no_coords,spatial,False,0,0.019318832012151784,-29502.4373697368,6805073.94284487
186,1482,Calyptotis scutirostrum,Logistic_multi_no_coords,spatial,False,0,0.0373108194586329,-29502.4373697368,6805073.94284487
186,1483,Coeranoscincus reticulatus,Logistic_multi_no_coords,spatial,False,0,0.06713524398608364,-29502.4373697368,6805073.94284487
186,1484,Egernia mcpheei,Logistic_multi_no_coords,spatial,False,0,0.006921052005186609,-29502.4373697368,6805073.94284487
186,1485,Eulamprus murrayi,Logistic_multi_no_coords,spatial,False,0,0.004135550453509961,-29502.4373697368,6805073.94284487
186,1486,Ophioscincus truncatus,Logistic_multi_no_coords,spatial,False,0,0.11225056198847347,-29502.4373697368,6805073.94284487
186,1487,Pseudechis porphyricaus,Logistic_multi_no_coords,spatial,False,0,0.012089290332542458,-29502.4373697368,6805073.94284487
186,1488,Saltuarius swaini,Logistic_multi_no_coords,spatial,False,0,0.008799440325558175,-29502.4373697368,6805073.94284487
187,1489,Cacophis kreftii,Logistic_multi_no_coords,spatial,False,0,0.031402131701966214,-153649.192596345,6798389.56853004
187,1490,Calyptotis scutirostrum,Logistic_multi_no_coords,spatial,False,0,0.05995948056100583,-153649.192596345,6798389.56853004
187,1491,Coeranoscincus reticulatus,Logistic_multi_no_coords,spatial,False,1,0.10589664517569086,-153649.192596345,6798389.56853004
187,1492,Egernia mcpheei,Logistic_multi_no_coords,spatial,False,0,0.011339608579482002,-153649.192596345,6798389.56853004
187,1493,Eulamprus murrayi,Logistic_multi_no_coords,spatial,False,0,0.006787934958093424,-153649.192596345,6798389.56853004
187,1494,Ophioscincus truncatus,Logistic_multi_no_coords,spatial,False,0,0.1722502193575352,-153649.192596345,6798389.56853004
187,1495,Pseudechis porphyricaus,Logistic_multi_no_coords,spatial,False,0,0.019741775113030935,-153649.192596345,6798389.56853004
187,1496,Saltuarius swaini,Logistic_multi_no_coords,spatial,False,0,0.014399813919670807,-153649.192596345,6798389.56853004
188,1497,Cacophis kreftii,Logistic_multi_no_coords,spatial,False,0,0.03616689195346724,-154245.287601219,6798155.10832232
188,1498,Calyptotis scutirostrum,Logistic_multi_no_coords,spatial,False,0,0.06874979328871643,-154245.287601219,6798155.10832232
188,1499,Coeranoscincus reticulatus,Logistic_multi_no_coords,spatial,False,1,0.12055784665944348,-154245.287601219,6798155.10832232
188,1500,Egernia mcpheei,Logistic_multi_no_coords,spatial,False,0,0.01310138456350594,-154245.287601219,6798155.10832232
188,1501,Eulamprus murrayi,Logistic_multi_no_coords,spatial,False,0,0.007848154729122876,-154245.287601219,6798155.10832232
188,1502,Ophioscincus truncatus,Logistic_multi_no_coords,spatial,False,0,0.19410362209668316,-154245.287601219,6798155.10832232
188,1503,Pseudechis porphyricaus,Logistic_multi_no_coords,spatial,False,0,0.02277887537270722,-154245.287601219,6798155.10832232
188,1504,Saltuarius swaini,Logistic_multi_no_coords,spatial,False,0,0.016629041155463417,-154245.287601219,6798155.10832232
189,1505,Cacophis kreftii,Logistic_multi_no_coords,spatial,False,0,0.08279949205612411,-112502.967446529,6800471.69931174
189,1506,Calyptotis scutirostrum,Logistic_multi_no_coords,spatial,False,0,0.1508199624921199,-112502.967446529,6800471.69931174
189,1507,Coeranoscincus reticulatus,Logistic_multi_no_coords,spatial,False,0,0.24800360773766042,-112502.967446529,6800471.69931174
189,1508,Egernia mcpheei,Logistic_multi_no_coords,spatial,False,0,0.030948910616957113,-112502.967446529,6800471.69931174
189,1509,Eulamprus murrayi,Logistic_multi_no_coords,spatial,False,0,0.01867481865272005,-112502.967446529,6800471.69931174
189,1510,Ophioscincus truncatus,Logistic_multi_no_coords,spatial,False,0,0.3668642057322627,-112502.967446529,6800471.69931174
189,1511,Pseudechis porphyricaus,Logistic_multi_no_coords,spatial,False,0,0.05310035485959859,-112502.967446529,6800471.69931174
189,1512,Saltuarius swaini,Logistic_multi_no_coords,spatial,False,0,0.039091808535038984,-112502.967446529,6800471.69931174
190,1513,Cacophis kreftii,Logistic_multi_no_coords,spatial,False,0,0.08654018028912867,-112492.387376251,6800271.63658075
190,1514,Calyptotis scutirostrum,Logistic_multi_no_coords,spatial,False,0,0.1571072818794576,-112492.387376251,6800271.63658075
190,1515,Coeranoscincus reticulatus,Logistic_multi_no_coords,spatial,False,1,0.25711560594948685,-112492.387376251,6800271.63658075
190,1516,Egernia mcpheei,Logistic_multi_no_coords,spatial,False,0,0.0324299349106171,-112492.387376251,6800271.63658075
190,1517,Eulamprus murrayi,Logistic_multi_no_coords,spatial,False,0,0.01958034854836717,-112492.387376251,6800271.63658075
190,1518,Ophioscincus truncatus,Logistic_multi_no_coords,spatial,False,0,0.37814727551244726,-112492.387376251,6800271.63658075
190,1519,Pseudechis porphyricaus,Logistic_multi_no_coords,spatial,False,0,0.0555806120060426,-112492.387376251,6800271.63658075
190,1520,Saltuarius swaini,Logistic_multi_no_coords,spatial,False,0,0.04094603681071587,-112492.387376251,6800271.63658075
191,1521,Cacophis kreftii,Logistic_multi_no_coords,spatial,False,0,0.0328903880453681,-152408.241373254,6797645.26465756
191,1522,Calyptotis scutirostrum,Logistic_multi_no_coords,spatial,False,0,0.06271353878540052,-152408.241373254,6797645.26465756
191,1523,Coeranoscincus reticulatus,Logistic_multi_no_coords,spatial,False,1,0.11051263557449319,-152408.241373254,6797645.26465756
191,1524,Egernia mcpheei,Logistic_multi_no_coords,spatial,False,0,0.011888702759366467,-152408.241373254,6797645.26465756
191,1525,Eulamprus murrayi,Logistic_multi_no_coords,spatial,False,0,0.007118211804344058,-152408.241373254,6797645.26465756
191,1526,Ophioscincus truncatus,Logistic_multi_no_coords,spatial,False,0,0.1791789104917791,-152408.241373254,6797645.26465756
191,1527,Pseudechis porphyricaus,Logistic_multi_no_coords,spatial,False,0,0.020689210608779367,-152408.241373254,6797645.26465756
191,1528,Saltuarius swaini,Logistic_multi_no_coords,spatial,False,0,0.015094828970531217,-152408.241373254,6797645.26465756
192,1529,Cacophis kreftii,Logistic_multi_no_coords,spatial,False,0,0.09409205798181243,-111862.768502251,6799691.91157671
192,1530,Calyptotis scutirostrum,Logistic_multi_no_coords,spatial,False,0,0.16967332056701329,-111862.768502251,6799691.91157671
192,1531,Coeranoscincus reticulatus,Logistic_multi_no_coords,spatial,False,1,0.2750702760469851,-111862.768502251,6799691.91157671
192,1532,Egernia mcpheei,Logistic_multi_no_coords,spatial,False,0,0.03544312826802889,-111862.768502251,6799691.91157671
192,1533,Eulamprus murrayi,Logistic_multi_no_coords,spatial,False,0,0.021426074179077718,-111862.768502251,6799691.91157671
192,1534,Ophioscincus truncatus,Logistic_multi_no_coords,spatial,False,0,0.4000028995985574,-111862.768502251,6799691.91157671
192,1535,Pseudechis porphyricaus,Logistic_multi_no_coords,spatial,False,0,0.06061008295418848,-111862.768502251,6799691.91157671
192,1536,Saltuarius swaini,Logistic_multi_no_coords,spatial,False,0,0.044713928438377175,-111862.768502251,6799691.91157671
193,1537,Cacophis kreftii,Logistic_multi_no_coords,spatial,False,0,0.03531119178483272,-153796.263664079,6797165.36470106
193,1538,Calyptotis scutirostrum,Logistic_multi_no_coords,spatial,False,0,0.06717691952388226,-153796.263664079,6797165.36470106
193,1539,Coeranoscincus reticulatus,Logistic_multi_no_coords,spatial,False,1,0.11794982037687403,-153796.263664079,6797165.36470106
193,1540,Egernia mcpheei,Logistic_multi_no_coords,spatial,False,0,0.012784170455779016,-153796.263664079,6797165.36470106
193,1541,Eulamprus murrayi,Logistic_multi_no_coords,spatial,False,0,0.0076571463180154994,-153796.263664079,6797165.36470106
193,1542,Ophioscincus truncatus,Logistic_multi_no_coords,spatial,False,0,0.19024876353293327,-153796.263664079,6797165.36470106
193,1543,Pseudechis porphyricaus,Logistic_multi_no_coords,spatial,False,0,0.022232625927411195,-153796.263664079,6797165.36470106
193,1544,Saltuarius swaini,Logistic_multi_no_coords,spatial,False,0,0.016227818974463588,-153796.263664079,6797165.36470106
194,1545,Cacophis kreftii,Logistic_multi_no_coords,spatial,False,0,0.08686349983416866,-113057.133584369,6799439.25721174
194,1546,Calyptotis scutirostrum,Logistic_multi_no_coords,spatial,False,0,0.15764874390459607,-113057.133584369,6799439.25721174
194,1547,Coeranoscincus reticulatus,Logistic_multi_no_coords,spatial,False,1,0.25789628316557184,-113057.133584369,6799439.25721174
194,1548,Egernia mcpheei,Logistic_multi_no_coords,spatial,False,0,0.03255830071311445,-113057.133584369,6799439.25721174
194,1549,Eulamprus murrayi,Logistic_multi_no_coords,spatial,False,0,0.019658885871665477,-113057.133584369,6799439.25721174
194,1550,Ophioscincus truncatus,Logistic_multi_no_coords,spatial,False,0,0.379107904234014,-113057.133584369,6799439.25721174
194,1551,Pseudechis porphyricaus,Logistic_multi_no_coords,spatial,False,0,0.05579532974698163,-113057.133584369,6799439.25721174
194,1552,Saltuarius swaini,Logistic_multi_no_coords,spatial,False,0,0.04110667937443821,-113057.133584369,6799439.25721174
195,1553,Cacophis kreftii,Logistic_multi_no_coords,spatial,False,0,0.03395114300843255,-153177.628494992,6796999.50794559
195,1554,Calyptotis scutirostrum,Logistic_multi_no_coords,spatial,False,0,0.06467180763992132,-153177.628494992,6796999.50794559
195,1555,Coeranoscincus reticulatus,Logistic_multi_no_coords,spatial,False,1,0.11378227118135659,-153177.628494992,6796999.50794559
195,1556,Egernia mcpheei,Logistic_multi_no_coords,spatial,False,0,0.01228072885774093,-153177.628494992,6796999.50794559
195,1557,Eulamprus murrayi,Logistic_multi_no_coords,spatial,False,0,0.007354103277261536,-153177.628494992,6796999.50794559
195,1558,Ophioscincus truncatus,Logistic_multi_no_coords,spatial,False,0,0.18405972436503223,-153177.628494992,6796999.50794559
195,1559,Pseudechis porphyricaus,Logistic_multi_no_coords,spatial,False,0,0.021365155950245452,-153177.628494992,6796999.50794559
195,1560,Saltuarius swaini,Logistic_multi_no_coords,spatial,False,0,0.0155909079180714,-153177.628494992,6796999.50794559
196,1561,Cacophis kreftii,Logistic_multi_no_coords,spatial,False,0,0.08260309343037549,-111841.623750466,6799291.78871934
196,1562,Calyptotis scutirostrum,Logistic_multi_no_coords,spatial,False,0,0.15048869296113232,-111841.623750466,6799291.78871934
196,1563,Coeranoscincus reticulatus,Logistic_multi_no_coords,spatial,False,1,0.24752109828396768,-111841.623750466,6799291.78871934
196,1564,Egernia mcpheei,Logistic_multi_no_coords,spatial,False,1,0.030871360886054123,-111841.623750466,6799291.78871934
196,1565,Eulamprus murrayi,Logistic_multi_no_coords,spatial,False,0,0.01862743333386278,-111841.623750466,6799291.78871934
196,1566,Ophioscincus truncatus,Logistic_multi_no_coords,spatial,False,0,0.36626307649357703,-111841.623750466,6799291.78871934
196,1567,Pseudechis porphyricaus,Logistic_multi_no_coords,spatial,False,0,0.05297033355842205,-111841.623750466,6799291.78871934
196,1568,Saltuarius swaini,Logistic_multi_no_coords,spatial,False,0,0.038994675925310966,-111841.623750466,6799291.78871934
197,1569,Cacophis kreftii,Logistic_multi_no_coords,spatial,False,0,0.015474012562785128,-31200.4121417062,6802970.7749555
197,1570,Calyptotis scutirostrum,Logistic_multi_no_coords,spatial,False,0,0.029994767780511324,-31200.4121417062,6802970.7749555
197,1571,Coeranoscincus reticulatus,Logistic_multi_no_coords,spatial,False,0,0.05430096673770194,-31200.4121417062,6802970.7749555
197,1572,Egernia mcpheei,Logistic_multi_no_coords,spatial,False,0,0.005529716644671599,-31200.4121417062,6802970.7749555
197,1573,Eulamprus murrayi,Logistic_multi_no_coords,spatial,False,0,0.003302320889920357,-31200.4121417062,6802970.7749555
197,1574,Ophioscincus truncatus,Logistic_multi_no_coords,spatial,False,0,0.09163880579842638,-31200.4121417062,6802970.7749555
197,1575,Pseudechis porphyricaus,Logistic_multi_no_coords,spatial,False,0,0.00966910270464168,-31200.4121417062,6802970.7749555
197,1576,Saltuarius swaini,Logistic_multi_no_coords,spatial,False,0,0.0070331678851108,-31200.4121417062,6802970.7749555
198,1577,Cacophis kreftii,Logistic_multi_no_coords,spatial,False,0,0.06327341893443918,-111757.020588895,6797691.29771726
198,1578,Calyptotis scutirostrum,Logistic_multi_no_coords,spatial,False,0,0.11730458672923859,-111757.020588895,6797691.29771726
198,1579,Coeranoscincus reticulatus,Logistic_multi_no_coords,spatial,False,1,0.1979255993423699,-111757.020588895,6797691.29771726
198,1580,Egernia mcpheei,Logistic_multi_no_coords,spatial,False,0,0.023339281648210558,-111757.020588895,6797691.29771726
198,1581,Eulamprus murrayi,Logistic_multi_no_coords,spatial,False,0,0.014039385156274354,-111757.020588895,6797691.29771726
198,1582,Ophioscincus truncatus,Logistic_multi_no_coords,spatial,False,0,0.30243800094942674,-111757.020588895,6797691.29771726
198,1583,Pseudechis porphyricaus,Logistic_multi_no_coords,spatial,False,0,0.04027053236997991,-111757.020588895,6797691.29771726
198,1584,Saltuarius swaini,Logistic_multi_no_coords,spatial,False,0,0.029541061949228037,-111757.020588895,6797691.29771726
199,1585,Cacophis kreftii,Logistic_multi_no_coords,spatial,False,0,0.09512631503294919,-111540.073845013,6797301.52655841
199,1586,Calyptotis scutirostrum,Logistic_multi_no_coords,spatial,False,0,0.17138119488851383,-111540.073845013,6797301.52655841
199,1587,Coeranoscincus reticulatus,Logistic_multi_no_coords,spatial,False,1,0.27748450466256597,-111540.073845013,6797301.52655841
199,1588,Egernia mcpheei,Logistic_multi_no_coords,spatial,False,1,0.035858235697867724,-111540.073845013,6797301.52655841
199,1589,Eulamprus murrayi,Logistic_multi_no_coords,spatial,False,0,0.021680704892955784,-111540.073845013,6797301.52655841
199,1590,Ophioscincus truncatus,Logistic_multi_no_coords,spatial,False,0,0.4029042134437561,-111540.073845013,6797301.52655841
199,1591,Pseudechis porphyricaus,Logistic_multi_no_coords,spatial,False,0,0.0613012112918202,-111540.073845013,6797301.52655841
199,1592,Saltuarius swaini,Logistic_multi_no_coords,spatial,False,0,0.04523252306036548,-111540.073845013,6797301.52655841
200,1593,Cacophis kreftii,Logistic_multi_no_coords,spatial,False,0,0.021850502028868492,-165917.840413128,6794142.17633504
200,1594,Calyptotis scutirostrum,Logistic_multi_no_coords,spatial,False,0,0.042099064643720936,-165917.840413128,6794142.17633504
200,1595,Coeranoscincus reticulatus,Logistic_multi_no_coords,spatial,False,1,0.07545099548267055,-165917.840413128,6794142.17633504
200,1596,Egernia mcpheei,Logistic_multi_no_coords,spatial,False,0,0.007841023506940416,-165917.840413128,6794142.17633504
200,1597,Eulamprus murrayi,Logistic_multi_no_coords,spatial,False,0,0.004687010421479778,-165917.840413128,6794142.17633504
200,1598,Ophioscincus truncatus,Logistic_multi_no_coords,spatial,False,0,0.12540333534297926,-165917.840413128,6794142.17633504
200,1599,Pseudechis porphyricaus,Logistic_multi_no_coords,spatial,False,0,0.013686774857487618,-165917.840413128,6794142.17633504
200,1600,Saltuarius swaini,Logistic_multi_no_coords,spatial,False,0,0.009966588238033125,-165917.840413128,6794142.17633504
201,1601,Cacophis kreftii,Logistic_multi_no_coords,spatial,False,0,0.09371583917067154,-111724.493680147,6796890.5347694
201,1602,Calyptotis scutirostrum,Logistic_multi_no_coords,spatial,False,0,0.1690512911470642,-111724.493680147,6796890.5347694
201,1603,Coeranoscincus reticulatus,Logistic_multi_no_coords,spatial,False,1,0.2741894501208847,-111724.493680147,6796890.5347694
201,1604,Egernia mcpheei,Logistic_multi_no_coords,spatial,False,0,0.035292276310084414,-111724.493680147,6796890.5347694
201,1605,Eulamprus murrayi,Logistic_multi_no_coords,spatial,False,0,0.02133356167238094,-111724.493680147,6796890.5347694
201,1606,Ophioscincus truncatus,Logistic_multi_no_coords,spatial,False,0,0.3989421752351165,-111724.493680147,6796890.5347694
201,1607,Pseudechis porphyricaus,Logistic_multi_no_coords,spatial,False,0,0.060358819069619166,-111724.493680147,6796890.5347694
201,1608,Saltuarius swaini,Logistic_multi_no_coords,spatial,False,0,0.04452543983129541,-111724.493680147,6796890.5347694
202,1609,Cacophis kreftii,Logistic_multi_no_coords,spatial,False,0,0.08745244644376625,-111508.34435778,6796701.34390328
202,1610,Calyptotis scutirostrum,Logistic_multi_no_coords,spatial,False,0,0.15863424801952244,-111508.34435778,6796701.34390328
202,1611,Coeranoscincus reticulatus,Logistic_multi_no_coords,spatial,False,1,0.25931554136689045,-111508.34435778,6796701.34390328
202,1612,Egernia mcpheei,Logistic_multi_no_coords,spatial,False,0,0.032792273088759434,-111508.34435778,6796701.34390328
202,1613,Eulamprus murrayi,Logistic_multi_no_coords,spatial,False,0,0.019802057111343578,-111508.34435778,6796701.34390328
202,1614,Ophioscincus truncatus,Logistic_multi_no_coords,spatial,False,0,0.3808518801979354,-111508.34435778,6796701.34390328
202,1615,Pseudechis porphyricaus,Logistic_multi_no_coords,spatial,False,0,0.056186591222964086,-111508.34435778,6796701.34390328
202,1616,Saltuarius swaini,Logistic_multi_no_coords,spatial,False,0,0.041399453818476255,-111508.34435778,6796701.34390328
203,1617,Cacophis kreftii,Logistic_multi_no_coords,spatial,False,0,0.015032346953890397,-165638.858103626,6792540.33884748
203,1618,Calyptotis scutirostrum,Logistic_multi_no_coords,spatial,False,0,0.029150916528606328,-165638.858103626,6792540.33884748
203,1619,Coeranoscincus reticulatus,Logistic_multi_no_coords,spatial,False,1,0.05281053156042431,-165638.858103626,6792540.33884748
203,1620,Egernia mcpheei,Logistic_multi_no_coords,spatial,False,0,0.005370336963075797,-165638.858103626,6792540.33884748
203,1621,Eulamprus murrayi,Logistic_multi_no_coords,spatial,False,0,0.0032069330639770623,-165638.858103626,6792540.33884748
203,1622,Ophioscincus truncatus,Logistic_multi_no_coords,spatial,False,0,0.0892202201505101,-165638.858103626,6792540.33884748
203,1623,Pseudechis porphyricaus,Logistic_multi_no_coords,spatial,False,0,0.009391542707181776,-165638.858103626,6792540.33884748
203,1624,Saltuarius swaini,Logistic_multi_no_coords,spatial,False,0,0.006830752780200065,-165638.858103626,6792540.33884748
204,1625,Cacophis kreftii,Logistic_multi_no_coords,spatial,False,0,0.03848074768197388,-111628.657553236,6795078.86889821
204,1626,Calyptotis scutirostrum,Logistic_multi_no_coords,spatial,False,0,0.07299034883049606,-111628.657553236,6795078.86889821
204,1627,Coeranoscincus reticulatus,Logistic_multi_no_coords,spatial,False,0,0.12755626683188862,-111628.657553236,6795078.86889821
204,1628,Egernia mcpheei,Logistic_multi_no_coords,spatial,False,0,0.013960948949458256,-111628.657553236,6795078.86889821
204,1629,Eulamprus murrayi,Logistic_multi_no_coords,spatial,False,0,0.008365983380804475,-111628.657553236,6795078.86889821
204,1630,Ophioscincus truncatus,Logistic_multi_no_coords,spatial,False,0,0.20437921437601653,-111628.657553236,6795078.86889821
204,1631,Pseudechis porphyricaus,Logistic_multi_no_coords,spatial,False,0,0.024257760657989208,-111628.657553236,6795078.86889821
204,1632,Saltuarius swaini,Logistic_multi_no_coords,spatial,False,0,0.017715895705508605,-111628.657553236,6795078.86889821
205,1633,Cacophis kreftii,Logistic_multi_no_coords,spatial,False,0,0.02950360178746427,-111987.574051639,6794257.38010052
205,1634,Calyptotis scutirostrum,Logistic_multi_no_coords,spatial,False,0,0.056435008543251806,-111987.574051639,6794257.38010052
205,1635,Coeranoscincus reticulatus,Logistic_multi_no_coords,spatial,False,0,0.09995907376854736,-111987.574051639,6794257.38010052
205,1636,Egernia mcpheei,Logistic_multi_no_coords,spatial,False,0,0.01064070625079223,-111987.574051639,6794257.38010052
205,1637,Eulamprus murrayi,Logistic_multi_no_coords,spatial,False,0,0.006367762354706667,-111987.574051639,6794257.38010052
205,1638,Ophioscincus truncatus,Logistic_multi_no_coords,spatial,False,0,0.16327161840798238,-111987.574051639,6794257.38010052
205,1639,Pseudechis porphyricaus,Logistic_multi_no_coords,spatial,False,0,0.018534724377332973,-111987.574051639,6794257.38010052
205,1640,Saltuarius swaini,Logistic_multi_no_coords,spatial,False,0,0.013514878036591085,-111987.574051639,6794257.38010052
206,1641,Cacophis kreftii,Logistic_multi_no_coords,spatial,False,0,0.028138675604917045,-111543.951324666,6793478.37953304
206,1642,Calyptotis scutirostrum,Logistic_multi_no_coords,spatial,False,0,0.05389334229898495,-111543.951324666,6793478.37953304
206,1643,Coeranoscincus reticulatus,Logistic_multi_no_coords,spatial,False,1,0.0956559310985703,-111543.951324666,6793478.37953304
206,1644,Egernia mcpheei,Logistic_multi_no_coords,spatial,False,0,0.010139317765663137,-111543.951324666,6793478.37953304
206,1645,Eulamprus murrayi,Logistic_multi_no_coords,spatial,False,0,0.006066479781533875,-111543.951324666,6793478.37953304
206,1646,Ophioscincus truncatus,Logistic_multi_no_coords,spatial,False,0,0.1567175101945928,-111543.951324666,6793478.37953304
206,1647,Pseudechis porphyricaus,Logistic_multi_no_coords,spatial,False,0,0.017668013503543276,-111543.951324666,6793478.37953304
206,1648,Saltuarius swaini,Logistic_multi_no_coords,spatial,False,0,0.0128798220890613,-111543.951324666,6793478.37953304
207,1649,Cacophis kreftii,Logistic_multi_no_coords,spatial,False,0,0.01586521459594648,-166932.442763671,6790267.55776097
207,1650,Calyptotis scutirostrum,Logistic_multi_no_coords,spatial,False,0,0.030741609634765188,-166932.442763671,6790267.55776097
207,1651,Coeranoscincus reticulatus,Logistic_multi_no_coords,spatial,False,1,0.05561830921441048,-166932.442763671,6790267.55776097
207,1652,Egernia mcpheei,Logistic_multi_no_coords,spatial,False,0,0.005670962780472482,-166932.442763671,6790267.55776097
207,1653,Eulamprus murrayi,Logistic_multi_no_coords,spatial,False,0,0.003386866186786256,-166932.442763671,6790267.55776097
207,1654,Ophioscincus truncatus,Logistic_multi_no_coords,spatial,False,0,0.09377214739935388,-166932.442763671,6790267.55776097
207,1655,Pseudechis porphyricaus,Logistic_multi_no_coords,spatial,False,0,0.00991502744275679,-166932.442763671,6790267.55776097
207,1656,Saltuarius swaini,Logistic_multi_no_coords,spatial,False,0,0.007212538312691755,-166932.442763671,6790267.55776097
208,1657,Cacophis kreftii,Logistic_multi_no_coords,spatial,False,0,0.02985408060084279,-113333.176647029,6792982.26555712
208,1658,Calyptotis scutirostrum,Logistic_multi_no_coords,spatial,False,0,0.05708659204182545,-113333.176647029,6792982.26555712
208,1659,Coeranoscincus reticulatus,Logistic_multi_no_coords,spatial,False,0,0.10105935299183653,-113333.176647029,6792982.26555712
208,1660,Egernia mcpheei,Logistic_multi_no_coords,spatial,False,0,0.010769595763262817,-113333.176647029,6792982.26555712
208,1661,Eulamprus murrayi,Logistic_multi_no_coords,spatial,False,0,0.006445231422497583,-113333.176647029,6792982.26555712
208,1662,Ophioscincus truncatus,Logistic_multi_no_coords,spatial,False,0,0.16494108405071548,-113333.176647029,6792982.26555712
208,1663,Pseudechis porphyricaus,Logistic_multi_no_coords,spatial,False,1,0.018757420260475933,-113333.176647029,6792982.26555712
208,1664,Saltuarius swaini,Logistic_multi_no_coords,spatial,False,0,0.013678100706467862,-113333.176647029,6792982.26555712
209,1665,Cacophis kreftii,Logistic_multi_no_coords,spatial,False,0,0.02718986809818231,-112530.721336831,6793024.84869485
209,1666,Calyptotis scutirostrum,Logistic_multi_no_coords,spatial,False,0,0.05212268864422794,-112530.721336831,6793024.84869485
209,1667,Coeranoscincus reticulatus,Logistic_multi_no_coords,spatial,False,1,0.09264753997514326,-112530.721336831,6793024.84869485
209,1668,Egernia mcpheei,Logistic_multi_no_coords,spatial,False,0,0.009791315686222601,-112530.721336831,6793024.84869485
209,1669,Eulamprus murrayi,Logistic_multi_no_coords,spatial,False,0,0.005857438626717218,-112530.721336831,6793024.84869485
209,1670,Ophioscincus truncatus,Logistic_multi_no_coords,spatial,False,0,0.15211173728687133,-112530.721336831,6793024.84869485
209,1671,Pseudechis porphyricaus,Logistic_multi_no_coords,spatial,False,0,0.01706606626689613,-112530.721336831,6793024.84869485
209,1672,Saltuarius swaini,Logistic_multi_no_coords,spatial,False,0,0.01243894229579093,-112530.721336831,6793024.84869485
210,1673,Cacophis kreftii,Logistic_multi_no_coords,spatial,False,0,0.031184789327594248,-112129.496210697,6793046.11909854
210,1674,Calyptotis scutirostrum,Logistic_multi_no_coords,spatial,False,0,0.059556638476303624,-112129.496210697,6793046.11909854
210,1675,Coeranoscincus reticulatus,Logistic_multi_no_coords,spatial,False,0,0.10521971646320903,-112129.496210697,6793046.11909854
210,1676,Egernia mcpheei,Logistic_multi_no_coords,spatial,False,0,0.011259510019022036,-112129.496210697,6793046.11909854
210,1677,Eulamprus murrayi,Logistic_multi_no_coords,spatial,False,0,0.006739768462771199,-112129.496210697,6793046.11909854
210,1678,Ophioscincus truncatus,Logistic_multi_no_coords,spatial,False,0,0.17123036550242454,-112129.496210697,6793046.11909854
210,1679,Pseudechis porphyricaus,Logistic_multi_no_coords,spatial,False,0,0.01960350373896477,-112129.496210697,6793046.11909854
210,1680,Saltuarius swaini,Logistic_multi_no_coords,spatial,False,0,0.014298411886242559,-112129.496210697,6793046.11909854
211,1681,Cacophis kreftii,Logistic_multi_no_coords,spatial,False,0,0.01449083777714931,-164829.821681687,6788558.93776823
211,1682,Calyptotis scutirostrum,Logistic_multi_no_coords,spatial,False,0,0.028115332584972275,-164829.821681687,6788558.93776823
211,1683,Coeranoscincus reticulatus,Logistic_multi_no_coords,spatial,False,1,0.050978576064048146,-164829.821681687,6788558.93776823
211,1684,Egernia mcpheei,Logistic_multi_no_coords,spatial,False,0,0.00517505300560859,-164829.821681687,6788558.93776823
211,1685,Eulamprus murrayi,Logistic_multi_no_coords,spatial,False,0,0.0030900735221158185,-164829.821681687,6788558.93776823
211,1686,Ophioscincus truncatus,Logistic_multi_no_coords,spatial,False,0,0.08624023785446862,-164829.821681687,6788558.93776823
211,1687,Pseudechis porphyricaus,Logistic_multi_no_coords,spatial,False,0,0.00905136453335759,-164829.821681687,6788558.93776823
211,1688,Saltuarius swaini,Logistic_multi_no_coords,spatial,False,0,0.006582714538718839,-164829.821681687,6788558.93776823
212,1689,Cacophis kreftii,Logistic_multi_no_coords,spatial,False,0,0.014648455305130315,-165023.878239824,6788346.91096964
212,1690,Calyptotis scutirostrum,Logistic_multi_no_coords,spatial,False,0,0.02841687124849253,-165023.878239824,6788346.91096964
212,1691,Coeranoscincus reticulatus,Logistic_multi_no_coords,spatial,False,0,0.05151232768476341,-165023.878239824,6788346.91096964
212,1692,Egernia mcpheei,Logistic_multi_no_coords,spatial,False,0,0.005231880234214261,-165023.878239824,6788346.91096964
212,1693,Eulamprus murrayi,Logistic_multi_no_coords,spatial,False,0,0.0031240775007700546,-165023.878239824,6788346.91096964
212,1694,Ophioscincus truncatus,Logistic_multi_no_coords,spatial,False,0,0.08710929542294915,-165023.878239824,6788346.91096964
212,1695,Pseudechis porphyricaus,Logistic_multi_no_coords,spatial,False,0,0.009150365999169272,-165023.878239824,6788346.91096964
212,1696,Saltuarius swaini,Logistic_multi_no_coords,spatial,False,0,0.006654895887553587,-165023.878239824,6788346.91096964
213,1697,Cacophis kreftii,Logistic_multi_no_coords,spatial,False,0,0.015264628849314343,-164391.455012656,6787769.669967
213,1698,Calyptotis scutirostrum,Logistic_multi_no_coords,spatial,False,0,0.029594805504117045,-164391.455012656,6787769.669967
213,1699,Coeranoscincus reticulatus,Logistic_multi_no_coords,spatial,False,1,0.053594803519653844,-164391.455012656,6787769.669967
213,1700,Egernia mcpheei,Logistic_multi_no_coords,spatial,False,0,0.005454146874145316,-164391.455012656,6787769.669967
213,1701,Eulamprus murrayi,Logistic_multi_no_coords,spatial,False,0,0.003257091280093192,-164391.455012656,6787769.669967
213,1702,Ophioscincus truncatus,Logistic_multi_no_coords,spatial,False,0,0.09049354176210947,-164391.455012656,6787769.669967
213,1703,Pseudechis porphyricaus,Logistic_multi_no_coords,spatial,False,0,0.009537506118546419,-164391.455012656,6787769.669967
213,1704,Saltuarius swaini,Logistic_multi_no_coords,spatial,False,0,0.006937195096268576,-164391.455012656,6787769.669967
214,1705,Cacophis kreftii,Logistic_multi_no_coords,spatial,False,0,0.018328383319994673,-110822.113763642,6787074.42336939
214,1706,Calyptotis scutirostrum,Logistic_multi_no_coords,spatial,False,0,0.03543127394443063,-110822.113763642,6787074.42336939
214,1707,Coeranoscincus reticulatus,Logistic_multi_no_coords,spatial,False,0,0.06385293445109318,-110822.113763642,6787074.42336939
214,1708,Egernia mcpheei,Logistic_multi_no_coords,spatial,False,0,0.006561966580165701,-110822.113763642,6787074.42336939
214,1709,Eulamprus murrayi,Logistic_multi_no_coords,spatial,False,0,0.003920414871751251,-110822.113763642,6787074.42336939
214,1710,Ophioscincus truncatus,Logistic_multi_no_coords,spatial,False,0,0.107015554580116,-110822.113763642,6787074.42336939
214,1711,Pseudechis porphyricaus,Logistic_multi_no_coords,spatial,False,0,0.011465156576609882,-110822.113763642,6787074.42336939
214,1712,Saltuarius swaini,Logistic_multi_no_coords,spatial,False,0,0.008343717164982558,-110822.113763642,6787074.42336939
215,1713,Cacophis kreftii,Logistic_multi_no_coords,spatial,False,0,0.04101760282938661,-110616.719576928,6787085.30761186
215,1714,Calyptotis scutirostrum,Logistic_multi_no_coords,spatial,False,0,0.07761860624753154,-110616.719576928,6787085.30761186
215,1715,Coeranoscincus reticulatus,Logistic_multi_no_coords,spatial,False,0,0.13514010560116443,-110616.719576928,6787085.30761186
215,1716,Egernia mcpheei,Logistic_multi_no_coords,spatial,False,0,0.014906388952889232,-110616.719576928,6787085.30761186
215,1717,Eulamprus murrayi,Logistic_multi_no_coords,spatial,False,0,0.008935964207405361,-110616.719576928,6787085.30761186
215,1718,Ophioscincus truncatus,Logistic_multi_no_coords,spatial,False,0,0.21540285337520856,-110616.719576928,6787085.30761186
215,1719,Pseudechis porphyricaus,Logistic_multi_no_coords,spatial,False,0,0.025882200820444484,-110616.719576928,6787085.30761186
215,1720,Saltuarius swaini,Logistic_multi_no_coords,spatial,False,0,0.01891074509755914,-110616.719576928,6787085.30761186
216,1721,Cacophis kreftii,Logistic_multi_no_coords,spatial,False,0,0.04513927566622739,-110020.100859829,6787116.90272986
216,1722,Calyptotis scutirostrum,Logistic_multi_no_coords,spatial,False,0,0.08509180560719608,-110020.100859829,6787116.90272986
216,1723,Coeranoscincus reticulatus,Logistic_multi_no_coords,spatial,False,0,0.14726730116618664,-110020.100859829,6787116.90272986
216,1724,Egernia mcpheei,Logistic_multi_no_coords,spatial,False,0,0.016449269930619504,-110020.100859829,6787116.90272986
216,1725,Eulamprus murrayi,Logistic_multi_no_coords,spatial,False,0,0.00986706808747192,-110020.100859829,6787116.90272986
216,1726,Ophioscincus truncatus,Logistic_multi_no_coords,spatial,False,0,0.23279393877324359,-110020.100859829,6787116.90272986
216,1727,Pseudechis porphyricaus,Logistic_multi_no_coords,spatial,False,0,0.02852822981065988,-110020.100859829,6787116.90272986
216,1728,Saltuarius swaini,Logistic_multi_no_coords,spatial,False,0,0.020859319288071075,-110020.100859829,6787116.90272986
217,1729,Cacophis kreftii,Logistic_multi_no_coords,spatial,False,0,0.036896370019886396,-109413.705304275,6787148.98376259
217,1730,Calyptotis scutirostrum,Logistic_multi_no_coords,spatial,False,0,0.07008867116447333,-109413.705304275,6787148.98376259
217,1731,Coeranoscincus reticulatus,Logistic_multi_no_coords,spatial,False,1,0.12277265257254633,-109413.705304275,6787148.98376259
217,1732,Egernia mcpheei,Logistic_multi_no_coords,spatial,False,0,0.013372091024159188,-109413.705304275,6787148.98376259
217,1733,Eulamprus murrayi,Logistic_multi_no_coords,spatial,False,0,0.008011197803649851,-109413.705304275,6787148.98376259
217,1734,Ophioscincus truncatus,Logistic_multi_no_coords,spatial,False,0,0.19736633635023051,-109413.705304275,6787148.98376259
217,1735,Pseudechis porphyricaus,Logistic_multi_no_coords,spatial,False,0,0.023244832571565958,-109413.705304275,6787148.98376259
217,1736,Saltuarius swaini,Logistic_multi_no_coords,spatial,False,0,0.016971384112994863,-109413.705304275,6787148.98376259
218,1737,Cacophis kreftii,Logistic_multi_no_coords,spatial,False,0,0.02479969121720707,-110779.695476226,6786274.18349996
218,1738,Calyptotis scutirostrum,Logistic_multi_no_coords,spatial,False,0,0.047648097342298266,-110779.695476226,6786274.18349996
218,1739,Coeranoscincus reticulatus,Logistic_multi_no_coords,spatial,False,0,0.08500599362092492,-110779.695476226,6786274.18349996
218,1740,Egernia mcpheei,Logistic_multi_no_coords,spatial,False,0,0.008916572884245315,-110779.695476226,6786274.18349996
218,1741,Eulamprus murrayi,Logistic_multi_no_coords,spatial,False,0,0.005332250506017872,-110779.695476226,6786274.18349996
218,1742,Ophioscincus truncatus,Logistic_multi_no_coords,spatial,False,0,0.14032410481388044,-110779.695476226,6786274.18349996
218,1743,Pseudechis porphyricaus,Logistic_multi_no_coords,spatial,False,0,0.015551614349997309,-110779.695476226,6786274.18349996
218,1744,Saltuarius swaini,Logistic_multi_no_coords,spatial,False,0,0.011330370673873547,-110779.695476226,6786274.18349996
219,1745,Cacophis kreftii,Logistic_multi_no_coords,spatial,False,0,0.04012669503822889,-110346.917478988,6785695.25630047
219,1746,Calyptotis scutirostrum,Logistic_multi_no_coords,spatial,False,0,0.07599571883694305,-110346.917478988,6785695.25630047
219,1747,Coeranoscincus reticulatus,Logistic_multi_no_coords,spatial,False,0,0.1324872801652449,-110346.917478988,6785695.25630047
219,1748,Egernia mcpheei,Logistic_multi_no_coords,spatial,False,0,0.01457400118499505,-110346.917478988,6785695.25630047
219,1749,Eulamprus murrayi,Logistic_multi_no_coords,spatial,False,0,0.008735526452378217,-110346.917478988,6785695.25630047
219,1750,Ophioscincus truncatus,Logistic_multi_no_coords,spatial,False,0,0.21155986791148282,-110346.917478988,6785695.25630047
219,1751,Pseudechis porphyricaus,Logistic_multi_no_coords,spatial,False,0,0.02531135914112454,-110346.917478988,6785695.25630047
219,1752,Saltuarius swaini,Logistic_multi_no_coords,spatial,False,0,0.01849074285578035,-110346.917478988,6785695.25630047
220,1753,Cacophis kreftii,Logistic_multi_no_coords,spatial,False,0,0.021531898255652,-110140.731442662,6785505.55962449
220,1754,Calyptotis scutirostrum,Logistic_multi_no_coords,spatial,False,0,0.041497740819555394,-110140.731442662,6785505.55962449
220,1755,Coeranoscincus reticulatus,Logistic_multi_no_coords,spatial,False,0,0.07441029366446913,-110140.731442662,6785505.55962449
220,1756,Egernia mcpheei,Logistic_multi_no_coords,spatial,False,1,0.007725079689957789,-110140.731442662,6785505.55962449
220,1757,Eulamprus murrayi,Logistic_multi_no_coords,spatial,False,0,0.004617487382314061,-110140.731442662,6785505.55962449
220,1758,Ophioscincus truncatus,Logistic_multi_no_coords,spatial,False,0,0.12376587015482483,-110140.731442662,6785505.55962449
220,1759,Pseudechis porphyricaus,Logistic_multi_no_coords,spatial,False,0,0.013485565863154574,-110140.731442662,6785505.55962449
220,1760,Saltuarius swaini,Logistic_multi_no_coords,spatial,False,0,0.009819525144430219,-110140.731442662,6785505.55962449
221,1761,Cacophis kreftii,Logistic_multi_no_coords,spatial,False,0,0.02649126396883341,-157491.757049911,6782687.30974027
221,1762,Calyptotis scutirostrum,Logistic_multi_no_coords,spatial,False,0,0.050816935786439595,-157491.757049911,6782687.30974027
221,1763,Coeranoscincus reticulatus,Logistic_multi_no_coords,spatial,False,1,0.09042342438636135,-157491.757049911,6782687.30974027
221,1764,Egernia mcpheei,Logistic_multi_no_coords,spatial,False,0,0.009535360329495169,-157491.757049911,6782687.30974027
221,1765,Eulamprus murrayi,Logistic_multi_no_coords,spatial,False,0,0.005703726633933687,-157491.757049911,6782687.30974027
221,1766,Ophioscincus truncatus,Logistic_multi_no_coords,spatial,False,0,0.1486940478916818,-157491.757049911,6782687.30974027
221,1767,Pseudechis porphyricaus,Logistic_multi_no_coords,spatial,False,0,0.016623133703792856,-157491.757049911,6782687.30974027
221,1768,Saltuarius swaini,Logistic_multi_no_coords,spatial,False,0,0.01211462194209895,-157491.757049911,6782687.30974027
222,1769,Cacophis kreftii,Logistic_multi_no_coords,spatial,False,0,0.08328018870311468,-109512.656336634,6785126.43261431
222,1770,Calyptotis scutirostrum,Logistic_multi_no_coords,spatial,False,0,0.15163027173951737,-109512.656336634,6785126.43261431
222,1771,Coeranoscincus reticulatus,Logistic_multi_no_coords,spatial,False,0,0.24918283902211286,-109512.656336634,6785126.43261431
222,1772,Egernia mcpheei,Logistic_multi_no_coords,spatial,False,0,0.031138805705138686,-109512.656336634,6785126.43261431
222,1773,Eulamprus murrayi,Logistic_multi_no_coords,spatial,False,0,0.018790863211065975,-109512.656336634,6785126.43261431
222,1774,Ophioscincus truncatus,Logistic_multi_no_coords,spatial,False,0,0.36833178365120733,-109512.656336634,6785126.43261431
222,1775,Pseudechis porphyricaus,Logistic_multi_no_coords,spatial,False,0,0.05341867356461452,-109512.656336634,6785126.43261431
222,1776,Saltuarius swaini,Logistic_multi_no_coords,spatial,False,0,0.03932963871157053,-109512.656336634,6785126.43261431
223,1777,Cacophis kreftii,Logistic_multi_no_coords,spatial,False,0,0.062315543612950094,-109707.419900115,6784915.50427338
223,1778,Calyptotis scutirostrum,Logistic_multi_no_coords,spatial,False,0,0.1156297206062159,-109707.419900115,6784915.50427338
223,1779,Coeranoscincus reticulatus,Logistic_multi_no_coords,spatial,False,0,0.19535438915075312,-109707.419900115,6784915.50427338
223,1780,Egernia mcpheei,Logistic_multi_no_coords,spatial,False,0,0.022971130764885356,-109707.419900115,6784915.50427338
223,1781,Eulamprus murrayi,Logistic_multi_no_coords,spatial,False,0,0.0138158545117363,-109707.419900115,6784915.50427338
223,1782,Ophioscincus truncatus,Logistic_multi_no_coords,spatial,False,0,0.2990152452904948,-109707.419900115,6784915.50427338
223,1783,Pseudechis porphyricaus,Logistic_multi_no_coords,spatial,False,0,0.03964615145824276,-109707.419900115,6784915.50427338
223,1784,Saltuarius swaini,Logistic_multi_no_coords,spatial,False,0,0.02907799753033888,-109707.419900115,6784915.50427338
224,1785,Cacophis kreftii,Logistic_multi_no_coords,spatial,False,0,0.03186200177471133,-150843.666641707,6782630.05200801
224,1786,Calyptotis scutirostrum,Logistic_multi_no_coords,spatial,False,0,0.06081130377171704,-150843.666641707,6782630.05200801
224,1787,Coeranoscincus reticulatus,Logistic_multi_no_coords,spatial,False,1,0.10732657116800476,-150843.666641707,6782630.05200801
224,1788,Egernia mcpheei,Logistic_multi_no_coords,spatial,False,0,0.011509163134965363,-150843.666641707,6782630.05200801
224,1789,Eulamprus murrayi,Logistic_multi_no_coords,spatial,False,0,0.006889905286878023,-150843.666641707,6782630.05200801
224,1790,Ophioscincus truncatus,Logistic_multi_no_coords,spatial,False,0,0.1744013535666968,-150843.666641707,6782630.05200801
224,1791,Pseudechis porphyricaus,Logistic_multi_no_coords,spatial,False,0,0.020034416519082276,-150843.666641707,6782630.05200801
224,1792,Saltuarius swaini,Logistic_multi_no_coords,spatial,False,0,0.01461444955115956,-150843.666641707,6782630.05200801
225,1793,Cacophis kreftii,Logistic_multi_no_coords,spatial,False,0,0.02489507350304088,-157628.595163146,6781474.60411432
225,1794,Calyptotis scutirostrum,Logistic_multi_no_coords,spatial,False,0,0.04782704726130492,-157628.595163146,6781474.60411432
225,1795,Coeranoscincus reticulatus,Logistic_multi_no_coords,spatial,False,1,0.0853126784616334,-157628.595163146,6781474.60411432
225,1796,Egernia mcpheei,Logistic_multi_no_coords,spatial,False,0,0.008951427717233978,-157628.595163146,6781474.60411432
225,1797,Eulamprus murrayi,Logistic_multi_no_coords,spatial,False,0,0.005353169921667114,-157628.595163146,6781474.60411432
225,1798,Ophioscincus truncatus,Logistic_multi_no_coords,spatial,False,0,0.1407996555134259,-157628.595163146,6781474.60411432
225,1799,Pseudechis porphyricaus,Logistic_multi_no_coords,spatial,False,0,0.0156119969615412,-157628.595163146,6781474.60411432
225,1800,Saltuarius swaini,Logistic_multi_no_coords,spatial,False,0,0.011374552738352806,-157628.595163146,6781474.60411432
226,1801,Cacophis kreftii,Logistic_multi_no_coords,spatial,False,0,0.0264237909416064,-156768.616233883,6780508.50732801
226,1802,Calyptotis scutirostrum,Logistic_multi_no_coords,spatial,False,0,0.05069073160110417,-156768.616233883,6780508.50732801
226,1803,Coeranoscincus reticulatus,Logistic_multi_no_coords,spatial,False,1,0.0902082054264071,-156768.616233883,6780508.50732801
226,1804,Egernia mcpheei,Logistic_multi_no_coords,spatial,False,0,0.009510651937582434,-156768.616233883,6780508.50732801
226,1805,Eulamprus murrayi,Logistic_multi_no_coords,spatial,False,0,0.005688889891496398,-156768.616233883,6780508.50732801
226,1806,Ophioscincus truncatus,Logistic_multi_no_coords,spatial,False,0,0.14836275982607872,-156768.616233883,6780508.50732801
226,1807,Pseudechis porphyricaus,Logistic_multi_no_coords,spatial,False,0,0.01658036664977031,-156768.616233883,6780508.50732801
226,1808,Saltuarius swaini,Logistic_multi_no_coords,spatial,False,0,0.012083311604501708,-156768.616233883,6780508.50732801
227,1809,Cacophis kreftii,Logistic_multi_no_coords,spatial,False,0,0.02914244639091709,-110619.113371872,6783061.59249324
227,1810,Calyptotis scutirostrum,Logistic_multi_no_coords,spatial,False,0,0.05576312638543297,-110619.113371872,6783061.59249324
227,1811,Coeranoscincus reticulatus,Logistic_multi_no_coords,spatial,False,0,0.09882328978609911,-110619.113371872,6783061.59249324
227,1812,Egernia mcpheei,Logistic_multi_no_coords,spatial,False,0,0.010507952647061865,-110619.113371872,6783061.59249324
227,1813,Eulamprus murrayi,Logistic_multi_no_coords,spatial,False,0,0.00628797924724028,-110619.113371872,6783061.59249324
227,1814,Ophioscincus truncatus,Logistic_multi_no_coords,spatial,False,0,0.16154556702583045,-110619.113371872,6783061.59249324
227,1815,Pseudechis porphyricaus,Logistic_multi_no_coords,spatial,False,0,0.01830530709416169,-110619.113371872,6783061.59249324
227,1816,Saltuarius swaini,Logistic_multi_no_coords,spatial,False,0,0.013346749962310939,-110619.113371872,6783061.59249324
228,1817,Cacophis kreftii,Logistic_multi_no_coords,spatial,False,0,0.030332084449023963,-108593.63854256,6782767.65906175
228,1818,Calyptotis scutirostrum,Logistic_multi_no_coords,spatial,False,0,0.057974568415649276,-108593.63854256,6782767.65906175
228,1819,Coeranoscincus reticulatus,Logistic_multi_no_coords,spatial,False,0,0.10255692629563626,-108593.63854256,6782767.65906175
228,1820,Egernia mcpheei,Logistic_multi_no_coords,spatial,False,0,0.010945478939922922,-108593.63854256,6782767.65906175
228,1821,Eulamprus murrayi,Logistic_multi_no_coords,spatial,False,0,0.006550959120534836,-108593.63854256,6782767.65906175
228,1822,Ophioscincus truncatus,Logistic_multi_no_coords,spatial,False,0,0.16720922175471198,-108593.63854256,6782767.65906175
228,1823,Pseudechis porphyricaus,Logistic_multi_no_coords,spatial,False,0,0.01906124257580509,-108593.63854256,6782767.65906175
228,1824,Saltuarius swaini,Logistic_multi_no_coords,spatial,False,0,0.013900816523980291,-108593.63854256,6782767.65906175
229,1825,Cacophis kreftii,Logistic_multi_no_coords,spatial,False,0,0.031430717323757955,-108377.162322395,6782567.34735566
229,1826,Calyptotis scutirostrum,Logistic_multi_no_coords,spatial,False,0,0.060012451513665716,-108377.162322395,6782567.34735566
229,1827,Coeranoscincus reticulatus,Logistic_multi_no_coords,spatial,False,1,0.10598562356204665,-108377.162322395,6782567.34735566
229,1828,Egernia mcpheei,Logistic_multi_no_coords,spatial,False,0,0.011350145128497071,-108377.162322395,6782567.34735566
229,1829,Eulamprus murrayi,Logistic_multi_no_coords,spatial,False,0,0.006794271243180646,-108377.162322395,6782567.34735566
229,1830,Ophioscincus truncatus,Logistic_multi_no_coords,spatial,False,0,0.17238420133308796,-108377.162322395,6782567.34735566
229,1831,Pseudechis porphyricaus,Logistic_multi_no_coords,spatial,False,0,0.01975996275759734,-108377.162322395,6782567.34735566
229,1832,Saltuarius swaini,Logistic_multi_no_coords,spatial,False,0,0.01441315249974464,-108377.162322395,6782567.34735566
230,1833,Cacophis kreftii,Logistic_multi_no_coords,spatial,False,0,0.08731336085596132,-58637.6336775981,6785100.52209461
230,1834,Calyptotis scutirostrum,Logistic_multi_no_coords,spatial,False,0,0.15840160483873805,-58637.6336775981,6785100.52209461
230,1835,Coeranoscincus reticulatus,Logistic_multi_no_coords,spatial,False,0,0.2589806942663232,-58637.6336775981,6785100.52209461
230,1836,Egernia mcpheei,Logistic_multi_no_coords,spatial,False,0,0.03273700116621885,-58637.6336775981,6785100.52209461
230,1837,Eulamprus murrayi,Logistic_multi_no_coords,spatial,False,0,0.019768232909613236,-58637.6336775981,6785100.52209461
230,1838,Ophioscincus truncatus,Logistic_multi_no_coords,spatial,False,0,0.38044070448377687,-58637.6336775981,6785100.52209461
230,1839,Pseudechis porphyricaus,Logistic_multi_no_coords,spatial,False,0,0.05609417465734125,-58637.6336775981,6785100.52209461
230,1840,Saltuarius swaini,Logistic_multi_no_coords,spatial,False,0,0.041330294279520986,-58637.6336775981,6785100.52209461
231,1841,Cacophis kreftii,Logistic_multi_no_coords,spatial,False,0,0.029753925298003886,-107923.462038802,6781588.26422547
231,1842,Calyptotis scutirostrum,Logistic_multi_no_coords,spatial,False,0,0.056900434766011816,-107923.462038802,6781588.26422547
231,1843,Coeranoscincus reticulatus,Logistic_multi_no_coords,spatial,False,1,0.10074512297523809,-107923.462038802,6781588.26422547
231,1844,Egernia mcpheei,Logistic_multi_no_coords,spatial,False,0,0.010732757310262925,-107923.462038802,6781588.26422547
231,1845,Eulamprus murrayi,Logistic_multi_no_coords,spatial,False,0,0.006423088835505287,-107923.462038802,6781588.26422547
231,1846,Ophioscincus truncatus,Logistic_multi_no_coords,spatial,False,0,0.16446456302089232,-107923.462038802,6781588.26422547
231,1847,Pseudechis porphyricaus,Logistic_multi_no_coords,spatial,False,0,0.018693775007684345,-107923.462038802,6781588.26422547
231,1848,Saltuarius swaini,Logistic_multi_no_coords,spatial,False,0,0.013631450521907925,-107923.462038802,6781588.26422547
232,1849,Cacophis kreftii,Logistic_multi_no_coords,spatial,False,0,0.02505865080157341,-154268.894705046,6778832.59399199
232,1850,Calyptotis scutirostrum,Logistic_multi_no_coords,spatial,False,0,0.04813386507707601,-154268.894705046,6778832.59399199
232,1851,Coeranoscincus reticulatus,Logistic_multi_no_coords,spatial,False,0,0.08583829343781614,-154268.894705046,6778832.59399199
232,1852,Egernia mcpheei,Logistic_multi_no_coords,spatial,False,0,0.009011212709628081,-154268.894705046,6778832.59399199
232,1853,Eulamprus murrayi,Logistic_multi_no_coords,spatial,False,0,0.005389053470896323,-154268.894705046,6778832.59399199
232,1854,Ophioscincus truncatus,Logistic_multi_no_coords,spatial,False,0,0.14161420081900386,-154268.894705046,6778832.59399199
232,1855,Pseudechis porphyricaus,Logistic_multi_no_coords,spatial,False,0,0.015715561292946115,-154268.894705046,6778832.59399199
232,1856,Saltuarius swaini,Logistic_multi_no_coords,spatial,False,0,0.01145033436983256,-154268.894705046,6778832.59399199
233,1857,Cacophis kreftii,Logistic_multi_no_coords,spatial,False,0,0.021530765841137507,-151231.119203658,6778380.41797512
233,1858,Calyptotis scutirostrum,Logistic_multi_no_coords,spatial,False,0,0.04149560288455656,-151231.119203658,6778380.41797512
233,1859,Coeranoscincus reticulatus,Logistic_multi_no_coords,spatial,False,1,0.07440659172592252,-151231.119203658,6778380.41797512
233,1860,Egernia mcpheei,Logistic_multi_no_coords,spatial,False,0,0.007724667676789465,-151231.119203658,6778380.41797512
233,1861,Eulamprus murrayi,Logistic_multi_no_coords,spatial,False,0,0.00461724033976197,-151231.119203658,6778380.41797512
233,1862,Ophioscincus truncatus,Logistic_multi_no_coords,spatial,False,0,0.12376004107654853,-151231.119203658,6778380.41797512
233,1863,Pseudechis porphyricaus,Logistic_multi_no_coords,spatial,False,0,0.013484850792646386,-151231.119203658,6778380.41797512
233,1864,Saltuarius swaini,Logistic_multi_no_coords,spatial,False,0,0.009819002530468782,-151231.119203658,6778380.41797512
234,1865,Cacophis kreftii,Logistic_multi_no_coords,spatial,False,0,0.0289439645648139,-150784.191440288,6777591.42724006
234,1866,Calyptotis scutirostrum,Logistic_multi_no_coords,spatial,False,0,0.05539368256275587,-150784.191440288,6777591.42724006
234,1867,Coeranoscincus reticulatus,Logistic_multi_no_coords,spatial,False,0,0.09819823103627971,-150784.191440288,6777591.42724006
234,1868,Egernia mcpheei,Logistic_multi_no_coords,spatial,False,0,0.010435021528801824,-150784.191440288,6777591.42724006
234,1869,Eulamprus murrayi,Logistic_multi_no_coords,spatial,False,0,0.00624415229749854,-150784.191440288,6777591.42724006
234,1870,Ophioscincus truncatus,Logistic_multi_no_coords,spatial,False,0,0.16059448645150673,-150784.191440288,6777591.42724006
234,1871,Pseudechis porphyricaus,Logistic_multi_no_coords,spatial,False,0,0.018179252211266688,-150784.191440288,6777591.42724006
234,1872,Saltuarius swaini,Logistic_multi_no_coords,spatial,False,0,0.013254379911895996,-150784.191440288,6777591.42724006
235,1873,Cacophis kreftii,Logistic_multi_no_coords,spatial,False,0,0.014150575197628787,-157053.44484427,6770228.31904544
235,1874,Calyptotis scutirostrum,Logistic_multi_no_coords,spatial,False,0,0.02746406570857447,-157053.44484427,6770228.31904544
235,1875,Coeranoscincus reticulatus,Logistic_multi_no_coords,spatial,False,1,0.0498248532642079,-157053.44484427,6770228.31904544
235,1876,Egernia mcpheei,Logistic_multi_no_coords,spatial,False,0,0.0050524149905481226,-157053.44484427,6770228.31904544
235,1877,Eulamprus murrayi,Logistic_multi_no_coords,spatial,False,0,0.0030166953639519894,-157053.44484427,6770228.31904544
235,1878,Ophioscincus truncatus,Logistic_multi_no_coords,spatial,False,0,0.0843594271750065,-157053.44484427,6770228.31904544
235,1879,Pseudechis porphyricaus,Logistic_multi_no_coords,spatial,False,1,0.008837682037999969,-157053.44484427,6770228.31904544
235,1880,Saltuarius swaini,Logistic_multi_no_coords,spatial,False,0,0.006426933376155288,-157053.44484427,6770228.31904544
236,1881,Cacophis kreftii,Logistic_multi_no_coords,spatial,False,0,0.014836712249810197,-157007.529503806,6769427.67794309
236,1882,Calyptotis scutirostrum,Logistic_multi_no_coords,spatial,False,0,0.028776907487070767,-157007.529503806,6769427.67794309
236,1883,Coeranoscincus reticulatus,Logistic_multi_no_coords,spatial,False,1,0.05214927289869534,-157007.529503806,6769427.67794309
236,1884,Egernia mcpheei,Logistic_multi_no_coords,spatial,False,0,0.005299769477613205,-157007.529503806,6769427.67794309
236,1885,Eulamprus murrayi,Logistic_multi_no_coords,spatial,False,0,0.003164702761669224,-157007.529503806,6769427.67794309
236,1886,Ophioscincus truncatus,Logistic_multi_no_coords,spatial,False,0,0.08814548926757639,-157007.529503806,6769427.67794309
236,1887,Pseudechis porphyricaus,Logistic_multi_no_coords,spatial,False,0,0.009268628031236265,-157007.529503806,6769427.67794309
236,1888,Saltuarius swaini,Logistic_multi_no_coords,spatial,False,0,0.006741125150918148,-157007.529503806,6769427.67794309
237,1889,Cacophis kreftii,Logistic_multi_no_coords,spatial,False,0,0.01624158423069304,-157601.945479142,6769192.74860327
237,1890,Calyptotis scutirostrum,Logistic_multi_no_coords,spatial,False,0,0.031459609736942465,-157601.945479142,6769192.74860327
237,1891,Coeranoscincus reticulatus,Logistic_multi_no_coords,spatial,False,1,0.056883230251830806,-157601.945479142,6769192.74860327
237,1892,Egernia mcpheei,Logistic_multi_no_coords,spatial,False,0,0.005806921698022459,-157601.945479142,6769192.74860327
237,1893,Eulamprus murrayi,Logistic_multi_no_coords,spatial,False,0,0.003468255866959181,-157601.945479142,6769192.74860327
237,1894,Ophioscincus truncatus,Logistic_multi_no_coords,spatial,False,0,0.09581675740405456,-157601.945479142,6769192.74860327
237,1895,Pseudechis porphyricaus,Logistic_multi_no_coords,spatial,False,0,0.01015169718046388,-157601.945479142,6769192.74860327
237,1896,Saltuarius swaini,Logistic_multi_no_coords,spatial,False,0,0.0073851813443278945,-157601.945479142,6769192.74860327
238,1897,Cacophis kreftii,Logistic_multi_no_coords,spatial,False,0,0.02676592933677548,-42631.6013249115,6774856.7836682
238,1898,Calyptotis scutirostrum,Logistic_multi_no_coords,spatial,False,0,0.05133051486578282,-42631.6013249115,6774856.7836682
238,1899,Coeranoscincus reticulatus,Logistic_multi_no_coords,spatial,False,0,0.09129878293804164,-42631.6013249115,6774856.7836682
238,1900,Egernia mcpheei,Logistic_multi_no_coords,spatial,False,0,0.009635964477885162,-42631.6013249115,6774856.7836682
238,1901,Eulamprus murrayi,Logistic_multi_no_coords,spatial,False,0,0.005764139862415698,-42631.6013249115,6774856.7836682
238,1902,Ophioscincus truncatus,Logistic_multi_no_coords,spatial,False,0,0.15004045302859914,-42631.6013249115,6774856.7836682
238,1903,Pseudechis porphyricaus,Logistic_multi_no_coords,spatial,False,0,0.016797250193004213,-42631.6013249115,6774856.7836682
238,1904,Saltuarius swaini,Logistic_multi_no_coords,spatial,False,0,0.01224210259985187,-42631.6013249115,6774856.7836682
239,1905,Cacophis kreftii,Logistic_multi_no_coords,spatial,False,0,0.022922387781688328,-42808.1790068126,6774247.29778187
239,1906,Calyptotis scutirostrum,Logistic_multi_no_coords,spatial,False,0,0.04411944942402232,-42808.1790068126,6774247.29778187
239,1907,Coeranoscincus reticulatus,Logistic_multi_no_coords,spatial,False,0,0.07894007507998022,-42808.1790068126,6774247.29778187
239,1908,Egernia mcpheei,Logistic_multi_no_coords,spatial,False,0,0.00823145163978196,-42808.1790068126,6774247.29778187
239,1909,Eulamprus murrayi,Logistic_multi_no_coords,spatial,False,0,0.004921169727645297,-42808.1790068126,6774247.29778187
239,1910,Ophioscincus truncatus,Logistic_multi_no_coords,spatial,False,0,0.13087537403392072,-42808.1790068126,6774247.29778187
239,1911,Pseudechis porphyricaus,Logistic_multi_no_coords,spatial,False,0,0.014364066424240525,-42808.1790068126,6774247.29778187
239,1912,Saltuarius swaini,Logistic_multi_no_coords,spatial,False,0,0.010461738626114356,-42808.1790068126,6774247.29778187
240,1913,Cacophis kreftii,Logistic_multi_no_coords,spatial,False,0,0.02972719938265599,-90697.5110841577,6771199.36165782
240,1914,Calyptotis scutirostrum,Logistic_multi_no_coords,spatial,False,0,0.056850753749890084,-90697.5110841577,6771199.36165782
240,1915,Coeranoscincus reticulatus,Logistic_multi_no_coords,spatial,False,0,0.10066124618502159,-90697.5110841577,6771199.36165782
240,1916,Egernia mcpheei,Logistic_multi_no_coords,spatial,False,0,0.01072292798478626,-90697.5110841577,6771199.36165782
240,1917,Eulamprus murrayi,Logistic_multi_no_coords,spatial,False,0,0.0064171808085938635,-90697.5110841577,6771199.36165782
240,1918,Ophioscincus truncatus,Logistic_multi_no_coords,spatial,False,0,0.16433733059716366,-90697.5110841577,6771199.36165782
240,1919,Pseudechis porphyricaus,Logistic_multi_no_coords,spatial,False,0,0.01867679243257089,-90697.5110841577,6771199.36165782
240,1920,Saltuarius swaini,Logistic_multi_no_coords,spatial,False,0,0.013619003047804218,-90697.5110841577,6771199.36165782
241,1921,Cacophis kreftii,Logistic_multi_no_coords,spatial,False,0,0.02952502356333203,-89886.5465170286,6771040.60297007
241,1922,Calyptotis scutirostrum,Logistic_multi_no_coords,spatial,False,0,0.056474846602147175,-89886.5465170286,6771040.60297007
241,1923,Coeranoscincus reticulatus,Logistic_multi_no_coords,spatial,False,0,0.10002637888733662,-89886.5465170286,6771040.60297007
241,1924,Egernia mcpheei,Logistic_multi_no_coords,spatial,False,0,0.01064858245787578,-89886.5465170286,6771040.60297007
241,1925,Eulamprus murrayi,Logistic_multi_no_coords,spatial,False,0,0.006372496118060072,-89886.5465170286,6771040.60297007
241,1926,Ophioscincus truncatus,Logistic_multi_no_coords,spatial,False,0,0.16337381543034762,-89886.5465170286,6771040.60297007
241,1927,Pseudechis porphyricaus,Logistic_multi_no_coords,spatial,False,0,0.018548334158443206,-89886.5465170286,6771040.60297007
241,1928,Saltuarius swaini,Logistic_multi_no_coords,spatial,False,0,0.013524852610918604,-89886.5465170286,6771040.60297007
242,1929,Cacophis kreftii,Logistic_multi_no_coords,spatial,False,0,0.023335111938502667,-45884.998116622,6771685.40364584
242,1930,Calyptotis scutirostrum,Logistic_multi_no_coords,spatial,False,0,0.04489629567202933,-45884.998116622,6771685.40364584
242,1931,Coeranoscincus reticulatus,Logistic_multi_no_coords,spatial,False,0,0.08027854406502825,-45884.998116622,6771685.40364584
242,1932,Egernia mcpheei,Logistic_multi_no_coords,spatial,False,0,0.008381930440719996,-45884.998116622,6771685.40364584
242,1933,Eulamprus murrayi,Logistic_multi_no_coords,spatial,False,0,0.005011439197210257,-45884.998116622,6771685.40364584
242,1934,Ophioscincus truncatus,Logistic_multi_no_coords,spatial,False,0,0.13296730750236585,-45884.998116622,6771685.40364584
242,1935,Pseudechis porphyricaus,Logistic_multi_no_coords,spatial,False,0,0.014625002064797867,-45884.998116622,6771685.40364584
242,1936,Saltuarius swaini,Logistic_multi_no_coords,spatial,False,0,0.010652551275919284,-45884.998116622,6771685.40364584
243,1937,Cacophis kreftii,Logistic_multi_no_coords,spatial,False,0,0.023265745878887134,-45846.3441318398,6770874.56187869
243,1938,Calyptotis scutirostrum,Logistic_multi_no_coords,spatial,False,0,0.04476577445891058,-45846.3441318398,6770874.56187869
243,1939,Coeranoscincus reticulatus,Logistic_multi_no_coords,spatial,False,0,0.08005378219163221,-45846.3441318398,6770874.56187869
243,1940,Egernia mcpheei,Logistic_multi_no_coords,spatial,False,0,0.008356633949801061,-45846.3441318398,6770874.56187869
243,1941,Eulamprus murrayi,Logistic_multi_no_coords,spatial,False,0,0.0049962635264902515,-45846.3441318398,6770874.56187869
243,1942,Ophioscincus truncatus,Logistic_multi_no_coords,spatial,False,0,0.13261629963638086,-45846.3441318398,6770874.56187869
243,1943,Pseudechis porphyricaus,Logistic_multi_no_coords,spatial,False,0,0.014581141166390567,-45846.3441318398,6770874.56187869
243,1944,Saltuarius swaini,Logistic_multi_no_coords,spatial,False,0,0.010620475492736595,-45846.3441318398,6770874.56187869
244,1945,Cacophis kreftii,Logistic_multi_no_coords,spatial,False,0,0.023357825372422224,-46208.2545646069,6770055.74332879
244,1946,Calyptotis scutirostrum,Logistic_multi_no_coords,spatial,False,0,0.04493903021279891,-46208.2545646069,6770055.74332879
244,1947,Coeranoscincus reticulatus,Logistic_multi_no_coords,spatial,False,0,0.08035212384661661,-46208.2545646069,6770055.74332879
244,1948,Egernia mcpheei,Logistic_multi_no_coords,spatial,False,0,0.008390214101215428,-46208.2545646069,6770055.74332879
244,1949,Eulamprus murrayi,Logistic_multi_no_coords,spatial,False,0,0.005016408732955806,-46208.2545646069,6770055.74332879
244,1950,Ophioscincus truncatus,Logistic_multi_no_coords,spatial,False,0,0.13308219168366509,-46208.2545646069,6770055.74332879
244,1951,Pseudechis porphyricaus,Logistic_multi_no_coords,spatial,False,0,0.014639364516431956,-46208.2545646069,6770055.74332879
244,1952,Saltuarius swaini,Logistic_multi_no_coords,spatial,False,0,0.01066305480628652,-46208.2545646069,6770055.74332879
245,1953,Cacophis kreftii,Logistic_multi_no_coords,spatial,False,0,0.022629210738959748,-42736.9260770733,6769029.74166907
245,1954,Calyptotis scutirostrum,Logistic_multi_no_coords,spatial,False,0,0.0435672508612989,-42736.9260770733,6769029.74166907
245,1955,Coeranoscincus reticulatus,Logistic_multi_no_coords,spatial,False,0,0.07798761882659828,-42736.9260770733,6769029.74166907
245,1956,Egernia mcpheei,Logistic_multi_no_coords,spatial,False,0,0.008124609077240334,-42736.9260770733,6769029.74166907
245,1957,Eulamprus murrayi,Logistic_multi_no_coords,spatial,False,0,0.004857083523450501,-42736.9260770733,6769029.74166907
245,1958,Ophioscincus truncatus,Logistic_multi_no_coords,spatial,False,0,0.12938431385104526,-42736.9260770733,6769029.74166907
245,1959,Pseudechis porphyricaus,Logistic_multi_no_coords,spatial,False,0,0.014178761771309648,-42736.9260770733,6769029.74166907
245,1960,Saltuarius swaini,Logistic_multi_no_coords,spatial,False,0,0.01032624880584017,-42736.9260770733,6769029.74166907
246,1961,Cacophis kreftii,Logistic_multi_no_coords,spatial,False,0,0.018766317831448713,-42727.4414379179,6768829.81362177
246,1962,Calyptotis scutirostrum,Logistic_multi_no_coords,spatial,False,0,0.0362627657445559,-42727.4414379179,6768829.81362177
246,1963,Coeranoscincus reticulatus,Logistic_multi_no_coords,spatial,False,0,0.0653062595017471,-42727.4414379179,6768829.81362177
246,1964,Egernia mcpheei,Logistic_multi_no_coords,spatial,False,0,0.006720681579492665,-42727.4414379179,6768829.81362177
246,1965,Eulamprus murrayi,Logistic_multi_no_coords,spatial,False,0,0.004015496623351461,-42727.4414379179,6768829.81362177
246,1966,Ophioscincus truncatus,Logistic_multi_no_coords,spatial,False,0,0.10933654370005104,-42727.4414379179,6768829.81362177
246,1967,Pseudechis porphyricaus,Logistic_multi_no_coords,spatial,False,0,0.011741063948650902,-42727.4414379179,6768829.81362177
246,1968,Saltuarius swaini,Logistic_multi_no_coords,spatial,False,0,0.00854515687011703,-42727.4414379179,6768829.81362177
247,1969,Cacophis kreftii,Logistic_multi_no_coords,spatial,False,0,0.01868285849221879,-42717.9562631494,6768629.88557173
247,1970,Calyptotis scutirostrum,Logistic_multi_no_coords,spatial,False,0,0.03610435762781027,-42717.9562631494,6768629.88557173
247,1971,Coeranoscincus reticulatus,Logistic_multi_no_coords,spatial,False,0,0.06502954036846054,-42717.9562631494,6768629.88557173
247,1972,Egernia mcpheei,Logistic_multi_no_coords,spatial,False,0,0.0066904274661467675,-42717.9562631494,6768629.88557173
247,1973,Eulamprus murrayi,Logistic_multi_no_coords,spatial,False,0,0.003997371280128132,-42717.9562631494,6768629.88557173
247,1974,Ophioscincus truncatus,Logistic_multi_no_coords,spatial,False,0,0.10889499286085882,-42717.9562631494,6768629.88557173
247,1975,Pseudechis porphyricaus,Logistic_multi_no_coords,spatial,False,0,0.011688475809620487,-42717.9562631494,6768629.88557173
247,1976,Saltuarius swaini,Logistic_multi_no_coords,spatial,False,0,0.008506759959143413,-42717.9562631494,6768629.88557173
248,1977,Cacophis kreftii,Logistic_multi_no_coords,spatial,False,0,0.038059560868785494,-139175.743651501,6763098.07298971
248,1978,Calyptotis scutirostrum,Logistic_multi_no_coords,spatial,False,0,0.07221981162255686,-139175.743651501,6763098.07298971
248,1979,Coeranoscincus reticulatus,Logistic_multi_no_coords,spatial,False,0,0.1262881680112555,-139175.743651501,6763098.07298971
248,1980,Egernia mcpheei,Logistic_multi_no_coords,spatial,False,0,0.013804287864396768,-139175.743651501,6763098.07298971
248,1981,Eulamprus murrayi,Logistic_multi_no_coords,spatial,False,0,0.008271578849965482,-139175.743651501,6763098.07298971
248,1982,Ophioscincus truncatus,Logistic_multi_no_coords,spatial,False,0,0.20252467071074035,-139175.743651501,6763098.07298971
248,1983,Pseudechis porphyricaus,Logistic_multi_no_coords,spatial,False,0,0.023988366122304868,-139175.743651501,6763098.07298971
248,1984,Saltuarius swaini,Logistic_multi_no_coords,spatial,False,0,0.017517847520828883,-139175.743651501,6763098.07298971
249,1985,Cacophis kreftii,Logistic_multi_no_coords,spatial,False,0,0.03197923127158505,-138923.869162796,6762097.27372678
249,1986,Calyptotis scutirostrum,Logistic_multi_no_coords,spatial,False,0,0.06102833187327987,-138923.869162796,6762097.27372678
249,1987,Coeranoscincus reticulatus,Logistic_multi_no_coords,spatial,False,1,0.10769057160518807,-138923.869162796,6762097.27372678
249,1988,Egernia mcpheei,Logistic_multi_no_coords,spatial,False,0,0.01155240222689619,-138923.869162796,6762097.27372678
249,1989,Eulamprus murrayi,Logistic_multi_no_coords,spatial,False,0,0.006915911579436269,-138923.869162796,6762097.27372678
249,1990,Ophioscincus truncatus,Logistic_multi_no_coords,spatial,False,1,0.17494825644137138,-138923.869162796,6762097.27372678
249,1991,Pseudechis porphyricaus,Logistic_multi_no_coords,spatial,False,0,0.020109032803874383,-138923.869162796,6762097.27372678
249,1992,Saltuarius swaini,Logistic_multi_no_coords,spatial,False,0,0.01466918185097801,-138923.869162796,6762097.27372678
252,2009,Cacophis kreftii,Logistic_multi_no_coords,spatial,False,0,0.023639807295892497,-43112.7372327422,6764592.40958821
252,2010,Calyptotis scutirostrum,Logistic_multi_no_coords,spatial,False,0,0.045469416565681035,-43112.7372327422,6764592.40958821
252,2011,Coeranoscincus reticulatus,Logistic_multi_no_coords,spatial,False,0,0.08126490457874448,-43112.7372327422,6764592.40958821
252,2012,Egernia mcpheei,Logistic_multi_no_coords,spatial,False,0,0.00849307435519434,-43112.7372327422,6764592.40958821
252,2013,Eulamprus murrayi,Logistic_multi_no_coords,spatial,False,0,0.00507811946443068,-43112.7372327422,6764592.40958821
252,2014,Ophioscincus truncatus,Logistic_multi_no_coords,spatial,False,0,0.13450636426449353,-43112.7372327422,6764592.40958821
252,2015,Pseudechis porphyricaus,Logistic_multi_no_coords,spatial,False,0,0.014817691730966061,-43112.7372327422,6764592.40958821
252,2016,Saltuarius swaini,Logistic_multi_no_coords,spatial,False,0,0.010793475771631244,-43112.7372327422,6764592.40958821
254,2025,Cacophis kreftii,Logistic_multi_no_coords,spatial,False,0,0.024394557737888997,-43678.7671977115,6763752.8151483
254,2026,Calyptotis scutirostrum,Logistic_multi_no_coords,spatial,False,0,0.04688765322449596,-43678.7671977115,6763752.8151483
254,2027,Coeranoscincus reticulatus,Logistic_multi_no_coords,spatial,False,0,0.08370173397023047,-43678.7671977115,6763752.8151483
254,2028,Egernia mcpheei,Logistic_multi_no_coords,spatial,False,0,0.008768576647861074,-43678.7671977115,6763752.8151483
254,2029,Eulamprus murrayi,Logistic_multi_no_coords,spatial,False,0,0.005243431684675041,-43678.7671977115,6763752.8151483
254,2030,Ophioscincus truncatus,Logistic_multi_no_coords,spatial,False,0,0.13829937847432064,-43678.7671977115,6763752.8151483
254,2031,Pseudechis porphyricaus,Logistic_multi_no_coords,spatial,False,0,0.015295190047167406,-43678.7671977115,6763752.8151483
254,2032,Saltuarius swaini,Logistic_multi_no_coords,spatial,False,0,0.011142760942622858,-43678.7671977115,6763752.8151483
255,2033,Cacophis kreftii,Logistic_multi_no_coords,spatial,False,0,0.033023160558091645,-47276.750227819,6763369.40347618
255,2034,Calyptotis scutirostrum,Logistic_multi_no_coords,spatial,False,0,0.0629588644980374,-47276.750227819,6763369.40347618
255,2035,Coeranoscincus reticulatus,Logistic_multi_no_coords,spatial,False,0,0.11092281559893463,-47276.750227819,6763369.40347618
255,2036,Egernia mcpheei,Logistic_multi_no_coords,spatial,False,0,0.011937741790847969,-47276.750227819,6763369.40347618
255,2037,Eulamprus murrayi,Logistic_multi_no_coords,spatial,False,0,0.007147715651570926,-47276.750227819,6763369.40347618
255,2038,Ophioscincus truncatus,Logistic_multi_no_coords,spatial,False,0,0.17979243761278696,-47276.750227819,6763369.40347618
255,2039,Pseudechis porphyricaus,Logistic_multi_no_coords,spatial,False,0,0.02077378717635766,-47276.750227819,6763369.40347618
255,2040,Saltuarius swaini,Logistic_multi_no_coords,spatial,False,0,0.015156889910979097,-47276.750227819,6763369.40347618
