plot,id,species,model,split_type,use_coords,y_true,y_prob,easting,northing
106,841,Cacophis kreftii,Logistic_single_with_coords,spatial,True,1,0.2477494600962477,-147293.925634327,6831915.7941736
111,881,Cacophis kreftii,Logistic_single_with_coords,spatial,True,0,0.24613761531271264,-146869.047423431,6831537.755626
122,969,Cacophis kreftii,Logistic_single_with_coords,spatial,True,0,0.0971700612096811,-121930.447488692,6831783.7962185
125,993,Cacophis kreftii,Logistic_single_with_coords,spatial,True,0,0.07092523607882809,-119100.196556909,6831521.23488212
126,1001,Cacophis kreftii,Logistic_single_with_coords,spatial,True,0,0.06765916420111141,-122301.197680874,6831162.17696098
127,1009,Cacophis kreftii,Logistic_single_with_coords,spatial,True,0,0.09357899557470795,-113069.978206809,6831626.51450922
128,1017,Cacophis kreftii,Logistic_single_with_coords,spatial,True,0,0.11184876608536916,-110250.872026258,6831561.92472725
130,1033,Cacophis kreftii,Logistic_single_with_coords,spatial,True,0,0.08283374292207549,-112831.744333792,6830836.54025889
132,1049,Cacophis kreftii,Logistic_single_with_coords,spatial,True,0,0.11876577563421671,-105801.162580743,6831179.93507326
134,1065,Cacophis kreftii,Logistic_single_with_coords,spatial,True,0,0.15472687426990014,-109785.840498241,6830382.55130941
135,1073,Cacophis kreftii,Logistic_single_with_coords,spatial,True,0,0.09536209140117327,-60576.6608829403,6831437.80904093
136,1081,Cacophis kreftii,Logistic_single_with_coords,spatial,True,0,0.09869364711903372,-62745.5415882464,6830732.52392328
137,1089,Cacophis kreftii,Logistic_single_with_coords,spatial,True,0,0.06347545013420523,-59930.1265788042,6830667.09207023
138,1097,Cacophis kreftii,Logistic_single_with_coords,spatial,True,0,0.029135270156029732,-33656.1895879237,6831782.75910205
139,1105,Cacophis kreftii,Logistic_single_with_coords,spatial,True,0,0.09450625440790497,-60097.6324680274,6830057.84195886
140,1113,Cacophis kreftii,Logistic_single_with_coords,spatial,True,0,0.04174133894806955,-59480.1149542754,6829686.55327432
141,1121,Cacophis kreftii,Logistic_single_with_coords,spatial,True,0,0.07676177446725917,-59274.1159834863,6829696.39928037
142,1129,Cacophis kreftii,Logistic_single_with_coords,spatial,True,0,0.13934213826885405,-58470.0105331185,6829534.39062915
143,1137,Cacophis kreftii,Logistic_single_with_coords,spatial,True,0,0.19317706758528033,-58067.8332822076,6829553.57641624
144,1145,Cacophis kreftii,Logistic_single_with_coords,spatial,True,0,0.005965927541557185,-35003.9025977263,6830519.3124224
145,1153,Cacophis kreftii,Logistic_single_with_coords,spatial,True,0,0.16543813704895813,-57852.3087704955,6829363.4472621
146,1161,Cacophis kreftii,Logistic_single_with_coords,spatial,True,0,0.007847008097350752,-34994.2569791634,6830308.29905931
147,1169,Cacophis kreftii,Logistic_single_with_coords,spatial,True,0,0.15206578976451016,-58647.1030221649,6829125.12230747
148,1177,Cacophis kreftii,Logistic_single_with_coords,spatial,True,0,0.12598779959692555,-59039.7148912014,6828905.9612443
149,1185,Cacophis kreftii,Logistic_single_with_coords,spatial,True,0,0.09294322070871765,-58039.2252902132,6828953.72338296
150,1193,Cacophis kreftii,Logistic_single_with_coords,spatial,True,0,0.009894972245616019,-34359.3605187094,6829747.4641776
151,1201,Cacophis kreftii,Logistic_single_with_coords,spatial,True,0,0.009989361978345393,-34751.7720567721,6829518.08321835
152,1209,Cacophis kreftii,Logistic_single_with_coords,spatial,True,0,0.01260000176051725,-34733.497415081,6829118.26913623
153,1217,Cacophis kreftii,Logistic_single_with_coords,spatial,True,0,0.11658120894862128,-56158.084536112,6827640.49763384
154,1225,Cacophis kreftii,Logistic_single_with_coords,spatial,True,0,0.07618573049866074,-56718.2495163478,6826812.23539331
155,1233,Cacophis kreftii,Logistic_single_with_coords,spatial,True,0,0.04590246823710771,-59120.6295586857,6826486.03756181
156,1241,Cacophis kreftii,Logistic_single_with_coords,spatial,True,0,0.04468580311167598,-57101.2660895063,6826393.18209589
157,1249,Cacophis kreftii,Logistic_single_with_coords,spatial,True,0,0.09363990518948638,-57287.8605910979,6826183.88283365
158,1257,Cacophis kreftii,Logistic_single_with_coords,spatial,True,0,0.09051625666356591,-57091.7358988385,6826193.23264818
159,1265,Cacophis kreftii,Logistic_single_with_coords,spatial,True,0,0.0981301415082296,-57278.3264609204,6825983.9330077
160,1273,Cacophis kreftii,Logistic_single_with_coords,spatial,True,0,0.09266922251730002,-57082.2051583753,6825993.28319997
161,1281,Cacophis kreftii,Logistic_single_with_coords,spatial,True,0,0.08793690499882714,-57053.0800449767,6825382.32654951
162,1289,Cacophis kreftii,Logistic_single_with_coords,spatial,True,0,0.048803763115744296,-57436.0274871426,6824963.25226147
163,1297,Cacophis kreftii,Logistic_single_with_coords,spatial,True,0,0.047906520380467305,-118090.3420558,6819503.16714623
164,1305,Cacophis kreftii,Logistic_single_with_coords,spatial,True,0,0.007696461811306761,-31234.0531967666,6823468.59821031
165,1313,Cacophis kreftii,Logistic_single_with_coords,spatial,True,0,0.07242248387965251,-116199.528148125,6817786.39841097
166,1321,Cacophis kreftii,Logistic_single_with_coords,spatial,True,0,0.04573800862379369,-115961.85299911,6817197.07567746
167,1329,Cacophis kreftii,Logistic_single_with_coords,spatial,True,0,0.055822146513570425,-115156.930903262,6817038.96223258
168,1337,Cacophis kreftii,Logistic_single_with_coords,spatial,True,0,0.0911488496824064,-114320.555073989,6816470.06822849
169,1345,Cacophis kreftii,Logistic_single_with_coords,spatial,True,0,0.030831785055711033,-108876.433782581,6816343.47520397
170,1353,Cacophis kreftii,Logistic_single_with_coords,spatial,True,0,0.027876189739803253,-109030.042605492,6815332.43919622
171,1361,Cacophis kreftii,Logistic_single_with_coords,spatial,True,0,0.005168338931083309,-27097.7448967228,6813229.19629307
172,1369,Cacophis kreftii,Logistic_single_with_coords,spatial,True,0,0.05591986432125599,-148834.228828815,6806479.17622519
173,1377,Cacophis kreftii,Logistic_single_with_coords,spatial,True,0,0.005629124612340707,-26864.9515665186,6812638.8314962
174,1385,Cacophis kreftii,Logistic_single_with_coords,spatial,True,0,0.05232884585131123,-144171.518832433,6805913.46294023
175,1393,Cacophis kreftii,Logistic_single_with_coords,spatial,True,0,0.010852539096591502,-26614.0603685924,6811648.67695057
176,1401,Cacophis kreftii,Logistic_single_with_coords,spatial,True,0,0.04845004679151083,-146353.923264982,6805201.04834351
177,1409,Cacophis kreftii,Logistic_single_with_coords,spatial,True,0,0.010833848049227116,-26577.824176917,6810849.10035356
178,1417,Cacophis kreftii,Logistic_single_with_coords,spatial,True,0,0.07594266733342461,-152179.201074767,6801082.64226836
179,1425,Cacophis kreftii,Logistic_single_with_coords,spatial,True,0,0.07899662566012905,-158380.85988069,6800363.84186606
180,1433,Cacophis kreftii,Logistic_single_with_coords,spatial,True,0,0.004152116432254115,-29780.9705356891,6806663.75964171
181,1441,Cacophis kreftii,Logistic_single_with_coords,spatial,True,0,0.00411723554168026,-29379.7381757025,6806682.07694802
182,1449,Cacophis kreftii,Logistic_single_with_coords,spatial,True,0,0.08166447857467894,-155726.191227112,6799488.07056547
183,1457,Cacophis kreftii,Logistic_single_with_coords,spatial,True,0,0.0038540218938940673,-29520.6964365395,6805473.74302288
184,1465,Cacophis kreftii,Logistic_single_with_coords,spatial,True,0,0.003730120002061881,-28317.1316235074,6805528.64452115
185,1473,Cacophis kreftii,Logistic_single_with_coords,spatial,True,0,0.07110389796456645,-154680.904774922,6798732.86570032
186,1481,Cacophis kreftii,Logistic_single_with_coords,spatial,True,0,0.0038397054023813835,-29502.4373697368,6805073.94284487
187,1489,Cacophis kreftii,Logistic_single_with_coords,spatial,True,0,0.06526711485159609,-153649.192596345,6798389.56853004
188,1497,Cacophis kreftii,Logistic_single_with_coords,spatial,True,0,0.06924753945422775,-154245.287601219,6798155.10832232
189,1505,Cacophis kreftii,Logistic_single_with_coords,spatial,True,0,0.07375022054223028,-112502.967446529,6800471.69931174
190,1513,Cacophis kreftii,Logistic_single_with_coords,spatial,True,0,0.07569998345944164,-112492.387376251,6800271.63658075
191,1521,Cacophis kreftii,Logistic_single_with_coords,spatial,True,0,0.06365917058715174,-152408.241373254,6797645.26465756
192,1529,Cacophis kreftii,Logistic_single_with_coords,spatial,True,0,0.07832619401369192,-111862.768502251,6799691.91157671
193,1537,Cacophis kreftii,Logistic_single_with_coords,spatial,True,0,0.06238349557194058,-153796.263664079,6797165.36470106
194,1545,Cacophis kreftii,Logistic_single_with_coords,spatial,True,0,0.0751795712079096,-113057.133584369,6799439.25721174
195,1553,Cacophis kreftii,Logistic_single_with_coords,spatial,True,0,0.06140993088384802,-153177.628494992,6796999.50794559
196,1561,Cacophis kreftii,Logistic_single_with_coords,spatial,True,0,0.07054759205323906,-111841.623750466,6799291.78871934
197,1569,Cacophis kreftii,Logistic_single_with_coords,spatial,True,0,0.0027696996327255204,-31200.4121417062,6802970.7749555
198,1577,Cacophis kreftii,Logistic_single_with_coords,spatial,True,0,0.04864887759073729,-111757.020588895,6797691.29771726
199,1585,Cacophis kreftii,Logistic_single_with_coords,spatial,True,0,0.06941688003997666,-111540.073845013,6797301.52655841
200,1593,Cacophis kreftii,Logistic_single_with_coords,spatial,True,0,0.06422031916432314,-165917.840413128,6794142.17633504
201,1601,Cacophis kreftii,Logistic_single_with_coords,spatial,True,0,0.06563482704717516,-111724.493680147,6796890.5347694
202,1609,Cacophis kreftii,Logistic_single_with_coords,spatial,True,0,0.06110915472018691,-111508.34435778,6796701.34390328
203,1617,Cacophis kreftii,Logistic_single_with_coords,spatial,True,0,0.039405303992695005,-165638.858103626,6792540.33884748
204,1625,Cacophis kreftii,Logistic_single_with_coords,spatial,True,0,0.025913391770422102,-111628.657553236,6795078.86889821
205,1633,Cacophis kreftii,Logistic_single_with_coords,spatial,True,0,0.018020694724448512,-111987.574051639,6794257.38010052
206,1641,Cacophis kreftii,Logistic_single_with_coords,spatial,True,0,0.016507424900084073,-111543.951324666,6793478.37953304
207,1649,Cacophis kreftii,Logistic_single_with_coords,spatial,True,0,0.04155453806337415,-166932.442763671,6790267.55776097
208,1657,Cacophis kreftii,Logistic_single_with_coords,spatial,True,0,0.017640236555512168,-113333.176647029,6792982.26555712
209,1665,Cacophis kreftii,Logistic_single_with_coords,spatial,True,0,0.01633028920095643,-112530.721336831,6793024.84869485
210,1673,Cacophis kreftii,Logistic_single_with_coords,spatial,True,0,0.01729409405786572,-112129.496210697,6793046.11909854
211,1681,Cacophis kreftii,Logistic_single_with_coords,spatial,True,0,0.03673162514722417,-164829.821681687,6788558.93776823
212,1689,Cacophis kreftii,Logistic_single_with_coords,spatial,True,0,0.03757613102353208,-165023.878239824,6788346.91096964
213,1697,Cacophis kreftii,Logistic_single_with_coords,spatial,True,0,0.03735987761162764,-164391.455012656,6787769.669967
214,1705,Cacophis kreftii,Logistic_single_with_coords,spatial,True,0,0.008817589432192234,-110822.113763642,6787074.42336939
215,1713,Cacophis kreftii,Logistic_single_with_coords,spatial,True,0,0.019593134812639686,-110616.719576928,6787085.30761186
216,1721,Cacophis kreftii,Logistic_single_with_coords,spatial,True,0,0.019923443827250788,-110020.100859829,6787116.90272986
217,1729,Cacophis kreftii,Logistic_single_with_coords,spatial,True,0,0.01659808599118747,-109413.705304275,6787148.98376259
218,1737,Cacophis kreftii,Logistic_single_with_coords,spatial,True,0,0.010995196334135168,-110779.695476226,6786274.18349996
219,1745,Cacophis kreftii,Logistic_single_with_coords,spatial,True,0,0.01978527691278256,-110346.917478988,6785695.25630047
220,1753,Cacophis kreftii,Logistic_single_with_coords,spatial,True,0,0.009726733804939488,-110140.731442662,6785505.55962449
221,1761,Cacophis kreftii,Logistic_single_with_coords,spatial,True,0,0.04232765265670616,-157491.757049911,6782687.30974027
222,1769,Cacophis kreftii,Logistic_single_with_coords,spatial,True,0,0.031927195985518825,-109512.656336634,6785126.43261431
223,1777,Cacophis kreftii,Logistic_single_with_coords,spatial,True,0,0.026694683784440044,-109707.419900115,6784915.50427338
224,1785,Cacophis kreftii,Logistic_single_with_coords,spatial,True,0,0.04541694850054936,-150843.666641707,6782630.05200801
225,1793,Cacophis kreftii,Logistic_single_with_coords,spatial,True,0,0.03328207564848536,-157628.595163146,6781474.60411432
226,1801,Cacophis kreftii,Logistic_single_with_coords,spatial,True,0,0.035209115874070475,-156768.616233883,6780508.50732801
227,1809,Cacophis kreftii,Logistic_single_with_coords,spatial,True,0,0.014212357531387464,-110619.113371872,6783061.59249324
228,1817,Cacophis kreftii,Logistic_single_with_coords,spatial,True,0,0.01185843439087289,-108593.63854256,6782767.65906175
229,1825,Cacophis kreftii,Logistic_single_with_coords,spatial,True,0,0.011353801484251979,-108377.162322395,6782567.34735566
230,1833,Cacophis kreftii,Logistic_single_with_coords,spatial,True,0,0.009148195926407924,-58637.6336775981,6785100.52209461
231,1841,Cacophis kreftii,Logistic_single_with_coords,spatial,True,0,0.010278213404594297,-107923.462038802,6781588.26422547
232,1849,Cacophis kreftii,Logistic_single_with_coords,spatial,True,0,0.03449313578450635,-154268.894705046,6778832.59399199
233,1857,Cacophis kreftii,Logistic_single_with_coords,spatial,True,0,0.03416585920430303,-151231.119203658,6778380.41797512
234,1865,Cacophis kreftii,Logistic_single_with_coords,spatial,True,0,0.04382044286550607,-150784.191440288,6777591.42724006
235,1873,Cacophis kreftii,Logistic_single_with_coords,spatial,True,0,0.019140962416387828,-157053.44484427,6770228.31904544
236,1881,Cacophis kreftii,Logistic_single_with_coords,spatial,True,0,0.01923705581525549,-157007.529503806,6769427.67794309
237,1889,Cacophis kreftii,Logistic_single_with_coords,spatial,True,0,0.0195218700387503,-157601.945479142,6769192.74860327
238,1897,Cacophis kreftii,Logistic_single_with_coords,spatial,True,0,0.002657111403229249,-42631.6013249115,6774856.7836682
239,1905,Cacophis kreftii,Logistic_single_with_coords,spatial,True,0,0.002305611029166329,-42808.1790068126,6774247.29778187
240,1913,Cacophis kreftii,Logistic_single_with_coords,spatial,True,0,0.004342913265119318,-90697.5110841577,6771199.36165782
241,1921,Cacophis kreftii,Logistic_single_with_coords,spatial,True,0,0.004186708837754707,-89886.5465170286,6771040.60297007
242,1929,Cacophis kreftii,Logistic_single_with_coords,spatial,True,0,0.0022865594568666926,-45884.998116622,6771685.40364584
243,1937,Cacophis kreftii,Logistic_single_with_coords,spatial,True,0,0.002242341366278621,-45846.3441318398,6770874.56187869
244,1945,Cacophis kreftii,Logistic_single_with_coords,spatial,True,0,0.0022065827930902327,-46208.2545646069,6770055.74332879
245,1953,Cacophis kreftii,Logistic_single_with_coords,spatial,True,0,0.0019993849956419637,-42736.9260770733,6769029.74166907
246,1961,Cacophis kreftii,Logistic_single_with_coords,spatial,True,0,0.0015251519677594472,-42727.4414379179,6768829.81362177
247,1969,Cacophis kreftii,Logistic_single_with_coords,spatial,True,0,0.0015141326925791245,-42717.9562631494,6768629.88557173
248,1977,Cacophis kreftii,Logistic_single_with_coords,spatial,True,0,0.023548813707189434,-139175.743651501,6763098.07298971
249,1985,Cacophis kreftii,Logistic_single_with_coords,spatial,True,0,0.020410471825214896,-138923.869162796,6762097.27372678
252,2009,Cacophis kreftii,Logistic_single_with_coords,spatial,True,0,0.001929500835415337,-43112.7372327422,6764592.40958821
254,2025,Cacophis kreftii,Logistic_single_with_coords,spatial,True,0,0.001957228438726214,-43678.7671977115,6763752.8151483
255,2033,Cacophis kreftii,Logistic_single_with_coords,spatial,True,0,0.0020819609745405913,-47276.750227819,6763369.40347618
106,842,Calyptotis scutirostrum,Logistic_single_with_coords,spatial,True,1,0.6289709266583401,-147293.925634327,6831915.7941736
111,882,Calyptotis scutirostrum,Logistic_single_with_coords,spatial,True,1,0.6468935257358316,-146869.047423431,6831537.755626
122,970,Calyptotis scutirostrum,Logistic_single_with_coords,spatial,True,0,0.16863095462860508,-121930.447488692,6831783.7962185
125,994,Calyptotis scutirostrum,Logistic_single_with_coords,spatial,True,1,0.11131767469036687,-119100.196556909,6831521.23488212
126,1002,Calyptotis scutirostrum,Logistic_single_with_coords,spatial,True,0,0.11036386499814052,-122301.197680874,6831162.17696098
127,1010,Calyptotis scutirostrum,Logistic_single_with_coords,spatial,True,0,0.16192707575199636,-113069.978206809,6831626.51450922
128,1018,Calyptotis scutirostrum,Logistic_single_with_coords,spatial,True,0,0.12692500268654,-110250.872026258,6831561.92472725
130,1034,Calyptotis scutirostrum,Logistic_single_with_coords,spatial,True,0,0.1835075089846437,-112831.744333792,6830836.54025889
132,1050,Calyptotis scutirostrum,Logistic_single_with_coords,spatial,True,0,0.37244034017531447,-105801.162580743,6831179.93507326
134,1066,Calyptotis scutirostrum,Logistic_single_with_coords,spatial,True,0,0.26730081344358125,-109785.840498241,6830382.55130941
135,1074,Calyptotis scutirostrum,Logistic_single_with_coords,spatial,True,0,0.07622129764698778,-60576.6608829403,6831437.80904093
136,1082,Calyptotis scutirostrum,Logistic_single_with_coords,spatial,True,0,0.0644261124394756,-62745.5415882464,6830732.52392328
137,1090,Calyptotis scutirostrum,Logistic_single_with_coords,spatial,True,0,0.1090079150599668,-59930.1265788042,6830667.09207023
138,1098,Calyptotis scutirostrum,Logistic_single_with_coords,spatial,True,0,0.26988730970337615,-33656.1895879237,6831782.75910205
139,1106,Calyptotis scutirostrum,Logistic_single_with_coords,spatial,True,0,0.2737429781261816,-60097.6324680274,6830057.84195886
140,1114,Calyptotis scutirostrum,Logistic_single_with_coords,spatial,True,0,0.02910570329380903,-59480.1149542754,6829686.55327432
141,1122,Calyptotis scutirostrum,Logistic_single_with_coords,spatial,True,0,0.07757888516582208,-59274.1159834863,6829696.39928037
142,1130,Calyptotis scutirostrum,Logistic_single_with_coords,spatial,True,1,0.21716291447838865,-58470.0105331185,6829534.39062915
143,1138,Calyptotis scutirostrum,Logistic_single_with_coords,spatial,True,1,0.16864759877029553,-58067.8332822076,6829553.57641624
144,1146,Calyptotis scutirostrum,Logistic_single_with_coords,spatial,True,0,0.016779648007899117,-35003.9025977263,6830519.3124224
145,1154,Calyptotis scutirostrum,Logistic_single_with_coords,spatial,True,0,0.14951220514647295,-57852.3087704955,6829363.4472621
146,1162,Calyptotis scutirostrum,Logistic_single_with_coords,spatial,True,0,0.029018668759615313,-34994.2569791634,6830308.29905931
147,1170,Calyptotis scutirostrum,Logistic_single_with_coords,spatial,True,0,0.16478368591992518,-58647.1030221649,6829125.12230747
148,1178,Calyptotis scutirostrum,Logistic_single_with_coords,spatial,True,1,0.0975524057828494,-59039.7148912014,6828905.9612443
149,1186,Calyptotis scutirostrum,Logistic_single_with_coords,spatial,True,1,0.12019546842603848,-58039.2252902132,6828953.72338296
150,1194,Calyptotis scutirostrum,Logistic_single_with_coords,spatial,True,0,0.048918672380199785,-34359.3605187094,6829747.4641776
151,1202,Calyptotis scutirostrum,Logistic_single_with_coords,spatial,True,0,0.04839793975613684,-34751.7720567721,6829518.08321835
152,1210,Calyptotis scutirostrum,Logistic_single_with_coords,spatial,True,0,0.05409050310795991,-34733.497415081,6829118.26913623
153,1218,Calyptotis scutirostrum,Logistic_single_with_coords,spatial,True,1,0.3912000330343048,-56158.084536112,6827640.49763384
154,1226,Calyptotis scutirostrum,Logistic_single_with_coords,spatial,True,0,0.35421621658464175,-56718.2495163478,6826812.23539331
155,1234,Calyptotis scutirostrum,Logistic_single_with_coords,spatial,True,0,0.11096168556105328,-59120.6295586857,6826486.03756181
156,1242,Calyptotis scutirostrum,Logistic_single_with_coords,spatial,True,1,0.1290709430942612,-57101.2660895063,6826393.18209589
157,1250,Calyptotis scutirostrum,Logistic_single_with_coords,spatial,True,1,0.42664155670968124,-57287.8605910979,6826183.88283365
158,1258,Calyptotis scutirostrum,Logistic_single_with_coords,spatial,True,0,0.4433884334740661,-57091.7358988385,6826193.23264818
159,1266,Calyptotis scutirostrum,Logistic_single_with_coords,spatial,True,0,0.42808634688247793,-57278.3264609204,6825983.9330077
160,1274,Calyptotis scutirostrum,Logistic_single_with_coords,spatial,True,1,0.43110613173555573,-57082.2051583753,6825993.28319997
161,1282,Calyptotis scutirostrum,Logistic_single_with_coords,spatial,True,0,0.4459397054771625,-57053.0800449767,6825382.32654951
162,1290,Calyptotis scutirostrum,Logistic_single_with_coords,spatial,True,0,0.21637320651546513,-57436.0274871426,6824963.25226147
163,1298,Calyptotis scutirostrum,Logistic_single_with_coords,spatial,True,0,0.0855911841893052,-118090.3420558,6819503.16714623
164,1306,Calyptotis scutirostrum,Logistic_single_with_coords,spatial,True,0,0.04115963310652235,-31234.0531967666,6823468.59821031
165,1314,Calyptotis scutirostrum,Logistic_single_with_coords,spatial,True,0,0.11904586454845396,-116199.528148125,6817786.39841097
166,1322,Calyptotis scutirostrum,Logistic_single_with_coords,spatial,True,1,0.08130501348378998,-115961.85299911,6817197.07567746
167,1330,Calyptotis scutirostrum,Logistic_single_with_coords,spatial,True,0,0.12279548805094102,-115156.930903262,6817038.96223258
168,1338,Calyptotis scutirostrum,Logistic_single_with_coords,spatial,True,0,0.32671214504750085,-114320.555073989,6816470.06822849
169,1346,Calyptotis scutirostrum,Logistic_single_with_coords,spatial,True,0,0.13791109988832992,-108876.433782581,6816343.47520397
170,1354,Calyptotis scutirostrum,Logistic_single_with_coords,spatial,True,0,0.12994800805797851,-109030.042605492,6815332.43919622
171,1362,Calyptotis scutirostrum,Logistic_single_with_coords,spatial,True,0,0.030517388186425916,-27097.7448967228,6813229.19629307
172,1370,Calyptotis scutirostrum,Logistic_single_with_coords,spatial,True,0,0.16630327705871523,-148834.228828815,6806479.17622519
173,1378,Calyptotis scutirostrum,Logistic_single_with_coords,spatial,True,0,0.040370765715366116,-26864.9515665186,6812638.8314962
174,1386,Calyptotis scutirostrum,Logistic_single_with_coords,spatial,True,0,0.1520549363176873,-144171.518832433,6805913.46294023
175,1394,Calyptotis scutirostrum,Logistic_single_with_coords,spatial,True,1,0.09861539758369182,-26614.0603685924,6811648.67695057
176,1402,Calyptotis scutirostrum,Logistic_single_with_coords,spatial,True,0,0.1762938592884374,-146353.923264982,6805201.04834351
177,1410,Calyptotis scutirostrum,Logistic_single_with_coords,spatial,True,0,0.09486844574227017,-26577.824176917,6810849.10035356
178,1418,Calyptotis scutirostrum,Logistic_single_with_coords,spatial,True,0,0.1873801899234035,-152179.201074767,6801082.64226836
179,1426,Calyptotis scutirostrum,Logistic_single_with_coords,spatial,True,0,0.1987162245304279,-158380.85988069,6800363.84186606
180,1434,Calyptotis scutirostrum,Logistic_single_with_coords,spatial,True,0,0.029876404602938233,-29780.9705356891,6806663.75964171
181,1442,Calyptotis scutirostrum,Logistic_single_with_coords,spatial,True,0,0.029848957532472017,-29379.7381757025,6806682.07694802
182,1450,Calyptotis scutirostrum,Logistic_single_with_coords,spatial,True,0,0.15037647117747582,-155726.191227112,6799488.07056547
183,1458,Calyptotis scutirostrum,Logistic_single_with_coords,spatial,True,0,0.029250414774243453,-29520.6964365395,6805473.74302288
184,1466,Calyptotis scutirostrum,Logistic_single_with_coords,spatial,True,0,0.028953422041736687,-28317.1316235074,6805528.64452115
185,1474,Calyptotis scutirostrum,Logistic_single_with_coords,spatial,True,0,0.18565207545214182,-154680.904774922,6798732.86570032
186,1482,Calyptotis scutirostrum,Logistic_single_with_coords,spatial,True,0,0.029250851696777033,-29502.4373697368,6805073.94284487
187,1490,Calyptotis scutirostrum,Logistic_single_with_coords,spatial,True,0,0.19546169923750972,-153649.192596345,6798389.56853004
188,1498,Calyptotis scutirostrum,Logistic_single_with_coords,spatial,True,0,0.20172154679347254,-154245.287601219,6798155.10832232
189,1506,Calyptotis scutirostrum,Logistic_single_with_coords,spatial,True,0,0.3941093974914173,-112502.967446529,6800471.69931174
190,1514,Calyptotis scutirostrum,Logistic_single_with_coords,spatial,True,0,0.3612664217456209,-112492.387376251,6800271.63658075
191,1522,Calyptotis scutirostrum,Logistic_single_with_coords,spatial,True,0,0.18781746277401418,-152408.241373254,6797645.26465756
192,1530,Calyptotis scutirostrum,Logistic_single_with_coords,spatial,True,0,0.3925626780529362,-111862.768502251,6799691.91157671
193,1538,Calyptotis scutirostrum,Logistic_single_with_coords,spatial,True,0,0.21740273954993528,-153796.263664079,6797165.36470106
194,1546,Calyptotis scutirostrum,Logistic_single_with_coords,spatial,True,0,0.36667304465192146,-113057.133584369,6799439.25721174
195,1554,Calyptotis scutirostrum,Logistic_single_with_coords,spatial,True,0,0.17954646665876992,-153177.628494992,6796999.50794559
196,1562,Calyptotis scutirostrum,Logistic_single_with_coords,spatial,True,0,0.3790896848471111,-111841.623750466,6799291.78871934
197,1570,Calyptotis scutirostrum,Logistic_single_with_coords,spatial,True,0,0.016836012523132,-31200.4121417062,6802970.7749555
198,1578,Calyptotis scutirostrum,Logistic_single_with_coords,spatial,True,0,0.24844083094000546,-111757.020588895,6797691.29771726
199,1586,Calyptotis scutirostrum,Logistic_single_with_coords,spatial,True,0,0.3382004522130941,-111540.073845013,6797301.52655841
200,1594,Calyptotis scutirostrum,Logistic_single_with_coords,spatial,True,0,0.08440938458503787,-165917.840413128,6794142.17633504
201,1602,Calyptotis scutirostrum,Logistic_single_with_coords,spatial,True,0,0.34154567775143485,-111724.493680147,6796890.5347694
202,1610,Calyptotis scutirostrum,Logistic_single_with_coords,spatial,True,0,0.37454472857679166,-111508.34435778,6796701.34390328
203,1618,Calyptotis scutirostrum,Logistic_single_with_coords,spatial,True,0,0.046617773580377164,-165638.858103626,6792540.33884748
204,1626,Calyptotis scutirostrum,Logistic_single_with_coords,spatial,True,0,0.1160027642406723,-111628.657553236,6795078.86889821
205,1634,Calyptotis scutirostrum,Logistic_single_with_coords,spatial,True,0,0.07449426589446452,-111987.574051639,6794257.38010052
206,1642,Calyptotis scutirostrum,Logistic_single_with_coords,spatial,True,0,0.0781516743788134,-111543.951324666,6793478.37953304
207,1650,Calyptotis scutirostrum,Logistic_single_with_coords,spatial,True,0,0.03603797758550107,-166932.442763671,6790267.55776097
208,1658,Calyptotis scutirostrum,Logistic_single_with_coords,spatial,True,0,0.07146737807005597,-113333.176647029,6792982.26555712
209,1666,Calyptotis scutirostrum,Logistic_single_with_coords,spatial,True,0,0.08814565890746498,-112530.721336831,6793024.84869485
210,1674,Calyptotis scutirostrum,Logistic_single_with_coords,spatial,True,0,0.08222794969752927,-112129.496210697,6793046.11909854
211,1682,Calyptotis scutirostrum,Logistic_single_with_coords,spatial,True,0,0.031083762387213686,-164829.821681687,6788558.93776823
212,1690,Calyptotis scutirostrum,Logistic_single_with_coords,spatial,True,0,0.02967515239979323,-165023.878239824,6788346.91096964
213,1698,Calyptotis scutirostrum,Logistic_single_with_coords,spatial,True,0,0.03122569061307441,-164391.455012656,6787769.669967
214,1706,Calyptotis scutirostrum,Logistic_single_with_coords,spatial,True,0,0.040052424364077764,-110822.113763642,6787074.42336939
215,1714,Calyptotis scutirostrum,Logistic_single_with_coords,spatial,True,0,0.09600055490040624,-110616.719576928,6787085.30761186
216,1722,Calyptotis scutirostrum,Logistic_single_with_coords,spatial,True,0,0.10313050202043263,-110020.100859829,6787116.90272986
217,1730,Calyptotis scutirostrum,Logistic_single_with_coords,spatial,True,0,0.12326962632201978,-109413.705304275,6787148.98376259
218,1738,Calyptotis scutirostrum,Logistic_single_with_coords,spatial,True,0,0.036425725008361706,-110779.695476226,6786274.18349996
219,1746,Calyptotis scutirostrum,Logistic_single_with_coords,spatial,True,0,0.09911138449791518,-110346.917478988,6785695.25630047
220,1754,Calyptotis scutirostrum,Logistic_single_with_coords,spatial,True,0,0.03461034357344596,-110140.731442662,6785505.55962449
221,1762,Calyptotis scutirostrum,Logistic_single_with_coords,spatial,True,0,0.1482148612948565,-157491.757049911,6782687.30974027
222,1770,Calyptotis scutirostrum,Logistic_single_with_coords,spatial,True,0,0.23362885621179258,-109512.656336634,6785126.43261431
223,1778,Calyptotis scutirostrum,Logistic_single_with_coords,spatial,True,0,0.2869953551772189,-109707.419900115,6784915.50427338
224,1786,Calyptotis scutirostrum,Logistic_single_with_coords,spatial,True,0,0.11963309045771198,-150843.666641707,6782630.05200801
225,1794,Calyptotis scutirostrum,Logistic_single_with_coords,spatial,True,0,0.0848669683936783,-157628.595163146,6781474.60411432
226,1802,Calyptotis scutirostrum,Logistic_single_with_coords,spatial,True,0,0.07183815489517642,-156768.616233883,6780508.50732801
227,1810,Calyptotis scutirostrum,Logistic_single_with_coords,spatial,True,0,0.10423188155026875,-110619.113371872,6783061.59249324
228,1818,Calyptotis scutirostrum,Logistic_single_with_coords,spatial,True,0,0.06784399611871691,-108593.63854256,6782767.65906175
229,1826,Calyptotis scutirostrum,Logistic_single_with_coords,spatial,True,0,0.061735663274226256,-108377.162322395,6782567.34735566
230,1834,Calyptotis scutirostrum,Logistic_single_with_coords,spatial,True,0,0.21706995879551919,-58637.6336775981,6785100.52209461
231,1842,Calyptotis scutirostrum,Logistic_single_with_coords,spatial,True,0,0.07384194637764387,-107923.462038802,6781588.26422547
232,1850,Calyptotis scutirostrum,Logistic_single_with_coords,spatial,True,0,0.05403852582093494,-154268.894705046,6778832.59399199
233,1858,Calyptotis scutirostrum,Logistic_single_with_coords,spatial,True,0,0.03399002908280194,-151231.119203658,6778380.41797512
234,1866,Calyptotis scutirostrum,Logistic_single_with_coords,spatial,True,0,0.06301255785298619,-150784.191440288,6777591.42724006
235,1874,Calyptotis scutirostrum,Logistic_single_with_coords,spatial,True,0,0.017625904109013563,-157053.44484427,6770228.31904544
236,1882,Calyptotis scutirostrum,Logistic_single_with_coords,spatial,True,0,0.017164503779979228,-157007.529503806,6769427.67794309
237,1890,Calyptotis scutirostrum,Logistic_single_with_coords,spatial,True,0,0.018019617722891033,-157601.945479142,6769192.74860327
238,1898,Calyptotis scutirostrum,Logistic_single_with_coords,spatial,True,0,0.03572241421056893,-42631.6013249115,6774856.7836682
239,1906,Calyptotis scutirostrum,Logistic_single_with_coords,spatial,True,0,0.036404788048685764,-42808.1790068126,6774247.29778187
240,1914,Calyptotis scutirostrum,Logistic_single_with_coords,spatial,True,0,0.05803054947549611,-90697.5110841577,6771199.36165782
241,1922,Calyptotis scutirostrum,Logistic_single_with_coords,spatial,True,0,0.057559181986389596,-89886.5465170286,6771040.60297007
242,1930,Calyptotis scutirostrum,Logistic_single_with_coords,spatial,True,0,0.0369626716639054,-45884.998116622,6771685.40364584
243,1938,Calyptotis scutirostrum,Logistic_single_with_coords,spatial,True,0,0.036594821937645454,-45846.3441318398,6770874.56187869
244,1946,Calyptotis scutirostrum,Logistic_single_with_coords,spatial,True,0,0.03609181953186406,-46208.2545646069,6770055.74332879
245,1954,Calyptotis scutirostrum,Logistic_single_with_coords,spatial,True,0,0.032417834910400796,-42736.9260770733,6769029.74166907
246,1962,Calyptotis scutirostrum,Logistic_single_with_coords,spatial,True,0,0.0186981249476988,-42727.4414379179,6768829.81362177
247,1970,Calyptotis scutirostrum,Logistic_single_with_coords,spatial,True,0,0.018750083948873102,-42717.9562631494,6768629.88557173
248,1978,Calyptotis scutirostrum,Logistic_single_with_coords,spatial,True,0,0.06230571506362481,-139175.743651501,6763098.07298971
249,1986,Calyptotis scutirostrum,Logistic_single_with_coords,spatial,True,0,0.061699608068837765,-138923.869162796,6762097.27372678
252,2010,Calyptotis scutirostrum,Logistic_single_with_coords,spatial,True,0,0.029493552534867136,-43112.7372327422,6764592.40958821
254,2026,Calyptotis scutirostrum,Logistic_single_with_coords,spatial,True,0,0.029125991930835367,-43678.7671977115,6763752.8151483
255,2034,Calyptotis scutirostrum,Logistic_single_with_coords,spatial,True,0,0.020420643789635998,-47276.750227819,6763369.40347618
106,843,Coeranoscincus reticulatus,Logistic_single_with_coords,spatial,True,1,0.3770776971448429,-147293.925634327,6831915.7941736
111,883,Coeranoscincus reticulatus,Logistic_single_with_coords,spatial,True,0,0.4283638271298739,-146869.047423431,6831537.755626
122,971,Coeranoscincus reticulatus,Logistic_single_with_coords,spatial,True,1,0.26879625913425864,-121930.447488692,6831783.7962185
125,995,Coeranoscincus reticulatus,Logistic_single_with_coords,spatial,True,0,0.2002833874550598,-119100.196556909,6831521.23488212
126,1003,Coeranoscincus reticulatus,Logistic_single_with_coords,spatial,True,0,0.20168463312615761,-122301.197680874,6831162.17696098
127,1011,Coeranoscincus reticulatus,Logistic_single_with_coords,spatial,True,1,0.2196250619388281,-113069.978206809,6831626.51450922
128,1019,Coeranoscincus reticulatus,Logistic_single_with_coords,spatial,True,0,0.21694794603912634,-110250.872026258,6831561.92472725
130,1035,Coeranoscincus reticulatus,Logistic_single_with_coords,spatial,True,0,0.24751629840939904,-112831.744333792,6830836.54025889
132,1051,Coeranoscincus reticulatus,Logistic_single_with_coords,spatial,True,0,0.2085183558755271,-105801.162580743,6831179.93507326
134,1067,Coeranoscincus reticulatus,Logistic_single_with_coords,spatial,True,0,0.12425438424581214,-109785.840498241,6830382.55130941
135,1075,Coeranoscincus reticulatus,Logistic_single_with_coords,spatial,True,0,0.0654789322177036,-60576.6608829403,6831437.80904093
136,1083,Coeranoscincus reticulatus,Logistic_single_with_coords,spatial,True,0,0.06497692847751406,-62745.5415882464,6830732.52392328
137,1091,Coeranoscincus reticulatus,Logistic_single_with_coords,spatial,True,0,0.1814181398410457,-59930.1265788042,6830667.09207023
138,1099,Coeranoscincus reticulatus,Logistic_single_with_coords,spatial,True,0,0.1344059826741026,-33656.1895879237,6831782.75910205
139,1107,Coeranoscincus reticulatus,Logistic_single_with_coords,spatial,True,0,0.14742775308264666,-60097.6324680274,6830057.84195886
140,1115,Coeranoscincus reticulatus,Logistic_single_with_coords,spatial,True,0,0.07331605086406631,-59480.1149542754,6829686.55327432
141,1123,Coeranoscincus reticulatus,Logistic_single_with_coords,spatial,True,0,0.1042646670393036,-59274.1159834863,6829696.39928037
142,1131,Coeranoscincus reticulatus,Logistic_single_with_coords,spatial,True,0,0.0870675016608691,-58470.0105331185,6829534.39062915
143,1139,Coeranoscincus reticulatus,Logistic_single_with_coords,spatial,True,0,0.04666842359132591,-58067.8332822076,6829553.57641624
144,1147,Coeranoscincus reticulatus,Logistic_single_with_coords,spatial,True,0,0.043670254335796035,-35003.9025977263,6830519.3124224
145,1155,Coeranoscincus reticulatus,Logistic_single_with_coords,spatial,True,0,0.05124241937393132,-57852.3087704955,6829363.4472621
146,1163,Coeranoscincus reticulatus,Logistic_single_with_coords,spatial,True,0,0.0560141148154496,-34994.2569791634,6830308.29905931
147,1171,Coeranoscincus reticulatus,Logistic_single_with_coords,spatial,True,0,0.05640892675099835,-58647.1030221649,6829125.12230747
148,1179,Coeranoscincus reticulatus,Logistic_single_with_coords,spatial,True,0,0.04639936270363899,-59039.7148912014,6828905.9612443
149,1187,Coeranoscincus reticulatus,Logistic_single_with_coords,spatial,True,0,0.07542725558918478,-58039.2252902132,6828953.72338296
150,1195,Coeranoscincus reticulatus,Logistic_single_with_coords,spatial,True,0,0.06986694457124155,-34359.3605187094,6829747.4641776
151,1203,Coeranoscincus reticulatus,Logistic_single_with_coords,spatial,True,0,0.06886147482133924,-34751.7720567721,6829518.08321835
152,1211,Coeranoscincus reticulatus,Logistic_single_with_coords,spatial,True,0,0.09065306926378926,-34733.497415081,6829118.26913623
153,1219,Coeranoscincus reticulatus,Logistic_single_with_coords,spatial,True,0,0.08728819859261043,-56158.084536112,6827640.49763384
154,1227,Coeranoscincus reticulatus,Logistic_single_with_coords,spatial,True,0,0.10343594810422017,-56718.2495163478,6826812.23539331
155,1235,Coeranoscincus reticulatus,Logistic_single_with_coords,spatial,True,0,0.06816185635951043,-59120.6295586857,6826486.03756181
156,1243,Coeranoscincus reticulatus,Logistic_single_with_coords,spatial,True,0,0.12804671303739382,-57101.2660895063,6826393.18209589
157,1251,Coeranoscincus reticulatus,Logistic_single_with_coords,spatial,True,0,0.09248170076216373,-57287.8605910979,6826183.88283365
158,1259,Coeranoscincus reticulatus,Logistic_single_with_coords,spatial,True,0,0.09893821988146866,-57091.7358988385,6826193.23264818
159,1267,Coeranoscincus reticulatus,Logistic_single_with_coords,spatial,True,0,0.09843264452257051,-57278.3264609204,6825983.9330077
160,1275,Coeranoscincus reticulatus,Logistic_single_with_coords,spatial,True,0,0.1085053741811973,-57082.2051583753,6825993.28319997
161,1283,Coeranoscincus reticulatus,Logistic_single_with_coords,spatial,True,0,0.10911417020527507,-57053.0800449767,6825382.32654951
162,1291,Coeranoscincus reticulatus,Logistic_single_with_coords,spatial,True,0,0.0644178212991484,-57436.0274871426,6824963.25226147
163,1299,Coeranoscincus reticulatus,Logistic_single_with_coords,spatial,True,1,0.16347173211417865,-118090.3420558,6819503.16714623
164,1307,Coeranoscincus reticulatus,Logistic_single_with_coords,spatial,True,0,0.06623855766124505,-31234.0531967666,6823468.59821031
165,1315,Coeranoscincus reticulatus,Logistic_single_with_coords,spatial,True,0,0.2010064625562315,-116199.528148125,6817786.39841097
166,1323,Coeranoscincus reticulatus,Logistic_single_with_coords,spatial,True,0,0.22359837465924084,-115961.85299911,6817197.07567746
167,1331,Coeranoscincus reticulatus,Logistic_single_with_coords,spatial,True,0,0.16906351258552546,-115156.930903262,6817038.96223258
168,1339,Coeranoscincus reticulatus,Logistic_single_with_coords,spatial,True,0,0.1539167474037339,-114320.555073989,6816470.06822849
169,1347,Coeranoscincus reticulatus,Logistic_single_with_coords,spatial,True,0,0.2347631171656669,-108876.433782581,6816343.47520397
170,1355,Coeranoscincus reticulatus,Logistic_single_with_coords,spatial,True,1,0.24041574139170663,-109030.042605492,6815332.43919622
171,1363,Coeranoscincus reticulatus,Logistic_single_with_coords,spatial,True,0,0.06109972760001228,-27097.7448967228,6813229.19629307
172,1371,Coeranoscincus reticulatus,Logistic_single_with_coords,spatial,True,0,0.345276074487033,-148834.228828815,6806479.17622519
173,1379,Coeranoscincus reticulatus,Logistic_single_with_coords,spatial,True,0,0.09786530037853224,-26864.9515665186,6812638.8314962
174,1387,Coeranoscincus reticulatus,Logistic_single_with_coords,spatial,True,0,0.2748734951704128,-144171.518832433,6805913.46294023
175,1395,Coeranoscincus reticulatus,Logistic_single_with_coords,spatial,True,0,0.1726711850804488,-26614.0603685924,6811648.67695057
176,1403,Coeranoscincus reticulatus,Logistic_single_with_coords,spatial,True,0,0.34245348191104874,-146353.923264982,6805201.04834351
177,1411,Coeranoscincus reticulatus,Logistic_single_with_coords,spatial,True,0,0.17200846995836294,-26577.824176917,6810849.10035356
178,1419,Coeranoscincus reticulatus,Logistic_single_with_coords,spatial,True,1,0.31025360306944516,-152179.201074767,6801082.64226836
179,1427,Coeranoscincus reticulatus,Logistic_single_with_coords,spatial,True,1,0.4233294554124224,-158380.85988069,6800363.84186606
180,1435,Coeranoscincus reticulatus,Logistic_single_with_coords,spatial,True,0,0.0711964156466267,-29780.9705356891,6806663.75964171
181,1443,Coeranoscincus reticulatus,Logistic_single_with_coords,spatial,True,0,0.07133356528953322,-29379.7381757025,6806682.07694802
182,1451,Coeranoscincus reticulatus,Logistic_single_with_coords,spatial,True,0,0.28452725540548857,-155726.191227112,6799488.07056547
183,1459,Coeranoscincus reticulatus,Logistic_single_with_coords,spatial,True,0,0.07045221325143568,-29520.6964365395,6805473.74302288
184,1467,Coeranoscincus reticulatus,Logistic_single_with_coords,spatial,True,0,0.07362585462905223,-28317.1316235074,6805528.64452115
185,1475,Coeranoscincus reticulatus,Logistic_single_with_coords,spatial,True,1,0.32690792931921386,-154680.904774922,6798732.86570032
186,1483,Coeranoscincus reticulatus,Logistic_single_with_coords,spatial,True,0,0.0726314715735797,-29502.4373697368,6805073.94284487
187,1491,Coeranoscincus reticulatus,Logistic_single_with_coords,spatial,True,1,0.3219193570019599,-153649.192596345,6798389.56853004
188,1499,Coeranoscincus reticulatus,Logistic_single_with_coords,spatial,True,1,0.3624924615945233,-154245.287601219,6798155.10832232
189,1507,Coeranoscincus reticulatus,Logistic_single_with_coords,spatial,True,0,0.20822533820626152,-112502.967446529,6800471.69931174
190,1515,Coeranoscincus reticulatus,Logistic_single_with_coords,spatial,True,1,0.1780169023030896,-112492.387376251,6800271.63658075
191,1523,Coeranoscincus reticulatus,Logistic_single_with_coords,spatial,True,1,0.29898568986649443,-152408.241373254,6797645.26465756
192,1531,Coeranoscincus reticulatus,Logistic_single_with_coords,spatial,True,1,0.22327490644499262,-111862.768502251,6799691.91157671
193,1539,Coeranoscincus reticulatus,Logistic_single_with_coords,spatial,True,1,0.3426354203765975,-153796.263664079,6797165.36470106
194,1547,Coeranoscincus reticulatus,Logistic_single_with_coords,spatial,True,1,0.18531923806085188,-113057.133584369,6799439.25721174
195,1555,Coeranoscincus reticulatus,Logistic_single_with_coords,spatial,True,1,0.25849563310329365,-153177.628494992,6796999.50794559
196,1563,Coeranoscincus reticulatus,Logistic_single_with_coords,spatial,True,1,0.19720721597818408,-111841.623750466,6799291.78871934
197,1571,Coeranoscincus reticulatus,Logistic_single_with_coords,spatial,True,0,0.05783566729770523,-31200.4121417062,6802970.7749555
198,1579,Coeranoscincus reticulatus,Logistic_single_with_coords,spatial,True,1,0.15578508759797574,-111757.020588895,6797691.29771726
199,1587,Coeranoscincus reticulatus,Logistic_single_with_coords,spatial,True,1,0.1716401492779597,-111540.073845013,6797301.52655841
200,1595,Coeranoscincus reticulatus,Logistic_single_with_coords,spatial,True,1,0.3822256245609906,-165917.840413128,6794142.17633504
201,1603,Coeranoscincus reticulatus,Logistic_single_with_coords,spatial,True,1,0.1803712763808083,-111724.493680147,6796890.5347694
202,1611,Coeranoscincus reticulatus,Logistic_single_with_coords,spatial,True,1,0.20179257997360805,-111508.34435778,6796701.34390328
203,1619,Coeranoscincus reticulatus,Logistic_single_with_coords,spatial,True,1,0.27645925556125484,-165638.858103626,6792540.33884748
204,1627,Coeranoscincus reticulatus,Logistic_single_with_coords,spatial,True,0,0.2784269406879419,-111628.657553236,6795078.86889821
205,1635,Coeranoscincus reticulatus,Logistic_single_with_coords,spatial,True,0,0.20610079019673438,-111987.574051639,6794257.38010052
206,1643,Coeranoscincus reticulatus,Logistic_single_with_coords,spatial,True,1,0.21204594072275387,-111543.951324666,6793478.37953304
207,1651,Coeranoscincus reticulatus,Logistic_single_with_coords,spatial,True,1,0.23964536682547866,-166932.442763671,6790267.55776097
208,1659,Coeranoscincus reticulatus,Logistic_single_with_coords,spatial,True,0,0.1884589633208558,-113333.176647029,6792982.26555712
209,1667,Coeranoscincus reticulatus,Logistic_single_with_coords,spatial,True,1,0.24285221288798572,-112530.721336831,6793024.84869485
210,1675,Coeranoscincus reticulatus,Logistic_single_with_coords,spatial,True,0,0.2162525621182574,-112129.496210697,6793046.11909854
211,1683,Coeranoscincus reticulatus,Logistic_single_with_coords,spatial,True,1,0.2013756198940449,-164829.821681687,6788558.93776823
212,1691,Coeranoscincus reticulatus,Logistic_single_with_coords,spatial,True,0,0.1868998509286322,-165023.878239824,6788346.91096964
213,1699,Coeranoscincus reticulatus,Logistic_single_with_coords,spatial,True,1,0.1826768989997607,-164391.455012656,6787769.669967
214,1707,Coeranoscincus reticulatus,Logistic_single_with_coords,spatial,True,0,0.17831438478417896,-110822.113763642,6787074.42336939
215,1715,Coeranoscincus reticulatus,Logistic_single_with_coords,spatial,True,0,0.21919492924345857,-110616.719576928,6787085.30761186
216,1723,Coeranoscincus reticulatus,Logistic_single_with_coords,spatial,True,0,0.23626163470918687,-110020.100859829,6787116.90272986
217,1731,Coeranoscincus reticulatus,Logistic_single_with_coords,spatial,True,1,0.24852316198824342,-109413.705304275,6787148.98376259
218,1739,Coeranoscincus reticulatus,Logistic_single_with_coords,spatial,True,0,0.21593783190110502,-110779.695476226,6786274.18349996
219,1747,Coeranoscincus reticulatus,Logistic_single_with_coords,spatial,True,0,0.3084385002042836,-110346.917478988,6785695.25630047
220,1755,Coeranoscincus reticulatus,Logistic_single_with_coords,spatial,True,0,0.182893382428817,-110140.731442662,6785505.55962449
221,1763,Coeranoscincus reticulatus,Logistic_single_with_coords,spatial,True,1,0.30058877579666754,-157491.757049911,6782687.30974027
222,1771,Coeranoscincus reticulatus,Logistic_single_with_coords,spatial,True,0,0.19135314059209454,-109512.656336634,6785126.43261431
223,1779,Coeranoscincus reticulatus,Logistic_single_with_coords,spatial,True,0,0.2510490551763613,-109707.419900115,6784915.50427338
224,1787,Coeranoscincus reticulatus,Logistic_single_with_coords,spatial,True,1,0.2300306286954888,-150843.666641707,6782630.05200801
225,1795,Coeranoscincus reticulatus,Logistic_single_with_coords,spatial,True,1,0.2565738699495669,-157628.595163146,6781474.60411432
226,1803,Coeranoscincus reticulatus,Logistic_single_with_coords,spatial,True,1,0.20712392036488103,-156768.616233883,6780508.50732801
227,1811,Coeranoscincus reticulatus,Logistic_single_with_coords,spatial,True,0,0.23378441926890442,-110619.113371872,6783061.59249324
228,1819,Coeranoscincus reticulatus,Logistic_single_with_coords,spatial,True,0,0.24275710753074037,-108593.63854256,6782767.65906175
229,1827,Coeranoscincus reticulatus,Logistic_single_with_coords,spatial,True,1,0.19770607495189577,-108377.162322395,6782567.34735566
230,1835,Coeranoscincus reticulatus,Logistic_single_with_coords,spatial,True,0,0.1581952197990628,-58637.6336775981,6785100.52209461
231,1843,Coeranoscincus reticulatus,Logistic_single_with_coords,spatial,True,1,0.18028756108528293,-107923.462038802,6781588.26422547
232,1851,Coeranoscincus reticulatus,Logistic_single_with_coords,spatial,True,0,0.1566128666352176,-154268.894705046,6778832.59399199
233,1859,Coeranoscincus reticulatus,Logistic_single_with_coords,spatial,True,1,0.13445241427065105,-151231.119203658,6778380.41797512
234,1867,Coeranoscincus reticulatus,Logistic_single_with_coords,spatial,True,0,0.22750019123800577,-150784.191440288,6777591.42724006
235,1875,Coeranoscincus reticulatus,Logistic_single_with_coords,spatial,True,1,0.15100815285832564,-157053.44484427,6770228.31904544
236,1883,Coeranoscincus reticulatus,Logistic_single_with_coords,spatial,True,1,0.1629108727071346,-157007.529503806,6769427.67794309
237,1891,Coeranoscincus reticulatus,Logistic_single_with_coords,spatial,True,1,0.15776802357331648,-157601.945479142,6769192.74860327
238,1899,Coeranoscincus reticulatus,Logistic_single_with_coords,spatial,True,0,0.12246440594916473,-42631.6013249115,6774856.7836682
239,1907,Coeranoscincus reticulatus,Logistic_single_with_coords,spatial,True,0,0.10705785645696177,-42808.1790068126,6774247.29778187
240,1915,Coeranoscincus reticulatus,Logistic_single_with_coords,spatial,True,0,0.23842948754310253,-90697.5110841577,6771199.36165782
241,1923,Coeranoscincus reticulatus,Logistic_single_with_coords,spatial,True,0,0.24108010635891758,-89886.5465170286,6771040.60297007
242,1931,Coeranoscincus reticulatus,Logistic_single_with_coords,spatial,True,0,0.11118291483320938,-45884.998116622,6771685.40364584
243,1939,Coeranoscincus reticulatus,Logistic_single_with_coords,spatial,True,0,0.11050964921500757,-45846.3441318398,6770874.56187869
244,1947,Coeranoscincus reticulatus,Logistic_single_with_coords,spatial,True,0,0.10984154645013955,-46208.2545646069,6770055.74332879
245,1955,Coeranoscincus reticulatus,Logistic_single_with_coords,spatial,True,0,0.1030140861538176,-42736.9260770733,6769029.74166907
246,1963,Coeranoscincus reticulatus,Logistic_single_with_coords,spatial,True,0,0.07890990401848928,-42727.4414379179,6768829.81362177
247,1971,Coeranoscincus reticulatus,Logistic_single_with_coords,spatial,True,0,0.07919599878915114,-42717.9562631494,6768629.88557173
248,1979,Coeranoscincus reticulatus,Logistic_single_with_coords,spatial,True,0,0.20494548163738877,-139175.743651501,6763098.07298971
249,1987,Coeranoscincus reticulatus,Logistic_single_with_coords,spatial,True,1,0.18811834756881207,-138923.869162796,6762097.27372678
252,2011,Coeranoscincus reticulatus,Logistic_single_with_coords,spatial,True,0,0.09554690307136335,-43112.7372327422,6764592.40958821
254,2027,Coeranoscincus reticulatus,Logistic_single_with_coords,spatial,True,0,0.09640519508388226,-43678.7671977115,6763752.8151483
255,2035,Coeranoscincus reticulatus,Logistic_single_with_coords,spatial,True,0,0.10222810664712374,-47276.750227819,6763369.40347618
106,844,Egernia mcpheei,Logistic_single_with_coords,spatial,True,0,0.03496491876876834,-147293.925634327,6831915.7941736
111,884,Egernia mcpheei,Logistic_single_with_coords,spatial,True,1,0.028359016184999336,-146869.047423431,6831537.755626
122,972,Egernia mcpheei,Logistic_single_with_coords,spatial,True,0,0.010051158381203972,-121930.447488692,6831783.7962185
125,996,Egernia mcpheei,Logistic_single_with_coords,spatial,True,0,0.00914810552329839,-119100.196556909,6831521.23488212
126,1004,Egernia mcpheei,Logistic_single_with_coords,spatial,True,1,0.008056394507009247,-122301.197680874,6831162.17696098
127,1012,Egernia mcpheei,Logistic_single_with_coords,spatial,True,0,0.016741711868805735,-113069.978206809,6831626.51450922
128,1020,Egernia mcpheei,Logistic_single_with_coords,spatial,True,0,0.02440340702920409,-110250.872026258,6831561.92472725
130,1036,Egernia mcpheei,Logistic_single_with_coords,spatial,True,0,0.015609898955900732,-112831.744333792,6830836.54025889
132,1052,Egernia mcpheei,Logistic_single_with_coords,spatial,True,0,0.027471389054016325,-105801.162580743,6831179.93507326
134,1068,Egernia mcpheei,Logistic_single_with_coords,spatial,True,0,0.03330519473229803,-109785.840498241,6830382.55130941
135,1076,Egernia mcpheei,Logistic_single_with_coords,spatial,True,0,0.018571963815996045,-60576.6608829403,6831437.80904093
136,1084,Egernia mcpheei,Logistic_single_with_coords,spatial,True,0,0.007918770020208087,-62745.5415882464,6830732.52392328
137,1092,Egernia mcpheei,Logistic_single_with_coords,spatial,True,0,0.005827486513079617,-59930.1265788042,6830667.09207023
138,1100,Egernia mcpheei,Logistic_single_with_coords,spatial,True,0,0.0437570988105129,-33656.1895879237,6831782.75910205
139,1108,Egernia mcpheei,Logistic_single_with_coords,spatial,True,0,0.027987038386443227,-60097.6324680274,6830057.84195886
140,1116,Egernia mcpheei,Logistic_single_with_coords,spatial,True,0,0.00747054348129935,-59480.1149542754,6829686.55327432
141,1124,Egernia mcpheei,Logistic_single_with_coords,spatial,True,0,0.012268616448103993,-59274.1159834863,6829696.39928037
142,1132,Egernia mcpheei,Logistic_single_with_coords,spatial,True,0,0.015055561907492503,-58470.0105331185,6829534.39062915
143,1140,Egernia mcpheei,Logistic_single_with_coords,spatial,True,0,0.0144624359573349,-58067.8332822076,6829553.57641624
144,1148,Egernia mcpheei,Logistic_single_with_coords,spatial,True,0,0.005531914725712425,-35003.9025977263,6830519.3124224
145,1156,Egernia mcpheei,Logistic_single_with_coords,spatial,True,0,0.029414169825963184,-57852.3087704955,6829363.4472621
146,1164,Egernia mcpheei,Logistic_single_with_coords,spatial,True,0,0.007633504245847725,-34994.2569791634,6830308.29905931
147,1172,Egernia mcpheei,Logistic_single_with_coords,spatial,True,0,0.03903214205874865,-58647.1030221649,6829125.12230747
148,1180,Egernia mcpheei,Logistic_single_with_coords,spatial,True,1,0.02730647304967902,-59039.7148912014,6828905.9612443
149,1188,Egernia mcpheei,Logistic_single_with_coords,spatial,True,0,0.029760304820307424,-58039.2252902132,6828953.72338296
150,1196,Egernia mcpheei,Logistic_single_with_coords,spatial,True,0,0.010337754941791991,-34359.3605187094,6829747.4641776
151,1204,Egernia mcpheei,Logistic_single_with_coords,spatial,True,0,0.010650555650723712,-34751.7720567721,6829518.08321835
152,1212,Egernia mcpheei,Logistic_single_with_coords,spatial,True,0,0.01381466131691121,-34733.497415081,6829118.26913623
153,1220,Egernia mcpheei,Logistic_single_with_coords,spatial,True,0,0.0859870322823597,-56158.084536112,6827640.49763384
154,1228,Egernia mcpheei,Logistic_single_with_coords,spatial,True,0,0.03677518695936992,-56718.2495163478,6826812.23539331
155,1236,Egernia mcpheei,Logistic_single_with_coords,spatial,True,0,0.032488640151886405,-59120.6295586857,6826486.03756181
156,1244,Egernia mcpheei,Logistic_single_with_coords,spatial,True,0,0.02248595342775164,-57101.2660895063,6826393.18209589
157,1252,Egernia mcpheei,Logistic_single_with_coords,spatial,True,0,0.10583036874858338,-57287.8605910979,6826183.88283365
158,1260,Egernia mcpheei,Logistic_single_with_coords,spatial,True,0,0.09173793528880099,-57091.7358988385,6826193.23264818
159,1268,Egernia mcpheei,Logistic_single_with_coords,spatial,True,0,0.10810772320654287,-57278.3264609204,6825983.9330077
160,1276,Egernia mcpheei,Logistic_single_with_coords,spatial,True,0,0.08421330180543224,-57082.2051583753,6825993.28319997
161,1284,Egernia mcpheei,Logistic_single_with_coords,spatial,True,0,0.08415840830353484,-57053.0800449767,6825382.32654951
162,1292,Egernia mcpheei,Logistic_single_with_coords,spatial,True,0,0.04544055881191343,-57436.0274871426,6824963.25226147
163,1300,Egernia mcpheei,Logistic_single_with_coords,spatial,True,0,0.008286848046394115,-118090.3420558,6819503.16714623
164,1308,Egernia mcpheei,Logistic_single_with_coords,spatial,True,0,0.010480598261091044,-31234.0531967666,6823468.59821031
165,1316,Egernia mcpheei,Logistic_single_with_coords,spatial,True,0,0.01524639765488112,-116199.528148125,6817786.39841097
166,1324,Egernia mcpheei,Logistic_single_with_coords,spatial,True,0,0.0056859642159887,-115961.85299911,6817197.07567746
167,1332,Egernia mcpheei,Logistic_single_with_coords,spatial,True,0,0.014574275873842996,-115156.930903262,6817038.96223258
168,1340,Egernia mcpheei,Logistic_single_with_coords,spatial,True,0,0.03690565439790651,-114320.555073989,6816470.06822849
169,1348,Egernia mcpheei,Logistic_single_with_coords,spatial,True,0,0.011158233767399392,-108876.433782581,6816343.47520397
170,1356,Egernia mcpheei,Logistic_single_with_coords,spatial,True,0,0.007992755819681282,-109030.042605492,6815332.43919622
171,1364,Egernia mcpheei,Logistic_single_with_coords,spatial,True,0,0.010691548907140719,-27097.7448967228,6813229.19629307
172,1372,Egernia mcpheei,Logistic_single_with_coords,spatial,True,0,0.006206565462676245,-148834.228828815,6806479.17622519
173,1380,Egernia mcpheei,Logistic_single_with_coords,spatial,True,0,0.008595402245537563,-26864.9515665186,6812638.8314962
174,1388,Egernia mcpheei,Logistic_single_with_coords,spatial,True,0,0.01049361713717687,-144171.518832433,6805913.46294023
175,1396,Egernia mcpheei,Logistic_single_with_coords,spatial,True,0,0.0208174588911955,-26614.0603685924,6811648.67695057
176,1404,Egernia mcpheei,Logistic_single_with_coords,spatial,True,0,0.006220593019397797,-146353.923264982,6805201.04834351
177,1412,Egernia mcpheei,Logistic_single_with_coords,spatial,True,0,0.022586622706756525,-26577.824176917,6810849.10035356
178,1420,Egernia mcpheei,Logistic_single_with_coords,spatial,True,0,0.015853457605420816,-152179.201074767,6801082.64226836
179,1428,Egernia mcpheei,Logistic_single_with_coords,spatial,True,0,0.005154630344339499,-158380.85988069,6800363.84186606
180,1436,Egernia mcpheei,Logistic_single_with_coords,spatial,True,0,0.010644857025973696,-29780.9705356891,6806663.75964171
181,1444,Egernia mcpheei,Logistic_single_with_coords,spatial,True,0,0.010483228478117498,-29379.7381757025,6806682.07694802
182,1452,Egernia mcpheei,Logistic_single_with_coords,spatial,True,0,0.010055193799256302,-155726.191227112,6799488.07056547
183,1460,Egernia mcpheei,Logistic_single_with_coords,spatial,True,0,0.010465320375974137,-29520.6964365395,6805473.74302288
184,1468,Egernia mcpheei,Logistic_single_with_coords,spatial,True,0,0.010584743838806188,-28317.1316235074,6805528.64452115
185,1476,Egernia mcpheei,Logistic_single_with_coords,spatial,True,0,0.010404988569223192,-154680.904774922,6798732.86570032
186,1484,Egernia mcpheei,Logistic_single_with_coords,spatial,True,0,0.010506402998276286,-29502.4373697368,6805073.94284487
187,1492,Egernia mcpheei,Logistic_single_with_coords,spatial,True,0,0.008716098642717262,-153649.192596345,6798389.56853004
188,1500,Egernia mcpheei,Logistic_single_with_coords,spatial,True,0,0.010090501290320778,-154245.287601219,6798155.10832232
189,1508,Egernia mcpheei,Logistic_single_with_coords,spatial,True,0,0.03267414633650207,-112502.967446529,6800471.69931174
190,1516,Egernia mcpheei,Logistic_single_with_coords,spatial,True,0,0.04205104189292097,-112492.387376251,6800271.63658075
191,1524,Egernia mcpheei,Logistic_single_with_coords,spatial,True,0,0.010341692983622482,-152408.241373254,6797645.26465756
192,1532,Egernia mcpheei,Logistic_single_with_coords,spatial,True,0,0.03664597205500873,-111862.768502251,6799691.91157671
193,1540,Egernia mcpheei,Logistic_single_with_coords,spatial,True,0,0.011091027892996867,-153796.263664079,6797165.36470106
194,1548,Egernia mcpheei,Logistic_single_with_coords,spatial,True,0,0.040181333452953855,-113057.133584369,6799439.25721174
195,1556,Egernia mcpheei,Logistic_single_with_coords,spatial,True,0,0.01438464112290535,-153177.628494992,6796999.50794559
196,1564,Egernia mcpheei,Logistic_single_with_coords,spatial,True,1,0.034054911165652194,-111841.623750466,6799291.78871934
197,1572,Egernia mcpheei,Logistic_single_with_coords,spatial,True,0,0.007587896725414476,-31200.4121417062,6802970.7749555
198,1580,Egernia mcpheei,Logistic_single_with_coords,spatial,True,0,0.023449111179422062,-111757.020588895,6797691.29771726
199,1588,Egernia mcpheei,Logistic_single_with_coords,spatial,True,1,0.05500177001696026,-111540.073845013,6797301.52655841
200,1596,Egernia mcpheei,Logistic_single_with_coords,spatial,True,0,0.004023950922175091,-165917.840413128,6794142.17633504
201,1604,Egernia mcpheei,Logistic_single_with_coords,spatial,True,0,0.05465228360621504,-111724.493680147,6796890.5347694
202,1612,Egernia mcpheei,Logistic_single_with_coords,spatial,True,0,0.043341860188311876,-111508.34435778,6796701.34390328
203,1620,Egernia mcpheei,Logistic_single_with_coords,spatial,True,0,0.0030709352057920756,-165638.858103626,6792540.33884748
204,1628,Egernia mcpheei,Logistic_single_with_coords,spatial,True,0,0.013197134542024916,-111628.657553236,6795078.86889821
205,1636,Egernia mcpheei,Logistic_single_with_coords,spatial,True,0,0.010182890104530723,-111987.574051639,6794257.38010052
206,1644,Egernia mcpheei,Logistic_single_with_coords,spatial,True,0,0.009341694440144209,-111543.951324666,6793478.37953304
207,1652,Egernia mcpheei,Logistic_single_with_coords,spatial,True,0,0.0037126952772978195,-166932.442763671,6790267.55776097
208,1660,Egernia mcpheei,Logistic_single_with_coords,spatial,True,0,0.011900147025044697,-113333.176647029,6792982.26555712
209,1668,Egernia mcpheei,Logistic_single_with_coords,spatial,True,0,0.007398559503107752,-112530.721336831,6793024.84869485
210,1676,Egernia mcpheei,Logistic_single_with_coords,spatial,True,0,0.011098840905215181,-112129.496210697,6793046.11909854
211,1684,Egernia mcpheei,Logistic_single_with_coords,spatial,True,0,0.003659350369737211,-164829.821681687,6788558.93776823
212,1692,Egernia mcpheei,Logistic_single_with_coords,spatial,True,0,0.003924877406781066,-165023.878239824,6788346.91096964
213,1700,Egernia mcpheei,Logistic_single_with_coords,spatial,True,0,0.00420287985115221,-164391.455012656,6787769.669967
214,1708,Egernia mcpheei,Logistic_single_with_coords,spatial,True,0,0.0044655847408022155,-110822.113763642,6787074.42336939
215,1716,Egernia mcpheei,Logistic_single_with_coords,spatial,True,0,0.02055032145212333,-110616.719576928,6787085.30761186
216,1724,Egernia mcpheei,Logistic_single_with_coords,spatial,True,0,0.023138792794026534,-110020.100859829,6787116.90272986
217,1732,Egernia mcpheei,Logistic_single_with_coords,spatial,True,0,0.015983939847053513,-109413.705304275,6787148.98376259
218,1740,Egernia mcpheei,Logistic_single_with_coords,spatial,True,0,0.005612646236383974,-110779.695476226,6786274.18349996
219,1748,Egernia mcpheei,Logistic_single_with_coords,spatial,True,0,0.011731853427691664,-110346.917478988,6785695.25630047
220,1756,Egernia mcpheei,Logistic_single_with_coords,spatial,True,1,0.0052081374010732795,-110140.731442662,6785505.55962449
221,1764,Egernia mcpheei,Logistic_single_with_coords,spatial,True,0,0.006342595785517766,-157491.757049911,6782687.30974027
222,1772,Egernia mcpheei,Logistic_single_with_coords,spatial,True,0,0.03874576559877974,-109512.656336634,6785126.43261431
223,1780,Egernia mcpheei,Logistic_single_with_coords,spatial,True,0,0.016293485147501337,-109707.419900115,6784915.50427338
224,1788,Egernia mcpheei,Logistic_single_with_coords,spatial,True,0,0.009680365117269923,-150843.666641707,6782630.05200801
225,1796,Egernia mcpheei,Logistic_single_with_coords,spatial,True,0,0.006086348437724043,-157628.595163146,6781474.60411432
226,1804,Egernia mcpheei,Logistic_single_with_coords,spatial,True,0,0.007656844619188864,-156768.616233883,6780508.50732801
227,1812,Egernia mcpheei,Logistic_single_with_coords,spatial,True,0,0.00991071619759049,-110619.113371872,6783061.59249324
228,1820,Egernia mcpheei,Logistic_single_with_coords,spatial,True,0,0.008340117956334383,-108593.63854256,6782767.65906175
229,1828,Egernia mcpheei,Logistic_single_with_coords,spatial,True,0,0.01236181938799316,-108377.162322395,6782567.34735566
230,1836,Egernia mcpheei,Logistic_single_with_coords,spatial,True,0,0.04745192227359422,-58637.6336775981,6785100.52209461
231,1844,Egernia mcpheei,Logistic_single_with_coords,spatial,True,0,0.01217845498024267,-107923.462038802,6781588.26422547
232,1852,Egernia mcpheei,Logistic_single_with_coords,spatial,True,0,0.007744736013333502,-154268.894705046,6778832.59399199
233,1860,Egernia mcpheei,Logistic_single_with_coords,spatial,True,0,0.005618639831341866,-151231.119203658,6778380.41797512
234,1868,Egernia mcpheei,Logistic_single_with_coords,spatial,True,0,0.006855621746997739,-150784.191440288,6777591.42724006
235,1876,Egernia mcpheei,Logistic_single_with_coords,spatial,True,0,0.0037295333922371435,-157053.44484427,6770228.31904544
236,1884,Egernia mcpheei,Logistic_single_with_coords,spatial,True,0,0.003743678888008595,-157007.529503806,6769427.67794309
237,1892,Egernia mcpheei,Logistic_single_with_coords,spatial,True,0,0.00485032133367039,-157601.945479142,6769192.74860327
238,1900,Egernia mcpheei,Logistic_single_with_coords,spatial,True,0,0.014693937146152513,-42631.6013249115,6774856.7836682
239,1908,Egernia mcpheei,Logistic_single_with_coords,spatial,True,0,0.013379161386578353,-42808.1790068126,6774247.29778187
240,1916,Egernia mcpheei,Logistic_single_with_coords,spatial,True,0,0.010495201088140373,-90697.5110841577,6771199.36165782
241,1924,Egernia mcpheei,Logistic_single_with_coords,spatial,True,0,0.010374755894485757,-89886.5465170286,6771040.60297007
242,1932,Egernia mcpheei,Logistic_single_with_coords,spatial,True,0,0.013515674050657605,-45884.998116622,6771685.40364584
243,1940,Egernia mcpheei,Logistic_single_with_coords,spatial,True,0,0.013263922851438624,-45846.3441318398,6770874.56187869
244,1948,Egernia mcpheei,Logistic_single_with_coords,spatial,True,0,0.013450762001542726,-46208.2545646069,6770055.74332879
245,1956,Egernia mcpheei,Logistic_single_with_coords,spatial,True,0,0.012699804957467637,-42736.9260770733,6769029.74166907
246,1964,Egernia mcpheei,Logistic_single_with_coords,spatial,True,0,0.009877489074468993,-42727.4414379179,6768829.81362177
247,1972,Egernia mcpheei,Logistic_single_with_coords,spatial,True,0,0.009715486190191424,-42717.9562631494,6768629.88557173
248,1980,Egernia mcpheei,Logistic_single_with_coords,spatial,True,0,0.012024226074995637,-139175.743651501,6763098.07298971
249,1988,Egernia mcpheei,Logistic_single_with_coords,spatial,True,0,0.009648536966179153,-138923.869162796,6762097.27372678
252,2012,Egernia mcpheei,Logistic_single_with_coords,spatial,True,0,0.012854211728795181,-43112.7372327422,6764592.40958821
254,2028,Egernia mcpheei,Logistic_single_with_coords,spatial,True,0,0.013261562245065478,-43678.7671977115,6763752.8151483
255,2036,Egernia mcpheei,Logistic_single_with_coords,spatial,True,0,0.011952129059490061,-47276.750227819,6763369.40347618
106,845,Eulamprus murrayi,Logistic_single_with_coords,spatial,True,0,0.005831818257322636,-147293.925634327,6831915.7941736
111,885,Eulamprus murrayi,Logistic_single_with_coords,spatial,True,0,0.005875460961395668,-146869.047423431,6831537.755626
122,973,Eulamprus murrayi,Logistic_single_with_coords,spatial,True,0,0.006018086101907713,-121930.447488692,6831783.7962185
125,997,Eulamprus murrayi,Logistic_single_with_coords,spatial,True,0,0.005995489125498774,-119100.196556909,6831521.23488212
126,1005,Eulamprus murrayi,Logistic_single_with_coords,spatial,True,0,0.005945827138763113,-122301.197680874,6831162.17696098
127,1013,Eulamprus murrayi,Logistic_single_with_coords,spatial,True,0,0.006055791293856491,-113069.978206809,6831626.51450922
128,1021,Eulamprus murrayi,Logistic_single_with_coords,spatial,True,0,0.006199213043503874,-110250.872026258,6831561.92472725
130,1037,Eulamprus murrayi,Logistic_single_with_coords,spatial,True,0,0.006070992696221113,-112831.744333792,6830836.54025889
132,1053,Eulamprus murrayi,Logistic_single_with_coords,spatial,True,0,0.00567894800378571,-105801.162580743,6831179.93507326
134,1069,Eulamprus murrayi,Logistic_single_with_coords,spatial,True,0,0.005567310326322478,-109785.840498241,6830382.55130941
135,1077,Eulamprus murrayi,Logistic_single_with_coords,spatial,True,0,0.005622053685808298,-60576.6608829403,6831437.80904093
136,1085,Eulamprus murrayi,Logistic_single_with_coords,spatial,True,0,0.00548664824854281,-62745.5415882464,6830732.52392328
137,1093,Eulamprus murrayi,Logistic_single_with_coords,spatial,True,0,0.005816095762064587,-59930.1265788042,6830667.09207023
138,1101,Eulamprus murrayi,Logistic_single_with_coords,spatial,True,0,0.005654233511765203,-33656.1895879237,6831782.75910205
139,1109,Eulamprus murrayi,Logistic_single_with_coords,spatial,True,0,0.005611234361152748,-60097.6324680274,6830057.84195886
140,1117,Eulamprus murrayi,Logistic_single_with_coords,spatial,True,0,0.005798135486756908,-59480.1149542754,6829686.55327432
141,1125,Eulamprus murrayi,Logistic_single_with_coords,spatial,True,0,0.00578557077338788,-59274.1159834863,6829696.39928037
142,1133,Eulamprus murrayi,Logistic_single_with_coords,spatial,True,0,0.005438382924320946,-58470.0105331185,6829534.39062915
143,1141,Eulamprus murrayi,Logistic_single_with_coords,spatial,True,0,0.005314682855999889,-58067.8332822076,6829553.57641624
144,1149,Eulamprus murrayi,Logistic_single_with_coords,spatial,True,0,0.005607889146493174,-35003.9025977263,6830519.3124224
145,1157,Eulamprus murrayi,Logistic_single_with_coords,spatial,True,0,0.0054179936651731035,-57852.3087704955,6829363.4472621
146,1165,Eulamprus murrayi,Logistic_single_with_coords,spatial,True,0,0.005626170634364544,-34994.2569791634,6830308.29905931
147,1173,Eulamprus murrayi,Logistic_single_with_coords,spatial,True,0,0.00546883676536658,-58647.1030221649,6829125.12230747
148,1181,Eulamprus murrayi,Logistic_single_with_coords,spatial,True,0,0.005480070332192872,-59039.7148912014,6828905.9612443
149,1189,Eulamprus murrayi,Logistic_single_with_coords,spatial,True,0,0.0055851972730240965,-58039.2252902132,6828953.72338296
150,1197,Eulamprus murrayi,Logistic_single_with_coords,spatial,True,0,0.005628603602510726,-34359.3605187094,6829747.4641776
151,1205,Eulamprus murrayi,Logistic_single_with_coords,spatial,True,0,0.0056306149682190205,-34751.7720567721,6829518.08321835
152,1213,Eulamprus murrayi,Logistic_single_with_coords,spatial,True,0,0.005799094965088063,-34733.497415081,6829118.26913623
153,1221,Eulamprus murrayi,Logistic_single_with_coords,spatial,True,0,0.005461807596005682,-56158.084536112,6827640.49763384
154,1229,Eulamprus murrayi,Logistic_single_with_coords,spatial,True,0,0.005455499686621409,-56718.2495163478,6826812.23539331
155,1237,Eulamprus murrayi,Logistic_single_with_coords,spatial,True,0,0.005572850238173596,-59120.6295586857,6826486.03756181
156,1245,Eulamprus murrayi,Logistic_single_with_coords,spatial,True,0,0.0058530263029552545,-57101.2660895063,6826393.18209589
157,1253,Eulamprus murrayi,Logistic_single_with_coords,spatial,True,0,0.0054615828824945145,-57287.8605910979,6826183.88283365
158,1261,Eulamprus murrayi,Logistic_single_with_coords,spatial,True,0,0.0054522227454828305,-57091.7358988385,6826193.23264818
159,1269,Eulamprus murrayi,Logistic_single_with_coords,spatial,True,0,0.005504024505335652,-57278.3264609204,6825983.9330077
160,1277,Eulamprus murrayi,Logistic_single_with_coords,spatial,True,0,0.005481653380975593,-57082.2051583753,6825993.28319997
161,1285,Eulamprus murrayi,Logistic_single_with_coords,spatial,True,0,0.00547373211684753,-57053.0800449767,6825382.32654951
162,1293,Eulamprus murrayi,Logistic_single_with_coords,spatial,True,0,0.005403887158805882,-57436.0274871426,6824963.25226147
163,1301,Eulamprus murrayi,Logistic_single_with_coords,spatial,True,0,0.005901799633384491,-118090.3420558,6819503.16714623
164,1309,Eulamprus murrayi,Logistic_single_with_coords,spatial,True,0,0.005624930349252403,-31234.0531967666,6823468.59821031
165,1317,Eulamprus murrayi,Logistic_single_with_coords,spatial,True,0,0.00604457916186496,-116199.528148125,6817786.39841097
166,1325,Eulamprus murrayi,Logistic_single_with_coords,spatial,True,0,0.0060525398723832455,-115961.85299911,6817197.07567746
167,1333,Eulamprus murrayi,Logistic_single_with_coords,spatial,True,0,0.005893545215979239,-115156.930903262,6817038.96223258
168,1341,Eulamprus murrayi,Logistic_single_with_coords,spatial,True,0,0.005612585655731595,-114320.555073989,6816470.06822849
169,1349,Eulamprus murrayi,Logistic_single_with_coords,spatial,True,0,0.006074309154368737,-108876.433782581,6816343.47520397
170,1357,Eulamprus murrayi,Logistic_single_with_coords,spatial,True,0,0.006008046043033457,-109030.042605492,6815332.43919622
171,1365,Eulamprus murrayi,Logistic_single_with_coords,spatial,True,0,0.005618857370807402,-27097.7448967228,6813229.19629307
172,1373,Eulamprus murrayi,Logistic_single_with_coords,spatial,True,0,0.006192370712835791,-148834.228828815,6806479.17622519
173,1381,Eulamprus murrayi,Logistic_single_with_coords,spatial,True,0,0.00574225794103292,-26864.9515665186,6812638.8314962
174,1389,Eulamprus murrayi,Logistic_single_with_coords,spatial,True,0,0.0061784378814892914,-144171.518832433,6805913.46294023
175,1397,Eulamprus murrayi,Logistic_single_with_coords,spatial,True,0,0.005909191767013693,-26614.0603685924,6811648.67695057
176,1405,Eulamprus murrayi,Logistic_single_with_coords,spatial,True,0,0.006172433830670927,-146353.923264982,6805201.04834351
177,1413,Eulamprus murrayi,Logistic_single_with_coords,spatial,True,0,0.005930227924461339,-26577.824176917,6810849.10035356
178,1421,Eulamprus murrayi,Logistic_single_with_coords,spatial,True,0,0.006216759478538825,-152179.201074767,6801082.64226836
179,1429,Eulamprus murrayi,Logistic_single_with_coords,spatial,True,0,0.0061793856549408775,-158380.85988069,6800363.84186606
180,1437,Eulamprus murrayi,Logistic_single_with_coords,spatial,True,0,0.005663961861152739,-29780.9705356891,6806663.75964171
181,1445,Eulamprus murrayi,Logistic_single_with_coords,spatial,True,0,0.0056621513178817815,-29379.7381757025,6806682.07694802
182,1453,Eulamprus murrayi,Logistic_single_with_coords,spatial,True,0,0.006107925731031092,-155726.191227112,6799488.07056547
183,1461,Eulamprus murrayi,Logistic_single_with_coords,spatial,True,0,0.005650546869717839,-29520.6964365395,6805473.74302288
184,1469,Eulamprus murrayi,Logistic_single_with_coords,spatial,True,0,0.005667297876488501,-28317.1316235074,6805528.64452115
185,1477,Eulamprus murrayi,Logistic_single_with_coords,spatial,True,0,0.006157327711274398,-154680.904774922,6798732.86570032
186,1485,Eulamprus murrayi,Logistic_single_with_coords,spatial,True,0,0.005665664644723093,-29502.4373697368,6805073.94284487
187,1493,Eulamprus murrayi,Logistic_single_with_coords,spatial,True,0,0.0060995948505311775,-153649.192596345,6798389.56853004
188,1501,Eulamprus murrayi,Logistic_single_with_coords,spatial,True,0,0.006211160271161167,-154245.287601219,6798155.10832232
189,1509,Eulamprus murrayi,Logistic_single_with_coords,spatial,True,0,0.00562544218533339,-112502.967446529,6800471.69931174
190,1517,Eulamprus murrayi,Logistic_single_with_coords,spatial,True,0,0.005611944876189269,-112492.387376251,6800271.63658075
191,1525,Eulamprus murrayi,Logistic_single_with_coords,spatial,True,0,0.006098408564430941,-152408.241373254,6797645.26465756
192,1533,Eulamprus murrayi,Logistic_single_with_coords,spatial,True,0,0.005705028159102924,-111862.768502251,6799691.91157671
193,1541,Eulamprus murrayi,Logistic_single_with_coords,spatial,True,0,0.006173984023224914,-153796.263664079,6797165.36470106
194,1549,Eulamprus murrayi,Logistic_single_with_coords,spatial,True,0,0.005623537514252726,-113057.133584369,6799439.25721174
195,1557,Eulamprus murrayi,Logistic_single_with_coords,spatial,True,0,0.006072742880696256,-153177.628494992,6796999.50794559
196,1565,Eulamprus murrayi,Logistic_single_with_coords,spatial,True,0,0.005612097701872683,-111841.623750466,6799291.78871934
197,1573,Eulamprus murrayi,Logistic_single_with_coords,spatial,True,0,0.005651224457833293,-31200.4121417062,6802970.7749555
198,1581,Eulamprus murrayi,Logistic_single_with_coords,spatial,True,0,0.00556303640830286,-111757.020588895,6797691.29771726
199,1589,Eulamprus murrayi,Logistic_single_with_coords,spatial,True,0,0.005653347065854528,-111540.073845013,6797301.52655841
200,1597,Eulamprus murrayi,Logistic_single_with_coords,spatial,True,0,0.006299295956380607,-165917.840413128,6794142.17633504
201,1605,Eulamprus murrayi,Logistic_single_with_coords,spatial,True,0,0.005660032822651217,-111724.493680147,6796890.5347694
202,1613,Eulamprus murrayi,Logistic_single_with_coords,spatial,True,0,0.005649355246726245,-111508.34435778,6796701.34390328
203,1621,Eulamprus murrayi,Logistic_single_with_coords,spatial,True,0,0.006155936521691855,-165638.858103626,6792540.33884748
204,1629,Eulamprus murrayi,Logistic_single_with_coords,spatial,True,0,0.006135727994771328,-111628.657553236,6795078.86889821
205,1637,Eulamprus murrayi,Logistic_single_with_coords,spatial,True,0,0.0060557459673646254,-111987.574051639,6794257.38010052
206,1645,Eulamprus murrayi,Logistic_single_with_coords,spatial,True,0,0.0060385504721463135,-111543.951324666,6793478.37953304
207,1653,Eulamprus murrayi,Logistic_single_with_coords,spatial,True,0,0.006152036691338718,-166932.442763671,6790267.55776097
208,1661,Eulamprus murrayi,Logistic_single_with_coords,spatial,True,0,0.006040435948765519,-113333.176647029,6792982.26555712
209,1669,Eulamprus murrayi,Logistic_single_with_coords,spatial,True,0,0.006056198766603445,-112530.721336831,6793024.84869485
210,1677,Eulamprus murrayi,Logistic_single_with_coords,spatial,True,0,0.006091774488104757,-112129.496210697,6793046.11909854
211,1685,Eulamprus murrayi,Logistic_single_with_coords,spatial,True,0,0.006061841673222105,-164829.821681687,6788558.93776823
212,1693,Eulamprus murrayi,Logistic_single_with_coords,spatial,True,0,0.006047799539139401,-165023.878239824,6788346.91096964
213,1701,Eulamprus murrayi,Logistic_single_with_coords,spatial,True,0,0.006056655665758646,-164391.455012656,6787769.669967
214,1709,Eulamprus murrayi,Logistic_single_with_coords,spatial,True,0,0.005936721280407815,-110822.113763642,6787074.42336939
215,1717,Eulamprus murrayi,Logistic_single_with_coords,spatial,True,0,0.006105116158846502,-110616.719576928,6787085.30761186
216,1725,Eulamprus murrayi,Logistic_single_with_coords,spatial,True,0,0.006170821905171537,-110020.100859829,6787116.90272986
217,1733,Eulamprus murrayi,Logistic_single_with_coords,spatial,True,0,0.006075936155155525,-109413.705304275,6787148.98376259
218,1741,Eulamprus murrayi,Logistic_single_with_coords,spatial,True,0,0.006139614732845365,-110779.695476226,6786274.18349996
219,1749,Eulamprus murrayi,Logistic_single_with_coords,spatial,True,0,0.006198885933143938,-110346.917478988,6785695.25630047
220,1757,Eulamprus murrayi,Logistic_single_with_coords,spatial,True,0,0.006025520636256491,-110140.731442662,6785505.55962449
221,1765,Eulamprus murrayi,Logistic_single_with_coords,spatial,True,0,0.006016973518976144,-157491.757049911,6782687.30974027
222,1773,Eulamprus murrayi,Logistic_single_with_coords,spatial,True,0,0.005753533836832164,-109512.656336634,6785126.43261431
223,1781,Eulamprus murrayi,Logistic_single_with_coords,spatial,True,0,0.005676679828397503,-109707.419900115,6784915.50427338
224,1789,Eulamprus murrayi,Logistic_single_with_coords,spatial,True,0,0.006023405975921604,-150843.666641707,6782630.05200801
225,1797,Eulamprus murrayi,Logistic_single_with_coords,spatial,True,0,0.006085184793998292,-157628.595163146,6781474.60411432
226,1805,Eulamprus murrayi,Logistic_single_with_coords,spatial,True,0,0.006055927788389694,-156768.616233883,6780508.50732801
227,1813,Eulamprus murrayi,Logistic_single_with_coords,spatial,True,0,0.005953789302709407,-110619.113371872,6783061.59249324
228,1821,Eulamprus murrayi,Logistic_single_with_coords,spatial,True,0,0.006120038650610459,-108593.63854256,6782767.65906175
229,1829,Eulamprus murrayi,Logistic_single_with_coords,spatial,True,0,0.00608325300717854,-108377.162322395,6782567.34735566
230,1837,Eulamprus murrayi,Logistic_single_with_coords,spatial,True,0,0.005675677253507241,-58637.6336775981,6785100.52209461
231,1845,Eulamprus murrayi,Logistic_single_with_coords,spatial,True,0,0.006018868125219237,-107923.462038802,6781588.26422547
232,1853,Eulamprus murrayi,Logistic_single_with_coords,spatial,True,0,0.005962519246829864,-154268.894705046,6778832.59399199
233,1861,Eulamprus murrayi,Logistic_single_with_coords,spatial,True,0,0.005870380759273622,-151231.119203658,6778380.41797512
234,1869,Eulamprus murrayi,Logistic_single_with_coords,spatial,True,0,0.006010133799013973,-150784.191440288,6777591.42724006
235,1877,Eulamprus murrayi,Logistic_single_with_coords,spatial,True,0,0.005990594128355772,-157053.44484427,6770228.31904544
236,1885,Eulamprus murrayi,Logistic_single_with_coords,spatial,True,0,0.006035180207391855,-157007.529503806,6769427.67794309
237,1893,Eulamprus murrayi,Logistic_single_with_coords,spatial,True,0,0.006068448662593562,-157601.945479142,6769192.74860327
238,1901,Eulamprus murrayi,Logistic_single_with_coords,spatial,True,0,0.005841804261661232,-42631.6013249115,6774856.7836682
239,1909,Eulamprus murrayi,Logistic_single_with_coords,spatial,True,0,0.005737071338459201,-42808.1790068126,6774247.29778187
240,1917,Eulamprus murrayi,Logistic_single_with_coords,spatial,True,0,0.006099890421845808,-90697.5110841577,6771199.36165782
241,1925,Eulamprus murrayi,Logistic_single_with_coords,spatial,True,0,0.00609983932677104,-89886.5465170286,6771040.60297007
242,1933,Eulamprus murrayi,Logistic_single_with_coords,spatial,True,0,0.005757466486257998,-45884.998116622,6771685.40364584
243,1941,Eulamprus murrayi,Logistic_single_with_coords,spatial,True,0,0.00575481435516813,-45846.3441318398,6770874.56187869
244,1949,Eulamprus murrayi,Logistic_single_with_coords,spatial,True,0,0.0057563479098727225,-46208.2545646069,6770055.74332879
245,1957,Eulamprus murrayi,Logistic_single_with_coords,spatial,True,0,0.0057272684761449765,-42736.9260770733,6769029.74166907
246,1965,Eulamprus murrayi,Logistic_single_with_coords,spatial,True,0,0.005714595389070559,-42727.4414379179,6768829.81362177
247,1973,Eulamprus murrayi,Logistic_single_with_coords,spatial,True,0,0.005713209922236677,-42717.9562631494,6768629.88557173
248,1981,Eulamprus murrayi,Logistic_single_with_coords,spatial,True,0,0.006099691325851446,-139175.743651501,6763098.07298971
249,1989,Eulamprus murrayi,Logistic_single_with_coords,spatial,True,0,0.00599111707062347,-138923.869162796,6762097.27372678
252,2013,Eulamprus murrayi,Logistic_single_with_coords,spatial,True,0,0.005732057747384617,-43112.7372327422,6764592.40958821
254,2029,Eulamprus murrayi,Logistic_single_with_coords,spatial,True,0,0.005749580011220794,-43678.7671977115,6763752.8151483
255,2037,Eulamprus murrayi,Logistic_single_with_coords,spatial,True,0,0.00591174215759675,-47276.750227819,6763369.40347618
106,846,Ophioscincus truncatus,Logistic_single_with_coords,spatial,True,0,0.1947695127401258,-147293.925634327,6831915.7941736
111,886,Ophioscincus truncatus,Logistic_single_with_coords,spatial,True,0,0.15998086455805788,-146869.047423431,6831537.755626
122,974,Ophioscincus truncatus,Logistic_single_with_coords,spatial,True,1,0.1912676236598443,-121930.447488692,6831783.7962185
125,998,Ophioscincus truncatus,Logistic_single_with_coords,spatial,True,0,0.22955628592090999,-119100.196556909,6831521.23488212
126,1006,Ophioscincus truncatus,Logistic_single_with_coords,spatial,True,0,0.20183090885179922,-122301.197680874,6831162.17696098
127,1014,Ophioscincus truncatus,Logistic_single_with_coords,spatial,True,0,0.28153296802060346,-113069.978206809,6831626.51450922
128,1022,Ophioscincus truncatus,Logistic_single_with_coords,spatial,True,0,0.4430119844419544,-110250.872026258,6831561.92472725
130,1038,Ophioscincus truncatus,Logistic_single_with_coords,spatial,True,0,0.2311168741077358,-112831.744333792,6830836.54025889
132,1054,Ophioscincus truncatus,Logistic_single_with_coords,spatial,True,0,0.2746570444564341,-105801.162580743,6831179.93507326
134,1070,Ophioscincus truncatus,Logistic_single_with_coords,spatial,True,0,0.44264684221104406,-109785.840498241,6830382.55130941
135,1078,Ophioscincus truncatus,Logistic_single_with_coords,spatial,True,1,0.545839929636108,-60576.6608829403,6831437.80904093
136,1086,Ophioscincus truncatus,Logistic_single_with_coords,spatial,True,1,0.3983291704092344,-62745.5415882464,6830732.52392328
137,1094,Ophioscincus truncatus,Logistic_single_with_coords,spatial,True,0,0.14220531610985793,-59930.1265788042,6830667.09207023
138,1102,Ophioscincus truncatus,Logistic_single_with_coords,spatial,True,0,0.23041243975157596,-33656.1895879237,6831782.75910205
139,1110,Ophioscincus truncatus,Logistic_single_with_coords,spatial,True,1,0.27343807084787725,-60097.6324680274,6830057.84195886
140,1118,Ophioscincus truncatus,Logistic_single_with_coords,spatial,True,0,0.38155553496785855,-59480.1149542754,6829686.55327432
141,1126,Ophioscincus truncatus,Logistic_single_with_coords,spatial,True,0,0.32993396906565137,-59274.1159834863,6829696.39928037
142,1134,Ophioscincus truncatus,Logistic_single_with_coords,spatial,True,0,0.28404627544132893,-58470.0105331185,6829534.39062915
143,1142,Ophioscincus truncatus,Logistic_single_with_coords,spatial,True,0,0.3982875059882411,-58067.8332822076,6829553.57641624
144,1150,Ophioscincus truncatus,Logistic_single_with_coords,spatial,True,0,0.17591704479668568,-35003.9025977263,6830519.3124224
145,1158,Ophioscincus truncatus,Logistic_single_with_coords,spatial,True,0,0.5371745412342663,-57852.3087704955,6829363.4472621
146,1166,Ophioscincus truncatus,Logistic_single_with_coords,spatial,True,0,0.15951247159362533,-34994.2569791634,6830308.29905931
147,1174,Ophioscincus truncatus,Logistic_single_with_coords,spatial,True,1,0.5587454699331146,-58647.1030221649,6829125.12230747
148,1182,Ophioscincus truncatus,Logistic_single_with_coords,spatial,True,1,0.5970341599520332,-59039.7148912014,6828905.9612443
149,1190,Ophioscincus truncatus,Logistic_single_with_coords,spatial,True,0,0.5066902845425865,-58039.2252902132,6828953.72338296
150,1198,Ophioscincus truncatus,Logistic_single_with_coords,spatial,True,0,0.14056360664961057,-34359.3605187094,6829747.4641776
151,1206,Ophioscincus truncatus,Logistic_single_with_coords,spatial,True,0,0.1456788497998282,-34751.7720567721,6829518.08321835
152,1214,Ophioscincus truncatus,Logistic_single_with_coords,spatial,True,0,0.22314785695815023,-34733.497415081,6829118.26913623
153,1222,Ophioscincus truncatus,Logistic_single_with_coords,spatial,True,1,0.4643906142054468,-56158.084536112,6827640.49763384
154,1230,Ophioscincus truncatus,Logistic_single_with_coords,spatial,True,1,0.27927406994681203,-56718.2495163478,6826812.23539331
155,1238,Ophioscincus truncatus,Logistic_single_with_coords,spatial,True,0,0.4515231856294801,-59120.6295586857,6826486.03756181
156,1246,Ophioscincus truncatus,Logistic_single_with_coords,spatial,True,0,0.27087979010877,-57101.2660895063,6826393.18209589
157,1254,Ophioscincus truncatus,Logistic_single_with_coords,spatial,True,0,0.440059101276822,-57287.8605910979,6826183.88283365
158,1262,Ophioscincus truncatus,Logistic_single_with_coords,spatial,True,1,0.38851971214911696,-57091.7358988385,6826193.23264818
159,1270,Ophioscincus truncatus,Logistic_single_with_coords,spatial,True,1,0.4555006270368194,-57278.3264609204,6825983.9330077
160,1278,Ophioscincus truncatus,Logistic_single_with_coords,spatial,True,0,0.3828436624273319,-57082.2051583753,6825993.28319997
161,1286,Ophioscincus truncatus,Logistic_single_with_coords,spatial,True,1,0.3636509307780236,-57053.0800449767,6825382.32654951
162,1294,Ophioscincus truncatus,Logistic_single_with_coords,spatial,True,1,0.3952876186798482,-57436.0274871426,6824963.25226147
163,1302,Ophioscincus truncatus,Logistic_single_with_coords,spatial,True,0,0.21324688660770452,-118090.3420558,6819503.16714623
164,1310,Ophioscincus truncatus,Logistic_single_with_coords,spatial,True,0,0.14213001119484273,-31234.0531967666,6823468.59821031
165,1318,Ophioscincus truncatus,Logistic_single_with_coords,spatial,True,0,0.2943976121146355,-116199.528148125,6817786.39841097
166,1326,Ophioscincus truncatus,Logistic_single_with_coords,spatial,True,0,0.1458072287578993,-115961.85299911,6817197.07567746
167,1334,Ophioscincus truncatus,Logistic_single_with_coords,spatial,True,0,0.23952235289512333,-115156.930903262,6817038.96223258
168,1342,Ophioscincus truncatus,Logistic_single_with_coords,spatial,True,0,0.33057342121409,-114320.555073989,6816470.06822849
169,1350,Ophioscincus truncatus,Logistic_single_with_coords,spatial,True,0,0.1550448292763863,-108876.433782581,6816343.47520397
170,1358,Ophioscincus truncatus,Logistic_single_with_coords,spatial,True,0,0.11742806546932934,-109030.042605492,6815332.43919622
171,1366,Ophioscincus truncatus,Logistic_single_with_coords,spatial,True,0,0.14623719169915972,-27097.7448967228,6813229.19629307
172,1374,Ophioscincus truncatus,Logistic_single_with_coords,spatial,True,0,0.12146127906714248,-148834.228828815,6806479.17622519
173,1382,Ophioscincus truncatus,Logistic_single_with_coords,spatial,True,0,0.13035644878656638,-26864.9515665186,6812638.8314962
174,1390,Ophioscincus truncatus,Logistic_single_with_coords,spatial,True,0,0.18669433883950684,-144171.518832433,6805913.46294023
175,1398,Ophioscincus truncatus,Logistic_single_with_coords,spatial,True,0,0.15326039896550753,-26614.0603685924,6811648.67695057
176,1406,Ophioscincus truncatus,Logistic_single_with_coords,spatial,True,0,0.10718732810278424,-146353.923264982,6805201.04834351
177,1414,Ophioscincus truncatus,Logistic_single_with_coords,spatial,True,0,0.16787078111402606,-26577.824176917,6810849.10035356
178,1422,Ophioscincus truncatus,Logistic_single_with_coords,spatial,True,0,0.23173195757997006,-152179.201074767,6801082.64226836
179,1430,Ophioscincus truncatus,Logistic_single_with_coords,spatial,True,0,0.09771122558985634,-158380.85988069,6800363.84186606
180,1438,Ophioscincus truncatus,Logistic_single_with_coords,spatial,True,0,0.13221608084244696,-29780.9705356891,6806663.75964171
181,1446,Ophioscincus truncatus,Logistic_single_with_coords,spatial,True,0,0.13023292915684512,-29379.7381757025,6806682.07694802
182,1454,Ophioscincus truncatus,Logistic_single_with_coords,spatial,True,0,0.20477079192543593,-155726.191227112,6799488.07056547
183,1462,Ophioscincus truncatus,Logistic_single_with_coords,spatial,True,0,0.12682937996322605,-29520.6964365395,6805473.74302288
184,1470,Ophioscincus truncatus,Logistic_single_with_coords,spatial,True,0,0.12639716257127787,-28317.1316235074,6805528.64452115
185,1478,Ophioscincus truncatus,Logistic_single_with_coords,spatial,True,0,0.16691552132335885,-154680.904774922,6798732.86570032
186,1486,Ophioscincus truncatus,Logistic_single_with_coords,spatial,True,0,0.12736791194727717,-29502.4373697368,6805073.94284487
187,1494,Ophioscincus truncatus,Logistic_single_with_coords,spatial,True,0,0.1334905689562884,-153649.192596345,6798389.56853004
188,1502,Ophioscincus truncatus,Logistic_single_with_coords,spatial,True,0,0.15211047982457682,-154245.287601219,6798155.10832232
189,1510,Ophioscincus truncatus,Logistic_single_with_coords,spatial,True,0,0.22027765275785854,-112502.967446529,6800471.69931174
190,1518,Ophioscincus truncatus,Logistic_single_with_coords,spatial,True,0,0.28534544503077186,-112492.387376251,6800271.63658075
191,1526,Ophioscincus truncatus,Logistic_single_with_coords,spatial,True,0,0.15527028219268652,-152408.241373254,6797645.26465756
192,1534,Ophioscincus truncatus,Logistic_single_with_coords,spatial,True,0,0.251733976593128,-111862.768502251,6799691.91157671
193,1542,Ophioscincus truncatus,Logistic_single_with_coords,spatial,True,0,0.14453098784825955,-153796.263664079,6797165.36470106
194,1550,Ophioscincus truncatus,Logistic_single_with_coords,spatial,True,0,0.2738872836870423,-113057.133584369,6799439.25721174
195,1558,Ophioscincus truncatus,Logistic_single_with_coords,spatial,True,0,0.1980608675267591,-153177.628494992,6796999.50794559
196,1566,Ophioscincus truncatus,Logistic_single_with_coords,spatial,True,0,0.23026565298785368,-111841.623750466,6799291.78871934
197,1574,Ophioscincus truncatus,Logistic_single_with_coords,spatial,True,0,0.1376209509376411,-31200.4121417062,6802970.7749555
198,1582,Ophioscincus truncatus,Logistic_single_with_coords,spatial,True,0,0.23432975867998077,-111757.020588895,6797691.29771726
199,1590,Ophioscincus truncatus,Logistic_single_with_coords,spatial,True,0,0.34402761492042294,-111540.073845013,6797301.52655841
200,1598,Ophioscincus truncatus,Logistic_single_with_coords,spatial,True,0,0.13511091440757125,-165917.840413128,6794142.17633504
201,1606,Ophioscincus truncatus,Logistic_single_with_coords,spatial,True,0,0.32985259937924716,-111724.493680147,6796890.5347694
202,1614,Ophioscincus truncatus,Logistic_single_with_coords,spatial,True,0,0.25429156506425504,-111508.34435778,6796701.34390328
203,1622,Ophioscincus truncatus,Logistic_single_with_coords,spatial,True,0,0.1392293687756954,-165638.858103626,6792540.33884748
204,1630,Ophioscincus truncatus,Logistic_single_with_coords,spatial,True,0,0.16846283314518704,-111628.657553236,6795078.86889821
205,1638,Ophioscincus truncatus,Logistic_single_with_coords,spatial,True,0,0.17606630012710608,-111987.574051639,6794257.38010052
206,1646,Ophioscincus truncatus,Logistic_single_with_coords,spatial,True,0,0.1523504853835024,-111543.951324666,6793478.37953304
207,1654,Ophioscincus truncatus,Logistic_single_with_coords,spatial,True,0,0.19574348594716617,-166932.442763671,6790267.55776097
208,1662,Ophioscincus truncatus,Logistic_single_with_coords,spatial,True,0,0.19948841270584478,-113333.176647029,6792982.26555712
209,1670,Ophioscincus truncatus,Logistic_single_with_coords,spatial,True,0,0.11738083017682942,-112530.721336831,6793024.84869485
210,1678,Ophioscincus truncatus,Logistic_single_with_coords,spatial,True,0,0.17335726304922142,-112129.496210697,6793046.11909854
211,1686,Ophioscincus truncatus,Logistic_single_with_coords,spatial,True,0,0.19830877199365812,-164829.821681687,6788558.93776823
212,1694,Ophioscincus truncatus,Logistic_single_with_coords,spatial,True,0,0.21708122279698341,-165023.878239824,6788346.91096964
213,1702,Ophioscincus truncatus,Logistic_single_with_coords,spatial,True,0,0.2223035141865491,-164391.455012656,6787769.669967
214,1710,Ophioscincus truncatus,Logistic_single_with_coords,spatial,True,0,0.11090293461929195,-110822.113763642,6787074.42336939
215,1718,Ophioscincus truncatus,Logistic_single_with_coords,spatial,True,0,0.2301787973157995,-110616.719576928,6787085.30761186
216,1726,Ophioscincus truncatus,Logistic_single_with_coords,spatial,True,0,0.2426119326186138,-110020.100859829,6787116.90272986
217,1734,Ophioscincus truncatus,Logistic_single_with_coords,spatial,True,0,0.14793988844975356,-109413.705304275,6787148.98376259
218,1742,Ophioscincus truncatus,Logistic_single_with_coords,spatial,True,0,0.1650172515029402,-110779.695476226,6786274.18349996
219,1750,Ophioscincus truncatus,Logistic_single_with_coords,spatial,True,0,0.15482336301155303,-110346.917478988,6785695.25630047
220,1758,Ophioscincus truncatus,Logistic_single_with_coords,spatial,True,0,0.14919009784086043,-110140.731442662,6785505.55962449
221,1766,Ophioscincus truncatus,Logistic_single_with_coords,spatial,True,0,0.10425409995565495,-157491.757049911,6782687.30974027
222,1774,Ophioscincus truncatus,Logistic_single_with_coords,spatial,True,0,0.29021849007965544,-109512.656336634,6785126.43261431
223,1782,Ophioscincus truncatus,Logistic_single_with_coords,spatial,True,0,0.11905481167237253,-109707.419900115,6784915.50427338
224,1790,Ophioscincus truncatus,Logistic_single_with_coords,spatial,True,0,0.18097914156715983,-150843.666641707,6782630.05200801
225,1798,Ophioscincus truncatus,Logistic_single_with_coords,spatial,True,0,0.1536266853810555,-157628.595163146,6781474.60411432
226,1806,Ophioscincus truncatus,Logistic_single_with_coords,spatial,True,0,0.21099833862608333,-156768.616233883,6780508.50732801
227,1814,Ophioscincus truncatus,Logistic_single_with_coords,spatial,True,0,0.10581055952099296,-110619.113371872,6783061.59249324
228,1822,Ophioscincus truncatus,Logistic_single_with_coords,spatial,True,0,0.13560529033265914,-108593.63854256,6782767.65906175
229,1830,Ophioscincus truncatus,Logistic_single_with_coords,spatial,True,0,0.18619787849435257,-108377.162322395,6782567.34735566
230,1838,Ophioscincus truncatus,Logistic_single_with_coords,spatial,True,0,0.20012429685925975,-58637.6336775981,6785100.52209461
231,1846,Ophioscincus truncatus,Logistic_single_with_coords,spatial,True,0,0.15641098412636473,-107923.462038802,6781588.26422547
232,1854,Ophioscincus truncatus,Logistic_single_with_coords,spatial,True,0,0.2523115029743466,-154268.894705046,6778832.59399199
233,1862,Ophioscincus truncatus,Logistic_single_with_coords,spatial,True,0,0.2642695826140845,-151231.119203658,6778380.41797512
234,1870,Ophioscincus truncatus,Logistic_single_with_coords,spatial,True,0,0.21189079409753586,-150784.191440288,6777591.42724006
235,1878,Ophioscincus truncatus,Logistic_single_with_coords,spatial,True,0,0.21575870636244027,-157053.44484427,6770228.31904544
236,1886,Ophioscincus truncatus,Logistic_single_with_coords,spatial,True,0,0.22168151754969612,-157007.529503806,6769427.67794309
237,1894,Ophioscincus truncatus,Logistic_single_with_coords,spatial,True,0,0.25860262442701226,-157601.945479142,6769192.74860327
238,1902,Ophioscincus truncatus,Logistic_single_with_coords,spatial,True,0,0.11151341282908533,-42631.6013249115,6774856.7836682
239,1910,Ophioscincus truncatus,Logistic_single_with_coords,spatial,True,0,0.09248755055091515,-42808.1790068126,6774247.29778187
240,1918,Ophioscincus truncatus,Logistic_single_with_coords,spatial,True,0,0.10500676966011976,-90697.5110841577,6771199.36165782
241,1926,Ophioscincus truncatus,Logistic_single_with_coords,spatial,True,0,0.10237962421017965,-89886.5465170286,6771040.60297007
242,1934,Ophioscincus truncatus,Logistic_single_with_coords,spatial,True,0,0.09255312687944871,-45884.998116622,6771685.40364584
243,1942,Ophioscincus truncatus,Logistic_single_with_coords,spatial,True,0,0.09120485314968177,-45846.3441318398,6770874.56187869
244,1950,Ophioscincus truncatus,Logistic_single_with_coords,spatial,True,0,0.0924898743570509,-46208.2545646069,6770055.74332879
245,1958,Ophioscincus truncatus,Logistic_single_with_coords,spatial,True,0,0.09048778630836098,-42736.9260770733,6769029.74166907
246,1966,Ophioscincus truncatus,Logistic_single_with_coords,spatial,True,0,0.10736213424759249,-42727.4414379179,6768829.81362177
247,1974,Ophioscincus truncatus,Logistic_single_with_coords,spatial,True,0,0.10546128767462441,-42717.9562631494,6768629.88557173
248,1982,Ophioscincus truncatus,Logistic_single_with_coords,spatial,True,0,0.24762476624514587,-139175.743651501,6763098.07298971
249,1990,Ophioscincus truncatus,Logistic_single_with_coords,spatial,True,1,0.1969529372194599,-138923.869162796,6762097.27372678
252,2014,Ophioscincus truncatus,Logistic_single_with_coords,spatial,True,0,0.09869027604211689,-43112.7372327422,6764592.40958821
254,2030,Ophioscincus truncatus,Logistic_single_with_coords,spatial,True,0,0.10359741376588913,-43678.7671977115,6763752.8151483
255,2038,Ophioscincus truncatus,Logistic_single_with_coords,spatial,True,0,0.17592128033876325,-47276.750227819,6763369.40347618
106,847,Pseudechis porphyricaus,Logistic_single_with_coords,spatial,True,0,0.0011611487522710032,-147293.925634327,6831915.7941736
111,887,Pseudechis porphyricaus,Logistic_single_with_coords,spatial,True,0,0.0010927057256380048,-146869.047423431,6831537.755626
122,975,Pseudechis porphyricaus,Logistic_single_with_coords,spatial,True,0,0.012667918255330715,-121930.447488692,6831783.7962185
125,999,Pseudechis porphyricaus,Logistic_single_with_coords,spatial,True,0,0.010092039074433946,-119100.196556909,6831521.23488212
126,1007,Pseudechis porphyricaus,Logistic_single_with_coords,spatial,True,0,0.011358286539141836,-122301.197680874,6831162.17696098
127,1015,Pseudechis porphyricaus,Logistic_single_with_coords,spatial,True,0,0.010744489483260075,-113069.978206809,6831626.51450922
128,1023,Pseudechis porphyricaus,Logistic_single_with_coords,spatial,True,0,0.008008009642885677,-110250.872026258,6831561.92472725
130,1039,Pseudechis porphyricaus,Logistic_single_with_coords,spatial,True,0,0.011385857190031917,-112831.744333792,6830836.54025889
132,1055,Pseudechis porphyricaus,Logistic_single_with_coords,spatial,True,0,6.112292100120542e-05,-105801.162580743,6831179.93507326
134,1071,Pseudechis porphyricaus,Logistic_single_with_coords,spatial,True,0,5.972381408257625e-05,-109785.840498241,6830382.55130941
135,1079,Pseudechis porphyricaus,Logistic_single_with_coords,spatial,True,0,8.688650034728569e-05,-60576.6608829403,6831437.80904093
136,1087,Pseudechis porphyricaus,Logistic_single_with_coords,spatial,True,0,8.689978389930081e-05,-62745.5415882464,6830732.52392328
137,1095,Pseudechis porphyricaus,Logistic_single_with_coords,spatial,True,0,0.004277858480036741,-59930.1265788042,6830667.09207023
138,1103,Pseudechis porphyricaus,Logistic_single_with_coords,spatial,True,0,0.00015042809297005288,-33656.1895879237,6831782.75910205
139,1111,Pseudechis porphyricaus,Logistic_single_with_coords,spatial,True,0,0.00019631207812682047,-60097.6324680274,6830057.84195886
140,1119,Pseudechis porphyricaus,Logistic_single_with_coords,spatial,True,0,0.0025560626834330575,-59480.1149542754,6829686.55327432
141,1127,Pseudechis porphyricaus,Logistic_single_with_coords,spatial,True,0,0.004001438438035501,-59274.1159834863,6829696.39928037
142,1135,Pseudechis porphyricaus,Logistic_single_with_coords,spatial,True,0,0.0001583891925580529,-58470.0105331185,6829534.39062915
143,1143,Pseudechis porphyricaus,Logistic_single_with_coords,spatial,True,0,0.0001393916159902528,-58067.8332822076,6829553.57641624
144,1151,Pseudechis porphyricaus,Logistic_single_with_coords,spatial,True,0,0.016310126995211047,-35003.9025977263,6830519.3124224
145,1159,Pseudechis porphyricaus,Logistic_single_with_coords,spatial,True,0,0.00014358771927623436,-57852.3087704955,6829363.4472621
146,1167,Pseudechis porphyricaus,Logistic_single_with_coords,spatial,True,0,0.020692512924679198,-34994.2569791634,6830308.29905931
147,1175,Pseudechis porphyricaus,Logistic_single_with_coords,spatial,True,0,0.000154980636919092,-58647.1030221649,6829125.12230747
148,1183,Pseudechis porphyricaus,Logistic_single_with_coords,spatial,True,0,0.00011409777251024845,-59039.7148912014,6828905.9612443
149,1191,Pseudechis porphyricaus,Logistic_single_with_coords,spatial,True,0,0.00012405969691679366,-58039.2252902132,6828953.72338296
150,1199,Pseudechis porphyricaus,Logistic_single_with_coords,spatial,True,0,0.02645467735111935,-34359.3605187094,6829747.4641776
151,1207,Pseudechis porphyricaus,Logistic_single_with_coords,spatial,True,0,0.026533890511814665,-34751.7720567721,6829518.08321835
152,1215,Pseudechis porphyricaus,Logistic_single_with_coords,spatial,True,0,0.0030321809277661245,-34733.497415081,6829118.26913623
153,1223,Pseudechis porphyricaus,Logistic_single_with_coords,spatial,True,0,4.116860086628241e-05,-56158.084536112,6827640.49763384
154,1231,Pseudechis porphyricaus,Logistic_single_with_coords,spatial,True,0,3.5538746450025886e-05,-56718.2495163478,6826812.23539331
155,1239,Pseudechis porphyricaus,Logistic_single_with_coords,spatial,True,0,0.00014173354625669808,-59120.6295586857,6826486.03756181
156,1247,Pseudechis porphyricaus,Logistic_single_with_coords,spatial,True,0,0.005548793564408656,-57101.2660895063,6826393.18209589
157,1255,Pseudechis porphyricaus,Logistic_single_with_coords,spatial,True,0,4.9629445041863674e-05,-57287.8605910979,6826183.88283365
158,1263,Pseudechis porphyricaus,Logistic_single_with_coords,spatial,True,0,5.0406409556244e-05,-57091.7358988385,6826193.23264818
159,1271,Pseudechis porphyricaus,Logistic_single_with_coords,spatial,True,0,4.6687166660687694e-05,-57278.3264609204,6825983.9330077
160,1279,Pseudechis porphyricaus,Logistic_single_with_coords,spatial,True,0,4.710537538774821e-05,-57082.2051583753,6825993.28319997
161,1287,Pseudechis porphyricaus,Logistic_single_with_coords,spatial,True,0,4.913132901722837e-05,-57053.0800449767,6825382.32654951
162,1295,Pseudechis porphyricaus,Logistic_single_with_coords,spatial,True,0,3.284107981324166e-05,-57436.0274871426,6824963.25226147
163,1303,Pseudechis porphyricaus,Logistic_single_with_coords,spatial,True,0,0.010795273571161095,-118090.3420558,6819503.16714623
164,1311,Pseudechis porphyricaus,Logistic_single_with_coords,spatial,True,0,0.025180541336906587,-31234.0531967666,6823468.59821031
165,1319,Pseudechis porphyricaus,Logistic_single_with_coords,spatial,True,0,0.010775651779536493,-116199.528148125,6817786.39841097
166,1327,Pseudechis porphyricaus,Logistic_single_with_coords,spatial,True,0,0.058713469605847585,-115961.85299911,6817197.07567746
167,1335,Pseudechis porphyricaus,Logistic_single_with_coords,spatial,True,0,0.013503394850471898,-115156.930903262,6817038.96223258
168,1343,Pseudechis porphyricaus,Logistic_single_with_coords,spatial,True,0,8.087176018883173e-05,-114320.555073989,6816470.06822849
169,1351,Pseudechis porphyricaus,Logistic_single_with_coords,spatial,True,0,0.010468637125212486,-108876.433782581,6816343.47520397
170,1359,Pseudechis porphyricaus,Logistic_single_with_coords,spatial,True,0,0.010853429958062296,-109030.042605492,6815332.43919622
171,1367,Pseudechis porphyricaus,Logistic_single_with_coords,spatial,True,0,0.023531061541657683,-27097.7448967228,6813229.19629307
172,1375,Pseudechis porphyricaus,Logistic_single_with_coords,spatial,True,0,0.016812607511779803,-148834.228828815,6806479.17622519
173,1383,Pseudechis porphyricaus,Logistic_single_with_coords,spatial,True,0,0.002888705038887826,-26864.9515665186,6812638.8314962
174,1391,Pseudechis porphyricaus,Logistic_single_with_coords,spatial,True,0,0.016407146328801823,-144171.518832433,6805913.46294023
175,1399,Pseudechis porphyricaus,Logistic_single_with_coords,spatial,True,0,0.003897140803340692,-26614.0603685924,6811648.67695057
176,1407,Pseudechis porphyricaus,Logistic_single_with_coords,spatial,True,0,0.017344835398279034,-146353.923264982,6805201.04834351
177,1415,Pseudechis porphyricaus,Logistic_single_with_coords,spatial,True,0,0.00380345409936028,-26577.824176917,6810849.10035356
178,1423,Pseudechis porphyricaus,Logistic_single_with_coords,spatial,True,0,0.02134535170216662,-152179.201074767,6801082.64226836
179,1431,Pseudechis porphyricaus,Logistic_single_with_coords,spatial,True,0,0.021703949826083795,-158380.85988069,6800363.84186606
180,1439,Pseudechis porphyricaus,Logistic_single_with_coords,spatial,True,0,0.024930670690367477,-29780.9705356891,6806663.75964171
181,1447,Pseudechis porphyricaus,Logistic_single_with_coords,spatial,True,0,0.02477561857572089,-29379.7381757025,6806682.07694802
182,1455,Pseudechis porphyricaus,Logistic_single_with_coords,spatial,True,0,0.02149682771787399,-155726.191227112,6799488.07056547
183,1463,Pseudechis porphyricaus,Logistic_single_with_coords,spatial,True,0,0.02547330670346546,-29520.6964365395,6805473.74302288
184,1471,Pseudechis porphyricaus,Logistic_single_with_coords,spatial,True,0,0.0246963447932359,-28317.1316235074,6805528.64452115
185,1479,Pseudechis porphyricaus,Logistic_single_with_coords,spatial,True,0,0.02271052994576812,-154680.904774922,6798732.86570032
186,1487,Pseudechis porphyricaus,Logistic_single_with_coords,spatial,True,0,0.025082999754789285,-29502.4373697368,6805073.94284487
187,1495,Pseudechis porphyricaus,Logistic_single_with_coords,spatial,True,0,0.02396236148423795,-153649.192596345,6798389.56853004
188,1503,Pseudechis porphyricaus,Logistic_single_with_coords,spatial,True,0,0.022074338060738115,-154245.287601219,6798155.10832232
189,1511,Pseudechis porphyricaus,Logistic_single_with_coords,spatial,True,0,9.671371804817166e-05,-112502.967446529,6800471.69931174
190,1519,Pseudechis porphyricaus,Logistic_single_with_coords,spatial,True,0,9.684170586650564e-05,-112492.387376251,6800271.63658075
191,1527,Pseudechis porphyricaus,Logistic_single_with_coords,spatial,True,0,0.023719935274358644,-152408.241373254,6797645.26465756
192,1535,Pseudechis porphyricaus,Logistic_single_with_coords,spatial,True,0,8.662014625676861e-05,-111862.768502251,6799691.91157671
193,1543,Pseudechis porphyricaus,Logistic_single_with_coords,spatial,True,0,0.024326255038328245,-153796.263664079,6797165.36470106
194,1551,Pseudechis porphyricaus,Logistic_single_with_coords,spatial,True,0,9.670318029927615e-05,-113057.133584369,6799439.25721174
195,1559,Pseudechis porphyricaus,Logistic_single_with_coords,spatial,True,0,0.025783215259739745,-153177.628494992,6796999.50794559
196,1567,Pseudechis porphyricaus,Logistic_single_with_coords,spatial,True,0,9.666802422843835e-05,-111841.623750466,6799291.78871934
197,1575,Pseudechis porphyricaus,Logistic_single_with_coords,spatial,True,0,0.020575238879086057,-31200.4121417062,6802970.7749555
198,1583,Pseudechis porphyricaus,Logistic_single_with_coords,spatial,True,0,7.924679026420045e-05,-111757.020588895,6797691.29771726
199,1591,Pseudechis porphyricaus,Logistic_single_with_coords,spatial,True,0,9.390660944062812e-05,-111540.073845013,6797301.52655841
200,1599,Pseudechis porphyricaus,Logistic_single_with_coords,spatial,True,0,0.10281238617363928,-165917.840413128,6794142.17633504
201,1607,Pseudechis porphyricaus,Logistic_single_with_coords,spatial,True,0,9.605725744751402e-05,-111724.493680147,6796890.5347694
202,1615,Pseudechis porphyricaus,Logistic_single_with_coords,spatial,True,0,9.977007460577792e-05,-111508.34435778,6796701.34390328
203,1623,Pseudechis porphyricaus,Logistic_single_with_coords,spatial,True,0,0.09703350743169556,-165638.858103626,6792540.33884748
204,1631,Pseudechis porphyricaus,Logistic_single_with_coords,spatial,True,0,0.011598163103881523,-111628.657553236,6795078.86889821
205,1639,Pseudechis porphyricaus,Logistic_single_with_coords,spatial,True,0,0.01029582346499271,-111987.574051639,6794257.38010052
206,1647,Pseudechis porphyricaus,Logistic_single_with_coords,spatial,True,0,0.010690200772787805,-111543.951324666,6793478.37953304
207,1655,Pseudechis porphyricaus,Logistic_single_with_coords,spatial,True,0,0.09312890443005784,-166932.442763671,6790267.55776097
208,1663,Pseudechis porphyricaus,Logistic_single_with_coords,spatial,True,1,0.010889449580272577,-113333.176647029,6792982.26555712
209,1671,Pseudechis porphyricaus,Logistic_single_with_coords,spatial,True,0,0.01078330005713058,-112530.721336831,6793024.84869485
210,1679,Pseudechis porphyricaus,Logistic_single_with_coords,spatial,True,0,0.010487628542782448,-112129.496210697,6793046.11909854
211,1687,Pseudechis porphyricaus,Logistic_single_with_coords,spatial,True,0,0.09601741691419938,-164829.821681687,6788558.93776823
212,1695,Pseudechis porphyricaus,Logistic_single_with_coords,spatial,True,0,0.09636349956955766,-165023.878239824,6788346.91096964
213,1703,Pseudechis porphyricaus,Logistic_single_with_coords,spatial,True,0,0.09622648884814368,-164391.455012656,6787769.669967
214,1711,Pseudechis porphyricaus,Logistic_single_with_coords,spatial,True,0,0.008989031850161401,-110822.113763642,6787074.42336939
215,1719,Pseudechis porphyricaus,Logistic_single_with_coords,spatial,True,0,0.012525849608429873,-110616.719576928,6787085.30761186
216,1727,Pseudechis porphyricaus,Logistic_single_with_coords,spatial,True,0,0.012000641549063332,-110020.100859829,6787116.90272986
217,1735,Pseudechis porphyricaus,Logistic_single_with_coords,spatial,True,0,0.013875390848116603,-109413.705304275,6787148.98376259
218,1743,Pseudechis porphyricaus,Logistic_single_with_coords,spatial,True,0,0.006822814986398515,-110779.695476226,6786274.18349996
219,1751,Pseudechis porphyricaus,Logistic_single_with_coords,spatial,True,0,0.010539490841941236,-110346.917478988,6785695.25630047
220,1759,Pseudechis porphyricaus,Logistic_single_with_coords,spatial,True,0,0.007620489759050337,-110140.731442662,6785505.55962449
221,1767,Pseudechis porphyricaus,Logistic_single_with_coords,spatial,True,0,0.026955036473285194,-157491.757049911,6782687.30974027
222,1775,Pseudechis porphyricaus,Logistic_single_with_coords,spatial,True,0,7.235496249310283e-05,-109512.656336634,6785126.43261431
223,1783,Pseudechis porphyricaus,Logistic_single_with_coords,spatial,True,0,7.998668217217705e-05,-109707.419900115,6784915.50427338
224,1791,Pseudechis porphyricaus,Logistic_single_with_coords,spatial,True,0,0.022272592999083803,-150843.666641707,6782630.05200801
225,1799,Pseudechis porphyricaus,Logistic_single_with_coords,spatial,True,0,0.019747014544801725,-157628.595163146,6781474.60411432
226,1807,Pseudechis porphyricaus,Logistic_single_with_coords,spatial,True,0,0.019036677806495456,-156768.616233883,6780508.50732801
227,1815,Pseudechis porphyricaus,Logistic_single_with_coords,spatial,True,0,0.01477489236539841,-110619.113371872,6783061.59249324
228,1823,Pseudechis porphyricaus,Logistic_single_with_coords,spatial,True,0,0.009388094852595973,-108593.63854256,6782767.65906175
229,1831,Pseudechis porphyricaus,Logistic_single_with_coords,spatial,True,0,0.010112955777086183,-108377.162322395,6782567.34735566
230,1839,Pseudechis porphyricaus,Logistic_single_with_coords,spatial,True,0,4.028155112278335e-05,-58637.6336775981,6785100.52209461
231,1847,Pseudechis porphyricaus,Logistic_single_with_coords,spatial,True,0,0.011496975246409538,-107923.462038802,6781588.26422547
232,1855,Pseudechis porphyricaus,Logistic_single_with_coords,spatial,True,0,0.01813163774084411,-154268.894705046,6778832.59399199
233,1863,Pseudechis porphyricaus,Logistic_single_with_coords,spatial,True,0,0.015635822255478063,-151231.119203658,6778380.41797512
234,1871,Pseudechis porphyricaus,Logistic_single_with_coords,spatial,True,0,0.01772649106341946,-150784.191440288,6777591.42724006
235,1879,Pseudechis porphyricaus,Logistic_single_with_coords,spatial,True,1,0.08715346043200148,-157053.44484427,6770228.31904544
236,1887,Pseudechis porphyricaus,Logistic_single_with_coords,spatial,True,0,0.08280070370357841,-157007.529503806,6769427.67794309
237,1895,Pseudechis porphyricaus,Logistic_single_with_coords,spatial,True,0,0.08466207299840378,-157601.945479142,6769192.74860327
238,1903,Pseudechis porphyricaus,Logistic_single_with_coords,spatial,True,0,0.03614971684830833,-42631.6013249115,6774856.7836682
239,1911,Pseudechis porphyricaus,Logistic_single_with_coords,spatial,True,0,0.04179356213072032,-42808.1790068126,6774247.29778187
240,1919,Pseudechis porphyricaus,Logistic_single_with_coords,spatial,True,0,0.00875472552951594,-90697.5110841577,6771199.36165782
241,1927,Pseudechis porphyricaus,Logistic_single_with_coords,spatial,True,0,0.008680125648336914,-89886.5465170286,6771040.60297007
242,1935,Pseudechis porphyricaus,Logistic_single_with_coords,spatial,True,0,0.04359487860226849,-45884.998116622,6771685.40364584
243,1943,Pseudechis porphyricaus,Logistic_single_with_coords,spatial,True,0,0.04355441891107385,-45846.3441318398,6770874.56187869
244,1951,Pseudechis porphyricaus,Logistic_single_with_coords,spatial,True,0,0.043826840316295544,-46208.2545646069,6770055.74332879
245,1959,Pseudechis porphyricaus,Logistic_single_with_coords,spatial,True,0,0.041562415570939204,-42736.9260770733,6769029.74166907
246,1967,Pseudechis porphyricaus,Logistic_single_with_coords,spatial,True,0,0.032837581847591224,-42727.4414379179,6768829.81362177
247,1975,Pseudechis porphyricaus,Logistic_single_with_coords,spatial,True,0,0.03287480439318692,-42717.9562631494,6768629.88557173
248,1983,Pseudechis porphyricaus,Logistic_single_with_coords,spatial,True,0,0.01590107464690738,-139175.743651501,6763098.07298971
249,1991,Pseudechis porphyricaus,Logistic_single_with_coords,spatial,True,0,0.017785973470050558,-138923.869162796,6762097.27372678
252,2015,Pseudechis porphyricaus,Logistic_single_with_coords,spatial,True,0,0.04023846916477853,-43112.7372327422,6764592.40958821
254,2031,Pseudechis porphyricaus,Logistic_single_with_coords,spatial,True,0,0.0396985722251109,-43678.7671977115,6763752.8151483
255,2039,Pseudechis porphyricaus,Logistic_single_with_coords,spatial,True,0,0.003774153600010752,-47276.750227819,6763369.40347618
106,848,Saltuarius swaini,Logistic_single_with_coords,spatial,True,0,0.005496427832067105,-147293.925634327,6831915.7941736
111,888,Saltuarius swaini,Logistic_single_with_coords,spatial,True,0,0.004408785597651239,-146869.047423431,6831537.755626
122,976,Saltuarius swaini,Logistic_single_with_coords,spatial,True,0,0.008783582181472285,-121930.447488692,6831783.7962185
125,1000,Saltuarius swaini,Logistic_single_with_coords,spatial,True,0,0.012084134952361695,-119100.196556909,6831521.23488212
126,1008,Saltuarius swaini,Logistic_single_with_coords,spatial,True,0,0.011862238923216547,-122301.197680874,6831162.17696098
127,1016,Saltuarius swaini,Logistic_single_with_coords,spatial,True,0,0.012027770296010482,-113069.978206809,6831626.51450922
128,1024,Saltuarius swaini,Logistic_single_with_coords,spatial,True,0,0.012831968270972629,-110250.872026258,6831561.92472725
130,1040,Saltuarius swaini,Logistic_single_with_coords,spatial,True,0,0.01114943137607916,-112831.744333792,6830836.54025889
132,1056,Saltuarius swaini,Logistic_single_with_coords,spatial,True,0,0.00608788729653275,-105801.162580743,6831179.93507326
134,1072,Saltuarius swaini,Logistic_single_with_coords,spatial,True,0,0.008561757976174814,-109785.840498241,6830382.55130941
135,1080,Saltuarius swaini,Logistic_single_with_coords,spatial,True,0,0.009922508146094654,-60576.6608829403,6831437.80904093
136,1088,Saltuarius swaini,Logistic_single_with_coords,spatial,True,0,0.0067627513145643425,-62745.5415882464,6830732.52392328
137,1096,Saltuarius swaini,Logistic_single_with_coords,spatial,True,0,0.00572114007299274,-59930.1265788042,6830667.09207023
138,1104,Saltuarius swaini,Logistic_single_with_coords,spatial,True,0,0.011542921739907064,-33656.1895879237,6831782.75910205
139,1112,Saltuarius swaini,Logistic_single_with_coords,spatial,True,0,0.006578793263036744,-60097.6324680274,6830057.84195886
140,1120,Saltuarius swaini,Logistic_single_with_coords,spatial,True,0,0.014274861335719615,-59480.1149542754,6829686.55327432
141,1128,Saltuarius swaini,Logistic_single_with_coords,spatial,True,0,0.010392118830203197,-59274.1159834863,6829696.39928037
142,1136,Saltuarius swaini,Logistic_single_with_coords,spatial,True,0,0.005821902619733238,-58470.0105331185,6829534.39062915
143,1144,Saltuarius swaini,Logistic_single_with_coords,spatial,True,0,0.007199467596492711,-58067.8332822076,6829553.57641624
144,1152,Saltuarius swaini,Logistic_single_with_coords,spatial,True,0,0.0393991446135942,-35003.9025977263,6830519.3124224
145,1160,Saltuarius swaini,Logistic_single_with_coords,spatial,True,0,0.009873657819491222,-57852.3087704955,6829363.4472621
146,1168,Saltuarius swaini,Logistic_single_with_coords,spatial,True,0,0.034076110199811036,-34994.2569791634,6830308.29905931
147,1176,Saltuarius swaini,Logistic_single_with_coords,spatial,True,0,0.011078439937508563,-58647.1030221649,6829125.12230747
148,1184,Saltuarius swaini,Logistic_single_with_coords,spatial,True,0,0.01191524961536234,-59039.7148912014,6828905.9612443
149,1192,Saltuarius swaini,Logistic_single_with_coords,spatial,True,0,0.010393009167845942,-58039.2252902132,6828953.72338296
150,1200,Saltuarius swaini,Logistic_single_with_coords,spatial,True,0,0.029817363066858397,-34359.3605187094,6829747.4641776
151,1208,Saltuarius swaini,Logistic_single_with_coords,spatial,True,0,0.030390230511512215,-34751.7720567721,6829518.08321835
152,1216,Saltuarius swaini,Logistic_single_with_coords,spatial,True,0,0.020975245661765823,-34733.497415081,6829118.26913623
153,1224,Saltuarius swaini,Logistic_single_with_coords,spatial,True,0,0.01030804036634632,-56158.084536112,6827640.49763384
154,1232,Saltuarius swaini,Logistic_single_with_coords,spatial,True,0,0.007789228863850549,-56718.2495163478,6826812.23539331
155,1240,Saltuarius swaini,Logistic_single_with_coords,spatial,True,0,0.015821905451112193,-59120.6295586857,6826486.03756181
156,1248,Saltuarius swaini,Logistic_single_with_coords,spatial,True,0,0.01427722567954571,-57101.2660895063,6826393.18209589
157,1256,Saltuarius swaini,Logistic_single_with_coords,spatial,True,0,0.012028683086131128,-57287.8605910979,6826183.88283365
158,1264,Saltuarius swaini,Logistic_single_with_coords,spatial,True,0,0.010914066400813873,-57091.7358988385,6826193.23264818
159,1272,Saltuarius swaini,Logistic_single_with_coords,spatial,True,0,0.011439688841377294,-57278.3264609204,6825983.9330077
160,1280,Saltuarius swaini,Logistic_single_with_coords,spatial,True,0,0.009727242250398688,-57082.2051583753,6825993.28319997
161,1288,Saltuarius swaini,Logistic_single_with_coords,spatial,True,0,0.0098615370573092,-57053.0800449767,6825382.32654951
162,1296,Saltuarius swaini,Logistic_single_with_coords,spatial,True,0,0.01399574145536715,-57436.0274871426,6824963.25226147
163,1304,Saltuarius swaini,Logistic_single_with_coords,spatial,True,0,0.013481940299976307,-118090.3420558,6819503.16714623
164,1312,Saltuarius swaini,Logistic_single_with_coords,spatial,True,0,0.030772335526214136,-31234.0531967666,6823468.59821031
165,1320,Saltuarius swaini,Logistic_single_with_coords,spatial,True,0,0.012004048685146049,-116199.528148125,6817786.39841097
166,1328,Saltuarius swaini,Logistic_single_with_coords,spatial,True,0,0.011213916758657976,-115961.85299911,6817197.07567746
167,1336,Saltuarius swaini,Logistic_single_with_coords,spatial,True,0,0.014501368274305369,-115156.930903262,6817038.96223258
168,1344,Saltuarius swaini,Logistic_single_with_coords,spatial,True,0,0.00888131452110131,-114320.555073989,6816470.06822849
169,1352,Saltuarius swaini,Logistic_single_with_coords,spatial,True,0,0.012805466748846897,-108876.433782581,6816343.47520397
170,1360,Saltuarius swaini,Logistic_single_with_coords,spatial,True,0,0.011135787445310585,-109030.042605492,6815332.43919622
171,1368,Saltuarius swaini,Logistic_single_with_coords,spatial,True,0,0.03232721483986208,-27097.7448967228,6813229.19629307
172,1376,Saltuarius swaini,Logistic_single_with_coords,spatial,True,0,0.007531432714337156,-148834.228828815,6806479.17622519
173,1384,Saltuarius swaini,Logistic_single_with_coords,spatial,True,0,0.016982715401892605,-26864.9515665186,6812638.8314962
174,1392,Saltuarius swaini,Logistic_single_with_coords,spatial,True,0,0.01120537205630833,-144171.518832433,6805913.46294023
175,1400,Saltuarius swaini,Logistic_single_with_coords,spatial,True,0,0.012325172076898159,-26614.0603685924,6811648.67695057
176,1408,Saltuarius swaini,Logistic_single_with_coords,spatial,True,0,0.007777568279391991,-146353.923264982,6805201.04834351
177,1416,Saltuarius swaini,Logistic_single_with_coords,spatial,True,0,0.0126907097323805,-26577.824176917,6810849.10035356
178,1424,Saltuarius swaini,Logistic_single_with_coords,spatial,True,0,0.010245229589077191,-152179.201074767,6801082.64226836
179,1432,Saltuarius swaini,Logistic_single_with_coords,spatial,True,0,0.00485316612277195,-158380.85988069,6800363.84186606
180,1440,Saltuarius swaini,Logistic_single_with_coords,spatial,True,0,0.030476595240442703,-29780.9705356891,6806663.75964171
181,1448,Saltuarius swaini,Logistic_single_with_coords,spatial,True,0,0.030229253867418177,-29379.7381757025,6806682.07694802
182,1456,Saltuarius swaini,Logistic_single_with_coords,spatial,True,0,0.00876678169265944,-155726.191227112,6799488.07056547
183,1464,Saltuarius swaini,Logistic_single_with_coords,spatial,True,0,0.030804884252242475,-29520.6964365395,6805473.74302288
184,1472,Saltuarius swaini,Logistic_single_with_coords,spatial,True,0,0.03015976288144159,-28317.1316235074,6805528.64452115
185,1480,Saltuarius swaini,Logistic_single_with_coords,spatial,True,0,0.008329144820628659,-154680.904774922,6798732.86570032
186,1488,Saltuarius swaini,Logistic_single_with_coords,spatial,True,0,0.03020176963333951,-29502.4373697368,6805073.94284487
187,1496,Saltuarius swaini,Logistic_single_with_coords,spatial,True,0,0.007996375656815748,-153649.192596345,6798389.56853004
188,1504,Saltuarius swaini,Logistic_single_with_coords,spatial,True,0,0.007538408625088841,-154245.287601219,6798155.10832232
189,1512,Saltuarius swaini,Logistic_single_with_coords,spatial,True,0,0.00588705419231977,-112502.967446529,6800471.69931174
190,1520,Saltuarius swaini,Logistic_single_with_coords,spatial,True,0,0.0072555236100842226,-112492.387376251,6800271.63658075
191,1528,Saltuarius swaini,Logistic_single_with_coords,spatial,True,0,0.009078634903928597,-152408.241373254,6797645.26465756
192,1536,Saltuarius swaini,Logistic_single_with_coords,spatial,True,0,0.005670780129118015,-111862.768502251,6799691.91157671
193,1544,Saltuarius swaini,Logistic_single_with_coords,spatial,True,0,0.008537009253362366,-153796.263664079,6797165.36470106
194,1552,Saltuarius swaini,Logistic_single_with_coords,spatial,True,0,0.006909953125868863,-113057.133584369,6799439.25721174
195,1560,Saltuarius swaini,Logistic_single_with_coords,spatial,True,0,0.011951208269987204,-153177.628494992,6796999.50794559
196,1568,Saltuarius swaini,Logistic_single_with_coords,spatial,True,0,0.006221596202618337,-111841.623750466,6799291.78871934
197,1576,Saltuarius swaini,Logistic_single_with_coords,spatial,True,0,0.03487621224819716,-31200.4121417062,6802970.7749555
198,1584,Saltuarius swaini,Logistic_single_with_coords,spatial,True,0,0.007294744543206997,-111757.020588895,6797691.29771726
199,1592,Saltuarius swaini,Logistic_single_with_coords,spatial,True,0,0.008345888932889471,-111540.073845013,6797301.52655841
200,1600,Saltuarius swaini,Logistic_single_with_coords,spatial,True,0,0.006726559194919857,-165917.840413128,6794142.17633504
201,1608,Saltuarius swaini,Logistic_single_with_coords,spatial,True,0,0.008195510746189547,-111724.493680147,6796890.5347694
202,1616,Saltuarius swaini,Logistic_single_with_coords,spatial,True,0,0.007007938419461573,-111508.34435778,6796701.34390328
203,1624,Saltuarius swaini,Logistic_single_with_coords,spatial,True,0,0.009673449216791268,-165638.858103626,6792540.33884748
204,1632,Saltuarius swaini,Logistic_single_with_coords,spatial,True,0,0.009922849274033491,-111628.657553236,6795078.86889821
205,1640,Saltuarius swaini,Logistic_single_with_coords,spatial,True,0,0.013200020524459424,-111987.574051639,6794257.38010052
206,1648,Saltuarius swaini,Logistic_single_with_coords,spatial,True,0,0.012738720191618388,-111543.951324666,6793478.37953304
207,1656,Saltuarius swaini,Logistic_single_with_coords,spatial,True,0,0.011246495333205068,-166932.442763671,6790267.55776097
208,1664,Saltuarius swaini,Logistic_single_with_coords,spatial,True,0,0.015156338900655273,-113333.176647029,6792982.26555712
209,1672,Saltuarius swaini,Logistic_single_with_coords,spatial,True,0,0.010536847731120756,-112530.721336831,6793024.84869485
210,1680,Saltuarius swaini,Logistic_single_with_coords,spatial,True,0,0.013365197472420827,-112129.496210697,6793046.11909854
211,1688,Saltuarius swaini,Logistic_single_with_coords,spatial,True,0,0.01276617353089951,-164829.821681687,6788558.93776823
212,1696,Saltuarius swaini,Logistic_single_with_coords,spatial,True,0,0.013735521999214894,-165023.878239824,6788346.91096964
213,1704,Saltuarius swaini,Logistic_single_with_coords,spatial,True,0,0.01429499911702148,-164391.455012656,6787769.669967
214,1712,Saltuarius swaini,Logistic_single_with_coords,spatial,True,0,0.01260283795850601,-110822.113763642,6787074.42336939
215,1720,Saltuarius swaini,Logistic_single_with_coords,spatial,True,0,0.014601690247472928,-110616.719576928,6787085.30761186
216,1728,Saltuarius swaini,Logistic_single_with_coords,spatial,True,0,0.014446029741801059,-110020.100859829,6787116.90272986
217,1736,Saltuarius swaini,Logistic_single_with_coords,spatial,True,0,0.012677501539587218,-109413.705304275,6787148.98376259
218,1744,Saltuarius swaini,Logistic_single_with_coords,spatial,True,0,0.011038131523787312,-110779.695476226,6786274.18349996
219,1752,Saltuarius swaini,Logistic_single_with_coords,spatial,True,0,0.008541714242235142,-110346.917478988,6785695.25630047
220,1760,Saltuarius swaini,Logistic_single_with_coords,spatial,True,0,0.012406968949610544,-110140.731442662,6785505.55962449
221,1768,Saltuarius swaini,Logistic_single_with_coords,spatial,True,0,0.007573377488555712,-157491.757049911,6782687.30974027
222,1776,Saltuarius swaini,Logistic_single_with_coords,spatial,True,0,0.007993952644028968,-109512.656336634,6785126.43261431
223,1784,Saltuarius swaini,Logistic_single_with_coords,spatial,True,0,0.004786891815108129,-109707.419900115,6784915.50427338
224,1792,Saltuarius swaini,Logistic_single_with_coords,spatial,True,0,0.010224368959138818,-150843.666641707,6782630.05200801
225,1800,Saltuarius swaini,Logistic_single_with_coords,spatial,True,0,0.009456080527625851,-157628.595163146,6781474.60411432
226,1808,Saltuarius swaini,Logistic_single_with_coords,spatial,True,0,0.011736230372377005,-156768.616233883,6780508.50732801
227,1816,Saltuarius swaini,Logistic_single_with_coords,spatial,True,0,0.010950885447803876,-110619.113371872,6783061.59249324
228,1824,Saltuarius swaini,Logistic_single_with_coords,spatial,True,0,0.010746077078482973,-108593.63854256,6782767.65906175
229,1832,Saltuarius swaini,Logistic_single_with_coords,spatial,True,0,0.014992206611080361,-108377.162322395,6782567.34735566
230,1840,Saltuarius swaini,Logistic_single_with_coords,spatial,True,0,0.01007473670367218,-58637.6336775981,6785100.52209461
231,1848,Saltuarius swaini,Logistic_single_with_coords,spatial,True,0,0.01643988960513316,-107923.462038802,6781588.26422547
232,1856,Saltuarius swaini,Logistic_single_with_coords,spatial,True,0,0.013736361078843864,-154268.894705046,6778832.59399199
233,1864,Saltuarius swaini,Logistic_single_with_coords,spatial,True,0,0.012559807772690819,-151231.119203658,6778380.41797512
234,1872,Saltuarius swaini,Logistic_single_with_coords,spatial,True,0,0.00822918439907877,-150784.191440288,6777591.42724006
235,1880,Saltuarius swaini,Logistic_single_with_coords,spatial,True,0,0.01519543314346327,-157053.44484427,6770228.31904544
236,1888,Saltuarius swaini,Logistic_single_with_coords,spatial,True,0,0.014279309522289795,-157007.529503806,6769427.67794309
237,1896,Saltuarius swaini,Logistic_single_with_coords,spatial,True,0,0.016347054464311027,-157601.945479142,6769192.74860327
238,1904,Saltuarius swaini,Logistic_single_with_coords,spatial,True,0,0.022683132951686315,-42631.6013249115,6774856.7836682
239,1912,Saltuarius swaini,Logistic_single_with_coords,spatial,True,0,0.024915176218124585,-42808.1790068126,6774247.29778187
240,1920,Saltuarius swaini,Logistic_single_with_coords,spatial,True,0,0.013111785611648009,-90697.5110841577,6771199.36165782
241,1928,Saltuarius swaini,Logistic_single_with_coords,spatial,True,0,0.012987874357773875,-89886.5465170286,6771040.60297007
242,1936,Saltuarius swaini,Logistic_single_with_coords,spatial,True,0,0.024564065466663867,-45884.998116622,6771685.40364584
243,1944,Saltuarius swaini,Logistic_single_with_coords,spatial,True,0,0.02441704985662586,-45846.3441318398,6770874.56187869
244,1952,Saltuarius swaini,Logistic_single_with_coords,spatial,True,0,0.02466839546095748,-46208.2545646069,6770055.74332879
245,1960,Saltuarius swaini,Logistic_single_with_coords,spatial,True,0,0.024805478036024578,-42736.9260770733,6769029.74166907
246,1968,Saltuarius swaini,Logistic_single_with_coords,spatial,True,0,0.029949153584460576,-42727.4414379179,6768829.81362177
247,1976,Saltuarius swaini,Logistic_single_with_coords,spatial,True,0,0.029690289111915336,-42717.9562631494,6768629.88557173
248,1984,Saltuarius swaini,Logistic_single_with_coords,spatial,True,0,0.011237690409292327,-139175.743651501,6763098.07298971
249,1992,Saltuarius swaini,Logistic_single_with_coords,spatial,True,0,0.011298102054975124,-138923.869162796,6762097.27372678
252,2016,Saltuarius swaini,Logistic_single_with_coords,spatial,True,0,0.025343813431207826,-43112.7372327422,6764592.40958821
254,2032,Saltuarius swaini,Logistic_single_with_coords,spatial,True,0,0.025317860558648746,-43678.7671977115,6763752.8151483
255,2040,Saltuarius swaini,Logistic_single_with_coords,spatial,True,0,0.019459808580412376,-47276.750227819,6763369.40347618
