plot,id,species,model,split_type,use_coords,y_true,y_prob,easting,northing
7,49,Cacophis kreftii,MLP_multi_interactions_with_coords,random,True,0,0.0012596634640081052,-35290.0454930004,6868477.63934909
7,50,Calyptotis scutirostrum,MLP_multi_interactions_with_coords,random,True,0,0.0028770557754435626,-35290.0454930004,6868477.63934909
7,51,Coeranoscincus reticulatus,MLP_multi_interactions_with_coords,random,True,0,0.0003755744867977059,-35290.0454930004,6868477.63934909
7,52,Egernia mcpheei,MLP_multi_interactions_with_coords,random,True,0,0.0008334807833499112,-35290.0454930004,6868477.63934909
7,53,Eulamprus murrayi,MLP_multi_interactions_with_coords,random,True,0,0.00041614670563077755,-35290.0454930004,6868477.63934909
7,54,Ophioscincus truncatus,MLP_multi_interactions_with_coords,random,True,0,0.004327808584784112,-35290.0454930004,6868477.63934909
7,55,Pseudechis porphyricaus,MLP_multi_interactions_with_coords,random,True,0,0.0006592777810275275,-35290.0454930004,6868477.63934909
7,56,Saltuarius swaini,MLP_multi_interactions_with_coords,random,True,0,0.012149944491816275,-35290.0454930004,6868477.63934909
15,113,Cacophis kreftii,MLP_multi_interactions_with_coords,random,True,0,0.20361984184352183,-99804.9506313828,6852000.67743644
15,114,Calyptotis scutirostrum,MLP_multi_interactions_with_coords,random,True,1,0.5274976200318321,-99804.9506313828,6852000.67743644
15,115,Coeranoscincus reticulatus,MLP_multi_interactions_with_coords,random,True,0,0.6074705819383741,-99804.9506313828,6852000.67743644
15,116,Egernia mcpheei,MLP_multi_interactions_with_coords,random,True,1,0.22742890425623896,-99804.9506313828,6852000.67743644
15,117,Eulamprus murrayi,MLP_multi_interactions_with_coords,random,True,0,0.012853244242557255,-99804.9506313828,6852000.67743644
15,118,Ophioscincus truncatus,MLP_multi_interactions_with_coords,random,True,0,0.23813609582156195,-99804.9506313828,6852000.67743644
15,119,Pseudechis porphyricaus,MLP_multi_interactions_with_coords,random,True,0,0.0003704852046781288,-99804.9506313828,6852000.67743644
15,120,Saltuarius swaini,MLP_multi_interactions_with_coords,random,True,0,0.0013155824873630649,-99804.9506313828,6852000.67743644
21,161,Cacophis kreftii,MLP_multi_interactions_with_coords,random,True,0,0.09251813291798297,-91866.6308808398,6850184.44292602
21,162,Calyptotis scutirostrum,MLP_multi_interactions_with_coords,random,True,0,0.35841713175968076,-91866.6308808398,6850184.44292602
21,163,Coeranoscincus reticulatus,MLP_multi_interactions_with_coords,random,True,0,0.5589980873857254,-91866.6308808398,6850184.44292602
21,164,Egernia mcpheei,MLP_multi_interactions_with_coords,random,True,0,0.1190976513065535,-91866.6308808398,6850184.44292602
21,165,Eulamprus murrayi,MLP_multi_interactions_with_coords,random,True,0,0.005456520421525901,-91866.6308808398,6850184.44292602
21,166,Ophioscincus truncatus,MLP_multi_interactions_with_coords,random,True,0,0.04112768358958181,-91866.6308808398,6850184.44292602
21,167,Pseudechis porphyricaus,MLP_multi_interactions_with_coords,random,True,0,0.0003489823973808096,-91866.6308808398,6850184.44292602
21,168,Saltuarius swaini,MLP_multi_interactions_with_coords,random,True,0,0.0006498718472517641,-91866.6308808398,6850184.44292602
29,225,Cacophis kreftii,MLP_multi_interactions_with_coords,random,True,0,0.1280889446762635,-81258.2639630969,6847092.07487722
29,226,Calyptotis scutirostrum,MLP_multi_interactions_with_coords,random,True,0,0.0894778613157655,-81258.2639630969,6847092.07487722
29,227,Coeranoscincus reticulatus,MLP_multi_interactions_with_coords,random,True,0,0.13968901383886462,-81258.2639630969,6847092.07487722
29,228,Egernia mcpheei,MLP_multi_interactions_with_coords,random,True,0,0.029727770949192024,-81258.2639630969,6847092.07487722
29,229,Eulamprus murrayi,MLP_multi_interactions_with_coords,random,True,0,0.006002872873114138,-81258.2639630969,6847092.07487722
29,230,Ophioscincus truncatus,MLP_multi_interactions_with_coords,random,True,1,0.6051471604989731,-81258.2639630969,6847092.07487722
29,231,Pseudechis porphyricaus,MLP_multi_interactions_with_coords,random,True,0,0.0013411391661558498,-81258.2639630969,6847092.07487722
29,232,Saltuarius swaini,MLP_multi_interactions_with_coords,random,True,0,0.015566469575902752,-81258.2639630969,6847092.07487722
30,233,Cacophis kreftii,MLP_multi_interactions_with_coords,random,True,1,0.24631768236401647,-96294.553982511,6846140.09863748
30,234,Calyptotis scutirostrum,MLP_multi_interactions_with_coords,random,True,1,0.5743697604669142,-96294.553982511,6846140.09863748
30,235,Coeranoscincus reticulatus,MLP_multi_interactions_with_coords,random,True,0,0.5464868280433733,-96294.553982511,6846140.09863748
30,236,Egernia mcpheei,MLP_multi_interactions_with_coords,random,True,1,0.2368199366078428,-96294.553982511,6846140.09863748
30,237,Eulamprus murrayi,MLP_multi_interactions_with_coords,random,True,0,0.013462607018083573,-96294.553982511,6846140.09863748
30,238,Ophioscincus truncatus,MLP_multi_interactions_with_coords,random,True,1,0.4124702941380917,-96294.553982511,6846140.09863748
30,239,Pseudechis porphyricaus,MLP_multi_interactions_with_coords,random,True,0,0.0005407528149822087,-96294.553982511,6846140.09863748
30,240,Saltuarius swaini,MLP_multi_interactions_with_coords,random,True,0,0.0026324039319322494,-96294.553982511,6846140.09863748
31,241,Cacophis kreftii,MLP_multi_interactions_with_coords,random,True,0,0.17146492565839333,-95292.0596882657,6846190.80238834
31,242,Calyptotis scutirostrum,MLP_multi_interactions_with_coords,random,True,1,0.34475113110048816,-95292.0596882657,6846190.80238834
31,243,Coeranoscincus reticulatus,MLP_multi_interactions_with_coords,random,True,0,0.36561794929324865,-95292.0596882657,6846190.80238834
31,244,Egernia mcpheei,MLP_multi_interactions_with_coords,random,True,0,0.09106836141017191,-95292.0596882657,6846190.80238834
31,245,Eulamprus murrayi,MLP_multi_interactions_with_coords,random,True,0,0.0030851929284898974,-95292.0596882657,6846190.80238834
31,246,Ophioscincus truncatus,MLP_multi_interactions_with_coords,random,True,0,0.2903954163535679,-95292.0596882657,6846190.80238834
31,247,Pseudechis porphyricaus,MLP_multi_interactions_with_coords,random,True,0,0.0005023882121231027,-95292.0596882657,6846190.80238834
31,248,Saltuarius swaini,MLP_multi_interactions_with_coords,random,True,0,0.0019157715852558556,-95292.0596882657,6846190.80238834
37,289,Cacophis kreftii,MLP_multi_interactions_with_coords,random,True,0,0.168453082142568,-79037.3638766905,6846800.48131106
37,290,Calyptotis scutirostrum,MLP_multi_interactions_with_coords,random,True,0,0.1140661935156783,-79037.3638766905,6846800.48131106
37,291,Coeranoscincus reticulatus,MLP_multi_interactions_with_coords,random,True,0,0.054603462716951476,-79037.3638766905,6846800.48131106
37,292,Egernia mcpheei,MLP_multi_interactions_with_coords,random,True,0,0.014228482463466917,-79037.3638766905,6846800.48131106
37,293,Eulamprus murrayi,MLP_multi_interactions_with_coords,random,True,0,0.00498689654875794,-79037.3638766905,6846800.48131106
37,294,Ophioscincus truncatus,MLP_multi_interactions_with_coords,random,True,1,0.5512743837802859,-79037.3638766905,6846800.48131106
37,295,Pseudechis porphyricaus,MLP_multi_interactions_with_coords,random,True,0,0.0009109482890973644,-79037.3638766905,6846800.48131106
37,296,Saltuarius swaini,MLP_multi_interactions_with_coords,random,True,0,0.010416147265749883,-79037.3638766905,6846800.48131106
41,321,Cacophis kreftii,MLP_multi_interactions_with_coords,random,True,0,0.18380871121118875,-96863.6801254773,6845509.65270053
41,322,Calyptotis scutirostrum,MLP_multi_interactions_with_coords,random,True,0,0.493600709426886,-96863.6801254773,6845509.65270053
41,323,Coeranoscincus reticulatus,MLP_multi_interactions_with_coords,random,True,0,0.5838773196760598,-96863.6801254773,6845509.65270053
41,324,Egernia mcpheei,MLP_multi_interactions_with_coords,random,True,0,0.19346419578080182,-96863.6801254773,6845509.65270053
41,325,Eulamprus murrayi,MLP_multi_interactions_with_coords,random,True,0,0.01165693094170552,-96863.6801254773,6845509.65270053
41,326,Ophioscincus truncatus,MLP_multi_interactions_with_coords,random,True,0,0.2849460747082034,-96863.6801254773,6845509.65270053
41,327,Pseudechis porphyricaus,MLP_multi_interactions_with_coords,random,True,0,0.00039636291216266277,-96863.6801254773,6845509.65270053
41,328,Saltuarius swaini,MLP_multi_interactions_with_coords,random,True,0,0.0015579867892113626,-96863.6801254773,6845509.65270053
47,369,Cacophis kreftii,MLP_multi_interactions_with_coords,random,True,0,0.12648183779557542,-79381.2357397435,6845781.19738334
47,370,Calyptotis scutirostrum,MLP_multi_interactions_with_coords,random,True,0,0.10383250177869177,-79381.2357397435,6845781.19738334
47,371,Coeranoscincus reticulatus,MLP_multi_interactions_with_coords,random,True,0,0.08947715688202401,-79381.2357397435,6845781.19738334
47,372,Egernia mcpheei,MLP_multi_interactions_with_coords,random,True,0,0.023125530456476473,-79381.2357397435,6845781.19738334
47,373,Eulamprus murrayi,MLP_multi_interactions_with_coords,random,True,0,0.004944839249539929,-79381.2357397435,6845781.19738334
47,374,Ophioscincus truncatus,MLP_multi_interactions_with_coords,random,True,1,0.6166095789883147,-79381.2357397435,6845781.19738334
47,375,Pseudechis porphyricaus,MLP_multi_interactions_with_coords,random,True,0,0.0013436528188563168,-79381.2357397435,6845781.19738334
47,376,Saltuarius swaini,MLP_multi_interactions_with_coords,random,True,0,0.016717893126255278,-79381.2357397435,6845781.19738334
52,409,Cacophis kreftii,MLP_multi_interactions_with_coords,random,True,0,0.2272207003576768,-60471.4026198804,6845516.11047191
52,410,Calyptotis scutirostrum,MLP_multi_interactions_with_coords,random,True,1,0.5891182793411924,-60471.4026198804,6845516.11047191
52,411,Coeranoscincus reticulatus,MLP_multi_interactions_with_coords,random,True,0,0.1323792539509621,-60471.4026198804,6845516.11047191
52,412,Egernia mcpheei,MLP_multi_interactions_with_coords,random,True,0,0.10081547238327963,-60471.4026198804,6845516.11047191
52,413,Eulamprus murrayi,MLP_multi_interactions_with_coords,random,True,0,0.01932759470855681,-60471.4026198804,6845516.11047191
52,414,Ophioscincus truncatus,MLP_multi_interactions_with_coords,random,True,1,0.6398619520270606,-60471.4026198804,6845516.11047191
52,415,Pseudechis porphyricaus,MLP_multi_interactions_with_coords,random,True,0,0.000563382997289338,-60471.4026198804,6845516.11047191
52,416,Saltuarius swaini,MLP_multi_interactions_with_coords,random,True,0,0.008779279310083786,-60471.4026198804,6845516.11047191
56,441,Cacophis kreftii,MLP_multi_interactions_with_coords,random,True,0,0.1743471163425087,-60864.6156634532,6845296.97560224
56,442,Calyptotis scutirostrum,MLP_multi_interactions_with_coords,random,True,0,0.6042265377357378,-60864.6156634532,6845296.97560224
56,443,Coeranoscincus reticulatus,MLP_multi_interactions_with_coords,random,True,0,0.07976405952346959,-60864.6156634532,6845296.97560224
56,444,Egernia mcpheei,MLP_multi_interactions_with_coords,random,True,0,0.04894332484320843,-60864.6156634532,6845296.97560224
56,445,Eulamprus murrayi,MLP_multi_interactions_with_coords,random,True,0,0.00887145783447602,-60864.6156634532,6845296.97560224
56,446,Ophioscincus truncatus,MLP_multi_interactions_with_coords,random,True,1,0.6088620131745432,-60864.6156634532,6845296.97560224
56,447,Pseudechis porphyricaus,MLP_multi_interactions_with_coords,random,True,0,0.0005415598592213221,-60864.6156634532,6845296.97560224
56,448,Saltuarius swaini,MLP_multi_interactions_with_coords,random,True,0,0.005075069889866802,-60864.6156634532,6845296.97560224
61,481,Cacophis kreftii,MLP_multi_interactions_with_coords,random,True,0,0.12108633838219696,-61435.1928033584,6844668.54431818
61,482,Calyptotis scutirostrum,MLP_multi_interactions_with_coords,random,True,0,0.19939451662128224,-61435.1928033584,6844668.54431818
61,483,Coeranoscincus reticulatus,MLP_multi_interactions_with_coords,random,True,0,0.05403038734600569,-61435.1928033584,6844668.54431818
61,484,Egernia mcpheei,MLP_multi_interactions_with_coords,random,True,0,0.010992985253347673,-61435.1928033584,6844668.54431818
61,485,Eulamprus murrayi,MLP_multi_interactions_with_coords,random,True,0,0.017518784830322844,-61435.1928033584,6844668.54431818
61,486,Ophioscincus truncatus,MLP_multi_interactions_with_coords,random,True,1,0.3519947269611279,-61435.1928033584,6844668.54431818
61,487,Pseudechis porphyricaus,MLP_multi_interactions_with_coords,random,True,0,0.002814472117888741,-61435.1928033584,6844668.54431818
61,488,Saltuarius swaini,MLP_multi_interactions_with_coords,random,True,0,0.011888737503455173,-61435.1928033584,6844668.54431818
62,489,Cacophis kreftii,MLP_multi_interactions_with_coords,random,True,0,0.18011097359136932,-60629.7662982834,6844706.93792291
62,490,Calyptotis scutirostrum,MLP_multi_interactions_with_coords,random,True,1,0.603988758928123,-60629.7662982834,6844706.93792291
62,491,Coeranoscincus reticulatus,MLP_multi_interactions_with_coords,random,True,0,0.06757888956075517,-60629.7662982834,6844706.93792291
62,492,Egernia mcpheei,MLP_multi_interactions_with_coords,random,True,0,0.05834028396295758,-60629.7662982834,6844706.93792291
62,493,Eulamprus murrayi,MLP_multi_interactions_with_coords,random,True,0,0.009925166298194819,-60629.7662982834,6844706.93792291
62,494,Ophioscincus truncatus,MLP_multi_interactions_with_coords,random,True,1,0.6307197316176517,-60629.7662982834,6844706.93792291
62,495,Pseudechis porphyricaus,MLP_multi_interactions_with_coords,random,True,0,0.0008162309474006599,-60629.7662982834,6844706.93792291
62,496,Saltuarius swaini,MLP_multi_interactions_with_coords,random,True,0,0.007854659876387388,-60629.7662982834,6844706.93792291
65,513,Cacophis kreftii,MLP_multi_interactions_with_coords,random,True,0,0.19540767219410765,-84881.8823593461,6843092.18042196
65,514,Calyptotis scutirostrum,MLP_multi_interactions_with_coords,random,True,1,0.6019542100431807,-84881.8823593461,6843092.18042196
65,515,Coeranoscincus reticulatus,MLP_multi_interactions_with_coords,random,True,0,0.26995233839261046,-84881.8823593461,6843092.18042196
65,516,Egernia mcpheei,MLP_multi_interactions_with_coords,random,True,0,0.12029755906532794,-84881.8823593461,6843092.18042196
65,517,Eulamprus murrayi,MLP_multi_interactions_with_coords,random,True,0,0.016228355124895674,-84881.8823593461,6843092.18042196
65,518,Ophioscincus truncatus,MLP_multi_interactions_with_coords,random,True,1,0.6159845210801405,-84881.8823593461,6843092.18042196
65,519,Pseudechis porphyricaus,MLP_multi_interactions_with_coords,random,True,0,0.0016199922914143525,-84881.8823593461,6843092.18042196
65,520,Saltuarius swaini,MLP_multi_interactions_with_coords,random,True,0,0.007253025258377283,-84881.8823593461,6843092.18042196
72,569,Cacophis kreftii,MLP_multi_interactions_with_coords,random,True,0,0.09347856111039086,-86463.3052036808,6842612.44869674
72,570,Calyptotis scutirostrum,MLP_multi_interactions_with_coords,random,True,1,0.19435094043057047,-86463.3052036808,6842612.44869674
72,571,Coeranoscincus reticulatus,MLP_multi_interactions_with_coords,random,True,0,0.24063742026953103,-86463.3052036808,6842612.44869674
72,572,Egernia mcpheei,MLP_multi_interactions_with_coords,random,True,0,0.09944717580537397,-86463.3052036808,6842612.44869674
72,573,Eulamprus murrayi,MLP_multi_interactions_with_coords,random,True,0,0.009461073759080915,-86463.3052036808,6842612.44869674
72,574,Ophioscincus truncatus,MLP_multi_interactions_with_coords,random,True,1,0.2614045754777064,-86463.3052036808,6842612.44869674
72,575,Pseudechis porphyricaus,MLP_multi_interactions_with_coords,random,True,0,0.000478401775439123,-86463.3052036808,6842612.44869674
72,576,Saltuarius swaini,MLP_multi_interactions_with_coords,random,True,0,0.0031692463736121734,-86463.3052036808,6842612.44869674
78,617,Cacophis kreftii,MLP_multi_interactions_with_coords,random,True,0,0.11086271437920593,-85647.642077096,6842252.08566301
78,618,Calyptotis scutirostrum,MLP_multi_interactions_with_coords,random,True,0,0.28752663015755864,-85647.642077096,6842252.08566301
78,619,Coeranoscincus reticulatus,MLP_multi_interactions_with_coords,random,True,1,0.1882075502636591,-85647.642077096,6842252.08566301
78,620,Egernia mcpheei,MLP_multi_interactions_with_coords,random,True,0,0.06473432363160421,-85647.642077096,6842252.08566301
78,621,Eulamprus murrayi,MLP_multi_interactions_with_coords,random,True,0,0.0020838118510380353,-85647.642077096,6842252.08566301
78,622,Ophioscincus truncatus,MLP_multi_interactions_with_coords,random,True,0,0.1593439769980826,-85647.642077096,6842252.08566301
78,623,Pseudechis porphyricaus,MLP_multi_interactions_with_coords,random,True,0,0.00035087766113726417,-85647.642077096,6842252.08566301
78,624,Saltuarius swaini,MLP_multi_interactions_with_coords,random,True,0,0.0012545447155556746,-85647.642077096,6842252.08566301
84,665,Cacophis kreftii,MLP_multi_interactions_with_coords,random,True,0,0.15404126246562516,-75697.1375955953,6840337.76316393
84,666,Calyptotis scutirostrum,MLP_multi_interactions_with_coords,random,True,0,0.18816059745345928,-75697.1375955953,6840337.76316393
84,667,Coeranoscincus reticulatus,MLP_multi_interactions_with_coords,random,True,0,0.021842213761747036,-75697.1375955953,6840337.76316393
84,668,Egernia mcpheei,MLP_multi_interactions_with_coords,random,True,0,0.007542681660516332,-75697.1375955953,6840337.76316393
84,669,Eulamprus murrayi,MLP_multi_interactions_with_coords,random,True,0,0.003688918724426961,-75697.1375955953,6840337.76316393
84,670,Ophioscincus truncatus,MLP_multi_interactions_with_coords,random,True,0,0.45859306420397605,-75697.1375955953,6840337.76316393
84,671,Pseudechis porphyricaus,MLP_multi_interactions_with_coords,random,True,0,0.0013789582353285373,-75697.1375955953,6840337.76316393
84,672,Saltuarius swaini,MLP_multi_interactions_with_coords,random,True,0,0.006312950324623603,-75697.1375955953,6840337.76316393
87,689,Cacophis kreftii,MLP_multi_interactions_with_coords,random,True,0,0.015341542400756731,-71013.5035560221,6839163.13240084
87,690,Calyptotis scutirostrum,MLP_multi_interactions_with_coords,random,True,0,0.022029878224185773,-71013.5035560221,6839163.13240084
87,691,Coeranoscincus reticulatus,MLP_multi_interactions_with_coords,random,True,1,0.024211708583527388,-71013.5035560221,6839163.13240084
87,692,Egernia mcpheei,MLP_multi_interactions_with_coords,random,True,0,0.012302929528458356,-71013.5035560221,6839163.13240084
87,693,Eulamprus murrayi,MLP_multi_interactions_with_coords,random,True,0,0.005489057450077182,-71013.5035560221,6839163.13240084
87,694,Ophioscincus truncatus,MLP_multi_interactions_with_coords,random,True,0,0.08679438713178264,-71013.5035560221,6839163.13240084
87,695,Pseudechis porphyricaus,MLP_multi_interactions_with_coords,random,True,0,0.004466773186337838,-71013.5035560221,6839163.13240084
87,696,Saltuarius swaini,MLP_multi_interactions_with_coords,random,True,0,0.026882022099529373,-71013.5035560221,6839163.13240084
92,729,Cacophis kreftii,MLP_multi_interactions_with_coords,random,True,0,0.09623844170136234,-75353.1982293057,6837536.97534272
92,730,Calyptotis scutirostrum,MLP_multi_interactions_with_coords,random,True,0,0.02723471735928828,-75353.1982293057,6837536.97534272
92,731,Coeranoscincus reticulatus,MLP_multi_interactions_with_coords,random,True,0,0.005146082693946252,-75353.1982293057,6837536.97534272
92,732,Egernia mcpheei,MLP_multi_interactions_with_coords,random,True,0,0.003664263905042918,-75353.1982293057,6837536.97534272
92,733,Eulamprus murrayi,MLP_multi_interactions_with_coords,random,True,0,0.0024155287691850283,-75353.1982293057,6837536.97534272
92,734,Ophioscincus truncatus,MLP_multi_interactions_with_coords,random,True,0,0.4993790820765903,-75353.1982293057,6837536.97534272
92,735,Pseudechis porphyricaus,MLP_multi_interactions_with_coords,random,True,0,0.0007786630295488103,-75353.1982293057,6837536.97534272
92,736,Saltuarius swaini,MLP_multi_interactions_with_coords,random,True,0,0.013014209963071672,-75353.1982293057,6837536.97534272
97,769,Cacophis kreftii,MLP_multi_interactions_with_coords,random,True,0,0.19046588680177723,-114250.874091765,6835186.86007185
97,770,Calyptotis scutirostrum,MLP_multi_interactions_with_coords,random,True,1,0.2859814562979587,-114250.874091765,6835186.86007185
97,771,Coeranoscincus reticulatus,MLP_multi_interactions_with_coords,random,True,1,0.5026008591121512,-114250.874091765,6835186.86007185
97,772,Egernia mcpheei,MLP_multi_interactions_with_coords,random,True,0,0.2252979862508272,-114250.874091765,6835186.86007185
97,773,Eulamprus murrayi,MLP_multi_interactions_with_coords,random,True,0,0.012913665000212095,-114250.874091765,6835186.86007185
97,774,Ophioscincus truncatus,MLP_multi_interactions_with_coords,random,True,1,0.4298751340923816,-114250.874091765,6835186.86007185
97,775,Pseudechis porphyricaus,MLP_multi_interactions_with_coords,random,True,0,0.0007144507178528515,-114250.874091765,6835186.86007185
97,776,Saltuarius swaini,MLP_multi_interactions_with_coords,random,True,0,0.004886921399522446,-114250.874091765,6835186.86007185
99,785,Cacophis kreftii,MLP_multi_interactions_with_coords,random,True,0,0.05786720574545738,-123277.985601988,6834532.44353339
99,786,Calyptotis scutirostrum,MLP_multi_interactions_with_coords,random,True,0,0.14922514011259616,-123277.985601988,6834532.44353339
99,787,Coeranoscincus reticulatus,MLP_multi_interactions_with_coords,random,True,0,0.48341569265953327,-123277.985601988,6834532.44353339
99,788,Egernia mcpheei,MLP_multi_interactions_with_coords,random,True,0,0.07149260138489126,-123277.985601988,6834532.44353339
99,789,Eulamprus murrayi,MLP_multi_interactions_with_coords,random,True,0,0.011704411166278147,-123277.985601988,6834532.44353339
99,790,Ophioscincus truncatus,MLP_multi_interactions_with_coords,random,True,0,0.0571239356559798,-123277.985601988,6834532.44353339
99,791,Pseudechis porphyricaus,MLP_multi_interactions_with_coords,random,True,0,0.033088891519629016,-123277.985601988,6834532.44353339
99,792,Saltuarius swaini,MLP_multi_interactions_with_coords,random,True,0,0.0062846533836469366,-123277.985601988,6834532.44353339
101,801,Cacophis kreftii,MLP_multi_interactions_with_coords,random,True,1,0.13347853830566694,-147109.711119875,6832327.45616153
101,802,Calyptotis scutirostrum,MLP_multi_interactions_with_coords,random,True,1,0.4870083763831859,-147109.711119875,6832327.45616153
101,803,Coeranoscincus reticulatus,MLP_multi_interactions_with_coords,random,True,0,0.6068038317406139,-147109.711119875,6832327.45616153
101,804,Egernia mcpheei,MLP_multi_interactions_with_coords,random,True,0,0.14803328998630264,-147109.711119875,6832327.45616153
101,805,Eulamprus murrayi,MLP_multi_interactions_with_coords,random,True,0,0.02644852531752591,-147109.711119875,6832327.45616153
101,806,Ophioscincus truncatus,MLP_multi_interactions_with_coords,random,True,0,0.06454557195684925,-147109.711119875,6832327.45616153
101,807,Pseudechis porphyricaus,MLP_multi_interactions_with_coords,random,True,0,0.004350198944871188,-147109.711119875,6832327.45616153
101,808,Saltuarius swaini,MLP_multi_interactions_with_coords,random,True,0,0.0018246466848607756,-147109.711119875,6832327.45616153
108,857,Cacophis kreftii,MLP_multi_interactions_with_coords,random,True,1,0.0625204769806178,-120786.146445189,6833048.30377336
108,858,Calyptotis scutirostrum,MLP_multi_interactions_with_coords,random,True,0,0.2983062559466294,-120786.146445189,6833048.30377336
108,859,Coeranoscincus reticulatus,MLP_multi_interactions_with_coords,random,True,0,0.4167971952946988,-120786.146445189,6833048.30377336
108,860,Egernia mcpheei,MLP_multi_interactions_with_coords,random,True,0,0.04280390733905387,-120786.146445189,6833048.30377336
108,861,Eulamprus murrayi,MLP_multi_interactions_with_coords,random,True,0,0.008556307101932984,-120786.146445189,6833048.30377336
108,862,Ophioscincus truncatus,MLP_multi_interactions_with_coords,random,True,1,0.03194202378729537,-120786.146445189,6833048.30377336
108,863,Pseudechis porphyricaus,MLP_multi_interactions_with_coords,random,True,0,0.024930761574515445,-120786.146445189,6833048.30377336
108,864,Saltuarius swaini,MLP_multi_interactions_with_coords,random,True,0,0.004119339630480162,-120786.146445189,6833048.30377336
116,921,Cacophis kreftii,MLP_multi_interactions_with_coords,random,True,1,0.05778435430751499,-119959.663589068,6832690.76087561
116,922,Calyptotis scutirostrum,MLP_multi_interactions_with_coords,random,True,0,0.1812894703044599,-119959.663589068,6832690.76087561
116,923,Coeranoscincus reticulatus,MLP_multi_interactions_with_coords,random,True,0,0.4096659084881175,-119959.663589068,6832690.76087561
116,924,Egernia mcpheei,MLP_multi_interactions_with_coords,random,True,0,0.04582508728831051,-119959.663589068,6832690.76087561
116,925,Eulamprus murrayi,MLP_multi_interactions_with_coords,random,True,0,0.00834424540137602,-119959.663589068,6832690.76087561
116,926,Ophioscincus truncatus,MLP_multi_interactions_with_coords,random,True,1,0.10008977821557818,-119959.663589068,6832690.76087561
116,927,Pseudechis porphyricaus,MLP_multi_interactions_with_coords,random,True,0,0.025879224686311313,-119959.663589068,6832690.76087561
116,928,Saltuarius swaini,MLP_multi_interactions_with_coords,random,True,0,0.006928968961129856,-119959.663589068,6832690.76087561
117,929,Cacophis kreftii,MLP_multi_interactions_with_coords,random,True,0,0.07386749947629691,-119338.87811833,6832311.15904512
117,930,Calyptotis scutirostrum,MLP_multi_interactions_with_coords,random,True,1,0.32695562900347036,-119338.87811833,6832311.15904512
117,931,Coeranoscincus reticulatus,MLP_multi_interactions_with_coords,random,True,1,0.4348412483602638,-119338.87811833,6832311.15904512
117,932,Egernia mcpheei,MLP_multi_interactions_with_coords,random,True,0,0.03842493617806912,-119338.87811833,6832311.15904512
117,933,Eulamprus murrayi,MLP_multi_interactions_with_coords,random,True,0,0.01081952037400623,-119338.87811833,6832311.15904512
117,934,Ophioscincus truncatus,MLP_multi_interactions_with_coords,random,True,1,0.08534212683371546,-119338.87811833,6832311.15904512
117,935,Pseudechis porphyricaus,MLP_multi_interactions_with_coords,random,True,0,0.024395144373931008,-119338.87811833,6832311.15904512
117,936,Saltuarius swaini,MLP_multi_interactions_with_coords,random,True,0,0.00515438489449701,-119338.87811833,6832311.15904512
121,961,Cacophis kreftii,MLP_multi_interactions_with_coords,random,True,0,0.06950331091769,-113308.229962265,6832416.48893136
121,962,Calyptotis scutirostrum,MLP_multi_interactions_with_coords,random,True,0,0.3269744100684719,-113308.229962265,6832416.48893136
121,963,Coeranoscincus reticulatus,MLP_multi_interactions_with_coords,random,True,1,0.1769730750993536,-113308.229962265,6832416.48893136
121,964,Egernia mcpheei,MLP_multi_interactions_with_coords,random,True,0,0.023431658386986607,-113308.229962265,6832416.48893136
121,965,Eulamprus murrayi,MLP_multi_interactions_with_coords,random,True,0,0.005363774693894779,-113308.229962265,6832416.48893136
121,966,Ophioscincus truncatus,MLP_multi_interactions_with_coords,random,True,1,0.040278033745003036,-113308.229962265,6832416.48893136
121,967,Pseudechis porphyricaus,MLP_multi_interactions_with_coords,random,True,0,0.023677797886514838,-113308.229962265,6832416.48893136
121,968,Saltuarius swaini,MLP_multi_interactions_with_coords,random,True,0,0.006112234677276212,-113308.229962265,6832416.48893136
125,993,Cacophis kreftii,MLP_multi_interactions_with_coords,random,True,0,0.05108298896439023,-119100.196556909,6831521.23488212
125,994,Calyptotis scutirostrum,MLP_multi_interactions_with_coords,random,True,1,0.12093416826752439,-119100.196556909,6831521.23488212
125,995,Coeranoscincus reticulatus,MLP_multi_interactions_with_coords,random,True,0,0.3736442484688614,-119100.196556909,6831521.23488212
125,996,Egernia mcpheei,MLP_multi_interactions_with_coords,random,True,0,0.045981350251408856,-119100.196556909,6831521.23488212
125,997,Eulamprus murrayi,MLP_multi_interactions_with_coords,random,True,0,0.014587579527729374,-119100.196556909,6831521.23488212
125,998,Ophioscincus truncatus,MLP_multi_interactions_with_coords,random,True,0,0.11363107704914645,-119100.196556909,6831521.23488212
125,999,Pseudechis porphyricaus,MLP_multi_interactions_with_coords,random,True,0,0.017972459895393807,-119100.196556909,6831521.23488212
125,1000,Saltuarius swaini,MLP_multi_interactions_with_coords,random,True,0,0.00719692345241369,-119100.196556909,6831521.23488212
129,1025,Cacophis kreftii,MLP_multi_interactions_with_coords,random,True,0,0.14510788735644856,-76147.8048592401,6833277.03106837
129,1026,Calyptotis scutirostrum,MLP_multi_interactions_with_coords,random,True,0,0.5281183291691333,-76147.8048592401,6833277.03106837
129,1027,Coeranoscincus reticulatus,MLP_multi_interactions_with_coords,random,True,0,0.11950963223079168,-76147.8048592401,6833277.03106837
129,1028,Egernia mcpheei,MLP_multi_interactions_with_coords,random,True,0,0.045181187354350394,-76147.8048592401,6833277.03106837
129,1029,Eulamprus murrayi,MLP_multi_interactions_with_coords,random,True,0,0.007132876300030744,-76147.8048592401,6833277.03106837
129,1030,Ophioscincus truncatus,MLP_multi_interactions_with_coords,random,True,0,0.4745807415522431,-76147.8048592401,6833277.03106837
129,1031,Pseudechis porphyricaus,MLP_multi_interactions_with_coords,random,True,0,0.0005805739367297019,-76147.8048592401,6833277.03106837
129,1032,Saltuarius swaini,MLP_multi_interactions_with_coords,random,True,0,0.0033346608634795727,-76147.8048592401,6833277.03106837
132,1049,Cacophis kreftii,MLP_multi_interactions_with_coords,random,True,0,0.09543144115477702,-105801.162580743,6831179.93507326
132,1050,Calyptotis scutirostrum,MLP_multi_interactions_with_coords,random,True,0,0.138201086585717,-105801.162580743,6831179.93507326
132,1051,Coeranoscincus reticulatus,MLP_multi_interactions_with_coords,random,True,0,0.3865138629420214,-105801.162580743,6831179.93507326
132,1052,Egernia mcpheei,MLP_multi_interactions_with_coords,random,True,0,0.0960369202638103,-105801.162580743,6831179.93507326
132,1053,Eulamprus murrayi,MLP_multi_interactions_with_coords,random,True,0,0.002348663609862247,-105801.162580743,6831179.93507326
132,1054,Ophioscincus truncatus,MLP_multi_interactions_with_coords,random,True,0,0.14612937751503197,-105801.162580743,6831179.93507326
132,1055,Pseudechis porphyricaus,MLP_multi_interactions_with_coords,random,True,0,0.00045937454661966156,-105801.162580743,6831179.93507326
132,1056,Saltuarius swaini,MLP_multi_interactions_with_coords,random,True,0,0.0016405888077971093,-105801.162580743,6831179.93507326
133,1057,Cacophis kreftii,MLP_multi_interactions_with_coords,random,True,0,0.066877151202981,-76520.6971461142,6832657.28276156
133,1058,Calyptotis scutirostrum,MLP_multi_interactions_with_coords,random,True,1,0.1882852631512989,-76520.6971461142,6832657.28276156
133,1059,Coeranoscincus reticulatus,MLP_multi_interactions_with_coords,random,True,0,0.033183968166708336,-76520.6971461142,6832657.28276156
133,1060,Egernia mcpheei,MLP_multi_interactions_with_coords,random,True,0,0.011557417028381122,-76520.6971461142,6832657.28276156
133,1061,Eulamprus murrayi,MLP_multi_interactions_with_coords,random,True,0,0.0010701038388262665,-76520.6971461142,6832657.28276156
133,1062,Ophioscincus truncatus,MLP_multi_interactions_with_coords,random,True,0,0.1687543099499028,-76520.6971461142,6832657.28276156
133,1063,Pseudechis porphyricaus,MLP_multi_interactions_with_coords,random,True,0,0.0006475054259675692,-76520.6971461142,6832657.28276156
133,1064,Saltuarius swaini,MLP_multi_interactions_with_coords,random,True,0,0.0030302903440436995,-76520.6971461142,6832657.28276156
136,1081,Cacophis kreftii,MLP_multi_interactions_with_coords,random,True,0,0.08313421043489011,-62745.5415882464,6830732.52392328
136,1082,Calyptotis scutirostrum,MLP_multi_interactions_with_coords,random,True,0,0.0999455290538274,-62745.5415882464,6830732.52392328
136,1083,Coeranoscincus reticulatus,MLP_multi_interactions_with_coords,random,True,0,0.0035531871233248323,-62745.5415882464,6830732.52392328
136,1084,Egernia mcpheei,MLP_multi_interactions_with_coords,random,True,0,0.0015078509605649226,-62745.5415882464,6830732.52392328
136,1085,Eulamprus murrayi,MLP_multi_interactions_with_coords,random,True,0,0.0006305771700912451,-62745.5415882464,6830732.52392328
136,1086,Ophioscincus truncatus,MLP_multi_interactions_with_coords,random,True,1,0.26023737659428675,-62745.5415882464,6830732.52392328
136,1087,Pseudechis porphyricaus,MLP_multi_interactions_with_coords,random,True,0,0.0004931462103529556,-62745.5415882464,6830732.52392328
136,1088,Saltuarius swaini,MLP_multi_interactions_with_coords,random,True,0,0.005236446730087721,-62745.5415882464,6830732.52392328
139,1105,Cacophis kreftii,MLP_multi_interactions_with_coords,random,True,0,0.12778340455320925,-60097.6324680274,6830057.84195886
139,1106,Calyptotis scutirostrum,MLP_multi_interactions_with_coords,random,True,0,0.5784702655321484,-60097.6324680274,6830057.84195886
139,1107,Coeranoscincus reticulatus,MLP_multi_interactions_with_coords,random,True,0,0.02655413370367887,-60097.6324680274,6830057.84195886
139,1108,Egernia mcpheei,MLP_multi_interactions_with_coords,random,True,0,0.021212591466433676,-60097.6324680274,6830057.84195886
139,1109,Eulamprus murrayi,MLP_multi_interactions_with_coords,random,True,0,0.003476145549381273,-60097.6324680274,6830057.84195886
139,1110,Ophioscincus truncatus,MLP_multi_interactions_with_coords,random,True,1,0.48740185023526106,-60097.6324680274,6830057.84195886
139,1111,Pseudechis porphyricaus,MLP_multi_interactions_with_coords,random,True,0,0.00086536997698177,-60097.6324680274,6830057.84195886
139,1112,Saltuarius swaini,MLP_multi_interactions_with_coords,random,True,0,0.004854848325236911,-60097.6324680274,6830057.84195886
141,1121,Cacophis kreftii,MLP_multi_interactions_with_coords,random,True,0,0.09586948015031449,-59274.1159834863,6829696.39928037
141,1122,Calyptotis scutirostrum,MLP_multi_interactions_with_coords,random,True,0,0.36054928282293125,-59274.1159834863,6829696.39928037
141,1123,Coeranoscincus reticulatus,MLP_multi_interactions_with_coords,random,True,0,0.01470167345941437,-59274.1159834863,6829696.39928037
141,1124,Egernia mcpheei,MLP_multi_interactions_with_coords,random,True,0,0.006516237121030043,-59274.1159834863,6829696.39928037
141,1125,Eulamprus murrayi,MLP_multi_interactions_with_coords,random,True,0,0.006808775028175927,-59274.1159834863,6829696.39928037
141,1126,Ophioscincus truncatus,MLP_multi_interactions_with_coords,random,True,0,0.33331856973056284,-59274.1159834863,6829696.39928037
141,1127,Pseudechis porphyricaus,MLP_multi_interactions_with_coords,random,True,0,0.006729736539293732,-59274.1159834863,6829696.39928037
141,1128,Saltuarius swaini,MLP_multi_interactions_with_coords,random,True,0,0.01199697393488032,-59274.1159834863,6829696.39928037
148,1177,Cacophis kreftii,MLP_multi_interactions_with_coords,random,True,0,0.18019040689897314,-59039.7148912014,6828905.9612443
148,1178,Calyptotis scutirostrum,MLP_multi_interactions_with_coords,random,True,1,0.1706767906383185,-59039.7148912014,6828905.9612443
148,1179,Coeranoscincus reticulatus,MLP_multi_interactions_with_coords,random,True,0,0.008499371860101256,-59039.7148912014,6828905.9612443
148,1180,Egernia mcpheei,MLP_multi_interactions_with_coords,random,True,1,0.009173959345712903,-59039.7148912014,6828905.9612443
148,1181,Eulamprus murrayi,MLP_multi_interactions_with_coords,random,True,0,0.004589894146821048,-59039.7148912014,6828905.9612443
148,1182,Ophioscincus truncatus,MLP_multi_interactions_with_coords,random,True,1,0.639727554816702,-59039.7148912014,6828905.9612443
148,1183,Pseudechis porphyricaus,MLP_multi_interactions_with_coords,random,True,0,0.000510555996050649,-59039.7148912014,6828905.9612443
148,1184,Saltuarius swaini,MLP_multi_interactions_with_coords,random,True,0,0.015660299867825793,-59039.7148912014,6828905.9612443
153,1217,Cacophis kreftii,MLP_multi_interactions_with_coords,random,True,0,0.19165305761864984,-56158.084536112,6827640.49763384
153,1218,Calyptotis scutirostrum,MLP_multi_interactions_with_coords,random,True,1,0.4951906005114245,-56158.084536112,6827640.49763384
153,1219,Coeranoscincus reticulatus,MLP_multi_interactions_with_coords,random,True,0,0.027481846255937057,-56158.084536112,6827640.49763384
153,1220,Egernia mcpheei,MLP_multi_interactions_with_coords,random,True,0,0.07126121708348769,-56158.084536112,6827640.49763384
153,1221,Eulamprus murrayi,MLP_multi_interactions_with_coords,random,True,0,0.010152022871613932,-56158.084536112,6827640.49763384
153,1222,Ophioscincus truncatus,MLP_multi_interactions_with_coords,random,True,1,0.6664325085555187,-56158.084536112,6827640.49763384
153,1223,Pseudechis porphyricaus,MLP_multi_interactions_with_coords,random,True,0,0.0003127398552635859,-56158.084536112,6827640.49763384
153,1224,Saltuarius swaini,MLP_multi_interactions_with_coords,random,True,0,0.013628666942406845,-56158.084536112,6827640.49763384
160,1273,Cacophis kreftii,MLP_multi_interactions_with_coords,random,True,0,0.11492882013402976,-57082.2051583753,6825993.28319997
160,1274,Calyptotis scutirostrum,MLP_multi_interactions_with_coords,random,True,1,0.3970535493689697,-57082.2051583753,6825993.28319997
160,1275,Coeranoscincus reticulatus,MLP_multi_interactions_with_coords,random,True,0,0.025591576811960486,-57082.2051583753,6825993.28319997
160,1276,Egernia mcpheei,MLP_multi_interactions_with_coords,random,True,0,0.05025124866188673,-57082.2051583753,6825993.28319997
160,1277,Eulamprus murrayi,MLP_multi_interactions_with_coords,random,True,0,0.007805368046580329,-57082.2051583753,6825993.28319997
160,1278,Ophioscincus truncatus,MLP_multi_interactions_with_coords,random,True,0,0.6557403134518476,-57082.2051583753,6825993.28319997
160,1279,Pseudechis porphyricaus,MLP_multi_interactions_with_coords,random,True,0,0.0003843836732529806,-57082.2051583753,6825993.28319997
160,1280,Saltuarius swaini,MLP_multi_interactions_with_coords,random,True,0,0.009826046457693026,-57082.2051583753,6825993.28319997
165,1313,Cacophis kreftii,MLP_multi_interactions_with_coords,random,True,0,0.07064909100892323,-116199.528148125,6817786.39841097
165,1314,Calyptotis scutirostrum,MLP_multi_interactions_with_coords,random,True,0,0.15432262620966042,-116199.528148125,6817786.39841097
165,1315,Coeranoscincus reticulatus,MLP_multi_interactions_with_coords,random,True,0,0.5016553519306668,-116199.528148125,6817786.39841097
165,1316,Egernia mcpheei,MLP_multi_interactions_with_coords,random,True,0,0.03174962615870424,-116199.528148125,6817786.39841097
165,1317,Eulamprus murrayi,MLP_multi_interactions_with_coords,random,True,0,0.03356290539468954,-116199.528148125,6817786.39841097
165,1318,Ophioscincus truncatus,MLP_multi_interactions_with_coords,random,True,0,0.3177499504960525,-116199.528148125,6817786.39841097
165,1319,Pseudechis porphyricaus,MLP_multi_interactions_with_coords,random,True,0,0.015479899775189987,-116199.528148125,6817786.39841097
165,1320,Saltuarius swaini,MLP_multi_interactions_with_coords,random,True,0,0.009678461630917507,-116199.528148125,6817786.39841097
169,1345,Cacophis kreftii,MLP_multi_interactions_with_coords,random,True,0,0.014692271262888695,-108876.433782581,6816343.47520397
169,1346,Calyptotis scutirostrum,MLP_multi_interactions_with_coords,random,True,0,0.026655135883653546,-108876.433782581,6816343.47520397
169,1347,Coeranoscincus reticulatus,MLP_multi_interactions_with_coords,random,True,0,0.16691608511019976,-108876.433782581,6816343.47520397
169,1348,Egernia mcpheei,MLP_multi_interactions_with_coords,random,True,0,0.02505477327820286,-108876.433782581,6816343.47520397
169,1349,Eulamprus murrayi,MLP_multi_interactions_with_coords,random,True,0,0.005311034337866043,-108876.433782581,6816343.47520397
169,1350,Ophioscincus truncatus,MLP_multi_interactions_with_coords,random,True,0,0.012968022744116188,-108876.433782581,6816343.47520397
169,1351,Pseudechis porphyricaus,MLP_multi_interactions_with_coords,random,True,0,0.008380881094325571,-108876.433782581,6816343.47520397
169,1352,Saltuarius swaini,MLP_multi_interactions_with_coords,random,True,0,0.005495389633354481,-108876.433782581,6816343.47520397
172,1369,Cacophis kreftii,MLP_multi_interactions_with_coords,random,True,0,0.024698403461318477,-148834.228828815,6806479.17622519
172,1370,Calyptotis scutirostrum,MLP_multi_interactions_with_coords,random,True,0,0.09399583823607073,-148834.228828815,6806479.17622519
172,1371,Coeranoscincus reticulatus,MLP_multi_interactions_with_coords,random,True,0,0.5060457885154397,-148834.228828815,6806479.17622519
172,1372,Egernia mcpheei,MLP_multi_interactions_with_coords,random,True,0,0.030791089476208025,-148834.228828815,6806479.17622519
172,1373,Eulamprus murrayi,MLP_multi_interactions_with_coords,random,True,0,0.007523861056297091,-148834.228828815,6806479.17622519
172,1374,Ophioscincus truncatus,MLP_multi_interactions_with_coords,random,True,0,0.020118733771202036,-148834.228828815,6806479.17622519
172,1375,Pseudechis porphyricaus,MLP_multi_interactions_with_coords,random,True,0,0.0249427627102452,-148834.228828815,6806479.17622519
172,1376,Saltuarius swaini,MLP_multi_interactions_with_coords,random,True,0,0.002385350839983356,-148834.228828815,6806479.17622519
173,1377,Cacophis kreftii,MLP_multi_interactions_with_coords,random,True,0,0.002207112955404662,-26864.9515665186,6812638.8314962
173,1378,Calyptotis scutirostrum,MLP_multi_interactions_with_coords,random,True,0,0.0044163410421590235,-26864.9515665186,6812638.8314962
173,1379,Coeranoscincus reticulatus,MLP_multi_interactions_with_coords,random,True,0,0.00042333047445082257,-26864.9515665186,6812638.8314962
173,1380,Egernia mcpheei,MLP_multi_interactions_with_coords,random,True,0,0.0011399847089354116,-26864.9515665186,6812638.8314962
173,1381,Eulamprus murrayi,MLP_multi_interactions_with_coords,random,True,0,0.00038110437022730563,-26864.9515665186,6812638.8314962
173,1382,Ophioscincus truncatus,MLP_multi_interactions_with_coords,random,True,0,0.0041370018364990475,-26864.9515665186,6812638.8314962
173,1383,Pseudechis porphyricaus,MLP_multi_interactions_with_coords,random,True,0,0.00047574044946007647,-26864.9515665186,6812638.8314962
173,1384,Saltuarius swaini,MLP_multi_interactions_with_coords,random,True,0,0.005355527513617757,-26864.9515665186,6812638.8314962
175,1393,Cacophis kreftii,MLP_multi_interactions_with_coords,random,True,0,0.006398708889114749,-26614.0603685924,6811648.67695057
175,1394,Calyptotis scutirostrum,MLP_multi_interactions_with_coords,random,True,1,0.06816361141828482,-26614.0603685924,6811648.67695057
175,1395,Coeranoscincus reticulatus,MLP_multi_interactions_with_coords,random,True,0,0.0017407418325804992,-26614.0603685924,6811648.67695057
175,1396,Egernia mcpheei,MLP_multi_interactions_with_coords,random,True,0,0.0030873341369337883,-26614.0603685924,6811648.67695057
175,1397,Eulamprus murrayi,MLP_multi_interactions_with_coords,random,True,0,0.0011734368829625845,-26614.0603685924,6811648.67695057
175,1398,Ophioscincus truncatus,MLP_multi_interactions_with_coords,random,True,0,0.006680880004066352,-26614.0603685924,6811648.67695057
175,1399,Pseudechis porphyricaus,MLP_multi_interactions_with_coords,random,True,0,0.0005250069292757892,-26614.0603685924,6811648.67695057
175,1400,Saltuarius swaini,MLP_multi_interactions_with_coords,random,True,0,0.0076116432189093286,-26614.0603685924,6811648.67695057
180,1433,Cacophis kreftii,MLP_multi_interactions_with_coords,random,True,0,0.0015395345579096733,-29780.9705356891,6806663.75964171
180,1434,Calyptotis scutirostrum,MLP_multi_interactions_with_coords,random,True,0,0.004460803051211203,-29780.9705356891,6806663.75964171
180,1435,Coeranoscincus reticulatus,MLP_multi_interactions_with_coords,random,True,0,0.0003924598846572221,-29780.9705356891,6806663.75964171
180,1436,Egernia mcpheei,MLP_multi_interactions_with_coords,random,True,0,0.0008802382824274086,-29780.9705356891,6806663.75964171
180,1437,Eulamprus murrayi,MLP_multi_interactions_with_coords,random,True,0,0.0005013789166273842,-29780.9705356891,6806663.75964171
180,1438,Ophioscincus truncatus,MLP_multi_interactions_with_coords,random,True,0,0.0039446424755535245,-29780.9705356891,6806663.75964171
180,1439,Pseudechis porphyricaus,MLP_multi_interactions_with_coords,random,True,0,0.0006705088361726917,-29780.9705356891,6806663.75964171
180,1440,Saltuarius swaini,MLP_multi_interactions_with_coords,random,True,0,0.015181341664143443,-29780.9705356891,6806663.75964171
181,1441,Cacophis kreftii,MLP_multi_interactions_with_coords,random,True,0,0.001497699842857761,-29379.7381757025,6806682.07694802
181,1442,Calyptotis scutirostrum,MLP_multi_interactions_with_coords,random,True,0,0.004440015708727464,-29379.7381757025,6806682.07694802
181,1443,Coeranoscincus reticulatus,MLP_multi_interactions_with_coords,random,True,0,0.0003739280756846253,-29379.7381757025,6806682.07694802
181,1444,Egernia mcpheei,MLP_multi_interactions_with_coords,random,True,0,0.0008557536690088077,-29379.7381757025,6806682.07694802
181,1445,Eulamprus murrayi,MLP_multi_interactions_with_coords,random,True,0,0.000478359955310635,-29379.7381757025,6806682.07694802
181,1446,Ophioscincus truncatus,MLP_multi_interactions_with_coords,random,True,0,0.0037127364355907804,-29379.7381757025,6806682.07694802
181,1447,Pseudechis porphyricaus,MLP_multi_interactions_with_coords,random,True,0,0.0006496555322755206,-29379.7381757025,6806682.07694802
181,1448,Saltuarius swaini,MLP_multi_interactions_with_coords,random,True,0,0.014604293900492308,-29379.7381757025,6806682.07694802
185,1473,Cacophis kreftii,MLP_multi_interactions_with_coords,random,True,0,0.03712718495444043,-154680.904774922,6798732.86570032
185,1474,Calyptotis scutirostrum,MLP_multi_interactions_with_coords,random,True,0,0.1006982120702519,-154680.904774922,6798732.86570032
185,1475,Coeranoscincus reticulatus,MLP_multi_interactions_with_coords,random,True,1,0.5628218364744548,-154680.904774922,6798732.86570032
185,1476,Egernia mcpheei,MLP_multi_interactions_with_coords,random,True,0,0.022659939570721772,-154680.904774922,6798732.86570032
185,1477,Eulamprus murrayi,MLP_multi_interactions_with_coords,random,True,0,0.020276557700022176,-154680.904774922,6798732.86570032
185,1478,Ophioscincus truncatus,MLP_multi_interactions_with_coords,random,True,0,0.04211043219978687,-154680.904774922,6798732.86570032
185,1479,Pseudechis porphyricaus,MLP_multi_interactions_with_coords,random,True,0,0.040229241111656724,-154680.904774922,6798732.86570032
185,1480,Saltuarius swaini,MLP_multi_interactions_with_coords,random,True,0,0.002597513749217586,-154680.904774922,6798732.86570032
194,1545,Cacophis kreftii,MLP_multi_interactions_with_coords,random,True,0,0.1206536852916525,-113057.133584369,6799439.25721174
194,1546,Calyptotis scutirostrum,MLP_multi_interactions_with_coords,random,True,0,0.22295727355071998,-113057.133584369,6799439.25721174
194,1547,Coeranoscincus reticulatus,MLP_multi_interactions_with_coords,random,True,1,0.5645175429697692,-113057.133584369,6799439.25721174
194,1548,Egernia mcpheei,MLP_multi_interactions_with_coords,random,True,0,0.15120843566633776,-113057.133584369,6799439.25721174
194,1549,Eulamprus murrayi,MLP_multi_interactions_with_coords,random,True,0,0.004466545044070426,-113057.133584369,6799439.25721174
194,1550,Ophioscincus truncatus,MLP_multi_interactions_with_coords,random,True,0,0.21433024083619592,-113057.133584369,6799439.25721174
194,1551,Pseudechis porphyricaus,MLP_multi_interactions_with_coords,random,True,0,0.0006742628576141708,-113057.133584369,6799439.25721174
194,1552,Saltuarius swaini,MLP_multi_interactions_with_coords,random,True,0,0.0023777064242305563,-113057.133584369,6799439.25721174
195,1553,Cacophis kreftii,MLP_multi_interactions_with_coords,random,True,0,0.044670544778953866,-153177.628494992,6796999.50794559
195,1554,Calyptotis scutirostrum,MLP_multi_interactions_with_coords,random,True,0,0.11968470277050741,-153177.628494992,6796999.50794559
195,1555,Coeranoscincus reticulatus,MLP_multi_interactions_with_coords,random,True,1,0.5429715626415368,-153177.628494992,6796999.50794559
195,1556,Egernia mcpheei,MLP_multi_interactions_with_coords,random,True,0,0.03440849096993666,-153177.628494992,6796999.50794559
195,1557,Eulamprus murrayi,MLP_multi_interactions_with_coords,random,True,0,0.04116483572730994,-153177.628494992,6796999.50794559
195,1558,Ophioscincus truncatus,MLP_multi_interactions_with_coords,random,True,0,0.055341655375311286,-153177.628494992,6796999.50794559
195,1559,Pseudechis porphyricaus,MLP_multi_interactions_with_coords,random,True,0,0.054497721570330664,-153177.628494992,6796999.50794559
195,1560,Saltuarius swaini,MLP_multi_interactions_with_coords,random,True,0,0.004516925203409976,-153177.628494992,6796999.50794559
203,1617,Cacophis kreftii,MLP_multi_interactions_with_coords,random,True,0,0.026570358084950885,-165638.858103626,6792540.33884748
203,1618,Calyptotis scutirostrum,MLP_multi_interactions_with_coords,random,True,0,0.0647132232371527,-165638.858103626,6792540.33884748
203,1619,Coeranoscincus reticulatus,MLP_multi_interactions_with_coords,random,True,1,0.6088845364872194,-165638.858103626,6792540.33884748
203,1620,Egernia mcpheei,MLP_multi_interactions_with_coords,random,True,0,0.01328458306000787,-165638.858103626,6792540.33884748
203,1621,Eulamprus murrayi,MLP_multi_interactions_with_coords,random,True,0,0.012941654583215884,-165638.858103626,6792540.33884748
203,1622,Ophioscincus truncatus,MLP_multi_interactions_with_coords,random,True,0,0.10283569572317453,-165638.858103626,6792540.33884748
203,1623,Pseudechis porphyricaus,MLP_multi_interactions_with_coords,random,True,0,0.15517843857961994,-165638.858103626,6792540.33884748
203,1624,Saltuarius swaini,MLP_multi_interactions_with_coords,random,True,0,0.006432912871950967,-165638.858103626,6792540.33884748
205,1633,Cacophis kreftii,MLP_multi_interactions_with_coords,random,True,0,0.024838693530111648,-111987.574051639,6794257.38010052
205,1634,Calyptotis scutirostrum,MLP_multi_interactions_with_coords,random,True,0,0.038146388309529926,-111987.574051639,6794257.38010052
205,1635,Coeranoscincus reticulatus,MLP_multi_interactions_with_coords,random,True,0,0.2801310679513453,-111987.574051639,6794257.38010052
205,1636,Egernia mcpheei,MLP_multi_interactions_with_coords,random,True,0,0.03386021889436713,-111987.574051639,6794257.38010052
205,1637,Eulamprus murrayi,MLP_multi_interactions_with_coords,random,True,0,0.009977166284820024,-111987.574051639,6794257.38010052
205,1638,Ophioscincus truncatus,MLP_multi_interactions_with_coords,random,True,0,0.03142816182279948,-111987.574051639,6794257.38010052
205,1639,Pseudechis porphyricaus,MLP_multi_interactions_with_coords,random,True,0,0.014755712320061624,-111987.574051639,6794257.38010052
205,1640,Saltuarius swaini,MLP_multi_interactions_with_coords,random,True,0,0.006069708523457885,-111987.574051639,6794257.38010052
209,1665,Cacophis kreftii,MLP_multi_interactions_with_coords,random,True,0,0.02071247880135777,-112530.721336831,6793024.84869485
209,1666,Calyptotis scutirostrum,MLP_multi_interactions_with_coords,random,True,0,0.041070076757722104,-112530.721336831,6793024.84869485
209,1667,Coeranoscincus reticulatus,MLP_multi_interactions_with_coords,random,True,1,0.2551849286687632,-112530.721336831,6793024.84869485
209,1668,Egernia mcpheei,MLP_multi_interactions_with_coords,random,True,0,0.03379040256572638,-112530.721336831,6793024.84869485
209,1669,Eulamprus murrayi,MLP_multi_interactions_with_coords,random,True,0,0.005371437174539267,-112530.721336831,6793024.84869485
209,1670,Ophioscincus truncatus,MLP_multi_interactions_with_coords,random,True,0,0.013374147952731728,-112530.721336831,6793024.84869485
209,1671,Pseudechis porphyricaus,MLP_multi_interactions_with_coords,random,True,0,0.015302082065324438,-112530.721336831,6793024.84869485
209,1672,Saltuarius swaini,MLP_multi_interactions_with_coords,random,True,0,0.004779864200576694,-112530.721336831,6793024.84869485
214,1705,Cacophis kreftii,MLP_multi_interactions_with_coords,random,True,0,0.02374452861528213,-110822.113763642,6787074.42336939
214,1706,Calyptotis scutirostrum,MLP_multi_interactions_with_coords,random,True,0,0.020091776066321742,-110822.113763642,6787074.42336939
214,1707,Coeranoscincus reticulatus,MLP_multi_interactions_with_coords,random,True,0,0.2616754126041369,-110822.113763642,6787074.42336939
214,1708,Egernia mcpheei,MLP_multi_interactions_with_coords,random,True,0,0.0430209022678162,-110822.113763642,6787074.42336939
214,1709,Eulamprus murrayi,MLP_multi_interactions_with_coords,random,True,0,0.005609984982662601,-110822.113763642,6787074.42336939
214,1710,Ophioscincus truncatus,MLP_multi_interactions_with_coords,random,True,0,0.023933533748470716,-110822.113763642,6787074.42336939
214,1711,Pseudechis porphyricaus,MLP_multi_interactions_with_coords,random,True,0,0.026295123893690934,-110822.113763642,6787074.42336939
214,1712,Saltuarius swaini,MLP_multi_interactions_with_coords,random,True,0,0.01308789012501479,-110822.113763642,6787074.42336939
226,1801,Cacophis kreftii,MLP_multi_interactions_with_coords,random,True,0,0.02121561485975432,-156768.616233883,6780508.50732801
226,1802,Calyptotis scutirostrum,MLP_multi_interactions_with_coords,random,True,0,0.048125686738699734,-156768.616233883,6780508.50732801
226,1803,Coeranoscincus reticulatus,MLP_multi_interactions_with_coords,random,True,1,0.4959776028427023,-156768.616233883,6780508.50732801
226,1804,Egernia mcpheei,MLP_multi_interactions_with_coords,random,True,0,0.016019767958529593,-156768.616233883,6780508.50732801
226,1805,Eulamprus murrayi,MLP_multi_interactions_with_coords,random,True,0,0.01028675725267098,-156768.616233883,6780508.50732801
226,1806,Ophioscincus truncatus,MLP_multi_interactions_with_coords,random,True,0,0.11116177599913422,-156768.616233883,6780508.50732801
226,1807,Pseudechis porphyricaus,MLP_multi_interactions_with_coords,random,True,0,0.023354105686102813,-156768.616233883,6780508.50732801
226,1808,Saltuarius swaini,MLP_multi_interactions_with_coords,random,True,0,0.003621153765600087,-156768.616233883,6780508.50732801
231,1841,Cacophis kreftii,MLP_multi_interactions_with_coords,random,True,0,0.012933157026673194,-107923.462038802,6781588.26422547
231,1842,Calyptotis scutirostrum,MLP_multi_interactions_with_coords,random,True,0,0.012394688421459204,-107923.462038802,6781588.26422547
231,1843,Coeranoscincus reticulatus,MLP_multi_interactions_with_coords,random,True,1,0.1678836354622514,-107923.462038802,6781588.26422547
231,1844,Egernia mcpheei,MLP_multi_interactions_with_coords,random,True,0,0.02406850366663642,-107923.462038802,6781588.26422547
231,1845,Eulamprus murrayi,MLP_multi_interactions_with_coords,random,True,0,0.0061333704862728735,-107923.462038802,6781588.26422547
231,1846,Ophioscincus truncatus,MLP_multi_interactions_with_coords,random,True,0,0.015152734586750542,-107923.462038802,6781588.26422547
231,1847,Pseudechis porphyricaus,MLP_multi_interactions_with_coords,random,True,0,0.0088481143693027,-107923.462038802,6781588.26422547
231,1848,Saltuarius swaini,MLP_multi_interactions_with_coords,random,True,0,0.009076208398225927,-107923.462038802,6781588.26422547
232,1849,Cacophis kreftii,MLP_multi_interactions_with_coords,random,True,0,0.0250462078569977,-154268.894705046,6778832.59399199
232,1850,Calyptotis scutirostrum,MLP_multi_interactions_with_coords,random,True,0,0.04408999410950151,-154268.894705046,6778832.59399199
232,1851,Coeranoscincus reticulatus,MLP_multi_interactions_with_coords,random,True,0,0.4361363684928294,-154268.894705046,6778832.59399199
232,1852,Egernia mcpheei,MLP_multi_interactions_with_coords,random,True,0,0.015442536286829053,-154268.894705046,6778832.59399199
232,1853,Eulamprus murrayi,MLP_multi_interactions_with_coords,random,True,0,0.010935570350108729,-154268.894705046,6778832.59399199
232,1854,Ophioscincus truncatus,MLP_multi_interactions_with_coords,random,True,0,0.20535737341031288,-154268.894705046,6778832.59399199
232,1855,Pseudechis porphyricaus,MLP_multi_interactions_with_coords,random,True,0,0.024788564482674642,-154268.894705046,6778832.59399199
232,1856,Saltuarius swaini,MLP_multi_interactions_with_coords,random,True,0,0.006180117608267543,-154268.894705046,6778832.59399199
236,1881,Cacophis kreftii,MLP_multi_interactions_with_coords,random,True,0,0.022196921771466708,-157007.529503806,6769427.67794309
236,1882,Calyptotis scutirostrum,MLP_multi_interactions_with_coords,random,True,0,0.023444763119789425,-157007.529503806,6769427.67794309
236,1883,Coeranoscincus reticulatus,MLP_multi_interactions_with_coords,random,True,1,0.4239405378664499,-157007.529503806,6769427.67794309
236,1884,Egernia mcpheei,MLP_multi_interactions_with_coords,random,True,0,0.007367538367635734,-157007.529503806,6769427.67794309
236,1885,Eulamprus murrayi,MLP_multi_interactions_with_coords,random,True,0,0.013443360907497273,-157007.529503806,6769427.67794309
236,1886,Ophioscincus truncatus,MLP_multi_interactions_with_coords,random,True,0,0.23798190250255707,-157007.529503806,6769427.67794309
236,1887,Pseudechis porphyricaus,MLP_multi_interactions_with_coords,random,True,0,0.1132096218776297,-157007.529503806,6769427.67794309
236,1888,Saltuarius swaini,MLP_multi_interactions_with_coords,random,True,0,0.011181481114212502,-157007.529503806,6769427.67794309
237,1889,Cacophis kreftii,MLP_multi_interactions_with_coords,random,True,0,0.017775018496126303,-157601.945479142,6769192.74860327
237,1890,Calyptotis scutirostrum,MLP_multi_interactions_with_coords,random,True,0,0.01702111928498931,-157601.945479142,6769192.74860327
237,1891,Coeranoscincus reticulatus,MLP_multi_interactions_with_coords,random,True,1,0.30484703458624557,-157601.945479142,6769192.74860327
237,1892,Egernia mcpheei,MLP_multi_interactions_with_coords,random,True,0,0.0057854274974864315,-157601.945479142,6769192.74860327
237,1893,Eulamprus murrayi,MLP_multi_interactions_with_coords,random,True,0,0.01797688523834162,-157601.945479142,6769192.74860327
237,1894,Ophioscincus truncatus,MLP_multi_interactions_with_coords,random,True,0,0.2533485767975282,-157601.945479142,6769192.74860327
237,1895,Pseudechis porphyricaus,MLP_multi_interactions_with_coords,random,True,0,0.0799894524246851,-157601.945479142,6769192.74860327
237,1896,Saltuarius swaini,MLP_multi_interactions_with_coords,random,True,0,0.007841768917953856,-157601.945479142,6769192.74860327
238,1897,Cacophis kreftii,MLP_multi_interactions_with_coords,random,True,0,0.0032494968972708476,-42631.6013249115,6774856.7836682
238,1898,Calyptotis scutirostrum,MLP_multi_interactions_with_coords,random,True,0,0.014004661840747716,-42631.6013249115,6774856.7836682
238,1899,Coeranoscincus reticulatus,MLP_multi_interactions_with_coords,random,True,0,0.0024113138079442913,-42631.6013249115,6774856.7836682
238,1900,Egernia mcpheei,MLP_multi_interactions_with_coords,random,True,0,0.0021676727235425317,-42631.6013249115,6774856.7836682
238,1901,Eulamprus murrayi,MLP_multi_interactions_with_coords,random,True,0,0.0012673897342443262,-42631.6013249115,6774856.7836682
238,1902,Ophioscincus truncatus,MLP_multi_interactions_with_coords,random,True,0,0.0026095090271079256,-42631.6013249115,6774856.7836682
238,1903,Pseudechis porphyricaus,MLP_multi_interactions_with_coords,random,True,0,0.0012063283276629953,-42631.6013249115,6774856.7836682
238,1904,Saltuarius swaini,MLP_multi_interactions_with_coords,random,True,0,0.017006516313661253,-42631.6013249115,6774856.7836682
253,2017,Cacophis kreftii,MLP_multi_interactions_with_coords,random,True,0,0.029957553186226657,-153010.118576574,6758154.60282466
253,2018,Calyptotis scutirostrum,MLP_multi_interactions_with_coords,random,True,0,0.0182998587794637,-153010.118576574,6758154.60282466
253,2019,Coeranoscincus reticulatus,MLP_multi_interactions_with_coords,random,True,0,0.3757702219139007,-153010.118576574,6758154.60282466
253,2020,Egernia mcpheei,MLP_multi_interactions_with_coords,random,True,0,0.006196612447414376,-153010.118576574,6758154.60282466
253,2021,Eulamprus murrayi,MLP_multi_interactions_with_coords,random,True,0,0.027008800434192366,-153010.118576574,6758154.60282466
253,2022,Ophioscincus truncatus,MLP_multi_interactions_with_coords,random,True,0,0.26047464611505566,-153010.118576574,6758154.60282466
253,2023,Pseudechis porphyricaus,MLP_multi_interactions_with_coords,random,True,0,0.16419080570206107,-153010.118576574,6758154.60282466
253,2024,Saltuarius swaini,MLP_multi_interactions_with_coords,random,True,0,0.012764705033233466,-153010.118576574,6758154.60282466
260,2073,Cacophis kreftii,MLP_multi_interactions_with_coords,random,True,0,0.025929213880434825,-139702.22082351,6757637.17957907
260,2074,Calyptotis scutirostrum,MLP_multi_interactions_with_coords,random,True,0,0.03046414361599897,-139702.22082351,6757637.17957907
260,2075,Coeranoscincus reticulatus,MLP_multi_interactions_with_coords,random,True,0,0.41435667768557755,-139702.22082351,6757637.17957907
260,2076,Egernia mcpheei,MLP_multi_interactions_with_coords,random,True,0,0.01371917838057756,-139702.22082351,6757637.17957907
260,2077,Eulamprus murrayi,MLP_multi_interactions_with_coords,random,True,0,0.008107505070731191,-139702.22082351,6757637.17957907
260,2078,Ophioscincus truncatus,MLP_multi_interactions_with_coords,random,True,0,0.282056232528263,-139702.22082351,6757637.17957907
260,2079,Pseudechis porphyricaus,MLP_multi_interactions_with_coords,random,True,0,0.018225009724299586,-139702.22082351,6757637.17957907
260,2080,Saltuarius swaini,MLP_multi_interactions_with_coords,random,True,0,0.008848593294652474,-139702.22082351,6757637.17957907
261,2081,Cacophis kreftii,MLP_multi_interactions_with_coords,random,True,0,0.023093331934092867,-149531.814001847,6756925.32438673
261,2082,Calyptotis scutirostrum,MLP_multi_interactions_with_coords,random,True,0,0.03795360294913299,-149531.814001847,6756925.32438673
261,2083,Coeranoscincus reticulatus,MLP_multi_interactions_with_coords,random,True,0,0.5189932052300648,-149531.814001847,6756925.32438673
261,2084,Egernia mcpheei,MLP_multi_interactions_with_coords,random,True,0,0.010090209668046742,-149531.814001847,6756925.32438673
261,2085,Eulamprus murrayi,MLP_multi_interactions_with_coords,random,True,0,0.013301486291034234,-149531.814001847,6756925.32438673
261,2086,Ophioscincus truncatus,MLP_multi_interactions_with_coords,random,True,0,0.023108806950453382,-149531.814001847,6756925.32438673
261,2087,Pseudechis porphyricaus,MLP_multi_interactions_with_coords,random,True,0,0.06084161849254294,-149531.814001847,6756925.32438673
261,2088,Saltuarius swaini,MLP_multi_interactions_with_coords,random,True,0,0.0031294114242923785,-149531.814001847,6756925.32438673
279,2225,Cacophis kreftii,MLP_multi_interactions_with_coords,random,True,0,0.02172053042296341,-165065.597196224,6745863.85427266
279,2226,Calyptotis scutirostrum,MLP_multi_interactions_with_coords,random,True,0,0.02191058101591791,-165065.597196224,6745863.85427266
279,2227,Coeranoscincus reticulatus,MLP_multi_interactions_with_coords,random,True,0,0.286147257306817,-165065.597196224,6745863.85427266
279,2228,Egernia mcpheei,MLP_multi_interactions_with_coords,random,True,0,0.011875690788371956,-165065.597196224,6745863.85427266
279,2229,Eulamprus murrayi,MLP_multi_interactions_with_coords,random,True,0,0.006978075470848794,-165065.597196224,6745863.85427266
279,2230,Ophioscincus truncatus,MLP_multi_interactions_with_coords,random,True,0,0.20136963316070863,-165065.597196224,6745863.85427266
279,2231,Pseudechis porphyricaus,MLP_multi_interactions_with_coords,random,True,0,0.04376125522834478,-165065.597196224,6745863.85427266
279,2232,Saltuarius swaini,MLP_multi_interactions_with_coords,random,True,0,0.008233715906965066,-165065.597196224,6745863.85427266
282,2249,Cacophis kreftii,MLP_multi_interactions_with_coords,random,True,0,0.002647740455610474,-48676.0066271106,6751433.87966314
282,2250,Calyptotis scutirostrum,MLP_multi_interactions_with_coords,random,True,0,0.008948986264821223,-48676.0066271106,6751433.87966314
282,2251,Coeranoscincus reticulatus,MLP_multi_interactions_with_coords,random,True,0,0.001357395379456826,-48676.0066271106,6751433.87966314
282,2252,Egernia mcpheei,MLP_multi_interactions_with_coords,random,True,0,0.0016136298869880487,-48676.0066271106,6751433.87966314
282,2253,Eulamprus murrayi,MLP_multi_interactions_with_coords,random,True,0,0.0009878345885305363,-48676.0066271106,6751433.87966314
282,2254,Ophioscincus truncatus,MLP_multi_interactions_with_coords,random,True,0,0.0040951888169932695,-48676.0066271106,6751433.87966314
282,2255,Pseudechis porphyricaus,MLP_multi_interactions_with_coords,random,True,0,0.0014960745996690317,-48676.0066271106,6751433.87966314
282,2256,Saltuarius swaini,MLP_multi_interactions_with_coords,random,True,0,0.02160581878306046,-48676.0066271106,6751433.87966314
283,2257,Cacophis kreftii,MLP_multi_interactions_with_coords,random,True,0,0.016611698624598426,-144358.241751465,6746321.2757456
283,2258,Calyptotis scutirostrum,MLP_multi_interactions_with_coords,random,True,0,0.009367324148402955,-144358.241751465,6746321.2757456
283,2259,Coeranoscincus reticulatus,MLP_multi_interactions_with_coords,random,True,0,0.10488425803912295,-144358.241751465,6746321.2757456
283,2260,Egernia mcpheei,MLP_multi_interactions_with_coords,random,True,0,0.004025969821160062,-144358.241751465,6746321.2757456
283,2261,Eulamprus murrayi,MLP_multi_interactions_with_coords,random,True,0,0.00449213757911588,-144358.241751465,6746321.2757456
283,2262,Ophioscincus truncatus,MLP_multi_interactions_with_coords,random,True,0,0.3732156397371724,-144358.241751465,6746321.2757456
283,2263,Pseudechis porphyricaus,MLP_multi_interactions_with_coords,random,True,0,0.008298973192006037,-144358.241751465,6746321.2757456
283,2264,Saltuarius swaini,MLP_multi_interactions_with_coords,random,True,0,0.0065148410442585295,-144358.241751465,6746321.2757456
285,2273,Cacophis kreftii,MLP_multi_interactions_with_coords,random,True,0,0.0025430602915091916,-48666.355678597,6751233.93894705
285,2274,Calyptotis scutirostrum,MLP_multi_interactions_with_coords,random,True,0,0.008840360842996808,-48666.355678597,6751233.93894705
285,2275,Coeranoscincus reticulatus,MLP_multi_interactions_with_coords,random,True,0,0.0012770174815547708,-48666.355678597,6751233.93894705
285,2276,Egernia mcpheei,MLP_multi_interactions_with_coords,random,True,0,0.0015464686482767542,-48666.355678597,6751233.93894705
285,2277,Eulamprus murrayi,MLP_multi_interactions_with_coords,random,True,0,0.0009115056009268929,-48666.355678597,6751233.93894705
285,2278,Ophioscincus truncatus,MLP_multi_interactions_with_coords,random,True,0,0.0035912941788445872,-48666.355678597,6751233.93894705
285,2279,Pseudechis porphyricaus,MLP_multi_interactions_with_coords,random,True,0,0.001453627665553688,-48666.355678597,6751233.93894705
285,2280,Saltuarius swaini,MLP_multi_interactions_with_coords,random,True,0,0.01994161105184738,-48666.355678597,6751233.93894705
290,2313,Cacophis kreftii,MLP_multi_interactions_with_coords,random,True,0,0.002589676153490078,-54841.9600197467,6750321.73267861
290,2314,Calyptotis scutirostrum,MLP_multi_interactions_with_coords,random,True,0,0.007915401743445074,-54841.9600197467,6750321.73267861
290,2315,Coeranoscincus reticulatus,MLP_multi_interactions_with_coords,random,True,0,0.0026998853587929432,-54841.9600197467,6750321.73267861
290,2316,Egernia mcpheei,MLP_multi_interactions_with_coords,random,True,0,0.0019319093882830113,-54841.9600197467,6750321.73267861
290,2317,Eulamprus murrayi,MLP_multi_interactions_with_coords,random,True,0,0.0010386563683727815,-54841.9600197467,6750321.73267861
290,2318,Ophioscincus truncatus,MLP_multi_interactions_with_coords,random,True,0,0.0018297483278344614,-54841.9600197467,6750321.73267861
290,2319,Pseudechis porphyricaus,MLP_multi_interactions_with_coords,random,True,0,0.001618059700318643,-54841.9600197467,6750321.73267861
290,2320,Saltuarius swaini,MLP_multi_interactions_with_coords,random,True,0,0.01599934228080428,-54841.9600197467,6750321.73267861
303,2417,Cacophis kreftii,MLP_multi_interactions_with_coords,random,True,0,0.007436940037088963,-86896.2863933826,6740221.21400845
303,2418,Calyptotis scutirostrum,MLP_multi_interactions_with_coords,random,True,0,0.005568165661217832,-86896.2863933826,6740221.21400845
303,2419,Coeranoscincus reticulatus,MLP_multi_interactions_with_coords,random,True,0,0.04343971760434207,-86896.2863933826,6740221.21400845
303,2420,Egernia mcpheei,MLP_multi_interactions_with_coords,random,True,0,0.013600965250428592,-86896.2863933826,6740221.21400845
303,2421,Eulamprus murrayi,MLP_multi_interactions_with_coords,random,True,0,0.0028748735601858933,-86896.2863933826,6740221.21400845
303,2422,Ophioscincus truncatus,MLP_multi_interactions_with_coords,random,True,0,0.010085680873341387,-86896.2863933826,6740221.21400845
303,2423,Pseudechis porphyricaus,MLP_multi_interactions_with_coords,random,True,0,0.004263268714138522,-86896.2863933826,6740221.21400845
303,2424,Saltuarius swaini,MLP_multi_interactions_with_coords,random,True,0,0.012281177388122714,-86896.2863933826,6740221.21400845
307,2449,Cacophis kreftii,MLP_multi_interactions_with_coords,random,True,0,0.007368834575839596,-75230.2145233742,6740017.73560779
307,2450,Calyptotis scutirostrum,MLP_multi_interactions_with_coords,random,True,0,0.00761799552256774,-75230.2145233742,6740017.73560779
307,2451,Coeranoscincus reticulatus,MLP_multi_interactions_with_coords,random,True,0,0.032951067859288245,-75230.2145233742,6740017.73560779
307,2452,Egernia mcpheei,MLP_multi_interactions_with_coords,random,True,0,0.00994953732558115,-75230.2145233742,6740017.73560779
307,2453,Eulamprus murrayi,MLP_multi_interactions_with_coords,random,True,0,0.003161688225101767,-75230.2145233742,6740017.73560779
307,2454,Ophioscincus truncatus,MLP_multi_interactions_with_coords,random,True,0,0.0047722135302909596,-75230.2145233742,6740017.73560779
307,2455,Pseudechis porphyricaus,MLP_multi_interactions_with_coords,random,True,0,0.007482284936657726,-75230.2145233742,6740017.73560779
307,2456,Saltuarius swaini,MLP_multi_interactions_with_coords,random,True,0,0.014170639985973685,-75230.2145233742,6740017.73560779
308,2457,Cacophis kreftii,MLP_multi_interactions_with_coords,random,True,0,0.03845235558584191,-164907.141677267,6734992.82147675
308,2458,Calyptotis scutirostrum,MLP_multi_interactions_with_coords,random,True,0,0.015020959017578307,-164907.141677267,6734992.82147675
308,2459,Coeranoscincus reticulatus,MLP_multi_interactions_with_coords,random,True,0,0.20719930940244397,-164907.141677267,6734992.82147675
308,2460,Egernia mcpheei,MLP_multi_interactions_with_coords,random,True,0,0.00653924202946939,-164907.141677267,6734992.82147675
308,2461,Eulamprus murrayi,MLP_multi_interactions_with_coords,random,True,0,0.010415017403083263,-164907.141677267,6734992.82147675
308,2462,Ophioscincus truncatus,MLP_multi_interactions_with_coords,random,True,0,0.2253910820137603,-164907.141677267,6734992.82147675
308,2463,Pseudechis porphyricaus,MLP_multi_interactions_with_coords,random,True,0,0.072502341514258,-164907.141677267,6734992.82147675
308,2464,Saltuarius swaini,MLP_multi_interactions_with_coords,random,True,0,0.010515218079574295,-164907.141677267,6734992.82147675
322,2569,Cacophis kreftii,MLP_multi_interactions_with_coords,random,True,0,0.02134589607129417,-148858.437557277,6712675.66874389
322,2570,Calyptotis scutirostrum,MLP_multi_interactions_with_coords,random,True,0,0.014602798272057122,-148858.437557277,6712675.66874389
322,2571,Coeranoscincus reticulatus,MLP_multi_interactions_with_coords,random,True,0,0.029242224044515253,-148858.437557277,6712675.66874389
322,2572,Egernia mcpheei,MLP_multi_interactions_with_coords,random,True,0,0.001187968120228636,-148858.437557277,6712675.66874389
322,2573,Eulamprus murrayi,MLP_multi_interactions_with_coords,random,True,0,0.00235721193682022,-148858.437557277,6712675.66874389
322,2574,Ophioscincus truncatus,MLP_multi_interactions_with_coords,random,True,0,0.1371261386731332,-148858.437557277,6712675.66874389
322,2575,Pseudechis porphyricaus,MLP_multi_interactions_with_coords,random,True,0,0.21352708434094456,-148858.437557277,6712675.66874389
322,2576,Saltuarius swaini,MLP_multi_interactions_with_coords,random,True,0,0.01719043069830402,-148858.437557277,6712675.66874389
328,2617,Cacophis kreftii,MLP_multi_interactions_with_coords,random,True,0,0.013899680932889685,-160137.175183615,6708870.73185706
328,2618,Calyptotis scutirostrum,MLP_multi_interactions_with_coords,random,True,0,0.00516390105741995,-160137.175183615,6708870.73185706
328,2619,Coeranoscincus reticulatus,MLP_multi_interactions_with_coords,random,True,0,0.12180680979021673,-160137.175183615,6708870.73185706
328,2620,Egernia mcpheei,MLP_multi_interactions_with_coords,random,True,0,0.0035174369920560624,-160137.175183615,6708870.73185706
328,2621,Eulamprus murrayi,MLP_multi_interactions_with_coords,random,True,0,0.008837717645687375,-160137.175183615,6708870.73185706
328,2622,Ophioscincus truncatus,MLP_multi_interactions_with_coords,random,True,0,0.3625528132507674,-160137.175183615,6708870.73185706
328,2623,Pseudechis porphyricaus,MLP_multi_interactions_with_coords,random,True,0,0.05748736814978404,-160137.175183615,6708870.73185706
328,2624,Saltuarius swaini,MLP_multi_interactions_with_coords,random,True,0,0.01734711492011153,-160137.175183615,6708870.73185706
329,2625,Cacophis kreftii,MLP_multi_interactions_with_coords,random,True,0,0.017026888766969665,-161729.965162506,6708587.05668997
329,2626,Calyptotis scutirostrum,MLP_multi_interactions_with_coords,random,True,0,0.010644952505873658,-161729.965162506,6708587.05668997
329,2627,Coeranoscincus reticulatus,MLP_multi_interactions_with_coords,random,True,0,0.32548407560315246,-161729.965162506,6708587.05668997
329,2628,Egernia mcpheei,MLP_multi_interactions_with_coords,random,True,0,0.005935141451725117,-161729.965162506,6708587.05668997
329,2629,Eulamprus murrayi,MLP_multi_interactions_with_coords,random,True,0,0.00874777766731526,-161729.965162506,6708587.05668997
329,2630,Ophioscincus truncatus,MLP_multi_interactions_with_coords,random,True,0,0.2431532537701729,-161729.965162506,6708587.05668997
329,2631,Pseudechis porphyricaus,MLP_multi_interactions_with_coords,random,True,0,0.13513037482561213,-161729.965162506,6708587.05668997
329,2632,Saltuarius swaini,MLP_multi_interactions_with_coords,random,True,0,0.013584048445779135,-161729.965162506,6708587.05668997
339,2705,Cacophis kreftii,MLP_multi_interactions_with_coords,random,True,0,0.002225189069318816,-50204.0063193176,6710952.93925814
339,2706,Calyptotis scutirostrum,MLP_multi_interactions_with_coords,random,True,0,0.002432520820378035,-50204.0063193176,6710952.93925814
339,2707,Coeranoscincus reticulatus,MLP_multi_interactions_with_coords,random,True,0,0.0014113265790591382,-50204.0063193176,6710952.93925814
339,2708,Egernia mcpheei,MLP_multi_interactions_with_coords,random,True,0,0.0015226610166043165,-50204.0063193176,6710952.93925814
339,2709,Eulamprus murrayi,MLP_multi_interactions_with_coords,random,True,0,0.0009140791998027606,-50204.0063193176,6710952.93925814
339,2710,Ophioscincus truncatus,MLP_multi_interactions_with_coords,random,True,0,0.006154985355185994,-50204.0063193176,6710952.93925814
339,2711,Pseudechis porphyricaus,MLP_multi_interactions_with_coords,random,True,0,0.002054296807214291,-50204.0063193176,6710952.93925814
339,2712,Saltuarius swaini,MLP_multi_interactions_with_coords,random,True,0,0.023749193920996028,-50204.0063193176,6710952.93925814
352,2809,Cacophis kreftii,MLP_multi_interactions_with_coords,random,True,0,0.01384202934843801,-161130.645593128,6697139.33525593
352,2810,Calyptotis scutirostrum,MLP_multi_interactions_with_coords,random,True,0,0.005257661018026068,-161130.645593128,6697139.33525593
352,2811,Coeranoscincus reticulatus,MLP_multi_interactions_with_coords,random,True,0,0.07589079271647092,-161130.645593128,6697139.33525593
352,2812,Egernia mcpheei,MLP_multi_interactions_with_coords,random,True,0,0.003789189156245928,-161130.645593128,6697139.33525593
352,2813,Eulamprus murrayi,MLP_multi_interactions_with_coords,random,True,0,0.0029196376720365303,-161130.645593128,6697139.33525593
352,2814,Ophioscincus truncatus,MLP_multi_interactions_with_coords,random,True,0,0.38181663368640445,-161130.645593128,6697139.33525593
352,2815,Pseudechis porphyricaus,MLP_multi_interactions_with_coords,random,True,0,0.01740828333289952,-161130.645593128,6697139.33525593
352,2816,Saltuarius swaini,MLP_multi_interactions_with_coords,random,True,0,0.00849987523360224,-161130.645593128,6697139.33525593
354,2825,Cacophis kreftii,MLP_multi_interactions_with_coords,random,True,0,0.0044727168630268035,-54397.1023715114,6702694.88150925
354,2826,Calyptotis scutirostrum,MLP_multi_interactions_with_coords,random,True,0,0.0025165120937369386,-54397.1023715114,6702694.88150925
354,2827,Coeranoscincus reticulatus,MLP_multi_interactions_with_coords,random,True,0,0.0055001126967048715,-54397.1023715114,6702694.88150925
354,2828,Egernia mcpheei,MLP_multi_interactions_with_coords,random,True,0,0.006000533012989073,-54397.1023715114,6702694.88150925
354,2829,Eulamprus murrayi,MLP_multi_interactions_with_coords,random,True,0,0.0015943038820345047,-54397.1023715114,6702694.88150925
354,2830,Ophioscincus truncatus,MLP_multi_interactions_with_coords,random,True,0,0.01712480949380123,-54397.1023715114,6702694.88150925
354,2831,Pseudechis porphyricaus,MLP_multi_interactions_with_coords,random,True,1,0.0020736469246764207,-54397.1023715114,6702694.88150925
354,2832,Saltuarius swaini,MLP_multi_interactions_with_coords,random,True,0,0.021385670458334217,-54397.1023715114,6702694.88150925
369,2945,Cacophis kreftii,MLP_multi_interactions_with_coords,random,True,0,0.010813830042953727,-115761.593020762,6695476.19653521
369,2946,Calyptotis scutirostrum,MLP_multi_interactions_with_coords,random,True,0,0.009145844177027067,-115761.593020762,6695476.19653521
369,2947,Coeranoscincus reticulatus,MLP_multi_interactions_with_coords,random,True,0,0.22788000905714087,-115761.593020762,6695476.19653521
369,2948,Egernia mcpheei,MLP_multi_interactions_with_coords,random,True,0,0.016853925933987227,-115761.593020762,6695476.19653521
369,2949,Eulamprus murrayi,MLP_multi_interactions_with_coords,random,True,0,0.006911543712801155,-115761.593020762,6695476.19653521
369,2950,Ophioscincus truncatus,MLP_multi_interactions_with_coords,random,True,0,0.009734364893991156,-115761.593020762,6695476.19653521
369,2951,Pseudechis porphyricaus,MLP_multi_interactions_with_coords,random,True,0,0.010042277368208175,-115761.593020762,6695476.19653521
369,2952,Saltuarius swaini,MLP_multi_interactions_with_coords,random,True,0,0.006294957670175974,-115761.593020762,6695476.19653521
372,2969,Cacophis kreftii,MLP_multi_interactions_with_coords,random,True,0,0.002936797503200695,-51958.1449948344,6698406.00349235
372,2970,Calyptotis scutirostrum,MLP_multi_interactions_with_coords,random,True,0,0.006660232271371936,-51958.1449948344,6698406.00349235
372,2971,Coeranoscincus reticulatus,MLP_multi_interactions_with_coords,random,True,0,0.002489770637967111,-51958.1449948344,6698406.00349235
372,2972,Egernia mcpheei,MLP_multi_interactions_with_coords,random,True,0,0.001969226561279654,-51958.1449948344,6698406.00349235
372,2973,Eulamprus murrayi,MLP_multi_interactions_with_coords,random,True,0,0.0011181051879128952,-51958.1449948344,6698406.00349235
372,2974,Ophioscincus truncatus,MLP_multi_interactions_with_coords,random,True,0,0.0024181109811013883,-51958.1449948344,6698406.00349235
372,2975,Pseudechis porphyricaus,MLP_multi_interactions_with_coords,random,True,0,0.0021695640853701633,-51958.1449948344,6698406.00349235
372,2976,Saltuarius swaini,MLP_multi_interactions_with_coords,random,True,0,0.01894469087028235,-51958.1449948344,6698406.00349235
379,3025,Cacophis kreftii,MLP_multi_interactions_with_coords,random,True,0,0.008580075688618263,-170997.113124586,6685555.44783591
379,3026,Calyptotis scutirostrum,MLP_multi_interactions_with_coords,random,True,0,0.00307546811650125,-170997.113124586,6685555.44783591
379,3027,Coeranoscincus reticulatus,MLP_multi_interactions_with_coords,random,True,0,0.05604538295819238,-170997.113124586,6685555.44783591
379,3028,Egernia mcpheei,MLP_multi_interactions_with_coords,random,True,0,0.00408769213252522,-170997.113124586,6685555.44783591
379,3029,Eulamprus murrayi,MLP_multi_interactions_with_coords,random,True,0,0.004660167604211365,-170997.113124586,6685555.44783591
379,3030,Ophioscincus truncatus,MLP_multi_interactions_with_coords,random,True,0,0.19319707141765938,-170997.113124586,6685555.44783591
379,3031,Pseudechis porphyricaus,MLP_multi_interactions_with_coords,random,True,0,0.015546771790700355,-170997.113124586,6685555.44783591
379,3032,Saltuarius swaini,MLP_multi_interactions_with_coords,random,True,0,0.004327665968477416,-170997.113124586,6685555.44783591
380,3033,Cacophis kreftii,MLP_multi_interactions_with_coords,random,True,0,0.009809676582672927,-171751.567168655,6684505.22516541
380,3034,Calyptotis scutirostrum,MLP_multi_interactions_with_coords,random,True,0,0.003551983030409679,-171751.567168655,6684505.22516541
380,3035,Coeranoscincus reticulatus,MLP_multi_interactions_with_coords,random,True,0,0.06327230487928326,-171751.567168655,6684505.22516541
380,3036,Egernia mcpheei,MLP_multi_interactions_with_coords,random,True,0,0.004907575084911779,-171751.567168655,6684505.22516541
380,3037,Eulamprus murrayi,MLP_multi_interactions_with_coords,random,True,0,0.00523303468082225,-171751.567168655,6684505.22516541
380,3038,Ophioscincus truncatus,MLP_multi_interactions_with_coords,random,True,0,0.20480605177157454,-171751.567168655,6684505.22516541
380,3039,Pseudechis porphyricaus,MLP_multi_interactions_with_coords,random,True,0,0.019269099324669914,-171751.567168655,6684505.22516541
380,3040,Saltuarius swaini,MLP_multi_interactions_with_coords,random,True,0,0.005781104395430525,-171751.567168655,6684505.22516541
381,3041,Cacophis kreftii,MLP_multi_interactions_with_coords,random,True,0,0.010747339412735632,-170101.851938007,6683790.0457837
381,3042,Calyptotis scutirostrum,MLP_multi_interactions_with_coords,random,True,0,0.003856616743212572,-170101.851938007,6683790.0457837
381,3043,Coeranoscincus reticulatus,MLP_multi_interactions_with_coords,random,True,0,0.0711234908480349,-170101.851938007,6683790.0457837
381,3044,Egernia mcpheei,MLP_multi_interactions_with_coords,random,True,0,0.005133780494093346,-170101.851938007,6683790.0457837
381,3045,Eulamprus murrayi,MLP_multi_interactions_with_coords,random,True,0,0.004641742650197447,-170101.851938007,6683790.0457837
381,3046,Ophioscincus truncatus,MLP_multi_interactions_with_coords,random,True,1,0.21584980383842778,-170101.851938007,6683790.0457837
381,3047,Pseudechis porphyricaus,MLP_multi_interactions_with_coords,random,True,0,0.02236037067072983,-170101.851938007,6683790.0457837
381,3048,Saltuarius swaini,MLP_multi_interactions_with_coords,random,True,0,0.006503338071395081,-170101.851938007,6683790.0457837
384,3065,Cacophis kreftii,MLP_multi_interactions_with_coords,random,True,0,0.026526927366076813,-153569.490242912,6679419.46406309
384,3066,Calyptotis scutirostrum,MLP_multi_interactions_with_coords,random,True,0,0.00850401885391914,-153569.490242912,6679419.46406309
384,3067,Coeranoscincus reticulatus,MLP_multi_interactions_with_coords,random,True,0,0.2216885588460263,-153569.490242912,6679419.46406309
384,3068,Egernia mcpheei,MLP_multi_interactions_with_coords,random,True,0,0.007988906884818492,-153569.490242912,6679419.46406309
384,3069,Eulamprus murrayi,MLP_multi_interactions_with_coords,random,True,0,0.010999714754005583,-153569.490242912,6679419.46406309
384,3070,Ophioscincus truncatus,MLP_multi_interactions_with_coords,random,True,0,0.19686411918152819,-153569.490242912,6679419.46406309
384,3071,Pseudechis porphyricaus,MLP_multi_interactions_with_coords,random,True,0,0.06081726554470435,-153569.490242912,6679419.46406309
384,3072,Saltuarius swaini,MLP_multi_interactions_with_coords,random,True,0,0.009254574883475784,-153569.490242912,6679419.46406309
394,3145,Cacophis kreftii,MLP_multi_interactions_with_coords,random,True,0,0.02286354982580115,-157694.599141127,6669935.38089694
394,3146,Calyptotis scutirostrum,MLP_multi_interactions_with_coords,random,True,0,0.006443653010981194,-157694.599141127,6669935.38089694
394,3147,Coeranoscincus reticulatus,MLP_multi_interactions_with_coords,random,True,0,0.17390521293328925,-157694.599141127,6669935.38089694
394,3148,Egernia mcpheei,MLP_multi_interactions_with_coords,random,True,0,0.006666392420370472,-157694.599141127,6669935.38089694
394,3149,Eulamprus murrayi,MLP_multi_interactions_with_coords,random,True,0,0.014879849952089092,-157694.599141127,6669935.38089694
394,3150,Ophioscincus truncatus,MLP_multi_interactions_with_coords,random,True,0,0.14286201760073247,-157694.599141127,6669935.38089694
394,3151,Pseudechis porphyricaus,MLP_multi_interactions_with_coords,random,True,0,0.06153819237725628,-157694.599141127,6669935.38089694
394,3152,Saltuarius swaini,MLP_multi_interactions_with_coords,random,True,0,0.007863699703054464,-157694.599141127,6669935.38089694
395,3153,Cacophis kreftii,MLP_multi_interactions_with_coords,random,True,0,0.026230055986328032,-156289.421979757,6670007.80018539
395,3154,Calyptotis scutirostrum,MLP_multi_interactions_with_coords,random,True,0,0.008263299550039046,-156289.421979757,6670007.80018539
395,3155,Coeranoscincus reticulatus,MLP_multi_interactions_with_coords,random,True,0,0.2263772088653401,-156289.421979757,6670007.80018539
395,3156,Egernia mcpheei,MLP_multi_interactions_with_coords,random,True,0,0.009173864318976366,-156289.421979757,6670007.80018539
395,3157,Eulamprus murrayi,MLP_multi_interactions_with_coords,random,True,0,0.016708158612381896,-156289.421979757,6670007.80018539
395,3158,Ophioscincus truncatus,MLP_multi_interactions_with_coords,random,True,0,0.1464975883691669,-156289.421979757,6670007.80018539
395,3159,Pseudechis porphyricaus,MLP_multi_interactions_with_coords,random,True,0,0.0808188821196665,-156289.421979757,6670007.80018539
395,3160,Saltuarius swaini,MLP_multi_interactions_with_coords,random,True,0,0.01024784705518321,-156289.421979757,6670007.80018539
396,3161,Cacophis kreftii,MLP_multi_interactions_with_coords,random,True,0,0.017034029273983314,-122906.583332893,6670557.67612587
396,3162,Calyptotis scutirostrum,MLP_multi_interactions_with_coords,random,True,0,0.009399439665730142,-122906.583332893,6670557.67612587
396,3163,Coeranoscincus reticulatus,MLP_multi_interactions_with_coords,random,True,1,0.46174353349152064,-122906.583332893,6670557.67612587
396,3164,Egernia mcpheei,MLP_multi_interactions_with_coords,random,True,0,0.016647180387102254,-122906.583332893,6670557.67612587
396,3165,Eulamprus murrayi,MLP_multi_interactions_with_coords,random,True,0,0.004877382475325644,-122906.583332893,6670557.67612587
396,3166,Ophioscincus truncatus,MLP_multi_interactions_with_coords,random,True,0,0.1440252737499564,-122906.583332893,6670557.67612587
396,3167,Pseudechis porphyricaus,MLP_multi_interactions_with_coords,random,True,0,0.02624143409630337,-122906.583332893,6670557.67612587
396,3168,Saltuarius swaini,MLP_multi_interactions_with_coords,random,True,0,0.012456731098396399,-122906.583332893,6670557.67612587
400,3193,Cacophis kreftii,MLP_multi_interactions_with_coords,random,True,0,0.013293875057504794,-125067.694169073,6669443.0445974
400,3194,Calyptotis scutirostrum,MLP_multi_interactions_with_coords,random,True,0,0.04394464918995791,-125067.694169073,6669443.0445974
400,3195,Coeranoscincus reticulatus,MLP_multi_interactions_with_coords,random,True,1,0.3093138918354705,-125067.694169073,6669443.0445974
400,3196,Egernia mcpheei,MLP_multi_interactions_with_coords,random,True,0,0.01474017356092759,-125067.694169073,6669443.0445974
400,3197,Eulamprus murrayi,MLP_multi_interactions_with_coords,random,True,0,0.0022117889806620556,-125067.694169073,6669443.0445974
400,3198,Ophioscincus truncatus,MLP_multi_interactions_with_coords,random,True,0,0.0013081638495356393,-125067.694169073,6669443.0445974
400,3199,Pseudechis porphyricaus,MLP_multi_interactions_with_coords,random,True,0,0.019664672202117896,-125067.694169073,6669443.0445974
400,3200,Saltuarius swaini,MLP_multi_interactions_with_coords,random,True,0,0.0012344554950402041,-125067.694169073,6669443.0445974
403,3217,Cacophis kreftii,MLP_multi_interactions_with_coords,random,True,0,0.005476639073747334,-58257.6048943475,6672743.96684541
403,3218,Calyptotis scutirostrum,MLP_multi_interactions_with_coords,random,True,0,0.004750774925144058,-58257.6048943475,6672743.96684541
403,3219,Coeranoscincus reticulatus,MLP_multi_interactions_with_coords,random,True,0,0.013856365444490799,-58257.6048943475,6672743.96684541
403,3220,Egernia mcpheei,MLP_multi_interactions_with_coords,random,True,0,0.006728093455132514,-58257.6048943475,6672743.96684541
403,3221,Eulamprus murrayi,MLP_multi_interactions_with_coords,random,True,0,0.002088153868901851,-58257.6048943475,6672743.96684541
403,3222,Ophioscincus truncatus,MLP_multi_interactions_with_coords,random,True,0,0.008790287278012555,-58257.6048943475,6672743.96684541
403,3223,Pseudechis porphyricaus,MLP_multi_interactions_with_coords,random,True,0,0.0019060448438877695,-58257.6048943475,6672743.96684541
403,3224,Saltuarius swaini,MLP_multi_interactions_with_coords,random,True,0,0.014873726811782203,-58257.6048943475,6672743.96684541
407,3249,Cacophis kreftii,MLP_multi_interactions_with_coords,random,True,0,0.020518981942509708,-125225.02885331,6668620.03383924
407,3250,Calyptotis scutirostrum,MLP_multi_interactions_with_coords,random,True,0,0.044359976191196145,-125225.02885331,6668620.03383924
407,3251,Coeranoscincus reticulatus,MLP_multi_interactions_with_coords,random,True,0,0.47540057962511667,-125225.02885331,6668620.03383924
407,3252,Egernia mcpheei,MLP_multi_interactions_with_coords,random,True,0,0.016055206448430514,-125225.02885331,6668620.03383924
407,3253,Eulamprus murrayi,MLP_multi_interactions_with_coords,random,True,0,0.00420345198597219,-125225.02885331,6668620.03383924
407,3254,Ophioscincus truncatus,MLP_multi_interactions_with_coords,random,True,0,0.006666382041874097,-125225.02885331,6668620.03383924
407,3255,Pseudechis porphyricaus,MLP_multi_interactions_with_coords,random,True,0,0.025702927975218833,-125225.02885331,6668620.03383924
407,3256,Saltuarius swaini,MLP_multi_interactions_with_coords,random,True,0,0.0027097596713626174,-125225.02885331,6668620.03383924
413,3297,Cacophis kreftii,MLP_multi_interactions_with_coords,random,True,0,0.016223543983249086,-120072.988069293,6666279.06080417
413,3298,Calyptotis scutirostrum,MLP_multi_interactions_with_coords,random,True,0,0.008210659819531679,-120072.988069293,6666279.06080417
413,3299,Coeranoscincus reticulatus,MLP_multi_interactions_with_coords,random,True,1,0.43449709807639886,-120072.988069293,6666279.06080417
413,3300,Egernia mcpheei,MLP_multi_interactions_with_coords,random,True,0,0.022563512756975712,-120072.988069293,6666279.06080417
413,3301,Eulamprus murrayi,MLP_multi_interactions_with_coords,random,True,0,0.008789469045916784,-120072.988069293,6666279.06080417
413,3302,Ophioscincus truncatus,MLP_multi_interactions_with_coords,random,True,0,0.12975611004258317,-120072.988069293,6666279.06080417
413,3303,Pseudechis porphyricaus,MLP_multi_interactions_with_coords,random,True,1,0.022718122079548913,-120072.988069293,6666279.06080417
413,3304,Saltuarius swaini,MLP_multi_interactions_with_coords,random,True,0,0.012480679956646585,-120072.988069293,6666279.06080417
415,3313,Cacophis kreftii,MLP_multi_interactions_with_coords,random,True,0,0.013772045823347836,-178654.150282374,6662593.67423277
415,3314,Calyptotis scutirostrum,MLP_multi_interactions_with_coords,random,True,0,0.002944450536454017,-178654.150282374,6662593.67423277
415,3315,Coeranoscincus reticulatus,MLP_multi_interactions_with_coords,random,True,0,0.11336243859047304,-178654.150282374,6662593.67423277
415,3316,Egernia mcpheei,MLP_multi_interactions_with_coords,random,True,0,0.0024141314239797436,-178654.150282374,6662593.67423277
415,3317,Eulamprus murrayi,MLP_multi_interactions_with_coords,random,True,0,0.022684724655381294,-178654.150282374,6662593.67423277
415,3318,Ophioscincus truncatus,MLP_multi_interactions_with_coords,random,True,0,0.13315250675315055,-178654.150282374,6662593.67423277
415,3319,Pseudechis porphyricaus,MLP_multi_interactions_with_coords,random,True,0,0.2562331077491837,-178654.150282374,6662593.67423277
415,3320,Saltuarius swaini,MLP_multi_interactions_with_coords,random,True,0,0.01011969973664595,-178654.150282374,6662593.67423277
420,3353,Cacophis kreftii,MLP_multi_interactions_with_coords,random,True,0,0.0252824778507788,-125379.598774365,6663983.11844257
420,3354,Calyptotis scutirostrum,MLP_multi_interactions_with_coords,random,True,0,0.012754961499881236,-125379.598774365,6663983.11844257
420,3355,Coeranoscincus reticulatus,MLP_multi_interactions_with_coords,random,True,1,0.41994257331613366,-125379.598774365,6663983.11844257
420,3356,Egernia mcpheei,MLP_multi_interactions_with_coords,random,True,0,0.010174179518811645,-125379.598774365,6663983.11844257
420,3357,Eulamprus murrayi,MLP_multi_interactions_with_coords,random,True,0,0.013187335015660382,-125379.598774365,6663983.11844257
420,3358,Ophioscincus truncatus,MLP_multi_interactions_with_coords,random,True,0,0.10894106618610751,-125379.598774365,6663983.11844257
420,3359,Pseudechis porphyricaus,MLP_multi_interactions_with_coords,random,True,0,0.021494712169145894,-125379.598774365,6663983.11844257
420,3360,Saltuarius swaini,MLP_multi_interactions_with_coords,random,True,0,0.005721060821860694,-125379.598774365,6663983.11844257
422,3369,Cacophis kreftii,MLP_multi_interactions_with_coords,random,True,0,0.031121507300442677,-125514.62268173,6662771.00533564
422,3370,Calyptotis scutirostrum,MLP_multi_interactions_with_coords,random,True,0,0.014560959100029454,-125514.62268173,6662771.00533564
422,3371,Coeranoscincus reticulatus,MLP_multi_interactions_with_coords,random,True,1,0.42591706159153137,-125514.62268173,6662771.00533564
422,3372,Egernia mcpheei,MLP_multi_interactions_with_coords,random,True,0,0.008734617655161812,-125514.62268173,6662771.00533564
422,3373,Eulamprus murrayi,MLP_multi_interactions_with_coords,random,True,0,0.0074337656697140925,-125514.62268173,6662771.00533564
422,3374,Ophioscincus truncatus,MLP_multi_interactions_with_coords,random,True,0,0.11634537953588626,-125514.62268173,6662771.00533564
422,3375,Pseudechis porphyricaus,MLP_multi_interactions_with_coords,random,True,0,0.03625894909741985,-125514.62268173,6662771.00533564
422,3376,Saltuarius swaini,MLP_multi_interactions_with_coords,random,True,0,0.008564247101621795,-125514.62268173,6662771.00533564
427,3409,Cacophis kreftii,MLP_multi_interactions_with_coords,random,True,0,0.02360197603864514,-128408.296244871,6660409.13008774
427,3410,Calyptotis scutirostrum,MLP_multi_interactions_with_coords,random,True,0,0.006151528908090271,-128408.296244871,6660409.13008774
427,3411,Coeranoscincus reticulatus,MLP_multi_interactions_with_coords,random,True,1,0.26460868296364143,-128408.296244871,6660409.13008774
427,3412,Egernia mcpheei,MLP_multi_interactions_with_coords,random,True,0,0.006211255239154103,-128408.296244871,6660409.13008774
427,3413,Eulamprus murrayi,MLP_multi_interactions_with_coords,random,True,0,0.00956341416102141,-128408.296244871,6660409.13008774
427,3414,Ophioscincus truncatus,MLP_multi_interactions_with_coords,random,True,0,0.23661487743995743,-128408.296244871,6660409.13008774
427,3415,Pseudechis porphyricaus,MLP_multi_interactions_with_coords,random,True,0,0.02844014665955807,-128408.296244871,6660409.13008774
427,3416,Saltuarius swaini,MLP_multi_interactions_with_coords,random,True,0,0.008899755252922241,-128408.296244871,6660409.13008774
447,3569,Cacophis kreftii,MLP_multi_interactions_with_coords,random,True,0,0.014148302152050516,-134779.996572383,6651420.87222455
447,3570,Calyptotis scutirostrum,MLP_multi_interactions_with_coords,random,True,0,0.0029898042733572843,-134779.996572383,6651420.87222455
447,3571,Coeranoscincus reticulatus,MLP_multi_interactions_with_coords,random,True,0,0.12162311556117743,-134779.996572383,6651420.87222455
447,3572,Egernia mcpheei,MLP_multi_interactions_with_coords,random,True,0,0.005530548561491089,-134779.996572383,6651420.87222455
447,3573,Eulamprus murrayi,MLP_multi_interactions_with_coords,random,True,0,0.002544714667159726,-134779.996572383,6651420.87222455
447,3574,Ophioscincus truncatus,MLP_multi_interactions_with_coords,random,True,0,0.33006726079500265,-134779.996572383,6651420.87222455
447,3575,Pseudechis porphyricaus,MLP_multi_interactions_with_coords,random,True,0,0.025232879978837244,-134779.996572383,6651420.87222455
447,3576,Saltuarius swaini,MLP_multi_interactions_with_coords,random,True,0,0.011540070011722539,-134779.996572383,6651420.87222455
449,3585,Cacophis kreftii,MLP_multi_interactions_with_coords,random,True,0,0.02280731077102437,-135559.130529282,6650974.17840999
449,3586,Calyptotis scutirostrum,MLP_multi_interactions_with_coords,random,True,0,0.0036831803332156737,-135559.130529282,6650974.17840999
449,3587,Coeranoscincus reticulatus,MLP_multi_interactions_with_coords,random,True,0,0.1832741758485946,-135559.130529282,6650974.17840999
449,3588,Egernia mcpheei,MLP_multi_interactions_with_coords,random,True,0,0.013541108029247744,-135559.130529282,6650974.17840999
449,3589,Eulamprus murrayi,MLP_multi_interactions_with_coords,random,True,0,0.0060863103844439465,-135559.130529282,6650974.17840999
449,3590,Ophioscincus truncatus,MLP_multi_interactions_with_coords,random,True,1,0.32601940390930007,-135559.130529282,6650974.17840999
449,3591,Pseudechis porphyricaus,MLP_multi_interactions_with_coords,random,True,0,0.048909911841827115,-135559.130529282,6650974.17840999
449,3592,Saltuarius swaini,MLP_multi_interactions_with_coords,random,True,0,0.03846996563173044,-135559.130529282,6650974.17840999
450,3593,Cacophis kreftii,MLP_multi_interactions_with_coords,random,True,0,0.006638774794729328,-65340.5697630112,6654471.79599168
450,3594,Calyptotis scutirostrum,MLP_multi_interactions_with_coords,random,True,0,0.005454809206499149,-65340.5697630112,6654471.79599168
450,3595,Coeranoscincus reticulatus,MLP_multi_interactions_with_coords,random,True,0,0.007885924679840835,-65340.5697630112,6654471.79599168
450,3596,Egernia mcpheei,MLP_multi_interactions_with_coords,random,True,0,0.005915742055154738,-65340.5697630112,6654471.79599168
450,3597,Eulamprus murrayi,MLP_multi_interactions_with_coords,random,True,0,0.00240993262652014,-65340.5697630112,6654471.79599168
450,3598,Ophioscincus truncatus,MLP_multi_interactions_with_coords,random,True,0,0.029310733705734886,-65340.5697630112,6654471.79599168
450,3599,Pseudechis porphyricaus,MLP_multi_interactions_with_coords,random,True,0,0.002828575805444269,-65340.5697630112,6654471.79599168
450,3600,Saltuarius swaini,MLP_multi_interactions_with_coords,random,True,0,0.026103860163049816,-65340.5697630112,6654471.79599168
458,3657,Cacophis kreftii,MLP_multi_interactions_with_coords,random,True,0,0.009181066196258726,-133451.630563193,6649077.13745528
458,3658,Calyptotis scutirostrum,MLP_multi_interactions_with_coords,random,True,0,0.0017040933398385447,-133451.630563193,6649077.13745528
458,3659,Coeranoscincus reticulatus,MLP_multi_interactions_with_coords,random,True,0,0.04621740359268323,-133451.630563193,6649077.13745528
458,3660,Egernia mcpheei,MLP_multi_interactions_with_coords,random,True,0,0.00426261167232861,-133451.630563193,6649077.13745528
458,3661,Eulamprus murrayi,MLP_multi_interactions_with_coords,random,True,0,0.006373317212213921,-133451.630563193,6649077.13745528
458,3662,Ophioscincus truncatus,MLP_multi_interactions_with_coords,random,True,0,0.3656184803248866,-133451.630563193,6649077.13745528
458,3663,Pseudechis porphyricaus,MLP_multi_interactions_with_coords,random,True,0,0.008915203490692606,-133451.630563193,6649077.13745528
458,3664,Saltuarius swaini,MLP_multi_interactions_with_coords,random,True,0,0.008928090673321851,-133451.630563193,6649077.13745528
461,3681,Cacophis kreftii,MLP_multi_interactions_with_coords,random,True,0,0.014423685530557138,-132111.524830825,6646522.10607269
461,3682,Calyptotis scutirostrum,MLP_multi_interactions_with_coords,random,True,0,0.0014569384175205907,-132111.524830825,6646522.10607269
461,3683,Coeranoscincus reticulatus,MLP_multi_interactions_with_coords,random,True,0,0.05760747834930784,-132111.524830825,6646522.10607269
461,3684,Egernia mcpheei,MLP_multi_interactions_with_coords,random,True,0,0.0025521491612523948,-132111.524830825,6646522.10607269
461,3685,Eulamprus murrayi,MLP_multi_interactions_with_coords,random,True,0,0.0071082522018953735,-132111.524830825,6646522.10607269
461,3686,Ophioscincus truncatus,MLP_multi_interactions_with_coords,random,True,0,0.29447649711005247,-132111.524830825,6646522.10607269
461,3687,Pseudechis porphyricaus,MLP_multi_interactions_with_coords,random,True,0,0.015585401762452615,-132111.524830825,6646522.10607269
461,3688,Saltuarius swaini,MLP_multi_interactions_with_coords,random,True,0,0.009685370416108256,-132111.524830825,6646522.10607269
462,3689,Cacophis kreftii,MLP_multi_interactions_with_coords,random,True,0,0.02322610420159778,-129873.482679348,6646037.61836241
462,3690,Calyptotis scutirostrum,MLP_multi_interactions_with_coords,random,True,0,0.005691441240897255,-129873.482679348,6646037.61836241
462,3691,Coeranoscincus reticulatus,MLP_multi_interactions_with_coords,random,True,0,0.3080462913204816,-129873.482679348,6646037.61836241
462,3692,Egernia mcpheei,MLP_multi_interactions_with_coords,random,True,0,0.005526467411290169,-129873.482679348,6646037.61836241
462,3693,Eulamprus murrayi,MLP_multi_interactions_with_coords,random,True,0,0.004996119406501681,-129873.482679348,6646037.61836241
462,3694,Ophioscincus truncatus,MLP_multi_interactions_with_coords,random,True,1,0.13560512534351382,-129873.482679348,6646037.61836241
462,3695,Pseudechis porphyricaus,MLP_multi_interactions_with_coords,random,True,0,0.04266514918304703,-129873.482679348,6646037.61836241
462,3696,Saltuarius swaini,MLP_multi_interactions_with_coords,random,True,0,0.011976178251566673,-129873.482679348,6646037.61836241
463,3697,Cacophis kreftii,MLP_multi_interactions_with_coords,random,True,0,0.021733450684735454,-130606.171632184,6644790.80822609
463,3698,Calyptotis scutirostrum,MLP_multi_interactions_with_coords,random,True,0,0.0054962280990801336,-130606.171632184,6644790.80822609
463,3699,Coeranoscincus reticulatus,MLP_multi_interactions_with_coords,random,True,0,0.28138416493293406,-130606.171632184,6644790.80822609
463,3700,Egernia mcpheei,MLP_multi_interactions_with_coords,random,True,0,0.006913921436487414,-130606.171632184,6644790.80822609
463,3701,Eulamprus murrayi,MLP_multi_interactions_with_coords,random,True,0,0.008244496809778094,-130606.171632184,6644790.80822609
463,3702,Ophioscincus truncatus,MLP_multi_interactions_with_coords,random,True,0,0.14733121984827569,-130606.171632184,6644790.80822609
463,3703,Pseudechis porphyricaus,MLP_multi_interactions_with_coords,random,True,0,0.036500897469222325,-130606.171632184,6644790.80822609
463,3704,Saltuarius swaini,MLP_multi_interactions_with_coords,random,True,0,0.008735121479440947,-130606.171632184,6644790.80822609
464,3705,Cacophis kreftii,MLP_multi_interactions_with_coords,random,True,0,0.0030547462614234945,-62036.5636510338,6645195.69882671
464,3706,Calyptotis scutirostrum,MLP_multi_interactions_with_coords,random,True,0,0.004076982870782067,-62036.5636510338,6645195.69882671
464,3707,Coeranoscincus reticulatus,MLP_multi_interactions_with_coords,random,True,0,0.0024732260602541027,-62036.5636510338,6645195.69882671
464,3708,Egernia mcpheei,MLP_multi_interactions_with_coords,random,True,0,0.0020845106283590735,-62036.5636510338,6645195.69882671
464,3709,Eulamprus murrayi,MLP_multi_interactions_with_coords,random,True,0,0.0013923247520585837,-62036.5636510338,6645195.69882671
464,3710,Ophioscincus truncatus,MLP_multi_interactions_with_coords,random,True,0,0.0043982218752411945,-62036.5636510338,6645195.69882671
464,3711,Pseudechis porphyricaus,MLP_multi_interactions_with_coords,random,True,0,0.0034958079734212903,-62036.5636510338,6645195.69882671
464,3712,Saltuarius swaini,MLP_multi_interactions_with_coords,random,True,0,0.02819319329034143,-62036.5636510338,6645195.69882671
475,3793,Cacophis kreftii,MLP_multi_interactions_with_coords,random,True,0,0.010960118313749455,-103178.812815837,6605812.65044331
475,3794,Calyptotis scutirostrum,MLP_multi_interactions_with_coords,random,True,0,0.00655426147913408,-103178.812815837,6605812.65044331
475,3795,Coeranoscincus reticulatus,MLP_multi_interactions_with_coords,random,True,0,0.020935456036853407,-103178.812815837,6605812.65044331
475,3796,Egernia mcpheei,MLP_multi_interactions_with_coords,random,True,0,0.003995790335357021,-103178.812815837,6605812.65044331
475,3797,Eulamprus murrayi,MLP_multi_interactions_with_coords,random,True,1,0.0010190649693802064,-103178.812815837,6605812.65044331
475,3798,Ophioscincus truncatus,MLP_multi_interactions_with_coords,random,True,0,0.04665306801828353,-103178.812815837,6605812.65044331
475,3799,Pseudechis porphyricaus,MLP_multi_interactions_with_coords,random,True,0,0.01215652799682956,-103178.812815837,6605812.65044331
475,3800,Saltuarius swaini,MLP_multi_interactions_with_coords,random,True,0,0.016763804247109198,-103178.812815837,6605812.65044331
480,3833,Cacophis kreftii,MLP_multi_interactions_with_coords,random,True,0,0.018299951415099228,-139787.964672713,6601638.98677139
480,3834,Calyptotis scutirostrum,MLP_multi_interactions_with_coords,random,True,0,0.002468984681604543,-139787.964672713,6601638.98677139
480,3835,Coeranoscincus reticulatus,MLP_multi_interactions_with_coords,random,True,0,0.10444800134922076,-139787.964672713,6601638.98677139
480,3836,Egernia mcpheei,MLP_multi_interactions_with_coords,random,True,0,0.006302306471794637,-139787.964672713,6601638.98677139
480,3837,Eulamprus murrayi,MLP_multi_interactions_with_coords,random,True,0,0.002178868671501544,-139787.964672713,6601638.98677139
480,3838,Ophioscincus truncatus,MLP_multi_interactions_with_coords,random,True,0,0.34925707779317544,-139787.964672713,6601638.98677139
480,3839,Pseudechis porphyricaus,MLP_multi_interactions_with_coords,random,True,0,0.06299398952354715,-139787.964672713,6601638.98677139
480,3840,Saltuarius swaini,MLP_multi_interactions_with_coords,random,True,0,0.047566690554672,-139787.964672713,6601638.98677139
481,3841,Cacophis kreftii,MLP_multi_interactions_with_coords,random,True,0,0.012168560034655886,-140574.776964781,6601391.4036645
481,3842,Calyptotis scutirostrum,MLP_multi_interactions_with_coords,random,True,0,0.0012276394870398876,-140574.776964781,6601391.4036645
481,3843,Coeranoscincus reticulatus,MLP_multi_interactions_with_coords,random,True,0,0.06029242040121199,-140574.776964781,6601391.4036645
481,3844,Egernia mcpheei,MLP_multi_interactions_with_coords,random,True,0,0.0021822883303490204,-140574.776964781,6601391.4036645
481,3845,Eulamprus murrayi,MLP_multi_interactions_with_coords,random,True,0,0.003981118012223214,-140574.776964781,6601391.4036645
481,3846,Ophioscincus truncatus,MLP_multi_interactions_with_coords,random,True,0,0.2488539637971791,-140574.776964781,6601391.4036645
481,3847,Pseudechis porphyricaus,MLP_multi_interactions_with_coords,random,True,0,0.023411077137952208,-140574.776964781,6601391.4036645
481,3848,Saltuarius swaini,MLP_multi_interactions_with_coords,random,True,0,0.01515254909656756,-140574.776964781,6601391.4036645
488,3897,Cacophis kreftii,MLP_multi_interactions_with_coords,random,True,0,0.010556362452342453,-141193.546516212,6594113.16970331
488,3898,Calyptotis scutirostrum,MLP_multi_interactions_with_coords,random,True,0,0.0008672465630662898,-141193.546516212,6594113.16970331
488,3899,Coeranoscincus reticulatus,MLP_multi_interactions_with_coords,random,True,0,0.031102888264939666,-141193.546516212,6594113.16970331
488,3900,Egernia mcpheei,MLP_multi_interactions_with_coords,random,True,0,0.0014517782229954697,-141193.546516212,6594113.16970331
488,3901,Eulamprus murrayi,MLP_multi_interactions_with_coords,random,True,0,0.002975158379068778,-141193.546516212,6594113.16970331
488,3902,Ophioscincus truncatus,MLP_multi_interactions_with_coords,random,True,1,0.22197568914951135,-141193.546516212,6594113.16970331
488,3903,Pseudechis porphyricaus,MLP_multi_interactions_with_coords,random,True,0,0.01849587422711599,-141193.546516212,6594113.16970331
488,3904,Saltuarius swaini,MLP_multi_interactions_with_coords,random,True,0,0.018306027807509135,-141193.546516212,6594113.16970331
490,3913,Cacophis kreftii,MLP_multi_interactions_with_coords,random,True,0,0.006857302444486266,-140157.01004317,6593561.29260029
490,3914,Calyptotis scutirostrum,MLP_multi_interactions_with_coords,random,True,0,0.00046360914474350426,-140157.01004317,6593561.29260029
490,3915,Coeranoscincus reticulatus,MLP_multi_interactions_with_coords,random,True,0,0.014785038050513762,-140157.01004317,6593561.29260029
490,3916,Egernia mcpheei,MLP_multi_interactions_with_coords,random,True,0,0.0005796073582179319,-140157.01004317,6593561.29260029
490,3917,Eulamprus murrayi,MLP_multi_interactions_with_coords,random,True,0,0.001417474514599645,-140157.01004317,6593561.29260029
490,3918,Ophioscincus truncatus,MLP_multi_interactions_with_coords,random,True,1,0.15313024810020345,-140157.01004317,6593561.29260029
490,3919,Pseudechis porphyricaus,MLP_multi_interactions_with_coords,random,True,0,0.00655487627573578,-140157.01004317,6593561.29260029
490,3920,Saltuarius swaini,MLP_multi_interactions_with_coords,random,True,0,0.010329547811986676,-140157.01004317,6593561.29260029
494,3945,Cacophis kreftii,MLP_multi_interactions_with_coords,random,True,0,0.007152254175123347,-160099.441241579,6571357.13800851
494,3946,Calyptotis scutirostrum,MLP_multi_interactions_with_coords,random,True,0,0.0015842922502205356,-160099.441241579,6571357.13800851
494,3947,Coeranoscincus reticulatus,MLP_multi_interactions_with_coords,random,True,0,0.037420182794237734,-160099.441241579,6571357.13800851
494,3948,Egernia mcpheei,MLP_multi_interactions_with_coords,random,True,0,0.0033745744391729267,-160099.441241579,6571357.13800851
494,3949,Eulamprus murrayi,MLP_multi_interactions_with_coords,random,True,0,0.032326529168266,-160099.441241579,6571357.13800851
494,3950,Ophioscincus truncatus,MLP_multi_interactions_with_coords,random,True,0,0.03485137008328776,-160099.441241579,6571357.13800851
494,3951,Pseudechis porphyricaus,MLP_multi_interactions_with_coords,random,True,0,0.01858208777761207,-160099.441241579,6571357.13800851
494,3952,Saltuarius swaini,MLP_multi_interactions_with_coords,random,True,0,0.00207411397631587,-160099.441241579,6571357.13800851
499,3985,Cacophis kreftii,MLP_multi_interactions_with_coords,random,True,0,0.005667979530668398,-166874.918971174,6569986.45729551
499,3986,Calyptotis scutirostrum,MLP_multi_interactions_with_coords,random,True,0,0.0006386194266737614,-166874.918971174,6569986.45729551
499,3987,Coeranoscincus reticulatus,MLP_multi_interactions_with_coords,random,True,0,0.02233942548418897,-166874.918971174,6569986.45729551
499,3988,Egernia mcpheei,MLP_multi_interactions_with_coords,random,True,0,0.003313010782222234,-166874.918971174,6569986.45729551
499,3989,Eulamprus murrayi,MLP_multi_interactions_with_coords,random,True,0,0.0032682686690440103,-166874.918971174,6569986.45729551
499,3990,Ophioscincus truncatus,MLP_multi_interactions_with_coords,random,True,0,0.2557720543945264,-166874.918971174,6569986.45729551
499,3991,Pseudechis porphyricaus,MLP_multi_interactions_with_coords,random,True,0,0.021992799328036126,-166874.918971174,6569986.45729551
499,3992,Saltuarius swaini,MLP_multi_interactions_with_coords,random,True,0,0.009958978463014845,-166874.918971174,6569986.45729551
507,4049,Cacophis kreftii,MLP_multi_interactions_with_coords,random,True,0,0.007224847229376772,-144741.332783447,6566549.73714478
507,4050,Calyptotis scutirostrum,MLP_multi_interactions_with_coords,random,True,0,0.0005082810000095149,-144741.332783447,6566549.73714478
507,4051,Coeranoscincus reticulatus,MLP_multi_interactions_with_coords,random,True,0,0.01507248368020664,-144741.332783447,6566549.73714478
507,4052,Egernia mcpheei,MLP_multi_interactions_with_coords,random,True,0,0.0015665362570196203,-144741.332783447,6566549.73714478
507,4053,Eulamprus murrayi,MLP_multi_interactions_with_coords,random,True,0,0.002569817064188327,-144741.332783447,6566549.73714478
507,4054,Ophioscincus truncatus,MLP_multi_interactions_with_coords,random,True,0,0.26266821677186963,-144741.332783447,6566549.73714478
507,4055,Pseudechis porphyricaus,MLP_multi_interactions_with_coords,random,True,0,0.012022709751914589,-144741.332783447,6566549.73714478
507,4056,Saltuarius swaini,MLP_multi_interactions_with_coords,random,True,0,0.029979725247315556,-144741.332783447,6566549.73714478
508,4057,Cacophis kreftii,MLP_multi_interactions_with_coords,random,True,0,0.004534812587249618,-162480.687351114,6563171.45187532
508,4058,Calyptotis scutirostrum,MLP_multi_interactions_with_coords,random,True,0,0.0006308823871326997,-162480.687351114,6563171.45187532
508,4059,Coeranoscincus reticulatus,MLP_multi_interactions_with_coords,random,True,0,0.030287298110646753,-162480.687351114,6563171.45187532
508,4060,Egernia mcpheei,MLP_multi_interactions_with_coords,random,True,0,0.00247654530114164,-162480.687351114,6563171.45187532
508,4061,Eulamprus murrayi,MLP_multi_interactions_with_coords,random,True,0,0.002039200596347011,-162480.687351114,6563171.45187532
508,4062,Ophioscincus truncatus,MLP_multi_interactions_with_coords,random,True,0,0.11892788218743737,-162480.687351114,6563171.45187532
508,4063,Pseudechis porphyricaus,MLP_multi_interactions_with_coords,random,True,0,0.025299777451397255,-162480.687351114,6563171.45187532
508,4064,Saltuarius swaini,MLP_multi_interactions_with_coords,random,True,0,0.004970939140935441,-162480.687351114,6563171.45187532
510,4073,Cacophis kreftii,MLP_multi_interactions_with_coords,random,True,0,0.00602687063364616,-146201.750488105,6563648.83716664
510,4074,Calyptotis scutirostrum,MLP_multi_interactions_with_coords,random,True,0,0.00043865964274779145,-146201.750488105,6563648.83716664
510,4075,Coeranoscincus reticulatus,MLP_multi_interactions_with_coords,random,True,0,0.00883615777104481,-146201.750488105,6563648.83716664
510,4076,Egernia mcpheei,MLP_multi_interactions_with_coords,random,True,0,0.0019395731478637275,-146201.750488105,6563648.83716664
510,4077,Eulamprus murrayi,MLP_multi_interactions_with_coords,random,True,0,0.0025416936320007705,-146201.750488105,6563648.83716664
510,4078,Ophioscincus truncatus,MLP_multi_interactions_with_coords,random,True,0,0.3385222385182467,-146201.750488105,6563648.83716664
510,4079,Pseudechis porphyricaus,MLP_multi_interactions_with_coords,random,True,0,0.006992220792880458,-146201.750488105,6563648.83716664
510,4080,Saltuarius swaini,MLP_multi_interactions_with_coords,random,True,0,0.024622082905045282,-146201.750488105,6563648.83716664
514,4105,Cacophis kreftii,MLP_multi_interactions_with_coords,random,True,0,0.008409036130067743,-146089.648133388,6561646.84538545
514,4106,Calyptotis scutirostrum,MLP_multi_interactions_with_coords,random,True,0,0.0005720747748963568,-146089.648133388,6561646.84538545
514,4107,Coeranoscincus reticulatus,MLP_multi_interactions_with_coords,random,True,0,0.0167647755907482,-146089.648133388,6561646.84538545
514,4108,Egernia mcpheei,MLP_multi_interactions_with_coords,random,True,0,0.0030650621435402725,-146089.648133388,6561646.84538545
514,4109,Eulamprus murrayi,MLP_multi_interactions_with_coords,random,True,0,0.002584213511736543,-146089.648133388,6561646.84538545
514,4110,Ophioscincus truncatus,MLP_multi_interactions_with_coords,random,True,0,0.34520437900095446,-146089.648133388,6561646.84538545
514,4111,Pseudechis porphyricaus,MLP_multi_interactions_with_coords,random,True,0,0.014912178176969096,-146089.648133388,6561646.84538545
514,4112,Saltuarius swaini,MLP_multi_interactions_with_coords,random,True,0,0.04714368430773911,-146089.648133388,6561646.84538545
525,4193,Cacophis kreftii,MLP_multi_interactions_with_coords,random,True,0,0.005381390681209557,-118770.04691586,6551450.02671343
525,4194,Calyptotis scutirostrum,MLP_multi_interactions_with_coords,random,True,0,0.0013383532412593832,-118770.04691586,6551450.02671343
525,4195,Coeranoscincus reticulatus,MLP_multi_interactions_with_coords,random,True,0,0.0824332509130849,-118770.04691586,6551450.02671343
525,4196,Egernia mcpheei,MLP_multi_interactions_with_coords,random,True,0,0.0047927812810861226,-118770.04691586,6551450.02671343
525,4197,Eulamprus murrayi,MLP_multi_interactions_with_coords,random,True,0,0.006081482927346329,-118770.04691586,6551450.02671343
525,4198,Ophioscincus truncatus,MLP_multi_interactions_with_coords,random,True,0,0.06578821624198997,-118770.04691586,6551450.02671343
525,4199,Pseudechis porphyricaus,MLP_multi_interactions_with_coords,random,True,0,0.0068651597545289515,-118770.04691586,6551450.02671343
525,4200,Saltuarius swaini,MLP_multi_interactions_with_coords,random,True,0,0.007747151331221268,-118770.04691586,6551450.02671343
531,4241,Cacophis kreftii,MLP_multi_interactions_with_coords,random,True,0,0.006192672180765403,-83551.8721662688,6536463.55059073
531,4242,Calyptotis scutirostrum,MLP_multi_interactions_with_coords,random,True,0,0.0018818423511562567,-83551.8721662688,6536463.55059073
531,4243,Coeranoscincus reticulatus,MLP_multi_interactions_with_coords,random,True,0,0.014066035042172048,-83551.8721662688,6536463.55059073
531,4244,Egernia mcpheei,MLP_multi_interactions_with_coords,random,True,0,0.008595985891308992,-83551.8721662688,6536463.55059073
531,4245,Eulamprus murrayi,MLP_multi_interactions_with_coords,random,True,0,0.0028643311753906034,-83551.8721662688,6536463.55059073
531,4246,Ophioscincus truncatus,MLP_multi_interactions_with_coords,random,True,0,0.015600223409271974,-83551.8721662688,6536463.55059073
531,4247,Pseudechis porphyricaus,MLP_multi_interactions_with_coords,random,True,0,0.007216887410485975,-83551.8721662688,6536463.55059073
531,4248,Saltuarius swaini,MLP_multi_interactions_with_coords,random,True,0,0.02807868573432805,-83551.8721662688,6536463.55059073
533,4257,Cacophis kreftii,MLP_multi_interactions_with_coords,random,True,0,0.0043280763695208195,-128644.80040642,6533196.04348179
533,4258,Calyptotis scutirostrum,MLP_multi_interactions_with_coords,random,True,0,0.0004085748253313681,-128644.80040642,6533196.04348179
533,4259,Coeranoscincus reticulatus,MLP_multi_interactions_with_coords,random,True,0,0.0010907405892915175,-128644.80040642,6533196.04348179
533,4260,Egernia mcpheei,MLP_multi_interactions_with_coords,random,True,0,0.00030021853733561263,-128644.80040642,6533196.04348179
533,4261,Eulamprus murrayi,MLP_multi_interactions_with_coords,random,True,0,0.0006281916418778131,-128644.80040642,6533196.04348179
533,4262,Ophioscincus truncatus,MLP_multi_interactions_with_coords,random,True,0,0.10850568424815604,-128644.80040642,6533196.04348179
533,4263,Pseudechis porphyricaus,MLP_multi_interactions_with_coords,random,True,0,0.010125921418347852,-128644.80040642,6533196.04348179
533,4264,Saltuarius swaini,MLP_multi_interactions_with_coords,random,True,0,0.01604727276099413,-128644.80040642,6533196.04348179
537,4289,Cacophis kreftii,MLP_multi_interactions_with_coords,random,True,0,0.0062181913600276185,-133101.696097477,6529938.31197594
537,4290,Calyptotis scutirostrum,MLP_multi_interactions_with_coords,random,True,0,0.0005340165751679775,-133101.696097477,6529938.31197594
537,4291,Coeranoscincus reticulatus,MLP_multi_interactions_with_coords,random,True,0,0.008284420032620778,-133101.696097477,6529938.31197594
537,4292,Egernia mcpheei,MLP_multi_interactions_with_coords,random,True,0,0.0008135676079584543,-133101.696097477,6529938.31197594
537,4293,Eulamprus murrayi,MLP_multi_interactions_with_coords,random,True,0,0.0021377015715939576,-133101.696097477,6529938.31197594
537,4294,Ophioscincus truncatus,MLP_multi_interactions_with_coords,random,True,1,0.21555866735501863,-133101.696097477,6529938.31197594
537,4295,Pseudechis porphyricaus,MLP_multi_interactions_with_coords,random,True,0,0.00782335820400254,-133101.696097477,6529938.31197594
537,4296,Saltuarius swaini,MLP_multi_interactions_with_coords,random,True,0,0.019529392912766907,-133101.696097477,6529938.31197594
545,4353,Cacophis kreftii,MLP_multi_interactions_with_coords,random,True,0,0.004950934457129576,-114087.089464681,6528156.09858245
545,4354,Calyptotis scutirostrum,MLP_multi_interactions_with_coords,random,True,0,0.0007944993475117537,-114087.089464681,6528156.09858245
545,4355,Coeranoscincus reticulatus,MLP_multi_interactions_with_coords,random,True,0,0.020439461359167067,-114087.089464681,6528156.09858245
545,4356,Egernia mcpheei,MLP_multi_interactions_with_coords,random,True,0,0.002819443868621007,-114087.089464681,6528156.09858245
545,4357,Eulamprus murrayi,MLP_multi_interactions_with_coords,random,True,0,0.001516041262334209,-114087.089464681,6528156.09858245
545,4358,Ophioscincus truncatus,MLP_multi_interactions_with_coords,random,True,0,0.12140622219514366,-114087.089464681,6528156.09858245
545,4359,Pseudechis porphyricaus,MLP_multi_interactions_with_coords,random,True,0,0.009074532933047478,-114087.089464681,6528156.09858245
545,4360,Saltuarius swaini,MLP_multi_interactions_with_coords,random,True,0,0.01911953695846156,-114087.089464681,6528156.09858245
558,4457,Cacophis kreftii,MLP_multi_interactions_with_coords,random,True,0,0.0007902194869734963,-204344.653545143,6507116.16956193
558,4458,Calyptotis scutirostrum,MLP_multi_interactions_with_coords,random,True,0,5.9128748544960026e-05,-204344.653545143,6507116.16956193
558,4459,Coeranoscincus reticulatus,MLP_multi_interactions_with_coords,random,True,0,0.00017909151081726477,-204344.653545143,6507116.16956193
558,4460,Egernia mcpheei,MLP_multi_interactions_with_coords,random,True,0,0.00040319654501412956,-204344.653545143,6507116.16956193
558,4461,Eulamprus murrayi,MLP_multi_interactions_with_coords,random,True,0,0.00019303548534055362,-204344.653545143,6507116.16956193
558,4462,Ophioscincus truncatus,MLP_multi_interactions_with_coords,random,True,0,0.046600458582601346,-204344.653545143,6507116.16956193
558,4463,Pseudechis porphyricaus,MLP_multi_interactions_with_coords,random,True,0,0.00033548700606058154,-204344.653545143,6507116.16956193
558,4464,Saltuarius swaini,MLP_multi_interactions_with_coords,random,True,0,0.004942370463816268,-204344.653545143,6507116.16956193
567,4529,Cacophis kreftii,MLP_multi_interactions_with_coords,random,True,0,0.005235288151293591,-146716.822931648,6491951.21913417
567,4530,Calyptotis scutirostrum,MLP_multi_interactions_with_coords,random,True,0,0.0002838316700839365,-146716.822931648,6491951.21913417
567,4531,Coeranoscincus reticulatus,MLP_multi_interactions_with_coords,random,True,0,0.01058098259294855,-146716.822931648,6491951.21913417
567,4532,Egernia mcpheei,MLP_multi_interactions_with_coords,random,True,0,0.002279595845796628,-146716.822931648,6491951.21913417
567,4533,Eulamprus murrayi,MLP_multi_interactions_with_coords,random,True,0,0.006108999369910944,-146716.822931648,6491951.21913417
567,4534,Ophioscincus truncatus,MLP_multi_interactions_with_coords,random,True,0,0.47196728504935564,-146716.822931648,6491951.21913417
567,4535,Pseudechis porphyricaus,MLP_multi_interactions_with_coords,random,True,1,0.014621241921156568,-146716.822931648,6491951.21913417
567,4536,Saltuarius swaini,MLP_multi_interactions_with_coords,random,True,1,0.02106867906126431,-146716.822931648,6491951.21913417
572,4569,Cacophis kreftii,MLP_multi_interactions_with_coords,random,True,0,0.005706454655792769,-141525.12346321,6489014.81167942
572,4570,Calyptotis scutirostrum,MLP_multi_interactions_with_coords,random,True,0,0.00037391347176402327,-141525.12346321,6489014.81167942
572,4571,Coeranoscincus reticulatus,MLP_multi_interactions_with_coords,random,True,0,0.02383232011501637,-141525.12346321,6489014.81167942
572,4572,Egernia mcpheei,MLP_multi_interactions_with_coords,random,True,0,0.0036447914168462087,-141525.12346321,6489014.81167942
572,4573,Eulamprus murrayi,MLP_multi_interactions_with_coords,random,True,0,0.0049435383354084995,-141525.12346321,6489014.81167942
572,4574,Ophioscincus truncatus,MLP_multi_interactions_with_coords,random,True,1,0.35654163190345606,-141525.12346321,6489014.81167942
572,4575,Pseudechis porphyricaus,MLP_multi_interactions_with_coords,random,True,0,0.022347278584683387,-141525.12346321,6489014.81167942
572,4576,Saltuarius swaini,MLP_multi_interactions_with_coords,random,True,0,0.028596359129182163,-141525.12346321,6489014.81167942
576,4601,Cacophis kreftii,MLP_multi_interactions_with_coords,random,True,0,0.0036981954771864627,-206813.275853676,6482403.27464338
576,4602,Calyptotis scutirostrum,MLP_multi_interactions_with_coords,random,True,0,0.0001545259643286771,-206813.275853676,6482403.27464338
576,4603,Coeranoscincus reticulatus,MLP_multi_interactions_with_coords,random,True,0,0.002687627810228506,-206813.275853676,6482403.27464338
576,4604,Egernia mcpheei,MLP_multi_interactions_with_coords,random,True,0,0.0007766775292028483,-206813.275853676,6482403.27464338
576,4605,Eulamprus murrayi,MLP_multi_interactions_with_coords,random,True,0,0.0019616520353564542,-206813.275853676,6482403.27464338
576,4606,Ophioscincus truncatus,MLP_multi_interactions_with_coords,random,True,0,0.23076933726584303,-206813.275853676,6482403.27464338
576,4607,Pseudechis porphyricaus,MLP_multi_interactions_with_coords,random,True,0,0.031007528694304166,-206813.275853676,6482403.27464338
576,4608,Saltuarius swaini,MLP_multi_interactions_with_coords,random,True,0,0.014333816125949023,-206813.275853676,6482403.27464338
579,4625,Cacophis kreftii,MLP_multi_interactions_with_coords,random,True,0,0.0006071906476771029,-242916.649698275,6475563.53924511
579,4626,Calyptotis scutirostrum,MLP_multi_interactions_with_coords,random,True,0,2.4350638672655078e-05,-242916.649698275,6475563.53924511
579,4627,Coeranoscincus reticulatus,MLP_multi_interactions_with_coords,random,True,0,7.677643546699711e-05,-242916.649698275,6475563.53924511
579,4628,Egernia mcpheei,MLP_multi_interactions_with_coords,random,True,0,0.00017063314135641695,-242916.649698275,6475563.53924511
579,4629,Eulamprus murrayi,MLP_multi_interactions_with_coords,random,True,0,0.00015189751671855053,-242916.649698275,6475563.53924511
579,4630,Ophioscincus truncatus,MLP_multi_interactions_with_coords,random,True,0,0.018946504034383367,-242916.649698275,6475563.53924511
579,4631,Pseudechis porphyricaus,MLP_multi_interactions_with_coords,random,True,0,0.00067027635291625,-242916.649698275,6475563.53924511
579,4632,Saltuarius swaini,MLP_multi_interactions_with_coords,random,True,0,0.005962907368849351,-242916.649698275,6475563.53924511
585,4673,Cacophis kreftii,MLP_multi_interactions_with_coords,random,True,0,0.005397294357289378,-127313.378797034,6479531.06572796
585,4674,Calyptotis scutirostrum,MLP_multi_interactions_with_coords,random,True,0,0.00039619726535767777,-127313.378797034,6479531.06572796
585,4675,Coeranoscincus reticulatus,MLP_multi_interactions_with_coords,random,True,0,0.006782308511336885,-127313.378797034,6479531.06572796
585,4676,Egernia mcpheei,MLP_multi_interactions_with_coords,random,True,0,0.001428917883063294,-127313.378797034,6479531.06572796
585,4677,Eulamprus murrayi,MLP_multi_interactions_with_coords,random,True,0,0.00239650822830483,-127313.378797034,6479531.06572796
585,4678,Ophioscincus truncatus,MLP_multi_interactions_with_coords,random,True,0,0.2816043367139685,-127313.378797034,6479531.06572796
585,4679,Pseudechis porphyricaus,MLP_multi_interactions_with_coords,random,True,0,0.009522106745880743,-127313.378797034,6479531.06572796
585,4680,Saltuarius swaini,MLP_multi_interactions_with_coords,random,True,0,0.042933032629010826,-127313.378797034,6479531.06572796
599,4785,Cacophis kreftii,MLP_multi_interactions_with_coords,random,True,0,0.0005121055792238417,-212146.883673553,6444013.91646962
599,4786,Calyptotis scutirostrum,MLP_multi_interactions_with_coords,random,True,0,7.880853631835683e-06,-212146.883673553,6444013.91646962
599,4787,Coeranoscincus reticulatus,MLP_multi_interactions_with_coords,random,True,0,4.93228420156057e-05,-212146.883673553,6444013.91646962
599,4788,Egernia mcpheei,MLP_multi_interactions_with_coords,random,True,0,0.0001093245918177005,-212146.883673553,6444013.91646962
599,4789,Eulamprus murrayi,MLP_multi_interactions_with_coords,random,True,0,9.201872908857647e-05,-212146.883673553,6444013.91646962
599,4790,Ophioscincus truncatus,MLP_multi_interactions_with_coords,random,True,0,0.020021511609358097,-212146.883673553,6444013.91646962
599,4791,Pseudechis porphyricaus,MLP_multi_interactions_with_coords,random,True,0,0.00026484314866121985,-212146.883673553,6444013.91646962
599,4792,Saltuarius swaini,MLP_multi_interactions_with_coords,random,True,0,0.0059282420907047426,-212146.883673553,6444013.91646962
602,4809,Cacophis kreftii,MLP_multi_interactions_with_coords,random,True,0,0.0009492624845853382,-223808.84244951,6439938.38190837
602,4810,Calyptotis scutirostrum,MLP_multi_interactions_with_coords,random,True,0,3.94344263792882e-05,-223808.84244951,6439938.38190837
602,4811,Coeranoscincus reticulatus,MLP_multi_interactions_with_coords,random,True,0,0.00010595163996113189,-223808.84244951,6439938.38190837
602,4812,Egernia mcpheei,MLP_multi_interactions_with_coords,random,True,0,0.00039885800708785324,-223808.84244951,6439938.38190837
602,4813,Eulamprus murrayi,MLP_multi_interactions_with_coords,random,True,0,0.00011712127101984256,-223808.84244951,6439938.38190837
602,4814,Ophioscincus truncatus,MLP_multi_interactions_with_coords,random,True,0,0.01906932117609524,-223808.84244951,6439938.38190837
602,4815,Pseudechis porphyricaus,MLP_multi_interactions_with_coords,random,True,0,0.00027148621403664505,-223808.84244951,6439938.38190837
602,4816,Saltuarius swaini,MLP_multi_interactions_with_coords,random,True,0,0.004009794786643132,-223808.84244951,6439938.38190837
606,4841,Cacophis kreftii,MLP_multi_interactions_with_coords,random,True,0,0.0029713654292384322,-122961.147064838,6444559.2200686
606,4842,Calyptotis scutirostrum,MLP_multi_interactions_with_coords,random,True,0,0.0002272645255405785,-122961.147064838,6444559.2200686
606,4843,Coeranoscincus reticulatus,MLP_multi_interactions_with_coords,random,True,0,0.03165552644202065,-122961.147064838,6444559.2200686
606,4844,Egernia mcpheei,MLP_multi_interactions_with_coords,random,True,0,0.0063095371148807235,-122961.147064838,6444559.2200686
606,4845,Eulamprus murrayi,MLP_multi_interactions_with_coords,random,True,0,0.003094624080574525,-122961.147064838,6444559.2200686
606,4846,Ophioscincus truncatus,MLP_multi_interactions_with_coords,random,True,0,0.09988895877295356,-122961.147064838,6444559.2200686
606,4847,Pseudechis porphyricaus,MLP_multi_interactions_with_coords,random,True,0,0.021700637224526316,-122961.147064838,6444559.2200686
606,4848,Saltuarius swaini,MLP_multi_interactions_with_coords,random,True,0,0.02734186068706809,-122961.147064838,6444559.2200686
624,4985,Cacophis kreftii,MLP_multi_interactions_with_coords,random,True,0,0.0014120879873858743,-212517.326831474,6418204.13745066
624,4986,Calyptotis scutirostrum,MLP_multi_interactions_with_coords,random,True,0,3.984605988708313e-05,-212517.326831474,6418204.13745066
624,4987,Coeranoscincus reticulatus,MLP_multi_interactions_with_coords,random,True,0,0.000431511763370943,-212517.326831474,6418204.13745066
624,4988,Egernia mcpheei,MLP_multi_interactions_with_coords,random,True,0,0.00020867265233724363,-212517.326831474,6418204.13745066
624,4989,Eulamprus murrayi,MLP_multi_interactions_with_coords,random,True,0,0.00038254535062206754,-212517.326831474,6418204.13745066
624,4990,Ophioscincus truncatus,MLP_multi_interactions_with_coords,random,True,0,0.15691377519005167,-212517.326831474,6418204.13745066
624,4991,Pseudechis porphyricaus,MLP_multi_interactions_with_coords,random,True,0,0.007833045733654759,-212517.326831474,6418204.13745066
624,4992,Saltuarius swaini,MLP_multi_interactions_with_coords,random,True,0,0.0303569217246232,-212517.326831474,6418204.13745066
628,5017,Cacophis kreftii,MLP_multi_interactions_with_coords,random,True,0,0.004219798271349538,-205426.35557409,6417594.67751035
628,5018,Calyptotis scutirostrum,MLP_multi_interactions_with_coords,random,True,0,0.00014248417935831806,-205426.35557409,6417594.67751035
628,5019,Coeranoscincus reticulatus,MLP_multi_interactions_with_coords,random,True,0,0.001895110090788546,-205426.35557409,6417594.67751035
628,5020,Egernia mcpheei,MLP_multi_interactions_with_coords,random,True,0,0.004166024241645675,-205426.35557409,6417594.67751035
628,5021,Eulamprus murrayi,MLP_multi_interactions_with_coords,random,True,0,0.0020635224048359715,-205426.35557409,6417594.67751035
628,5022,Ophioscincus truncatus,MLP_multi_interactions_with_coords,random,True,0,0.33252632469884735,-205426.35557409,6417594.67751035
628,5023,Pseudechis porphyricaus,MLP_multi_interactions_with_coords,random,True,0,0.012549726770292447,-205426.35557409,6417594.67751035
628,5024,Saltuarius swaini,MLP_multi_interactions_with_coords,random,True,0,0.04692560615663607,-205426.35557409,6417594.67751035
630,5033,Cacophis kreftii,MLP_multi_interactions_with_coords,random,True,0,0.0023714067815063977,-211613.384340048,6416445.23828686
630,5034,Calyptotis scutirostrum,MLP_multi_interactions_with_coords,random,True,0,7.520443200866306e-05,-211613.384340048,6416445.23828686
630,5035,Coeranoscincus reticulatus,MLP_multi_interactions_with_coords,random,True,0,0.000607419346334048,-211613.384340048,6416445.23828686
630,5036,Egernia mcpheei,MLP_multi_interactions_with_coords,random,True,0,0.0012494225389166993,-211613.384340048,6416445.23828686
630,5037,Eulamprus murrayi,MLP_multi_interactions_with_coords,random,True,0,0.0009531244963030156,-211613.384340048,6416445.23828686
630,5038,Ophioscincus truncatus,MLP_multi_interactions_with_coords,random,True,0,0.23657126534514103,-211613.384340048,6416445.23828686
630,5039,Pseudechis porphyricaus,MLP_multi_interactions_with_coords,random,True,0,0.004322433016831288,-211613.384340048,6416445.23828686
630,5040,Saltuarius swaini,MLP_multi_interactions_with_coords,random,True,0,0.029187835092316778,-211613.384340048,6416445.23828686
639,5105,Cacophis kreftii,MLP_multi_interactions_with_coords,random,True,0,0.0024561298425352963,-162684.694435925,6370448.58724721
639,5106,Calyptotis scutirostrum,MLP_multi_interactions_with_coords,random,True,0,0.0001567626402578105,-162684.694435925,6370448.58724721
639,5107,Coeranoscincus reticulatus,MLP_multi_interactions_with_coords,random,True,0,0.013492392322760786,-162684.694435925,6370448.58724721
639,5108,Egernia mcpheei,MLP_multi_interactions_with_coords,random,True,0,0.003515955753384892,-162684.694435925,6370448.58724721
639,5109,Eulamprus murrayi,MLP_multi_interactions_with_coords,random,True,0,0.0020637838136725833,-162684.694435925,6370448.58724721
639,5110,Ophioscincus truncatus,MLP_multi_interactions_with_coords,random,True,0,0.04222334297242994,-162684.694435925,6370448.58724721
639,5111,Pseudechis porphyricaus,MLP_multi_interactions_with_coords,random,True,0,0.09548658120276123,-162684.694435925,6370448.58724721
639,5112,Saltuarius swaini,MLP_multi_interactions_with_coords,random,True,0,0.03212934130423802,-162684.694435925,6370448.58724721
640,5113,Cacophis kreftii,MLP_multi_interactions_with_coords,random,True,0,0.002529199847088234,-176653.554553042,6368244.44348734
640,5114,Calyptotis scutirostrum,MLP_multi_interactions_with_coords,random,True,0,0.00012980654945537724,-176653.554553042,6368244.44348734
640,5115,Coeranoscincus reticulatus,MLP_multi_interactions_with_coords,random,True,0,0.007379530100347536,-176653.554553042,6368244.44348734
640,5116,Egernia mcpheei,MLP_multi_interactions_with_coords,random,True,0,0.0016988818873272787,-176653.554553042,6368244.44348734
640,5117,Eulamprus murrayi,MLP_multi_interactions_with_coords,random,True,0,0.0028226144599651434,-176653.554553042,6368244.44348734
640,5118,Ophioscincus truncatus,MLP_multi_interactions_with_coords,random,True,0,0.051501176862010986,-176653.554553042,6368244.44348734
640,5119,Pseudechis porphyricaus,MLP_multi_interactions_with_coords,random,True,0,0.045470431993174014,-176653.554553042,6368244.44348734
640,5120,Saltuarius swaini,MLP_multi_interactions_with_coords,random,True,0,0.01709550579212575,-176653.554553042,6368244.44348734
