plot,id,species,model,split_type,use_coords,y_true,y_prob,easting,northing
7,49,Cacophis kreftii,MLP_single_with_coords,random,True,0,1e-06,-35290.0454930004,6868477.63934909
15,113,Cacophis kreftii,MLP_single_with_coords,random,True,0,0.11872159755365351,-99804.9506313828,6852000.67743644
21,161,Cacophis kreftii,MLP_single_with_coords,random,True,0,0.008371418946053845,-91866.6308808398,6850184.44292602
29,225,Cacophis kreftii,MLP_single_with_coords,random,True,0,0.17920435883130822,-81258.2639630969,6847092.07487722
30,233,Cacophis kreftii,MLP_single_with_coords,random,True,1,0.256611855019308,-96294.553982511,6846140.09863748
31,241,Cacophis kreftii,MLP_single_with_coords,random,True,0,0.1657952103148092,-95292.0596882657,6846190.80238834
37,289,Cacophis kreftii,MLP_single_with_coords,random,True,0,0.5488306965267088,-79037.3638766905,6846800.48131106
41,321,Cacophis kreftii,MLP_single_with_coords,random,True,0,0.0707478564229696,-96863.6801254773,6845509.65270053
47,369,Cacophis kreftii,MLP_single_with_coords,random,True,0,0.13304468825270646,-79381.2357397435,6845781.19738334
52,409,Cacophis kreftii,MLP_single_with_coords,random,True,0,0.031173579628090954,-60471.4026198804,6845516.11047191
56,441,Cacophis kreftii,MLP_single_with_coords,random,True,0,0.010895380643401582,-60864.6156634532,6845296.97560224
61,481,Cacophis kreftii,MLP_single_with_coords,random,True,0,0.017605942374178497,-61435.1928033584,6844668.54431818
62,489,Cacophis kreftii,MLP_single_with_coords,random,True,0,0.01639008817393168,-60629.7662982834,6844706.93792291
65,513,Cacophis kreftii,MLP_single_with_coords,random,True,0,0.1642957109361683,-84881.8823593461,6843092.18042196
72,569,Cacophis kreftii,MLP_single_with_coords,random,True,0,0.035584904135657805,-86463.3052036808,6842612.44869674
78,617,Cacophis kreftii,MLP_single_with_coords,random,True,0,0.0401234736747705,-85647.642077096,6842252.08566301
84,665,Cacophis kreftii,MLP_single_with_coords,random,True,0,0.021999078431556802,-75697.1375955953,6840337.76316393
87,689,Cacophis kreftii,MLP_single_with_coords,random,True,0,0.0005957231143579055,-71013.5035560221,6839163.13240084
92,729,Cacophis kreftii,MLP_single_with_coords,random,True,0,0.1532963346791046,-75353.1982293057,6837536.97534272
97,769,Cacophis kreftii,MLP_single_with_coords,random,True,0,0.6874608507713614,-114250.874091765,6835186.86007185
99,785,Cacophis kreftii,MLP_single_with_coords,random,True,0,2.0153382484794217e-06,-123277.985601988,6834532.44353339
101,801,Cacophis kreftii,MLP_single_with_coords,random,True,1,0.465771846880074,-147109.711119875,6832327.45616153
108,857,Cacophis kreftii,MLP_single_with_coords,random,True,1,0.0004507566983062355,-120786.146445189,6833048.30377336
116,921,Cacophis kreftii,MLP_single_with_coords,random,True,1,1.0217913370798883e-05,-119959.663589068,6832690.76087561
117,929,Cacophis kreftii,MLP_single_with_coords,random,True,0,0.001630004010451063,-119338.87811833,6832311.15904512
121,961,Cacophis kreftii,MLP_single_with_coords,random,True,0,0.0006637130285853848,-113308.229962265,6832416.48893136
125,993,Cacophis kreftii,MLP_single_with_coords,random,True,0,9.149855637118062e-05,-119100.196556909,6831521.23488212
129,1025,Cacophis kreftii,MLP_single_with_coords,random,True,0,0.011859521549342633,-76147.8048592401,6833277.03106837
132,1049,Cacophis kreftii,MLP_single_with_coords,random,True,0,0.014616021866313776,-105801.162580743,6831179.93507326
133,1057,Cacophis kreftii,MLP_single_with_coords,random,True,0,0.2311399972819566,-76520.6971461142,6832657.28276156
136,1081,Cacophis kreftii,MLP_single_with_coords,random,True,0,0.63231158159261,-62745.5415882464,6830732.52392328
139,1105,Cacophis kreftii,MLP_single_with_coords,random,True,0,0.007751803803359566,-60097.6324680274,6830057.84195886
141,1121,Cacophis kreftii,MLP_single_with_coords,random,True,0,0.0019213237213866023,-59274.1159834863,6829696.39928037
148,1177,Cacophis kreftii,MLP_single_with_coords,random,True,0,0.002917790252763054,-59039.7148912014,6828905.9612443
153,1217,Cacophis kreftii,MLP_single_with_coords,random,True,0,0.002086450397985095,-56158.084536112,6827640.49763384
160,1273,Cacophis kreftii,MLP_single_with_coords,random,True,0,0.0038055500214337367,-57082.2051583753,6825993.28319997
165,1313,Cacophis kreftii,MLP_single_with_coords,random,True,0,0.25473600106497457,-116199.528148125,6817786.39841097
169,1345,Cacophis kreftii,MLP_single_with_coords,random,True,0,2.9418016370818697e-05,-108876.433782581,6816343.47520397
172,1369,Cacophis kreftii,MLP_single_with_coords,random,True,0,1e-06,-148834.228828815,6806479.17622519
173,1377,Cacophis kreftii,MLP_single_with_coords,random,True,0,1e-06,-26864.9515665186,6812638.8314962
175,1393,Cacophis kreftii,MLP_single_with_coords,random,True,0,2.0003695097670447e-05,-26614.0603685924,6811648.67695057
180,1433,Cacophis kreftii,MLP_single_with_coords,random,True,0,1e-06,-29780.9705356891,6806663.75964171
181,1441,Cacophis kreftii,MLP_single_with_coords,random,True,0,1e-06,-29379.7381757025,6806682.07694802
185,1473,Cacophis kreftii,MLP_single_with_coords,random,True,0,1.506841534082166e-05,-154680.904774922,6798732.86570032
194,1545,Cacophis kreftii,MLP_single_with_coords,random,True,0,0.04400145779496885,-113057.133584369,6799439.25721174
195,1553,Cacophis kreftii,MLP_single_with_coords,random,True,0,0.001015476638926681,-153177.628494992,6796999.50794559
203,1617,Cacophis kreftii,MLP_single_with_coords,random,True,0,1e-06,-165638.858103626,6792540.33884748
205,1633,Cacophis kreftii,MLP_single_with_coords,random,True,0,1.7844353293908492e-05,-111987.574051639,6794257.38010052
209,1665,Cacophis kreftii,MLP_single_with_coords,random,True,0,2.032209218797079e-06,-112530.721336831,6793024.84869485
214,1705,Cacophis kreftii,MLP_single_with_coords,random,True,0,1e-06,-110822.113763642,6787074.42336939
226,1801,Cacophis kreftii,MLP_single_with_coords,random,True,0,1e-06,-156768.616233883,6780508.50732801
231,1841,Cacophis kreftii,MLP_single_with_coords,random,True,0,1.3906658033716194e-05,-107923.462038802,6781588.26422547
232,1849,Cacophis kreftii,MLP_single_with_coords,random,True,0,1e-06,-154268.894705046,6778832.59399199
236,1881,Cacophis kreftii,MLP_single_with_coords,random,True,0,1e-06,-157007.529503806,6769427.67794309
237,1889,Cacophis kreftii,MLP_single_with_coords,random,True,0,1e-06,-157601.945479142,6769192.74860327
238,1897,Cacophis kreftii,MLP_single_with_coords,random,True,0,1.1121016910365948e-05,-42631.6013249115,6774856.7836682
253,2017,Cacophis kreftii,MLP_single_with_coords,random,True,0,1e-06,-153010.118576574,6758154.60282466
260,2073,Cacophis kreftii,MLP_single_with_coords,random,True,0,2.5728291517421886e-06,-139702.22082351,6757637.17957907
261,2081,Cacophis kreftii,MLP_single_with_coords,random,True,0,1e-06,-149531.814001847,6756925.32438673
279,2225,Cacophis kreftii,MLP_single_with_coords,random,True,0,1e-06,-165065.597196224,6745863.85427266
282,2249,Cacophis kreftii,MLP_single_with_coords,random,True,0,1.18400472417653e-06,-48676.0066271106,6751433.87966314
283,2257,Cacophis kreftii,MLP_single_with_coords,random,True,0,1.4001807679464771e-06,-144358.241751465,6746321.2757456
285,2273,Cacophis kreftii,MLP_single_with_coords,random,True,0,1.0316707603969248e-06,-48666.355678597,6751233.93894705
290,2313,Cacophis kreftii,MLP_single_with_coords,random,True,0,4.119589288030392e-06,-54841.9600197467,6750321.73267861
303,2417,Cacophis kreftii,MLP_single_with_coords,random,True,0,1e-06,-86896.2863933826,6740221.21400845
307,2449,Cacophis kreftii,MLP_single_with_coords,random,True,0,1e-06,-75230.2145233742,6740017.73560779
308,2457,Cacophis kreftii,MLP_single_with_coords,random,True,0,1.592295461514046e-05,-164907.141677267,6734992.82147675
322,2569,Cacophis kreftii,MLP_single_with_coords,random,True,0,1e-06,-148858.437557277,6712675.66874389
328,2617,Cacophis kreftii,MLP_single_with_coords,random,True,0,1e-06,-160137.175183615,6708870.73185706
329,2625,Cacophis kreftii,MLP_single_with_coords,random,True,0,1e-06,-161729.965162506,6708587.05668997
339,2705,Cacophis kreftii,MLP_single_with_coords,random,True,0,1e-06,-50204.0063193176,6710952.93925814
352,2809,Cacophis kreftii,MLP_single_with_coords,random,True,0,1e-06,-161130.645593128,6697139.33525593
354,2825,Cacophis kreftii,MLP_single_with_coords,random,True,0,1e-06,-54397.1023715114,6702694.88150925
369,2945,Cacophis kreftii,MLP_single_with_coords,random,True,0,7.716386465677468e-05,-115761.593020762,6695476.19653521
372,2969,Cacophis kreftii,MLP_single_with_coords,random,True,0,1.3374031930716051e-06,-51958.1449948344,6698406.00349235
379,3025,Cacophis kreftii,MLP_single_with_coords,random,True,0,1e-06,-170997.113124586,6685555.44783591
380,3033,Cacophis kreftii,MLP_single_with_coords,random,True,0,1e-06,-171751.567168655,6684505.22516541
381,3041,Cacophis kreftii,MLP_single_with_coords,random,True,0,1e-06,-170101.851938007,6683790.0457837
384,3065,Cacophis kreftii,MLP_single_with_coords,random,True,0,6.5716510959146e-06,-153569.490242912,6679419.46406309
394,3145,Cacophis kreftii,MLP_single_with_coords,random,True,0,3.221645652918562e-06,-157694.599141127,6669935.38089694
395,3153,Cacophis kreftii,MLP_single_with_coords,random,True,0,1.132400007269984e-05,-156289.421979757,6670007.80018539
396,3161,Cacophis kreftii,MLP_single_with_coords,random,True,0,1e-06,-122906.583332893,6670557.67612587
400,3193,Cacophis kreftii,MLP_single_with_coords,random,True,0,1e-06,-125067.694169073,6669443.0445974
403,3217,Cacophis kreftii,MLP_single_with_coords,random,True,0,2.2277099608345045e-06,-58257.6048943475,6672743.96684541
407,3249,Cacophis kreftii,MLP_single_with_coords,random,True,0,1e-06,-125225.02885331,6668620.03383924
413,3297,Cacophis kreftii,MLP_single_with_coords,random,True,0,1e-06,-120072.988069293,6666279.06080417
415,3313,Cacophis kreftii,MLP_single_with_coords,random,True,0,1e-06,-178654.150282374,6662593.67423277
420,3353,Cacophis kreftii,MLP_single_with_coords,random,True,0,9.57153962645361e-05,-125379.598774365,6663983.11844257
422,3369,Cacophis kreftii,MLP_single_with_coords,random,True,0,1.0120952437225826e-05,-125514.62268173,6662771.00533564
427,3409,Cacophis kreftii,MLP_single_with_coords,random,True,0,2.2323303028456185e-05,-128408.296244871,6660409.13008774
447,3569,Cacophis kreftii,MLP_single_with_coords,random,True,0,1e-06,-134779.996572383,6651420.87222455
449,3585,Cacophis kreftii,MLP_single_with_coords,random,True,0,1e-06,-135559.130529282,6650974.17840999
450,3593,Cacophis kreftii,MLP_single_with_coords,random,True,0,1.4912152088889305e-06,-65340.5697630112,6654471.79599168
458,3657,Cacophis kreftii,MLP_single_with_coords,random,True,0,1e-06,-133451.630563193,6649077.13745528
461,3681,Cacophis kreftii,MLP_single_with_coords,random,True,0,6.723543487251467e-06,-132111.524830825,6646522.10607269
462,3689,Cacophis kreftii,MLP_single_with_coords,random,True,0,1e-06,-129873.482679348,6646037.61836241
463,3697,Cacophis kreftii,MLP_single_with_coords,random,True,0,1.4850480596755417e-06,-130606.171632184,6644790.80822609
464,3705,Cacophis kreftii,MLP_single_with_coords,random,True,0,1e-06,-62036.5636510338,6645195.69882671
475,3793,Cacophis kreftii,MLP_single_with_coords,random,True,0,1e-06,-103178.812815837,6605812.65044331
480,3833,Cacophis kreftii,MLP_single_with_coords,random,True,0,1e-06,-139787.964672713,6601638.98677139
481,3841,Cacophis kreftii,MLP_single_with_coords,random,True,0,3.0853466843072115e-06,-140574.776964781,6601391.4036645
488,3897,Cacophis kreftii,MLP_single_with_coords,random,True,0,3.0349497710406175e-06,-141193.546516212,6594113.16970331
490,3913,Cacophis kreftii,MLP_single_with_coords,random,True,0,1e-06,-140157.01004317,6593561.29260029
494,3945,Cacophis kreftii,MLP_single_with_coords,random,True,0,1e-06,-160099.441241579,6571357.13800851
499,3985,Cacophis kreftii,MLP_single_with_coords,random,True,0,1e-06,-166874.918971174,6569986.45729551
507,4049,Cacophis kreftii,MLP_single_with_coords,random,True,0,1e-06,-144741.332783447,6566549.73714478
508,4057,Cacophis kreftii,MLP_single_with_coords,random,True,0,1e-06,-162480.687351114,6563171.45187532
510,4073,Cacophis kreftii,MLP_single_with_coords,random,True,0,1e-06,-146201.750488105,6563648.83716664
514,4105,Cacophis kreftii,MLP_single_with_coords,random,True,0,1e-06,-146089.648133388,6561646.84538545
525,4193,Cacophis kreftii,MLP_single_with_coords,random,True,0,1e-06,-118770.04691586,6551450.02671343
531,4241,Cacophis kreftii,MLP_single_with_coords,random,True,0,1e-06,-83551.8721662688,6536463.55059073
533,4257,Cacophis kreftii,MLP_single_with_coords,random,True,0,1e-06,-128644.80040642,6533196.04348179
537,4289,Cacophis kreftii,MLP_single_with_coords,random,True,0,2.991328400943743e-06,-133101.696097477,6529938.31197594
545,4353,Cacophis kreftii,MLP_single_with_coords,random,True,0,1e-06,-114087.089464681,6528156.09858245
558,4457,Cacophis kreftii,MLP_single_with_coords,random,True,0,1e-06,-204344.653545143,6507116.16956193
567,4529,Cacophis kreftii,MLP_single_with_coords,random,True,0,1e-06,-146716.822931648,6491951.21913417
572,4569,Cacophis kreftii,MLP_single_with_coords,random,True,0,1e-06,-141525.12346321,6489014.81167942
576,4601,Cacophis kreftii,MLP_single_with_coords,random,True,0,1e-06,-206813.275853676,6482403.27464338
579,4625,Cacophis kreftii,MLP_single_with_coords,random,True,0,1e-06,-242916.649698275,6475563.53924511
585,4673,Cacophis kreftii,MLP_single_with_coords,random,True,0,1e-06,-127313.378797034,6479531.06572796
599,4785,Cacophis kreftii,MLP_single_with_coords,random,True,0,1e-06,-212146.883673553,6444013.91646962
602,4809,Cacophis kreftii,MLP_single_with_coords,random,True,0,1e-06,-223808.84244951,6439938.38190837
606,4841,Cacophis kreftii,MLP_single_with_coords,random,True,0,1e-06,-122961.147064838,6444559.2200686
624,4985,Cacophis kreftii,MLP_single_with_coords,random,True,0,1e-06,-212517.326831474,6418204.13745066
628,5017,Cacophis kreftii,MLP_single_with_coords,random,True,0,1e-06,-205426.35557409,6417594.67751035
630,5033,Cacophis kreftii,MLP_single_with_coords,random,True,0,1e-06,-211613.384340048,6416445.23828686
639,5105,Cacophis kreftii,MLP_single_with_coords,random,True,0,1e-06,-162684.694435925,6370448.58724721
640,5113,Cacophis kreftii,MLP_single_with_coords,random,True,0,1e-06,-176653.554553042,6368244.44348734
7,50,Calyptotis scutirostrum,MLP_single_with_coords,random,True,0,4.030170154907879e-06,-35290.0454930004,6868477.63934909
15,114,Calyptotis scutirostrum,MLP_single_with_coords,random,True,1,0.7697607677341028,-99804.9506313828,6852000.67743644
21,162,Calyptotis scutirostrum,MLP_single_with_coords,random,True,0,0.15905415338990042,-91866.6308808398,6850184.44292602
29,226,Calyptotis scutirostrum,MLP_single_with_coords,random,True,0,0.0016914708249069067,-81258.2639630969,6847092.07487722
30,234,Calyptotis scutirostrum,MLP_single_with_coords,random,True,1,0.7521756332556482,-96294.553982511,6846140.09863748
31,242,Calyptotis scutirostrum,MLP_single_with_coords,random,True,1,0.2974505609732909,-95292.0596882657,6846190.80238834
37,290,Calyptotis scutirostrum,MLP_single_with_coords,random,True,0,0.01024425171425587,-79037.3638766905,6846800.48131106
41,322,Calyptotis scutirostrum,MLP_single_with_coords,random,True,0,0.6276806027604471,-96863.6801254773,6845509.65270053
47,370,Calyptotis scutirostrum,MLP_single_with_coords,random,True,0,0.0026471040724714776,-79381.2357397435,6845781.19738334
52,410,Calyptotis scutirostrum,MLP_single_with_coords,random,True,1,0.9253010534707697,-60471.4026198804,6845516.11047191
56,442,Calyptotis scutirostrum,MLP_single_with_coords,random,True,0,0.8798722478808237,-60864.6156634532,6845296.97560224
61,482,Calyptotis scutirostrum,MLP_single_with_coords,random,True,0,0.06370647484226236,-61435.1928033584,6844668.54431818
62,490,Calyptotis scutirostrum,MLP_single_with_coords,random,True,1,0.9087335193782116,-60629.7662982834,6844706.93792291
65,514,Calyptotis scutirostrum,MLP_single_with_coords,random,True,1,0.8675800806777836,-84881.8823593461,6843092.18042196
72,570,Calyptotis scutirostrum,MLP_single_with_coords,random,True,1,0.1419404713169839,-86463.3052036808,6842612.44869674
78,618,Calyptotis scutirostrum,MLP_single_with_coords,random,True,0,0.2548471943573761,-85647.642077096,6842252.08566301
84,666,Calyptotis scutirostrum,MLP_single_with_coords,random,True,0,0.03247798844040077,-75697.1375955953,6840337.76316393
87,690,Calyptotis scutirostrum,MLP_single_with_coords,random,True,0,0.009803110877666521,-71013.5035560221,6839163.13240084
92,730,Calyptotis scutirostrum,MLP_single_with_coords,random,True,0,0.000646027664269975,-75353.1982293057,6837536.97534272
97,770,Calyptotis scutirostrum,MLP_single_with_coords,random,True,1,0.06918852631081947,-114250.874091765,6835186.86007185
99,786,Calyptotis scutirostrum,MLP_single_with_coords,random,True,0,0.10586495059193175,-123277.985601988,6834532.44353339
101,802,Calyptotis scutirostrum,MLP_single_with_coords,random,True,1,0.4266765781462629,-147109.711119875,6832327.45616153
108,858,Calyptotis scutirostrum,MLP_single_with_coords,random,True,0,0.43584899374979097,-120786.146445189,6833048.30377336
116,922,Calyptotis scutirostrum,MLP_single_with_coords,random,True,0,0.16415345580274376,-119959.663589068,6832690.76087561
117,930,Calyptotis scutirostrum,MLP_single_with_coords,random,True,1,0.5427654844006394,-119338.87811833,6832311.15904512
121,962,Calyptotis scutirostrum,MLP_single_with_coords,random,True,0,0.443606716635198,-113308.229962265,6832416.48893136
125,994,Calyptotis scutirostrum,MLP_single_with_coords,random,True,1,0.19247154151986062,-119100.196556909,6831521.23488212
129,1026,Calyptotis scutirostrum,MLP_single_with_coords,random,True,0,0.830695249645562,-76147.8048592401,6833277.03106837
132,1050,Calyptotis scutirostrum,MLP_single_with_coords,random,True,0,0.09929669132011693,-105801.162580743,6831179.93507326
133,1058,Calyptotis scutirostrum,MLP_single_with_coords,random,True,1,0.42205766274469186,-76520.6971461142,6832657.28276156
136,1082,Calyptotis scutirostrum,MLP_single_with_coords,random,True,0,0.007974378301354735,-62745.5415882464,6830732.52392328
139,1106,Calyptotis scutirostrum,MLP_single_with_coords,random,True,0,0.7935600958490817,-60097.6324680274,6830057.84195886
141,1122,Calyptotis scutirostrum,MLP_single_with_coords,random,True,0,0.4143981004651009,-59274.1159834863,6829696.39928037
148,1178,Calyptotis scutirostrum,MLP_single_with_coords,random,True,1,0.1366133523492983,-59039.7148912014,6828905.9612443
153,1218,Calyptotis scutirostrum,MLP_single_with_coords,random,True,1,0.798645215677379,-56158.084536112,6827640.49763384
160,1274,Calyptotis scutirostrum,MLP_single_with_coords,random,True,1,0.5329984591387715,-57082.2051583753,6825993.28319997
165,1314,Calyptotis scutirostrum,MLP_single_with_coords,random,True,0,0.15045992761492055,-116199.528148125,6817786.39841097
169,1346,Calyptotis scutirostrum,MLP_single_with_coords,random,True,0,0.013184999674413325,-108876.433782581,6816343.47520397
172,1370,Calyptotis scutirostrum,MLP_single_with_coords,random,True,0,0.12227733898585101,-148834.228828815,6806479.17622519
173,1378,Calyptotis scutirostrum,MLP_single_with_coords,random,True,0,0.0006950130439668376,-26864.9515665186,6812638.8314962
175,1394,Calyptotis scutirostrum,MLP_single_with_coords,random,True,1,0.051458882310005505,-26614.0603685924,6811648.67695057
180,1434,Calyptotis scutirostrum,MLP_single_with_coords,random,True,0,8.160812124983787e-06,-29780.9705356891,6806663.75964171
181,1442,Calyptotis scutirostrum,MLP_single_with_coords,random,True,0,8.480901494957582e-06,-29379.7381757025,6806682.07694802
185,1474,Calyptotis scutirostrum,MLP_single_with_coords,random,True,0,0.00681798937810324,-154680.904774922,6798732.86570032
194,1546,Calyptotis scutirostrum,MLP_single_with_coords,random,True,0,0.11635380857381057,-113057.133584369,6799439.25721174
195,1554,Calyptotis scutirostrum,MLP_single_with_coords,random,True,0,0.007708683832433637,-153177.628494992,6796999.50794559
203,1618,Calyptotis scutirostrum,MLP_single_with_coords,random,True,0,0.0006595468306863151,-165638.858103626,6792540.33884748
205,1634,Calyptotis scutirostrum,MLP_single_with_coords,random,True,0,0.0215067438584451,-111987.574051639,6794257.38010052
209,1666,Calyptotis scutirostrum,MLP_single_with_coords,random,True,0,0.03678126376505887,-112530.721336831,6793024.84869485
214,1706,Calyptotis scutirostrum,MLP_single_with_coords,random,True,0,0.0011619996975134337,-110822.113763642,6787074.42336939
226,1802,Calyptotis scutirostrum,MLP_single_with_coords,random,True,0,0.026980824835808197,-156768.616233883,6780508.50732801
231,1842,Calyptotis scutirostrum,MLP_single_with_coords,random,True,0,0.003009265949333729,-107923.462038802,6781588.26422547
232,1850,Calyptotis scutirostrum,MLP_single_with_coords,random,True,0,0.031428579301866905,-154268.894705046,6778832.59399199
236,1882,Calyptotis scutirostrum,MLP_single_with_coords,random,True,0,0.00027320097788175547,-157007.529503806,6769427.67794309
237,1890,Calyptotis scutirostrum,MLP_single_with_coords,random,True,0,0.0001654837653560378,-157601.945479142,6769192.74860327
238,1898,Calyptotis scutirostrum,MLP_single_with_coords,random,True,0,0.00021923977077131695,-42631.6013249115,6774856.7836682
253,2018,Calyptotis scutirostrum,MLP_single_with_coords,random,True,0,4.443185639513879e-05,-153010.118576574,6758154.60282466
260,2074,Calyptotis scutirostrum,MLP_single_with_coords,random,True,0,0.02702734886353386,-139702.22082351,6757637.17957907
261,2082,Calyptotis scutirostrum,MLP_single_with_coords,random,True,0,7.317997489669252e-05,-149531.814001847,6756925.32438673
279,2226,Calyptotis scutirostrum,MLP_single_with_coords,random,True,0,0.00044158919963877154,-165065.597196224,6745863.85427266
282,2250,Calyptotis scutirostrum,MLP_single_with_coords,random,True,0,1.2047628325926997e-05,-48676.0066271106,6751433.87966314
283,2258,Calyptotis scutirostrum,MLP_single_with_coords,random,True,0,0.0008799845896918061,-144358.241751465,6746321.2757456
285,2274,Calyptotis scutirostrum,MLP_single_with_coords,random,True,0,1.3186728850974863e-05,-48666.355678597,6751233.93894705
290,2314,Calyptotis scutirostrum,MLP_single_with_coords,random,True,0,2.1949349803580734e-05,-54841.9600197467,6750321.73267861
303,2418,Calyptotis scutirostrum,MLP_single_with_coords,random,True,0,0.0010245950190466851,-86896.2863933826,6740221.21400845
307,2450,Calyptotis scutirostrum,MLP_single_with_coords,random,True,0,0.002098577664267169,-75230.2145233742,6740017.73560779
308,2458,Calyptotis scutirostrum,MLP_single_with_coords,random,True,0,4.193178315512437e-06,-164907.141677267,6734992.82147675
322,2570,Calyptotis scutirostrum,MLP_single_with_coords,random,True,0,3.339477308272932e-05,-148858.437557277,6712675.66874389
328,2618,Calyptotis scutirostrum,MLP_single_with_coords,random,True,0,1.7714175670460922e-05,-160137.175183615,6708870.73185706
329,2626,Calyptotis scutirostrum,MLP_single_with_coords,random,True,0,2.4242462910162086e-05,-161729.965162506,6708587.05668997
339,2706,Calyptotis scutirostrum,MLP_single_with_coords,random,True,0,5.299310833961438e-06,-50204.0063193176,6710952.93925814
352,2810,Calyptotis scutirostrum,MLP_single_with_coords,random,True,0,8.353576138990295e-06,-161130.645593128,6697139.33525593
354,2826,Calyptotis scutirostrum,MLP_single_with_coords,random,True,0,0.00031651920056674997,-54397.1023715114,6702694.88150925
369,2946,Calyptotis scutirostrum,MLP_single_with_coords,random,True,0,0.0008884050754302006,-115761.593020762,6695476.19653521
372,2970,Calyptotis scutirostrum,MLP_single_with_coords,random,True,0,3.3800567859341704e-05,-51958.1449948344,6698406.00349235
379,3026,Calyptotis scutirostrum,MLP_single_with_coords,random,True,0,1.0867802588037408e-06,-170997.113124586,6685555.44783591
380,3034,Calyptotis scutirostrum,MLP_single_with_coords,random,True,0,1.7362068070761025e-06,-171751.567168655,6684505.22516541
381,3042,Calyptotis scutirostrum,MLP_single_with_coords,random,True,0,1.5174942089903774e-06,-170101.851938007,6683790.0457837
384,3066,Calyptotis scutirostrum,MLP_single_with_coords,random,True,0,1.6686825439336517e-06,-153569.490242912,6679419.46406309
394,3146,Calyptotis scutirostrum,MLP_single_with_coords,random,True,0,1e-06,-157694.599141127,6669935.38089694
395,3154,Calyptotis scutirostrum,MLP_single_with_coords,random,True,0,1e-06,-156289.421979757,6670007.80018539
396,3162,Calyptotis scutirostrum,MLP_single_with_coords,random,True,0,0.0008206073863185861,-122906.583332893,6670557.67612587
400,3194,Calyptotis scutirostrum,MLP_single_with_coords,random,True,0,0.005800783668265823,-125067.694169073,6669443.0445974
403,3218,Calyptotis scutirostrum,MLP_single_with_coords,random,True,0,0.0017454419111082246,-58257.6048943475,6672743.96684541
407,3250,Calyptotis scutirostrum,MLP_single_with_coords,random,True,0,0.006466302040416384,-125225.02885331,6668620.03383924
413,3298,Calyptotis scutirostrum,MLP_single_with_coords,random,True,0,0.0007252014527565085,-120072.988069293,6666279.06080417
415,3314,Calyptotis scutirostrum,MLP_single_with_coords,random,True,0,1e-06,-178654.150282374,6662593.67423277
420,3354,Calyptotis scutirostrum,MLP_single_with_coords,random,True,0,2.0229724623622203e-05,-125379.598774365,6663983.11844257
422,3370,Calyptotis scutirostrum,MLP_single_with_coords,random,True,0,0.00010213084791078863,-125514.62268173,6662771.00533564
427,3410,Calyptotis scutirostrum,MLP_single_with_coords,random,True,0,6.501820775238911e-06,-128408.296244871,6660409.13008774
447,3570,Calyptotis scutirostrum,MLP_single_with_coords,random,True,0,2.074558500677641e-06,-134779.996572383,6651420.87222455
449,3586,Calyptotis scutirostrum,MLP_single_with_coords,random,True,0,3.6300856774206635e-06,-135559.130529282,6650974.17840999
450,3594,Calyptotis scutirostrum,MLP_single_with_coords,random,True,0,0.0005657176266383834,-65340.5697630112,6654471.79599168
458,3658,Calyptotis scutirostrum,MLP_single_with_coords,random,True,0,8.905842958285323e-06,-133451.630563193,6649077.13745528
461,3682,Calyptotis scutirostrum,MLP_single_with_coords,random,True,0,1e-06,-132111.524830825,6646522.10607269
462,3690,Calyptotis scutirostrum,MLP_single_with_coords,random,True,0,5.121909840899163e-06,-129873.482679348,6646037.61836241
463,3698,Calyptotis scutirostrum,MLP_single_with_coords,random,True,0,3.144965976205798e-06,-130606.171632184,6644790.80822609
464,3706,Calyptotis scutirostrum,MLP_single_with_coords,random,True,0,6.713325456938169e-06,-62036.5636510338,6645195.69882671
475,3794,Calyptotis scutirostrum,MLP_single_with_coords,random,True,0,0.0022236526422397982,-103178.812815837,6605812.65044331
480,3834,Calyptotis scutirostrum,MLP_single_with_coords,random,True,0,1.7520887984935982e-06,-139787.964672713,6601638.98677139
481,3842,Calyptotis scutirostrum,MLP_single_with_coords,random,True,0,1e-06,-140574.776964781,6601391.4036645
488,3898,Calyptotis scutirostrum,MLP_single_with_coords,random,True,0,1e-06,-141193.546516212,6594113.16970331
490,3914,Calyptotis scutirostrum,MLP_single_with_coords,random,True,0,1e-06,-140157.01004317,6593561.29260029
494,3946,Calyptotis scutirostrum,MLP_single_with_coords,random,True,0,1e-06,-160099.441241579,6571357.13800851
499,3986,Calyptotis scutirostrum,MLP_single_with_coords,random,True,0,1e-06,-166874.918971174,6569986.45729551
507,4050,Calyptotis scutirostrum,MLP_single_with_coords,random,True,0,1e-06,-144741.332783447,6566549.73714478
508,4058,Calyptotis scutirostrum,MLP_single_with_coords,random,True,0,1e-06,-162480.687351114,6563171.45187532
510,4074,Calyptotis scutirostrum,MLP_single_with_coords,random,True,0,1e-06,-146201.750488105,6563648.83716664
514,4106,Calyptotis scutirostrum,MLP_single_with_coords,random,True,0,1e-06,-146089.648133388,6561646.84538545
525,4194,Calyptotis scutirostrum,MLP_single_with_coords,random,True,0,1.4066425381492972e-05,-118770.04691586,6551450.02671343
531,4242,Calyptotis scutirostrum,MLP_single_with_coords,random,True,0,2.6268215523098185e-05,-83551.8721662688,6536463.55059073
533,4258,Calyptotis scutirostrum,MLP_single_with_coords,random,True,0,1e-06,-128644.80040642,6533196.04348179
537,4290,Calyptotis scutirostrum,MLP_single_with_coords,random,True,0,1e-06,-133101.696097477,6529938.31197594
545,4354,Calyptotis scutirostrum,MLP_single_with_coords,random,True,0,4.8045174874453106e-05,-114087.089464681,6528156.09858245
558,4458,Calyptotis scutirostrum,MLP_single_with_coords,random,True,0,1e-06,-204344.653545143,6507116.16956193
567,4530,Calyptotis scutirostrum,MLP_single_with_coords,random,True,0,1e-06,-146716.822931648,6491951.21913417
572,4570,Calyptotis scutirostrum,MLP_single_with_coords,random,True,0,1e-06,-141525.12346321,6489014.81167942
576,4602,Calyptotis scutirostrum,MLP_single_with_coords,random,True,0,1e-06,-206813.275853676,6482403.27464338
579,4626,Calyptotis scutirostrum,MLP_single_with_coords,random,True,0,1e-06,-242916.649698275,6475563.53924511
585,4674,Calyptotis scutirostrum,MLP_single_with_coords,random,True,0,1e-06,-127313.378797034,6479531.06572796
599,4786,Calyptotis scutirostrum,MLP_single_with_coords,random,True,0,1e-06,-212146.883673553,6444013.91646962
602,4810,Calyptotis scutirostrum,MLP_single_with_coords,random,True,0,1e-06,-223808.84244951,6439938.38190837
606,4842,Calyptotis scutirostrum,MLP_single_with_coords,random,True,0,1e-06,-122961.147064838,6444559.2200686
624,4986,Calyptotis scutirostrum,MLP_single_with_coords,random,True,0,1e-06,-212517.326831474,6418204.13745066
628,5018,Calyptotis scutirostrum,MLP_single_with_coords,random,True,0,1e-06,-205426.35557409,6417594.67751035
630,5034,Calyptotis scutirostrum,MLP_single_with_coords,random,True,0,1e-06,-211613.384340048,6416445.23828686
639,5106,Calyptotis scutirostrum,MLP_single_with_coords,random,True,0,1e-06,-162684.694435925,6370448.58724721
640,5114,Calyptotis scutirostrum,MLP_single_with_coords,random,True,0,1e-06,-176653.554553042,6368244.44348734
7,51,Coeranoscincus reticulatus,MLP_single_with_coords,random,True,0,1e-06,-35290.0454930004,6868477.63934909
15,115,Coeranoscincus reticulatus,MLP_single_with_coords,random,True,0,0.6978740961937214,-99804.9506313828,6852000.67743644
21,163,Coeranoscincus reticulatus,MLP_single_with_coords,random,True,0,0.16053747872627028,-91866.6308808398,6850184.44292602
29,227,Coeranoscincus reticulatus,MLP_single_with_coords,random,True,0,0.20587203873252502,-81258.2639630969,6847092.07487722
30,235,Coeranoscincus reticulatus,MLP_single_with_coords,random,True,0,0.4709818101791716,-96294.553982511,6846140.09863748
31,243,Coeranoscincus reticulatus,MLP_single_with_coords,random,True,0,0.44585964043253223,-95292.0596882657,6846190.80238834
37,291,Coeranoscincus reticulatus,MLP_single_with_coords,random,True,0,0.02419020180582036,-79037.3638766905,6846800.48131106
41,323,Coeranoscincus reticulatus,MLP_single_with_coords,random,True,0,0.4836264629221927,-96863.6801254773,6845509.65270053
47,371,Coeranoscincus reticulatus,MLP_single_with_coords,random,True,0,0.01777305424936101,-79381.2357397435,6845781.19738334
52,411,Coeranoscincus reticulatus,MLP_single_with_coords,random,True,0,0.10120771458071277,-60471.4026198804,6845516.11047191
56,443,Coeranoscincus reticulatus,MLP_single_with_coords,random,True,0,0.019381320751020146,-60864.6156634532,6845296.97560224
61,483,Coeranoscincus reticulatus,MLP_single_with_coords,random,True,0,0.029771247944612906,-61435.1928033584,6844668.54431818
62,491,Coeranoscincus reticulatus,MLP_single_with_coords,random,True,0,0.01040037639550832,-60629.7662982834,6844706.93792291
65,515,Coeranoscincus reticulatus,MLP_single_with_coords,random,True,0,0.1302028368138174,-84881.8823593461,6843092.18042196
72,571,Coeranoscincus reticulatus,MLP_single_with_coords,random,True,0,0.05482070074881879,-86463.3052036808,6842612.44869674
78,619,Coeranoscincus reticulatus,MLP_single_with_coords,random,True,1,0.08261794044610285,-85647.642077096,6842252.08566301
84,667,Coeranoscincus reticulatus,MLP_single_with_coords,random,True,0,1.1395828200326321e-05,-75697.1375955953,6840337.76316393
87,691,Coeranoscincus reticulatus,MLP_single_with_coords,random,True,1,0.0018361341738384013,-71013.5035560221,6839163.13240084
92,731,Coeranoscincus reticulatus,MLP_single_with_coords,random,True,0,2.798892243336656e-06,-75353.1982293057,6837536.97534272
97,771,Coeranoscincus reticulatus,MLP_single_with_coords,random,True,1,0.6456174801403329,-114250.874091765,6835186.86007185
99,787,Coeranoscincus reticulatus,MLP_single_with_coords,random,True,0,0.7633164388166247,-123277.985601988,6834532.44353339
101,803,Coeranoscincus reticulatus,MLP_single_with_coords,random,True,0,0.4544073920482471,-147109.711119875,6832327.45616153
108,859,Coeranoscincus reticulatus,MLP_single_with_coords,random,True,0,0.4882890992653948,-120786.146445189,6833048.30377336
116,923,Coeranoscincus reticulatus,MLP_single_with_coords,random,True,0,0.2656246748335911,-119959.663589068,6832690.76087561
117,931,Coeranoscincus reticulatus,MLP_single_with_coords,random,True,1,0.6628568043375341,-119338.87811833,6832311.15904512
121,963,Coeranoscincus reticulatus,MLP_single_with_coords,random,True,1,0.001830353128195954,-113308.229962265,6832416.48893136
125,995,Coeranoscincus reticulatus,MLP_single_with_coords,random,True,0,0.25929228877624616,-119100.196556909,6831521.23488212
129,1027,Coeranoscincus reticulatus,MLP_single_with_coords,random,True,0,0.03377738089964988,-76147.8048592401,6833277.03106837
132,1051,Coeranoscincus reticulatus,MLP_single_with_coords,random,True,0,0.15225706567823794,-105801.162580743,6831179.93507326
133,1059,Coeranoscincus reticulatus,MLP_single_with_coords,random,True,0,3.986370652005191e-05,-76520.6971461142,6832657.28276156
136,1083,Coeranoscincus reticulatus,MLP_single_with_coords,random,True,0,1e-06,-62745.5415882464,6830732.52392328
139,1107,Coeranoscincus reticulatus,MLP_single_with_coords,random,True,0,2.6072476221673743e-05,-60097.6324680274,6830057.84195886
141,1123,Coeranoscincus reticulatus,MLP_single_with_coords,random,True,0,1e-06,-59274.1159834863,6829696.39928037
148,1179,Coeranoscincus reticulatus,MLP_single_with_coords,random,True,0,1.557077882152469e-05,-59039.7148912014,6828905.9612443
153,1219,Coeranoscincus reticulatus,MLP_single_with_coords,random,True,0,0.00031892334220893343,-56158.084536112,6827640.49763384
160,1275,Coeranoscincus reticulatus,MLP_single_with_coords,random,True,0,0.00020090727120520186,-57082.2051583753,6825993.28319997
165,1315,Coeranoscincus reticulatus,MLP_single_with_coords,random,True,0,0.3868512697619719,-116199.528148125,6817786.39841097
169,1347,Coeranoscincus reticulatus,MLP_single_with_coords,random,True,0,0.04534700203601017,-108876.433782581,6816343.47520397
172,1371,Coeranoscincus reticulatus,MLP_single_with_coords,random,True,0,0.4590789977584746,-148834.228828815,6806479.17622519
173,1379,Coeranoscincus reticulatus,MLP_single_with_coords,random,True,0,1e-06,-26864.9515665186,6812638.8314962
175,1395,Coeranoscincus reticulatus,MLP_single_with_coords,random,True,0,1e-06,-26614.0603685924,6811648.67695057
180,1435,Coeranoscincus reticulatus,MLP_single_with_coords,random,True,0,1e-06,-29780.9705356891,6806663.75964171
181,1443,Coeranoscincus reticulatus,MLP_single_with_coords,random,True,0,1e-06,-29379.7381757025,6806682.07694802
185,1475,Coeranoscincus reticulatus,MLP_single_with_coords,random,True,1,0.6926487133203624,-154680.904774922,6798732.86570032
194,1547,Coeranoscincus reticulatus,MLP_single_with_coords,random,True,1,0.8270843827067608,-113057.133584369,6799439.25721174
195,1555,Coeranoscincus reticulatus,MLP_single_with_coords,random,True,1,0.6117296367009083,-153177.628494992,6796999.50794559
203,1619,Coeranoscincus reticulatus,MLP_single_with_coords,random,True,1,0.9813179220053462,-165638.858103626,6792540.33884748
205,1635,Coeranoscincus reticulatus,MLP_single_with_coords,random,True,0,0.32522499420198425,-111987.574051639,6794257.38010052
209,1667,Coeranoscincus reticulatus,MLP_single_with_coords,random,True,1,0.2580316349514494,-112530.721336831,6793024.84869485
214,1707,Coeranoscincus reticulatus,MLP_single_with_coords,random,True,0,0.10577359281919478,-110822.113763642,6787074.42336939
226,1803,Coeranoscincus reticulatus,MLP_single_with_coords,random,True,1,0.4948886909753351,-156768.616233883,6780508.50732801
231,1843,Coeranoscincus reticulatus,MLP_single_with_coords,random,True,1,0.06297790422929644,-107923.462038802,6781588.26422547
232,1851,Coeranoscincus reticulatus,MLP_single_with_coords,random,True,0,0.17057810203862303,-154268.894705046,6778832.59399199
236,1883,Coeranoscincus reticulatus,MLP_single_with_coords,random,True,1,0.4936528233724101,-157007.529503806,6769427.67794309
237,1891,Coeranoscincus reticulatus,MLP_single_with_coords,random,True,1,0.05311972590350263,-157601.945479142,6769192.74860327
238,1899,Coeranoscincus reticulatus,MLP_single_with_coords,random,True,0,1e-06,-42631.6013249115,6774856.7836682
253,2019,Coeranoscincus reticulatus,MLP_single_with_coords,random,True,0,0.4094115719745461,-153010.118576574,6758154.60282466
260,2075,Coeranoscincus reticulatus,MLP_single_with_coords,random,True,0,0.5362547007325743,-139702.22082351,6757637.17957907
261,2083,Coeranoscincus reticulatus,MLP_single_with_coords,random,True,0,0.6664723032916487,-149531.814001847,6756925.32438673
279,2227,Coeranoscincus reticulatus,MLP_single_with_coords,random,True,0,0.4576269882677454,-165065.597196224,6745863.85427266
282,2251,Coeranoscincus reticulatus,MLP_single_with_coords,random,True,0,1e-06,-48676.0066271106,6751433.87966314
283,2259,Coeranoscincus reticulatus,MLP_single_with_coords,random,True,0,0.04916702008669462,-144358.241751465,6746321.2757456
285,2275,Coeranoscincus reticulatus,MLP_single_with_coords,random,True,0,1e-06,-48666.355678597,6751233.93894705
290,2315,Coeranoscincus reticulatus,MLP_single_with_coords,random,True,0,1e-06,-54841.9600197467,6750321.73267861
303,2419,Coeranoscincus reticulatus,MLP_single_with_coords,random,True,0,0.01289882436222758,-86896.2863933826,6740221.21400845
307,2451,Coeranoscincus reticulatus,MLP_single_with_coords,random,True,0,0.001293459173916588,-75230.2145233742,6740017.73560779
308,2459,Coeranoscincus reticulatus,MLP_single_with_coords,random,True,0,0.5395128023955003,-164907.141677267,6734992.82147675
322,2571,Coeranoscincus reticulatus,MLP_single_with_coords,random,True,0,1e-06,-148858.437557277,6712675.66874389
328,2619,Coeranoscincus reticulatus,MLP_single_with_coords,random,True,0,0.009920177369872657,-160137.175183615,6708870.73185706
329,2627,Coeranoscincus reticulatus,MLP_single_with_coords,random,True,0,0.4412912053015221,-161729.965162506,6708587.05668997
339,2707,Coeranoscincus reticulatus,MLP_single_with_coords,random,True,0,1e-06,-50204.0063193176,6710952.93925814
352,2811,Coeranoscincus reticulatus,MLP_single_with_coords,random,True,0,0.0871464059592164,-161130.645593128,6697139.33525593
354,2827,Coeranoscincus reticulatus,MLP_single_with_coords,random,True,0,3.2473664542069463e-05,-54397.1023715114,6702694.88150925
369,2947,Coeranoscincus reticulatus,MLP_single_with_coords,random,True,0,0.18226835780691397,-115761.593020762,6695476.19653521
372,2971,Coeranoscincus reticulatus,MLP_single_with_coords,random,True,0,1e-06,-51958.1449948344,6698406.00349235
379,3027,Coeranoscincus reticulatus,MLP_single_with_coords,random,True,0,0.00020558024342641276,-170997.113124586,6685555.44783591
380,3035,Coeranoscincus reticulatus,MLP_single_with_coords,random,True,0,0.00014079520978860094,-171751.567168655,6684505.22516541
381,3043,Coeranoscincus reticulatus,MLP_single_with_coords,random,True,0,0.0006212355011190262,-170101.851938007,6683790.0457837
384,3067,Coeranoscincus reticulatus,MLP_single_with_coords,random,True,0,0.16645628922598332,-153569.490242912,6679419.46406309
394,3147,Coeranoscincus reticulatus,MLP_single_with_coords,random,True,0,0.008273053389804292,-157694.599141127,6669935.38089694
395,3155,Coeranoscincus reticulatus,MLP_single_with_coords,random,True,0,0.01744748668531166,-156289.421979757,6670007.80018539
396,3163,Coeranoscincus reticulatus,MLP_single_with_coords,random,True,1,0.9902923663182978,-122906.583332893,6670557.67612587
400,3195,Coeranoscincus reticulatus,MLP_single_with_coords,random,True,1,0.031715933139046734,-125067.694169073,6669443.0445974
403,3219,Coeranoscincus reticulatus,MLP_single_with_coords,random,True,0,0.0003235196179279154,-58257.6048943475,6672743.96684541
407,3251,Coeranoscincus reticulatus,MLP_single_with_coords,random,True,0,0.6522454659727294,-125225.02885331,6668620.03383924
413,3299,Coeranoscincus reticulatus,MLP_single_with_coords,random,True,1,0.8730558282116025,-120072.988069293,6666279.06080417
415,3315,Coeranoscincus reticulatus,MLP_single_with_coords,random,True,0,9.708692499496052e-05,-178654.150282374,6662593.67423277
420,3355,Coeranoscincus reticulatus,MLP_single_with_coords,random,True,1,0.8111245780728078,-125379.598774365,6663983.11844257
422,3371,Coeranoscincus reticulatus,MLP_single_with_coords,random,True,1,0.922871019986509,-125514.62268173,6662771.00533564
427,3411,Coeranoscincus reticulatus,MLP_single_with_coords,random,True,1,0.690320659416277,-128408.296244871,6660409.13008774
447,3571,Coeranoscincus reticulatus,MLP_single_with_coords,random,True,0,0.09323607342011424,-134779.996572383,6651420.87222455
449,3587,Coeranoscincus reticulatus,MLP_single_with_coords,random,True,0,0.08700177613263513,-135559.130529282,6650974.17840999
450,3595,Coeranoscincus reticulatus,MLP_single_with_coords,random,True,0,6.304812909367237e-06,-65340.5697630112,6654471.79599168
458,3659,Coeranoscincus reticulatus,MLP_single_with_coords,random,True,0,0.001700295148487103,-133451.630563193,6649077.13745528
461,3683,Coeranoscincus reticulatus,MLP_single_with_coords,random,True,0,0.0267366164167521,-132111.524830825,6646522.10607269
462,3691,Coeranoscincus reticulatus,MLP_single_with_coords,random,True,0,0.3543769487304302,-129873.482679348,6646037.61836241
463,3699,Coeranoscincus reticulatus,MLP_single_with_coords,random,True,0,0.2785570087265217,-130606.171632184,6644790.80822609
464,3707,Coeranoscincus reticulatus,MLP_single_with_coords,random,True,0,1e-06,-62036.5636510338,6645195.69882671
475,3795,Coeranoscincus reticulatus,MLP_single_with_coords,random,True,0,1.5296639419248334e-05,-103178.812815837,6605812.65044331
480,3835,Coeranoscincus reticulatus,MLP_single_with_coords,random,True,0,0.003246518619243588,-139787.964672713,6601638.98677139
481,3843,Coeranoscincus reticulatus,MLP_single_with_coords,random,True,0,0.046810981534568495,-140574.776964781,6601391.4036645
488,3899,Coeranoscincus reticulatus,MLP_single_with_coords,random,True,0,0.012575349364789358,-141193.546516212,6594113.16970331
490,3915,Coeranoscincus reticulatus,MLP_single_with_coords,random,True,0,0.00043199170196564593,-140157.01004317,6593561.29260029
494,3947,Coeranoscincus reticulatus,MLP_single_with_coords,random,True,0,0.00028802112859772797,-160099.441241579,6571357.13800851
499,3987,Coeranoscincus reticulatus,MLP_single_with_coords,random,True,0,5.7875839829141095e-06,-166874.918971174,6569986.45729551
507,4051,Coeranoscincus reticulatus,MLP_single_with_coords,random,True,0,0.001691109003999144,-144741.332783447,6566549.73714478
508,4059,Coeranoscincus reticulatus,MLP_single_with_coords,random,True,0,0.0001649494666556992,-162480.687351114,6563171.45187532
510,4075,Coeranoscincus reticulatus,MLP_single_with_coords,random,True,0,0.00016301372593595864,-146201.750488105,6563648.83716664
514,4107,Coeranoscincus reticulatus,MLP_single_with_coords,random,True,0,0.00011488758006423559,-146089.648133388,6561646.84538545
525,4195,Coeranoscincus reticulatus,MLP_single_with_coords,random,True,0,0.763205748106696,-118770.04691586,6551450.02671343
531,4243,Coeranoscincus reticulatus,MLP_single_with_coords,random,True,0,0.00021707942809409111,-83551.8721662688,6536463.55059073
533,4259,Coeranoscincus reticulatus,MLP_single_with_coords,random,True,0,1e-06,-128644.80040642,6533196.04348179
537,4291,Coeranoscincus reticulatus,MLP_single_with_coords,random,True,0,0.0010015955015737486,-133101.696097477,6529938.31197594
545,4355,Coeranoscincus reticulatus,MLP_single_with_coords,random,True,0,0.03080191791599456,-114087.089464681,6528156.09858245
558,4459,Coeranoscincus reticulatus,MLP_single_with_coords,random,True,0,1e-06,-204344.653545143,6507116.16956193
567,4531,Coeranoscincus reticulatus,MLP_single_with_coords,random,True,0,2.9398029501979207e-05,-146716.822931648,6491951.21913417
572,4571,Coeranoscincus reticulatus,MLP_single_with_coords,random,True,0,0.0004340599039285499,-141525.12346321,6489014.81167942
576,4603,Coeranoscincus reticulatus,MLP_single_with_coords,random,True,0,1e-06,-206813.275853676,6482403.27464338
579,4627,Coeranoscincus reticulatus,MLP_single_with_coords,random,True,0,1e-06,-242916.649698275,6475563.53924511
585,4675,Coeranoscincus reticulatus,MLP_single_with_coords,random,True,0,0.00013573423956962045,-127313.378797034,6479531.06572796
599,4787,Coeranoscincus reticulatus,MLP_single_with_coords,random,True,0,1e-06,-212146.883673553,6444013.91646962
602,4811,Coeranoscincus reticulatus,MLP_single_with_coords,random,True,0,1e-06,-223808.84244951,6439938.38190837
606,4843,Coeranoscincus reticulatus,MLP_single_with_coords,random,True,0,0.0006003873142972584,-122961.147064838,6444559.2200686
624,4987,Coeranoscincus reticulatus,MLP_single_with_coords,random,True,0,1e-06,-212517.326831474,6418204.13745066
628,5019,Coeranoscincus reticulatus,MLP_single_with_coords,random,True,0,1e-06,-205426.35557409,6417594.67751035
630,5035,Coeranoscincus reticulatus,MLP_single_with_coords,random,True,0,1e-06,-211613.384340048,6416445.23828686
639,5107,Coeranoscincus reticulatus,MLP_single_with_coords,random,True,0,1.0582924739934297e-06,-162684.694435925,6370448.58724721
640,5115,Coeranoscincus reticulatus,MLP_single_with_coords,random,True,0,1e-06,-176653.554553042,6368244.44348734
7,52,Egernia mcpheei,MLP_single_with_coords,random,True,0,0.0016307701247752007,-35290.0454930004,6868477.63934909
15,116,Egernia mcpheei,MLP_single_with_coords,random,True,1,0.2285697192038729,-99804.9506313828,6852000.67743644
21,164,Egernia mcpheei,MLP_single_with_coords,random,True,0,0.1824331918309802,-91866.6308808398,6850184.44292602
29,228,Egernia mcpheei,MLP_single_with_coords,random,True,0,0.056958946272799134,-81258.2639630969,6847092.07487722
30,236,Egernia mcpheei,MLP_single_with_coords,random,True,1,0.21530383334747524,-96294.553982511,6846140.09863748
31,244,Egernia mcpheei,MLP_single_with_coords,random,True,0,0.13615004483381357,-95292.0596882657,6846190.80238834
37,292,Egernia mcpheei,MLP_single_with_coords,random,True,0,0.04625161142679138,-79037.3638766905,6846800.48131106
41,324,Egernia mcpheei,MLP_single_with_coords,random,True,0,0.20059068639411826,-96863.6801254773,6845509.65270053
47,372,Egernia mcpheei,MLP_single_with_coords,random,True,0,0.03268878698606923,-79381.2357397435,6845781.19738334
52,412,Egernia mcpheei,MLP_single_with_coords,random,True,0,0.09976562469371567,-60471.4026198804,6845516.11047191
56,444,Egernia mcpheei,MLP_single_with_coords,random,True,0,0.07025927249844646,-60864.6156634532,6845296.97560224
61,484,Egernia mcpheei,MLP_single_with_coords,random,True,0,0.010452953586468507,-61435.1928033584,6844668.54431818
62,492,Egernia mcpheei,MLP_single_with_coords,random,True,0,0.04729778789864334,-60629.7662982834,6844706.93792291
65,516,Egernia mcpheei,MLP_single_with_coords,random,True,0,0.1445315767719704,-84881.8823593461,6843092.18042196
72,572,Egernia mcpheei,MLP_single_with_coords,random,True,0,0.09875377780487274,-86463.3052036808,6842612.44869674
78,620,Egernia mcpheei,MLP_single_with_coords,random,True,0,0.09120736245574314,-85647.642077096,6842252.08566301
84,668,Egernia mcpheei,MLP_single_with_coords,random,True,0,0.01523237569428485,-75697.1375955953,6840337.76316393
87,692,Egernia mcpheei,MLP_single_with_coords,random,True,0,0.04206812200458513,-71013.5035560221,6839163.13240084
92,732,Egernia mcpheei,MLP_single_with_coords,random,True,0,0.008809557061494869,-75353.1982293057,6837536.97534272
97,772,Egernia mcpheei,MLP_single_with_coords,random,True,0,0.1916361987944156,-114250.874091765,6835186.86007185
99,788,Egernia mcpheei,MLP_single_with_coords,random,True,0,0.14402230855116263,-123277.985601988,6834532.44353339
101,804,Egernia mcpheei,MLP_single_with_coords,random,True,0,0.05912985552311058,-147109.711119875,6832327.45616153
108,860,Egernia mcpheei,MLP_single_with_coords,random,True,0,0.1435472116800127,-120786.146445189,6833048.30377336
116,924,Egernia mcpheei,MLP_single_with_coords,random,True,0,0.15939646831424312,-119959.663589068,6832690.76087561
117,932,Egernia mcpheei,MLP_single_with_coords,random,True,0,0.14146156288393544,-119338.87811833,6832311.15904512
121,964,Egernia mcpheei,MLP_single_with_coords,random,True,0,0.07393136597596393,-113308.229962265,6832416.48893136
125,996,Egernia mcpheei,MLP_single_with_coords,random,True,0,0.05473987480688849,-119100.196556909,6831521.23488212
129,1028,Egernia mcpheei,MLP_single_with_coords,random,True,0,0.12360378341338574,-76147.8048592401,6833277.03106837
132,1052,Egernia mcpheei,MLP_single_with_coords,random,True,0,0.09491534993858897,-105801.162580743,6831179.93507326
133,1060,Egernia mcpheei,MLP_single_with_coords,random,True,0,0.03892978104729734,-76520.6971461142,6832657.28276156
136,1084,Egernia mcpheei,MLP_single_with_coords,random,True,0,0.0058042758590770085,-62745.5415882464,6830732.52392328
139,1108,Egernia mcpheei,MLP_single_with_coords,random,True,0,0.022282770903106916,-60097.6324680274,6830057.84195886
141,1124,Egernia mcpheei,MLP_single_with_coords,random,True,0,0.013550218979750468,-59274.1159834863,6829696.39928037
148,1180,Egernia mcpheei,MLP_single_with_coords,random,True,1,0.007326741110985238,-59039.7148912014,6828905.9612443
153,1220,Egernia mcpheei,MLP_single_with_coords,random,True,0,0.017874414344110738,-56158.084536112,6827640.49763384
160,1276,Egernia mcpheei,MLP_single_with_coords,random,True,0,0.02344966299470745,-57082.2051583753,6825993.28319997
165,1316,Egernia mcpheei,MLP_single_with_coords,random,True,0,0.01266753643017086,-116199.528148125,6817786.39841097
169,1348,Egernia mcpheei,MLP_single_with_coords,random,True,0,0.029665797578932646,-108876.433782581,6816343.47520397
172,1372,Egernia mcpheei,MLP_single_with_coords,random,True,0,0.020107653578309494,-148834.228828815,6806479.17622519
173,1380,Egernia mcpheei,MLP_single_with_coords,random,True,0,0.0024608647920487175,-26864.9515665186,6812638.8314962
175,1396,Egernia mcpheei,MLP_single_with_coords,random,True,0,0.012713056272779553,-26614.0603685924,6811648.67695057
180,1436,Egernia mcpheei,MLP_single_with_coords,random,True,0,0.0023786853318121773,-29780.9705356891,6806663.75964171
181,1444,Egernia mcpheei,MLP_single_with_coords,random,True,0,0.0022732346161136122,-29379.7381757025,6806682.07694802
185,1476,Egernia mcpheei,MLP_single_with_coords,random,True,0,0.006610814343416844,-154680.904774922,6798732.86570032
194,1548,Egernia mcpheei,MLP_single_with_coords,random,True,0,0.1394838794381261,-113057.133584369,6799439.25721174
195,1556,Egernia mcpheei,MLP_single_with_coords,random,True,0,0.007535157327611004,-153177.628494992,6796999.50794559
203,1620,Egernia mcpheei,MLP_single_with_coords,random,True,0,0.005487266508093059,-165638.858103626,6792540.33884748
205,1636,Egernia mcpheei,MLP_single_with_coords,random,True,0,0.023066593421821213,-111987.574051639,6794257.38010052
209,1668,Egernia mcpheei,MLP_single_with_coords,random,True,0,0.10456246905498856,-112530.721336831,6793024.84869485
214,1708,Egernia mcpheei,MLP_single_with_coords,random,True,0,0.08197931921295921,-110822.113763642,6787074.42336939
226,1804,Egernia mcpheei,MLP_single_with_coords,random,True,0,0.00942244492956505,-156768.616233883,6780508.50732801
231,1844,Egernia mcpheei,MLP_single_with_coords,random,True,0,0.020136493589537435,-107923.462038802,6781588.26422547
232,1852,Egernia mcpheei,MLP_single_with_coords,random,True,0,0.019348952753637585,-154268.894705046,6778832.59399199
236,1884,Egernia mcpheei,MLP_single_with_coords,random,True,0,0.008150369188090334,-157007.529503806,6769427.67794309
237,1892,Egernia mcpheei,MLP_single_with_coords,random,True,0,0.0030084289240709834,-157601.945479142,6769192.74860327
238,1900,Egernia mcpheei,MLP_single_with_coords,random,True,0,0.01828429635266589,-42631.6013249115,6774856.7836682
253,2020,Egernia mcpheei,MLP_single_with_coords,random,True,0,0.006238163205809667,-153010.118576574,6758154.60282466
260,2076,Egernia mcpheei,MLP_single_with_coords,random,True,0,0.04046770730471874,-139702.22082351,6757637.17957907
261,2084,Egernia mcpheei,MLP_single_with_coords,random,True,0,0.0022938494457866113,-149531.814001847,6756925.32438673
279,2228,Egernia mcpheei,MLP_single_with_coords,random,True,0,0.015117533695251732,-165065.597196224,6745863.85427266
282,2252,Egernia mcpheei,MLP_single_with_coords,random,True,0,0.008411397533712676,-48676.0066271106,6751433.87966314
283,2260,Egernia mcpheei,MLP_single_with_coords,random,True,0,0.010414380881621478,-144358.241751465,6746321.2757456
285,2276,Egernia mcpheei,MLP_single_with_coords,random,True,0,0.00793979891575189,-48666.355678597,6751233.93894705
290,2316,Egernia mcpheei,MLP_single_with_coords,random,True,0,0.017576545998193933,-54841.9600197467,6750321.73267861
303,2420,Egernia mcpheei,MLP_single_with_coords,random,True,0,0.04914510408738099,-86896.2863933826,6740221.21400845
307,2452,Egernia mcpheei,MLP_single_with_coords,random,True,0,0.07068124658208837,-75230.2145233742,6740017.73560779
308,2460,Egernia mcpheei,MLP_single_with_coords,random,True,0,0.008692331439791997,-164907.141677267,6734992.82147675
322,2572,Egernia mcpheei,MLP_single_with_coords,random,True,0,0.015143539243387977,-148858.437557277,6712675.66874389
328,2620,Egernia mcpheei,MLP_single_with_coords,random,True,0,0.006152515645873578,-160137.175183615,6708870.73185706
329,2628,Egernia mcpheei,MLP_single_with_coords,random,True,0,0.004691830811435592,-161729.965162506,6708587.05668997
339,2708,Egernia mcpheei,MLP_single_with_coords,random,True,0,0.007475350201019953,-50204.0063193176,6710952.93925814
352,2812,Egernia mcpheei,MLP_single_with_coords,random,True,0,0.005081748743234463,-161130.645593128,6697139.33525593
354,2828,Egernia mcpheei,MLP_single_with_coords,random,True,0,0.02653598945578448,-54397.1023715114,6702694.88150925
369,2948,Egernia mcpheei,MLP_single_with_coords,random,True,0,0.011406984330687066,-115761.593020762,6695476.19653521
372,2972,Egernia mcpheei,MLP_single_with_coords,random,True,0,0.015654147251478442,-51958.1449948344,6698406.00349235
379,3028,Egernia mcpheei,MLP_single_with_coords,random,True,0,0.0014964824718494564,-170997.113124586,6685555.44783591
380,3036,Egernia mcpheei,MLP_single_with_coords,random,True,0,0.0024187056631308143,-171751.567168655,6684505.22516541
381,3044,Egernia mcpheei,MLP_single_with_coords,random,True,0,0.003681620341420878,-170101.851938007,6683790.0457837
384,3068,Egernia mcpheei,MLP_single_with_coords,random,True,0,0.006329618776285392,-153569.490242912,6679419.46406309
394,3148,Egernia mcpheei,MLP_single_with_coords,random,True,0,0.0033471959042207567,-157694.599141127,6669935.38089694
395,3156,Egernia mcpheei,MLP_single_with_coords,random,True,0,0.0063492615667611295,-156289.421979757,6670007.80018539
396,3164,Egernia mcpheei,MLP_single_with_coords,random,True,0,0.05745716515486922,-122906.583332893,6670557.67612587
400,3196,Egernia mcpheei,MLP_single_with_coords,random,True,0,0.015795763755767973,-125067.694169073,6669443.0445974
403,3220,Egernia mcpheei,MLP_single_with_coords,random,True,0,0.04920225325531871,-58257.6048943475,6672743.96684541
407,3252,Egernia mcpheei,MLP_single_with_coords,random,True,0,0.02703473646538038,-125225.02885331,6668620.03383924
413,3300,Egernia mcpheei,MLP_single_with_coords,random,True,0,0.020993445961371742,-120072.988069293,6666279.06080417
415,3316,Egernia mcpheei,MLP_single_with_coords,random,True,0,0.0004377038423072073,-178654.150282374,6662593.67423277
420,3356,Egernia mcpheei,MLP_single_with_coords,random,True,0,0.008167901419335828,-125379.598774365,6663983.11844257
422,3372,Egernia mcpheei,MLP_single_with_coords,random,True,0,0.019723332051836993,-125514.62268173,6662771.00533564
427,3412,Egernia mcpheei,MLP_single_with_coords,random,True,0,0.00925270761727782,-128408.296244871,6660409.13008774
447,3572,Egernia mcpheei,MLP_single_with_coords,random,True,0,0.008333058745892215,-134779.996572383,6651420.87222455
449,3588,Egernia mcpheei,MLP_single_with_coords,random,True,0,0.05408508366156025,-135559.130529282,6650974.17840999
450,3596,Egernia mcpheei,MLP_single_with_coords,random,True,0,0.03632728257398605,-65340.5697630112,6654471.79599168
458,3660,Egernia mcpheei,MLP_single_with_coords,random,True,0,0.004280017361896795,-133451.630563193,6649077.13745528
461,3684,Egernia mcpheei,MLP_single_with_coords,random,True,0,0.005169717897723993,-132111.524830825,6646522.10607269
462,3692,Egernia mcpheei,MLP_single_with_coords,random,True,0,0.015135806082883172,-129873.482679348,6646037.61836241
463,3700,Egernia mcpheei,MLP_single_with_coords,random,True,0,0.009364516659405235,-130606.171632184,6644790.80822609
464,3708,Egernia mcpheei,MLP_single_with_coords,random,True,0,0.017225785706614264,-62036.5636510338,6645195.69882671
475,3796,Egernia mcpheei,MLP_single_with_coords,random,True,0,0.03493843431387373,-103178.812815837,6605812.65044331
480,3836,Egernia mcpheei,MLP_single_with_coords,random,True,0,0.037337971791575573,-139787.964672713,6601638.98677139
481,3844,Egernia mcpheei,MLP_single_with_coords,random,True,0,0.009076330552804534,-140574.776964781,6601391.4036645
488,3900,Egernia mcpheei,MLP_single_with_coords,random,True,0,0.012481292243516759,-141193.546516212,6594113.16970331
490,3916,Egernia mcpheei,MLP_single_with_coords,random,True,0,0.004019337956284443,-140157.01004317,6593561.29260029
494,3948,Egernia mcpheei,MLP_single_with_coords,random,True,0,2.2845622388398126e-05,-160099.441241579,6571357.13800851
499,3988,Egernia mcpheei,MLP_single_with_coords,random,True,0,0.002158368072312219,-166874.918971174,6569986.45729551
507,4052,Egernia mcpheei,MLP_single_with_coords,random,True,0,0.013956733420287989,-144741.332783447,6566549.73714478
508,4060,Egernia mcpheei,MLP_single_with_coords,random,True,0,0.000959400043127456,-162480.687351114,6563171.45187532
510,4076,Egernia mcpheei,MLP_single_with_coords,random,True,0,0.009289873260336184,-146201.750488105,6563648.83716664
514,4108,Egernia mcpheei,MLP_single_with_coords,random,True,0,0.019787340551345033,-146089.648133388,6561646.84538545
525,4196,Egernia mcpheei,MLP_single_with_coords,random,True,0,0.0016181744981299544,-118770.04691586,6551450.02671343
531,4244,Egernia mcpheei,MLP_single_with_coords,random,True,0,0.03439072650004259,-83551.8721662688,6536463.55059073
533,4260,Egernia mcpheei,MLP_single_with_coords,random,True,0,0.046009930907513215,-128644.80040642,6533196.04348179
537,4292,Egernia mcpheei,MLP_single_with_coords,random,True,0,0.010382511993599275,-133101.696097477,6529938.31197594
545,4356,Egernia mcpheei,MLP_single_with_coords,random,True,0,0.031153981980573935,-114087.089464681,6528156.09858245
558,4460,Egernia mcpheei,MLP_single_with_coords,random,True,0,0.004018249212743608,-204344.653545143,6507116.16956193
567,4532,Egernia mcpheei,MLP_single_with_coords,random,True,0,0.002277011734538889,-146716.822931648,6491951.21913417
572,4572,Egernia mcpheei,MLP_single_with_coords,random,True,0,0.0077952664255546604,-141525.12346321,6489014.81167942
576,4604,Egernia mcpheei,MLP_single_with_coords,random,True,0,0.0002666036491634662,-206813.275853676,6482403.27464338
579,4628,Egernia mcpheei,MLP_single_with_coords,random,True,0,0.0007449512363540237,-242916.649698275,6475563.53924511
585,4676,Egernia mcpheei,MLP_single_with_coords,random,True,0,0.03044584893042229,-127313.378797034,6479531.06572796
599,4788,Egernia mcpheei,MLP_single_with_coords,random,True,0,0.0022290547278473365,-212146.883673553,6444013.91646962
602,4812,Egernia mcpheei,MLP_single_with_coords,random,True,0,0.0013012872462537992,-223808.84244951,6439938.38190837
606,4844,Egernia mcpheei,MLP_single_with_coords,random,True,0,0.007200665133015474,-122961.147064838,6444559.2200686
624,4988,Egernia mcpheei,MLP_single_with_coords,random,True,0,0.0006448092695357637,-212517.326831474,6418204.13745066
628,5020,Egernia mcpheei,MLP_single_with_coords,random,True,0,0.0327839609795419,-205426.35557409,6417594.67751035
630,5036,Egernia mcpheei,MLP_single_with_coords,random,True,0,0.007083441425956668,-211613.384340048,6416445.23828686
639,5108,Egernia mcpheei,MLP_single_with_coords,random,True,0,0.013798318682545784,-162684.694435925,6370448.58724721
640,5116,Egernia mcpheei,MLP_single_with_coords,random,True,0,0.00219453654676397,-176653.554553042,6368244.44348734
7,53,Eulamprus murrayi,MLP_single_with_coords,random,True,0,0.0008397420436293819,-35290.0454930004,6868477.63934909
15,117,Eulamprus murrayi,MLP_single_with_coords,random,True,0,0.001956207326692691,-99804.9506313828,6852000.67743644
21,165,Eulamprus murrayi,MLP_single_with_coords,random,True,0,0.0007160509593062527,-91866.6308808398,6850184.44292602
29,229,Eulamprus murrayi,MLP_single_with_coords,random,True,0,9.571158363765052e-05,-81258.2639630969,6847092.07487722
30,237,Eulamprus murrayi,MLP_single_with_coords,random,True,0,0.0011090706448207122,-96294.553982511,6846140.09863748
31,245,Eulamprus murrayi,MLP_single_with_coords,random,True,0,3.1282246443987284e-05,-95292.0596882657,6846190.80238834
37,293,Eulamprus murrayi,MLP_single_with_coords,random,True,0,3.7746517498057204e-05,-79037.3638766905,6846800.48131106
41,325,Eulamprus murrayi,MLP_single_with_coords,random,True,0,0.0013446520381619805,-96863.6801254773,6845509.65270053
47,373,Eulamprus murrayi,MLP_single_with_coords,random,True,0,6.116650582190272e-05,-79381.2357397435,6845781.19738334
52,413,Eulamprus murrayi,MLP_single_with_coords,random,True,0,0.0017680126943294605,-60471.4026198804,6845516.11047191
56,445,Eulamprus murrayi,MLP_single_with_coords,random,True,0,0.0002724645827742586,-60864.6156634532,6845296.97560224
61,485,Eulamprus murrayi,MLP_single_with_coords,random,True,0,0.0013890517374310954,-61435.1928033584,6844668.54431818
62,493,Eulamprus murrayi,MLP_single_with_coords,random,True,0,0.0002847522504436541,-60629.7662982834,6844706.93792291
65,517,Eulamprus murrayi,MLP_single_with_coords,random,True,0,0.0010516925736814872,-84881.8823593461,6843092.18042196
72,573,Eulamprus murrayi,MLP_single_with_coords,random,True,0,0.0007225666805629083,-86463.3052036808,6842612.44869674
78,621,Eulamprus murrayi,MLP_single_with_coords,random,True,0,1.2228130803956695e-05,-85647.642077096,6842252.08566301
84,669,Eulamprus murrayi,MLP_single_with_coords,random,True,0,1.2770859783809794e-05,-75697.1375955953,6840337.76316393
87,693,Eulamprus murrayi,MLP_single_with_coords,random,True,0,0.0037945560211913748,-71013.5035560221,6839163.13240084
92,733,Eulamprus murrayi,MLP_single_with_coords,random,True,0,6.491531878975798e-06,-75353.1982293057,6837536.97534272
97,773,Eulamprus murrayi,MLP_single_with_coords,random,True,0,0.0012245180911182082,-114250.874091765,6835186.86007185
99,789,Eulamprus murrayi,MLP_single_with_coords,random,True,0,0.0007533599328568035,-123277.985601988,6834532.44353339
101,805,Eulamprus murrayi,MLP_single_with_coords,random,True,0,0.011601498486154797,-147109.711119875,6832327.45616153
108,861,Eulamprus murrayi,MLP_single_with_coords,random,True,0,0.00035705746290504555,-120786.146445189,6833048.30377336
116,925,Eulamprus murrayi,MLP_single_with_coords,random,True,0,0.0003459207414289514,-119959.663589068,6832690.76087561
117,933,Eulamprus murrayi,MLP_single_with_coords,random,True,0,0.0006858289130548571,-119338.87811833,6832311.15904512
121,965,Eulamprus murrayi,MLP_single_with_coords,random,True,0,5.254586120909551e-05,-113308.229962265,6832416.48893136
125,997,Eulamprus murrayi,MLP_single_with_coords,random,True,0,0.002991339585524452,-119100.196556909,6831521.23488212
129,1029,Eulamprus murrayi,MLP_single_with_coords,random,True,0,0.0002744917986844626,-76147.8048592401,6833277.03106837
132,1053,Eulamprus murrayi,MLP_single_with_coords,random,True,0,3.208377603687756e-05,-105801.162580743,6831179.93507326
133,1061,Eulamprus murrayi,MLP_single_with_coords,random,True,0,1.2870857596054181e-06,-76520.6971461142,6832657.28276156
136,1085,Eulamprus murrayi,MLP_single_with_coords,random,True,0,1e-06,-62745.5415882464,6830732.52392328
139,1109,Eulamprus murrayi,MLP_single_with_coords,random,True,0,1.7547886375594633e-05,-60097.6324680274,6830057.84195886
141,1125,Eulamprus murrayi,MLP_single_with_coords,random,True,0,0.00012039966992037782,-59274.1159834863,6829696.39928037
148,1181,Eulamprus murrayi,MLP_single_with_coords,random,True,0,4.270412782010373e-05,-59039.7148912014,6828905.9612443
153,1221,Eulamprus murrayi,MLP_single_with_coords,random,True,0,0.0003064590933437693,-56158.084536112,6827640.49763384
160,1277,Eulamprus murrayi,MLP_single_with_coords,random,True,0,0.0003072246333675656,-57082.2051583753,6825993.28319997
165,1317,Eulamprus murrayi,MLP_single_with_coords,random,True,0,0.022206471804785057,-116199.528148125,6817786.39841097
169,1349,Eulamprus murrayi,MLP_single_with_coords,random,True,0,0.0037791386990696087,-108876.433782581,6816343.47520397
172,1373,Eulamprus murrayi,MLP_single_with_coords,random,True,0,0.0008467468556505514,-148834.228828815,6806479.17622519
173,1381,Eulamprus murrayi,MLP_single_with_coords,random,True,0,2.5232917266877676e-05,-26864.9515665186,6812638.8314962
175,1397,Eulamprus murrayi,MLP_single_with_coords,random,True,0,0.0006790685245162874,-26614.0603685924,6811648.67695057
180,1437,Eulamprus murrayi,MLP_single_with_coords,random,True,0,0.0010164211819699246,-29780.9705356891,6806663.75964171
181,1445,Eulamprus murrayi,MLP_single_with_coords,random,True,0,0.0009223235443106056,-29379.7381757025,6806682.07694802
185,1477,Eulamprus murrayi,MLP_single_with_coords,random,True,0,0.010694254565341458,-154680.904774922,6798732.86570032
194,1549,Eulamprus murrayi,MLP_single_with_coords,random,True,0,0.00015310592875969259,-113057.133584369,6799439.25721174
195,1557,Eulamprus murrayi,MLP_single_with_coords,random,True,0,0.05697157114990065,-153177.628494992,6796999.50794559
203,1621,Eulamprus murrayi,MLP_single_with_coords,random,True,0,0.0015971621929770738,-165638.858103626,6792540.33884748
205,1637,Eulamprus murrayi,MLP_single_with_coords,random,True,0,0.003822390512950562,-111987.574051639,6794257.38010052
209,1669,Eulamprus murrayi,MLP_single_with_coords,random,True,0,0.0005311054219535805,-112530.721336831,6793024.84869485
214,1709,Eulamprus murrayi,MLP_single_with_coords,random,True,0,7.925070611179617e-05,-110822.113763642,6787074.42336939
226,1805,Eulamprus murrayi,MLP_single_with_coords,random,True,0,0.0059691973815812725,-156768.616233883,6780508.50732801
231,1845,Eulamprus murrayi,MLP_single_with_coords,random,True,0,0.006719583505658036,-107923.462038802,6781588.26422547
232,1853,Eulamprus murrayi,MLP_single_with_coords,random,True,0,0.005855291532744439,-154268.894705046,6778832.59399199
236,1885,Eulamprus murrayi,MLP_single_with_coords,random,True,0,0.0047675632589102256,-157007.529503806,6769427.67794309
237,1893,Eulamprus murrayi,MLP_single_with_coords,random,True,0,0.014728954068517553,-157601.945479142,6769192.74860327
238,1901,Eulamprus murrayi,MLP_single_with_coords,random,True,0,0.003726964215506267,-42631.6013249115,6774856.7836682
253,2021,Eulamprus murrayi,MLP_single_with_coords,random,True,0,0.01616276981119259,-153010.118576574,6758154.60282466
260,2077,Eulamprus murrayi,MLP_single_with_coords,random,True,0,0.0013775497310415882,-139702.22082351,6757637.17957907
261,2085,Eulamprus murrayi,MLP_single_with_coords,random,True,0,0.00561953167217222,-149531.814001847,6756925.32438673
279,2229,Eulamprus murrayi,MLP_single_with_coords,random,True,0,0.0011333732025118925,-165065.597196224,6745863.85427266
282,2253,Eulamprus murrayi,MLP_single_with_coords,random,True,0,0.0018524369190656635,-48676.0066271106,6751433.87966314
283,2261,Eulamprus murrayi,MLP_single_with_coords,random,True,0,0.0009135848769189299,-144358.241751465,6746321.2757456
285,2277,Eulamprus murrayi,MLP_single_with_coords,random,True,0,0.0015760345171092623,-48666.355678597,6751233.93894705
290,2317,Eulamprus murrayi,MLP_single_with_coords,random,True,0,0.002374608059393506,-54841.9600197467,6750321.73267861
303,2421,Eulamprus murrayi,MLP_single_with_coords,random,True,0,0.0010062698557729973,-86896.2863933826,6740221.21400845
307,2453,Eulamprus murrayi,MLP_single_with_coords,random,True,0,0.0005578351346890425,-75230.2145233742,6740017.73560779
308,2461,Eulamprus murrayi,MLP_single_with_coords,random,True,0,0.003171486330972958,-164907.141677267,6734992.82147675
322,2573,Eulamprus murrayi,MLP_single_with_coords,random,True,0,8.629160899499556e-05,-148858.437557277,6712675.66874389
328,2621,Eulamprus murrayi,MLP_single_with_coords,random,True,0,0.003236061365869612,-160137.175183615,6708870.73185706
329,2629,Eulamprus murrayi,MLP_single_with_coords,random,True,0,0.0009138188901887056,-161729.965162506,6708587.05668997
339,2709,Eulamprus murrayi,MLP_single_with_coords,random,True,0,0.0007080117194792597,-50204.0063193176,6710952.93925814
352,2813,Eulamprus murrayi,MLP_single_with_coords,random,True,0,0.00010670381244539857,-161130.645593128,6697139.33525593
354,2829,Eulamprus murrayi,MLP_single_with_coords,random,True,0,0.00030380244795888645,-54397.1023715114,6702694.88150925
369,2949,Eulamprus murrayi,MLP_single_with_coords,random,True,0,0.009998252336687755,-115761.593020762,6695476.19653521
372,2973,Eulamprus murrayi,MLP_single_with_coords,random,True,0,0.0009575872252660028,-51958.1449948344,6698406.00349235
379,3029,Eulamprus murrayi,MLP_single_with_coords,random,True,0,0.00180780491606455,-170997.113124586,6685555.44783591
380,3037,Eulamprus murrayi,MLP_single_with_coords,random,True,0,0.0017876498004400548,-171751.567168655,6684505.22516541
381,3045,Eulamprus murrayi,MLP_single_with_coords,random,True,0,0.0009204028752467992,-170101.851938007,6683790.0457837
384,3069,Eulamprus murrayi,MLP_single_with_coords,random,True,0,0.004196828872070724,-153569.490242912,6679419.46406309
394,3149,Eulamprus murrayi,MLP_single_with_coords,random,True,0,0.009658744628756639,-157694.599141127,6669935.38089694
395,3157,Eulamprus murrayi,MLP_single_with_coords,random,True,0,0.009355592305103605,-156289.421979757,6670007.80018539
396,3165,Eulamprus murrayi,MLP_single_with_coords,random,True,0,0.00024415453342001346,-122906.583332893,6670557.67612587
400,3197,Eulamprus murrayi,MLP_single_with_coords,random,True,0,7.000237548651086e-05,-125067.694169073,6669443.0445974
403,3221,Eulamprus murrayi,MLP_single_with_coords,random,True,0,0.0010090620759468593,-58257.6048943475,6672743.96684541
407,3253,Eulamprus murrayi,MLP_single_with_coords,random,True,0,0.0001565974013850946,-125225.02885331,6668620.03383924
413,3301,Eulamprus murrayi,MLP_single_with_coords,random,True,0,0.001548982652074088,-120072.988069293,6666279.06080417
415,3317,Eulamprus murrayi,MLP_single_with_coords,random,True,0,0.02611183151858144,-178654.150282374,6662593.67423277
420,3357,Eulamprus murrayi,MLP_single_with_coords,random,True,0,0.005939298551382463,-125379.598774365,6663983.11844257
422,3373,Eulamprus murrayi,MLP_single_with_coords,random,True,0,0.0006934206581545506,-125514.62268173,6662771.00533564
427,3413,Eulamprus murrayi,MLP_single_with_coords,random,True,0,0.003014913241756233,-128408.296244871,6660409.13008774
447,3573,Eulamprus murrayi,MLP_single_with_coords,random,True,0,3.449283006869479e-05,-134779.996572383,6651420.87222455
449,3589,Eulamprus murrayi,MLP_single_with_coords,random,True,0,0.00017335255420999188,-135559.130529282,6650974.17840999
450,3597,Eulamprus murrayi,MLP_single_with_coords,random,True,0,0.0005518843523424322,-65340.5697630112,6654471.79599168
458,3661,Eulamprus murrayi,MLP_single_with_coords,random,True,0,0.002801797065522367,-133451.630563193,6649077.13745528
461,3685,Eulamprus murrayi,MLP_single_with_coords,random,True,0,0.004854211868488307,-132111.524830825,6646522.10607269
462,3693,Eulamprus murrayi,MLP_single_with_coords,random,True,0,0.0002777960386100927,-129873.482679348,6646037.61836241
463,3701,Eulamprus murrayi,MLP_single_with_coords,random,True,0,0.0014631460439723017,-130606.171632184,6644790.80822609
464,3709,Eulamprus murrayi,MLP_single_with_coords,random,True,0,0.0010473364428828398,-62036.5636510338,6645195.69882671
475,3797,Eulamprus murrayi,MLP_single_with_coords,random,True,1,3.269211066185716e-06,-103178.812815837,6605812.65044331
480,3837,Eulamprus murrayi,MLP_single_with_coords,random,True,0,8.663087180073261e-06,-139787.964672713,6601638.98677139
481,3845,Eulamprus murrayi,MLP_single_with_coords,random,True,0,0.0010506241577645436,-140574.776964781,6601391.4036645
488,3901,Eulamprus murrayi,MLP_single_with_coords,random,True,0,0.0007142963912972794,-141193.546516212,6594113.16970331
490,3917,Eulamprus murrayi,MLP_single_with_coords,random,True,0,0.000253424390368198,-140157.01004317,6593561.29260029
494,3949,Eulamprus murrayi,MLP_single_with_coords,random,True,0,0.04348772626701131,-160099.441241579,6571357.13800851
499,3989,Eulamprus murrayi,MLP_single_with_coords,random,True,0,0.00031099897890127915,-166874.918971174,6569986.45729551
507,4053,Eulamprus murrayi,MLP_single_with_coords,random,True,0,0.0003537408442269643,-144741.332783447,6566549.73714478
508,4061,Eulamprus murrayi,MLP_single_with_coords,random,True,0,6.68502679020633e-05,-162480.687351114,6563171.45187532
510,4077,Eulamprus murrayi,MLP_single_with_coords,random,True,0,0.00019655295480956023,-146201.750488105,6563648.83716664
514,4109,Eulamprus murrayi,MLP_single_with_coords,random,True,0,8.41071356127391e-05,-146089.648133388,6561646.84538545
525,4197,Eulamprus murrayi,MLP_single_with_coords,random,True,0,0.0038482381445731437,-118770.04691586,6551450.02671343
531,4245,Eulamprus murrayi,MLP_single_with_coords,random,True,0,0.00016420456149475717,-83551.8721662688,6536463.55059073
533,4261,Eulamprus murrayi,MLP_single_with_coords,random,True,0,3.35803116333362e-05,-128644.80040642,6533196.04348179
537,4293,Eulamprus murrayi,MLP_single_with_coords,random,True,0,0.0005302403990420676,-133101.696097477,6529938.31197594
545,4357,Eulamprus murrayi,MLP_single_with_coords,random,True,0,3.6316465962526616e-05,-114087.089464681,6528156.09858245
558,4461,Eulamprus murrayi,MLP_single_with_coords,random,True,0,3.682939610204751e-05,-204344.653545143,6507116.16956193
567,4533,Eulamprus murrayi,MLP_single_with_coords,random,True,0,0.0021209917332247748,-146716.822931648,6491951.21913417
572,4573,Eulamprus murrayi,MLP_single_with_coords,random,True,0,0.0008794733029628693,-141525.12346321,6489014.81167942
576,4605,Eulamprus murrayi,MLP_single_with_coords,random,True,0,0.0006829920730273537,-206813.275853676,6482403.27464338
579,4629,Eulamprus murrayi,MLP_single_with_coords,random,True,0,7.380706131778162e-05,-242916.649698275,6475563.53924511
585,4677,Eulamprus murrayi,MLP_single_with_coords,random,True,0,0.0001769647936819505,-127313.378797034,6479531.06572796
599,4789,Eulamprus murrayi,MLP_single_with_coords,random,True,0,3.1109824130880716e-05,-212146.883673553,6444013.91646962
602,4813,Eulamprus murrayi,MLP_single_with_coords,random,True,0,5.3463398643057346e-06,-223808.84244951,6439938.38190837
606,4845,Eulamprus murrayi,MLP_single_with_coords,random,True,0,0.00028025081846291345,-122961.147064838,6444559.2200686
624,4989,Eulamprus murrayi,MLP_single_with_coords,random,True,0,1.7542032577015625e-05,-212517.326831474,6418204.13745066
628,5021,Eulamprus murrayi,MLP_single_with_coords,random,True,0,8.012534155316617e-05,-205426.35557409,6417594.67751035
630,5037,Eulamprus murrayi,MLP_single_with_coords,random,True,0,3.245569270988704e-05,-211613.384340048,6416445.23828686
639,5109,Eulamprus murrayi,MLP_single_with_coords,random,True,0,9.21295375075782e-05,-162684.694435925,6370448.58724721
640,5117,Eulamprus murrayi,MLP_single_with_coords,random,True,0,0.0004727881747136307,-176653.554553042,6368244.44348734
7,54,Ophioscincus truncatus,MLP_single_with_coords,random,True,0,0.0031909820785636376,-35290.0454930004,6868477.63934909
15,118,Ophioscincus truncatus,MLP_single_with_coords,random,True,0,0.37794418646434275,-99804.9506313828,6852000.67743644
21,166,Ophioscincus truncatus,MLP_single_with_coords,random,True,0,0.03307808214906656,-91866.6308808398,6850184.44292602
29,230,Ophioscincus truncatus,MLP_single_with_coords,random,True,1,0.7499768751595728,-81258.2639630969,6847092.07487722
30,238,Ophioscincus truncatus,MLP_single_with_coords,random,True,1,0.4697347622381122,-96294.553982511,6846140.09863748
31,246,Ophioscincus truncatus,MLP_single_with_coords,random,True,0,0.45430645392456176,-95292.0596882657,6846190.80238834
37,294,Ophioscincus truncatus,MLP_single_with_coords,random,True,1,0.7218461900131324,-79037.3638766905,6846800.48131106
41,326,Ophioscincus truncatus,MLP_single_with_coords,random,True,0,0.3953510409173474,-96863.6801254773,6845509.65270053
47,374,Ophioscincus truncatus,MLP_single_with_coords,random,True,1,0.7512158561335828,-79381.2357397435,6845781.19738334
52,414,Ophioscincus truncatus,MLP_single_with_coords,random,True,1,0.8559361456044194,-60471.4026198804,6845516.11047191
56,446,Ophioscincus truncatus,MLP_single_with_coords,random,True,1,0.6104311965430097,-60864.6156634532,6845296.97560224
61,486,Ophioscincus truncatus,MLP_single_with_coords,random,True,1,0.02369696364130785,-61435.1928033584,6844668.54431818
62,494,Ophioscincus truncatus,MLP_single_with_coords,random,True,1,0.8410964048451741,-60629.7662982834,6844706.93792291
65,518,Ophioscincus truncatus,MLP_single_with_coords,random,True,1,0.7834128865360442,-84881.8823593461,6843092.18042196
72,574,Ophioscincus truncatus,MLP_single_with_coords,random,True,1,0.229452827968308,-86463.3052036808,6842612.44869674
78,622,Ophioscincus truncatus,MLP_single_with_coords,random,True,0,0.15529792255893157,-85647.642077096,6842252.08566301
84,670,Ophioscincus truncatus,MLP_single_with_coords,random,True,0,0.4966393980410221,-75697.1375955953,6840337.76316393
87,694,Ophioscincus truncatus,MLP_single_with_coords,random,True,0,0.031977769799902515,-71013.5035560221,6839163.13240084
92,734,Ophioscincus truncatus,MLP_single_with_coords,random,True,0,0.3642926080230186,-75353.1982293057,6837536.97534272
97,774,Ophioscincus truncatus,MLP_single_with_coords,random,True,1,0.2935862166355143,-114250.874091765,6835186.86007185
99,790,Ophioscincus truncatus,MLP_single_with_coords,random,True,0,0.058279567209770795,-123277.985601988,6834532.44353339
101,806,Ophioscincus truncatus,MLP_single_with_coords,random,True,0,0.013807198027597877,-147109.711119875,6832327.45616153
108,862,Ophioscincus truncatus,MLP_single_with_coords,random,True,1,0.08809917941667333,-120786.146445189,6833048.30377336
116,926,Ophioscincus truncatus,MLP_single_with_coords,random,True,1,0.1376658780436513,-119959.663589068,6832690.76087561
117,934,Ophioscincus truncatus,MLP_single_with_coords,random,True,1,0.2635275792893729,-119338.87811833,6832311.15904512
121,966,Ophioscincus truncatus,MLP_single_with_coords,random,True,1,0.3551940474536797,-113308.229962265,6832416.48893136
125,998,Ophioscincus truncatus,MLP_single_with_coords,random,True,0,0.04886088631566221,-119100.196556909,6831521.23488212
129,1030,Ophioscincus truncatus,MLP_single_with_coords,random,True,0,0.5453895545961434,-76147.8048592401,6833277.03106837
132,1054,Ophioscincus truncatus,MLP_single_with_coords,random,True,0,0.06566996457651117,-105801.162580743,6831179.93507326
133,1062,Ophioscincus truncatus,MLP_single_with_coords,random,True,0,0.3964970115674847,-76520.6971461142,6832657.28276156
136,1086,Ophioscincus truncatus,MLP_single_with_coords,random,True,1,0.1408691540007191,-62745.5415882464,6830732.52392328
139,1110,Ophioscincus truncatus,MLP_single_with_coords,random,True,1,0.46032258608624693,-60097.6324680274,6830057.84195886
141,1126,Ophioscincus truncatus,MLP_single_with_coords,random,True,0,0.017867032991300835,-59274.1159834863,6829696.39928037
148,1182,Ophioscincus truncatus,MLP_single_with_coords,random,True,1,0.5412034573468351,-59039.7148912014,6828905.9612443
153,1222,Ophioscincus truncatus,MLP_single_with_coords,random,True,1,0.9285677024935268,-56158.084536112,6827640.49763384
160,1278,Ophioscincus truncatus,MLP_single_with_coords,random,True,0,0.8797500174184498,-57082.2051583753,6825993.28319997
165,1318,Ophioscincus truncatus,MLP_single_with_coords,random,True,0,0.39635587336455375,-116199.528148125,6817786.39841097
169,1350,Ophioscincus truncatus,MLP_single_with_coords,random,True,0,0.001908812190704526,-108876.433782581,6816343.47520397
172,1374,Ophioscincus truncatus,MLP_single_with_coords,random,True,0,0.007035035880416455,-148834.228828815,6806479.17622519
173,1382,Ophioscincus truncatus,MLP_single_with_coords,random,True,0,0.0024661859666198177,-26864.9515665186,6812638.8314962
175,1398,Ophioscincus truncatus,MLP_single_with_coords,random,True,0,0.0001137415507565829,-26614.0603685924,6811648.67695057
180,1438,Ophioscincus truncatus,MLP_single_with_coords,random,True,0,0.004230684989045595,-29780.9705356891,6806663.75964171
181,1446,Ophioscincus truncatus,MLP_single_with_coords,random,True,0,0.003740358963212172,-29379.7381757025,6806682.07694802
185,1478,Ophioscincus truncatus,MLP_single_with_coords,random,True,0,0.043619016893831616,-154680.904774922,6798732.86570032
194,1550,Ophioscincus truncatus,MLP_single_with_coords,random,True,0,0.1477212080638158,-113057.133584369,6799439.25721174
195,1558,Ophioscincus truncatus,MLP_single_with_coords,random,True,0,0.02101859743846697,-153177.628494992,6796999.50794559
203,1622,Ophioscincus truncatus,MLP_single_with_coords,random,True,0,0.06899771257114867,-165638.858103626,6792540.33884748
205,1638,Ophioscincus truncatus,MLP_single_with_coords,random,True,0,0.008060057654097912,-111987.574051639,6794257.38010052
209,1670,Ophioscincus truncatus,MLP_single_with_coords,random,True,0,0.00465698609374017,-112530.721336831,6793024.84869485
214,1710,Ophioscincus truncatus,MLP_single_with_coords,random,True,0,0.01737240850170586,-110822.113763642,6787074.42336939
226,1806,Ophioscincus truncatus,MLP_single_with_coords,random,True,0,0.030801286070134794,-156768.616233883,6780508.50732801
231,1846,Ophioscincus truncatus,MLP_single_with_coords,random,True,0,0.0012385114906907045,-107923.462038802,6781588.26422547
232,1854,Ophioscincus truncatus,MLP_single_with_coords,random,True,0,0.06163833253535097,-154268.894705046,6778832.59399199
236,1886,Ophioscincus truncatus,MLP_single_with_coords,random,True,0,0.083129546933075,-157007.529503806,6769427.67794309
237,1894,Ophioscincus truncatus,MLP_single_with_coords,random,True,0,0.10059947101935333,-157601.945479142,6769192.74860327
238,1902,Ophioscincus truncatus,MLP_single_with_coords,random,True,0,0.00046615996012259526,-42631.6013249115,6774856.7836682
253,2022,Ophioscincus truncatus,MLP_single_with_coords,random,True,0,0.3803565190638101,-153010.118576574,6758154.60282466
260,2078,Ophioscincus truncatus,MLP_single_with_coords,random,True,0,0.22625703585295015,-139702.22082351,6757637.17957907
261,2086,Ophioscincus truncatus,MLP_single_with_coords,random,True,0,0.01108810401582016,-149531.814001847,6756925.32438673
279,2230,Ophioscincus truncatus,MLP_single_with_coords,random,True,0,0.04106010472808872,-165065.597196224,6745863.85427266
282,2254,Ophioscincus truncatus,MLP_single_with_coords,random,True,0,0.0016563068177139883,-48676.0066271106,6751433.87966314
283,2262,Ophioscincus truncatus,MLP_single_with_coords,random,True,0,0.3505890042783833,-144358.241751465,6746321.2757456
285,2278,Ophioscincus truncatus,MLP_single_with_coords,random,True,0,0.0012688347280739609,-48666.355678597,6751233.93894705
290,2318,Ophioscincus truncatus,MLP_single_with_coords,random,True,0,0.0006419645733509574,-54841.9600197467,6750321.73267861
303,2422,Ophioscincus truncatus,MLP_single_with_coords,random,True,0,0.00231657121067039,-86896.2863933826,6740221.21400845
307,2454,Ophioscincus truncatus,MLP_single_with_coords,random,True,0,0.0007382148404877052,-75230.2145233742,6740017.73560779
308,2462,Ophioscincus truncatus,MLP_single_with_coords,random,True,0,0.09917709453959238,-164907.141677267,6734992.82147675
322,2574,Ophioscincus truncatus,MLP_single_with_coords,random,True,0,0.030050370023423097,-148858.437557277,6712675.66874389
328,2622,Ophioscincus truncatus,MLP_single_with_coords,random,True,0,0.35908163231231105,-160137.175183615,6708870.73185706
329,2630,Ophioscincus truncatus,MLP_single_with_coords,random,True,0,0.24518449082196833,-161729.965162506,6708587.05668997
339,2710,Ophioscincus truncatus,MLP_single_with_coords,random,True,0,0.0060083674601337745,-50204.0063193176,6710952.93925814
352,2814,Ophioscincus truncatus,MLP_single_with_coords,random,True,0,0.514939629255466,-161130.645593128,6697139.33525593
354,2830,Ophioscincus truncatus,MLP_single_with_coords,random,True,0,0.007019247847018679,-54397.1023715114,6702694.88150925
369,2950,Ophioscincus truncatus,MLP_single_with_coords,random,True,0,0.00342940278327758,-115761.593020762,6695476.19653521
372,2974,Ophioscincus truncatus,MLP_single_with_coords,random,True,0,0.0004893588081917309,-51958.1449948344,6698406.00349235
379,3030,Ophioscincus truncatus,MLP_single_with_coords,random,True,0,0.030043791858489977,-170997.113124586,6685555.44783591
380,3038,Ophioscincus truncatus,MLP_single_with_coords,random,True,0,0.023079108158215535,-171751.567168655,6684505.22516541
381,3046,Ophioscincus truncatus,MLP_single_with_coords,random,True,1,0.05252628577284221,-170101.851938007,6683790.0457837
384,3070,Ophioscincus truncatus,MLP_single_with_coords,random,True,0,0.10678821742570564,-153569.490242912,6679419.46406309
394,3150,Ophioscincus truncatus,MLP_single_with_coords,random,True,0,0.07233141846014729,-157694.599141127,6669935.38089694
395,3158,Ophioscincus truncatus,MLP_single_with_coords,random,True,0,0.06644551823653809,-156289.421979757,6670007.80018539
396,3166,Ophioscincus truncatus,MLP_single_with_coords,random,True,0,0.10506190491242473,-122906.583332893,6670557.67612587
400,3198,Ophioscincus truncatus,MLP_single_with_coords,random,True,0,0.0003378785271672106,-125067.694169073,6669443.0445974
403,3222,Ophioscincus truncatus,MLP_single_with_coords,random,True,0,0.0010805025207571404,-58257.6048943475,6672743.96684541
407,3254,Ophioscincus truncatus,MLP_single_with_coords,random,True,0,0.0020158196499614196,-125225.02885331,6668620.03383924
413,3302,Ophioscincus truncatus,MLP_single_with_coords,random,True,0,0.06689405910090655,-120072.988069293,6666279.06080417
415,3318,Ophioscincus truncatus,MLP_single_with_coords,random,True,0,0.05584064181910157,-178654.150282374,6662593.67423277
420,3358,Ophioscincus truncatus,MLP_single_with_coords,random,True,0,0.09166309714629028,-125379.598774365,6663983.11844257
422,3374,Ophioscincus truncatus,MLP_single_with_coords,random,True,0,0.050639227150126406,-125514.62268173,6662771.00533564
427,3414,Ophioscincus truncatus,MLP_single_with_coords,random,True,0,0.210588540063423,-128408.296244871,6660409.13008774
447,3574,Ophioscincus truncatus,MLP_single_with_coords,random,True,0,0.48940796327750147,-134779.996572383,6651420.87222455
449,3590,Ophioscincus truncatus,MLP_single_with_coords,random,True,1,0.22626358287736442,-135559.130529282,6650974.17840999
450,3598,Ophioscincus truncatus,MLP_single_with_coords,random,True,0,0.013603812907627211,-65340.5697630112,6654471.79599168
458,3662,Ophioscincus truncatus,MLP_single_with_coords,random,True,0,0.5431091528951315,-133451.630563193,6649077.13745528
461,3686,Ophioscincus truncatus,MLP_single_with_coords,random,True,0,0.50359380172213,-132111.524830825,6646522.10607269
462,3694,Ophioscincus truncatus,MLP_single_with_coords,random,True,1,0.12792935322085902,-129873.482679348,6646037.61836241
463,3702,Ophioscincus truncatus,MLP_single_with_coords,random,True,0,0.08945687555297496,-130606.171632184,6644790.80822609
464,3710,Ophioscincus truncatus,MLP_single_with_coords,random,True,0,0.0011756194240664175,-62036.5636510338,6645195.69882671
475,3798,Ophioscincus truncatus,MLP_single_with_coords,random,True,0,0.018690975764521573,-103178.812815837,6605812.65044331
480,3838,Ophioscincus truncatus,MLP_single_with_coords,random,True,0,0.656879528621185,-139787.964672713,6601638.98677139
481,3846,Ophioscincus truncatus,MLP_single_with_coords,random,True,0,0.18324658361985785,-140574.776964781,6601391.4036645
488,3902,Ophioscincus truncatus,MLP_single_with_coords,random,True,1,0.18686531422023372,-141193.546516212,6594113.16970331
490,3918,Ophioscincus truncatus,MLP_single_with_coords,random,True,1,0.029862866301508896,-140157.01004317,6593561.29260029
494,3950,Ophioscincus truncatus,MLP_single_with_coords,random,True,0,0.02789565874516498,-160099.441241579,6571357.13800851
499,3990,Ophioscincus truncatus,MLP_single_with_coords,random,True,0,0.19604056773921225,-166874.918971174,6569986.45729551
507,4054,Ophioscincus truncatus,MLP_single_with_coords,random,True,0,0.15371798603806996,-144741.332783447,6566549.73714478
508,4062,Ophioscincus truncatus,MLP_single_with_coords,random,True,0,0.07068333676019845,-162480.687351114,6563171.45187532
510,4078,Ophioscincus truncatus,MLP_single_with_coords,random,True,0,0.19269214420154918,-146201.750488105,6563648.83716664
514,4110,Ophioscincus truncatus,MLP_single_with_coords,random,True,0,0.23344206571559564,-146089.648133388,6561646.84538545
525,4198,Ophioscincus truncatus,MLP_single_with_coords,random,True,0,0.035313975264263574,-118770.04691586,6551450.02671343
531,4246,Ophioscincus truncatus,MLP_single_with_coords,random,True,0,0.0024621261614568104,-83551.8721662688,6536463.55059073
533,4262,Ophioscincus truncatus,MLP_single_with_coords,random,True,0,0.05810237193071102,-128644.80040642,6533196.04348179
537,4294,Ophioscincus truncatus,MLP_single_with_coords,random,True,1,0.3487353899399608,-133101.696097477,6529938.31197594
545,4358,Ophioscincus truncatus,MLP_single_with_coords,random,True,0,0.017620763118481556,-114087.089464681,6528156.09858245
558,4462,Ophioscincus truncatus,MLP_single_with_coords,random,True,0,0.003905106172274025,-204344.653545143,6507116.16956193
567,4534,Ophioscincus truncatus,MLP_single_with_coords,random,True,0,0.804623144570697,-146716.822931648,6491951.21913417
572,4574,Ophioscincus truncatus,MLP_single_with_coords,random,True,1,0.4435815766307776,-141525.12346321,6489014.81167942
576,4606,Ophioscincus truncatus,MLP_single_with_coords,random,True,0,0.20530628003653184,-206813.275853676,6482403.27464338
579,4630,Ophioscincus truncatus,MLP_single_with_coords,random,True,0,0.0007015517485805556,-242916.649698275,6475563.53924511
585,4678,Ophioscincus truncatus,MLP_single_with_coords,random,True,0,0.23926549468754077,-127313.378797034,6479531.06572796
599,4790,Ophioscincus truncatus,MLP_single_with_coords,random,True,0,0.0006982049253532462,-212146.883673553,6444013.91646962
602,4814,Ophioscincus truncatus,MLP_single_with_coords,random,True,0,0.0036890687665710555,-223808.84244951,6439938.38190837
606,4846,Ophioscincus truncatus,MLP_single_with_coords,random,True,0,0.0473350209582234,-122961.147064838,6444559.2200686
624,4990,Ophioscincus truncatus,MLP_single_with_coords,random,True,0,0.14937865464156413,-212517.326831474,6418204.13745066
628,5022,Ophioscincus truncatus,MLP_single_with_coords,random,True,0,0.09729950233695801,-205426.35557409,6417594.67751035
630,5038,Ophioscincus truncatus,MLP_single_with_coords,random,True,0,0.07746820938512887,-211613.384340048,6416445.23828686
639,5110,Ophioscincus truncatus,MLP_single_with_coords,random,True,0,0.013786648632968647,-162684.694435925,6370448.58724721
640,5118,Ophioscincus truncatus,MLP_single_with_coords,random,True,0,0.004943728852365402,-176653.554553042,6368244.44348734
7,55,Pseudechis porphyricaus,MLP_single_with_coords,random,True,0,0.0004399585776196809,-35290.0454930004,6868477.63934909
15,119,Pseudechis porphyricaus,MLP_single_with_coords,random,True,0,1e-06,-99804.9506313828,6852000.67743644
21,167,Pseudechis porphyricaus,MLP_single_with_coords,random,True,0,1e-06,-91866.6308808398,6850184.44292602
29,231,Pseudechis porphyricaus,MLP_single_with_coords,random,True,0,1e-06,-81258.2639630969,6847092.07487722
30,239,Pseudechis porphyricaus,MLP_single_with_coords,random,True,0,1e-06,-96294.553982511,6846140.09863748
31,247,Pseudechis porphyricaus,MLP_single_with_coords,random,True,0,1e-06,-95292.0596882657,6846190.80238834
37,295,Pseudechis porphyricaus,MLP_single_with_coords,random,True,0,1e-06,-79037.3638766905,6846800.48131106
41,327,Pseudechis porphyricaus,MLP_single_with_coords,random,True,0,1e-06,-96863.6801254773,6845509.65270053
47,375,Pseudechis porphyricaus,MLP_single_with_coords,random,True,0,1e-06,-79381.2357397435,6845781.19738334
52,415,Pseudechis porphyricaus,MLP_single_with_coords,random,True,0,1e-06,-60471.4026198804,6845516.11047191
56,447,Pseudechis porphyricaus,MLP_single_with_coords,random,True,0,1e-06,-60864.6156634532,6845296.97560224
61,487,Pseudechis porphyricaus,MLP_single_with_coords,random,True,0,1e-06,-61435.1928033584,6844668.54431818
62,495,Pseudechis porphyricaus,MLP_single_with_coords,random,True,0,1e-06,-60629.7662982834,6844706.93792291
65,519,Pseudechis porphyricaus,MLP_single_with_coords,random,True,0,1e-06,-84881.8823593461,6843092.18042196
72,575,Pseudechis porphyricaus,MLP_single_with_coords,random,True,0,1e-06,-86463.3052036808,6842612.44869674
78,623,Pseudechis porphyricaus,MLP_single_with_coords,random,True,0,1e-06,-85647.642077096,6842252.08566301
84,671,Pseudechis porphyricaus,MLP_single_with_coords,random,True,0,1e-06,-75697.1375955953,6840337.76316393
87,695,Pseudechis porphyricaus,MLP_single_with_coords,random,True,0,0.0036299488170445653,-71013.5035560221,6839163.13240084
92,735,Pseudechis porphyricaus,MLP_single_with_coords,random,True,0,1e-06,-75353.1982293057,6837536.97534272
97,775,Pseudechis porphyricaus,MLP_single_with_coords,random,True,0,1e-06,-114250.874091765,6835186.86007185
99,791,Pseudechis porphyricaus,MLP_single_with_coords,random,True,0,0.0017150254491146242,-123277.985601988,6834532.44353339
101,807,Pseudechis porphyricaus,MLP_single_with_coords,random,True,0,6.455424187851977e-06,-147109.711119875,6832327.45616153
108,863,Pseudechis porphyricaus,MLP_single_with_coords,random,True,0,0.0003271731138269155,-120786.146445189,6833048.30377336
116,927,Pseudechis porphyricaus,MLP_single_with_coords,random,True,0,0.00044885563720116923,-119959.663589068,6832690.76087561
117,935,Pseudechis porphyricaus,MLP_single_with_coords,random,True,0,0.00029089549375390674,-119338.87811833,6832311.15904512
121,967,Pseudechis porphyricaus,MLP_single_with_coords,random,True,0,0.00010569065561979829,-113308.229962265,6832416.48893136
125,999,Pseudechis porphyricaus,MLP_single_with_coords,random,True,0,0.004284663432108889,-119100.196556909,6831521.23488212
129,1031,Pseudechis porphyricaus,MLP_single_with_coords,random,True,0,1e-06,-76147.8048592401,6833277.03106837
132,1055,Pseudechis porphyricaus,MLP_single_with_coords,random,True,0,1e-06,-105801.162580743,6831179.93507326
133,1063,Pseudechis porphyricaus,MLP_single_with_coords,random,True,0,1e-06,-76520.6971461142,6832657.28276156
136,1087,Pseudechis porphyricaus,MLP_single_with_coords,random,True,0,1e-06,-62745.5415882464,6830732.52392328
139,1111,Pseudechis porphyricaus,MLP_single_with_coords,random,True,0,1e-06,-60097.6324680274,6830057.84195886
141,1127,Pseudechis porphyricaus,MLP_single_with_coords,random,True,0,1e-06,-59274.1159834863,6829696.39928037
148,1183,Pseudechis porphyricaus,MLP_single_with_coords,random,True,0,1e-06,-59039.7148912014,6828905.9612443
153,1223,Pseudechis porphyricaus,MLP_single_with_coords,random,True,0,1e-06,-56158.084536112,6827640.49763384
160,1279,Pseudechis porphyricaus,MLP_single_with_coords,random,True,0,1e-06,-57082.2051583753,6825993.28319997
165,1319,Pseudechis porphyricaus,MLP_single_with_coords,random,True,0,0.002213764085093755,-116199.528148125,6817786.39841097
169,1351,Pseudechis porphyricaus,MLP_single_with_coords,random,True,0,0.028701086323766542,-108876.433782581,6816343.47520397
172,1375,Pseudechis porphyricaus,MLP_single_with_coords,random,True,0,0.0023275614733545345,-148834.228828815,6806479.17622519
173,1383,Pseudechis porphyricaus,MLP_single_with_coords,random,True,0,1.711420815313148e-05,-26864.9515665186,6812638.8314962
175,1399,Pseudechis porphyricaus,MLP_single_with_coords,random,True,0,1.2996317148387135e-06,-26614.0603685924,6811648.67695057
180,1439,Pseudechis porphyricaus,MLP_single_with_coords,random,True,0,0.00016135008411857023,-29780.9705356891,6806663.75964171
181,1447,Pseudechis porphyricaus,MLP_single_with_coords,random,True,0,0.00015475974961521365,-29379.7381757025,6806682.07694802
185,1479,Pseudechis porphyricaus,MLP_single_with_coords,random,True,0,0.015725231600325507,-154680.904774922,6798732.86570032
194,1551,Pseudechis porphyricaus,MLP_single_with_coords,random,True,0,1e-06,-113057.133584369,6799439.25721174
195,1559,Pseudechis porphyricaus,MLP_single_with_coords,random,True,0,0.0837571305393664,-153177.628494992,6796999.50794559
203,1623,Pseudechis porphyricaus,MLP_single_with_coords,random,True,0,0.07027508143940848,-165638.858103626,6792540.33884748
205,1639,Pseudechis porphyricaus,MLP_single_with_coords,random,True,0,0.022522327736028587,-111987.574051639,6794257.38010052
209,1671,Pseudechis porphyricaus,MLP_single_with_coords,random,True,0,0.0026346844698080817,-112530.721336831,6793024.84869485
214,1711,Pseudechis porphyricaus,MLP_single_with_coords,random,True,0,0.0043012542921820425,-110822.113763642,6787074.42336939
226,1807,Pseudechis porphyricaus,MLP_single_with_coords,random,True,0,0.007764057663858914,-156768.616233883,6780508.50732801
231,1847,Pseudechis porphyricaus,MLP_single_with_coords,random,True,0,0.06447205684117097,-107923.462038802,6781588.26422547
232,1855,Pseudechis porphyricaus,MLP_single_with_coords,random,True,0,0.008841060266009575,-154268.894705046,6778832.59399199
236,1887,Pseudechis porphyricaus,MLP_single_with_coords,random,True,0,0.07820823582056312,-157007.529503806,6769427.67794309
237,1895,Pseudechis porphyricaus,MLP_single_with_coords,random,True,0,0.04752315986115522,-157601.945479142,6769192.74860327
238,1903,Pseudechis porphyricaus,MLP_single_with_coords,random,True,0,7.173491678628136e-05,-42631.6013249115,6774856.7836682
253,2023,Pseudechis porphyricaus,MLP_single_with_coords,random,True,0,0.22368550706092347,-153010.118576574,6758154.60282466
260,2079,Pseudechis porphyricaus,MLP_single_with_coords,random,True,0,0.001128494211555958,-139702.22082351,6757637.17957907
261,2087,Pseudechis porphyricaus,MLP_single_with_coords,random,True,0,0.052367554645086134,-149531.814001847,6756925.32438673
279,2231,Pseudechis porphyricaus,MLP_single_with_coords,random,True,0,0.004034888254919553,-165065.597196224,6745863.85427266
282,2255,Pseudechis porphyricaus,MLP_single_with_coords,random,True,0,0.00020415667637672073,-48676.0066271106,6751433.87966314
283,2263,Pseudechis porphyricaus,MLP_single_with_coords,random,True,0,2.4367650978285148e-05,-144358.241751465,6746321.2757456
285,2279,Pseudechis porphyricaus,MLP_single_with_coords,random,True,0,0.00020215842915351212,-48666.355678597,6751233.93894705
290,2319,Pseudechis porphyricaus,MLP_single_with_coords,random,True,0,0.000272869297624635,-54841.9600197467,6750321.73267861
303,2423,Pseudechis porphyricaus,MLP_single_with_coords,random,True,0,0.005175808982757054,-86896.2863933826,6740221.21400845
307,2455,Pseudechis porphyricaus,MLP_single_with_coords,random,True,0,0.004221231716406819,-75230.2145233742,6740017.73560779
308,2463,Pseudechis porphyricaus,MLP_single_with_coords,random,True,0,0.01216186980416455,-164907.141677267,6734992.82147675
322,2575,Pseudechis porphyricaus,MLP_single_with_coords,random,True,0,0.3243897394720309,-148858.437557277,6712675.66874389
328,2623,Pseudechis porphyricaus,MLP_single_with_coords,random,True,0,0.03693128083147879,-160137.175183615,6708870.73185706
329,2631,Pseudechis porphyricaus,MLP_single_with_coords,random,True,0,0.06740481734847195,-161729.965162506,6708587.05668997
339,2711,Pseudechis porphyricaus,MLP_single_with_coords,random,True,0,0.0012880385356817427,-50204.0063193176,6710952.93925814
352,2815,Pseudechis porphyricaus,MLP_single_with_coords,random,True,0,5.265498451668665e-05,-161130.645593128,6697139.33525593
354,2831,Pseudechis porphyricaus,MLP_single_with_coords,random,True,1,0.000444195256097408,-54397.1023715114,6702694.88150925
369,2951,Pseudechis porphyricaus,MLP_single_with_coords,random,True,0,0.017999713736285575,-115761.593020762,6695476.19653521
372,2975,Pseudechis porphyricaus,MLP_single_with_coords,random,True,0,0.0002660416958871193,-51958.1449948344,6698406.00349235
379,3031,Pseudechis porphyricaus,MLP_single_with_coords,random,True,0,0.00029158168642199174,-170997.113124586,6685555.44783591
380,3039,Pseudechis porphyricaus,MLP_single_with_coords,random,True,0,0.0007302341111475194,-171751.567168655,6684505.22516541
381,3047,Pseudechis porphyricaus,MLP_single_with_coords,random,True,0,0.0007353028648603751,-170101.851938007,6683790.0457837
384,3071,Pseudechis porphyricaus,MLP_single_with_coords,random,True,0,0.008118009278703403,-153569.490242912,6679419.46406309
394,3151,Pseudechis porphyricaus,MLP_single_with_coords,random,True,0,0.008338413293473667,-157694.599141127,6669935.38089694
395,3159,Pseudechis porphyricaus,MLP_single_with_coords,random,True,0,0.014265099353614835,-156289.421979757,6670007.80018539
396,3167,Pseudechis porphyricaus,MLP_single_with_coords,random,True,0,0.001089708336184466,-122906.583332893,6670557.67612587
400,3199,Pseudechis porphyricaus,MLP_single_with_coords,random,True,0,0.002362824791631996,-125067.694169073,6669443.0445974
403,3223,Pseudechis porphyricaus,MLP_single_with_coords,random,True,0,0.00018178421901957653,-58257.6048943475,6672743.96684541
407,3255,Pseudechis porphyricaus,MLP_single_with_coords,random,True,0,0.0007985515822813,-125225.02885331,6668620.03383924
413,3303,Pseudechis porphyricaus,MLP_single_with_coords,random,True,1,0.018873245900114136,-120072.988069293,6666279.06080417
415,3319,Pseudechis porphyricaus,MLP_single_with_coords,random,True,0,0.5960549698936732,-178654.150282374,6662593.67423277
420,3359,Pseudechis porphyricaus,MLP_single_with_coords,random,True,0,0.00084500018610949,-125379.598774365,6663983.11844257
422,3375,Pseudechis porphyricaus,MLP_single_with_coords,random,True,0,0.0004903779640962137,-125514.62268173,6662771.00533564
427,3415,Pseudechis porphyricaus,MLP_single_with_coords,random,True,0,0.00048598478502417746,-128408.296244871,6660409.13008774
447,3575,Pseudechis porphyricaus,MLP_single_with_coords,random,True,0,4.23376837154463e-05,-134779.996572383,6651420.87222455
449,3591,Pseudechis porphyricaus,MLP_single_with_coords,random,True,0,0.003196466653058586,-135559.130529282,6650974.17840999
450,3599,Pseudechis porphyricaus,MLP_single_with_coords,random,True,0,0.00018127705129813054,-65340.5697630112,6654471.79599168
458,3663,Pseudechis porphyricaus,MLP_single_with_coords,random,True,0,0.00022516754025155383,-133451.630563193,6649077.13745528
461,3687,Pseudechis porphyricaus,MLP_single_with_coords,random,True,0,0.000115960935428477,-132111.524830825,6646522.10607269
462,3695,Pseudechis porphyricaus,MLP_single_with_coords,random,True,0,0.0006480268857653175,-129873.482679348,6646037.61836241
463,3703,Pseudechis porphyricaus,MLP_single_with_coords,random,True,0,0.0009925666027338093,-130606.171632184,6644790.80822609
464,3711,Pseudechis porphyricaus,MLP_single_with_coords,random,True,0,0.0007417177360110789,-62036.5636510338,6645195.69882671
475,3799,Pseudechis porphyricaus,MLP_single_with_coords,random,True,0,6.252409678586563e-05,-103178.812815837,6605812.65044331
480,3839,Pseudechis porphyricaus,MLP_single_with_coords,random,True,0,0.0014968040831212785,-139787.964672713,6601638.98677139
481,3847,Pseudechis porphyricaus,MLP_single_with_coords,random,True,0,0.0011910084604649014,-140574.776964781,6601391.4036645
488,3903,Pseudechis porphyricaus,MLP_single_with_coords,random,True,0,0.0009785504922876275,-141193.546516212,6594113.16970331
490,3919,Pseudechis porphyricaus,MLP_single_with_coords,random,True,0,1.76420876782639e-05,-140157.01004317,6593561.29260029
494,3951,Pseudechis porphyricaus,MLP_single_with_coords,random,True,0,0.0009994953790843962,-160099.441241579,6571357.13800851
499,3991,Pseudechis porphyricaus,MLP_single_with_coords,random,True,0,0.0007149997821113348,-166874.918971174,6569986.45729551
507,4055,Pseudechis porphyricaus,MLP_single_with_coords,random,True,0,0.0009322543765549213,-144741.332783447,6566549.73714478
508,4063,Pseudechis porphyricaus,MLP_single_with_coords,random,True,0,0.0017292986060750085,-162480.687351114,6563171.45187532
510,4079,Pseudechis porphyricaus,MLP_single_with_coords,random,True,0,0.00011654851034370218,-146201.750488105,6563648.83716664
514,4111,Pseudechis porphyricaus,MLP_single_with_coords,random,True,0,0.0008788800349475224,-146089.648133388,6561646.84538545
525,4199,Pseudechis porphyricaus,MLP_single_with_coords,random,True,0,0.0006937561436049598,-118770.04691586,6551450.02671343
531,4247,Pseudechis porphyricaus,MLP_single_with_coords,random,True,0,0.0008513877250509258,-83551.8721662688,6536463.55059073
533,4263,Pseudechis porphyricaus,MLP_single_with_coords,random,True,0,0.0004824483646177948,-128644.80040642,6533196.04348179
537,4295,Pseudechis porphyricaus,MLP_single_with_coords,random,True,0,5.547520341107142e-05,-133101.696097477,6529938.31197594
545,4359,Pseudechis porphyricaus,MLP_single_with_coords,random,True,0,0.00012201141936764109,-114087.089464681,6528156.09858245
558,4463,Pseudechis porphyricaus,MLP_single_with_coords,random,True,0,1e-06,-204344.653545143,6507116.16956193
567,4535,Pseudechis porphyricaus,MLP_single_with_coords,random,True,1,0.000703008366150401,-146716.822931648,6491951.21913417
572,4575,Pseudechis porphyricaus,MLP_single_with_coords,random,True,0,0.0017947796207826152,-141525.12346321,6489014.81167942
576,4607,Pseudechis porphyricaus,MLP_single_with_coords,random,True,0,0.033827183452356635,-206813.275853676,6482403.27464338
579,4631,Pseudechis porphyricaus,MLP_single_with_coords,random,True,0,1e-06,-242916.649698275,6475563.53924511
585,4679,Pseudechis porphyricaus,MLP_single_with_coords,random,True,0,0.0006538933252826939,-127313.378797034,6479531.06572796
599,4791,Pseudechis porphyricaus,MLP_single_with_coords,random,True,0,1e-06,-212146.883673553,6444013.91646962
602,4815,Pseudechis porphyricaus,MLP_single_with_coords,random,True,0,1e-06,-223808.84244951,6439938.38190837
606,4847,Pseudechis porphyricaus,MLP_single_with_coords,random,True,0,0.0066359384982039565,-122961.147064838,6444559.2200686
624,4991,Pseudechis porphyricaus,MLP_single_with_coords,random,True,0,0.006308251065360995,-212517.326831474,6418204.13745066
628,5023,Pseudechis porphyricaus,MLP_single_with_coords,random,True,0,0.0055698141875081516,-205426.35557409,6417594.67751035
630,5039,Pseudechis porphyricaus,MLP_single_with_coords,random,True,0,0.00020103437305459449,-211613.384340048,6416445.23828686
639,5111,Pseudechis porphyricaus,MLP_single_with_coords,random,True,0,0.06874178672306508,-162684.694435925,6370448.58724721
640,5119,Pseudechis porphyricaus,MLP_single_with_coords,random,True,0,0.012258981200378903,-176653.554553042,6368244.44348734
7,56,Saltuarius swaini,MLP_single_with_coords,random,True,0,0.02425021468083238,-35290.0454930004,6868477.63934909
15,120,Saltuarius swaini,MLP_single_with_coords,random,True,0,0.0007723765152286076,-99804.9506313828,6852000.67743644
21,168,Saltuarius swaini,MLP_single_with_coords,random,True,0,0.0005455550160217158,-91866.6308808398,6850184.44292602
29,232,Saltuarius swaini,MLP_single_with_coords,random,True,0,0.0052466730942777986,-81258.2639630969,6847092.07487722
30,240,Saltuarius swaini,MLP_single_with_coords,random,True,0,0.001143379055727939,-96294.553982511,6846140.09863748
31,248,Saltuarius swaini,MLP_single_with_coords,random,True,0,0.0010719612964633963,-95292.0596882657,6846190.80238834
37,296,Saltuarius swaini,MLP_single_with_coords,random,True,0,0.003530157545246995,-79037.3638766905,6846800.48131106
41,328,Saltuarius swaini,MLP_single_with_coords,random,True,0,0.0009058048083093102,-96863.6801254773,6845509.65270053
47,376,Saltuarius swaini,MLP_single_with_coords,random,True,0,0.005921525694746192,-79381.2357397435,6845781.19738334
52,416,Saltuarius swaini,MLP_single_with_coords,random,True,0,0.0027128960517848236,-60471.4026198804,6845516.11047191
56,448,Saltuarius swaini,MLP_single_with_coords,random,True,0,0.0021012784591397976,-60864.6156634532,6845296.97560224
61,488,Saltuarius swaini,MLP_single_with_coords,random,True,0,0.004890771983534906,-61435.1928033584,6844668.54431818
62,496,Saltuarius swaini,MLP_single_with_coords,random,True,0,0.00263375654179211,-60629.7662982834,6844706.93792291
65,520,Saltuarius swaini,MLP_single_with_coords,random,True,0,0.0022496565592576507,-84881.8823593461,6843092.18042196
72,576,Saltuarius swaini,MLP_single_with_coords,random,True,0,0.001726865755667647,-86463.3052036808,6842612.44869674
78,624,Saltuarius swaini,MLP_single_with_coords,random,True,0,0.00090447393141241,-85647.642077096,6842252.08566301
84,672,Saltuarius swaini,MLP_single_with_coords,random,True,0,0.0035509960773340127,-75697.1375955953,6840337.76316393
87,696,Saltuarius swaini,MLP_single_with_coords,random,True,0,0.011983398654297464,-71013.5035560221,6839163.13240084
92,736,Saltuarius swaini,MLP_single_with_coords,random,True,0,0.00864100236578581,-75353.1982293057,6837536.97534272
97,776,Saltuarius swaini,MLP_single_with_coords,random,True,0,0.0019525665220494076,-114250.874091765,6835186.86007185
99,792,Saltuarius swaini,MLP_single_with_coords,random,True,0,0.003779606682682797,-123277.985601988,6834532.44353339
101,808,Saltuarius swaini,MLP_single_with_coords,random,True,0,0.0009699894240492962,-147109.711119875,6832327.45616153
108,864,Saltuarius swaini,MLP_single_with_coords,random,True,0,0.002579622587857734,-120786.146445189,6833048.30377336
116,928,Saltuarius swaini,MLP_single_with_coords,random,True,0,0.004077733982376961,-119959.663589068,6832690.76087561
117,936,Saltuarius swaini,MLP_single_with_coords,random,True,0,0.00315450805505719,-119338.87811833,6832311.15904512
121,968,Saltuarius swaini,MLP_single_with_coords,random,True,0,0.002958821989858091,-113308.229962265,6832416.48893136
125,1000,Saltuarius swaini,MLP_single_with_coords,random,True,0,0.005538997596677727,-119100.196556909,6831521.23488212
129,1032,Saltuarius swaini,MLP_single_with_coords,random,True,0,0.001808023738375208,-76147.8048592401,6833277.03106837
132,1056,Saltuarius swaini,MLP_single_with_coords,random,True,0,0.0013227376763982506,-105801.162580743,6831179.93507326
133,1064,Saltuarius swaini,MLP_single_with_coords,random,True,0,0.002058668309228948,-76520.6971461142,6832657.28276156
136,1088,Saltuarius swaini,MLP_single_with_coords,random,True,0,0.003842906028334781,-62745.5415882464,6830732.52392328
139,1112,Saltuarius swaini,MLP_single_with_coords,random,True,0,0.002316622232264763,-60097.6324680274,6830057.84195886
141,1128,Saltuarius swaini,MLP_single_with_coords,random,True,0,0.0074004927863426115,-59274.1159834863,6829696.39928037
148,1184,Saltuarius swaini,MLP_single_with_coords,random,True,0,0.007842882575104097,-59039.7148912014,6828905.9612443
153,1224,Saltuarius swaini,MLP_single_with_coords,random,True,0,0.0036944751427144323,-56158.084536112,6827640.49763384
160,1280,Saltuarius swaini,MLP_single_with_coords,random,True,0,0.0031064455588914277,-57082.2051583753,6825993.28319997
165,1320,Saltuarius swaini,MLP_single_with_coords,random,True,0,0.005549814467028733,-116199.528148125,6817786.39841097
169,1352,Saltuarius swaini,MLP_single_with_coords,random,True,0,0.005799160618698525,-108876.433782581,6816343.47520397
172,1376,Saltuarius swaini,MLP_single_with_coords,random,True,0,0.002513694571703048,-148834.228828815,6806479.17622519
173,1384,Saltuarius swaini,MLP_single_with_coords,random,True,0,0.014955276176967933,-26864.9515665186,6812638.8314962
175,1400,Saltuarius swaini,MLP_single_with_coords,random,True,0,0.007663384902092603,-26614.0603685924,6811648.67695057
180,1440,Saltuarius swaini,MLP_single_with_coords,random,True,0,0.030123101403965173,-29780.9705356891,6806663.75964171
181,1448,Saltuarius swaini,MLP_single_with_coords,random,True,0,0.0298771700970562,-29379.7381757025,6806682.07694802
185,1480,Saltuarius swaini,MLP_single_with_coords,random,True,0,0.00273164204409096,-154680.904774922,6798732.86570032
194,1552,Saltuarius swaini,MLP_single_with_coords,random,True,0,0.0015883059163183575,-113057.133584369,6799439.25721174
195,1560,Saltuarius swaini,MLP_single_with_coords,random,True,0,0.004473209390247385,-153177.628494992,6796999.50794559
203,1624,Saltuarius swaini,MLP_single_with_coords,random,True,0,0.004501595219952298,-165638.858103626,6792540.33884748
205,1640,Saltuarius swaini,MLP_single_with_coords,random,True,0,0.006626925229407105,-111987.574051639,6794257.38010052
209,1672,Saltuarius swaini,MLP_single_with_coords,random,True,0,0.004827387142689192,-112530.721336831,6793024.84869485
214,1712,Saltuarius swaini,MLP_single_with_coords,random,True,0,0.007052100970284623,-110822.113763642,6787074.42336939
226,1808,Saltuarius swaini,MLP_single_with_coords,random,True,0,0.005331736013982187,-156768.616233883,6780508.50732801
231,1848,Saltuarius swaini,MLP_single_with_coords,random,True,0,0.009255153637820241,-107923.462038802,6781588.26422547
232,1856,Saltuarius swaini,MLP_single_with_coords,random,True,0,0.007218667753676791,-154268.894705046,6778832.59399199
236,1888,Saltuarius swaini,MLP_single_with_coords,random,True,0,0.00937440654741514,-157007.529503806,6769427.67794309
237,1896,Saltuarius swaini,MLP_single_with_coords,random,True,0,0.011029825458072746,-157601.945479142,6769192.74860327
238,1904,Saltuarius swaini,MLP_single_with_coords,random,True,0,0.021625364466487402,-42631.6013249115,6774856.7836682
253,2024,Saltuarius swaini,MLP_single_with_coords,random,True,0,0.008789260678089415,-153010.118576574,6758154.60282466
260,2080,Saltuarius swaini,MLP_single_with_coords,random,True,0,0.007978953128361835,-139702.22082351,6757637.17957907
261,2088,Saltuarius swaini,MLP_single_with_coords,random,True,0,0.004098441876373132,-149531.814001847,6756925.32438673
279,2232,Saltuarius swaini,MLP_single_with_coords,random,True,0,0.006137156898073257,-165065.597196224,6745863.85427266
282,2256,Saltuarius swaini,MLP_single_with_coords,random,True,0,0.0318983061768041,-48676.0066271106,6751433.87966314
283,2264,Saltuarius swaini,MLP_single_with_coords,random,True,0,0.007461829110215613,-144358.241751465,6746321.2757456
285,2280,Saltuarius swaini,MLP_single_with_coords,random,True,0,0.03141930983114764,-48666.355678597,6751233.93894705
290,2320,Saltuarius swaini,MLP_single_with_coords,random,True,0,0.026178426085018264,-54841.9600197467,6750321.73267861
303,2424,Saltuarius swaini,MLP_single_with_coords,random,True,0,0.01325623930077562,-86896.2863933826,6740221.21400845
307,2456,Saltuarius swaini,MLP_single_with_coords,random,True,0,0.017007162592199594,-75230.2145233742,6740017.73560779
308,2464,Saltuarius swaini,MLP_single_with_coords,random,True,0,0.004767296646840898,-164907.141677267,6734992.82147675
322,2576,Saltuarius swaini,MLP_single_with_coords,random,True,0,0.01828147676762777,-148858.437557277,6712675.66874389
328,2624,Saltuarius swaini,MLP_single_with_coords,random,True,0,0.017245335803705884,-160137.175183615,6708870.73185706
329,2632,Saltuarius swaini,MLP_single_with_coords,random,True,0,0.009876513609322336,-161729.965162506,6708587.05668997
339,2712,Saltuarius swaini,MLP_single_with_coords,random,True,0,0.04495800997451307,-50204.0063193176,6710952.93925814
352,2816,Saltuarius swaini,MLP_single_with_coords,random,True,0,0.006190696324712983,-161130.645593128,6697139.33525593
354,2832,Saltuarius swaini,MLP_single_with_coords,random,True,0,0.02757632859645668,-54397.1023715114,6702694.88150925
369,2952,Saltuarius swaini,MLP_single_with_coords,random,True,0,0.009714043429763649,-115761.593020762,6695476.19653521
372,2976,Saltuarius swaini,MLP_single_with_coords,random,True,0,0.03464309157271384,-51958.1449948344,6698406.00349235
379,3032,Saltuarius swaini,MLP_single_with_coords,random,True,0,0.006894258555329303,-170997.113124586,6685555.44783591
380,3040,Saltuarius swaini,MLP_single_with_coords,random,True,0,0.007636395315266404,-171751.567168655,6684505.22516541
381,3048,Saltuarius swaini,MLP_single_with_coords,random,True,0,0.006994991318876162,-170101.851938007,6683790.0457837
384,3072,Saltuarius swaini,MLP_single_with_coords,random,True,0,0.005635862126467122,-153569.490242912,6679419.46406309
394,3152,Saltuarius swaini,MLP_single_with_coords,random,True,0,0.005443880237347174,-157694.599141127,6669935.38089694
395,3160,Saltuarius swaini,MLP_single_with_coords,random,True,0,0.0061343121238984265,-156289.421979757,6670007.80018539
396,3168,Saltuarius swaini,MLP_single_with_coords,random,True,0,0.0113629332224056,-122906.583332893,6670557.67612587
400,3200,Saltuarius swaini,MLP_single_with_coords,random,True,0,0.002784985430723159,-125067.694169073,6669443.0445974
403,3224,Saltuarius swaini,MLP_single_with_coords,random,True,0,0.019488040364004883,-58257.6048943475,6672743.96684541
407,3256,Saltuarius swaini,MLP_single_with_coords,random,True,0,0.003717184375708777,-125225.02885331,6668620.03383924
413,3304,Saltuarius swaini,MLP_single_with_coords,random,True,0,0.016024540768631263,-120072.988069293,6666279.06080417
415,3320,Saltuarius swaini,MLP_single_with_coords,random,True,0,0.006867804399478352,-178654.150282374,6662593.67423277
420,3360,Saltuarius swaini,MLP_single_with_coords,random,True,0,0.006805878875971135,-125379.598774365,6663983.11844257
422,3376,Saltuarius swaini,MLP_single_with_coords,random,True,0,0.0065521418467747025,-125514.62268173,6662771.00533564
427,3416,Saltuarius swaini,MLP_single_with_coords,random,True,0,0.0072411843360822735,-128408.296244871,6660409.13008774
447,3576,Saltuarius swaini,MLP_single_with_coords,random,True,0,0.0074158211686251585,-134779.996572383,6651420.87222455
449,3592,Saltuarius swaini,MLP_single_with_coords,random,True,0,0.01555755893117688,-135559.130529282,6650974.17840999
450,3600,Saltuarius swaini,MLP_single_with_coords,random,True,0,0.03072535844158886,-65340.5697630112,6654471.79599168
458,3664,Saltuarius swaini,MLP_single_with_coords,random,True,0,0.016994467708062316,-133451.630563193,6649077.13745528
461,3688,Saltuarius swaini,MLP_single_with_coords,random,True,0,0.009374717650473877,-132111.524830825,6646522.10607269
462,3696,Saltuarius swaini,MLP_single_with_coords,random,True,0,0.006451981899837606,-129873.482679348,6646037.61836241
463,3704,Saltuarius swaini,MLP_single_with_coords,random,True,0,0.006771567246391003,-130606.171632184,6644790.80822609
464,3712,Saltuarius swaini,MLP_single_with_coords,random,True,0,0.04836417994986773,-62036.5636510338,6645195.69882671
475,3800,Saltuarius swaini,MLP_single_with_coords,random,True,0,0.019610340578968613,-103178.812815837,6605812.65044331
480,3840,Saltuarius swaini,MLP_single_with_coords,random,True,0,0.019309629545930768,-139787.964672713,6601638.98677139
481,3848,Saltuarius swaini,MLP_single_with_coords,random,True,0,0.013226502239275175,-140574.776964781,6601391.4036645
488,3904,Saltuarius swaini,MLP_single_with_coords,random,True,0,0.01733065901006385,-141193.546516212,6594113.16970331
490,3920,Saltuarius swaini,MLP_single_with_coords,random,True,0,0.012947790060011722,-140157.01004317,6593561.29260029
494,3952,Saltuarius swaini,MLP_single_with_coords,random,True,0,0.006271532147662925,-160099.441241579,6571357.13800851
499,3992,Saltuarius swaini,MLP_single_with_coords,random,True,0,0.01368623191012522,-166874.918971174,6569986.45729551
507,4056,Saltuarius swaini,MLP_single_with_coords,random,True,0,0.026814665890878053,-144741.332783447,6566549.73714478
508,4064,Saltuarius swaini,MLP_single_with_coords,random,True,0,0.007927773719660787,-162480.687351114,6563171.45187532
510,4080,Saltuarius swaini,MLP_single_with_coords,random,True,0,0.030283514108678633,-146201.750488105,6563648.83716664
514,4112,Saltuarius swaini,MLP_single_with_coords,random,True,0,0.031257139054132334,-146089.648133388,6561646.84538545
525,4200,Saltuarius swaini,MLP_single_with_coords,random,True,0,0.016967872642783346,-118770.04691586,6551450.02671343
531,4248,Saltuarius swaini,MLP_single_with_coords,random,True,0,0.03685192455194289,-83551.8721662688,6536463.55059073
533,4264,Saltuarius swaini,MLP_single_with_coords,random,True,0,0.05114616497400574,-128644.80040642,6533196.04348179
537,4296,Saltuarius swaini,MLP_single_with_coords,random,True,0,0.029774008977666935,-133101.696097477,6529938.31197594
545,4360,Saltuarius swaini,MLP_single_with_coords,random,True,0,0.03262748185548841,-114087.089464681,6528156.09858245
558,4464,Saltuarius swaini,MLP_single_with_coords,random,True,0,0.012249520263742127,-204344.653545143,6507116.16956193
567,4536,Saltuarius swaini,MLP_single_with_coords,random,True,1,0.02504947205651253,-146716.822931648,6491951.21913417
572,4576,Saltuarius swaini,MLP_single_with_coords,random,True,0,0.0266450467769669,-141525.12346321,6489014.81167942
576,4608,Saltuarius swaini,MLP_single_with_coords,random,True,0,0.01087896854797548,-206813.275853676,6482403.27464338
579,4632,Saltuarius swaini,MLP_single_with_coords,random,True,0,0.0068843960681839785,-242916.649698275,6475563.53924511
585,4680,Saltuarius swaini,MLP_single_with_coords,random,True,0,0.04736044857154636,-127313.378797034,6479531.06572796
599,4792,Saltuarius swaini,MLP_single_with_coords,random,True,0,0.014869167205551924,-212146.883673553,6444013.91646962
602,4816,Saltuarius swaini,MLP_single_with_coords,random,True,0,0.003918977712000148,-223808.84244951,6439938.38190837
606,4848,Saltuarius swaini,MLP_single_with_coords,random,True,0,0.034845852577792207,-122961.147064838,6444559.2200686
624,4992,Saltuarius swaini,MLP_single_with_coords,random,True,0,0.03299343255866514,-212517.326831474,6418204.13745066
628,5024,Saltuarius swaini,MLP_single_with_coords,random,True,0,0.047330879947301535,-205426.35557409,6417594.67751035
630,5040,Saltuarius swaini,MLP_single_with_coords,random,True,0,0.03804536558183317,-211613.384340048,6416445.23828686
639,5112,Saltuarius swaini,MLP_single_with_coords,random,True,0,0.03389676751211688,-162684.694435925,6370448.58724721
640,5120,Saltuarius swaini,MLP_single_with_coords,random,True,0,0.023215127123254752,-176653.554553042,6368244.44348734
