plot,id,species,model,split_type,use_coords,y_true,y_prob,easting,northing
7,49,Cacophis kreftii,MLP_multi_no_coords,random,False,0,0.00042139233911000216,-35290.0454930004,6868477.63934909
7,50,Calyptotis scutirostrum,MLP_multi_no_coords,random,False,0,0.0009654357231107379,-35290.0454930004,6868477.63934909
7,51,Coeranoscincus reticulatus,MLP_multi_no_coords,random,False,0,0.0013913198875902205,-35290.0454930004,6868477.63934909
7,52,Egernia mcpheei,MLP_multi_no_coords,random,False,0,0.000387829022085165,-35290.0454930004,6868477.63934909
7,53,Eulamprus murrayi,MLP_multi_no_coords,random,False,0,0.00011027092219813945,-35290.0454930004,6868477.63934909
7,54,Ophioscincus truncatus,MLP_multi_no_coords,random,False,0,0.0018441513522344341,-35290.0454930004,6868477.63934909
7,55,Pseudechis porphyricaus,MLP_multi_no_coords,random,False,0,0.0005885858017865728,-35290.0454930004,6868477.63934909
7,56,Saltuarius swaini,MLP_multi_no_coords,random,False,0,0.0006532518639273258,-35290.0454930004,6868477.63934909
15,113,Cacophis kreftii,MLP_multi_no_coords,random,False,0,0.12364856557943153,-99804.9506313828,6852000.67743644
15,114,Calyptotis scutirostrum,MLP_multi_no_coords,random,False,1,0.3378554074149255,-99804.9506313828,6852000.67743644
15,115,Coeranoscincus reticulatus,MLP_multi_no_coords,random,False,0,0.46609018327147944,-99804.9506313828,6852000.67743644
15,116,Egernia mcpheei,MLP_multi_no_coords,random,False,1,0.08644605276227561,-99804.9506313828,6852000.67743644
15,117,Eulamprus murrayi,MLP_multi_no_coords,random,False,0,0.018842078308224663,-99804.9506313828,6852000.67743644
15,118,Ophioscincus truncatus,MLP_multi_no_coords,random,False,0,0.1461722555604969,-99804.9506313828,6852000.67743644
15,119,Pseudechis porphyricaus,MLP_multi_no_coords,random,False,0,0.012883398465551577,-99804.9506313828,6852000.67743644
15,120,Saltuarius swaini,MLP_multi_no_coords,random,False,0,0.012490626525592246,-99804.9506313828,6852000.67743644
21,161,Cacophis kreftii,MLP_multi_no_coords,random,False,0,0.035508632874967215,-91866.6308808398,6850184.44292602
21,162,Calyptotis scutirostrum,MLP_multi_no_coords,random,False,0,0.11511701243159357,-91866.6308808398,6850184.44292602
21,163,Coeranoscincus reticulatus,MLP_multi_no_coords,random,False,0,0.25516024115032904,-91866.6308808398,6850184.44292602
21,164,Egernia mcpheei,MLP_multi_no_coords,random,False,0,0.0493692260626248,-91866.6308808398,6850184.44292602
21,165,Eulamprus murrayi,MLP_multi_no_coords,random,False,0,0.009976007995206116,-91866.6308808398,6850184.44292602
21,166,Ophioscincus truncatus,MLP_multi_no_coords,random,False,0,0.042703967005188574,-91866.6308808398,6850184.44292602
21,167,Pseudechis porphyricaus,MLP_multi_no_coords,random,False,0,0.006230905819695467,-91866.6308808398,6850184.44292602
21,168,Saltuarius swaini,MLP_multi_no_coords,random,False,0,0.010446930422324346,-91866.6308808398,6850184.44292602
29,225,Cacophis kreftii,MLP_multi_no_coords,random,False,0,0.0346928408343093,-81258.2639630969,6847092.07487722
29,226,Calyptotis scutirostrum,MLP_multi_no_coords,random,False,0,0.03678021194442506,-81258.2639630969,6847092.07487722
29,227,Coeranoscincus reticulatus,MLP_multi_no_coords,random,False,0,0.057477277960987096,-81258.2639630969,6847092.07487722
29,228,Egernia mcpheei,MLP_multi_no_coords,random,False,0,0.01059644124066288,-81258.2639630969,6847092.07487722
29,229,Eulamprus murrayi,MLP_multi_no_coords,random,False,0,0.005348239947706762,-81258.2639630969,6847092.07487722
29,230,Ophioscincus truncatus,MLP_multi_no_coords,random,False,1,0.5698238937968426,-81258.2639630969,6847092.07487722
29,231,Pseudechis porphyricaus,MLP_multi_no_coords,random,False,0,0.012300398208765927,-81258.2639630969,6847092.07487722
29,232,Saltuarius swaini,MLP_multi_no_coords,random,False,0,0.010551231198200688,-81258.2639630969,6847092.07487722
30,233,Cacophis kreftii,MLP_multi_no_coords,random,False,1,0.2002037422299718,-96294.553982511,6846140.09863748
30,234,Calyptotis scutirostrum,MLP_multi_no_coords,random,False,1,0.4221171300564041,-96294.553982511,6846140.09863748
30,235,Coeranoscincus reticulatus,MLP_multi_no_coords,random,False,0,0.4851597461977301,-96294.553982511,6846140.09863748
30,236,Egernia mcpheei,MLP_multi_no_coords,random,False,1,0.24652435741442666,-96294.553982511,6846140.09863748
30,237,Eulamprus murrayi,MLP_multi_no_coords,random,False,0,0.026659461232108196,-96294.553982511,6846140.09863748
30,238,Ophioscincus truncatus,MLP_multi_no_coords,random,False,1,0.3255941941051789,-96294.553982511,6846140.09863748
30,239,Pseudechis porphyricaus,MLP_multi_no_coords,random,False,0,0.014515288545069154,-96294.553982511,6846140.09863748
30,240,Saltuarius swaini,MLP_multi_no_coords,random,False,0,0.025228153272886966,-96294.553982511,6846140.09863748
31,241,Cacophis kreftii,MLP_multi_no_coords,random,False,0,0.14183490337877566,-95292.0596882657,6846190.80238834
31,242,Calyptotis scutirostrum,MLP_multi_no_coords,random,False,1,0.3058165014657073,-95292.0596882657,6846190.80238834
31,243,Coeranoscincus reticulatus,MLP_multi_no_coords,random,False,0,0.4409861118541543,-95292.0596882657,6846190.80238834
31,244,Egernia mcpheei,MLP_multi_no_coords,random,False,0,0.15166888823099928,-95292.0596882657,6846190.80238834
31,245,Eulamprus murrayi,MLP_multi_no_coords,random,False,0,0.018236837380726935,-95292.0596882657,6846190.80238834
31,246,Ophioscincus truncatus,MLP_multi_no_coords,random,False,0,0.361697211208793,-95292.0596882657,6846190.80238834
31,247,Pseudechis porphyricaus,MLP_multi_no_coords,random,False,0,0.011601653709439302,-95292.0596882657,6846190.80238834
31,248,Saltuarius swaini,MLP_multi_no_coords,random,False,0,0.017883083361715776,-95292.0596882657,6846190.80238834
37,289,Cacophis kreftii,MLP_multi_no_coords,random,False,0,0.04856204887259144,-79037.3638766905,6846800.48131106
37,290,Calyptotis scutirostrum,MLP_multi_no_coords,random,False,0,0.05855807493520931,-79037.3638766905,6846800.48131106
37,291,Coeranoscincus reticulatus,MLP_multi_no_coords,random,False,0,0.050040513036422124,-79037.3638766905,6846800.48131106
37,292,Egernia mcpheei,MLP_multi_no_coords,random,False,0,0.011799204789418524,-79037.3638766905,6846800.48131106
37,293,Eulamprus murrayi,MLP_multi_no_coords,random,False,0,0.006075818876312561,-79037.3638766905,6846800.48131106
37,294,Ophioscincus truncatus,MLP_multi_no_coords,random,False,1,0.6500292065413712,-79037.3638766905,6846800.48131106
37,295,Pseudechis porphyricaus,MLP_multi_no_coords,random,False,0,0.028236124154331445,-79037.3638766905,6846800.48131106
37,296,Saltuarius swaini,MLP_multi_no_coords,random,False,0,0.014144080381477901,-79037.3638766905,6846800.48131106
41,321,Cacophis kreftii,MLP_multi_no_coords,random,False,0,0.11376651054343452,-96863.6801254773,6845509.65270053
41,322,Calyptotis scutirostrum,MLP_multi_no_coords,random,False,0,0.32323514672650183,-96863.6801254773,6845509.65270053
41,323,Coeranoscincus reticulatus,MLP_multi_no_coords,random,False,0,0.40793187858117547,-96863.6801254773,6845509.65270053
41,324,Egernia mcpheei,MLP_multi_no_coords,random,False,0,0.14002519751722464,-96863.6801254773,6845509.65270053
41,325,Eulamprus murrayi,MLP_multi_no_coords,random,False,0,0.015516337200669285,-96863.6801254773,6845509.65270053
41,326,Ophioscincus truncatus,MLP_multi_no_coords,random,False,0,0.1596542800807873,-96863.6801254773,6845509.65270053
41,327,Pseudechis porphyricaus,MLP_multi_no_coords,random,False,0,0.01034557487335576,-96863.6801254773,6845509.65270053
41,328,Saltuarius swaini,MLP_multi_no_coords,random,False,0,0.015976831597479934,-96863.6801254773,6845509.65270053
47,369,Cacophis kreftii,MLP_multi_no_coords,random,False,0,0.03959462310254242,-79381.2357397435,6845781.19738334
47,370,Calyptotis scutirostrum,MLP_multi_no_coords,random,False,0,0.062426715544994384,-79381.2357397435,6845781.19738334
47,371,Coeranoscincus reticulatus,MLP_multi_no_coords,random,False,0,0.04981567720289083,-79381.2357397435,6845781.19738334
47,372,Egernia mcpheei,MLP_multi_no_coords,random,False,0,0.012067812091911293,-79381.2357397435,6845781.19738334
47,373,Eulamprus murrayi,MLP_multi_no_coords,random,False,0,0.005266835615398408,-79381.2357397435,6845781.19738334
47,374,Ophioscincus truncatus,MLP_multi_no_coords,random,False,1,0.5805518904537189,-79381.2357397435,6845781.19738334
47,375,Pseudechis porphyricaus,MLP_multi_no_coords,random,False,0,0.01384207452520393,-79381.2357397435,6845781.19738334
47,376,Saltuarius swaini,MLP_multi_no_coords,random,False,0,0.011647335968844813,-79381.2357397435,6845781.19738334
52,409,Cacophis kreftii,MLP_multi_no_coords,random,False,0,0.2536950132114278,-60471.4026198804,6845516.11047191
52,410,Calyptotis scutirostrum,MLP_multi_no_coords,random,False,1,0.5987301316313091,-60471.4026198804,6845516.11047191
52,411,Coeranoscincus reticulatus,MLP_multi_no_coords,random,False,0,0.3382891112838705,-60471.4026198804,6845516.11047191
52,412,Egernia mcpheei,MLP_multi_no_coords,random,False,0,0.13973649071182095,-60471.4026198804,6845516.11047191
52,413,Eulamprus murrayi,MLP_multi_no_coords,random,False,0,0.024127482028085786,-60471.4026198804,6845516.11047191
52,414,Ophioscincus truncatus,MLP_multi_no_coords,random,False,1,0.49441566026526346,-60471.4026198804,6845516.11047191
52,415,Pseudechis porphyricaus,MLP_multi_no_coords,random,False,0,0.018895570933297034,-60471.4026198804,6845516.11047191
52,416,Saltuarius swaini,MLP_multi_no_coords,random,False,0,0.018977888086230014,-60471.4026198804,6845516.11047191
56,441,Cacophis kreftii,MLP_multi_no_coords,random,False,0,0.1775254183385239,-60864.6156634532,6845296.97560224
56,442,Calyptotis scutirostrum,MLP_multi_no_coords,random,False,0,0.6329139036671687,-60864.6156634532,6845296.97560224
56,443,Coeranoscincus reticulatus,MLP_multi_no_coords,random,False,0,0.3326265910930625,-60864.6156634532,6845296.97560224
56,444,Egernia mcpheei,MLP_multi_no_coords,random,False,0,0.13875188500480404,-60864.6156634532,6845296.97560224
56,445,Eulamprus murrayi,MLP_multi_no_coords,random,False,0,0.021115678399917227,-60864.6156634532,6845296.97560224
56,446,Ophioscincus truncatus,MLP_multi_no_coords,random,False,1,0.4122762554609029,-60864.6156634532,6845296.97560224
56,447,Pseudechis porphyricaus,MLP_multi_no_coords,random,False,0,0.01561135304137627,-60864.6156634532,6845296.97560224
56,448,Saltuarius swaini,MLP_multi_no_coords,random,False,0,0.016481442204672125,-60864.6156634532,6845296.97560224
61,481,Cacophis kreftii,MLP_multi_no_coords,random,False,0,0.017401864119078042,-61435.1928033584,6844668.54431818
61,482,Calyptotis scutirostrum,MLP_multi_no_coords,random,False,0,0.06086456344764989,-61435.1928033584,6844668.54431818
61,483,Coeranoscincus reticulatus,MLP_multi_no_coords,random,False,0,0.10621965514938457,-61435.1928033584,6844668.54431818
61,484,Egernia mcpheei,MLP_multi_no_coords,random,False,0,0.00695242100064657,-61435.1928033584,6844668.54431818
61,485,Eulamprus murrayi,MLP_multi_no_coords,random,False,0,0.004282302491526383,-61435.1928033584,6844668.54431818
61,486,Ophioscincus truncatus,MLP_multi_no_coords,random,False,1,0.19446349161957519,-61435.1928033584,6844668.54431818
61,487,Pseudechis porphyricaus,MLP_multi_no_coords,random,False,0,0.014984844494286852,-61435.1928033584,6844668.54431818
61,488,Saltuarius swaini,MLP_multi_no_coords,random,False,0,0.005567907859015741,-61435.1928033584,6844668.54431818
62,489,Cacophis kreftii,MLP_multi_no_coords,random,False,0,0.2594265083353222,-60629.7662982834,6844706.93792291
62,490,Calyptotis scutirostrum,MLP_multi_no_coords,random,False,1,0.6112488192126447,-60629.7662982834,6844706.93792291
62,491,Coeranoscincus reticulatus,MLP_multi_no_coords,random,False,0,0.2511415011620338,-60629.7662982834,6844706.93792291
62,492,Egernia mcpheei,MLP_multi_no_coords,random,False,0,0.15270346503525328,-60629.7662982834,6844706.93792291
62,493,Eulamprus murrayi,MLP_multi_no_coords,random,False,0,0.03335974386660941,-60629.7662982834,6844706.93792291
62,494,Ophioscincus truncatus,MLP_multi_no_coords,random,False,1,0.6067789518350455,-60629.7662982834,6844706.93792291
62,495,Pseudechis porphyricaus,MLP_multi_no_coords,random,False,0,0.022017774114781678,-60629.7662982834,6844706.93792291
62,496,Saltuarius swaini,MLP_multi_no_coords,random,False,0,0.029969305272287118,-60629.7662982834,6844706.93792291
65,513,Cacophis kreftii,MLP_multi_no_coords,random,False,0,0.2620852430937333,-84881.8823593461,6843092.18042196
65,514,Calyptotis scutirostrum,MLP_multi_no_coords,random,False,1,0.5074186205675397,-84881.8823593461,6843092.18042196
65,515,Coeranoscincus reticulatus,MLP_multi_no_coords,random,False,0,0.34536280965098026,-84881.8823593461,6843092.18042196
65,516,Egernia mcpheei,MLP_multi_no_coords,random,False,0,0.17957816859383388,-84881.8823593461,6843092.18042196
65,517,Eulamprus murrayi,MLP_multi_no_coords,random,False,0,0.03399431329248213,-84881.8823593461,6843092.18042196
65,518,Ophioscincus truncatus,MLP_multi_no_coords,random,False,1,0.6212791425561455,-84881.8823593461,6843092.18042196
65,519,Pseudechis porphyricaus,MLP_multi_no_coords,random,False,0,0.02706609684420481,-84881.8823593461,6843092.18042196
65,520,Saltuarius swaini,MLP_multi_no_coords,random,False,0,0.04662245692918985,-84881.8823593461,6843092.18042196
72,569,Cacophis kreftii,MLP_multi_no_coords,random,False,0,0.04750856259864862,-86463.3052036808,6842612.44869674
72,570,Calyptotis scutirostrum,MLP_multi_no_coords,random,False,1,0.19251538005552105,-86463.3052036808,6842612.44869674
72,571,Coeranoscincus reticulatus,MLP_multi_no_coords,random,False,0,0.24265659287258884,-86463.3052036808,6842612.44869674
72,572,Egernia mcpheei,MLP_multi_no_coords,random,False,0,0.07264376541816776,-86463.3052036808,6842612.44869674
72,573,Eulamprus murrayi,MLP_multi_no_coords,random,False,0,0.009177967265288132,-86463.3052036808,6842612.44869674
72,574,Ophioscincus truncatus,MLP_multi_no_coords,random,False,1,0.22822898291414448,-86463.3052036808,6842612.44869674
72,575,Pseudechis porphyricaus,MLP_multi_no_coords,random,False,0,0.00610634208088972,-86463.3052036808,6842612.44869674
72,576,Saltuarius swaini,MLP_multi_no_coords,random,False,0,0.015153638306404914,-86463.3052036808,6842612.44869674
78,617,Cacophis kreftii,MLP_multi_no_coords,random,False,0,0.05369991332041233,-85647.642077096,6842252.08566301
78,618,Calyptotis scutirostrum,MLP_multi_no_coords,random,False,0,0.25980576279452683,-85647.642077096,6842252.08566301
78,619,Coeranoscincus reticulatus,MLP_multi_no_coords,random,False,1,0.2607123288169209,-85647.642077096,6842252.08566301
78,620,Egernia mcpheei,MLP_multi_no_coords,random,False,0,0.07245516008532552,-85647.642077096,6842252.08566301
78,621,Eulamprus murrayi,MLP_multi_no_coords,random,False,0,0.01007609840202646,-85647.642077096,6842252.08566301
78,622,Ophioscincus truncatus,MLP_multi_no_coords,random,False,0,0.16747459082509847,-85647.642077096,6842252.08566301
78,623,Pseudechis porphyricaus,MLP_multi_no_coords,random,False,0,0.006705926601872785,-85647.642077096,6842252.08566301
78,624,Saltuarius swaini,MLP_multi_no_coords,random,False,0,0.013842731198018916,-85647.642077096,6842252.08566301
84,665,Cacophis kreftii,MLP_multi_no_coords,random,False,0,0.062184813541374305,-75697.1375955953,6840337.76316393
84,666,Calyptotis scutirostrum,MLP_multi_no_coords,random,False,0,0.13836300364669743,-75697.1375955953,6840337.76316393
84,667,Coeranoscincus reticulatus,MLP_multi_no_coords,random,False,0,0.046287531254695514,-75697.1375955953,6840337.76316393
84,668,Egernia mcpheei,MLP_multi_no_coords,random,False,0,0.012000879212744684,-75697.1375955953,6840337.76316393
84,669,Eulamprus murrayi,MLP_multi_no_coords,random,False,0,0.008552460833561431,-75697.1375955953,6840337.76316393
84,670,Ophioscincus truncatus,MLP_multi_no_coords,random,False,0,0.5769388932109969,-75697.1375955953,6840337.76316393
84,671,Pseudechis porphyricaus,MLP_multi_no_coords,random,False,0,0.03929535634852708,-75697.1375955953,6840337.76316393
84,672,Saltuarius swaini,MLP_multi_no_coords,random,False,0,0.017149624486612666,-75697.1375955953,6840337.76316393
87,689,Cacophis kreftii,MLP_multi_no_coords,random,False,0,0.007126519739148278,-71013.5035560221,6839163.13240084
87,690,Calyptotis scutirostrum,MLP_multi_no_coords,random,False,0,0.01618762564044279,-71013.5035560221,6839163.13240084
87,691,Coeranoscincus reticulatus,MLP_multi_no_coords,random,False,1,0.027592457762156197,-71013.5035560221,6839163.13240084
87,692,Egernia mcpheei,MLP_multi_no_coords,random,False,0,0.00656240845666593,-71013.5035560221,6839163.13240084
87,693,Eulamprus murrayi,MLP_multi_no_coords,random,False,0,0.001874166170196955,-71013.5035560221,6839163.13240084
87,694,Ophioscincus truncatus,MLP_multi_no_coords,random,False,0,0.0486877805269667,-71013.5035560221,6839163.13240084
87,695,Pseudechis porphyricaus,MLP_multi_no_coords,random,False,0,0.0058831891682148306,-71013.5035560221,6839163.13240084
87,696,Saltuarius swaini,MLP_multi_no_coords,random,False,0,0.007729302451345534,-71013.5035560221,6839163.13240084
92,729,Cacophis kreftii,MLP_multi_no_coords,random,False,0,0.005728057618393544,-75353.1982293057,6837536.97534272
92,730,Calyptotis scutirostrum,MLP_multi_no_coords,random,False,0,0.007478710504795353,-75353.1982293057,6837536.97534272
92,731,Coeranoscincus reticulatus,MLP_multi_no_coords,random,False,0,0.005322233364457659,-75353.1982293057,6837536.97534272
92,732,Egernia mcpheei,MLP_multi_no_coords,random,False,0,0.0022858359109391574,-75353.1982293057,6837536.97534272
92,733,Eulamprus murrayi,MLP_multi_no_coords,random,False,0,0.0014338446938115678,-75353.1982293057,6837536.97534272
92,734,Ophioscincus truncatus,MLP_multi_no_coords,random,False,0,0.31805024020061934,-75353.1982293057,6837536.97534272
92,735,Pseudechis porphyricaus,MLP_multi_no_coords,random,False,0,0.004171405266914197,-75353.1982293057,6837536.97534272
92,736,Saltuarius swaini,MLP_multi_no_coords,random,False,0,0.0035568740210041327,-75353.1982293057,6837536.97534272
97,769,Cacophis kreftii,MLP_multi_no_coords,random,False,0,0.16666485376993834,-114250.874091765,6835186.86007185
97,770,Calyptotis scutirostrum,MLP_multi_no_coords,random,False,1,0.1796311891636836,-114250.874091765,6835186.86007185
97,771,Coeranoscincus reticulatus,MLP_multi_no_coords,random,False,1,0.3277953573135945,-114250.874091765,6835186.86007185
97,772,Egernia mcpheei,MLP_multi_no_coords,random,False,0,0.08816214902100435,-114250.874091765,6835186.86007185
97,773,Eulamprus murrayi,MLP_multi_no_coords,random,False,0,0.017369400557416495,-114250.874091765,6835186.86007185
97,774,Ophioscincus truncatus,MLP_multi_no_coords,random,False,1,0.5577629818549841,-114250.874091765,6835186.86007185
97,775,Pseudechis porphyricaus,MLP_multi_no_coords,random,False,0,0.016910777441043034,-114250.874091765,6835186.86007185
97,776,Saltuarius swaini,MLP_multi_no_coords,random,False,0,0.01979909180767746,-114250.874091765,6835186.86007185
99,785,Cacophis kreftii,MLP_multi_no_coords,random,False,0,0.036343519618324154,-123277.985601988,6834532.44353339
99,786,Calyptotis scutirostrum,MLP_multi_no_coords,random,False,0,0.06342182794747224,-123277.985601988,6834532.44353339
99,787,Coeranoscincus reticulatus,MLP_multi_no_coords,random,False,0,0.33048962649447666,-123277.985601988,6834532.44353339
99,788,Egernia mcpheei,MLP_multi_no_coords,random,False,0,0.024702337109355713,-123277.985601988,6834532.44353339
99,789,Eulamprus murrayi,MLP_multi_no_coords,random,False,0,0.007106055091132887,-123277.985601988,6834532.44353339
99,790,Ophioscincus truncatus,MLP_multi_no_coords,random,False,0,0.14449554505487652,-123277.985601988,6834532.44353339
99,791,Pseudechis porphyricaus,MLP_multi_no_coords,random,False,0,0.015871041153319224,-123277.985601988,6834532.44353339
99,792,Saltuarius swaini,MLP_multi_no_coords,random,False,0,0.01531021040466334,-123277.985601988,6834532.44353339
101,801,Cacophis kreftii,MLP_multi_no_coords,random,False,1,0.20330872587174934,-147109.711119875,6832327.45616153
101,802,Calyptotis scutirostrum,MLP_multi_no_coords,random,False,1,0.3531129543838321,-147109.711119875,6832327.45616153
101,803,Coeranoscincus reticulatus,MLP_multi_no_coords,random,False,0,0.5948494458572287,-147109.711119875,6832327.45616153
101,804,Egernia mcpheei,MLP_multi_no_coords,random,False,0,0.15164823875157793,-147109.711119875,6832327.45616153
101,805,Eulamprus murrayi,MLP_multi_no_coords,random,False,0,0.04054816568934903,-147109.711119875,6832327.45616153
101,806,Ophioscincus truncatus,MLP_multi_no_coords,random,False,0,0.19724194952873156,-147109.711119875,6832327.45616153
101,807,Pseudechis porphyricaus,MLP_multi_no_coords,random,False,0,0.02009484752349406,-147109.711119875,6832327.45616153
101,808,Saltuarius swaini,MLP_multi_no_coords,random,False,0,0.017989851657595052,-147109.711119875,6832327.45616153
108,857,Cacophis kreftii,MLP_multi_no_coords,random,False,1,0.028921168918591884,-120786.146445189,6833048.30377336
108,858,Calyptotis scutirostrum,MLP_multi_no_coords,random,False,0,0.10684635829159911,-120786.146445189,6833048.30377336
108,859,Coeranoscincus reticulatus,MLP_multi_no_coords,random,False,0,0.3589657624758035,-120786.146445189,6833048.30377336
108,860,Egernia mcpheei,MLP_multi_no_coords,random,False,0,0.022485987313733014,-120786.146445189,6833048.30377336
108,861,Eulamprus murrayi,MLP_multi_no_coords,random,False,0,0.007144401086712648,-120786.146445189,6833048.30377336
108,862,Ophioscincus truncatus,MLP_multi_no_coords,random,False,1,0.10674859791971691,-120786.146445189,6833048.30377336
108,863,Pseudechis porphyricaus,MLP_multi_no_coords,random,False,0,0.017386256958893568,-120786.146445189,6833048.30377336
108,864,Saltuarius swaini,MLP_multi_no_coords,random,False,0,0.011890285813415554,-120786.146445189,6833048.30377336
116,921,Cacophis kreftii,MLP_multi_no_coords,random,False,1,0.04165888972757819,-119959.663589068,6832690.76087561
116,922,Calyptotis scutirostrum,MLP_multi_no_coords,random,False,0,0.08875824996565579,-119959.663589068,6832690.76087561
116,923,Coeranoscincus reticulatus,MLP_multi_no_coords,random,False,0,0.29053534799054626,-119959.663589068,6832690.76087561
116,924,Egernia mcpheei,MLP_multi_no_coords,random,False,0,0.02636675034734905,-119959.663589068,6832690.76087561
116,925,Eulamprus murrayi,MLP_multi_no_coords,random,False,0,0.007638546412042816,-119959.663589068,6832690.76087561
116,926,Ophioscincus truncatus,MLP_multi_no_coords,random,False,1,0.197138063862116,-119959.663589068,6832690.76087561
116,927,Pseudechis porphyricaus,MLP_multi_no_coords,random,False,0,0.016961333856556605,-119959.663589068,6832690.76087561
116,928,Saltuarius swaini,MLP_multi_no_coords,random,False,0,0.015133843437091836,-119959.663589068,6832690.76087561
117,929,Cacophis kreftii,MLP_multi_no_coords,random,False,0,0.05275503374063103,-119338.87811833,6832311.15904512
117,930,Calyptotis scutirostrum,MLP_multi_no_coords,random,False,1,0.14196079089288027,-119338.87811833,6832311.15904512
117,931,Coeranoscincus reticulatus,MLP_multi_no_coords,random,False,1,0.4072805476647772,-119338.87811833,6832311.15904512
117,932,Egernia mcpheei,MLP_multi_no_coords,random,False,0,0.029754440763642268,-119338.87811833,6832311.15904512
117,933,Eulamprus murrayi,MLP_multi_no_coords,random,False,0,0.00993160858943439,-119338.87811833,6832311.15904512
117,934,Ophioscincus truncatus,MLP_multi_no_coords,random,False,1,0.1865215060077296,-119338.87811833,6832311.15904512
117,935,Pseudechis porphyricaus,MLP_multi_no_coords,random,False,0,0.022138195351734984,-119338.87811833,6832311.15904512
117,936,Saltuarius swaini,MLP_multi_no_coords,random,False,0,0.014637030009364943,-119338.87811833,6832311.15904512
121,961,Cacophis kreftii,MLP_multi_no_coords,random,False,0,0.026672729252413277,-113308.229962265,6832416.48893136
121,962,Calyptotis scutirostrum,MLP_multi_no_coords,random,False,0,0.11904103124842008,-113308.229962265,6832416.48893136
121,963,Coeranoscincus reticulatus,MLP_multi_no_coords,random,False,1,0.22780627397352124,-113308.229962265,6832416.48893136
121,964,Egernia mcpheei,MLP_multi_no_coords,random,False,0,0.017112979945589194,-113308.229962265,6832416.48893136
121,965,Eulamprus murrayi,MLP_multi_no_coords,random,False,0,0.006760642507106402,-113308.229962265,6832416.48893136
121,966,Ophioscincus truncatus,MLP_multi_no_coords,random,False,1,0.13849659814072865,-113308.229962265,6832416.48893136
121,967,Pseudechis porphyricaus,MLP_multi_no_coords,random,False,0,0.019751935426575825,-113308.229962265,6832416.48893136
121,968,Saltuarius swaini,MLP_multi_no_coords,random,False,0,0.013677576446822479,-113308.229962265,6832416.48893136
125,993,Cacophis kreftii,MLP_multi_no_coords,random,False,0,0.03585761938494365,-119100.196556909,6831521.23488212
125,994,Calyptotis scutirostrum,MLP_multi_no_coords,random,False,1,0.06495197745115305,-119100.196556909,6831521.23488212
125,995,Coeranoscincus reticulatus,MLP_multi_no_coords,random,False,0,0.24646352219548487,-119100.196556909,6831521.23488212
125,996,Egernia mcpheei,MLP_multi_no_coords,random,False,0,0.025977440404652465,-119100.196556909,6831521.23488212
125,997,Eulamprus murrayi,MLP_multi_no_coords,random,False,0,0.006916946371074876,-119100.196556909,6831521.23488212
125,998,Ophioscincus truncatus,MLP_multi_no_coords,random,False,0,0.17593116164045455,-119100.196556909,6831521.23488212
125,999,Pseudechis porphyricaus,MLP_multi_no_coords,random,False,0,0.015497306339279041,-119100.196556909,6831521.23488212
125,1000,Saltuarius swaini,MLP_multi_no_coords,random,False,0,0.015050832333124368,-119100.196556909,6831521.23488212
129,1025,Cacophis kreftii,MLP_multi_no_coords,random,False,0,0.12221188617927495,-76147.8048592401,6833277.03106837
129,1026,Calyptotis scutirostrum,MLP_multi_no_coords,random,False,0,0.5831844522687344,-76147.8048592401,6833277.03106837
129,1027,Coeranoscincus reticulatus,MLP_multi_no_coords,random,False,0,0.2972441524372332,-76147.8048592401,6833277.03106837
129,1028,Egernia mcpheei,MLP_multi_no_coords,random,False,0,0.09859499380824538,-76147.8048592401,6833277.03106837
129,1029,Eulamprus murrayi,MLP_multi_no_coords,random,False,0,0.017002475820389624,-76147.8048592401,6833277.03106837
129,1030,Ophioscincus truncatus,MLP_multi_no_coords,random,False,0,0.2883670007377401,-76147.8048592401,6833277.03106837
129,1031,Pseudechis porphyricaus,MLP_multi_no_coords,random,False,0,0.013195373843385207,-76147.8048592401,6833277.03106837
129,1032,Saltuarius swaini,MLP_multi_no_coords,random,False,0,0.013587795765613144,-76147.8048592401,6833277.03106837
132,1049,Cacophis kreftii,MLP_multi_no_coords,random,False,0,0.053343958411975485,-105801.162580743,6831179.93507326
132,1050,Calyptotis scutirostrum,MLP_multi_no_coords,random,False,0,0.14134312320102294,-105801.162580743,6831179.93507326
132,1051,Coeranoscincus reticulatus,MLP_multi_no_coords,random,False,0,0.3120044558400151,-105801.162580743,6831179.93507326
132,1052,Egernia mcpheei,MLP_multi_no_coords,random,False,0,0.0691029423646012,-105801.162580743,6831179.93507326
132,1053,Eulamprus murrayi,MLP_multi_no_coords,random,False,0,0.010148154001964591,-105801.162580743,6831179.93507326
132,1054,Ophioscincus truncatus,MLP_multi_no_coords,random,False,0,0.15732859695724885,-105801.162580743,6831179.93507326
132,1055,Pseudechis porphyricaus,MLP_multi_no_coords,random,False,0,0.006578236392171611,-105801.162580743,6831179.93507326
132,1056,Saltuarius swaini,MLP_multi_no_coords,random,False,0,0.00974730804022183,-105801.162580743,6831179.93507326
133,1057,Cacophis kreftii,MLP_multi_no_coords,random,False,0,0.05303075134960407,-76520.6971461142,6832657.28276156
133,1058,Calyptotis scutirostrum,MLP_multi_no_coords,random,False,1,0.3202425396609259,-76520.6971461142,6832657.28276156
133,1059,Coeranoscincus reticulatus,MLP_multi_no_coords,random,False,0,0.14924832872974458,-76520.6971461142,6832657.28276156
133,1060,Egernia mcpheei,MLP_multi_no_coords,random,False,0,0.06420744760317841,-76520.6971461142,6832657.28276156
133,1061,Eulamprus murrayi,MLP_multi_no_coords,random,False,0,0.0106995650540092,-76520.6971461142,6832657.28276156
133,1062,Ophioscincus truncatus,MLP_multi_no_coords,random,False,0,0.23592027508821156,-76520.6971461142,6832657.28276156
133,1063,Pseudechis porphyricaus,MLP_multi_no_coords,random,False,0,0.006571218060134523,-76520.6971461142,6832657.28276156
133,1064,Saltuarius swaini,MLP_multi_no_coords,random,False,0,0.011304296505415512,-76520.6971461142,6832657.28276156
136,1081,Cacophis kreftii,MLP_multi_no_coords,random,False,0,0.025474527032772153,-62745.5415882464,6830732.52392328
136,1082,Calyptotis scutirostrum,MLP_multi_no_coords,random,False,0,0.0640911480805164,-62745.5415882464,6830732.52392328
136,1083,Coeranoscincus reticulatus,MLP_multi_no_coords,random,False,0,0.02155389037494775,-62745.5415882464,6830732.52392328
136,1084,Egernia mcpheei,MLP_multi_no_coords,random,False,0,0.007574010652381052,-62745.5415882464,6830732.52392328
136,1085,Eulamprus murrayi,MLP_multi_no_coords,random,False,0,0.004810995078032271,-62745.5415882464,6830732.52392328
136,1086,Ophioscincus truncatus,MLP_multi_no_coords,random,False,1,0.4578721238665243,-62745.5415882464,6830732.52392328
136,1087,Pseudechis porphyricaus,MLP_multi_no_coords,random,False,0,0.009937607631532971,-62745.5415882464,6830732.52392328
136,1088,Saltuarius swaini,MLP_multi_no_coords,random,False,0,0.009809996026661856,-62745.5415882464,6830732.52392328
139,1105,Cacophis kreftii,MLP_multi_no_coords,random,False,0,0.18725290729900446,-60097.6324680274,6830057.84195886
139,1106,Calyptotis scutirostrum,MLP_multi_no_coords,random,False,0,0.5338681757082099,-60097.6324680274,6830057.84195886
139,1107,Coeranoscincus reticulatus,MLP_multi_no_coords,random,False,0,0.18664052815335602,-60097.6324680274,6830057.84195886
139,1108,Egernia mcpheei,MLP_multi_no_coords,random,False,0,0.12752959508297262,-60097.6324680274,6830057.84195886
139,1109,Eulamprus murrayi,MLP_multi_no_coords,random,False,0,0.02306167654316968,-60097.6324680274,6830057.84195886
139,1110,Ophioscincus truncatus,MLP_multi_no_coords,random,False,1,0.4389322423048561,-60097.6324680274,6830057.84195886
139,1111,Pseudechis porphyricaus,MLP_multi_no_coords,random,False,0,0.016939332112896593,-60097.6324680274,6830057.84195886
139,1112,Saltuarius swaini,MLP_multi_no_coords,random,False,0,0.02553542447483009,-60097.6324680274,6830057.84195886
141,1121,Cacophis kreftii,MLP_multi_no_coords,random,False,0,0.02526430057872312,-59274.1159834863,6829696.39928037
141,1122,Calyptotis scutirostrum,MLP_multi_no_coords,random,False,0,0.08508036935597003,-59274.1159834863,6829696.39928037
141,1123,Coeranoscincus reticulatus,MLP_multi_no_coords,random,False,0,0.08992515134195404,-59274.1159834863,6829696.39928037
141,1124,Egernia mcpheei,MLP_multi_no_coords,random,False,0,0.007408190576709069,-59274.1159834863,6829696.39928037
141,1125,Eulamprus murrayi,MLP_multi_no_coords,random,False,0,0.005950813533908802,-59274.1159834863,6829696.39928037
141,1126,Ophioscincus truncatus,MLP_multi_no_coords,random,False,0,0.129476217499632,-59274.1159834863,6829696.39928037
141,1127,Pseudechis porphyricaus,MLP_multi_no_coords,random,False,0,0.031205978272955754,-59274.1159834863,6829696.39928037
141,1128,Saltuarius swaini,MLP_multi_no_coords,random,False,0,0.012537046677282417,-59274.1159834863,6829696.39928037
148,1177,Cacophis kreftii,MLP_multi_no_coords,random,False,0,0.026339766398302312,-59039.7148912014,6828905.9612443
148,1178,Calyptotis scutirostrum,MLP_multi_no_coords,random,False,1,0.08681609350004785,-59039.7148912014,6828905.9612443
148,1179,Coeranoscincus reticulatus,MLP_multi_no_coords,random,False,0,0.021288362043343348,-59039.7148912014,6828905.9612443
148,1180,Egernia mcpheei,MLP_multi_no_coords,random,False,1,0.008589811846540176,-59039.7148912014,6828905.9612443
148,1181,Eulamprus murrayi,MLP_multi_no_coords,random,False,0,0.0050812685999988986,-59039.7148912014,6828905.9612443
148,1182,Ophioscincus truncatus,MLP_multi_no_coords,random,False,1,0.4689202293687268,-59039.7148912014,6828905.9612443
148,1183,Pseudechis porphyricaus,MLP_multi_no_coords,random,False,0,0.010521103502717132,-59039.7148912014,6828905.9612443
148,1184,Saltuarius swaini,MLP_multi_no_coords,random,False,0,0.010858964728617084,-59039.7148912014,6828905.9612443
153,1217,Cacophis kreftii,MLP_multi_no_coords,random,False,0,0.0976257747948264,-56158.084536112,6827640.49763384
153,1218,Calyptotis scutirostrum,MLP_multi_no_coords,random,False,1,0.3368400370774374,-56158.084536112,6827640.49763384
153,1219,Coeranoscincus reticulatus,MLP_multi_no_coords,random,False,0,0.08579527747670782,-56158.084536112,6827640.49763384
153,1220,Egernia mcpheei,MLP_multi_no_coords,random,False,0,0.08934252906048272,-56158.084536112,6827640.49763384
153,1221,Eulamprus murrayi,MLP_multi_no_coords,random,False,0,0.015745941334775276,-56158.084536112,6827640.49763384
153,1222,Ophioscincus truncatus,MLP_multi_no_coords,random,False,1,0.5006365290861732,-56158.084536112,6827640.49763384
153,1223,Pseudechis porphyricaus,MLP_multi_no_coords,random,False,0,0.010223955417012619,-56158.084536112,6827640.49763384
153,1224,Saltuarius swaini,MLP_multi_no_coords,random,False,0,0.02967878737091673,-56158.084536112,6827640.49763384
160,1273,Cacophis kreftii,MLP_multi_no_coords,random,False,0,0.0951310494782503,-57082.2051583753,6825993.28319997
160,1274,Calyptotis scutirostrum,MLP_multi_no_coords,random,False,1,0.3254835787877405,-57082.2051583753,6825993.28319997
160,1275,Coeranoscincus reticulatus,MLP_multi_no_coords,random,False,0,0.09349567759942305,-57082.2051583753,6825993.28319997
160,1276,Egernia mcpheei,MLP_multi_no_coords,random,False,0,0.07909715127518921,-57082.2051583753,6825993.28319997
160,1277,Eulamprus murrayi,MLP_multi_no_coords,random,False,0,0.013480875172676293,-57082.2051583753,6825993.28319997
160,1278,Ophioscincus truncatus,MLP_multi_no_coords,random,False,0,0.4465926120232364,-57082.2051583753,6825993.28319997
160,1279,Pseudechis porphyricaus,MLP_multi_no_coords,random,False,0,0.008819765637968754,-57082.2051583753,6825993.28319997
160,1280,Saltuarius swaini,MLP_multi_no_coords,random,False,0,0.02245622193210243,-57082.2051583753,6825993.28319997
165,1313,Cacophis kreftii,MLP_multi_no_coords,random,False,0,0.09918636532554,-116199.528148125,6817786.39841097
165,1314,Calyptotis scutirostrum,MLP_multi_no_coords,random,False,0,0.14384399511331428,-116199.528148125,6817786.39841097
165,1315,Coeranoscincus reticulatus,MLP_multi_no_coords,random,False,0,0.43029659778210505,-116199.528148125,6817786.39841097
165,1316,Egernia mcpheei,MLP_multi_no_coords,random,False,0,0.024891540562975132,-116199.528148125,6817786.39841097
165,1317,Eulamprus murrayi,MLP_multi_no_coords,random,False,0,0.009989218918390557,-116199.528148125,6817786.39841097
165,1318,Ophioscincus truncatus,MLP_multi_no_coords,random,False,0,0.21883155981089586,-116199.528148125,6817786.39841097
165,1319,Pseudechis porphyricaus,MLP_multi_no_coords,random,False,0,0.024286680022300427,-116199.528148125,6817786.39841097
165,1320,Saltuarius swaini,MLP_multi_no_coords,random,False,0,0.014384941929812104,-116199.528148125,6817786.39841097
169,1345,Cacophis kreftii,MLP_multi_no_coords,random,False,0,0.006109803825349377,-108876.433782581,6816343.47520397
169,1346,Calyptotis scutirostrum,MLP_multi_no_coords,random,False,0,0.020296525190023305,-108876.433782581,6816343.47520397
169,1347,Coeranoscincus reticulatus,MLP_multi_no_coords,random,False,0,0.05682057530548853,-108876.433782581,6816343.47520397
169,1348,Egernia mcpheei,MLP_multi_no_coords,random,False,0,0.00813110043674297,-108876.433782581,6816343.47520397
169,1349,Eulamprus murrayi,MLP_multi_no_coords,random,False,0,0.0014764304443304966,-108876.433782581,6816343.47520397
169,1350,Ophioscincus truncatus,MLP_multi_no_coords,random,False,0,0.015685307071437133,-108876.433782581,6816343.47520397
169,1351,Pseudechis porphyricaus,MLP_multi_no_coords,random,False,0,0.0035499870163875923,-108876.433782581,6816343.47520397
169,1352,Saltuarius swaini,MLP_multi_no_coords,random,False,0,0.003915762091874308,-108876.433782581,6816343.47520397
172,1369,Cacophis kreftii,MLP_multi_no_coords,random,False,0,0.014089035325546671,-148834.228828815,6806479.17622519
172,1370,Calyptotis scutirostrum,MLP_multi_no_coords,random,False,0,0.037667704872684955,-148834.228828815,6806479.17622519
172,1371,Coeranoscincus reticulatus,MLP_multi_no_coords,random,False,0,0.27981824131192734,-148834.228828815,6806479.17622519
172,1372,Egernia mcpheei,MLP_multi_no_coords,random,False,0,0.015746772448217962,-148834.228828815,6806479.17622519
172,1373,Eulamprus murrayi,MLP_multi_no_coords,random,False,0,0.0036876196219699712,-148834.228828815,6806479.17622519
172,1374,Ophioscincus truncatus,MLP_multi_no_coords,random,False,0,0.02113219053214535,-148834.228828815,6806479.17622519
172,1375,Pseudechis porphyricaus,MLP_multi_no_coords,random,False,0,0.00795761794302281,-148834.228828815,6806479.17622519
172,1376,Saltuarius swaini,MLP_multi_no_coords,random,False,0,0.007111236221606451,-148834.228828815,6806479.17622519
173,1377,Cacophis kreftii,MLP_multi_no_coords,random,False,0,0.0020376917850371966,-26864.9515665186,6812638.8314962
173,1378,Calyptotis scutirostrum,MLP_multi_no_coords,random,False,0,0.0047137221803474,-26864.9515665186,6812638.8314962
173,1379,Coeranoscincus reticulatus,MLP_multi_no_coords,random,False,0,0.006156629968306022,-26864.9515665186,6812638.8314962
173,1380,Egernia mcpheei,MLP_multi_no_coords,random,False,0,0.0018546879111851497,-26864.9515665186,6812638.8314962
173,1381,Eulamprus murrayi,MLP_multi_no_coords,random,False,0,0.0005315934350704479,-26864.9515665186,6812638.8314962
173,1382,Ophioscincus truncatus,MLP_multi_no_coords,random,False,0,0.008608842867878946,-26864.9515665186,6812638.8314962
173,1383,Pseudechis porphyricaus,MLP_multi_no_coords,random,False,0,0.001585964750207559,-26864.9515665186,6812638.8314962
173,1384,Saltuarius swaini,MLP_multi_no_coords,random,False,0,0.0019813759960276476,-26864.9515665186,6812638.8314962
175,1393,Cacophis kreftii,MLP_multi_no_coords,random,False,0,0.003941634437663395,-26614.0603685924,6811648.67695057
175,1394,Calyptotis scutirostrum,MLP_multi_no_coords,random,False,1,0.015393403344729455,-26614.0603685924,6811648.67695057
175,1395,Coeranoscincus reticulatus,MLP_multi_no_coords,random,False,0,0.021724512373562734,-26614.0603685924,6811648.67695057
175,1396,Egernia mcpheei,MLP_multi_no_coords,random,False,0,0.004611813913606786,-26614.0603685924,6811648.67695057
175,1397,Eulamprus murrayi,MLP_multi_no_coords,random,False,0,0.0012043815130013912,-26614.0603685924,6811648.67695057
175,1398,Ophioscincus truncatus,MLP_multi_no_coords,random,False,0,0.0081973645526245,-26614.0603685924,6811648.67695057
175,1399,Pseudechis porphyricaus,MLP_multi_no_coords,random,False,0,0.0026962363381355177,-26614.0603685924,6811648.67695057
175,1400,Saltuarius swaini,MLP_multi_no_coords,random,False,0,0.0021553926454577293,-26614.0603685924,6811648.67695057
180,1433,Cacophis kreftii,MLP_multi_no_coords,random,False,0,0.0006598331461914672,-29780.9705356891,6806663.75964171
180,1434,Calyptotis scutirostrum,MLP_multi_no_coords,random,False,0,0.001500532990375011,-29780.9705356891,6806663.75964171
180,1435,Coeranoscincus reticulatus,MLP_multi_no_coords,random,False,0,0.002344766113231076,-29780.9705356891,6806663.75964171
180,1436,Egernia mcpheei,MLP_multi_no_coords,random,False,0,0.0006381474806816951,-29780.9705356891,6806663.75964171
180,1437,Eulamprus murrayi,MLP_multi_no_coords,random,False,0,0.000182198768475988,-29780.9705356891,6806663.75964171
180,1438,Ophioscincus truncatus,MLP_multi_no_coords,random,False,0,0.00274727080224002,-29780.9705356891,6806663.75964171
180,1439,Pseudechis porphyricaus,MLP_multi_no_coords,random,False,0,0.0009722069466698267,-29780.9705356891,6806663.75964171
180,1440,Saltuarius swaini,MLP_multi_no_coords,random,False,0,0.0009737318889211577,-29780.9705356891,6806663.75964171
181,1441,Cacophis kreftii,MLP_multi_no_coords,random,False,0,0.0006518588660551483,-29379.7381757025,6806682.07694802
181,1442,Calyptotis scutirostrum,MLP_multi_no_coords,random,False,0,0.001482413673604608,-29379.7381757025,6806682.07694802
181,1443,Coeranoscincus reticulatus,MLP_multi_no_coords,random,False,0,0.002321036086665731,-29379.7381757025,6806682.07694802
181,1444,Egernia mcpheei,MLP_multi_no_coords,random,False,0,0.0006304351129411378,-29379.7381757025,6806682.07694802
181,1445,Eulamprus murrayi,MLP_multi_no_coords,random,False,0,0.0001804086868607343,-29379.7381757025,6806682.07694802
181,1446,Ophioscincus truncatus,MLP_multi_no_coords,random,False,0,0.0027141377317734575,-29379.7381757025,6806682.07694802
181,1447,Pseudechis porphyricaus,MLP_multi_no_coords,random,False,0,0.0009626626002915842,-29379.7381757025,6806682.07694802
181,1448,Saltuarius swaini,MLP_multi_no_coords,random,False,0,0.0009619677006598929,-29379.7381757025,6806682.07694802
185,1473,Cacophis kreftii,MLP_multi_no_coords,random,False,0,0.0361052489637734,-154680.904774922,6798732.86570032
185,1474,Calyptotis scutirostrum,MLP_multi_no_coords,random,False,0,0.1000106198149852,-154680.904774922,6798732.86570032
185,1475,Coeranoscincus reticulatus,MLP_multi_no_coords,random,False,1,0.6207843574260512,-154680.904774922,6798732.86570032
185,1476,Egernia mcpheei,MLP_multi_no_coords,random,False,0,0.026802746269203283,-154680.904774922,6798732.86570032
185,1477,Eulamprus murrayi,MLP_multi_no_coords,random,False,0,0.009091954746981164,-154680.904774922,6798732.86570032
185,1478,Ophioscincus truncatus,MLP_multi_no_coords,random,False,0,0.06417401276184088,-154680.904774922,6798732.86570032
185,1479,Pseudechis porphyricaus,MLP_multi_no_coords,random,False,0,0.018865277262869407,-154680.904774922,6798732.86570032
185,1480,Saltuarius swaini,MLP_multi_no_coords,random,False,0,0.01040287702633987,-154680.904774922,6798732.86570032
194,1545,Cacophis kreftii,MLP_multi_no_coords,random,False,0,0.12688006442321637,-113057.133584369,6799439.25721174
194,1546,Calyptotis scutirostrum,MLP_multi_no_coords,random,False,0,0.23376302591676854,-113057.133584369,6799439.25721174
194,1547,Coeranoscincus reticulatus,MLP_multi_no_coords,random,False,1,0.46235152843730587,-113057.133584369,6799439.25721174
194,1548,Egernia mcpheei,MLP_multi_no_coords,random,False,0,0.15108605460386265,-113057.133584369,6799439.25721174
194,1549,Eulamprus murrayi,MLP_multi_no_coords,random,False,0,0.017572742074437837,-113057.133584369,6799439.25721174
194,1550,Ophioscincus truncatus,MLP_multi_no_coords,random,False,0,0.32295503627792177,-113057.133584369,6799439.25721174
194,1551,Pseudechis porphyricaus,MLP_multi_no_coords,random,False,0,0.010828157307171864,-113057.133584369,6799439.25721174
194,1552,Saltuarius swaini,MLP_multi_no_coords,random,False,0,0.017934162976121177,-113057.133584369,6799439.25721174
195,1553,Cacophis kreftii,MLP_multi_no_coords,random,False,0,0.048960274230903274,-153177.628494992,6796999.50794559
195,1554,Calyptotis scutirostrum,MLP_multi_no_coords,random,False,0,0.07608957756184982,-153177.628494992,6796999.50794559
195,1555,Coeranoscincus reticulatus,MLP_multi_no_coords,random,False,1,0.49483680932573487,-153177.628494992,6796999.50794559
195,1556,Egernia mcpheei,MLP_multi_no_coords,random,False,0,0.03310754467575114,-153177.628494992,6796999.50794559
195,1557,Eulamprus murrayi,MLP_multi_no_coords,random,False,0,0.007872590514955152,-153177.628494992,6796999.50794559
195,1558,Ophioscincus truncatus,MLP_multi_no_coords,random,False,0,0.1062554935843942,-153177.628494992,6796999.50794559
195,1559,Pseudechis porphyricaus,MLP_multi_no_coords,random,False,0,0.018770859899081612,-153177.628494992,6796999.50794559
195,1560,Saltuarius swaini,MLP_multi_no_coords,random,False,0,0.01480037471555668,-153177.628494992,6796999.50794559
203,1617,Cacophis kreftii,MLP_multi_no_coords,random,False,0,0.024567722661582053,-165638.858103626,6792540.33884748
203,1618,Calyptotis scutirostrum,MLP_multi_no_coords,random,False,0,0.018337380980579205,-165638.858103626,6792540.33884748
203,1619,Coeranoscincus reticulatus,MLP_multi_no_coords,random,False,1,0.4025273617570101,-165638.858103626,6792540.33884748
203,1620,Egernia mcpheei,MLP_multi_no_coords,random,False,0,0.008103852246418377,-165638.858103626,6792540.33884748
203,1621,Eulamprus murrayi,MLP_multi_no_coords,random,False,0,0.006419159182331193,-165638.858103626,6792540.33884748
203,1622,Ophioscincus truncatus,MLP_multi_no_coords,random,False,0,0.11931554734125337,-165638.858103626,6792540.33884748
203,1623,Pseudechis porphyricaus,MLP_multi_no_coords,random,False,0,0.05327234946836918,-165638.858103626,6792540.33884748
203,1624,Saltuarius swaini,MLP_multi_no_coords,random,False,0,0.010367361558069992,-165638.858103626,6792540.33884748
205,1633,Cacophis kreftii,MLP_multi_no_coords,random,False,0,0.014325804269648475,-111987.574051639,6794257.38010052
205,1634,Calyptotis scutirostrum,MLP_multi_no_coords,random,False,0,0.037577346041586884,-111987.574051639,6794257.38010052
205,1635,Coeranoscincus reticulatus,MLP_multi_no_coords,random,False,0,0.16921329783816866,-111987.574051639,6794257.38010052
205,1636,Egernia mcpheei,MLP_multi_no_coords,random,False,0,0.018190614148128576,-111987.574051639,6794257.38010052
205,1637,Eulamprus murrayi,MLP_multi_no_coords,random,False,0,0.003292210869054059,-111987.574051639,6794257.38010052
205,1638,Ophioscincus truncatus,MLP_multi_no_coords,random,False,0,0.03860810397172177,-111987.574051639,6794257.38010052
205,1639,Pseudechis porphyricaus,MLP_multi_no_coords,random,False,0,0.007908702622005494,-111987.574051639,6794257.38010052
205,1640,Saltuarius swaini,MLP_multi_no_coords,random,False,0,0.00917077466831568,-111987.574051639,6794257.38010052
209,1665,Cacophis kreftii,MLP_multi_no_coords,random,False,0,0.009694902596588548,-112530.721336831,6793024.84869485
209,1666,Calyptotis scutirostrum,MLP_multi_no_coords,random,False,0,0.03811605827817024,-112530.721336831,6793024.84869485
209,1667,Coeranoscincus reticulatus,MLP_multi_no_coords,random,False,1,0.1304357589021191,-112530.721336831,6793024.84869485
209,1668,Egernia mcpheei,MLP_multi_no_coords,random,False,0,0.01154284897694199,-112530.721336831,6793024.84869485
209,1669,Eulamprus murrayi,MLP_multi_no_coords,random,False,0,0.0022199511479635836,-112530.721336831,6793024.84869485
209,1670,Ophioscincus truncatus,MLP_multi_no_coords,random,False,0,0.021278319290391447,-112530.721336831,6793024.84869485
209,1671,Pseudechis porphyricaus,MLP_multi_no_coords,random,False,0,0.0057969845493964,-112530.721336831,6793024.84869485
209,1672,Saltuarius swaini,MLP_multi_no_coords,random,False,0,0.0052048359557784404,-112530.721336831,6793024.84869485
214,1705,Cacophis kreftii,MLP_multi_no_coords,random,False,0,0.011315877708138699,-110822.113763642,6787074.42336939
214,1706,Calyptotis scutirostrum,MLP_multi_no_coords,random,False,0,0.020523399137210723,-110822.113763642,6787074.42336939
214,1707,Coeranoscincus reticulatus,MLP_multi_no_coords,random,False,0,0.07704931400647436,-110822.113763642,6787074.42336939
214,1708,Egernia mcpheei,MLP_multi_no_coords,random,False,0,0.010346927169147173,-110822.113763642,6787074.42336939
214,1709,Eulamprus murrayi,MLP_multi_no_coords,random,False,0,0.0027167297429709753,-110822.113763642,6787074.42336939
214,1710,Ophioscincus truncatus,MLP_multi_no_coords,random,False,0,0.05587848655527688,-110822.113763642,6787074.42336939
214,1711,Pseudechis porphyricaus,MLP_multi_no_coords,random,False,0,0.00689822470416763,-110822.113763642,6787074.42336939
214,1712,Saltuarius swaini,MLP_multi_no_coords,random,False,0,0.008235120870300495,-110822.113763642,6787074.42336939
226,1801,Cacophis kreftii,MLP_multi_no_coords,random,False,0,0.06715284152052214,-156768.616233883,6780508.50732801
226,1802,Calyptotis scutirostrum,MLP_multi_no_coords,random,False,0,0.06253061671814338,-156768.616233883,6780508.50732801
226,1803,Coeranoscincus reticulatus,MLP_multi_no_coords,random,False,1,0.39333654229376463,-156768.616233883,6780508.50732801
226,1804,Egernia mcpheei,MLP_multi_no_coords,random,False,0,0.018526973113625608,-156768.616233883,6780508.50732801
226,1805,Eulamprus murrayi,MLP_multi_no_coords,random,False,0,0.009268854902381085,-156768.616233883,6780508.50732801
226,1806,Ophioscincus truncatus,MLP_multi_no_coords,random,False,0,0.19267159976172357,-156768.616233883,6780508.50732801
226,1807,Pseudechis porphyricaus,MLP_multi_no_coords,random,False,0,0.02296638257647337,-156768.616233883,6780508.50732801
226,1808,Saltuarius swaini,MLP_multi_no_coords,random,False,0,0.014898431425948338,-156768.616233883,6780508.50732801
231,1841,Cacophis kreftii,MLP_multi_no_coords,random,False,0,0.006592673828277044,-107923.462038802,6781588.26422547
231,1842,Calyptotis scutirostrum,MLP_multi_no_coords,random,False,0,0.016913517621849748,-107923.462038802,6781588.26422547
231,1843,Coeranoscincus reticulatus,MLP_multi_no_coords,random,False,1,0.048576616167042154,-107923.462038802,6781588.26422547
231,1844,Egernia mcpheei,MLP_multi_no_coords,random,False,0,0.008352229204264898,-107923.462038802,6781588.26422547
231,1845,Eulamprus murrayi,MLP_multi_no_coords,random,False,0,0.0015633646032987695,-107923.462038802,6781588.26422547
231,1846,Ophioscincus truncatus,MLP_multi_no_coords,random,False,0,0.019153159156829556,-107923.462038802,6781588.26422547
231,1847,Pseudechis porphyricaus,MLP_multi_no_coords,random,False,0,0.0038313294540161394,-107923.462038802,6781588.26422547
231,1848,Saltuarius swaini,MLP_multi_no_coords,random,False,0,0.004181898856068986,-107923.462038802,6781588.26422547
232,1849,Cacophis kreftii,MLP_multi_no_coords,random,False,0,0.052422150243277434,-154268.894705046,6778832.59399199
232,1850,Calyptotis scutirostrum,MLP_multi_no_coords,random,False,0,0.04321604544566322,-154268.894705046,6778832.59399199
232,1851,Coeranoscincus reticulatus,MLP_multi_no_coords,random,False,0,0.29667543812546493,-154268.894705046,6778832.59399199
232,1852,Egernia mcpheei,MLP_multi_no_coords,random,False,0,0.01470160176687035,-154268.894705046,6778832.59399199
232,1853,Eulamprus murrayi,MLP_multi_no_coords,random,False,0,0.0070195008875538764,-154268.894705046,6778832.59399199
232,1854,Ophioscincus truncatus,MLP_multi_no_coords,random,False,0,0.27118708940381236,-154268.894705046,6778832.59399199
232,1855,Pseudechis porphyricaus,MLP_multi_no_coords,random,False,0,0.04297282864119073,-154268.894705046,6778832.59399199
232,1856,Saltuarius swaini,MLP_multi_no_coords,random,False,0,0.0238796493324005,-154268.894705046,6778832.59399199
236,1881,Cacophis kreftii,MLP_multi_no_coords,random,False,0,0.010776817329319325,-157007.529503806,6769427.67794309
236,1882,Calyptotis scutirostrum,MLP_multi_no_coords,random,False,0,0.008811025209324735,-157007.529503806,6769427.67794309
236,1883,Coeranoscincus reticulatus,MLP_multi_no_coords,random,False,1,0.192612197065113,-157007.529503806,6769427.67794309
236,1884,Egernia mcpheei,MLP_multi_no_coords,random,False,0,0.004126892277280394,-157007.529503806,6769427.67794309
236,1885,Eulamprus murrayi,MLP_multi_no_coords,random,False,0,0.0030349436354806586,-157007.529503806,6769427.67794309
236,1886,Ophioscincus truncatus,MLP_multi_no_coords,random,False,0,0.19583103550983078,-157007.529503806,6769427.67794309
236,1887,Pseudechis porphyricaus,MLP_multi_no_coords,random,False,0,0.04653524481062792,-157007.529503806,6769427.67794309
236,1888,Saltuarius swaini,MLP_multi_no_coords,random,False,0,0.007778578539924373,-157007.529503806,6769427.67794309
237,1889,Cacophis kreftii,MLP_multi_no_coords,random,False,0,0.0104347833774046,-157601.945479142,6769192.74860327
237,1890,Calyptotis scutirostrum,MLP_multi_no_coords,random,False,0,0.008479768808234225,-157601.945479142,6769192.74860327
237,1891,Coeranoscincus reticulatus,MLP_multi_no_coords,random,False,1,0.16668507570539934,-157601.945479142,6769192.74860327
237,1892,Egernia mcpheei,MLP_multi_no_coords,random,False,0,0.003995060866290789,-157601.945479142,6769192.74860327
237,1893,Eulamprus murrayi,MLP_multi_no_coords,random,False,0,0.0029980322557234657,-157601.945479142,6769192.74860327
237,1894,Ophioscincus truncatus,MLP_multi_no_coords,random,False,0,0.18673405002961713,-157601.945479142,6769192.74860327
237,1895,Pseudechis porphyricaus,MLP_multi_no_coords,random,False,0,0.046784333843256865,-157601.945479142,6769192.74860327
237,1896,Saltuarius swaini,MLP_multi_no_coords,random,False,0,0.007530978063185027,-157601.945479142,6769192.74860327
238,1897,Cacophis kreftii,MLP_multi_no_coords,random,False,0,0.0018528086426970777,-42631.6013249115,6774856.7836682
238,1898,Calyptotis scutirostrum,MLP_multi_no_coords,random,False,0,0.004207091273118913,-42631.6013249115,6774856.7836682
238,1899,Coeranoscincus reticulatus,MLP_multi_no_coords,random,False,0,0.006697963039859277,-42631.6013249115,6774856.7836682
238,1900,Egernia mcpheei,MLP_multi_no_coords,random,False,0,0.0016230214806678218,-42631.6013249115,6774856.7836682
238,1901,Eulamprus murrayi,MLP_multi_no_coords,random,False,0,0.0005495991316651636,-42631.6013249115,6774856.7836682
238,1902,Ophioscincus truncatus,MLP_multi_no_coords,random,False,0,0.0054301088559177806,-42631.6013249115,6774856.7836682
238,1903,Pseudechis porphyricaus,MLP_multi_no_coords,random,False,0,0.0022786716174599273,-42631.6013249115,6774856.7836682
238,1904,Saltuarius swaini,MLP_multi_no_coords,random,False,0,0.0020529320948242933,-42631.6013249115,6774856.7836682
253,2017,Cacophis kreftii,MLP_multi_no_coords,random,False,0,0.015087790107581715,-153010.118576574,6758154.60282466
253,2018,Calyptotis scutirostrum,MLP_multi_no_coords,random,False,0,0.011466789581822335,-153010.118576574,6758154.60282466
253,2019,Coeranoscincus reticulatus,MLP_multi_no_coords,random,False,0,0.21731345263852409,-153010.118576574,6758154.60282466
253,2020,Egernia mcpheei,MLP_multi_no_coords,random,False,0,0.004983814738712779,-153010.118576574,6758154.60282466
253,2021,Eulamprus murrayi,MLP_multi_no_coords,random,False,0,0.0038999136922320075,-153010.118576574,6758154.60282466
253,2022,Ophioscincus truncatus,MLP_multi_no_coords,random,False,0,0.17783943949665082,-153010.118576574,6758154.60282466
253,2023,Pseudechis porphyricaus,MLP_multi_no_coords,random,False,0,0.10201418549431018,-153010.118576574,6758154.60282466
253,2024,Saltuarius swaini,MLP_multi_no_coords,random,False,0,0.00926078865977665,-153010.118576574,6758154.60282466
260,2073,Cacophis kreftii,MLP_multi_no_coords,random,False,0,0.06867165140781299,-139702.22082351,6757637.17957907
260,2074,Calyptotis scutirostrum,MLP_multi_no_coords,random,False,0,0.05437101342003429,-139702.22082351,6757637.17957907
260,2075,Coeranoscincus reticulatus,MLP_multi_no_coords,random,False,0,0.29277842194604076,-139702.22082351,6757637.17957907
260,2076,Egernia mcpheei,MLP_multi_no_coords,random,False,0,0.015161440970426624,-139702.22082351,6757637.17957907
260,2077,Eulamprus murrayi,MLP_multi_no_coords,random,False,0,0.007604817540363349,-139702.22082351,6757637.17957907
260,2078,Ophioscincus truncatus,MLP_multi_no_coords,random,False,0,0.33281964832057337,-139702.22082351,6757637.17957907
260,2079,Pseudechis porphyricaus,MLP_multi_no_coords,random,False,0,0.03702875398717068,-139702.22082351,6757637.17957907
260,2080,Saltuarius swaini,MLP_multi_no_coords,random,False,0,0.01908897755137546,-139702.22082351,6757637.17957907
261,2081,Cacophis kreftii,MLP_multi_no_coords,random,False,0,0.013108549341412035,-149531.814001847,6756925.32438673
261,2082,Calyptotis scutirostrum,MLP_multi_no_coords,random,False,0,0.03260810920814982,-149531.814001847,6756925.32438673
261,2083,Coeranoscincus reticulatus,MLP_multi_no_coords,random,False,0,0.290613331133883,-149531.814001847,6756925.32438673
261,2084,Egernia mcpheei,MLP_multi_no_coords,random,False,0,0.010154519607619277,-149531.814001847,6756925.32438673
261,2085,Eulamprus murrayi,MLP_multi_no_coords,random,False,0,0.004430763732161361,-149531.814001847,6756925.32438673
261,2086,Ophioscincus truncatus,MLP_multi_no_coords,random,False,0,0.019269993200314472,-149531.814001847,6756925.32438673
261,2087,Pseudechis porphyricaus,MLP_multi_no_coords,random,False,0,0.011890201404851041,-149531.814001847,6756925.32438673
261,2088,Saltuarius swaini,MLP_multi_no_coords,random,False,0,0.0047767488659258995,-149531.814001847,6756925.32438673
279,2225,Cacophis kreftii,MLP_multi_no_coords,random,False,0,0.023509050111657152,-165065.597196224,6745863.85427266
279,2226,Calyptotis scutirostrum,MLP_multi_no_coords,random,False,0,0.01739249101885895,-165065.597196224,6745863.85427266
279,2227,Coeranoscincus reticulatus,MLP_multi_no_coords,random,False,0,0.2094078378715395,-165065.597196224,6745863.85427266
279,2228,Egernia mcpheei,MLP_multi_no_coords,random,False,0,0.007425030456975291,-165065.597196224,6745863.85427266
279,2229,Eulamprus murrayi,MLP_multi_no_coords,random,False,0,0.005299064240834079,-165065.597196224,6745863.85427266
279,2230,Ophioscincus truncatus,MLP_multi_no_coords,random,False,0,0.3161043333397388,-165065.597196224,6745863.85427266
279,2231,Pseudechis porphyricaus,MLP_multi_no_coords,random,False,0,0.038991813864039784,-165065.597196224,6745863.85427266
279,2232,Saltuarius swaini,MLP_multi_no_coords,random,False,0,0.013954186661738009,-165065.597196224,6745863.85427266
282,2249,Cacophis kreftii,MLP_multi_no_coords,random,False,0,0.0010748932796197043,-48676.0066271106,6751433.87966314
282,2250,Calyptotis scutirostrum,MLP_multi_no_coords,random,False,0,0.0024431324260915477,-48676.0066271106,6751433.87966314
282,2251,Coeranoscincus reticulatus,MLP_multi_no_coords,random,False,0,0.0038076837250091305,-48676.0066271106,6751433.87966314
282,2252,Egernia mcpheei,MLP_multi_no_coords,random,False,0,0.0010395806964894477,-48676.0066271106,6751433.87966314
282,2253,Eulamprus murrayi,MLP_multi_no_coords,random,False,0,0.0003138423364822233,-48676.0066271106,6751433.87966314
282,2254,Ophioscincus truncatus,MLP_multi_no_coords,random,False,0,0.003682928205322426,-48676.0066271106,6751433.87966314
282,2255,Pseudechis porphyricaus,MLP_multi_no_coords,random,False,0,0.0016069236058514247,-48676.0066271106,6751433.87966314
282,2256,Saltuarius swaini,MLP_multi_no_coords,random,False,0,0.0014131083544020205,-48676.0066271106,6751433.87966314
283,2257,Cacophis kreftii,MLP_multi_no_coords,random,False,0,0.021754227646544902,-144358.241751465,6746321.2757456
283,2258,Calyptotis scutirostrum,MLP_multi_no_coords,random,False,0,0.016214184691096242,-144358.241751465,6746321.2757456
283,2259,Coeranoscincus reticulatus,MLP_multi_no_coords,random,False,0,0.09028585498812888,-144358.241751465,6746321.2757456
283,2260,Egernia mcpheei,MLP_multi_no_coords,random,False,0,0.006605646988788681,-144358.241751465,6746321.2757456
283,2261,Eulamprus murrayi,MLP_multi_no_coords,random,False,0,0.0053182093497421545,-144358.241751465,6746321.2757456
283,2262,Ophioscincus truncatus,MLP_multi_no_coords,random,False,0,0.4820336928275592,-144358.241751465,6746321.2757456
283,2263,Pseudechis porphyricaus,MLP_multi_no_coords,random,False,0,0.02098058586399429,-144358.241751465,6746321.2757456
283,2264,Saltuarius swaini,MLP_multi_no_coords,random,False,0,0.008544013224625321,-144358.241751465,6746321.2757456
285,2273,Cacophis kreftii,MLP_multi_no_coords,random,False,0,0.001050186560128364,-48666.355678597,6751233.93894705
285,2274,Calyptotis scutirostrum,MLP_multi_no_coords,random,False,0,0.0023870515031920855,-48666.355678597,6751233.93894705
285,2275,Coeranoscincus reticulatus,MLP_multi_no_coords,random,False,0,0.003723551804769293,-48666.355678597,6751233.93894705
285,2276,Egernia mcpheei,MLP_multi_no_coords,random,False,0,0.0010156848212060589,-48666.355678597,6751233.93894705
285,2277,Eulamprus murrayi,MLP_multi_no_coords,random,False,0,0.0003060190867023671,-48666.355678597,6751233.93894705
285,2278,Ophioscincus truncatus,MLP_multi_no_coords,random,False,0,0.003569167560799759,-48666.355678597,6751233.93894705
285,2279,Pseudechis porphyricaus,MLP_multi_no_coords,random,False,0,0.001570007242145885,-48666.355678597,6751233.93894705
285,2280,Saltuarius swaini,MLP_multi_no_coords,random,False,0,0.0013779211131421218,-48666.355678597,6751233.93894705
290,2313,Cacophis kreftii,MLP_multi_no_coords,random,False,0,0.0012826574839007677,-54841.9600197467,6750321.73267861
290,2314,Calyptotis scutirostrum,MLP_multi_no_coords,random,False,0,0.002958666555956883,-54841.9600197467,6750321.73267861
290,2315,Coeranoscincus reticulatus,MLP_multi_no_coords,random,False,0,0.005020084688424086,-54841.9600197467,6750321.73267861
290,2316,Egernia mcpheei,MLP_multi_no_coords,random,False,0,0.001202313762426775,-54841.9600197467,6750321.73267861
290,2317,Eulamprus murrayi,MLP_multi_no_coords,random,False,0,0.0003592603024581455,-54841.9600197467,6750321.73267861
290,2318,Ophioscincus truncatus,MLP_multi_no_coords,random,False,0,0.004204191662124807,-54841.9600197467,6750321.73267861
290,2319,Pseudechis porphyricaus,MLP_multi_no_coords,random,False,0,0.0019463505928736156,-54841.9600197467,6750321.73267861
290,2320,Saltuarius swaini,MLP_multi_no_coords,random,False,0,0.0015922681231004263,-54841.9600197467,6750321.73267861
303,2417,Cacophis kreftii,MLP_multi_no_coords,random,False,0,0.005875451034670177,-86896.2863933826,6740221.21400845
303,2418,Calyptotis scutirostrum,MLP_multi_no_coords,random,False,0,0.016497380539883474,-86896.2863933826,6740221.21400845
303,2419,Coeranoscincus reticulatus,MLP_multi_no_coords,random,False,0,0.03293504497070042,-86896.2863933826,6740221.21400845
303,2420,Egernia mcpheei,MLP_multi_no_coords,random,False,0,0.006795268475604773,-86896.2863933826,6740221.21400845
303,2421,Eulamprus murrayi,MLP_multi_no_coords,random,False,0,0.0014265502821133348,-86896.2863933826,6740221.21400845
303,2422,Ophioscincus truncatus,MLP_multi_no_coords,random,False,0,0.019228446960520163,-86896.2863933826,6740221.21400845
303,2423,Pseudechis porphyricaus,MLP_multi_no_coords,random,False,0,0.003413483500768482,-86896.2863933826,6740221.21400845
303,2424,Saltuarius swaini,MLP_multi_no_coords,random,False,0,0.0037745574949527797,-86896.2863933826,6740221.21400845
307,2449,Cacophis kreftii,MLP_multi_no_coords,random,False,0,0.006426899963749982,-75230.2145233742,6740017.73560779
307,2450,Calyptotis scutirostrum,MLP_multi_no_coords,random,False,0,0.015842887225720383,-75230.2145233742,6740017.73560779
307,2451,Coeranoscincus reticulatus,MLP_multi_no_coords,random,False,0,0.02873135462456746,-75230.2145233742,6740017.73560779
307,2452,Egernia mcpheei,MLP_multi_no_coords,random,False,0,0.0057179204686387845,-75230.2145233742,6740017.73560779
307,2453,Eulamprus murrayi,MLP_multi_no_coords,random,False,0,0.0016094756812072928,-75230.2145233742,6740017.73560779
307,2454,Ophioscincus truncatus,MLP_multi_no_coords,random,False,0,0.015883231070219033,-75230.2145233742,6740017.73560779
307,2455,Pseudechis porphyricaus,MLP_multi_no_coords,random,False,0,0.003734729006773856,-75230.2145233742,6740017.73560779
307,2456,Saltuarius swaini,MLP_multi_no_coords,random,False,0,0.003700811634278785,-75230.2145233742,6740017.73560779
308,2457,Cacophis kreftii,MLP_multi_no_coords,random,False,0,0.01728758333666055,-164907.141677267,6734992.82147675
308,2458,Calyptotis scutirostrum,MLP_multi_no_coords,random,False,0,0.012398807377119464,-164907.141677267,6734992.82147675
308,2459,Coeranoscincus reticulatus,MLP_multi_no_coords,random,False,0,0.11125595338063043,-164907.141677267,6734992.82147675
308,2460,Egernia mcpheei,MLP_multi_no_coords,random,False,0,0.005583704440765645,-164907.141677267,6734992.82147675
308,2461,Eulamprus murrayi,MLP_multi_no_coords,random,False,0,0.004593114579670217,-164907.141677267,6734992.82147675
308,2462,Ophioscincus truncatus,MLP_multi_no_coords,random,False,0,0.21058179544283173,-164907.141677267,6734992.82147675
308,2463,Pseudechis porphyricaus,MLP_multi_no_coords,random,False,0,0.0669033705035612,-164907.141677267,6734992.82147675
308,2464,Saltuarius swaini,MLP_multi_no_coords,random,False,0,0.009245579664904108,-164907.141677267,6734992.82147675
322,2569,Cacophis kreftii,MLP_multi_no_coords,random,False,0,0.006910496960740719,-148858.437557277,6712675.66874389
322,2570,Calyptotis scutirostrum,MLP_multi_no_coords,random,False,0,0.015551181253352014,-148858.437557277,6712675.66874389
322,2571,Coeranoscincus reticulatus,MLP_multi_no_coords,random,False,0,0.02830421578666743,-148858.437557277,6712675.66874389
322,2572,Egernia mcpheei,MLP_multi_no_coords,random,False,0,0.002309752261601192,-148858.437557277,6712675.66874389
322,2573,Eulamprus murrayi,MLP_multi_no_coords,random,False,0,0.0018073807765914692,-148858.437557277,6712675.66874389
322,2574,Ophioscincus truncatus,MLP_multi_no_coords,random,False,0,0.10587151425826767,-148858.437557277,6712675.66874389
322,2575,Pseudechis porphyricaus,MLP_multi_no_coords,random,False,0,0.04597204613581945,-148858.437557277,6712675.66874389
322,2576,Saltuarius swaini,MLP_multi_no_coords,random,False,0,0.0043492324908633645,-148858.437557277,6712675.66874389
328,2617,Cacophis kreftii,MLP_multi_no_coords,random,False,0,0.008658187201297103,-160137.175183615,6708870.73185706
328,2618,Calyptotis scutirostrum,MLP_multi_no_coords,random,False,0,0.007076088599507851,-160137.175183615,6708870.73185706
328,2619,Coeranoscincus reticulatus,MLP_multi_no_coords,random,False,0,0.10389442614599545,-160137.175183615,6708870.73185706
328,2620,Egernia mcpheei,MLP_multi_no_coords,random,False,0,0.003311204589483156,-160137.175183615,6708870.73185706
328,2621,Eulamprus murrayi,MLP_multi_no_coords,random,False,0,0.0023618899211041585,-160137.175183615,6708870.73185706
328,2622,Ophioscincus truncatus,MLP_multi_no_coords,random,False,0,0.23047587006306824,-160137.175183615,6708870.73185706
328,2623,Pseudechis porphyricaus,MLP_multi_no_coords,random,False,0,0.03049397096549671,-160137.175183615,6708870.73185706
328,2624,Saltuarius swaini,MLP_multi_no_coords,random,False,0,0.006245655047956386,-160137.175183615,6708870.73185706
329,2625,Cacophis kreftii,MLP_multi_no_coords,random,False,0,0.013037870287291862,-161729.965162506,6708587.05668997
329,2626,Calyptotis scutirostrum,MLP_multi_no_coords,random,False,0,0.010654364572864556,-161729.965162506,6708587.05668997
329,2627,Coeranoscincus reticulatus,MLP_multi_no_coords,random,False,0,0.25091055842694293,-161729.965162506,6708587.05668997
329,2628,Egernia mcpheei,MLP_multi_no_coords,random,False,0,0.004995210899617564,-161729.965162506,6708587.05668997
329,2629,Eulamprus murrayi,MLP_multi_no_coords,random,False,0,0.0041144410407238175,-161729.965162506,6708587.05668997
329,2630,Ophioscincus truncatus,MLP_multi_no_coords,random,False,0,0.18183757194764882,-161729.965162506,6708587.05668997
329,2631,Pseudechis porphyricaus,MLP_multi_no_coords,random,False,0,0.06288119719472918,-161729.965162506,6708587.05668997
329,2632,Saltuarius swaini,MLP_multi_no_coords,random,False,0,0.009407971671049902,-161729.965162506,6708587.05668997
339,2705,Cacophis kreftii,MLP_multi_no_coords,random,False,0,0.0012580481134411554,-50204.0063193176,6710952.93925814
339,2706,Calyptotis scutirostrum,MLP_multi_no_coords,random,False,0,0.002858759118674496,-50204.0063193176,6710952.93925814
339,2707,Coeranoscincus reticulatus,MLP_multi_no_coords,random,False,0,0.004733479258702999,-50204.0063193176,6710952.93925814
339,2708,Egernia mcpheei,MLP_multi_no_coords,random,False,0,0.0012167258244468947,-50204.0063193176,6710952.93925814
339,2709,Eulamprus murrayi,MLP_multi_no_coords,random,False,0,0.000345533046904053,-50204.0063193176,6710952.93925814
339,2710,Ophioscincus truncatus,MLP_multi_no_coords,random,False,0,0.005118898419710822,-50204.0063193176,6710952.93925814
339,2711,Pseudechis porphyricaus,MLP_multi_no_coords,random,False,0,0.0018470268742633432,-50204.0063193176,6710952.93925814
339,2712,Saltuarius swaini,MLP_multi_no_coords,random,False,0,0.0017389582468808375,-50204.0063193176,6710952.93925814
352,2809,Cacophis kreftii,MLP_multi_no_coords,random,False,0,0.012504643480072325,-161130.645593128,6697139.33525593
352,2810,Calyptotis scutirostrum,MLP_multi_no_coords,random,False,0,0.009870085173402201,-161130.645593128,6697139.33525593
352,2811,Coeranoscincus reticulatus,MLP_multi_no_coords,random,False,0,0.06821657375967331,-161130.645593128,6697139.33525593
352,2812,Egernia mcpheei,MLP_multi_no_coords,random,False,0,0.004569729672626106,-161130.645593128,6697139.33525593
352,2813,Eulamprus murrayi,MLP_multi_no_coords,random,False,0,0.00450018955956838,-161130.645593128,6697139.33525593
352,2814,Ophioscincus truncatus,MLP_multi_no_coords,random,False,0,0.3291421217262487,-161130.645593128,6697139.33525593
352,2815,Pseudechis porphyricaus,MLP_multi_no_coords,random,False,0,0.01754111933103893,-161130.645593128,6697139.33525593
352,2816,Saltuarius swaini,MLP_multi_no_coords,random,False,0,0.005980819655439701,-161130.645593128,6697139.33525593
354,2825,Cacophis kreftii,MLP_multi_no_coords,random,False,0,0.005567028322866831,-54397.1023715114,6702694.88150925
354,2826,Calyptotis scutirostrum,MLP_multi_no_coords,random,False,0,0.01267019591020639,-54397.1023715114,6702694.88150925
354,2827,Coeranoscincus reticulatus,MLP_multi_no_coords,random,False,0,0.019024188960527835,-54397.1023715114,6702694.88150925
354,2828,Egernia mcpheei,MLP_multi_no_coords,random,False,0,0.005125723842714537,-54397.1023715114,6702694.88150925
354,2829,Eulamprus murrayi,MLP_multi_no_coords,random,False,0,0.0014623508306462886,-54397.1023715114,6702694.88150925
354,2830,Ophioscincus truncatus,MLP_multi_no_coords,random,False,0,0.026230665176356294,-54397.1023715114,6702694.88150925
354,2831,Pseudechis porphyricaus,MLP_multi_no_coords,random,False,1,0.0037873813598904103,-54397.1023715114,6702694.88150925
354,2832,Saltuarius swaini,MLP_multi_no_coords,random,False,0,0.004926954611604759,-54397.1023715114,6702694.88150925
369,2945,Cacophis kreftii,MLP_multi_no_coords,random,False,0,0.00643957868145587,-115761.593020762,6695476.19653521
369,2946,Calyptotis scutirostrum,MLP_multi_no_coords,random,False,0,0.023348669740152782,-115761.593020762,6695476.19653521
369,2947,Coeranoscincus reticulatus,MLP_multi_no_coords,random,False,0,0.0864076287447774,-115761.593020762,6695476.19653521
369,2948,Egernia mcpheei,MLP_multi_no_coords,random,False,0,0.0077921054895326415,-115761.593020762,6695476.19653521
369,2949,Eulamprus murrayi,MLP_multi_no_coords,random,False,0,0.0016019956059673732,-115761.593020762,6695476.19653521
369,2950,Ophioscincus truncatus,MLP_multi_no_coords,random,False,0,0.013113416824859255,-115761.593020762,6695476.19653521
369,2951,Pseudechis porphyricaus,MLP_multi_no_coords,random,False,0,0.004116138262020893,-115761.593020762,6695476.19653521
369,2952,Saltuarius swaini,MLP_multi_no_coords,random,False,0,0.003280924498405042,-115761.593020762,6695476.19653521
372,2969,Cacophis kreftii,MLP_multi_no_coords,random,False,0,0.001876363042114065,-51958.1449948344,6698406.00349235
372,2970,Calyptotis scutirostrum,MLP_multi_no_coords,random,False,0,0.004354536139771175,-51958.1449948344,6698406.00349235
372,2971,Coeranoscincus reticulatus,MLP_multi_no_coords,random,False,0,0.006793187088855943,-51958.1449948344,6698406.00349235
372,2972,Egernia mcpheei,MLP_multi_no_coords,random,False,0,0.001624245169910075,-51958.1449948344,6698406.00349235
372,2973,Eulamprus murrayi,MLP_multi_no_coords,random,False,0,0.000525776660679597,-51958.1449948344,6698406.00349235
372,2974,Ophioscincus truncatus,MLP_multi_no_coords,random,False,0,0.005539711998283093,-51958.1449948344,6698406.00349235
372,2975,Pseudechis porphyricaus,MLP_multi_no_coords,random,False,0,0.0028659923911137394,-51958.1449948344,6698406.00349235
372,2976,Saltuarius swaini,MLP_multi_no_coords,random,False,0,0.0021507526496504755,-51958.1449948344,6698406.00349235
379,3025,Cacophis kreftii,MLP_multi_no_coords,random,False,0,0.008568817332319307,-170997.113124586,6685555.44783591
379,3026,Calyptotis scutirostrum,MLP_multi_no_coords,random,False,0,0.007002933803640221,-170997.113124586,6685555.44783591
379,3027,Coeranoscincus reticulatus,MLP_multi_no_coords,random,False,0,0.05556917860091809,-170997.113124586,6685555.44783591
379,3028,Egernia mcpheei,MLP_multi_no_coords,random,False,0,0.0032768438787258054,-170997.113124586,6685555.44783591
379,3029,Eulamprus murrayi,MLP_multi_no_coords,random,False,0,0.0032094047527769973,-170997.113124586,6685555.44783591
379,3030,Ophioscincus truncatus,MLP_multi_no_coords,random,False,0,0.2205386993422519,-170997.113124586,6685555.44783591
379,3031,Pseudechis porphyricaus,MLP_multi_no_coords,random,False,0,0.012839068760330767,-170997.113124586,6685555.44783591
379,3032,Saltuarius swaini,MLP_multi_no_coords,random,False,0,0.004938136472900219,-170997.113124586,6685555.44783591
380,3033,Cacophis kreftii,MLP_multi_no_coords,random,False,0,0.008679771573209361,-171751.567168655,6684505.22516541
380,3034,Calyptotis scutirostrum,MLP_multi_no_coords,random,False,0,0.007093757111640922,-171751.567168655,6684505.22516541
380,3035,Coeranoscincus reticulatus,MLP_multi_no_coords,random,False,0,0.05543501213664571,-171751.567168655,6684505.22516541
380,3036,Egernia mcpheei,MLP_multi_no_coords,random,False,0,0.0033195038701278263,-171751.567168655,6684505.22516541
380,3037,Eulamprus murrayi,MLP_multi_no_coords,random,False,0,0.003098091978845366,-171751.567168655,6684505.22516541
380,3038,Ophioscincus truncatus,MLP_multi_no_coords,random,False,0,0.22544940694338836,-171751.567168655,6684505.22516541
380,3039,Pseudechis porphyricaus,MLP_multi_no_coords,random,False,0,0.0157342604496269,-171751.567168655,6684505.22516541
380,3040,Saltuarius swaini,MLP_multi_no_coords,random,False,0,0.005701382426736899,-171751.567168655,6684505.22516541
381,3041,Cacophis kreftii,MLP_multi_no_coords,random,False,0,0.00854608176318481,-170101.851938007,6683790.0457837
381,3042,Calyptotis scutirostrum,MLP_multi_no_coords,random,False,0,0.006984323710883342,-170101.851938007,6683790.0457837
381,3043,Coeranoscincus reticulatus,MLP_multi_no_coords,random,False,0,0.051290498968014776,-170101.851938007,6683790.0457837
381,3044,Egernia mcpheei,MLP_multi_no_coords,random,False,0,0.003268103172597892,-170101.851938007,6683790.0457837
381,3045,Eulamprus murrayi,MLP_multi_no_coords,random,False,0,0.003209022978388651,-170101.851938007,6683790.0457837
381,3046,Ophioscincus truncatus,MLP_multi_no_coords,random,False,1,0.22218679369305727,-170101.851938007,6683790.0457837
381,3047,Pseudechis porphyricaus,MLP_multi_no_coords,random,False,0,0.015998974978647832,-170101.851938007,6683790.0457837
381,3048,Saltuarius swaini,MLP_multi_no_coords,random,False,0,0.005471234981434685,-170101.851938007,6683790.0457837
384,3065,Cacophis kreftii,MLP_multi_no_coords,random,False,0,0.02618453840020945,-153569.490242912,6679419.46406309
384,3066,Calyptotis scutirostrum,MLP_multi_no_coords,random,False,0,0.018670871007148374,-153569.490242912,6679419.46406309
384,3067,Coeranoscincus reticulatus,MLP_multi_no_coords,random,False,0,0.18344711912015957,-153569.490242912,6679419.46406309
384,3068,Egernia mcpheei,MLP_multi_no_coords,random,False,0,0.007575384041018515,-153569.490242912,6679419.46406309
384,3069,Eulamprus murrayi,MLP_multi_no_coords,random,False,0,0.006830019642899939,-153569.490242912,6679419.46406309
384,3070,Ophioscincus truncatus,MLP_multi_no_coords,random,False,0,0.18018193169917912,-153569.490242912,6679419.46406309
384,3071,Pseudechis porphyricaus,MLP_multi_no_coords,random,False,0,0.08624800920559324,-153569.490242912,6679419.46406309
384,3072,Saltuarius swaini,MLP_multi_no_coords,random,False,0,0.01039315869796265,-153569.490242912,6679419.46406309
394,3145,Cacophis kreftii,MLP_multi_no_coords,random,False,0,0.02065362469041431,-157694.599141127,6669935.38089694
394,3146,Calyptotis scutirostrum,MLP_multi_no_coords,random,False,0,0.014703093252248146,-157694.599141127,6669935.38089694
394,3147,Coeranoscincus reticulatus,MLP_multi_no_coords,random,False,0,0.15210511338090563,-157694.599141127,6669935.38089694
394,3148,Egernia mcpheei,MLP_multi_no_coords,random,False,0,0.006711649280844245,-157694.599141127,6669935.38089694
394,3149,Eulamprus murrayi,MLP_multi_no_coords,random,False,0,0.0069264293816831335,-157694.599141127,6669935.38089694
394,3150,Ophioscincus truncatus,MLP_multi_no_coords,random,False,0,0.14887029698678514,-157694.599141127,6669935.38089694
394,3151,Pseudechis porphyricaus,MLP_multi_no_coords,random,False,0,0.06808918217212037,-157694.599141127,6669935.38089694
394,3152,Saltuarius swaini,MLP_multi_no_coords,random,False,0,0.007742118669779524,-157694.599141127,6669935.38089694
395,3153,Cacophis kreftii,MLP_multi_no_coords,random,False,0,0.025501907689825635,-156289.421979757,6670007.80018539
395,3154,Calyptotis scutirostrum,MLP_multi_no_coords,random,False,0,0.018180464578524697,-156289.421979757,6670007.80018539
395,3155,Coeranoscincus reticulatus,MLP_multi_no_coords,random,False,0,0.1954141719565615,-156289.421979757,6670007.80018539
395,3156,Egernia mcpheei,MLP_multi_no_coords,random,False,0,0.0077359993462660205,-156289.421979757,6670007.80018539
395,3157,Eulamprus murrayi,MLP_multi_no_coords,random,False,0,0.007409149400440113,-156289.421979757,6670007.80018539
395,3158,Ophioscincus truncatus,MLP_multi_no_coords,random,False,0,0.1526803012657206,-156289.421979757,6670007.80018539
395,3159,Pseudechis porphyricaus,MLP_multi_no_coords,random,False,0,0.11189002850073376,-156289.421979757,6670007.80018539
395,3160,Saltuarius swaini,MLP_multi_no_coords,random,False,0,0.010942992131496338,-156289.421979757,6670007.80018539
396,3161,Cacophis kreftii,MLP_multi_no_coords,random,False,0,0.08946951435117312,-122906.583332893,6670557.67612587
396,3162,Calyptotis scutirostrum,MLP_multi_no_coords,random,False,0,0.09174217249781551,-122906.583332893,6670557.67612587
396,3163,Coeranoscincus reticulatus,MLP_multi_no_coords,random,False,1,0.4779909513160304,-122906.583332893,6670557.67612587
396,3164,Egernia mcpheei,MLP_multi_no_coords,random,False,0,0.023461129586082475,-122906.583332893,6670557.67612587
396,3165,Eulamprus murrayi,MLP_multi_no_coords,random,False,0,0.009759692584211053,-122906.583332893,6670557.67612587
396,3166,Ophioscincus truncatus,MLP_multi_no_coords,random,False,0,0.21409048640380862,-122906.583332893,6670557.67612587
396,3167,Pseudechis porphyricaus,MLP_multi_no_coords,random,False,0,0.023741928071736213,-122906.583332893,6670557.67612587
396,3168,Saltuarius swaini,MLP_multi_no_coords,random,False,0,0.01609739034687088,-122906.583332893,6670557.67612587
400,3193,Cacophis kreftii,MLP_multi_no_coords,random,False,0,0.003965356593399025,-125067.694169073,6669443.0445974
400,3194,Calyptotis scutirostrum,MLP_multi_no_coords,random,False,0,0.015367819398020214,-125067.694169073,6669443.0445974
400,3195,Coeranoscincus reticulatus,MLP_multi_no_coords,random,False,1,0.05916892695616356,-125067.694169073,6669443.0445974
400,3196,Egernia mcpheei,MLP_multi_no_coords,random,False,0,0.004603436522005818,-125067.694169073,6669443.0445974
400,3197,Eulamprus murrayi,MLP_multi_no_coords,random,False,0,0.001387111749972047,-125067.694169073,6669443.0445974
400,3198,Ophioscincus truncatus,MLP_multi_no_coords,random,False,0,0.007889413973650264,-125067.694169073,6669443.0445974
400,3199,Pseudechis porphyricaus,MLP_multi_no_coords,random,False,0,0.0034845026353366435,-125067.694169073,6669443.0445974
400,3200,Saltuarius swaini,MLP_multi_no_coords,random,False,0,0.0018585881577280697,-125067.694169073,6669443.0445974
403,3217,Cacophis kreftii,MLP_multi_no_coords,random,False,0,0.007304418683248838,-58257.6048943475,6672743.96684541
403,3218,Calyptotis scutirostrum,MLP_multi_no_coords,random,False,0,0.026364459908243928,-58257.6048943475,6672743.96684541
403,3219,Coeranoscincus reticulatus,MLP_multi_no_coords,random,False,0,0.06107949980645591,-58257.6048943475,6672743.96684541
403,3220,Egernia mcpheei,MLP_multi_no_coords,random,False,0,0.009083633661746027,-58257.6048943475,6672743.96684541
403,3221,Eulamprus murrayi,MLP_multi_no_coords,random,False,0,0.001798266013810573,-58257.6048943475,6672743.96684541
403,3222,Ophioscincus truncatus,MLP_multi_no_coords,random,False,0,0.01887535894808711,-58257.6048943475,6672743.96684541
403,3223,Pseudechis porphyricaus,MLP_multi_no_coords,random,False,0,0.00437903962877372,-58257.6048943475,6672743.96684541
403,3224,Saltuarius swaini,MLP_multi_no_coords,random,False,0,0.004112696852382033,-58257.6048943475,6672743.96684541
407,3249,Cacophis kreftii,MLP_multi_no_coords,random,False,0,0.0125225874353431,-125225.02885331,6668620.03383924
407,3250,Calyptotis scutirostrum,MLP_multi_no_coords,random,False,0,0.06707009904767687,-125225.02885331,6668620.03383924
407,3251,Coeranoscincus reticulatus,MLP_multi_no_coords,random,False,0,0.2931951332042813,-125225.02885331,6668620.03383924
407,3252,Egernia mcpheei,MLP_multi_no_coords,random,False,0,0.013130221694973413,-125225.02885331,6668620.03383924
407,3253,Eulamprus murrayi,MLP_multi_no_coords,random,False,0,0.004447575539875391,-125225.02885331,6668620.03383924
407,3254,Ophioscincus truncatus,MLP_multi_no_coords,random,False,0,0.02706115244406447,-125225.02885331,6668620.03383924
407,3255,Pseudechis porphyricaus,MLP_multi_no_coords,random,False,0,0.0112106866274967,-125225.02885331,6668620.03383924
407,3256,Saltuarius swaini,MLP_multi_no_coords,random,False,0,0.005879966911051539,-125225.02885331,6668620.03383924
413,3297,Cacophis kreftii,MLP_multi_no_coords,random,False,0,0.04662307853453102,-120072.988069293,6666279.06080417
413,3298,Calyptotis scutirostrum,MLP_multi_no_coords,random,False,0,0.057065437075724604,-120072.988069293,6666279.06080417
413,3299,Coeranoscincus reticulatus,MLP_multi_no_coords,random,False,1,0.36685564697245676,-120072.988069293,6666279.06080417
413,3300,Egernia mcpheei,MLP_multi_no_coords,random,False,0,0.029548978634927572,-120072.988069293,6666279.06080417
413,3301,Eulamprus murrayi,MLP_multi_no_coords,random,False,0,0.008215253851465256,-120072.988069293,6666279.06080417
413,3302,Ophioscincus truncatus,MLP_multi_no_coords,random,False,0,0.15798882579356896,-120072.988069293,6666279.06080417
413,3303,Pseudechis porphyricaus,MLP_multi_no_coords,random,False,1,0.017734557046401887,-120072.988069293,6666279.06080417
413,3304,Saltuarius swaini,MLP_multi_no_coords,random,False,0,0.01609081755342454,-120072.988069293,6666279.06080417
415,3313,Cacophis kreftii,MLP_multi_no_coords,random,False,0,0.00639411659045345,-178654.150282374,6662593.67423277
415,3314,Calyptotis scutirostrum,MLP_multi_no_coords,random,False,0,0.005091135961937168,-178654.150282374,6662593.67423277
415,3315,Coeranoscincus reticulatus,MLP_multi_no_coords,random,False,0,0.07128508248903233,-178654.150282374,6662593.67423277
415,3316,Egernia mcpheei,MLP_multi_no_coords,random,False,0,0.00266626848768674,-178654.150282374,6662593.67423277
415,3317,Eulamprus murrayi,MLP_multi_no_coords,random,False,0,0.003125408180891584,-178654.150282374,6662593.67423277
415,3318,Ophioscincus truncatus,MLP_multi_no_coords,random,False,0,0.048388449793181444,-178654.150282374,6662593.67423277
415,3319,Pseudechis porphyricaus,MLP_multi_no_coords,random,False,0,0.058699035827782776,-178654.150282374,6662593.67423277
415,3320,Saltuarius swaini,MLP_multi_no_coords,random,False,0,0.0037808227555262692,-178654.150282374,6662593.67423277
420,3353,Cacophis kreftii,MLP_multi_no_coords,random,False,0,0.05672162964211707,-125379.598774365,6663983.11844257
420,3354,Calyptotis scutirostrum,MLP_multi_no_coords,random,False,0,0.07167260167927919,-125379.598774365,6663983.11844257
420,3355,Coeranoscincus reticulatus,MLP_multi_no_coords,random,False,1,0.5923527237345757,-125379.598774365,6663983.11844257
420,3356,Egernia mcpheei,MLP_multi_no_coords,random,False,0,0.020558618358039953,-125379.598774365,6663983.11844257
420,3357,Eulamprus murrayi,MLP_multi_no_coords,random,False,0,0.00958904605109202,-125379.598774365,6663983.11844257
420,3358,Ophioscincus truncatus,MLP_multi_no_coords,random,False,0,0.1289799084728299,-125379.598774365,6663983.11844257
420,3359,Pseudechis porphyricaus,MLP_multi_no_coords,random,False,0,0.05244506692726612,-125379.598774365,6663983.11844257
420,3360,Saltuarius swaini,MLP_multi_no_coords,random,False,0,0.009528887026794783,-125379.598774365,6663983.11844257
422,3369,Cacophis kreftii,MLP_multi_no_coords,random,False,0,0.07619415985989371,-125514.62268173,6662771.00533564
422,3370,Calyptotis scutirostrum,MLP_multi_no_coords,random,False,0,0.05888008258056861,-125514.62268173,6662771.00533564
422,3371,Coeranoscincus reticulatus,MLP_multi_no_coords,random,False,1,0.4641690533671437,-125514.62268173,6662771.00533564
422,3372,Egernia mcpheei,MLP_multi_no_coords,random,False,0,0.017552913074768077,-125514.62268173,6662771.00533564
422,3373,Eulamprus murrayi,MLP_multi_no_coords,random,False,0,0.010536188870265764,-125514.62268173,6662771.00533564
422,3374,Ophioscincus truncatus,MLP_multi_no_coords,random,False,0,0.24511964217086452,-125514.62268173,6662771.00533564
422,3375,Pseudechis porphyricaus,MLP_multi_no_coords,random,False,0,0.0968547338638067,-125514.62268173,6662771.00533564
422,3376,Saltuarius swaini,MLP_multi_no_coords,random,False,0,0.012719764585478147,-125514.62268173,6662771.00533564
427,3409,Cacophis kreftii,MLP_multi_no_coords,random,False,0,0.03173751477932759,-128408.296244871,6660409.13008774
427,3410,Calyptotis scutirostrum,MLP_multi_no_coords,random,False,0,0.022857471664910683,-128408.296244871,6660409.13008774
427,3411,Coeranoscincus reticulatus,MLP_multi_no_coords,random,False,1,0.21358638881090047,-128408.296244871,6660409.13008774
427,3412,Egernia mcpheei,MLP_multi_no_coords,random,False,0,0.008433692147139009,-128408.296244871,6660409.13008774
427,3413,Eulamprus murrayi,MLP_multi_no_coords,random,False,0,0.007361494037299407,-128408.296244871,6660409.13008774
427,3414,Ophioscincus truncatus,MLP_multi_no_coords,random,False,0,0.216032223919627,-128408.296244871,6660409.13008774
427,3415,Pseudechis porphyricaus,MLP_multi_no_coords,random,False,0,0.06276634759598063,-128408.296244871,6660409.13008774
427,3416,Saltuarius swaini,MLP_multi_no_coords,random,False,0,0.009117666038117074,-128408.296244871,6660409.13008774
447,3569,Cacophis kreftii,MLP_multi_no_coords,random,False,0,0.009014135591633459,-134779.996572383,6651420.87222455
447,3570,Calyptotis scutirostrum,MLP_multi_no_coords,random,False,0,0.007367478411993548,-134779.996572383,6651420.87222455
447,3571,Coeranoscincus reticulatus,MLP_multi_no_coords,random,False,0,0.044362609997466405,-134779.996572383,6651420.87222455
447,3572,Egernia mcpheei,MLP_multi_no_coords,random,False,0,0.003411906052464609,-134779.996572383,6651420.87222455
447,3573,Eulamprus murrayi,MLP_multi_no_coords,random,False,0,0.0036683577679602034,-134779.996572383,6651420.87222455
447,3574,Ophioscincus truncatus,MLP_multi_no_coords,random,False,0,0.22541007120650403,-134779.996572383,6651420.87222455
447,3575,Pseudechis porphyricaus,MLP_multi_no_coords,random,False,0,0.01312832902319625,-134779.996572383,6651420.87222455
447,3576,Saltuarius swaini,MLP_multi_no_coords,random,False,0,0.004463016282052705,-134779.996572383,6651420.87222455
449,3585,Cacophis kreftii,MLP_multi_no_coords,random,False,0,0.011143884393557695,-135559.130529282,6650974.17840999
449,3586,Calyptotis scutirostrum,MLP_multi_no_coords,random,False,0,0.008868407701337386,-135559.130529282,6650974.17840999
449,3587,Coeranoscincus reticulatus,MLP_multi_no_coords,random,False,0,0.06553478659837011,-135559.130529282,6650974.17840999
449,3588,Egernia mcpheei,MLP_multi_no_coords,random,False,0,0.004268434887603345,-135559.130529282,6650974.17840999
449,3589,Eulamprus murrayi,MLP_multi_no_coords,random,False,0,0.002904249402909,-135559.130529282,6650974.17840999
449,3590,Ophioscincus truncatus,MLP_multi_no_coords,random,False,1,0.30288710035058486,-135559.130529282,6650974.17840999
449,3591,Pseudechis porphyricaus,MLP_multi_no_coords,random,False,0,0.0168321210671158,-135559.130529282,6650974.17840999
449,3592,Saltuarius swaini,MLP_multi_no_coords,random,False,0,0.007679651033964232,-135559.130529282,6650974.17840999
450,3593,Cacophis kreftii,MLP_multi_no_coords,random,False,0,0.007188558016253153,-65340.5697630112,6654471.79599168
450,3594,Calyptotis scutirostrum,MLP_multi_no_coords,random,False,0,0.016326723918027992,-65340.5697630112,6654471.79599168
450,3595,Coeranoscincus reticulatus,MLP_multi_no_coords,random,False,0,0.029966184890816084,-65340.5697630112,6654471.79599168
450,3596,Egernia mcpheei,MLP_multi_no_coords,random,False,0,0.006619568733167852,-65340.5697630112,6654471.79599168
450,3597,Eulamprus murrayi,MLP_multi_no_coords,random,False,0,0.0018905683555767226,-65340.5697630112,6654471.79599168
450,3598,Ophioscincus truncatus,MLP_multi_no_coords,random,False,0,0.03228292201897778,-65340.5697630112,6654471.79599168
450,3599,Pseudechis porphyricaus,MLP_multi_no_coords,random,False,0,0.005487265174261735,-65340.5697630112,6654471.79599168
450,3600,Saltuarius swaini,MLP_multi_no_coords,random,False,0,0.006267495475577181,-65340.5697630112,6654471.79599168
458,3657,Cacophis kreftii,MLP_multi_no_coords,random,False,0,0.008212384534301148,-133451.630563193,6649077.13745528
458,3658,Calyptotis scutirostrum,MLP_multi_no_coords,random,False,0,0.006519929524130555,-133451.630563193,6649077.13745528
458,3659,Coeranoscincus reticulatus,MLP_multi_no_coords,random,False,0,0.04698704012660026,-133451.630563193,6649077.13745528
458,3660,Egernia mcpheei,MLP_multi_no_coords,random,False,0,0.003152952353678791,-133451.630563193,6649077.13745528
458,3661,Eulamprus murrayi,MLP_multi_no_coords,random,False,0,0.0026347682487049147,-133451.630563193,6649077.13745528
458,3662,Ophioscincus truncatus,MLP_multi_no_coords,random,False,0,0.22291168237832018,-133451.630563193,6649077.13745528
458,3663,Pseudechis porphyricaus,MLP_multi_no_coords,random,False,0,0.013102830955014398,-133451.630563193,6649077.13745528
458,3664,Saltuarius swaini,MLP_multi_no_coords,random,False,0,0.005346733914648534,-133451.630563193,6649077.13745528
461,3681,Cacophis kreftii,MLP_multi_no_coords,random,False,0,0.005884322821384161,-132111.524830825,6646522.10607269
461,3682,Calyptotis scutirostrum,MLP_multi_no_coords,random,False,0,0.004718097543126491,-132111.524830825,6646522.10607269
461,3683,Coeranoscincus reticulatus,MLP_multi_no_coords,random,False,0,0.022173670281686358,-132111.524830825,6646522.10607269
461,3684,Egernia mcpheei,MLP_multi_no_coords,random,False,0,0.0023345493367484056,-132111.524830825,6646522.10607269
461,3685,Eulamprus murrayi,MLP_multi_no_coords,random,False,0,0.002725234040578634,-132111.524830825,6646522.10607269
461,3686,Ophioscincus truncatus,MLP_multi_no_coords,random,False,0,0.09224761758964546,-132111.524830825,6646522.10607269
461,3687,Pseudechis porphyricaus,MLP_multi_no_coords,random,False,0,0.02193625400845941,-132111.524830825,6646522.10607269
461,3688,Saltuarius swaini,MLP_multi_no_coords,random,False,0,0.00412567737780475,-132111.524830825,6646522.10607269
462,3689,Cacophis kreftii,MLP_multi_no_coords,random,False,0,0.019081285545333955,-129873.482679348,6646037.61836241
462,3690,Calyptotis scutirostrum,MLP_multi_no_coords,random,False,0,0.013577481509324172,-129873.482679348,6646037.61836241
462,3691,Coeranoscincus reticulatus,MLP_multi_no_coords,random,False,0,0.12749945987366165,-129873.482679348,6646037.61836241
462,3692,Egernia mcpheei,MLP_multi_no_coords,random,False,0,0.006279883591160889,-129873.482679348,6646037.61836241
462,3693,Eulamprus murrayi,MLP_multi_no_coords,random,False,0,0.005253102016000457,-129873.482679348,6646037.61836241
462,3694,Ophioscincus truncatus,MLP_multi_no_coords,random,False,1,0.16435829790108356,-129873.482679348,6646037.61836241
462,3695,Pseudechis porphyricaus,MLP_multi_no_coords,random,False,0,0.07567090800114366,-129873.482679348,6646037.61836241
462,3696,Saltuarius swaini,MLP_multi_no_coords,random,False,0,0.009559613752600825,-129873.482679348,6646037.61836241
463,3697,Cacophis kreftii,MLP_multi_no_coords,random,False,0,0.025528884394293457,-130606.171632184,6644790.80822609
463,3698,Calyptotis scutirostrum,MLP_multi_no_coords,random,False,0,0.018199841078365083,-130606.171632184,6644790.80822609
463,3699,Coeranoscincus reticulatus,MLP_multi_no_coords,random,False,0,0.18159004963777975,-130606.171632184,6644790.80822609
463,3700,Egernia mcpheei,MLP_multi_no_coords,random,False,0,0.007650213279830384,-130606.171632184,6644790.80822609
463,3701,Eulamprus murrayi,MLP_multi_no_coords,random,False,0,0.006987771397016309,-130606.171632184,6644790.80822609
463,3702,Ophioscincus truncatus,MLP_multi_no_coords,random,False,0,0.1720858278133889,-130606.171632184,6644790.80822609
463,3703,Pseudechis porphyricaus,MLP_multi_no_coords,random,False,0,0.06637189093279751,-130606.171632184,6644790.80822609
463,3704,Saltuarius swaini,MLP_multi_no_coords,random,False,0,0.008682800127988185,-130606.171632184,6644790.80822609
464,3705,Cacophis kreftii,MLP_multi_no_coords,random,False,0,0.001690930406610716,-62036.5636510338,6645195.69882671
464,3706,Calyptotis scutirostrum,MLP_multi_no_coords,random,False,0,0.003840312852850658,-62036.5636510338,6645195.69882671
464,3707,Coeranoscincus reticulatus,MLP_multi_no_coords,random,False,0,0.0058721058972920044,-62036.5636510338,6645195.69882671
464,3708,Egernia mcpheei,MLP_multi_no_coords,random,False,0,0.0015671488078799743,-62036.5636510338,6645195.69882671
464,3709,Eulamprus murrayi,MLP_multi_no_coords,random,False,0,0.00047494894255643096,-62036.5636510338,6645195.69882671
464,3710,Ophioscincus truncatus,MLP_multi_no_coords,random,False,0,0.005238303560159814,-62036.5636510338,6645195.69882671
464,3711,Pseudechis porphyricaus,MLP_multi_no_coords,random,False,0,0.0025271037480093616,-62036.5636510338,6645195.69882671
464,3712,Saltuarius swaini,MLP_multi_no_coords,random,False,0,0.0020751866765174793,-62036.5636510338,6645195.69882671
475,3793,Cacophis kreftii,MLP_multi_no_coords,random,False,0,0.01567415487253845,-103178.812815837,6605812.65044331
475,3794,Calyptotis scutirostrum,MLP_multi_no_coords,random,False,0,0.09469228249623862,-103178.812815837,6605812.65044331
475,3795,Coeranoscincus reticulatus,MLP_multi_no_coords,random,False,0,0.1309697375888673,-103178.812815837,6605812.65044331
475,3796,Egernia mcpheei,MLP_multi_no_coords,random,False,0,0.015925809926730154,-103178.812815837,6605812.65044331
475,3797,Eulamprus murrayi,MLP_multi_no_coords,random,False,1,0.004297047691461557,-103178.812815837,6605812.65044331
475,3798,Ophioscincus truncatus,MLP_multi_no_coords,random,False,0,0.06253645624383022,-103178.812815837,6605812.65044331
475,3799,Pseudechis porphyricaus,MLP_multi_no_coords,random,False,0,0.007992047154802163,-103178.812815837,6605812.65044331
475,3800,Saltuarius swaini,MLP_multi_no_coords,random,False,0,0.008721258942952692,-103178.812815837,6605812.65044331
480,3833,Cacophis kreftii,MLP_multi_no_coords,random,False,0,0.021762711518814825,-139787.964672713,6601638.98677139
480,3834,Calyptotis scutirostrum,MLP_multi_no_coords,random,False,0,0.01967801950126174,-139787.964672713,6601638.98677139
480,3835,Coeranoscincus reticulatus,MLP_multi_no_coords,random,False,0,0.13500180307517315,-139787.964672713,6601638.98677139
480,3836,Egernia mcpheei,MLP_multi_no_coords,random,False,0,0.006382528872584062,-139787.964672713,6601638.98677139
480,3837,Eulamprus murrayi,MLP_multi_no_coords,random,False,0,0.003934609255707608,-139787.964672713,6601638.98677139
480,3838,Ophioscincus truncatus,MLP_multi_no_coords,random,False,0,0.38873844642522726,-139787.964672713,6601638.98677139
480,3839,Pseudechis porphyricaus,MLP_multi_no_coords,random,False,0,0.024909330531008442,-139787.964672713,6601638.98677139
480,3840,Saltuarius swaini,MLP_multi_no_coords,random,False,0,0.011199119832840256,-139787.964672713,6601638.98677139
481,3841,Cacophis kreftii,MLP_multi_no_coords,random,False,0,0.014243387053567756,-140574.776964781,6601391.4036645
481,3842,Calyptotis scutirostrum,MLP_multi_no_coords,random,False,0,0.010206541835582564,-140574.776964781,6601391.4036645
481,3843,Coeranoscincus reticulatus,MLP_multi_no_coords,random,False,0,0.08699216593193762,-140574.776964781,6601391.4036645
481,3844,Egernia mcpheei,MLP_multi_no_coords,random,False,0,0.004894741851347874,-140574.776964781,6601391.4036645
481,3845,Eulamprus murrayi,MLP_multi_no_coords,random,False,0,0.0042474959700245975,-140574.776964781,6601391.4036645
481,3846,Ophioscincus truncatus,MLP_multi_no_coords,random,False,0,0.2117656526527517,-140574.776964781,6601391.4036645
481,3847,Pseudechis porphyricaus,MLP_multi_no_coords,random,False,0,0.05648080195157052,-140574.776964781,6601391.4036645
481,3848,Saltuarius swaini,MLP_multi_no_coords,random,False,0,0.008566455317209105,-140574.776964781,6601391.4036645
488,3897,Cacophis kreftii,MLP_multi_no_coords,random,False,0,0.011995865921955944,-141193.546516212,6594113.16970331
488,3898,Calyptotis scutirostrum,MLP_multi_no_coords,random,False,0,0.008651859399980302,-141193.546516212,6594113.16970331
488,3899,Coeranoscincus reticulatus,MLP_multi_no_coords,random,False,0,0.06243169055912855,-141193.546516212,6594113.16970331
488,3900,Egernia mcpheei,MLP_multi_no_coords,random,False,0,0.004273359717188188,-141193.546516212,6594113.16970331
488,3901,Eulamprus murrayi,MLP_multi_no_coords,random,False,0,0.0033795476811970815,-141193.546516212,6594113.16970331
488,3902,Ophioscincus truncatus,MLP_multi_no_coords,random,False,1,0.22152465763037824,-141193.546516212,6594113.16970331
488,3903,Pseudechis porphyricaus,MLP_multi_no_coords,random,False,0,0.03797466126377302,-141193.546516212,6594113.16970331
488,3904,Saltuarius swaini,MLP_multi_no_coords,random,False,0,0.007064431019212093,-141193.546516212,6594113.16970331
490,3913,Cacophis kreftii,MLP_multi_no_coords,random,False,0,0.00750616664041036,-140157.01004317,6593561.29260029
490,3914,Calyptotis scutirostrum,MLP_multi_no_coords,random,False,0,0.0060204516573012165,-140157.01004317,6593561.29260029
490,3915,Coeranoscincus reticulatus,MLP_multi_no_coords,random,False,0,0.023999952371654355,-140157.01004317,6593561.29260029
490,3916,Egernia mcpheei,MLP_multi_no_coords,random,False,0,0.002962658845844345,-140157.01004317,6593561.29260029
490,3917,Eulamprus murrayi,MLP_multi_no_coords,random,False,0,0.0026708306597022485,-140157.01004317,6593561.29260029
490,3918,Ophioscincus truncatus,MLP_multi_no_coords,random,False,1,0.14460187538586897,-140157.01004317,6593561.29260029
490,3919,Pseudechis porphyricaus,MLP_multi_no_coords,random,False,0,0.021488841835319395,-140157.01004317,6593561.29260029
490,3920,Saltuarius swaini,MLP_multi_no_coords,random,False,0,0.004960737587356102,-140157.01004317,6593561.29260029
494,3945,Cacophis kreftii,MLP_multi_no_coords,random,False,0,0.00905942781712558,-160099.441241579,6571357.13800851
494,3946,Calyptotis scutirostrum,MLP_multi_no_coords,random,False,0,0.014637708961162767,-160099.441241579,6571357.13800851
494,3947,Coeranoscincus reticulatus,MLP_multi_no_coords,random,False,0,0.2715942114499218,-160099.441241579,6571357.13800851
494,3948,Egernia mcpheei,MLP_multi_no_coords,random,False,0,0.005928743948056913,-160099.441241579,6571357.13800851
494,3949,Eulamprus murrayi,MLP_multi_no_coords,random,False,0,0.004319885363009449,-160099.441241579,6571357.13800851
494,3950,Ophioscincus truncatus,MLP_multi_no_coords,random,False,0,0.013245686123803821,-160099.441241579,6571357.13800851
494,3951,Pseudechis porphyricaus,MLP_multi_no_coords,random,False,0,0.011374959624909718,-160099.441241579,6571357.13800851
494,3952,Saltuarius swaini,MLP_multi_no_coords,random,False,0,0.0031298220605832944,-160099.441241579,6571357.13800851
499,3985,Cacophis kreftii,MLP_multi_no_coords,random,False,0,0.009624116451858294,-166874.918971174,6569986.45729551
499,3986,Calyptotis scutirostrum,MLP_multi_no_coords,random,False,0,0.007866915591535234,-166874.918971174,6569986.45729551
499,3987,Coeranoscincus reticulatus,MLP_multi_no_coords,random,False,0,0.06657922708121673,-166874.918971174,6569986.45729551
499,3988,Egernia mcpheei,MLP_multi_no_coords,random,False,0,0.003682827021491357,-166874.918971174,6569986.45729551
499,3989,Eulamprus murrayi,MLP_multi_no_coords,random,False,0,0.0037655562193979735,-166874.918971174,6569986.45729551
499,3990,Ophioscincus truncatus,MLP_multi_no_coords,random,False,0,0.24100865069515165,-166874.918971174,6569986.45729551
499,3991,Pseudechis porphyricaus,MLP_multi_no_coords,random,False,0,0.014876580681451831,-166874.918971174,6569986.45729551
499,3992,Saltuarius swaini,MLP_multi_no_coords,random,False,0,0.005488393657482599,-166874.918971174,6569986.45729551
507,4049,Cacophis kreftii,MLP_multi_no_coords,random,False,0,0.012504250746677032,-144741.332783447,6566549.73714478
507,4050,Calyptotis scutirostrum,MLP_multi_no_coords,random,False,0,0.009170470573243583,-144741.332783447,6566549.73714478
507,4051,Coeranoscincus reticulatus,MLP_multi_no_coords,random,False,0,0.05494530558523136,-144741.332783447,6566549.73714478
507,4052,Egernia mcpheei,MLP_multi_no_coords,random,False,0,0.00426295958943566,-144741.332783447,6566549.73714478
507,4053,Eulamprus murrayi,MLP_multi_no_coords,random,False,0,0.0033306437701453575,-144741.332783447,6566549.73714478
507,4054,Ophioscincus truncatus,MLP_multi_no_coords,random,False,0,0.2545307568532035,-144741.332783447,6566549.73714478
507,4055,Pseudechis porphyricaus,MLP_multi_no_coords,random,False,0,0.02642667341437678,-144741.332783447,6566549.73714478
507,4056,Saltuarius swaini,MLP_multi_no_coords,random,False,0,0.00738474201507649,-144741.332783447,6566549.73714478
508,4057,Cacophis kreftii,MLP_multi_no_coords,random,False,0,0.0078896083210631,-162480.687351114,6563171.45187532
508,4058,Calyptotis scutirostrum,MLP_multi_no_coords,random,False,0,0.009370965931312696,-162480.687351114,6563171.45187532
508,4059,Coeranoscincus reticulatus,MLP_multi_no_coords,random,False,0,0.07744751420931571,-162480.687351114,6563171.45187532
508,4060,Egernia mcpheei,MLP_multi_no_coords,random,False,0,0.004364012928396286,-162480.687351114,6563171.45187532
508,4061,Eulamprus murrayi,MLP_multi_no_coords,random,False,0,0.003075181443676463,-162480.687351114,6563171.45187532
508,4062,Ophioscincus truncatus,MLP_multi_no_coords,random,False,0,0.10320030420668638,-162480.687351114,6563171.45187532
508,4063,Pseudechis porphyricaus,MLP_multi_no_coords,random,False,0,0.0070141030958210384,-162480.687351114,6563171.45187532
508,4064,Saltuarius swaini,MLP_multi_no_coords,random,False,0,0.002355382702862512,-162480.687351114,6563171.45187532
510,4073,Cacophis kreftii,MLP_multi_no_coords,random,False,0,0.007930939672465982,-146201.750488105,6563648.83716664
510,4074,Calyptotis scutirostrum,MLP_multi_no_coords,random,False,0,0.006480861251629381,-146201.750488105,6563648.83716664
510,4075,Coeranoscincus reticulatus,MLP_multi_no_coords,random,False,0,0.033955944484757895,-146201.750488105,6563648.83716664
510,4076,Egernia mcpheei,MLP_multi_no_coords,random,False,0,0.0030317052797354245,-146201.750488105,6563648.83716664
510,4077,Eulamprus murrayi,MLP_multi_no_coords,random,False,0,0.002569781953373591,-146201.750488105,6563648.83716664
510,4078,Ophioscincus truncatus,MLP_multi_no_coords,random,False,0,0.22419158145744036,-146201.750488105,6563648.83716664
510,4079,Pseudechis porphyricaus,MLP_multi_no_coords,random,False,0,0.01222016388607403,-146201.750488105,6563648.83716664
510,4080,Saltuarius swaini,MLP_multi_no_coords,random,False,0,0.004640608415144137,-146201.750488105,6563648.83716664
514,4105,Cacophis kreftii,MLP_multi_no_coords,random,False,0,0.009376341217325938,-146089.648133388,6561646.84538545
514,4106,Calyptotis scutirostrum,MLP_multi_no_coords,random,False,0,0.007664029836743639,-146089.648133388,6561646.84538545
514,4107,Coeranoscincus reticulatus,MLP_multi_no_coords,random,False,0,0.04544885079151553,-146089.648133388,6561646.84538545
514,4108,Egernia mcpheei,MLP_multi_no_coords,random,False,0,0.003587457668295691,-146089.648133388,6561646.84538545
514,4109,Eulamprus murrayi,MLP_multi_no_coords,random,False,0,0.002548374920951908,-146089.648133388,6561646.84538545
514,4110,Ophioscincus truncatus,MLP_multi_no_coords,random,False,0,0.2684984654795104,-146089.648133388,6561646.84538545
514,4111,Pseudechis porphyricaus,MLP_multi_no_coords,random,False,0,0.012719380167394028,-146089.648133388,6561646.84538545
514,4112,Saltuarius swaini,MLP_multi_no_coords,random,False,0,0.005776291680884304,-146089.648133388,6561646.84538545
525,4193,Cacophis kreftii,MLP_multi_no_coords,random,False,0,0.014788465562827742,-118770.04691586,6551450.02671343
525,4194,Calyptotis scutirostrum,MLP_multi_no_coords,random,False,0,0.054813447861195165,-118770.04691586,6551450.02671343
525,4195,Coeranoscincus reticulatus,MLP_multi_no_coords,random,False,0,0.239810183428434,-118770.04691586,6551450.02671343
525,4196,Egernia mcpheei,MLP_multi_no_coords,random,False,0,0.015371054079426258,-118770.04691586,6551450.02671343
525,4197,Eulamprus murrayi,MLP_multi_no_coords,random,False,0,0.004167629829050544,-118770.04691586,6551450.02671343
525,4198,Ophioscincus truncatus,MLP_multi_no_coords,random,False,0,0.023271316619681216,-118770.04691586,6551450.02671343
525,4199,Pseudechis porphyricaus,MLP_multi_no_coords,random,False,0,0.009346592528745467,-118770.04691586,6551450.02671343
525,4200,Saltuarius swaini,MLP_multi_no_coords,random,False,0,0.0070493958509294215,-118770.04691586,6551450.02671343
531,4241,Cacophis kreftii,MLP_multi_no_coords,random,False,0,0.010927622238250797,-83551.8721662688,6536463.55059073
531,4242,Calyptotis scutirostrum,MLP_multi_no_coords,random,False,0,0.030145981869838814,-83551.8721662688,6536463.55059073
531,4243,Coeranoscincus reticulatus,MLP_multi_no_coords,random,False,0,0.07170011765054964,-83551.8721662688,6536463.55059073
531,4244,Egernia mcpheei,MLP_multi_no_coords,random,False,0,0.009390471733952096,-83551.8721662688,6536463.55059073
531,4245,Eulamprus murrayi,MLP_multi_no_coords,random,False,0,0.002682561764186219,-83551.8721662688,6536463.55059073
531,4246,Ophioscincus truncatus,MLP_multi_no_coords,random,False,0,0.04044119251688894,-83551.8721662688,6536463.55059073
531,4247,Pseudechis porphyricaus,MLP_multi_no_coords,random,False,0,0.00689526578071386,-83551.8721662688,6536463.55059073
531,4248,Saltuarius swaini,MLP_multi_no_coords,random,False,0,0.006093742080435434,-83551.8721662688,6536463.55059073
533,4257,Cacophis kreftii,MLP_multi_no_coords,random,False,0,0.006877245835240272,-128644.80040642,6533196.04348179
533,4258,Calyptotis scutirostrum,MLP_multi_no_coords,random,False,0,0.011454155049209281,-128644.80040642,6533196.04348179
533,4259,Coeranoscincus reticulatus,MLP_multi_no_coords,random,False,0,0.013999573503377882,-128644.80040642,6533196.04348179
533,4260,Egernia mcpheei,MLP_multi_no_coords,random,False,0,0.002297115329542016,-128644.80040642,6533196.04348179
533,4261,Eulamprus murrayi,MLP_multi_no_coords,random,False,0,0.0017630214660745277,-128644.80040642,6533196.04348179
533,4262,Ophioscincus truncatus,MLP_multi_no_coords,random,False,0,0.2598155401647855,-128644.80040642,6533196.04348179
533,4263,Pseudechis porphyricaus,MLP_multi_no_coords,random,False,0,0.01673738691965359,-128644.80040642,6533196.04348179
533,4264,Saltuarius swaini,MLP_multi_no_coords,random,False,0,0.00432548569404867,-128644.80040642,6533196.04348179
537,4289,Cacophis kreftii,MLP_multi_no_coords,random,False,0,0.03683035606754346,-133101.696097477,6529938.31197594
537,4290,Calyptotis scutirostrum,MLP_multi_no_coords,random,False,0,0.037270842217807056,-133101.696097477,6529938.31197594
537,4291,Coeranoscincus reticulatus,MLP_multi_no_coords,random,False,0,0.10991730999099288,-133101.696097477,6529938.31197594
537,4292,Egernia mcpheei,MLP_multi_no_coords,random,False,0,0.0072867851739563776,-133101.696097477,6529938.31197594
537,4293,Eulamprus murrayi,MLP_multi_no_coords,random,False,0,0.005251864024245354,-133101.696097477,6529938.31197594
537,4294,Ophioscincus truncatus,MLP_multi_no_coords,random,False,1,0.44569791461182234,-133101.696097477,6529938.31197594
537,4295,Pseudechis porphyricaus,MLP_multi_no_coords,random,False,0,0.08374024884146847,-133101.696097477,6529938.31197594
537,4296,Saltuarius swaini,MLP_multi_no_coords,random,False,0,0.013895583489449841,-133101.696097477,6529938.31197594
545,4353,Cacophis kreftii,MLP_multi_no_coords,random,False,0,0.026503273916118664,-114087.089464681,6528156.09858245
545,4354,Calyptotis scutirostrum,MLP_multi_no_coords,random,False,0,0.1161423642727062,-114087.089464681,6528156.09858245
545,4355,Coeranoscincus reticulatus,MLP_multi_no_coords,random,False,0,0.2628586138254612,-114087.089464681,6528156.09858245
545,4356,Egernia mcpheei,MLP_multi_no_coords,random,False,0,0.022023688044932984,-114087.089464681,6528156.09858245
545,4357,Eulamprus murrayi,MLP_multi_no_coords,random,False,0,0.006201845673727646,-114087.089464681,6528156.09858245
545,4358,Ophioscincus truncatus,MLP_multi_no_coords,random,False,0,0.08498653406760255,-114087.089464681,6528156.09858245
545,4359,Pseudechis porphyricaus,MLP_multi_no_coords,random,False,0,0.010563311004597944,-114087.089464681,6528156.09858245
545,4360,Saltuarius swaini,MLP_multi_no_coords,random,False,0,0.009044760878240474,-114087.089464681,6528156.09858245
558,4457,Cacophis kreftii,MLP_multi_no_coords,random,False,0,0.001033167671413649,-204344.653545143,6507116.16956193
558,4458,Calyptotis scutirostrum,MLP_multi_no_coords,random,False,0,0.0008056863453086725,-204344.653545143,6507116.16956193
558,4459,Coeranoscincus reticulatus,MLP_multi_no_coords,random,False,0,0.0017763080154288096,-204344.653545143,6507116.16956193
558,4460,Egernia mcpheei,MLP_multi_no_coords,random,False,0,0.0004222067461411737,-204344.653545143,6507116.16956193
558,4461,Eulamprus murrayi,MLP_multi_no_coords,random,False,0,0.0004038102213488884,-204344.653545143,6507116.16956193
558,4462,Ophioscincus truncatus,MLP_multi_no_coords,random,False,0,0.008425471526550665,-204344.653545143,6507116.16956193
558,4463,Pseudechis porphyricaus,MLP_multi_no_coords,random,False,0,0.0013072287461944364,-204344.653545143,6507116.16956193
558,4464,Saltuarius swaini,MLP_multi_no_coords,random,False,0,0.0005411712902333664,-204344.653545143,6507116.16956193
567,4529,Cacophis kreftii,MLP_multi_no_coords,random,False,0,0.03194145120603178,-146716.822931648,6491951.21913417
567,4530,Calyptotis scutirostrum,MLP_multi_no_coords,random,False,0,0.023886934628502485,-146716.822931648,6491951.21913417
567,4531,Coeranoscincus reticulatus,MLP_multi_no_coords,random,False,0,0.2756407037612176,-146716.822931648,6491951.21913417
567,4532,Egernia mcpheei,MLP_multi_no_coords,random,False,0,0.008510562888031257,-146716.822931648,6491951.21913417
567,4533,Eulamprus murrayi,MLP_multi_no_coords,random,False,0,0.00752363547063113,-146716.822931648,6491951.21913417
567,4534,Ophioscincus truncatus,MLP_multi_no_coords,random,False,0,0.3323073223617733,-146716.822931648,6491951.21913417
567,4535,Pseudechis porphyricaus,MLP_multi_no_coords,random,False,1,0.059210957284439,-146716.822931648,6491951.21913417
567,4536,Saltuarius swaini,MLP_multi_no_coords,random,False,1,0.01221513074958287,-146716.822931648,6491951.21913417
572,4569,Cacophis kreftii,MLP_multi_no_coords,random,False,0,0.06467155414708071,-141525.12346321,6489014.81167942
572,4570,Calyptotis scutirostrum,MLP_multi_no_coords,random,False,0,0.048779530772846864,-141525.12346321,6489014.81167942
572,4571,Coeranoscincus reticulatus,MLP_multi_no_coords,random,False,0,0.5014942120119169,-141525.12346321,6489014.81167942
572,4572,Egernia mcpheei,MLP_multi_no_coords,random,False,0,0.01443850998222279,-141525.12346321,6489014.81167942
572,4573,Eulamprus murrayi,MLP_multi_no_coords,random,False,0,0.009959877645482918,-141525.12346321,6489014.81167942
572,4574,Ophioscincus truncatus,MLP_multi_no_coords,random,False,1,0.29505867437937705,-141525.12346321,6489014.81167942
572,4575,Pseudechis porphyricaus,MLP_multi_no_coords,random,False,0,0.06956599743270152,-141525.12346321,6489014.81167942
572,4576,Saltuarius swaini,MLP_multi_no_coords,random,False,0,0.01990237482882577,-141525.12346321,6489014.81167942
576,4601,Cacophis kreftii,MLP_multi_no_coords,random,False,0,0.008030096408204419,-206813.275853676,6482403.27464338
576,4602,Calyptotis scutirostrum,MLP_multi_no_coords,random,False,0,0.006395884958989854,-206813.275853676,6482403.27464338
576,4603,Coeranoscincus reticulatus,MLP_multi_no_coords,random,False,0,0.04047150000983481,-206813.275853676,6482403.27464338
576,4604,Egernia mcpheei,MLP_multi_no_coords,random,False,0,0.0033244555372881216,-206813.275853676,6482403.27464338
576,4605,Eulamprus murrayi,MLP_multi_no_coords,random,False,0,0.0038801558512326574,-206813.275853676,6482403.27464338
576,4606,Ophioscincus truncatus,MLP_multi_no_coords,random,False,0,0.10331810261745192,-206813.275853676,6482403.27464338
576,4607,Pseudechis porphyricaus,MLP_multi_no_coords,random,False,0,0.020703494283208432,-206813.275853676,6482403.27464338
576,4608,Saltuarius swaini,MLP_multi_no_coords,random,False,0,0.003815128061987495,-206813.275853676,6482403.27464338
579,4625,Cacophis kreftii,MLP_multi_no_coords,random,False,0,0.0014909209818610544,-242916.649698275,6475563.53924511
579,4626,Calyptotis scutirostrum,MLP_multi_no_coords,random,False,0,0.00121585495346251,-242916.649698275,6475563.53924511
579,4627,Coeranoscincus reticulatus,MLP_multi_no_coords,random,False,0,0.002690427423260572,-242916.649698275,6475563.53924511
579,4628,Egernia mcpheei,MLP_multi_no_coords,random,False,0,0.0005916436796407021,-242916.649698275,6475563.53924511
579,4629,Eulamprus murrayi,MLP_multi_no_coords,random,False,0,0.000804455560664291,-242916.649698275,6475563.53924511
579,4630,Ophioscincus truncatus,MLP_multi_no_coords,random,False,0,0.01075375390344494,-242916.649698275,6475563.53924511
579,4631,Pseudechis porphyricaus,MLP_multi_no_coords,random,False,0,0.002828608078402712,-242916.649698275,6475563.53924511
579,4632,Saltuarius swaini,MLP_multi_no_coords,random,False,0,0.0007182898096462489,-242916.649698275,6475563.53924511
585,4673,Cacophis kreftii,MLP_multi_no_coords,random,False,0,0.07053715184876956,-127313.378797034,6479531.06572796
585,4674,Calyptotis scutirostrum,MLP_multi_no_coords,random,False,0,0.1001957194333415,-127313.378797034,6479531.06572796
585,4675,Coeranoscincus reticulatus,MLP_multi_no_coords,random,False,0,0.24175496626186352,-127313.378797034,6479531.06572796
585,4676,Egernia mcpheei,MLP_multi_no_coords,random,False,0,0.012740443886016119,-127313.378797034,6479531.06572796
585,4677,Eulamprus murrayi,MLP_multi_no_coords,random,False,0,0.0074448893151446245,-127313.378797034,6479531.06572796
585,4678,Ophioscincus truncatus,MLP_multi_no_coords,random,False,0,0.45137857440678414,-127313.378797034,6479531.06572796
585,4679,Pseudechis porphyricaus,MLP_multi_no_coords,random,False,0,0.07634053623010746,-127313.378797034,6479531.06572796
585,4680,Saltuarius swaini,MLP_multi_no_coords,random,False,0,0.02613260798361578,-127313.378797034,6479531.06572796
599,4785,Cacophis kreftii,MLP_multi_no_coords,random,False,0,0.0008758497548230456,-212146.883673553,6444013.91646962
599,4786,Calyptotis scutirostrum,MLP_multi_no_coords,random,False,0,0.0007141795352154018,-212146.883673553,6444013.91646962
599,4787,Coeranoscincus reticulatus,MLP_multi_no_coords,random,False,0,0.0015812900998129224,-212146.883673553,6444013.91646962
599,4788,Egernia mcpheei,MLP_multi_no_coords,random,False,0,0.0003474352550322782,-212146.883673553,6444013.91646962
599,4789,Eulamprus murrayi,MLP_multi_no_coords,random,False,0,0.00047244786070665387,-212146.883673553,6444013.91646962
599,4790,Ophioscincus truncatus,MLP_multi_no_coords,random,False,0,0.006341762120654191,-212146.883673553,6444013.91646962
599,4791,Pseudechis porphyricaus,MLP_multi_no_coords,random,False,0,0.0016626003034610616,-212146.883673553,6444013.91646962
599,4792,Saltuarius swaini,MLP_multi_no_coords,random,False,0,0.0004218286543937371,-212146.883673553,6444013.91646962
602,4809,Cacophis kreftii,MLP_multi_no_coords,random,False,0,0.0038532072221058073,-223808.84244951,6439938.38190837
602,4810,Calyptotis scutirostrum,MLP_multi_no_coords,random,False,0,0.003143685623596995,-223808.84244951,6439938.38190837
602,4811,Coeranoscincus reticulatus,MLP_multi_no_coords,random,False,0,0.006940059161282026,-223808.84244951,6439938.38190837
602,4812,Egernia mcpheei,MLP_multi_no_coords,random,False,0,0.0015312571967345822,-223808.84244951,6439938.38190837
602,4813,Eulamprus murrayi,MLP_multi_no_coords,random,False,0,0.0020813404688665577,-223808.84244951,6439938.38190837
602,4814,Ophioscincus truncatus,MLP_multi_no_coords,random,False,0,0.042698077741038586,-223808.84244951,6439938.38190837
602,4815,Pseudechis porphyricaus,MLP_multi_no_coords,random,False,0,0.0040099203031039084,-223808.84244951,6439938.38190837
602,4816,Saltuarius swaini,MLP_multi_no_coords,random,False,0,0.001126118372127355,-223808.84244951,6439938.38190837
606,4841,Cacophis kreftii,MLP_multi_no_coords,random,False,0,0.02144335866980636,-122961.147064838,6444559.2200686
606,4842,Calyptotis scutirostrum,MLP_multi_no_coords,random,False,0,0.048485619713742135,-122961.147064838,6444559.2200686
606,4843,Coeranoscincus reticulatus,MLP_multi_no_coords,random,False,0,0.344254579281172,-122961.147064838,6444559.2200686
606,4844,Egernia mcpheei,MLP_multi_no_coords,random,False,0,0.027936442174877618,-122961.147064838,6444559.2200686
606,4845,Eulamprus murrayi,MLP_multi_no_coords,random,False,0,0.005182664148819358,-122961.147064838,6444559.2200686
606,4846,Ophioscincus truncatus,MLP_multi_no_coords,random,False,0,0.05723412513127061,-122961.147064838,6444559.2200686
606,4847,Pseudechis porphyricaus,MLP_multi_no_coords,random,False,0,0.011171070119247447,-122961.147064838,6444559.2200686
606,4848,Saltuarius swaini,MLP_multi_no_coords,random,False,0,0.011521841313253667,-122961.147064838,6444559.2200686
624,4985,Cacophis kreftii,MLP_multi_no_coords,random,False,0,0.020432450580670468,-212517.326831474,6418204.13745066
624,4986,Calyptotis scutirostrum,MLP_multi_no_coords,random,False,0,0.01626672548360017,-212517.326831474,6418204.13745066
624,4987,Coeranoscincus reticulatus,MLP_multi_no_coords,random,False,0,0.07367878884905689,-212517.326831474,6418204.13745066
624,4988,Egernia mcpheei,MLP_multi_no_coords,random,False,0,0.005870206689319417,-212517.326831474,6418204.13745066
624,4989,Eulamprus murrayi,MLP_multi_no_coords,random,False,0,0.004389939171780553,-212517.326831474,6418204.13745066
624,4990,Ophioscincus truncatus,MLP_multi_no_coords,random,False,0,0.3818831346288359,-212517.326831474,6418204.13745066
624,4991,Pseudechis porphyricaus,MLP_multi_no_coords,random,False,0,0.03342002468444793,-212517.326831474,6418204.13745066
624,4992,Saltuarius swaini,MLP_multi_no_coords,random,False,0,0.008972641032520413,-212517.326831474,6418204.13745066
628,5017,Cacophis kreftii,MLP_multi_no_coords,random,False,0,0.04614057724899671,-205426.35557409,6417594.67751035
628,5018,Calyptotis scutirostrum,MLP_multi_no_coords,random,False,0,0.10289821502746009,-205426.35557409,6417594.67751035
628,5019,Coeranoscincus reticulatus,MLP_multi_no_coords,random,False,0,0.14774980067655516,-205426.35557409,6417594.67751035
628,5020,Egernia mcpheei,MLP_multi_no_coords,random,False,0,0.027157516434495595,-205426.35557409,6417594.67751035
628,5021,Eulamprus murrayi,MLP_multi_no_coords,random,False,0,0.007228072985865097,-205426.35557409,6417594.67751035
628,5022,Ophioscincus truncatus,MLP_multi_no_coords,random,False,0,0.38180344031052094,-205426.35557409,6417594.67751035
628,5023,Pseudechis porphyricaus,MLP_multi_no_coords,random,False,0,0.019891254043531523,-205426.35557409,6417594.67751035
628,5024,Saltuarius swaini,MLP_multi_no_coords,random,False,0,0.032143036799224894,-205426.35557409,6417594.67751035
630,5033,Cacophis kreftii,MLP_multi_no_coords,random,False,0,0.07639759607141143,-211613.384340048,6416445.23828686
630,5034,Calyptotis scutirostrum,MLP_multi_no_coords,random,False,0,0.05577434067291675,-211613.384340048,6416445.23828686
630,5035,Coeranoscincus reticulatus,MLP_multi_no_coords,random,False,0,0.18512419734752794,-211613.384340048,6416445.23828686
630,5036,Egernia mcpheei,MLP_multi_no_coords,random,False,0,0.023762479506883857,-211613.384340048,6416445.23828686
630,5037,Eulamprus murrayi,MLP_multi_no_coords,random,False,0,0.009055971956691626,-211613.384340048,6416445.23828686
630,5038,Ophioscincus truncatus,MLP_multi_no_coords,random,False,0,0.5133745789125281,-211613.384340048,6416445.23828686
630,5039,Pseudechis porphyricaus,MLP_multi_no_coords,random,False,0,0.03044822616780122,-211613.384340048,6416445.23828686
630,5040,Saltuarius swaini,MLP_multi_no_coords,random,False,0,0.025055750567098276,-211613.384340048,6416445.23828686
639,5105,Cacophis kreftii,MLP_multi_no_coords,random,False,0,0.012547896002024866,-162684.694435925,6370448.58724721
639,5106,Calyptotis scutirostrum,MLP_multi_no_coords,random,False,0,0.061135675988498527,-162684.694435925,6370448.58724721
639,5107,Coeranoscincus reticulatus,MLP_multi_no_coords,random,False,0,0.29899722523269023,-162684.694435925,6370448.58724721
639,5108,Egernia mcpheei,MLP_multi_no_coords,random,False,0,0.014390575542113279,-162684.694435925,6370448.58724721
639,5109,Eulamprus murrayi,MLP_multi_no_coords,random,False,0,0.00352543024715657,-162684.694435925,6370448.58724721
639,5110,Ophioscincus truncatus,MLP_multi_no_coords,random,False,0,0.03153864256495841,-162684.694435925,6370448.58724721
639,5111,Pseudechis porphyricaus,MLP_multi_no_coords,random,False,0,0.009031970840538781,-162684.694435925,6370448.58724721
639,5112,Saltuarius swaini,MLP_multi_no_coords,random,False,0,0.006082678974990561,-162684.694435925,6370448.58724721
640,5113,Cacophis kreftii,MLP_multi_no_coords,random,False,0,0.01665356919314775,-176653.554553042,6368244.44348734
640,5114,Calyptotis scutirostrum,MLP_multi_no_coords,random,False,0,0.0913225672083056,-176653.554553042,6368244.44348734
640,5115,Coeranoscincus reticulatus,MLP_multi_no_coords,random,False,0,0.4056381046746776,-176653.554553042,6368244.44348734
640,5116,Egernia mcpheei,MLP_multi_no_coords,random,False,0,0.016299900143453633,-176653.554553042,6368244.44348734
640,5117,Eulamprus murrayi,MLP_multi_no_coords,random,False,0,0.005780146985939538,-176653.554553042,6368244.44348734
640,5118,Ophioscincus truncatus,MLP_multi_no_coords,random,False,0,0.035782546935553265,-176653.554553042,6368244.44348734
640,5119,Pseudechis porphyricaus,MLP_multi_no_coords,random,False,0,0.014674749190004034,-176653.554553042,6368244.44348734
640,5120,Saltuarius swaini,MLP_multi_no_coords,random,False,0,0.00783705576509029,-176653.554553042,6368244.44348734
