plot,id,species,model,split_type,use_coords,y_true,y_prob,easting,northing
106,841,Cacophis kreftii,MLP_multi_with_coords,spatial,True,1,0.1118552945742404,-147293.925634327,6831915.7941736
106,842,Calyptotis scutirostrum,MLP_multi_with_coords,spatial,True,1,0.6452446439230041,-147293.925634327,6831915.7941736
106,843,Coeranoscincus reticulatus,MLP_multi_with_coords,spatial,True,1,0.42511268012400405,-147293.925634327,6831915.7941736
106,844,Egernia mcpheei,MLP_multi_with_coords,spatial,True,0,0.08476331936253514,-147293.925634327,6831915.7941736
106,845,Eulamprus murrayi,MLP_multi_with_coords,spatial,True,0,0.020894346894368046,-147293.925634327,6831915.7941736
106,846,Ophioscincus truncatus,MLP_multi_with_coords,spatial,True,0,0.13852816377103103,-147293.925634327,6831915.7941736
106,847,Pseudechis porphyricaus,MLP_multi_with_coords,spatial,True,0,0.009369265631145172,-147293.925634327,6831915.7941736
106,848,Saltuarius swaini,MLP_multi_with_coords,spatial,True,0,0.006545344675571281,-147293.925634327,6831915.7941736
111,881,Cacophis kreftii,MLP_multi_with_coords,spatial,True,0,0.09034793919610778,-146869.047423431,6831537.755626
111,882,Calyptotis scutirostrum,MLP_multi_with_coords,spatial,True,1,0.5524401478908592,-146869.047423431,6831537.755626
111,883,Coeranoscincus reticulatus,MLP_multi_with_coords,spatial,True,0,0.36835390245628724,-146869.047423431,6831537.755626
111,884,Egernia mcpheei,MLP_multi_with_coords,spatial,True,1,0.07374734406505376,-146869.047423431,6831537.755626
111,885,Eulamprus murrayi,MLP_multi_with_coords,spatial,True,0,0.01675245550777265,-146869.047423431,6831537.755626
111,886,Ophioscincus truncatus,MLP_multi_with_coords,spatial,True,0,0.08969056365177307,-146869.047423431,6831537.755626
111,887,Pseudechis porphyricaus,MLP_multi_with_coords,spatial,True,0,0.0074034922383941805,-146869.047423431,6831537.755626
111,888,Saltuarius swaini,MLP_multi_with_coords,spatial,True,0,0.005168968957036122,-146869.047423431,6831537.755626
122,969,Cacophis kreftii,MLP_multi_with_coords,spatial,True,0,0.14944786005929678,-121930.447488692,6831783.7962185
122,970,Calyptotis scutirostrum,MLP_multi_with_coords,spatial,True,0,0.26957090810049006,-121930.447488692,6831783.7962185
122,971,Coeranoscincus reticulatus,MLP_multi_with_coords,spatial,True,1,0.5926317015968756,-121930.447488692,6831783.7962185
122,972,Egernia mcpheei,MLP_multi_with_coords,spatial,True,0,0.02415082591631087,-121930.447488692,6831783.7962185
122,973,Eulamprus murrayi,MLP_multi_with_coords,spatial,True,0,0.033707328937744446,-121930.447488692,6831783.7962185
122,974,Ophioscincus truncatus,MLP_multi_with_coords,spatial,True,1,0.22031410027364756,-121930.447488692,6831783.7962185
122,975,Pseudechis porphyricaus,MLP_multi_with_coords,spatial,True,0,0.027853200593456785,-121930.447488692,6831783.7962185
122,976,Saltuarius swaini,MLP_multi_with_coords,spatial,True,0,0.011996929424221932,-121930.447488692,6831783.7962185
125,993,Cacophis kreftii,MLP_multi_with_coords,spatial,True,0,0.06645265924944303,-119100.196556909,6831521.23488212
125,994,Calyptotis scutirostrum,MLP_multi_with_coords,spatial,True,1,0.18966109199253842,-119100.196556909,6831521.23488212
125,995,Coeranoscincus reticulatus,MLP_multi_with_coords,spatial,True,0,0.36828127733201366,-119100.196556909,6831521.23488212
125,996,Egernia mcpheei,MLP_multi_with_coords,spatial,True,0,0.013286781390895166,-119100.196556909,6831521.23488212
125,997,Eulamprus murrayi,MLP_multi_with_coords,spatial,True,0,0.01577822025827685,-119100.196556909,6831521.23488212
125,998,Ophioscincus truncatus,MLP_multi_with_coords,spatial,True,0,0.20250514128092018,-119100.196556909,6831521.23488212
125,999,Pseudechis porphyricaus,MLP_multi_with_coords,spatial,True,0,0.016235348017823885,-119100.196556909,6831521.23488212
125,1000,Saltuarius swaini,MLP_multi_with_coords,spatial,True,0,0.008661953369915341,-119100.196556909,6831521.23488212
126,1001,Cacophis kreftii,MLP_multi_with_coords,spatial,True,0,0.06913512413949822,-122301.197680874,6831162.17696098
126,1002,Calyptotis scutirostrum,MLP_multi_with_coords,spatial,True,0,0.19331864549355393,-122301.197680874,6831162.17696098
126,1003,Coeranoscincus reticulatus,MLP_multi_with_coords,spatial,True,0,0.3508400193338148,-122301.197680874,6831162.17696098
126,1004,Egernia mcpheei,MLP_multi_with_coords,spatial,True,1,0.014014974263743707,-122301.197680874,6831162.17696098
126,1005,Eulamprus murrayi,MLP_multi_with_coords,spatial,True,0,0.015564233019284474,-122301.197680874,6831162.17696098
126,1006,Ophioscincus truncatus,MLP_multi_with_coords,spatial,True,0,0.16335829384619824,-122301.197680874,6831162.17696098
126,1007,Pseudechis porphyricaus,MLP_multi_with_coords,spatial,True,0,0.014637795461087857,-122301.197680874,6831162.17696098
126,1008,Saltuarius swaini,MLP_multi_with_coords,spatial,True,0,0.008170244775680494,-122301.197680874,6831162.17696098
127,1009,Cacophis kreftii,MLP_multi_with_coords,spatial,True,0,0.2253283832272083,-113069.978206809,6831626.51450922
127,1010,Calyptotis scutirostrum,MLP_multi_with_coords,spatial,True,0,0.32772744162974693,-113069.978206809,6831626.51450922
127,1011,Coeranoscincus reticulatus,MLP_multi_with_coords,spatial,True,1,0.6214527300943984,-113069.978206809,6831626.51450922
127,1012,Egernia mcpheei,MLP_multi_with_coords,spatial,True,0,0.07028611956295952,-113069.978206809,6831626.51450922
127,1013,Eulamprus murrayi,MLP_multi_with_coords,spatial,True,0,0.06640759542357198,-113069.978206809,6831626.51450922
127,1014,Ophioscincus truncatus,MLP_multi_with_coords,spatial,True,0,0.5367978793455551,-113069.978206809,6831626.51450922
127,1015,Pseudechis porphyricaus,MLP_multi_with_coords,spatial,True,0,0.0447028515929351,-113069.978206809,6831626.51450922
127,1016,Saltuarius swaini,MLP_multi_with_coords,spatial,True,0,0.05819977948370784,-113069.978206809,6831626.51450922
128,1017,Cacophis kreftii,MLP_multi_with_coords,spatial,True,0,0.5150103773991469,-110250.872026258,6831561.92472725
128,1018,Calyptotis scutirostrum,MLP_multi_with_coords,spatial,True,0,0.3290686956481887,-110250.872026258,6831561.92472725
128,1019,Coeranoscincus reticulatus,MLP_multi_with_coords,spatial,True,0,0.7511701338624368,-110250.872026258,6831561.92472725
128,1020,Egernia mcpheei,MLP_multi_with_coords,spatial,True,0,0.18662245298794422,-110250.872026258,6831561.92472725
128,1021,Eulamprus murrayi,MLP_multi_with_coords,spatial,True,0,0.17667899024139766,-110250.872026258,6831561.92472725
128,1022,Ophioscincus truncatus,MLP_multi_with_coords,spatial,True,0,0.8868660563422619,-110250.872026258,6831561.92472725
128,1023,Pseudechis porphyricaus,MLP_multi_with_coords,spatial,True,0,0.21454457656290746,-110250.872026258,6831561.92472725
128,1024,Saltuarius swaini,MLP_multi_with_coords,spatial,True,0,0.2148998918534174,-110250.872026258,6831561.92472725
130,1033,Cacophis kreftii,MLP_multi_with_coords,spatial,True,0,0.13655424661136664,-112831.744333792,6830836.54025889
130,1034,Calyptotis scutirostrum,MLP_multi_with_coords,spatial,True,0,0.2567383800977881,-112831.744333792,6830836.54025889
130,1035,Coeranoscincus reticulatus,MLP_multi_with_coords,spatial,True,0,0.49459666054233803,-112831.744333792,6830836.54025889
130,1036,Egernia mcpheei,MLP_multi_with_coords,spatial,True,0,0.04325082528102145,-112831.744333792,6830836.54025889
130,1037,Eulamprus murrayi,MLP_multi_with_coords,spatial,True,0,0.04037041125640035,-112831.744333792,6830836.54025889
130,1038,Ophioscincus truncatus,MLP_multi_with_coords,spatial,True,0,0.27926105473840357,-112831.744333792,6830836.54025889
130,1039,Pseudechis porphyricaus,MLP_multi_with_coords,spatial,True,0,0.02302220388296179,-112831.744333792,6830836.54025889
130,1040,Saltuarius swaini,MLP_multi_with_coords,spatial,True,0,0.03475369434343423,-112831.744333792,6830836.54025889
132,1049,Cacophis kreftii,MLP_multi_with_coords,spatial,True,0,0.05605388093756972,-105801.162580743,6831179.93507326
132,1050,Calyptotis scutirostrum,MLP_multi_with_coords,spatial,True,0,0.34508865152225754,-105801.162580743,6831179.93507326
132,1051,Coeranoscincus reticulatus,MLP_multi_with_coords,spatial,True,0,0.23125396473876533,-105801.162580743,6831179.93507326
132,1052,Egernia mcpheei,MLP_multi_with_coords,spatial,True,0,0.026310171118736857,-105801.162580743,6831179.93507326
132,1053,Eulamprus murrayi,MLP_multi_with_coords,spatial,True,0,0.006365629963670682,-105801.162580743,6831179.93507326
132,1054,Ophioscincus truncatus,MLP_multi_with_coords,spatial,True,0,0.2499076157918905,-105801.162580743,6831179.93507326
132,1055,Pseudechis porphyricaus,MLP_multi_with_coords,spatial,True,0,0.003994095444042589,-105801.162580743,6831179.93507326
132,1056,Saltuarius swaini,MLP_multi_with_coords,spatial,True,0,0.0043798651840578524,-105801.162580743,6831179.93507326
134,1065,Cacophis kreftii,MLP_multi_with_coords,spatial,True,0,0.11887255898167796,-109785.840498241,6830382.55130941
134,1066,Calyptotis scutirostrum,MLP_multi_with_coords,spatial,True,0,0.2463019049007604,-109785.840498241,6830382.55130941
134,1067,Coeranoscincus reticulatus,MLP_multi_with_coords,spatial,True,0,0.11345710901582946,-109785.840498241,6830382.55130941
134,1068,Egernia mcpheei,MLP_multi_with_coords,spatial,True,0,0.0270284242890103,-109785.840498241,6830382.55130941
134,1069,Eulamprus murrayi,MLP_multi_with_coords,spatial,True,0,0.0075859511817336885,-109785.840498241,6830382.55130941
134,1070,Ophioscincus truncatus,MLP_multi_with_coords,spatial,True,0,0.7433937534087746,-109785.840498241,6830382.55130941
134,1071,Pseudechis porphyricaus,MLP_multi_with_coords,spatial,True,0,0.005382306079212352,-109785.840498241,6830382.55130941
134,1072,Saltuarius swaini,MLP_multi_with_coords,spatial,True,0,0.012970107999685298,-109785.840498241,6830382.55130941
135,1073,Cacophis kreftii,MLP_multi_with_coords,spatial,True,0,0.09660907854004622,-60576.6608829403,6831437.80904093
135,1074,Calyptotis scutirostrum,MLP_multi_with_coords,spatial,True,0,0.12625045842906749,-60576.6608829403,6831437.80904093
135,1075,Coeranoscincus reticulatus,MLP_multi_with_coords,spatial,True,0,0.034282956865218546,-60576.6608829403,6831437.80904093
135,1076,Egernia mcpheei,MLP_multi_with_coords,spatial,True,0,0.018795423320601988,-60576.6608829403,6831437.80904093
135,1077,Eulamprus murrayi,MLP_multi_with_coords,spatial,True,0,0.006195322509381122,-60576.6608829403,6831437.80904093
135,1078,Ophioscincus truncatus,MLP_multi_with_coords,spatial,True,1,0.7444382543756092,-60576.6608829403,6831437.80904093
135,1079,Pseudechis porphyricaus,MLP_multi_with_coords,spatial,True,0,0.0066518009768303,-60576.6608829403,6831437.80904093
135,1080,Saltuarius swaini,MLP_multi_with_coords,spatial,True,0,0.01764647856586729,-60576.6608829403,6831437.80904093
136,1081,Cacophis kreftii,MLP_multi_with_coords,spatial,True,0,0.027950044778491914,-62745.5415882464,6830732.52392328
136,1082,Calyptotis scutirostrum,MLP_multi_with_coords,spatial,True,0,0.03123504614988569,-62745.5415882464,6830732.52392328
136,1083,Coeranoscincus reticulatus,MLP_multi_with_coords,spatial,True,0,0.027719990137225196,-62745.5415882464,6830732.52392328
136,1084,Egernia mcpheei,MLP_multi_with_coords,spatial,True,0,0.003080021127092083,-62745.5415882464,6830732.52392328
136,1085,Eulamprus murrayi,MLP_multi_with_coords,spatial,True,0,0.003048519072521081,-62745.5415882464,6830732.52392328
136,1086,Ophioscincus truncatus,MLP_multi_with_coords,spatial,True,1,0.2971712416008341,-62745.5415882464,6830732.52392328
136,1087,Pseudechis porphyricaus,MLP_multi_with_coords,spatial,True,0,0.002658922523951157,-62745.5415882464,6830732.52392328
136,1088,Saltuarius swaini,MLP_multi_with_coords,spatial,True,0,0.00463600346921917,-62745.5415882464,6830732.52392328
137,1089,Cacophis kreftii,MLP_multi_with_coords,spatial,True,0,0.039435418411540316,-59930.1265788042,6830667.09207023
137,1090,Calyptotis scutirostrum,MLP_multi_with_coords,spatial,True,0,0.05998192018132102,-59930.1265788042,6830667.09207023
137,1091,Coeranoscincus reticulatus,MLP_multi_with_coords,spatial,True,0,0.050988534964220115,-59930.1265788042,6830667.09207023
137,1092,Egernia mcpheei,MLP_multi_with_coords,spatial,True,0,0.007505193370590585,-59930.1265788042,6830667.09207023
137,1093,Eulamprus murrayi,MLP_multi_with_coords,spatial,True,0,0.011918178013537251,-59930.1265788042,6830667.09207023
137,1094,Ophioscincus truncatus,MLP_multi_with_coords,spatial,True,0,0.07249511490443605,-59930.1265788042,6830667.09207023
137,1095,Pseudechis porphyricaus,MLP_multi_with_coords,spatial,True,0,0.0065082725395783116,-59930.1265788042,6830667.09207023
137,1096,Saltuarius swaini,MLP_multi_with_coords,spatial,True,0,0.007723348965392283,-59930.1265788042,6830667.09207023
138,1097,Cacophis kreftii,MLP_multi_with_coords,spatial,True,0,0.013397301465624099,-33656.1895879237,6831782.75910205
138,1098,Calyptotis scutirostrum,MLP_multi_with_coords,spatial,True,0,0.0842062559729159,-33656.1895879237,6831782.75910205
138,1099,Coeranoscincus reticulatus,MLP_multi_with_coords,spatial,True,0,0.012318503656405647,-33656.1895879237,6831782.75910205
138,1100,Egernia mcpheei,MLP_multi_with_coords,spatial,True,0,0.013774191377747675,-33656.1895879237,6831782.75910205
138,1101,Eulamprus murrayi,MLP_multi_with_coords,spatial,True,0,0.0014060909750376455,-33656.1895879237,6831782.75910205
138,1102,Ophioscincus truncatus,MLP_multi_with_coords,spatial,True,0,0.0602281087146964,-33656.1895879237,6831782.75910205
138,1103,Pseudechis porphyricaus,MLP_multi_with_coords,spatial,True,0,0.0007087461147805515,-33656.1895879237,6831782.75910205
138,1104,Saltuarius swaini,MLP_multi_with_coords,spatial,True,0,0.0025763823528189697,-33656.1895879237,6831782.75910205
139,1105,Cacophis kreftii,MLP_multi_with_coords,spatial,True,0,0.0661918319237922,-60097.6324680274,6830057.84195886
139,1106,Calyptotis scutirostrum,MLP_multi_with_coords,spatial,True,0,0.2128754085310228,-60097.6324680274,6830057.84195886
139,1107,Coeranoscincus reticulatus,MLP_multi_with_coords,spatial,True,0,0.06381345064223978,-60097.6324680274,6830057.84195886
139,1108,Egernia mcpheei,MLP_multi_with_coords,spatial,True,0,0.03684685424520364,-60097.6324680274,6830057.84195886
139,1109,Eulamprus murrayi,MLP_multi_with_coords,spatial,True,0,0.008361866096044638,-60097.6324680274,6830057.84195886
139,1110,Ophioscincus truncatus,MLP_multi_with_coords,spatial,True,1,0.2590761053546897,-60097.6324680274,6830057.84195886
139,1111,Pseudechis porphyricaus,MLP_multi_with_coords,spatial,True,0,0.006281212711553835,-60097.6324680274,6830057.84195886
139,1112,Saltuarius swaini,MLP_multi_with_coords,spatial,True,0,0.01091294311436698,-60097.6324680274,6830057.84195886
140,1113,Cacophis kreftii,MLP_multi_with_coords,spatial,True,0,0.030368599462506262,-59480.1149542754,6829686.55327432
140,1114,Calyptotis scutirostrum,MLP_multi_with_coords,spatial,True,0,0.025404136505560674,-59480.1149542754,6829686.55327432
140,1115,Coeranoscincus reticulatus,MLP_multi_with_coords,spatial,True,0,0.021301002235713823,-59480.1149542754,6829686.55327432
140,1116,Egernia mcpheei,MLP_multi_with_coords,spatial,True,0,0.00483515997711526,-59480.1149542754,6829686.55327432
140,1117,Eulamprus murrayi,MLP_multi_with_coords,spatial,True,0,0.003424266211501773,-59480.1149542754,6829686.55327432
140,1118,Ophioscincus truncatus,MLP_multi_with_coords,spatial,True,0,0.2775881281261832,-59480.1149542754,6829686.55327432
140,1119,Pseudechis porphyricaus,MLP_multi_with_coords,spatial,True,0,0.003841344937385537,-59480.1149542754,6829686.55327432
140,1120,Saltuarius swaini,MLP_multi_with_coords,spatial,True,0,0.012490800980149045,-59480.1149542754,6829686.55327432
141,1121,Cacophis kreftii,MLP_multi_with_coords,spatial,True,0,0.016163902903918313,-59274.1159834863,6829696.39928037
141,1122,Calyptotis scutirostrum,MLP_multi_with_coords,spatial,True,0,0.020121759741790944,-59274.1159834863,6829696.39928037
141,1123,Coeranoscincus reticulatus,MLP_multi_with_coords,spatial,True,0,0.024324072867756827,-59274.1159834863,6829696.39928037
141,1124,Egernia mcpheei,MLP_multi_with_coords,spatial,True,0,0.0031814899970782897,-59274.1159834863,6829696.39928037
141,1125,Eulamprus murrayi,MLP_multi_with_coords,spatial,True,0,0.002845507549361497,-59274.1159834863,6829696.39928037
141,1126,Ophioscincus truncatus,MLP_multi_with_coords,spatial,True,0,0.18546274915545197,-59274.1159834863,6829696.39928037
141,1127,Pseudechis porphyricaus,MLP_multi_with_coords,spatial,True,0,0.0032304942906791656,-59274.1159834863,6829696.39928037
141,1128,Saltuarius swaini,MLP_multi_with_coords,spatial,True,0,0.008208914151429832,-59274.1159834863,6829696.39928037
142,1129,Cacophis kreftii,MLP_multi_with_coords,spatial,True,0,0.02168850509502565,-58470.0105331185,6829534.39062915
142,1130,Calyptotis scutirostrum,MLP_multi_with_coords,spatial,True,1,0.033787295875362604,-58470.0105331185,6829534.39062915
142,1131,Coeranoscincus reticulatus,MLP_multi_with_coords,spatial,True,0,0.01626629730753437,-58470.0105331185,6829534.39062915
142,1132,Egernia mcpheei,MLP_multi_with_coords,spatial,True,0,0.00438530997722971,-58470.0105331185,6829534.39062915
142,1133,Eulamprus murrayi,MLP_multi_with_coords,spatial,True,0,0.0026477243160684364,-58470.0105331185,6829534.39062915
142,1134,Ophioscincus truncatus,MLP_multi_with_coords,spatial,True,0,0.1313196986751032,-58470.0105331185,6829534.39062915
142,1135,Pseudechis porphyricaus,MLP_multi_with_coords,spatial,True,0,0.002464679493415158,-58470.0105331185,6829534.39062915
142,1136,Saltuarius swaini,MLP_multi_with_coords,spatial,True,0,0.0036522436749403283,-58470.0105331185,6829534.39062915
143,1137,Cacophis kreftii,MLP_multi_with_coords,spatial,True,0,0.004126888730115491,-58067.8332822076,6829553.57641624
143,1138,Calyptotis scutirostrum,MLP_multi_with_coords,spatial,True,1,0.004840810422886965,-58067.8332822076,6829553.57641624
143,1139,Coeranoscincus reticulatus,MLP_multi_with_coords,spatial,True,0,0.0030281277500018217,-58067.8332822076,6829553.57641624
143,1140,Egernia mcpheei,MLP_multi_with_coords,spatial,True,0,0.0008675482048329784,-58067.8332822076,6829553.57641624
143,1141,Eulamprus murrayi,MLP_multi_with_coords,spatial,True,0,0.00045615846946410644,-58067.8332822076,6829553.57641624
143,1142,Ophioscincus truncatus,MLP_multi_with_coords,spatial,True,0,0.05858760106912427,-58067.8332822076,6829553.57641624
143,1143,Pseudechis porphyricaus,MLP_multi_with_coords,spatial,True,0,0.0005911340071726143,-58067.8332822076,6829553.57641624
143,1144,Saltuarius swaini,MLP_multi_with_coords,spatial,True,0,0.0012246990039854143,-58067.8332822076,6829553.57641624
144,1145,Cacophis kreftii,MLP_multi_with_coords,spatial,True,0,0.0024137396910884875,-35003.9025977263,6830519.3124224
144,1146,Calyptotis scutirostrum,MLP_multi_with_coords,spatial,True,0,0.002300935098428647,-35003.9025977263,6830519.3124224
144,1147,Coeranoscincus reticulatus,MLP_multi_with_coords,spatial,True,0,0.002942488994153383,-35003.9025977263,6830519.3124224
144,1148,Egernia mcpheei,MLP_multi_with_coords,spatial,True,0,0.0014556130495631176,-35003.9025977263,6830519.3124224
144,1149,Eulamprus murrayi,MLP_multi_with_coords,spatial,True,0,0.0008612701281061115,-35003.9025977263,6830519.3124224
144,1150,Ophioscincus truncatus,MLP_multi_with_coords,spatial,True,0,0.007852112193830425,-35003.9025977263,6830519.3124224
144,1151,Pseudechis porphyricaus,MLP_multi_with_coords,spatial,True,0,0.001267551058773635,-35003.9025977263,6830519.3124224
144,1152,Saltuarius swaini,MLP_multi_with_coords,spatial,True,0,0.0056597658918265585,-35003.9025977263,6830519.3124224
145,1153,Cacophis kreftii,MLP_multi_with_coords,spatial,True,0,0.030065737483469315,-57852.3087704955,6829363.4472621
145,1154,Calyptotis scutirostrum,MLP_multi_with_coords,spatial,True,0,0.03607334754966804,-57852.3087704955,6829363.4472621
145,1155,Coeranoscincus reticulatus,MLP_multi_with_coords,spatial,True,0,0.010166744722179452,-57852.3087704955,6829363.4472621
145,1156,Egernia mcpheei,MLP_multi_with_coords,spatial,True,0,0.00626288039362902,-57852.3087704955,6829363.4472621
145,1157,Eulamprus murrayi,MLP_multi_with_coords,spatial,True,0,0.003060426051047799,-57852.3087704955,6829363.4472621
145,1158,Ophioscincus truncatus,MLP_multi_with_coords,spatial,True,0,0.4418741051209904,-57852.3087704955,6829363.4472621
145,1159,Pseudechis porphyricaus,MLP_multi_with_coords,spatial,True,0,0.0032937486060886957,-57852.3087704955,6829363.4472621
145,1160,Saltuarius swaini,MLP_multi_with_coords,spatial,True,0,0.010050310050538658,-57852.3087704955,6829363.4472621
146,1161,Cacophis kreftii,MLP_multi_with_coords,spatial,True,0,0.0023250826421660964,-34994.2569791634,6830308.29905931
146,1162,Calyptotis scutirostrum,MLP_multi_with_coords,spatial,True,0,0.0021633132398646815,-34994.2569791634,6830308.29905931
146,1163,Coeranoscincus reticulatus,MLP_multi_with_coords,spatial,True,0,0.0031999056186879375,-34994.2569791634,6830308.29905931
146,1164,Egernia mcpheei,MLP_multi_with_coords,spatial,True,0,0.001463013412737067,-34994.2569791634,6830308.29905931
146,1165,Eulamprus murrayi,MLP_multi_with_coords,spatial,True,0,0.0010032008387467473,-34994.2569791634,6830308.29905931
146,1166,Ophioscincus truncatus,MLP_multi_with_coords,spatial,True,0,0.007392835347029597,-34994.2569791634,6830308.29905931
146,1167,Pseudechis porphyricaus,MLP_multi_with_coords,spatial,True,0,0.0014519117995981244,-34994.2569791634,6830308.29905931
146,1168,Saltuarius swaini,MLP_multi_with_coords,spatial,True,0,0.006325637509441483,-34994.2569791634,6830308.29905931
147,1169,Cacophis kreftii,MLP_multi_with_coords,spatial,True,0,0.10169375405982754,-58647.1030221649,6829125.12230747
147,1170,Calyptotis scutirostrum,MLP_multi_with_coords,spatial,True,0,0.09680540187650528,-58647.1030221649,6829125.12230747
147,1171,Coeranoscincus reticulatus,MLP_multi_with_coords,spatial,True,0,0.03368111405746613,-58647.1030221649,6829125.12230747
147,1172,Egernia mcpheei,MLP_multi_with_coords,spatial,True,0,0.022751287183460294,-58647.1030221649,6829125.12230747
147,1173,Eulamprus murrayi,MLP_multi_with_coords,spatial,True,0,0.011183517018993654,-58647.1030221649,6829125.12230747
147,1174,Ophioscincus truncatus,MLP_multi_with_coords,spatial,True,1,0.727515376837745,-58647.1030221649,6829125.12230747
147,1175,Pseudechis porphyricaus,MLP_multi_with_coords,spatial,True,0,0.011419852185930878,-58647.1030221649,6829125.12230747
147,1176,Saltuarius swaini,MLP_multi_with_coords,spatial,True,0,0.034147130232780154,-58647.1030221649,6829125.12230747
148,1177,Cacophis kreftii,MLP_multi_with_coords,spatial,True,0,0.0756332907875446,-59039.7148912014,6828905.9612443
148,1178,Calyptotis scutirostrum,MLP_multi_with_coords,spatial,True,1,0.06420441007333531,-59039.7148912014,6828905.9612443
148,1179,Coeranoscincus reticulatus,MLP_multi_with_coords,spatial,True,0,0.019436761766360718,-59039.7148912014,6828905.9612443
148,1180,Egernia mcpheei,MLP_multi_with_coords,spatial,True,1,0.01654827585270754,-59039.7148912014,6828905.9612443
148,1181,Eulamprus murrayi,MLP_multi_with_coords,spatial,True,0,0.007853571746242053,-59039.7148912014,6828905.9612443
148,1182,Ophioscincus truncatus,MLP_multi_with_coords,spatial,True,1,0.7102208890456436,-59039.7148912014,6828905.9612443
148,1183,Pseudechis porphyricaus,MLP_multi_with_coords,spatial,True,0,0.00866817708637475,-59039.7148912014,6828905.9612443
148,1184,Saltuarius swaini,MLP_multi_with_coords,spatial,True,0,0.025332288869024118,-59039.7148912014,6828905.9612443
149,1185,Cacophis kreftii,MLP_multi_with_coords,spatial,True,0,0.15881734590859023,-58039.2252902132,6828953.72338296
149,1186,Calyptotis scutirostrum,MLP_multi_with_coords,spatial,True,1,0.22333255016338635,-58039.2252902132,6828953.72338296
149,1187,Coeranoscincus reticulatus,MLP_multi_with_coords,spatial,True,0,0.06829912852429036,-58039.2252902132,6828953.72338296
149,1188,Egernia mcpheei,MLP_multi_with_coords,spatial,True,0,0.03772139082121565,-58039.2252902132,6828953.72338296
149,1189,Eulamprus murrayi,MLP_multi_with_coords,spatial,True,0,0.012158902288955836,-58039.2252902132,6828953.72338296
149,1190,Ophioscincus truncatus,MLP_multi_with_coords,spatial,True,0,0.8290994215812539,-58039.2252902132,6828953.72338296
149,1191,Pseudechis porphyricaus,MLP_multi_with_coords,spatial,True,0,0.009964962465570243,-58039.2252902132,6828953.72338296
149,1192,Saltuarius swaini,MLP_multi_with_coords,spatial,True,0,0.028111876505302565,-58039.2252902132,6828953.72338296
150,1193,Cacophis kreftii,MLP_multi_with_coords,spatial,True,0,0.002257299951687709,-34359.3605187094,6829747.4641776
150,1194,Calyptotis scutirostrum,MLP_multi_with_coords,spatial,True,0,0.0017303910914395226,-34359.3605187094,6829747.4641776
150,1195,Coeranoscincus reticulatus,MLP_multi_with_coords,spatial,True,0,0.0031935305472011654,-34359.3605187094,6829747.4641776
150,1196,Egernia mcpheei,MLP_multi_with_coords,spatial,True,0,0.001325678585062414,-34359.3605187094,6829747.4641776
150,1197,Eulamprus murrayi,MLP_multi_with_coords,spatial,True,0,0.0009816947797954088,-34359.3605187094,6829747.4641776
150,1198,Ophioscincus truncatus,MLP_multi_with_coords,spatial,True,0,0.007043010670380002,-34359.3605187094,6829747.4641776
150,1199,Pseudechis porphyricaus,MLP_multi_with_coords,spatial,True,0,0.0014164665146471688,-34359.3605187094,6829747.4641776
150,1200,Saltuarius swaini,MLP_multi_with_coords,spatial,True,0,0.006242918259409682,-34359.3605187094,6829747.4641776
151,1201,Cacophis kreftii,MLP_multi_with_coords,spatial,True,0,0.0024764471720526817,-34751.7720567721,6829518.08321835
151,1202,Calyptotis scutirostrum,MLP_multi_with_coords,spatial,True,0,0.0019134887366984699,-34751.7720567721,6829518.08321835
151,1203,Coeranoscincus reticulatus,MLP_multi_with_coords,spatial,True,0,0.0035341084972746162,-34751.7720567721,6829518.08321835
151,1204,Egernia mcpheei,MLP_multi_with_coords,spatial,True,0,0.0014576357518096207,-34751.7720567721,6829518.08321835
151,1205,Eulamprus murrayi,MLP_multi_with_coords,spatial,True,0,0.0010868624003166907,-34751.7720567721,6829518.08321835
151,1206,Ophioscincus truncatus,MLP_multi_with_coords,spatial,True,0,0.007728195941970846,-34751.7720567721,6829518.08321835
151,1207,Pseudechis porphyricaus,MLP_multi_with_coords,spatial,True,0,0.0015796232118467787,-34751.7720567721,6829518.08321835
151,1208,Saltuarius swaini,MLP_multi_with_coords,spatial,True,0,0.007050873966227686,-34751.7720567721,6829518.08321835
152,1209,Cacophis kreftii,MLP_multi_with_coords,spatial,True,0,0.007608363504735937,-34733.497415081,6829118.26913623
152,1210,Calyptotis scutirostrum,MLP_multi_with_coords,spatial,True,0,0.016819117004249616,-34733.497415081,6829118.26913623
152,1211,Coeranoscincus reticulatus,MLP_multi_with_coords,spatial,True,0,0.01755810578090466,-34733.497415081,6829118.26913623
152,1212,Egernia mcpheei,MLP_multi_with_coords,spatial,True,0,0.0043392612472932055,-34733.497415081,6829118.26913623
152,1213,Eulamprus murrayi,MLP_multi_with_coords,spatial,True,0,0.0020043198636324126,-34733.497415081,6829118.26913623
152,1214,Ophioscincus truncatus,MLP_multi_with_coords,spatial,True,0,0.0334367073858881,-34733.497415081,6829118.26913623
152,1215,Pseudechis porphyricaus,MLP_multi_with_coords,spatial,True,0,0.002035116860021318,-34733.497415081,6829118.26913623
152,1216,Saltuarius swaini,MLP_multi_with_coords,spatial,True,0,0.010052061667762983,-34733.497415081,6829118.26913623
153,1217,Cacophis kreftii,MLP_multi_with_coords,spatial,True,0,0.3026015977747453,-56158.084536112,6827640.49763384
153,1218,Calyptotis scutirostrum,MLP_multi_with_coords,spatial,True,1,0.715370118437825,-56158.084536112,6827640.49763384
153,1219,Coeranoscincus reticulatus,MLP_multi_with_coords,spatial,True,0,0.24439073279958598,-56158.084536112,6827640.49763384
153,1220,Egernia mcpheei,MLP_multi_with_coords,spatial,True,0,0.18611033422829232,-56158.084536112,6827640.49763384
153,1221,Eulamprus murrayi,MLP_multi_with_coords,spatial,True,0,0.03667960175767901,-56158.084536112,6827640.49763384
153,1222,Ophioscincus truncatus,MLP_multi_with_coords,spatial,True,1,0.7507813670912572,-56158.084536112,6827640.49763384
153,1223,Pseudechis porphyricaus,MLP_multi_with_coords,spatial,True,0,0.02009511767376276,-56158.084536112,6827640.49763384
153,1224,Saltuarius swaini,MLP_multi_with_coords,spatial,True,0,0.05277788656941381,-56158.084536112,6827640.49763384
154,1225,Cacophis kreftii,MLP_multi_with_coords,spatial,True,0,0.05108690471521252,-56718.2495163478,6826812.23539331
154,1226,Calyptotis scutirostrum,MLP_multi_with_coords,spatial,True,0,0.21487670318263644,-56718.2495163478,6826812.23539331
154,1227,Coeranoscincus reticulatus,MLP_multi_with_coords,spatial,True,0,0.03596176644090741,-56718.2495163478,6826812.23539331
154,1228,Egernia mcpheei,MLP_multi_with_coords,spatial,True,0,0.045028315424822864,-56718.2495163478,6826812.23539331
154,1229,Eulamprus murrayi,MLP_multi_with_coords,spatial,True,0,0.006405322621248357,-56718.2495163478,6826812.23539331
154,1230,Ophioscincus truncatus,MLP_multi_with_coords,spatial,True,1,0.2246865760991113,-56718.2495163478,6826812.23539331
154,1231,Pseudechis porphyricaus,MLP_multi_with_coords,spatial,True,0,0.004567679552978301,-56718.2495163478,6826812.23539331
154,1232,Saltuarius swaini,MLP_multi_with_coords,spatial,True,0,0.011112999213895351,-56718.2495163478,6826812.23539331
155,1233,Cacophis kreftii,MLP_multi_with_coords,spatial,True,0,0.15009000147148963,-59120.6295586857,6826486.03756181
155,1234,Calyptotis scutirostrum,MLP_multi_with_coords,spatial,True,0,0.371473121995247,-59120.6295586857,6826486.03756181
155,1235,Coeranoscincus reticulatus,MLP_multi_with_coords,spatial,True,0,0.14543219494749648,-59120.6295586857,6826486.03756181
155,1236,Egernia mcpheei,MLP_multi_with_coords,spatial,True,0,0.06309125959034903,-59120.6295586857,6826486.03756181
155,1237,Eulamprus murrayi,MLP_multi_with_coords,spatial,True,0,0.01236081399026788,-59120.6295586857,6826486.03756181
155,1238,Ophioscincus truncatus,MLP_multi_with_coords,spatial,True,0,0.7347270153343627,-59120.6295586857,6826486.03756181
155,1239,Pseudechis porphyricaus,MLP_multi_with_coords,spatial,True,0,0.010770490063498495,-59120.6295586857,6826486.03756181
155,1240,Saltuarius swaini,MLP_multi_with_coords,spatial,True,0,0.04258610236984842,-59120.6295586857,6826486.03756181
156,1241,Cacophis kreftii,MLP_multi_with_coords,spatial,True,0,0.0630347400816954,-57101.2660895063,6826393.18209589
156,1242,Calyptotis scutirostrum,MLP_multi_with_coords,spatial,True,1,0.10937856831509496,-57101.2660895063,6826393.18209589
156,1243,Coeranoscincus reticulatus,MLP_multi_with_coords,spatial,True,0,0.11875702821990283,-57101.2660895063,6826393.18209589
156,1244,Egernia mcpheei,MLP_multi_with_coords,spatial,True,0,0.030056170964616467,-57101.2660895063,6826393.18209589
156,1245,Eulamprus murrayi,MLP_multi_with_coords,spatial,True,0,0.012519491015689915,-57101.2660895063,6826393.18209589
156,1246,Ophioscincus truncatus,MLP_multi_with_coords,spatial,True,0,0.18685904620314123,-57101.2660895063,6826393.18209589
156,1247,Pseudechis porphyricaus,MLP_multi_with_coords,spatial,True,0,0.009763013356785198,-57101.2660895063,6826393.18209589
156,1248,Saltuarius swaini,MLP_multi_with_coords,spatial,True,0,0.0414031466028776,-57101.2660895063,6826393.18209589
157,1249,Cacophis kreftii,MLP_multi_with_coords,spatial,True,0,0.2655673579842824,-57287.8605910979,6826183.88283365
157,1250,Calyptotis scutirostrum,MLP_multi_with_coords,spatial,True,1,0.7117597698360187,-57287.8605910979,6826183.88283365
157,1251,Coeranoscincus reticulatus,MLP_multi_with_coords,spatial,True,0,0.28926278885909296,-57287.8605910979,6826183.88283365
157,1252,Egernia mcpheei,MLP_multi_with_coords,spatial,True,0,0.21471812408576216,-57287.8605910979,6826183.88283365
157,1253,Eulamprus murrayi,MLP_multi_with_coords,spatial,True,0,0.033883235793802806,-57287.8605910979,6826183.88283365
157,1254,Ophioscincus truncatus,MLP_multi_with_coords,spatial,True,0,0.7057925810180087,-57287.8605910979,6826183.88283365
157,1255,Pseudechis porphyricaus,MLP_multi_with_coords,spatial,True,0,0.01923654234751789,-57287.8605910979,6826183.88283365
157,1256,Saltuarius swaini,MLP_multi_with_coords,spatial,True,0,0.06810425886356582,-57287.8605910979,6826183.88283365
158,1257,Cacophis kreftii,MLP_multi_with_coords,spatial,True,0,0.16820940721726385,-57091.7358988385,6826193.23264818
158,1258,Calyptotis scutirostrum,MLP_multi_with_coords,spatial,True,0,0.6294679797380122,-57091.7358988385,6826193.23264818
158,1259,Coeranoscincus reticulatus,MLP_multi_with_coords,spatial,True,0,0.16266907727972413,-57091.7358988385,6826193.23264818
158,1260,Egernia mcpheei,MLP_multi_with_coords,spatial,True,0,0.1511371573638417,-57091.7358988385,6826193.23264818
158,1261,Eulamprus murrayi,MLP_multi_with_coords,spatial,True,0,0.019621320991356963,-57091.7358988385,6826193.23264818
158,1262,Ophioscincus truncatus,MLP_multi_with_coords,spatial,True,1,0.5682705302407088,-57091.7358988385,6826193.23264818
158,1263,Pseudechis porphyricaus,MLP_multi_with_coords,spatial,True,0,0.009288678786134413,-57091.7358988385,6826193.23264818
158,1264,Saltuarius swaini,MLP_multi_with_coords,spatial,True,0,0.03598018303496566,-57091.7358988385,6826193.23264818
159,1265,Cacophis kreftii,MLP_multi_with_coords,spatial,True,0,0.27697731192996544,-57278.3264609204,6825983.9330077
159,1266,Calyptotis scutirostrum,MLP_multi_with_coords,spatial,True,0,0.7511750232769607,-57278.3264609204,6825983.9330077
159,1267,Coeranoscincus reticulatus,MLP_multi_with_coords,spatial,True,0,0.3065663596308361,-57278.3264609204,6825983.9330077
159,1268,Egernia mcpheei,MLP_multi_with_coords,spatial,True,0,0.24805013109102453,-57278.3264609204,6825983.9330077
159,1269,Eulamprus murrayi,MLP_multi_with_coords,spatial,True,0,0.04100640895487321,-57278.3264609204,6825983.9330077
159,1270,Ophioscincus truncatus,MLP_multi_with_coords,spatial,True,1,0.7191455771676311,-57278.3264609204,6825983.9330077
159,1271,Pseudechis porphyricaus,MLP_multi_with_coords,spatial,True,0,0.02101698482818826,-57278.3264609204,6825983.9330077
159,1272,Saltuarius swaini,MLP_multi_with_coords,spatial,True,0,0.07137878467222997,-57278.3264609204,6825983.9330077
160,1273,Cacophis kreftii,MLP_multi_with_coords,spatial,True,0,0.15868887040197338,-57082.2051583753,6825993.28319997
160,1274,Calyptotis scutirostrum,MLP_multi_with_coords,spatial,True,1,0.6152933795406564,-57082.2051583753,6825993.28319997
160,1275,Coeranoscincus reticulatus,MLP_multi_with_coords,spatial,True,0,0.14908961464656564,-57082.2051583753,6825993.28319997
160,1276,Egernia mcpheei,MLP_multi_with_coords,spatial,True,0,0.15300485393204985,-57082.2051583753,6825993.28319997
160,1277,Eulamprus murrayi,MLP_multi_with_coords,spatial,True,0,0.01921036263573964,-57082.2051583753,6825993.28319997
160,1278,Ophioscincus truncatus,MLP_multi_with_coords,spatial,True,0,0.5542377264742551,-57082.2051583753,6825993.28319997
160,1279,Pseudechis porphyricaus,MLP_multi_with_coords,spatial,True,0,0.008422815152086186,-57082.2051583753,6825993.28319997
160,1280,Saltuarius swaini,MLP_multi_with_coords,spatial,True,0,0.02941696777637358,-57082.2051583753,6825993.28319997
161,1281,Cacophis kreftii,MLP_multi_with_coords,spatial,True,0,0.1305160734605589,-57053.0800449767,6825382.32654951
161,1282,Calyptotis scutirostrum,MLP_multi_with_coords,spatial,True,0,0.557114631347054,-57053.0800449767,6825382.32654951
161,1283,Coeranoscincus reticulatus,MLP_multi_with_coords,spatial,True,0,0.12086550666114082,-57053.0800449767,6825382.32654951
161,1284,Egernia mcpheei,MLP_multi_with_coords,spatial,True,0,0.1313308694277633,-57053.0800449767,6825382.32654951
161,1285,Eulamprus murrayi,MLP_multi_with_coords,spatial,True,0,0.015326540983109111,-57053.0800449767,6825382.32654951
161,1286,Ophioscincus truncatus,MLP_multi_with_coords,spatial,True,1,0.48985542195650467,-57053.0800449767,6825382.32654951
161,1287,Pseudechis porphyricaus,MLP_multi_with_coords,spatial,True,0,0.0068260833114461555,-57053.0800449767,6825382.32654951
161,1288,Saltuarius swaini,MLP_multi_with_coords,spatial,True,0,0.024459851303849027,-57053.0800449767,6825382.32654951
162,1289,Cacophis kreftii,MLP_multi_with_coords,spatial,True,0,0.11608948359808713,-57436.0274871426,6824963.25226147
162,1290,Calyptotis scutirostrum,MLP_multi_with_coords,spatial,True,0,0.413769824263463,-57436.0274871426,6824963.25226147
162,1291,Coeranoscincus reticulatus,MLP_multi_with_coords,spatial,True,0,0.11193778920721532,-57436.0274871426,6824963.25226147
162,1292,Egernia mcpheei,MLP_multi_with_coords,spatial,True,0,0.06715018776514135,-57436.0274871426,6824963.25226147
162,1293,Eulamprus murrayi,MLP_multi_with_coords,spatial,True,0,0.011403003090527304,-57436.0274871426,6824963.25226147
162,1294,Ophioscincus truncatus,MLP_multi_with_coords,spatial,True,1,0.5368131733241526,-57436.0274871426,6824963.25226147
162,1295,Pseudechis porphyricaus,MLP_multi_with_coords,spatial,True,0,0.00874005558287657,-57436.0274871426,6824963.25226147
162,1296,Saltuarius swaini,MLP_multi_with_coords,spatial,True,0,0.04121812366997423,-57436.0274871426,6824963.25226147
163,1297,Cacophis kreftii,MLP_multi_with_coords,spatial,True,0,0.07173871342446554,-118090.3420558,6819503.16714623
163,1298,Calyptotis scutirostrum,MLP_multi_with_coords,spatial,True,0,0.17381177353173813,-118090.3420558,6819503.16714623
163,1299,Coeranoscincus reticulatus,MLP_multi_with_coords,spatial,True,1,0.3394144180756355,-118090.3420558,6819503.16714623
163,1300,Egernia mcpheei,MLP_multi_with_coords,spatial,True,0,0.014152929801456875,-118090.3420558,6819503.16714623
163,1301,Eulamprus murrayi,MLP_multi_with_coords,spatial,True,0,0.013622066791605948,-118090.3420558,6819503.16714623
163,1302,Ophioscincus truncatus,MLP_multi_with_coords,spatial,True,0,0.19556117346233792,-118090.3420558,6819503.16714623
163,1303,Pseudechis porphyricaus,MLP_multi_with_coords,spatial,True,0,0.014425333308258891,-118090.3420558,6819503.16714623
163,1304,Saltuarius swaini,MLP_multi_with_coords,spatial,True,0,0.011434876051238458,-118090.3420558,6819503.16714623
164,1305,Cacophis kreftii,MLP_multi_with_coords,spatial,True,0,0.0021138893933559445,-31234.0531967666,6823468.59821031
164,1306,Calyptotis scutirostrum,MLP_multi_with_coords,spatial,True,0,0.0015912820488218984,-31234.0531967666,6823468.59821031
164,1307,Coeranoscincus reticulatus,MLP_multi_with_coords,spatial,True,0,0.0030632753720743248,-31234.0531967666,6823468.59821031
164,1308,Egernia mcpheei,MLP_multi_with_coords,spatial,True,0,0.0012455036067943476,-31234.0531967666,6823468.59821031
164,1309,Eulamprus murrayi,MLP_multi_with_coords,spatial,True,0,0.0009366388372564941,-31234.0531967666,6823468.59821031
164,1310,Ophioscincus truncatus,MLP_multi_with_coords,spatial,True,0,0.006672747120309912,-31234.0531967666,6823468.59821031
164,1311,Pseudechis porphyricaus,MLP_multi_with_coords,spatial,True,0,0.0013790205506357647,-31234.0531967666,6823468.59821031
164,1312,Saltuarius swaini,MLP_multi_with_coords,spatial,True,0,0.006297367753154185,-31234.0531967666,6823468.59821031
165,1313,Cacophis kreftii,MLP_multi_with_coords,spatial,True,0,0.25075198128413395,-116199.528148125,6817786.39841097
165,1314,Calyptotis scutirostrum,MLP_multi_with_coords,spatial,True,0,0.2673300721787023,-116199.528148125,6817786.39841097
165,1315,Coeranoscincus reticulatus,MLP_multi_with_coords,spatial,True,0,0.6664587499058036,-116199.528148125,6817786.39841097
165,1316,Egernia mcpheei,MLP_multi_with_coords,spatial,True,0,0.05487909979759637,-116199.528148125,6817786.39841097
165,1317,Eulamprus murrayi,MLP_multi_with_coords,spatial,True,0,0.06610916392880006,-116199.528148125,6817786.39841097
165,1318,Ophioscincus truncatus,MLP_multi_with_coords,spatial,True,0,0.641995181276677,-116199.528148125,6817786.39841097
165,1319,Pseudechis porphyricaus,MLP_multi_with_coords,spatial,True,0,0.04870744913654134,-116199.528148125,6817786.39841097
165,1320,Saltuarius swaini,MLP_multi_with_coords,spatial,True,0,0.05557902153981156,-116199.528148125,6817786.39841097
166,1321,Cacophis kreftii,MLP_multi_with_coords,spatial,True,0,0.05768707882448488,-115961.85299911,6817197.07567746
166,1322,Calyptotis scutirostrum,MLP_multi_with_coords,spatial,True,1,0.09260936181141267,-115961.85299911,6817197.07567746
166,1323,Coeranoscincus reticulatus,MLP_multi_with_coords,spatial,True,0,0.5274025204688859,-115961.85299911,6817197.07567746
166,1324,Egernia mcpheei,MLP_multi_with_coords,spatial,True,0,0.011508464551481133,-115961.85299911,6817197.07567746
166,1325,Eulamprus murrayi,MLP_multi_with_coords,spatial,True,0,0.021043961607025756,-115961.85299911,6817197.07567746
166,1326,Ophioscincus truncatus,MLP_multi_with_coords,spatial,True,0,0.14642628588440115,-115961.85299911,6817197.07567746
166,1327,Pseudechis porphyricaus,MLP_multi_with_coords,spatial,True,0,0.032116817545288945,-115961.85299911,6817197.07567746
166,1328,Saltuarius swaini,MLP_multi_with_coords,spatial,True,0,0.020372530973308597,-115961.85299911,6817197.07567746
167,1329,Cacophis kreftii,MLP_multi_with_coords,spatial,True,0,0.13414565499877285,-115156.930903262,6817038.96223258
167,1330,Calyptotis scutirostrum,MLP_multi_with_coords,spatial,True,0,0.2535446779959217,-115156.930903262,6817038.96223258
167,1331,Coeranoscincus reticulatus,MLP_multi_with_coords,spatial,True,0,0.49798814618975784,-115156.930903262,6817038.96223258
167,1332,Egernia mcpheei,MLP_multi_with_coords,spatial,True,0,0.04412205928490028,-115156.930903262,6817038.96223258
167,1333,Eulamprus murrayi,MLP_multi_with_coords,spatial,True,0,0.028712917370437796,-115156.930903262,6817038.96223258
167,1334,Ophioscincus truncatus,MLP_multi_with_coords,spatial,True,0,0.45637975543381715,-115156.930903262,6817038.96223258
167,1335,Pseudechis porphyricaus,MLP_multi_with_coords,spatial,True,0,0.028903709284486958,-115156.930903262,6817038.96223258
167,1336,Saltuarius swaini,MLP_multi_with_coords,spatial,True,0,0.05311887560671114,-115156.930903262,6817038.96223258
168,1337,Cacophis kreftii,MLP_multi_with_coords,spatial,True,0,0.14665324278591424,-114320.555073989,6816470.06822849
168,1338,Calyptotis scutirostrum,MLP_multi_with_coords,spatial,True,0,0.4407633055626016,-114320.555073989,6816470.06822849
168,1339,Coeranoscincus reticulatus,MLP_multi_with_coords,spatial,True,0,0.21695132472532933,-114320.555073989,6816470.06822849
168,1340,Egernia mcpheei,MLP_multi_with_coords,spatial,True,0,0.053766515720038446,-114320.555073989,6816470.06822849
168,1341,Eulamprus murrayi,MLP_multi_with_coords,spatial,True,0,0.01079334493052687,-114320.555073989,6816470.06822849
168,1342,Ophioscincus truncatus,MLP_multi_with_coords,spatial,True,0,0.4963254399072066,-114320.555073989,6816470.06822849
168,1343,Pseudechis porphyricaus,MLP_multi_with_coords,spatial,True,0,0.008572163680326858,-114320.555073989,6816470.06822849
168,1344,Saltuarius swaini,MLP_multi_with_coords,spatial,True,0,0.014607620935252398,-114320.555073989,6816470.06822849
169,1345,Cacophis kreftii,MLP_multi_with_coords,spatial,True,0,0.017642841682924893,-108876.433782581,6816343.47520397
169,1346,Calyptotis scutirostrum,MLP_multi_with_coords,spatial,True,0,0.04760121231853679,-108876.433782581,6816343.47520397
169,1347,Coeranoscincus reticulatus,MLP_multi_with_coords,spatial,True,0,0.15453290341756695,-108876.433782581,6816343.47520397
169,1348,Egernia mcpheei,MLP_multi_with_coords,spatial,True,0,0.00667225712420616,-108876.433782581,6816343.47520397
169,1349,Eulamprus murrayi,MLP_multi_with_coords,spatial,True,0,0.006291991659007224,-108876.433782581,6816343.47520397
169,1350,Ophioscincus truncatus,MLP_multi_with_coords,spatial,True,0,0.03430693583901674,-108876.433782581,6816343.47520397
169,1351,Pseudechis porphyricaus,MLP_multi_with_coords,spatial,True,0,0.005971835983590808,-108876.433782581,6816343.47520397
169,1352,Saltuarius swaini,MLP_multi_with_coords,spatial,True,0,0.0072228609276292245,-108876.433782581,6816343.47520397
170,1353,Cacophis kreftii,MLP_multi_with_coords,spatial,True,0,0.03574127327554839,-109030.042605492,6815332.43919622
170,1354,Calyptotis scutirostrum,MLP_multi_with_coords,spatial,True,0,0.08959857144651069,-109030.042605492,6815332.43919622
170,1355,Coeranoscincus reticulatus,MLP_multi_with_coords,spatial,True,1,0.23619364287692657,-109030.042605492,6815332.43919622
170,1356,Egernia mcpheei,MLP_multi_with_coords,spatial,True,0,0.010408152110598725,-109030.042605492,6815332.43919622
170,1357,Eulamprus murrayi,MLP_multi_with_coords,spatial,True,0,0.009013184321779524,-109030.042605492,6815332.43919622
170,1358,Ophioscincus truncatus,MLP_multi_with_coords,spatial,True,0,0.055643492431734096,-109030.042605492,6815332.43919622
170,1359,Pseudechis porphyricaus,MLP_multi_with_coords,spatial,True,0,0.006115425470810825,-109030.042605492,6815332.43919622
170,1360,Saltuarius swaini,MLP_multi_with_coords,spatial,True,0,0.0075312127935306915,-109030.042605492,6815332.43919622
171,1361,Cacophis kreftii,MLP_multi_with_coords,spatial,True,0,0.0022305087918404226,-27097.7448967228,6813229.19629307
171,1362,Calyptotis scutirostrum,MLP_multi_with_coords,spatial,True,0,0.0016147707007959197,-27097.7448967228,6813229.19629307
171,1363,Coeranoscincus reticulatus,MLP_multi_with_coords,spatial,True,0,0.0031606917513836786,-27097.7448967228,6813229.19629307
171,1364,Egernia mcpheei,MLP_multi_with_coords,spatial,True,0,0.0012226461691019598,-27097.7448967228,6813229.19629307
171,1365,Eulamprus murrayi,MLP_multi_with_coords,spatial,True,0,0.000955962608996135,-27097.7448967228,6813229.19629307
171,1366,Ophioscincus truncatus,MLP_multi_with_coords,spatial,True,0,0.007051426063169165,-27097.7448967228,6813229.19629307
171,1367,Pseudechis porphyricaus,MLP_multi_with_coords,spatial,True,0,0.00142318641894584,-27097.7448967228,6813229.19629307
171,1368,Saltuarius swaini,MLP_multi_with_coords,spatial,True,0,0.0067634938451605975,-27097.7448967228,6813229.19629307
172,1369,Cacophis kreftii,MLP_multi_with_coords,spatial,True,0,0.044603322478642,-148834.228828815,6806479.17622519
172,1370,Calyptotis scutirostrum,MLP_multi_with_coords,spatial,True,0,0.15388507968834667,-148834.228828815,6806479.17622519
172,1371,Coeranoscincus reticulatus,MLP_multi_with_coords,spatial,True,0,0.48383701134719653,-148834.228828815,6806479.17622519
172,1372,Egernia mcpheei,MLP_multi_with_coords,spatial,True,0,0.010280552277886478,-148834.228828815,6806479.17622519
172,1373,Eulamprus murrayi,MLP_multi_with_coords,spatial,True,0,0.017743502284690956,-148834.228828815,6806479.17622519
172,1374,Ophioscincus truncatus,MLP_multi_with_coords,spatial,True,0,0.05800285235502765,-148834.228828815,6806479.17622519
172,1375,Pseudechis porphyricaus,MLP_multi_with_coords,spatial,True,0,0.011201625507093988,-148834.228828815,6806479.17622519
172,1376,Saltuarius swaini,MLP_multi_with_coords,spatial,True,0,0.003808824895646629,-148834.228828815,6806479.17622519
173,1377,Cacophis kreftii,MLP_multi_with_coords,spatial,True,0,0.003040670919425631,-26864.9515665186,6812638.8314962
173,1378,Calyptotis scutirostrum,MLP_multi_with_coords,spatial,True,0,0.0037550880121418107,-26864.9515665186,6812638.8314962
173,1379,Coeranoscincus reticulatus,MLP_multi_with_coords,spatial,True,0,0.003774613683325915,-26864.9515665186,6812638.8314962
173,1380,Egernia mcpheei,MLP_multi_with_coords,spatial,True,0,0.002014614297439888,-26864.9515665186,6812638.8314962
173,1381,Eulamprus murrayi,MLP_multi_with_coords,spatial,True,0,0.000943541044535776,-26864.9515665186,6812638.8314962
173,1382,Ophioscincus truncatus,MLP_multi_with_coords,spatial,True,0,0.005877698892336975,-26864.9515665186,6812638.8314962
173,1383,Pseudechis porphyricaus,MLP_multi_with_coords,spatial,True,0,0.000985015132569689,-26864.9515665186,6812638.8314962
173,1384,Saltuarius swaini,MLP_multi_with_coords,spatial,True,0,0.003012927264163473,-26864.9515665186,6812638.8314962
174,1385,Cacophis kreftii,MLP_multi_with_coords,spatial,True,0,0.035241825260419836,-144171.518832433,6805913.46294023
174,1386,Calyptotis scutirostrum,MLP_multi_with_coords,spatial,True,0,0.08299377236087976,-144171.518832433,6805913.46294023
174,1387,Coeranoscincus reticulatus,MLP_multi_with_coords,spatial,True,0,0.38284566656122837,-144171.518832433,6805913.46294023
174,1388,Egernia mcpheei,MLP_multi_with_coords,spatial,True,0,0.007543620875279935,-144171.518832433,6805913.46294023
174,1389,Eulamprus murrayi,MLP_multi_with_coords,spatial,True,0,0.010981539686165675,-144171.518832433,6805913.46294023
174,1390,Ophioscincus truncatus,MLP_multi_with_coords,spatial,True,0,0.04483354191925332,-144171.518832433,6805913.46294023
174,1391,Pseudechis porphyricaus,MLP_multi_with_coords,spatial,True,0,0.011460551141739368,-144171.518832433,6805913.46294023
174,1392,Saltuarius swaini,MLP_multi_with_coords,spatial,True,0,0.004912220279489217,-144171.518832433,6805913.46294023
175,1393,Cacophis kreftii,MLP_multi_with_coords,spatial,True,0,0.0021298612867588695,-26614.0603685924,6811648.67695057
175,1394,Calyptotis scutirostrum,MLP_multi_with_coords,spatial,True,1,0.004787847352624853,-26614.0603685924,6811648.67695057
175,1395,Coeranoscincus reticulatus,MLP_multi_with_coords,spatial,True,0,0.0059152619939138625,-26614.0603685924,6811648.67695057
175,1396,Egernia mcpheei,MLP_multi_with_coords,spatial,True,0,0.0019924248140855846,-26614.0603685924,6811648.67695057
175,1397,Eulamprus murrayi,MLP_multi_with_coords,spatial,True,0,0.0008854071479476532,-26614.0603685924,6811648.67695057
175,1398,Ophioscincus truncatus,MLP_multi_with_coords,spatial,True,0,0.005516851163117921,-26614.0603685924,6811648.67695057
175,1399,Pseudechis porphyricaus,MLP_multi_with_coords,spatial,True,0,0.0008810765604970384,-26614.0603685924,6811648.67695057
175,1400,Saltuarius swaini,MLP_multi_with_coords,spatial,True,0,0.001638138822239041,-26614.0603685924,6811648.67695057
176,1401,Cacophis kreftii,MLP_multi_with_coords,spatial,True,0,0.04437977025324756,-146353.923264982,6805201.04834351
176,1402,Calyptotis scutirostrum,MLP_multi_with_coords,spatial,True,0,0.1722994424317857,-146353.923264982,6805201.04834351
176,1403,Coeranoscincus reticulatus,MLP_multi_with_coords,spatial,True,0,0.47260187369810264,-146353.923264982,6805201.04834351
176,1404,Egernia mcpheei,MLP_multi_with_coords,spatial,True,0,0.013585668217194681,-146353.923264982,6805201.04834351
176,1405,Eulamprus murrayi,MLP_multi_with_coords,spatial,True,0,0.016974010856290748,-146353.923264982,6805201.04834351
176,1406,Ophioscincus truncatus,MLP_multi_with_coords,spatial,True,0,0.056137055305190225,-146353.923264982,6805201.04834351
176,1407,Pseudechis porphyricaus,MLP_multi_with_coords,spatial,True,0,0.010501419591118933,-146353.923264982,6805201.04834351
176,1408,Saltuarius swaini,MLP_multi_with_coords,spatial,True,0,0.004983108910177947,-146353.923264982,6805201.04834351
177,1409,Cacophis kreftii,MLP_multi_with_coords,spatial,True,0,0.003221123817444985,-26577.824176917,6810849.10035356
177,1410,Calyptotis scutirostrum,MLP_multi_with_coords,spatial,True,0,0.007196575055973095,-26577.824176917,6810849.10035356
177,1411,Coeranoscincus reticulatus,MLP_multi_with_coords,spatial,True,0,0.00789005593674131,-26577.824176917,6810849.10035356
177,1412,Egernia mcpheei,MLP_multi_with_coords,spatial,True,0,0.003013482609228504,-26577.824176917,6810849.10035356
177,1413,Eulamprus murrayi,MLP_multi_with_coords,spatial,True,0,0.0012572534221019023,-26577.824176917,6810849.10035356
177,1414,Ophioscincus truncatus,MLP_multi_with_coords,spatial,True,0,0.00942986282753317,-26577.824176917,6810849.10035356
177,1415,Pseudechis porphyricaus,MLP_multi_with_coords,spatial,True,0,0.001091659744672141,-26577.824176917,6810849.10035356
177,1416,Saltuarius swaini,MLP_multi_with_coords,spatial,True,0,0.002515285964115267,-26577.824176917,6810849.10035356
178,1417,Cacophis kreftii,MLP_multi_with_coords,spatial,True,0,0.09630474679247608,-152179.201074767,6801082.64226836
178,1418,Calyptotis scutirostrum,MLP_multi_with_coords,spatial,True,0,0.09134295520252576,-152179.201074767,6801082.64226836
178,1419,Coeranoscincus reticulatus,MLP_multi_with_coords,spatial,True,1,0.6283962210386773,-152179.201074767,6801082.64226836
178,1420,Egernia mcpheei,MLP_multi_with_coords,spatial,True,0,0.01457474777907888,-152179.201074767,6801082.64226836
178,1421,Eulamprus murrayi,MLP_multi_with_coords,spatial,True,0,0.030735786607739776,-152179.201074767,6801082.64226836
178,1422,Ophioscincus truncatus,MLP_multi_with_coords,spatial,True,0,0.12647954561850622,-152179.201074767,6801082.64226836
178,1423,Pseudechis porphyricaus,MLP_multi_with_coords,spatial,True,0,0.023789283764632792,-152179.201074767,6801082.64226836
178,1424,Saltuarius swaini,MLP_multi_with_coords,spatial,True,0,0.011033076445609675,-152179.201074767,6801082.64226836
179,1425,Cacophis kreftii,MLP_multi_with_coords,spatial,True,0,0.07501695853138474,-158380.85988069,6800363.84186606
179,1426,Calyptotis scutirostrum,MLP_multi_with_coords,spatial,True,0,0.20733065877453138,-158380.85988069,6800363.84186606
179,1427,Coeranoscincus reticulatus,MLP_multi_with_coords,spatial,True,1,0.6052455150771423,-158380.85988069,6800363.84186606
179,1428,Egernia mcpheei,MLP_multi_with_coords,spatial,True,0,0.014827532331257743,-158380.85988069,6800363.84186606
179,1429,Eulamprus murrayi,MLP_multi_with_coords,spatial,True,0,0.02411503903027037,-158380.85988069,6800363.84186606
179,1430,Ophioscincus truncatus,MLP_multi_with_coords,spatial,True,0,0.11864802969363299,-158380.85988069,6800363.84186606
179,1431,Pseudechis porphyricaus,MLP_multi_with_coords,spatial,True,0,0.025884736766346013,-158380.85988069,6800363.84186606
179,1432,Saltuarius swaini,MLP_multi_with_coords,spatial,True,0,0.005202287166701365,-158380.85988069,6800363.84186606
180,1433,Cacophis kreftii,MLP_multi_with_coords,spatial,True,0,0.0024151915262098137,-29780.9705356891,6806663.75964171
180,1434,Calyptotis scutirostrum,MLP_multi_with_coords,spatial,True,0,0.001399115336396366,-29780.9705356891,6806663.75964171
180,1435,Coeranoscincus reticulatus,MLP_multi_with_coords,spatial,True,0,0.0036568955670354215,-29780.9705356891,6806663.75964171
180,1436,Egernia mcpheei,MLP_multi_with_coords,spatial,True,0,0.0012224240630153431,-29780.9705356891,6806663.75964171
180,1437,Eulamprus murrayi,MLP_multi_with_coords,spatial,True,0,0.0011254815776172928,-29780.9705356891,6806663.75964171
180,1438,Ophioscincus truncatus,MLP_multi_with_coords,spatial,True,0,0.007033287393302849,-29780.9705356891,6806663.75964171
180,1439,Pseudechis porphyricaus,MLP_multi_with_coords,spatial,True,0,0.0016922366326479086,-29780.9705356891,6806663.75964171
180,1440,Saltuarius swaini,MLP_multi_with_coords,spatial,True,0,0.007162930988025003,-29780.9705356891,6806663.75964171
181,1441,Cacophis kreftii,MLP_multi_with_coords,spatial,True,0,0.0022661814096189906,-29379.7381757025,6806682.07694802
181,1442,Calyptotis scutirostrum,MLP_multi_with_coords,spatial,True,0,0.0013112870799719917,-29379.7381757025,6806682.07694802
181,1443,Coeranoscincus reticulatus,MLP_multi_with_coords,spatial,True,0,0.0034360359014191212,-29379.7381757025,6806682.07694802
181,1444,Egernia mcpheei,MLP_multi_with_coords,spatial,True,0,0.0011511630758633176,-29379.7381757025,6806682.07694802
181,1445,Eulamprus murrayi,MLP_multi_with_coords,spatial,True,0,0.0010750626115311717,-29379.7381757025,6806682.07694802
181,1446,Ophioscincus truncatus,MLP_multi_with_coords,spatial,True,0,0.0066135359375447105,-29379.7381757025,6806682.07694802
181,1447,Pseudechis porphyricaus,MLP_multi_with_coords,spatial,True,0,0.00159647001342493,-29379.7381757025,6806682.07694802
181,1448,Saltuarius swaini,MLP_multi_with_coords,spatial,True,0,0.006861883674234313,-29379.7381757025,6806682.07694802
182,1449,Cacophis kreftii,MLP_multi_with_coords,spatial,True,0,0.03707784210296642,-155726.191227112,6799488.07056547
182,1450,Calyptotis scutirostrum,MLP_multi_with_coords,spatial,True,0,0.08160627423071569,-155726.191227112,6799488.07056547
182,1451,Coeranoscincus reticulatus,MLP_multi_with_coords,spatial,True,0,0.49978918382643134,-155726.191227112,6799488.07056547
182,1452,Egernia mcpheei,MLP_multi_with_coords,spatial,True,0,0.004329760247128232,-155726.191227112,6799488.07056547
182,1453,Eulamprus murrayi,MLP_multi_with_coords,spatial,True,0,0.010168388311295427,-155726.191227112,6799488.07056547
182,1454,Ophioscincus truncatus,MLP_multi_with_coords,spatial,True,0,0.11085159831488861,-155726.191227112,6799488.07056547
182,1455,Pseudechis porphyricaus,MLP_multi_with_coords,spatial,True,0,0.021438961626011745,-155726.191227112,6799488.07056547
182,1456,Saltuarius swaini,MLP_multi_with_coords,spatial,True,0,0.004334196142486099,-155726.191227112,6799488.07056547
183,1457,Cacophis kreftii,MLP_multi_with_coords,spatial,True,0,0.0022828923787195847,-29520.6964365395,6805473.74302288
183,1458,Calyptotis scutirostrum,MLP_multi_with_coords,spatial,True,0,0.0013298723747493242,-29520.6964365395,6805473.74302288
183,1459,Coeranoscincus reticulatus,MLP_multi_with_coords,spatial,True,0,0.0033928223196656206,-29520.6964365395,6805473.74302288
183,1460,Egernia mcpheei,MLP_multi_with_coords,spatial,True,0,0.0011465553679870966,-29520.6964365395,6805473.74302288
183,1461,Eulamprus murrayi,MLP_multi_with_coords,spatial,True,0,0.0010670800515704324,-29520.6964365395,6805473.74302288
183,1462,Ophioscincus truncatus,MLP_multi_with_coords,spatial,True,0,0.0065532115623751705,-29520.6964365395,6805473.74302288
183,1463,Pseudechis porphyricaus,MLP_multi_with_coords,spatial,True,0,0.0015655123132982526,-29520.6964365395,6805473.74302288
183,1464,Saltuarius swaini,MLP_multi_with_coords,spatial,True,0,0.006834082637367975,-29520.6964365395,6805473.74302288
184,1465,Cacophis kreftii,MLP_multi_with_coords,spatial,True,0,0.002284986612449474,-28317.1316235074,6805528.64452115
184,1466,Calyptotis scutirostrum,MLP_multi_with_coords,spatial,True,0,0.0012668692320850078,-28317.1316235074,6805528.64452115
184,1467,Coeranoscincus reticulatus,MLP_multi_with_coords,spatial,True,0,0.0034379337444153724,-28317.1316235074,6805528.64452115
184,1468,Egernia mcpheei,MLP_multi_with_coords,spatial,True,0,0.0011425745244961953,-28317.1316235074,6805528.64452115
184,1469,Eulamprus murrayi,MLP_multi_with_coords,spatial,True,0,0.001064674696764695,-28317.1316235074,6805528.64452115
184,1470,Ophioscincus truncatus,MLP_multi_with_coords,spatial,True,0,0.006590918228655697,-28317.1316235074,6805528.64452115
184,1471,Pseudechis porphyricaus,MLP_multi_with_coords,spatial,True,0,0.001606390841348457,-28317.1316235074,6805528.64452115
184,1472,Saltuarius swaini,MLP_multi_with_coords,spatial,True,0,0.006607778493536602,-28317.1316235074,6805528.64452115
185,1473,Cacophis kreftii,MLP_multi_with_coords,spatial,True,0,0.045266692549247034,-154680.904774922,6798732.86570032
185,1474,Calyptotis scutirostrum,MLP_multi_with_coords,spatial,True,0,0.09408029875620615,-154680.904774922,6798732.86570032
185,1475,Coeranoscincus reticulatus,MLP_multi_with_coords,spatial,True,1,0.5405170899868376,-154680.904774922,6798732.86570032
185,1476,Egernia mcpheei,MLP_multi_with_coords,spatial,True,0,0.006294583368697413,-154680.904774922,6798732.86570032
185,1477,Eulamprus murrayi,MLP_multi_with_coords,spatial,True,0,0.014133222067793574,-154680.904774922,6798732.86570032
185,1478,Ophioscincus truncatus,MLP_multi_with_coords,spatial,True,0,0.05060493861674644,-154680.904774922,6798732.86570032
185,1479,Pseudechis porphyricaus,MLP_multi_with_coords,spatial,True,0,0.018154307472631866,-154680.904774922,6798732.86570032
185,1480,Saltuarius swaini,MLP_multi_with_coords,spatial,True,0,0.0041858944003686106,-154680.904774922,6798732.86570032
186,1481,Cacophis kreftii,MLP_multi_with_coords,spatial,True,0,0.0023054995077348337,-29502.4373697368,6805073.94284487
186,1482,Calyptotis scutirostrum,MLP_multi_with_coords,spatial,True,0,0.0012938360502918645,-29502.4373697368,6805073.94284487
186,1483,Coeranoscincus reticulatus,MLP_multi_with_coords,spatial,True,0,0.003474780482441932,-29502.4373697368,6805073.94284487
186,1484,Egernia mcpheei,MLP_multi_with_coords,spatial,True,0,0.001154207085487186,-29502.4373697368,6805073.94284487
186,1485,Eulamprus murrayi,MLP_multi_with_coords,spatial,True,0,0.0010822980229248302,-29502.4373697368,6805073.94284487
186,1486,Ophioscincus truncatus,MLP_multi_with_coords,spatial,True,0,0.006677438288014312,-29502.4373697368,6805073.94284487
186,1487,Pseudechis porphyricaus,MLP_multi_with_coords,spatial,True,0,0.0016340604657384438,-29502.4373697368,6805073.94284487
186,1488,Saltuarius swaini,MLP_multi_with_coords,spatial,True,0,0.006787594064508531,-29502.4373697368,6805073.94284487
187,1489,Cacophis kreftii,MLP_multi_with_coords,spatial,True,0,0.06062026594842265,-153649.192596345,6798389.56853004
187,1490,Calyptotis scutirostrum,MLP_multi_with_coords,spatial,True,0,0.17067417772296473,-153649.192596345,6798389.56853004
187,1491,Coeranoscincus reticulatus,MLP_multi_with_coords,spatial,True,1,0.5904608728846427,-153649.192596345,6798389.56853004
187,1492,Egernia mcpheei,MLP_multi_with_coords,spatial,True,0,0.01019503426221318,-153649.192596345,6798389.56853004
187,1493,Eulamprus murrayi,MLP_multi_with_coords,spatial,True,0,0.020124068537660952,-153649.192596345,6798389.56853004
187,1494,Ophioscincus truncatus,MLP_multi_with_coords,spatial,True,0,0.07802164743732672,-153649.192596345,6798389.56853004
187,1495,Pseudechis porphyricaus,MLP_multi_with_coords,spatial,True,0,0.019569405255878816,-153649.192596345,6798389.56853004
187,1496,Saltuarius swaini,MLP_multi_with_coords,spatial,True,0,0.005276368241441584,-153649.192596345,6798389.56853004
188,1497,Cacophis kreftii,MLP_multi_with_coords,spatial,True,0,0.03020752172495892,-154245.287601219,6798155.10832232
188,1498,Calyptotis scutirostrum,MLP_multi_with_coords,spatial,True,0,0.07269606501468252,-154245.287601219,6798155.10832232
188,1499,Coeranoscincus reticulatus,MLP_multi_with_coords,spatial,True,1,0.4724415320349353,-154245.287601219,6798155.10832232
188,1500,Egernia mcpheei,MLP_multi_with_coords,spatial,True,0,0.006059275172787446,-154245.287601219,6798155.10832232
188,1501,Eulamprus murrayi,MLP_multi_with_coords,spatial,True,0,0.013262642396935477,-154245.287601219,6798155.10832232
188,1502,Ophioscincus truncatus,MLP_multi_with_coords,spatial,True,0,0.036146997100447165,-154245.287601219,6798155.10832232
188,1503,Pseudechis porphyricaus,MLP_multi_with_coords,spatial,True,0,0.012111793169415156,-154245.287601219,6798155.10832232
188,1504,Saltuarius swaini,MLP_multi_with_coords,spatial,True,0,0.0029105889567164795,-154245.287601219,6798155.10832232
189,1505,Cacophis kreftii,MLP_multi_with_coords,spatial,True,0,0.06595640713498505,-112502.967446529,6800471.69931174
189,1506,Calyptotis scutirostrum,MLP_multi_with_coords,spatial,True,0,0.3789488631046656,-112502.967446529,6800471.69931174
189,1507,Coeranoscincus reticulatus,MLP_multi_with_coords,spatial,True,0,0.24752578021493327,-112502.967446529,6800471.69931174
189,1508,Egernia mcpheei,MLP_multi_with_coords,spatial,True,0,0.0402286802788886,-112502.967446529,6800471.69931174
189,1509,Eulamprus murrayi,MLP_multi_with_coords,spatial,True,0,0.008649789154809075,-112502.967446529,6800471.69931174
189,1510,Ophioscincus truncatus,MLP_multi_with_coords,spatial,True,0,0.2019249136181576,-112502.967446529,6800471.69931174
189,1511,Pseudechis porphyricaus,MLP_multi_with_coords,spatial,True,0,0.004689167663370336,-112502.967446529,6800471.69931174
189,1512,Saltuarius swaini,MLP_multi_with_coords,spatial,True,0,0.005098951090949374,-112502.967446529,6800471.69931174
190,1513,Cacophis kreftii,MLP_multi_with_coords,spatial,True,0,0.1170404700402066,-112492.387376251,6800271.63658075
190,1514,Calyptotis scutirostrum,MLP_multi_with_coords,spatial,True,0,0.5139063332461041,-112492.387376251,6800271.63658075
190,1515,Coeranoscincus reticulatus,MLP_multi_with_coords,spatial,True,1,0.26535144839240804,-112492.387376251,6800271.63658075
190,1516,Egernia mcpheei,MLP_multi_with_coords,spatial,True,0,0.06598318873751984,-112492.387376251,6800271.63658075
190,1517,Eulamprus murrayi,MLP_multi_with_coords,spatial,True,0,0.012106101358264783,-112492.387376251,6800271.63658075
190,1518,Ophioscincus truncatus,MLP_multi_with_coords,spatial,True,0,0.45137119655726937,-112492.387376251,6800271.63658075
190,1519,Pseudechis porphyricaus,MLP_multi_with_coords,spatial,True,0,0.007942026103485116,-112492.387376251,6800271.63658075
190,1520,Saltuarius swaini,MLP_multi_with_coords,spatial,True,0,0.009625661260515748,-112492.387376251,6800271.63658075
191,1521,Cacophis kreftii,MLP_multi_with_coords,spatial,True,0,0.05978525651811431,-152408.241373254,6797645.26465756
191,1522,Calyptotis scutirostrum,MLP_multi_with_coords,spatial,True,0,0.13444879892544614,-152408.241373254,6797645.26465756
191,1523,Coeranoscincus reticulatus,MLP_multi_with_coords,spatial,True,1,0.5896965662983169,-152408.241373254,6797645.26465756
191,1524,Egernia mcpheei,MLP_multi_with_coords,spatial,True,0,0.009403331378880933,-152408.241373254,6797645.26465756
191,1525,Eulamprus murrayi,MLP_multi_with_coords,spatial,True,0,0.018183250207955675,-152408.241373254,6797645.26465756
191,1526,Ophioscincus truncatus,MLP_multi_with_coords,spatial,True,0,0.06268705778485585,-152408.241373254,6797645.26465756
191,1527,Pseudechis porphyricaus,MLP_multi_with_coords,spatial,True,0,0.021191800028544743,-152408.241373254,6797645.26465756
191,1528,Saltuarius swaini,MLP_multi_with_coords,spatial,True,0,0.006273460700246648,-152408.241373254,6797645.26465756
192,1529,Cacophis kreftii,MLP_multi_with_coords,spatial,True,0,0.05430345052497729,-111862.768502251,6799691.91157671
192,1530,Calyptotis scutirostrum,MLP_multi_with_coords,spatial,True,0,0.35980282943230135,-111862.768502251,6799691.91157671
192,1531,Coeranoscincus reticulatus,MLP_multi_with_coords,spatial,True,1,0.19872158135566198,-111862.768502251,6799691.91157671
192,1532,Egernia mcpheei,MLP_multi_with_coords,spatial,True,0,0.031092293425806723,-111862.768502251,6799691.91157671
192,1533,Eulamprus murrayi,MLP_multi_with_coords,spatial,True,0,0.006216173391781055,-111862.768502251,6799691.91157671
192,1534,Ophioscincus truncatus,MLP_multi_with_coords,spatial,True,0,0.2045221736351989,-111862.768502251,6799691.91157671
192,1535,Pseudechis porphyricaus,MLP_multi_with_coords,spatial,True,0,0.0033709880587280976,-111862.768502251,6799691.91157671
192,1536,Saltuarius swaini,MLP_multi_with_coords,spatial,True,0,0.003206217489785257,-111862.768502251,6799691.91157671
193,1537,Cacophis kreftii,MLP_multi_with_coords,spatial,True,0,0.03407076313540317,-153796.263664079,6797165.36470106
193,1538,Calyptotis scutirostrum,MLP_multi_with_coords,spatial,True,0,0.09740343127881435,-153796.263664079,6797165.36470106
193,1539,Coeranoscincus reticulatus,MLP_multi_with_coords,spatial,True,1,0.47167236890100295,-153796.263664079,6797165.36470106
193,1540,Egernia mcpheei,MLP_multi_with_coords,spatial,True,0,0.009422161799038294,-153796.263664079,6797165.36470106
193,1541,Eulamprus murrayi,MLP_multi_with_coords,spatial,True,0,0.015061413737959616,-153796.263664079,6797165.36470106
193,1542,Ophioscincus truncatus,MLP_multi_with_coords,spatial,True,0,0.03336407038265324,-153796.263664079,6797165.36470106
193,1543,Pseudechis porphyricaus,MLP_multi_with_coords,spatial,True,0,0.012905259847937597,-153796.263664079,6797165.36470106
193,1544,Saltuarius swaini,MLP_multi_with_coords,spatial,True,0,0.0040659123509279175,-153796.263664079,6797165.36470106
194,1545,Cacophis kreftii,MLP_multi_with_coords,spatial,True,0,0.09509812686268708,-113057.133584369,6799439.25721174
194,1546,Calyptotis scutirostrum,MLP_multi_with_coords,spatial,True,0,0.4761487681569071,-113057.133584369,6799439.25721174
194,1547,Coeranoscincus reticulatus,MLP_multi_with_coords,spatial,True,1,0.2541082627873649,-113057.133584369,6799439.25721174
194,1548,Egernia mcpheei,MLP_multi_with_coords,spatial,True,0,0.05690939690043577,-113057.133584369,6799439.25721174
194,1549,Eulamprus murrayi,MLP_multi_with_coords,spatial,True,0,0.009679076314721037,-113057.133584369,6799439.25721174
194,1550,Ophioscincus truncatus,MLP_multi_with_coords,spatial,True,0,0.3867698231031269,-113057.133584369,6799439.25721174
194,1551,Pseudechis porphyricaus,MLP_multi_with_coords,spatial,True,0,0.006857284430577849,-113057.133584369,6799439.25721174
194,1552,Saltuarius swaini,MLP_multi_with_coords,spatial,True,0,0.0072969429705786884,-113057.133584369,6799439.25721174
195,1553,Cacophis kreftii,MLP_multi_with_coords,spatial,True,0,0.08426438388702157,-153177.628494992,6796999.50794559
195,1554,Calyptotis scutirostrum,MLP_multi_with_coords,spatial,True,0,0.14616364720457015,-153177.628494992,6796999.50794559
195,1555,Coeranoscincus reticulatus,MLP_multi_with_coords,spatial,True,1,0.5731225536916355,-153177.628494992,6796999.50794559
195,1556,Egernia mcpheei,MLP_multi_with_coords,spatial,True,0,0.015820928444821324,-153177.628494992,6796999.50794559
195,1557,Eulamprus murrayi,MLP_multi_with_coords,spatial,True,0,0.024729003703078,-153177.628494992,6796999.50794559
195,1558,Ophioscincus truncatus,MLP_multi_with_coords,spatial,True,0,0.15853683632816473,-153177.628494992,6796999.50794559
195,1559,Pseudechis porphyricaus,MLP_multi_with_coords,spatial,True,0,0.0280479309095851,-153177.628494992,6796999.50794559
195,1560,Saltuarius swaini,MLP_multi_with_coords,spatial,True,0,0.01346144386217544,-153177.628494992,6796999.50794559
196,1561,Cacophis kreftii,MLP_multi_with_coords,spatial,True,0,0.06729299069751715,-111841.623750466,6799291.78871934
196,1562,Calyptotis scutirostrum,MLP_multi_with_coords,spatial,True,0,0.40097003144354376,-111841.623750466,6799291.78871934
196,1563,Coeranoscincus reticulatus,MLP_multi_with_coords,spatial,True,1,0.25135056072749007,-111841.623750466,6799291.78871934
196,1564,Egernia mcpheei,MLP_multi_with_coords,spatial,True,1,0.04550444558358169,-111841.623750466,6799291.78871934
196,1565,Eulamprus murrayi,MLP_multi_with_coords,spatial,True,0,0.008829653266004754,-111841.623750466,6799291.78871934
196,1566,Ophioscincus truncatus,MLP_multi_with_coords,spatial,True,0,0.24650348992169982,-111841.623750466,6799291.78871934
196,1567,Pseudechis porphyricaus,MLP_multi_with_coords,spatial,True,0,0.005455561746478638,-111841.623750466,6799291.78871934
196,1568,Saltuarius swaini,MLP_multi_with_coords,spatial,True,0,0.006009979180268193,-111841.623750466,6799291.78871934
197,1569,Cacophis kreftii,MLP_multi_with_coords,spatial,True,0,0.0022645050046165636,-31200.4121417062,6802970.7749555
197,1570,Calyptotis scutirostrum,MLP_multi_with_coords,spatial,True,0,0.001600503387596523,-31200.4121417062,6802970.7749555
197,1571,Coeranoscincus reticulatus,MLP_multi_with_coords,spatial,True,0,0.003295350281562744,-31200.4121417062,6802970.7749555
197,1572,Egernia mcpheei,MLP_multi_with_coords,spatial,True,0,0.0012170832972017902,-31200.4121417062,6802970.7749555
197,1573,Eulamprus murrayi,MLP_multi_with_coords,spatial,True,0,0.0009510278253631014,-31200.4121417062,6802970.7749555
197,1574,Ophioscincus truncatus,MLP_multi_with_coords,spatial,True,0,0.006460055175762896,-31200.4121417062,6802970.7749555
197,1575,Pseudechis porphyricaus,MLP_multi_with_coords,spatial,True,0,0.0014085964364743018,-31200.4121417062,6802970.7749555
197,1576,Saltuarius swaini,MLP_multi_with_coords,spatial,True,0,0.00594232756316313,-31200.4121417062,6802970.7749555
198,1577,Cacophis kreftii,MLP_multi_with_coords,spatial,True,0,0.06621468097867801,-111757.020588895,6797691.29771726
198,1578,Calyptotis scutirostrum,MLP_multi_with_coords,spatial,True,0,0.31287625219173476,-111757.020588895,6797691.29771726
198,1579,Coeranoscincus reticulatus,MLP_multi_with_coords,spatial,True,1,0.26792376309675575,-111757.020588895,6797691.29771726
198,1580,Egernia mcpheei,MLP_multi_with_coords,spatial,True,0,0.02895224353017471,-111757.020588895,6797691.29771726
198,1581,Eulamprus murrayi,MLP_multi_with_coords,spatial,True,0,0.007774607919699424,-111757.020588895,6797691.29771726
198,1582,Ophioscincus truncatus,MLP_multi_with_coords,spatial,True,0,0.28641063286579094,-111757.020588895,6797691.29771726
198,1583,Pseudechis porphyricaus,MLP_multi_with_coords,spatial,True,0,0.006614032729196723,-111757.020588895,6797691.29771726
198,1584,Saltuarius swaini,MLP_multi_with_coords,spatial,True,0,0.009732813714729617,-111757.020588895,6797691.29771726
199,1585,Cacophis kreftii,MLP_multi_with_coords,spatial,True,0,0.2436561474448706,-111540.073845013,6797301.52655841
199,1586,Calyptotis scutirostrum,MLP_multi_with_coords,spatial,True,0,0.60457534343456,-111540.073845013,6797301.52655841
199,1587,Coeranoscincus reticulatus,MLP_multi_with_coords,spatial,True,1,0.3335753115847143,-111540.073845013,6797301.52655841
199,1588,Egernia mcpheei,MLP_multi_with_coords,spatial,True,1,0.13578029217492124,-111540.073845013,6797301.52655841
199,1589,Eulamprus murrayi,MLP_multi_with_coords,spatial,True,0,0.027756248198155704,-111540.073845013,6797301.52655841
199,1590,Ophioscincus truncatus,MLP_multi_with_coords,spatial,True,0,0.621082039479422,-111540.073845013,6797301.52655841
199,1591,Pseudechis porphyricaus,MLP_multi_with_coords,spatial,True,0,0.014639708552105654,-111540.073845013,6797301.52655841
199,1592,Saltuarius swaini,MLP_multi_with_coords,spatial,True,0,0.018358265685716343,-111540.073845013,6797301.52655841
200,1593,Cacophis kreftii,MLP_multi_with_coords,spatial,True,0,0.022441084180915283,-165917.840413128,6794142.17633504
200,1594,Calyptotis scutirostrum,MLP_multi_with_coords,spatial,True,0,0.01980572881275761,-165917.840413128,6794142.17633504
200,1595,Coeranoscincus reticulatus,MLP_multi_with_coords,spatial,True,1,0.3854829791830527,-165917.840413128,6794142.17633504
200,1596,Egernia mcpheei,MLP_multi_with_coords,spatial,True,0,0.0015697170806411146,-165917.840413128,6794142.17633504
200,1597,Eulamprus murrayi,MLP_multi_with_coords,spatial,True,0,0.008623345407166113,-165917.840413128,6794142.17633504
200,1598,Ophioscincus truncatus,MLP_multi_with_coords,spatial,True,0,0.1969323942725847,-165917.840413128,6794142.17633504
200,1599,Pseudechis porphyricaus,MLP_multi_with_coords,spatial,True,0,0.04266461100981991,-165917.840413128,6794142.17633504
200,1600,Saltuarius swaini,MLP_multi_with_coords,spatial,True,0,0.006067540644319303,-165917.840413128,6794142.17633504
201,1601,Cacophis kreftii,MLP_multi_with_coords,spatial,True,0,0.2130530499101819,-111724.493680147,6796890.5347694
201,1602,Calyptotis scutirostrum,MLP_multi_with_coords,spatial,True,0,0.6123893632515248,-111724.493680147,6796890.5347694
201,1603,Coeranoscincus reticulatus,MLP_multi_with_coords,spatial,True,1,0.31397636100959114,-111724.493680147,6796890.5347694
201,1604,Egernia mcpheei,MLP_multi_with_coords,spatial,True,0,0.13454316138558226,-111724.493680147,6796890.5347694
201,1605,Eulamprus murrayi,MLP_multi_with_coords,spatial,True,0,0.025634271654161354,-111724.493680147,6796890.5347694
201,1606,Ophioscincus truncatus,MLP_multi_with_coords,spatial,True,0,0.5671021868390757,-111724.493680147,6796890.5347694
201,1607,Pseudechis porphyricaus,MLP_multi_with_coords,spatial,True,0,0.01281519657221665,-111724.493680147,6796890.5347694
201,1608,Saltuarius swaini,MLP_multi_with_coords,spatial,True,0,0.016518495562259913,-111724.493680147,6796890.5347694
202,1609,Cacophis kreftii,MLP_multi_with_coords,spatial,True,0,0.08366607262373821,-111508.34435778,6796701.34390328
202,1610,Calyptotis scutirostrum,MLP_multi_with_coords,spatial,True,0,0.45084165267205545,-111508.34435778,6796701.34390328
202,1611,Coeranoscincus reticulatus,MLP_multi_with_coords,spatial,True,1,0.2179407765632035,-111508.34435778,6796701.34390328
202,1612,Egernia mcpheei,MLP_multi_with_coords,spatial,True,0,0.06825248131945437,-111508.34435778,6796701.34390328
202,1613,Eulamprus murrayi,MLP_multi_with_coords,spatial,True,0,0.009031303132176215,-111508.34435778,6796701.34390328
202,1614,Ophioscincus truncatus,MLP_multi_with_coords,spatial,True,0,0.3159499594202139,-111508.34435778,6796701.34390328
202,1615,Pseudechis porphyricaus,MLP_multi_with_coords,spatial,True,0,0.005756558629283778,-111508.34435778,6796701.34390328
202,1616,Saltuarius swaini,MLP_multi_with_coords,spatial,True,0,0.007481452070791915,-111508.34435778,6796701.34390328
203,1617,Cacophis kreftii,MLP_multi_with_coords,spatial,True,0,0.03398293034631317,-165638.858103626,6792540.33884748
203,1618,Calyptotis scutirostrum,MLP_multi_with_coords,spatial,True,0,0.033989042466959614,-165638.858103626,6792540.33884748
203,1619,Coeranoscincus reticulatus,MLP_multi_with_coords,spatial,True,1,0.4006554690184108,-165638.858103626,6792540.33884748
203,1620,Egernia mcpheei,MLP_multi_with_coords,spatial,True,0,0.0023220946225358937,-165638.858103626,6792540.33884748
203,1621,Eulamprus murrayi,MLP_multi_with_coords,spatial,True,0,0.0121815224625244,-165638.858103626,6792540.33884748
203,1622,Ophioscincus truncatus,MLP_multi_with_coords,spatial,True,0,0.3281788265075739,-165638.858103626,6792540.33884748
203,1623,Pseudechis porphyricaus,MLP_multi_with_coords,spatial,True,0,0.05401327798574145,-165638.858103626,6792540.33884748
203,1624,Saltuarius swaini,MLP_multi_with_coords,spatial,True,0,0.010846342505182316,-165638.858103626,6792540.33884748
204,1625,Cacophis kreftii,MLP_multi_with_coords,spatial,True,0,0.04837119444071576,-111628.657553236,6795078.86889821
204,1626,Calyptotis scutirostrum,MLP_multi_with_coords,spatial,True,0,0.10589174527953764,-111628.657553236,6795078.86889821
204,1627,Coeranoscincus reticulatus,MLP_multi_with_coords,spatial,True,0,0.3962129481534475,-111628.657553236,6795078.86889821
204,1628,Egernia mcpheei,MLP_multi_with_coords,spatial,True,0,0.015527292405311954,-111628.657553236,6795078.86889821
204,1629,Eulamprus murrayi,MLP_multi_with_coords,spatial,True,0,0.020807113970085278,-111628.657553236,6795078.86889821
204,1630,Ophioscincus truncatus,MLP_multi_with_coords,spatial,True,0,0.0708831656267325,-111628.657553236,6795078.86889821
204,1631,Pseudechis porphyricaus,MLP_multi_with_coords,spatial,True,0,0.01508131095575374,-111628.657553236,6795078.86889821
204,1632,Saltuarius swaini,MLP_multi_with_coords,spatial,True,0,0.011194798807878348,-111628.657553236,6795078.86889821
205,1633,Cacophis kreftii,MLP_multi_with_coords,spatial,True,0,0.030394115830943858,-111987.574051639,6794257.38010052
205,1634,Calyptotis scutirostrum,MLP_multi_with_coords,spatial,True,0,0.06714851922371522,-111987.574051639,6794257.38010052
205,1635,Coeranoscincus reticulatus,MLP_multi_with_coords,spatial,True,0,0.30195172063296155,-111987.574051639,6794257.38010052
205,1636,Egernia mcpheei,MLP_multi_with_coords,spatial,True,0,0.009933337802686992,-111987.574051639,6794257.38010052
205,1637,Eulamprus murrayi,MLP_multi_with_coords,spatial,True,0,0.011057884919308628,-111987.574051639,6794257.38010052
205,1638,Ophioscincus truncatus,MLP_multi_with_coords,spatial,True,0,0.07787683921204756,-111987.574051639,6794257.38010052
205,1639,Pseudechis porphyricaus,MLP_multi_with_coords,spatial,True,0,0.011687103022422415,-111987.574051639,6794257.38010052
205,1640,Saltuarius swaini,MLP_multi_with_coords,spatial,True,0,0.013658187247880127,-111987.574051639,6794257.38010052
206,1641,Cacophis kreftii,MLP_multi_with_coords,spatial,True,0,0.028657303708417528,-111543.951324666,6793478.37953304
206,1642,Calyptotis scutirostrum,MLP_multi_with_coords,spatial,True,0,0.05565373534960811,-111543.951324666,6793478.37953304
206,1643,Coeranoscincus reticulatus,MLP_multi_with_coords,spatial,True,1,0.2714921256263884,-111543.951324666,6793478.37953304
206,1644,Egernia mcpheei,MLP_multi_with_coords,spatial,True,0,0.0077423385789897065,-111543.951324666,6793478.37953304
206,1645,Eulamprus murrayi,MLP_multi_with_coords,spatial,True,0,0.00916994256253536,-111543.951324666,6793478.37953304
206,1646,Ophioscincus truncatus,MLP_multi_with_coords,spatial,True,0,0.04997983023510578,-111543.951324666,6793478.37953304
206,1647,Pseudechis porphyricaus,MLP_multi_with_coords,spatial,True,0,0.010060068622483926,-111543.951324666,6793478.37953304
206,1648,Saltuarius swaini,MLP_multi_with_coords,spatial,True,0,0.00996038508534481,-111543.951324666,6793478.37953304
207,1649,Cacophis kreftii,MLP_multi_with_coords,spatial,True,0,0.016985055594283125,-166932.442763671,6790267.55776097
207,1650,Calyptotis scutirostrum,MLP_multi_with_coords,spatial,True,0,0.006722182775201535,-166932.442763671,6790267.55776097
207,1651,Coeranoscincus reticulatus,MLP_multi_with_coords,spatial,True,1,0.15795325034562172,-166932.442763671,6790267.55776097
207,1652,Egernia mcpheei,MLP_multi_with_coords,spatial,True,0,0.0009463348998209838,-166932.442763671,6790267.55776097
207,1653,Eulamprus murrayi,MLP_multi_with_coords,spatial,True,0,0.004623156035365173,-166932.442763671,6790267.55776097
207,1654,Ophioscincus truncatus,MLP_multi_with_coords,spatial,True,0,0.2260214458816377,-166932.442763671,6790267.55776097
207,1655,Pseudechis porphyricaus,MLP_multi_with_coords,spatial,True,0,0.036276467447856765,-166932.442763671,6790267.55776097
207,1656,Saltuarius swaini,MLP_multi_with_coords,spatial,True,0,0.006231045333531795,-166932.442763671,6790267.55776097
208,1657,Cacophis kreftii,MLP_multi_with_coords,spatial,True,0,0.03981972070689018,-113333.176647029,6792982.26555712
208,1658,Calyptotis scutirostrum,MLP_multi_with_coords,spatial,True,0,0.06512460560192586,-113333.176647029,6792982.26555712
208,1659,Coeranoscincus reticulatus,MLP_multi_with_coords,spatial,True,0,0.2743509535776013,-113333.176647029,6792982.26555712
208,1660,Egernia mcpheei,MLP_multi_with_coords,spatial,True,0,0.015772151416264396,-113333.176647029,6792982.26555712
208,1661,Eulamprus murrayi,MLP_multi_with_coords,spatial,True,0,0.012850905933494744,-113333.176647029,6792982.26555712
208,1662,Ophioscincus truncatus,MLP_multi_with_coords,spatial,True,0,0.13173596609682364,-113333.176647029,6792982.26555712
208,1663,Pseudechis porphyricaus,MLP_multi_with_coords,spatial,True,1,0.01619967790432796,-113333.176647029,6792982.26555712
208,1664,Saltuarius swaini,MLP_multi_with_coords,spatial,True,0,0.023619179928975456,-113333.176647029,6792982.26555712
209,1665,Cacophis kreftii,MLP_multi_with_coords,spatial,True,0,0.03895671722468721,-112530.721336831,6793024.84869485
209,1666,Calyptotis scutirostrum,MLP_multi_with_coords,spatial,True,0,0.10050023692083099,-112530.721336831,6793024.84869485
209,1667,Coeranoscincus reticulatus,MLP_multi_with_coords,spatial,True,1,0.32982960824346125,-112530.721336831,6793024.84869485
209,1668,Egernia mcpheei,MLP_multi_with_coords,spatial,True,0,0.012239402846537493,-112530.721336831,6793024.84869485
209,1669,Eulamprus murrayi,MLP_multi_with_coords,spatial,True,0,0.01510351509373525,-112530.721336831,6793024.84869485
209,1670,Ophioscincus truncatus,MLP_multi_with_coords,spatial,True,0,0.06126424182314961,-112530.721336831,6793024.84869485
209,1671,Pseudechis porphyricaus,MLP_multi_with_coords,spatial,True,0,0.008491521340095757,-112530.721336831,6793024.84869485
209,1672,Saltuarius swaini,MLP_multi_with_coords,spatial,True,0,0.008222219497389851,-112530.721336831,6793024.84869485
210,1673,Cacophis kreftii,MLP_multi_with_coords,spatial,True,0,0.025768015727233452,-112129.496210697,6793046.11909854
210,1674,Calyptotis scutirostrum,MLP_multi_with_coords,spatial,True,0,0.05293472936845755,-112129.496210697,6793046.11909854
210,1675,Coeranoscincus reticulatus,MLP_multi_with_coords,spatial,True,0,0.24043628282072932,-112129.496210697,6793046.11909854
210,1676,Egernia mcpheei,MLP_multi_with_coords,spatial,True,0,0.009232787546396904,-112129.496210697,6793046.11909854
210,1677,Eulamprus murrayi,MLP_multi_with_coords,spatial,True,0,0.009639804844571036,-112129.496210697,6793046.11909854
210,1678,Ophioscincus truncatus,MLP_multi_with_coords,spatial,True,0,0.06155079331419704,-112129.496210697,6793046.11909854
210,1679,Pseudechis porphyricaus,MLP_multi_with_coords,spatial,True,0,0.011010458117507652,-112129.496210697,6793046.11909854
210,1680,Saltuarius swaini,MLP_multi_with_coords,spatial,True,0,0.011841074990500597,-112129.496210697,6793046.11909854
211,1681,Cacophis kreftii,MLP_multi_with_coords,spatial,True,0,0.020741183366021602,-164829.821681687,6788558.93776823
211,1682,Calyptotis scutirostrum,MLP_multi_with_coords,spatial,True,0,0.00835069898599268,-164829.821681687,6788558.93776823
211,1683,Coeranoscincus reticulatus,MLP_multi_with_coords,spatial,True,1,0.15043004569249738,-164829.821681687,6788558.93776823
211,1684,Egernia mcpheei,MLP_multi_with_coords,spatial,True,0,0.0010870096574866308,-164829.821681687,6788558.93776823
211,1685,Eulamprus murrayi,MLP_multi_with_coords,spatial,True,0,0.005222032337904816,-164829.821681687,6788558.93776823
211,1686,Ophioscincus truncatus,MLP_multi_with_coords,spatial,True,0,0.26314094988973197,-164829.821681687,6788558.93776823
211,1687,Pseudechis porphyricaus,MLP_multi_with_coords,spatial,True,0,0.05156862002144616,-164829.821681687,6788558.93776823
211,1688,Saltuarius swaini,MLP_multi_with_coords,spatial,True,0,0.009034808166850953,-164829.821681687,6788558.93776823
212,1689,Cacophis kreftii,MLP_multi_with_coords,spatial,True,0,0.015616323896845833,-165023.878239824,6788346.91096964
212,1690,Calyptotis scutirostrum,MLP_multi_with_coords,spatial,True,0,0.005930315838229219,-165023.878239824,6788346.91096964
212,1691,Coeranoscincus reticulatus,MLP_multi_with_coords,spatial,True,0,0.10846765045665571,-165023.878239824,6788346.91096964
212,1692,Egernia mcpheei,MLP_multi_with_coords,spatial,True,0,0.0009848643818265621,-165023.878239824,6788346.91096964
212,1693,Eulamprus murrayi,MLP_multi_with_coords,spatial,True,0,0.004079412322888585,-165023.878239824,6788346.91096964
212,1694,Ophioscincus truncatus,MLP_multi_with_coords,spatial,True,0,0.23937023225086532,-165023.878239824,6788346.91096964
212,1695,Pseudechis porphyricaus,MLP_multi_with_coords,spatial,True,0,0.0578915140334793,-165023.878239824,6788346.91096964
212,1696,Saltuarius swaini,MLP_multi_with_coords,spatial,True,0,0.00852572153918541,-165023.878239824,6788346.91096964
213,1697,Cacophis kreftii,MLP_multi_with_coords,spatial,True,0,0.016256406315222665,-164391.455012656,6787769.669967
213,1698,Calyptotis scutirostrum,MLP_multi_with_coords,spatial,True,0,0.005589791803245517,-164391.455012656,6787769.669967
213,1699,Coeranoscincus reticulatus,MLP_multi_with_coords,spatial,True,1,0.11134064879722531,-164391.455012656,6787769.669967
213,1700,Egernia mcpheei,MLP_multi_with_coords,spatial,True,0,0.0011180575378121043,-164391.455012656,6787769.669967
213,1701,Eulamprus murrayi,MLP_multi_with_coords,spatial,True,0,0.004261782417286792,-164391.455012656,6787769.669967
213,1702,Ophioscincus truncatus,MLP_multi_with_coords,spatial,True,0,0.2298982174026979,-164391.455012656,6787769.669967
213,1703,Pseudechis porphyricaus,MLP_multi_with_coords,spatial,True,0,0.0636541027581585,-164391.455012656,6787769.669967
213,1704,Saltuarius swaini,MLP_multi_with_coords,spatial,True,0,0.009857837542335907,-164391.455012656,6787769.669967
214,1705,Cacophis kreftii,MLP_multi_with_coords,spatial,True,0,0.06219194690365227,-110822.113763642,6787074.42336939
214,1706,Calyptotis scutirostrum,MLP_multi_with_coords,spatial,True,0,0.14012562414244278,-110822.113763642,6787074.42336939
214,1707,Coeranoscincus reticulatus,MLP_multi_with_coords,spatial,True,0,0.35443305212004805,-110822.113763642,6787074.42336939
214,1708,Egernia mcpheei,MLP_multi_with_coords,spatial,True,0,0.017864830295539657,-110822.113763642,6787074.42336939
214,1709,Eulamprus murrayi,MLP_multi_with_coords,spatial,True,0,0.021634350910933086,-110822.113763642,6787074.42336939
214,1710,Ophioscincus truncatus,MLP_multi_with_coords,spatial,True,0,0.12812331005091832,-110822.113763642,6787074.42336939
214,1711,Pseudechis porphyricaus,MLP_multi_with_coords,spatial,True,0,0.012815150832498477,-110822.113763642,6787074.42336939
214,1712,Saltuarius swaini,MLP_multi_with_coords,spatial,True,0,0.016962108777391904,-110822.113763642,6787074.42336939
215,1713,Cacophis kreftii,MLP_multi_with_coords,spatial,True,0,0.14275128525343014,-110616.719576928,6787085.30761186
215,1714,Calyptotis scutirostrum,MLP_multi_with_coords,spatial,True,0,0.15900998755726709,-110616.719576928,6787085.30761186
215,1715,Coeranoscincus reticulatus,MLP_multi_with_coords,spatial,True,0,0.5082001050487984,-110616.719576928,6787085.30761186
215,1716,Egernia mcpheei,MLP_multi_with_coords,spatial,True,0,0.05984392710910424,-110616.719576928,6787085.30761186
215,1717,Eulamprus murrayi,MLP_multi_with_coords,spatial,True,0,0.05572030310141014,-110616.719576928,6787085.30761186
215,1718,Ophioscincus truncatus,MLP_multi_with_coords,spatial,True,0,0.29313653636785736,-110616.719576928,6787085.30761186
215,1719,Pseudechis porphyricaus,MLP_multi_with_coords,spatial,True,0,0.04895654721878424,-110616.719576928,6787085.30761186
215,1720,Saltuarius swaini,MLP_multi_with_coords,spatial,True,0,0.07295164786407779,-110616.719576928,6787085.30761186
216,1721,Cacophis kreftii,MLP_multi_with_coords,spatial,True,0,0.1495979785591144,-110020.100859829,6787116.90272986
216,1722,Calyptotis scutirostrum,MLP_multi_with_coords,spatial,True,0,0.19112306663919232,-110020.100859829,6787116.90272986
216,1723,Coeranoscincus reticulatus,MLP_multi_with_coords,spatial,True,0,0.4986444074817826,-110020.100859829,6787116.90272986
216,1724,Egernia mcpheei,MLP_multi_with_coords,spatial,True,0,0.07328912597393099,-110020.100859829,6787116.90272986
216,1725,Eulamprus murrayi,MLP_multi_with_coords,spatial,True,0,0.06681955261207165,-110020.100859829,6787116.90272986
216,1726,Ophioscincus truncatus,MLP_multi_with_coords,spatial,True,0,0.2942779393542637,-110020.100859829,6787116.90272986
216,1727,Pseudechis porphyricaus,MLP_multi_with_coords,spatial,True,0,0.05711716716849465,-110020.100859829,6787116.90272986
216,1728,Saltuarius swaini,MLP_multi_with_coords,spatial,True,0,0.07864742059702594,-110020.100859829,6787116.90272986
217,1729,Cacophis kreftii,MLP_multi_with_coords,spatial,True,0,0.022497366927826584,-109413.705304275,6787148.98376259
217,1730,Calyptotis scutirostrum,MLP_multi_with_coords,spatial,True,0,0.05541275512546838,-109413.705304275,6787148.98376259
217,1731,Coeranoscincus reticulatus,MLP_multi_with_coords,spatial,True,1,0.2389728503131967,-109413.705304275,6787148.98376259
217,1732,Egernia mcpheei,MLP_multi_with_coords,spatial,True,0,0.011323050530410111,-109413.705304275,6787148.98376259
217,1733,Eulamprus murrayi,MLP_multi_with_coords,spatial,True,0,0.011033454867564223,-109413.705304275,6787148.98376259
217,1734,Ophioscincus truncatus,MLP_multi_with_coords,spatial,True,0,0.04691825756582472,-109413.705304275,6787148.98376259
217,1735,Pseudechis porphyricaus,MLP_multi_with_coords,spatial,True,0,0.010149632674069677,-109413.705304275,6787148.98376259
217,1736,Saltuarius swaini,MLP_multi_with_coords,spatial,True,0,0.01097062383310721,-109413.705304275,6787148.98376259
218,1737,Cacophis kreftii,MLP_multi_with_coords,spatial,True,0,0.04677522580392927,-110779.695476226,6786274.18349996
218,1738,Calyptotis scutirostrum,MLP_multi_with_coords,spatial,True,0,0.06364325165342022,-110779.695476226,6786274.18349996
218,1739,Coeranoscincus reticulatus,MLP_multi_with_coords,spatial,True,0,0.39040036211304585,-110779.695476226,6786274.18349996
218,1740,Egernia mcpheei,MLP_multi_with_coords,spatial,True,0,0.007361704648047648,-110779.695476226,6786274.18349996
218,1741,Eulamprus murrayi,MLP_multi_with_coords,spatial,True,0,0.015081450966183732,-110779.695476226,6786274.18349996
218,1742,Ophioscincus truncatus,MLP_multi_with_coords,spatial,True,0,0.0749731469544349,-110779.695476226,6786274.18349996
218,1743,Pseudechis porphyricaus,MLP_multi_with_coords,spatial,True,0,0.008826279629546635,-110779.695476226,6786274.18349996
218,1744,Saltuarius swaini,MLP_multi_with_coords,spatial,True,0,0.006243824537051283,-110779.695476226,6786274.18349996
219,1745,Cacophis kreftii,MLP_multi_with_coords,spatial,True,0,0.02650448857304285,-110346.917478988,6785695.25630047
219,1746,Calyptotis scutirostrum,MLP_multi_with_coords,spatial,True,0,0.051964877835436296,-110346.917478988,6785695.25630047
219,1747,Coeranoscincus reticulatus,MLP_multi_with_coords,spatial,True,0,0.3632346003910026,-110346.917478988,6785695.25630047
219,1748,Egernia mcpheei,MLP_multi_with_coords,spatial,True,0,0.011447710689823464,-110346.917478988,6785695.25630047
219,1749,Eulamprus murrayi,MLP_multi_with_coords,spatial,True,0,0.012080690767707946,-110346.917478988,6785695.25630047
219,1750,Ophioscincus truncatus,MLP_multi_with_coords,spatial,True,0,0.03787026227026255,-110346.917478988,6785695.25630047
219,1751,Pseudechis porphyricaus,MLP_multi_with_coords,spatial,True,0,0.009012673979781075,-110346.917478988,6785695.25630047
219,1752,Saltuarius swaini,MLP_multi_with_coords,spatial,True,0,0.006633921124494622,-110346.917478988,6785695.25630047
220,1753,Cacophis kreftii,MLP_multi_with_coords,spatial,True,0,0.04702101453693108,-110140.731442662,6785505.55962449
220,1754,Calyptotis scutirostrum,MLP_multi_with_coords,spatial,True,0,0.09770383718890373,-110140.731442662,6785505.55962449
220,1755,Coeranoscincus reticulatus,MLP_multi_with_coords,spatial,True,0,0.3614590728832957,-110140.731442662,6785505.55962449
220,1756,Egernia mcpheei,MLP_multi_with_coords,spatial,True,1,0.009288461419188867,-110140.731442662,6785505.55962449
220,1757,Eulamprus murrayi,MLP_multi_with_coords,spatial,True,0,0.01765667815334619,-110140.731442662,6785505.55962449
220,1758,Ophioscincus truncatus,MLP_multi_with_coords,spatial,True,0,0.0953711196973973,-110140.731442662,6785505.55962449
220,1759,Pseudechis porphyricaus,MLP_multi_with_coords,spatial,True,0,0.011001490265963329,-110140.731442662,6785505.55962449
220,1760,Saltuarius swaini,MLP_multi_with_coords,spatial,True,0,0.010442510732428559,-110140.731442662,6785505.55962449
221,1761,Cacophis kreftii,MLP_multi_with_coords,spatial,True,0,0.10961978927970874,-157491.757049911,6782687.30974027
221,1762,Calyptotis scutirostrum,MLP_multi_with_coords,spatial,True,0,0.2606587546581869,-157491.757049911,6782687.30974027
221,1763,Coeranoscincus reticulatus,MLP_multi_with_coords,spatial,True,1,0.7181756665252673,-157491.757049911,6782687.30974027
221,1764,Egernia mcpheei,MLP_multi_with_coords,spatial,True,0,0.016681285031884038,-157491.757049911,6782687.30974027
221,1765,Eulamprus murrayi,MLP_multi_with_coords,spatial,True,0,0.028762451818882064,-157491.757049911,6782687.30974027
221,1766,Ophioscincus truncatus,MLP_multi_with_coords,spatial,True,0,0.15134236380504565,-157491.757049911,6782687.30974027
221,1767,Pseudechis porphyricaus,MLP_multi_with_coords,spatial,True,0,0.046016862277046044,-157491.757049911,6782687.30974027
221,1768,Saltuarius swaini,MLP_multi_with_coords,spatial,True,0,0.01049186517900894,-157491.757049911,6782687.30974027
222,1769,Cacophis kreftii,MLP_multi_with_coords,spatial,True,0,0.06911642331131823,-109512.656336634,6785126.43261431
222,1770,Calyptotis scutirostrum,MLP_multi_with_coords,spatial,True,0,0.40159204816490435,-109512.656336634,6785126.43261431
222,1771,Coeranoscincus reticulatus,MLP_multi_with_coords,spatial,True,0,0.1312057488060985,-109512.656336634,6785126.43261431
222,1772,Egernia mcpheei,MLP_multi_with_coords,spatial,True,0,0.05336248636372611,-109512.656336634,6785126.43261431
222,1773,Eulamprus murrayi,MLP_multi_with_coords,spatial,True,0,0.008157107405328753,-109512.656336634,6785126.43261431
222,1774,Ophioscincus truncatus,MLP_multi_with_coords,spatial,True,0,0.27367156763924055,-109512.656336634,6785126.43261431
222,1775,Pseudechis porphyricaus,MLP_multi_with_coords,spatial,True,0,0.0041199180406915345,-109512.656336634,6785126.43261431
222,1776,Saltuarius swaini,MLP_multi_with_coords,spatial,True,0,0.005264538193455502,-109512.656336634,6785126.43261431
223,1777,Cacophis kreftii,MLP_multi_with_coords,spatial,True,0,0.09414868629090302,-109707.419900115,6784915.50427338
223,1778,Calyptotis scutirostrum,MLP_multi_with_coords,spatial,True,0,0.491465884355495,-109707.419900115,6784915.50427338
223,1779,Coeranoscincus reticulatus,MLP_multi_with_coords,spatial,True,0,0.34792559989520533,-109707.419900115,6784915.50427338
223,1780,Egernia mcpheei,MLP_multi_with_coords,spatial,True,0,0.05777235530913771,-109707.419900115,6784915.50427338
223,1781,Eulamprus murrayi,MLP_multi_with_coords,spatial,True,0,0.01405864202650815,-109707.419900115,6784915.50427338
223,1782,Ophioscincus truncatus,MLP_multi_with_coords,spatial,True,0,0.2134012865006631,-109707.419900115,6784915.50427338
223,1783,Pseudechis porphyricaus,MLP_multi_with_coords,spatial,True,0,0.006211799355803706,-109707.419900115,6784915.50427338
223,1784,Saltuarius swaini,MLP_multi_with_coords,spatial,True,0,0.011811531201350525,-109707.419900115,6784915.50427338
224,1785,Cacophis kreftii,MLP_multi_with_coords,spatial,True,0,0.06813004651679412,-150843.666641707,6782630.05200801
224,1786,Calyptotis scutirostrum,MLP_multi_with_coords,spatial,True,0,0.12278878341986382,-150843.666641707,6782630.05200801
224,1787,Coeranoscincus reticulatus,MLP_multi_with_coords,spatial,True,1,0.6323713138594369,-150843.666641707,6782630.05200801
224,1788,Egernia mcpheei,MLP_multi_with_coords,spatial,True,0,0.007509015435880484,-150843.666641707,6782630.05200801
224,1789,Eulamprus murrayi,MLP_multi_with_coords,spatial,True,0,0.017107044996161516,-150843.666641707,6782630.05200801
224,1790,Ophioscincus truncatus,MLP_multi_with_coords,spatial,True,0,0.135168275145595,-150843.666641707,6782630.05200801
224,1791,Pseudechis porphyricaus,MLP_multi_with_coords,spatial,True,0,0.030624962482902855,-150843.666641707,6782630.05200801
224,1792,Saltuarius swaini,MLP_multi_with_coords,spatial,True,0,0.008106907873874534,-150843.666641707,6782630.05200801
225,1793,Cacophis kreftii,MLP_multi_with_coords,spatial,True,0,0.032364538784630636,-157628.595163146,6781474.60411432
225,1794,Calyptotis scutirostrum,MLP_multi_with_coords,spatial,True,0,0.06868373295813493,-157628.595163146,6781474.60411432
225,1795,Coeranoscincus reticulatus,MLP_multi_with_coords,spatial,True,1,0.48275953199689653,-157628.595163146,6781474.60411432
225,1796,Egernia mcpheei,MLP_multi_with_coords,spatial,True,0,0.0038175253931578466,-157628.595163146,6781474.60411432
225,1797,Eulamprus murrayi,MLP_multi_with_coords,spatial,True,0,0.008330280958629775,-157628.595163146,6781474.60411432
225,1798,Ophioscincus truncatus,MLP_multi_with_coords,spatial,True,0,0.08943847446898094,-157628.595163146,6781474.60411432
225,1799,Pseudechis porphyricaus,MLP_multi_with_coords,spatial,True,0,0.016321386134613463,-157628.595163146,6781474.60411432
225,1800,Saltuarius swaini,MLP_multi_with_coords,spatial,True,0,0.0036603169072797924,-157628.595163146,6781474.60411432
226,1801,Cacophis kreftii,MLP_multi_with_coords,spatial,True,0,0.01889446318037634,-156768.616233883,6780508.50732801
226,1802,Calyptotis scutirostrum,MLP_multi_with_coords,spatial,True,0,0.03270383849470636,-156768.616233883,6780508.50732801
226,1803,Coeranoscincus reticulatus,MLP_multi_with_coords,spatial,True,1,0.3207603909495058,-156768.616233883,6780508.50732801
226,1804,Egernia mcpheei,MLP_multi_with_coords,spatial,True,0,0.002416961053513096,-156768.616233883,6780508.50732801
226,1805,Eulamprus murrayi,MLP_multi_with_coords,spatial,True,0,0.005043995241807635,-156768.616233883,6780508.50732801
226,1806,Ophioscincus truncatus,MLP_multi_with_coords,spatial,True,0,0.09594372857521778,-156768.616233883,6780508.50732801
226,1807,Pseudechis porphyricaus,MLP_multi_with_coords,spatial,True,0,0.01699919007894483,-156768.616233883,6780508.50732801
226,1808,Saltuarius swaini,MLP_multi_with_coords,spatial,True,0,0.002898246805816159,-156768.616233883,6780508.50732801
227,1809,Cacophis kreftii,MLP_multi_with_coords,spatial,True,0,0.0357155814972393,-110619.113371872,6783061.59249324
227,1810,Calyptotis scutirostrum,MLP_multi_with_coords,spatial,True,0,0.09846838877183733,-110619.113371872,6783061.59249324
227,1811,Coeranoscincus reticulatus,MLP_multi_with_coords,spatial,True,0,0.2959742721503119,-110619.113371872,6783061.59249324
227,1812,Egernia mcpheei,MLP_multi_with_coords,spatial,True,0,0.012724245186834768,-110619.113371872,6783061.59249324
227,1813,Eulamprus murrayi,MLP_multi_with_coords,spatial,True,0,0.012844181865117264,-110619.113371872,6783061.59249324
227,1814,Ophioscincus truncatus,MLP_multi_with_coords,spatial,True,0,0.05639421372761463,-110619.113371872,6783061.59249324
227,1815,Pseudechis porphyricaus,MLP_multi_with_coords,spatial,True,0,0.011680795182727409,-110619.113371872,6783061.59249324
227,1816,Saltuarius swaini,MLP_multi_with_coords,spatial,True,0,0.01157670334687196,-110619.113371872,6783061.59249324
228,1817,Cacophis kreftii,MLP_multi_with_coords,spatial,True,0,0.026407178345742188,-108593.63854256,6782767.65906175
228,1818,Calyptotis scutirostrum,MLP_multi_with_coords,spatial,True,0,0.05855911148484379,-108593.63854256,6782767.65906175
228,1819,Coeranoscincus reticulatus,MLP_multi_with_coords,spatial,True,0,0.2888228842792761,-108593.63854256,6782767.65906175
228,1820,Egernia mcpheei,MLP_multi_with_coords,spatial,True,0,0.009216542993464636,-108593.63854256,6782767.65906175
228,1821,Eulamprus murrayi,MLP_multi_with_coords,spatial,True,0,0.012131984788281477,-108593.63854256,6782767.65906175
228,1822,Ophioscincus truncatus,MLP_multi_with_coords,spatial,True,0,0.0402381427715893,-108593.63854256,6782767.65906175
228,1823,Pseudechis porphyricaus,MLP_multi_with_coords,spatial,True,0,0.006945196685957223,-108593.63854256,6782767.65906175
228,1824,Saltuarius swaini,MLP_multi_with_coords,spatial,True,0,0.0061604377670887575,-108593.63854256,6782767.65906175
229,1825,Cacophis kreftii,MLP_multi_with_coords,spatial,True,0,0.03133079410766041,-108377.162322395,6782567.34735566
229,1826,Calyptotis scutirostrum,MLP_multi_with_coords,spatial,True,0,0.04486327501134981,-108377.162322395,6782567.34735566
229,1827,Coeranoscincus reticulatus,MLP_multi_with_coords,spatial,True,1,0.2270154739719912,-108377.162322395,6782567.34735566
229,1828,Egernia mcpheei,MLP_multi_with_coords,spatial,True,0,0.012343875450314248,-108377.162322395,6782567.34735566
229,1829,Eulamprus murrayi,MLP_multi_with_coords,spatial,True,0,0.01069339233243229,-108377.162322395,6782567.34735566
229,1830,Ophioscincus truncatus,MLP_multi_with_coords,spatial,True,0,0.08612529570319956,-108377.162322395,6782567.34735566
229,1831,Pseudechis porphyricaus,MLP_multi_with_coords,spatial,True,0,0.013579753141293345,-108377.162322395,6782567.34735566
229,1832,Saltuarius swaini,MLP_multi_with_coords,spatial,True,0,0.021047735761844225,-108377.162322395,6782567.34735566
230,1833,Cacophis kreftii,MLP_multi_with_coords,spatial,True,0,0.01203095022529377,-58637.6336775981,6785100.52209461
230,1834,Calyptotis scutirostrum,MLP_multi_with_coords,spatial,True,0,0.08599824773289784,-58637.6336775981,6785100.52209461
230,1835,Coeranoscincus reticulatus,MLP_multi_with_coords,spatial,True,0,0.015595251290153003,-58637.6336775981,6785100.52209461
230,1836,Egernia mcpheei,MLP_multi_with_coords,spatial,True,0,0.01363648006752481,-58637.6336775981,6785100.52209461
230,1837,Eulamprus murrayi,MLP_multi_with_coords,spatial,True,0,0.0013935848969382472,-58637.6336775981,6785100.52209461
230,1838,Ophioscincus truncatus,MLP_multi_with_coords,spatial,True,0,0.06666801671240516,-58637.6336775981,6785100.52209461
230,1839,Pseudechis porphyricaus,MLP_multi_with_coords,spatial,True,0,0.0008472993389423522,-58637.6336775981,6785100.52209461
230,1840,Saltuarius swaini,MLP_multi_with_coords,spatial,True,0,0.002939109745651266,-58637.6336775981,6785100.52209461
231,1841,Cacophis kreftii,MLP_multi_with_coords,spatial,True,0,0.016180413579706905,-107923.462038802,6781588.26422547
231,1842,Calyptotis scutirostrum,MLP_multi_with_coords,spatial,True,0,0.027733453760530952,-107923.462038802,6781588.26422547
231,1843,Coeranoscincus reticulatus,MLP_multi_with_coords,spatial,True,1,0.1352356267883687,-107923.462038802,6781588.26422547
231,1844,Egernia mcpheei,MLP_multi_with_coords,spatial,True,0,0.00693598050968421,-107923.462038802,6781588.26422547
231,1845,Eulamprus murrayi,MLP_multi_with_coords,spatial,True,0,0.005447353580575772,-107923.462038802,6781588.26422547
231,1846,Ophioscincus truncatus,MLP_multi_with_coords,spatial,True,0,0.041984123885043745,-107923.462038802,6781588.26422547
231,1847,Pseudechis porphyricaus,MLP_multi_with_coords,spatial,True,0,0.009350170492914554,-107923.462038802,6781588.26422547
231,1848,Saltuarius swaini,MLP_multi_with_coords,spatial,True,0,0.01440231572446143,-107923.462038802,6781588.26422547
232,1849,Cacophis kreftii,MLP_multi_with_coords,spatial,True,0,0.02019564214925384,-154268.894705046,6778832.59399199
232,1850,Calyptotis scutirostrum,MLP_multi_with_coords,spatial,True,0,0.03463891634287851,-154268.894705046,6778832.59399199
232,1851,Coeranoscincus reticulatus,MLP_multi_with_coords,spatial,True,0,0.20223710652846671,-154268.894705046,6778832.59399199
232,1852,Egernia mcpheei,MLP_multi_with_coords,spatial,True,0,0.0024877129407324143,-154268.894705046,6778832.59399199
232,1853,Eulamprus murrayi,MLP_multi_with_coords,spatial,True,0,0.004308410483539304,-154268.894705046,6778832.59399199
232,1854,Ophioscincus truncatus,MLP_multi_with_coords,spatial,True,0,0.18967303426789128,-154268.894705046,6778832.59399199
232,1855,Pseudechis porphyricaus,MLP_multi_with_coords,spatial,True,0,0.021122063949892293,-154268.894705046,6778832.59399199
232,1856,Saltuarius swaini,MLP_multi_with_coords,spatial,True,0,0.005384847085354632,-154268.894705046,6778832.59399199
233,1857,Cacophis kreftii,MLP_multi_with_coords,spatial,True,0,0.012847506405797286,-151231.119203658,6778380.41797512
233,1858,Calyptotis scutirostrum,MLP_multi_with_coords,spatial,True,0,0.01426401883394427,-151231.119203658,6778380.41797512
233,1859,Coeranoscincus reticulatus,MLP_multi_with_coords,spatial,True,1,0.09645944737635012,-151231.119203658,6778380.41797512
233,1860,Egernia mcpheei,MLP_multi_with_coords,spatial,True,0,0.0013461950155682486,-151231.119203658,6778380.41797512
233,1861,Eulamprus murrayi,MLP_multi_with_coords,spatial,True,0,0.0017824922455290228,-151231.119203658,6778380.41797512
233,1862,Ophioscincus truncatus,MLP_multi_with_coords,spatial,True,0,0.19385520265123748,-151231.119203658,6778380.41797512
233,1863,Pseudechis porphyricaus,MLP_multi_with_coords,spatial,True,0,0.016387521708004577,-151231.119203658,6778380.41797512
233,1864,Saltuarius swaini,MLP_multi_with_coords,spatial,True,0,0.004180854058786288,-151231.119203658,6778380.41797512
234,1865,Cacophis kreftii,MLP_multi_with_coords,spatial,True,0,0.018337887762933543,-150784.191440288,6777591.42724006
234,1866,Calyptotis scutirostrum,MLP_multi_with_coords,spatial,True,0,0.02757699189983783,-150784.191440288,6777591.42724006
234,1867,Coeranoscincus reticulatus,MLP_multi_with_coords,spatial,True,0,0.26154607413294895,-150784.191440288,6777591.42724006
234,1868,Egernia mcpheei,MLP_multi_with_coords,spatial,True,0,0.001584026798606231,-150784.191440288,6777591.42724006
234,1869,Eulamprus murrayi,MLP_multi_with_coords,spatial,True,0,0.00415201912457542,-150784.191440288,6777591.42724006
234,1870,Ophioscincus truncatus,MLP_multi_with_coords,spatial,True,0,0.18655418893188092,-150784.191440288,6777591.42724006
234,1871,Pseudechis porphyricaus,MLP_multi_with_coords,spatial,True,0,0.018061760356508087,-150784.191440288,6777591.42724006
234,1872,Saltuarius swaini,MLP_multi_with_coords,spatial,True,0,0.0025870824876806473,-150784.191440288,6777591.42724006
235,1873,Cacophis kreftii,MLP_multi_with_coords,spatial,True,0,0.01590264547095264,-157053.44484427,6770228.31904544
235,1874,Calyptotis scutirostrum,MLP_multi_with_coords,spatial,True,0,0.005882265183700295,-157053.44484427,6770228.31904544
235,1875,Coeranoscincus reticulatus,MLP_multi_with_coords,spatial,True,1,0.09724702251884795,-157053.44484427,6770228.31904544
235,1876,Egernia mcpheei,MLP_multi_with_coords,spatial,True,0,0.0011013779360958143,-157053.44484427,6770228.31904544
235,1877,Eulamprus murrayi,MLP_multi_with_coords,spatial,True,0,0.004722331099835431,-157053.44484427,6770228.31904544
235,1878,Ophioscincus truncatus,MLP_multi_with_coords,spatial,True,0,0.2748380400725635,-157053.44484427,6770228.31904544
235,1879,Pseudechis porphyricaus,MLP_multi_with_coords,spatial,True,1,0.07602093620677486,-157053.44484427,6770228.31904544
235,1880,Saltuarius swaini,MLP_multi_with_coords,spatial,True,0,0.011105197801336725,-157053.44484427,6770228.31904544
236,1881,Cacophis kreftii,MLP_multi_with_coords,spatial,True,0,0.01344192963924472,-157007.529503806,6769427.67794309
236,1882,Calyptotis scutirostrum,MLP_multi_with_coords,spatial,True,0,0.004474894289428643,-157007.529503806,6769427.67794309
236,1883,Coeranoscincus reticulatus,MLP_multi_with_coords,spatial,True,1,0.10124975599962162,-157007.529503806,6769427.67794309
236,1884,Egernia mcpheei,MLP_multi_with_coords,spatial,True,0,0.0008595211365390948,-157007.529503806,6769427.67794309
236,1885,Eulamprus murrayi,MLP_multi_with_coords,spatial,True,0,0.0037682050823829418,-157007.529503806,6769427.67794309
236,1886,Ophioscincus truncatus,MLP_multi_with_coords,spatial,True,0,0.24579953814619054,-157007.529503806,6769427.67794309
236,1887,Pseudechis porphyricaus,MLP_multi_with_coords,spatial,True,0,0.05770181930152075,-157007.529503806,6769427.67794309
236,1888,Saltuarius swaini,MLP_multi_with_coords,spatial,True,0,0.008728519698238254,-157007.529503806,6769427.67794309
237,1889,Cacophis kreftii,MLP_multi_with_coords,spatial,True,0,0.013437574341936017,-157601.945479142,6769192.74860327
237,1890,Calyptotis scutirostrum,MLP_multi_with_coords,spatial,True,0,0.004640293316123119,-157601.945479142,6769192.74860327
237,1891,Coeranoscincus reticulatus,MLP_multi_with_coords,spatial,True,1,0.07542735168560803,-157601.945479142,6769192.74860327
237,1892,Egernia mcpheei,MLP_multi_with_coords,spatial,True,0,0.0008856304988011865,-157601.945479142,6769192.74860327
237,1893,Eulamprus murrayi,MLP_multi_with_coords,spatial,True,0,0.003406947518496149,-157601.945479142,6769192.74860327
237,1894,Ophioscincus truncatus,MLP_multi_with_coords,spatial,True,0,0.2788574593590029,-157601.945479142,6769192.74860327
237,1895,Pseudechis porphyricaus,MLP_multi_with_coords,spatial,True,0,0.061237942301134766,-157601.945479142,6769192.74860327
237,1896,Saltuarius swaini,MLP_multi_with_coords,spatial,True,0,0.010110616541021918,-157601.945479142,6769192.74860327
238,1897,Cacophis kreftii,MLP_multi_with_coords,spatial,True,0,0.0035274710227595116,-42631.6013249115,6774856.7836682
238,1898,Calyptotis scutirostrum,MLP_multi_with_coords,spatial,True,0,0.002164265424279476,-42631.6013249115,6774856.7836682
238,1899,Coeranoscincus reticulatus,MLP_multi_with_coords,spatial,True,0,0.01027262265289763,-42631.6013249115,6774856.7836682
238,1900,Egernia mcpheei,MLP_multi_with_coords,spatial,True,0,0.0016684042336106912,-42631.6013249115,6774856.7836682
238,1901,Eulamprus murrayi,MLP_multi_with_coords,spatial,True,0,0.0016080455732841526,-42631.6013249115,6774856.7836682
238,1902,Ophioscincus truncatus,MLP_multi_with_coords,spatial,True,0,0.00960779674287836,-42631.6013249115,6774856.7836682
238,1903,Pseudechis porphyricaus,MLP_multi_with_coords,spatial,True,0,0.0031836275716479352,-42631.6013249115,6774856.7836682
238,1904,Saltuarius swaini,MLP_multi_with_coords,spatial,True,0,0.007320953411503966,-42631.6013249115,6774856.7836682
239,1905,Cacophis kreftii,MLP_multi_with_coords,spatial,True,0,0.002773852036354796,-42808.1790068126,6774247.29778187
239,1906,Calyptotis scutirostrum,MLP_multi_with_coords,spatial,True,0,0.0011030547039470157,-42808.1790068126,6774247.29778187
239,1907,Coeranoscincus reticulatus,MLP_multi_with_coords,spatial,True,0,0.005997350938002179,-42808.1790068126,6774247.29778187
239,1908,Egernia mcpheei,MLP_multi_with_coords,spatial,True,0,0.0011666351402921436,-42808.1790068126,6774247.29778187
239,1909,Eulamprus murrayi,MLP_multi_with_coords,spatial,True,0,0.0013506730035224169,-42808.1790068126,6774247.29778187
239,1910,Ophioscincus truncatus,MLP_multi_with_coords,spatial,True,0,0.005772237051494026,-42808.1790068126,6774247.29778187
239,1911,Pseudechis porphyricaus,MLP_multi_with_coords,spatial,True,0,0.002446590184204732,-42808.1790068126,6774247.29778187
239,1912,Saltuarius swaini,MLP_multi_with_coords,spatial,True,0,0.008426810653608063,-42808.1790068126,6774247.29778187
240,1913,Cacophis kreftii,MLP_multi_with_coords,spatial,True,0,0.003712607639133875,-90697.5110841577,6771199.36165782
240,1914,Calyptotis scutirostrum,MLP_multi_with_coords,spatial,True,0,0.007605292544215876,-90697.5110841577,6771199.36165782
240,1915,Coeranoscincus reticulatus,MLP_multi_with_coords,spatial,True,0,0.05451694721096088,-90697.5110841577,6771199.36165782
240,1916,Egernia mcpheei,MLP_multi_with_coords,spatial,True,0,0.0022034134515662085,-90697.5110841577,6771199.36165782
240,1917,Eulamprus murrayi,MLP_multi_with_coords,spatial,True,0,0.0017522759324748688,-90697.5110841577,6771199.36165782
240,1918,Ophioscincus truncatus,MLP_multi_with_coords,spatial,True,0,0.00738544937351137,-90697.5110841577,6771199.36165782
240,1919,Pseudechis porphyricaus,MLP_multi_with_coords,spatial,True,0,0.0017380723103587892,-90697.5110841577,6771199.36165782
240,1920,Saltuarius swaini,MLP_multi_with_coords,spatial,True,0,0.0026084400719990184,-90697.5110841577,6771199.36165782
241,1921,Cacophis kreftii,MLP_multi_with_coords,spatial,True,0,0.003571942285744176,-89886.5465170286,6771040.60297007
241,1922,Calyptotis scutirostrum,MLP_multi_with_coords,spatial,True,0,0.0073037069173883945,-89886.5465170286,6771040.60297007
241,1923,Coeranoscincus reticulatus,MLP_multi_with_coords,spatial,True,0,0.053509857037980404,-89886.5465170286,6771040.60297007
241,1924,Egernia mcpheei,MLP_multi_with_coords,spatial,True,0,0.0020531010509415785,-89886.5465170286,6771040.60297007
241,1925,Eulamprus murrayi,MLP_multi_with_coords,spatial,True,0,0.0016848008082606428,-89886.5465170286,6771040.60297007
241,1926,Ophioscincus truncatus,MLP_multi_with_coords,spatial,True,0,0.007159421944909358,-89886.5465170286,6771040.60297007
241,1927,Pseudechis porphyricaus,MLP_multi_with_coords,spatial,True,0,0.0016317714317802907,-89886.5465170286,6771040.60297007
241,1928,Saltuarius swaini,MLP_multi_with_coords,spatial,True,0,0.0024272586480411904,-89886.5465170286,6771040.60297007
242,1929,Cacophis kreftii,MLP_multi_with_coords,spatial,True,0,0.0028912380775297573,-45884.998116622,6771685.40364584
242,1930,Calyptotis scutirostrum,MLP_multi_with_coords,spatial,True,0,0.0011741434583126562,-45884.998116622,6771685.40364584
242,1931,Coeranoscincus reticulatus,MLP_multi_with_coords,spatial,True,0,0.006853288033008293,-45884.998116622,6771685.40364584
242,1932,Egernia mcpheei,MLP_multi_with_coords,spatial,True,0,0.0012583138004833884,-45884.998116622,6771685.40364584
242,1933,Eulamprus murrayi,MLP_multi_with_coords,spatial,True,0,0.0014127414469821825,-45884.998116622,6771685.40364584
242,1934,Ophioscincus truncatus,MLP_multi_with_coords,spatial,True,0,0.006162687912981483,-45884.998116622,6771685.40364584
242,1935,Pseudechis porphyricaus,MLP_multi_with_coords,spatial,True,0,0.0026290060389290524,-45884.998116622,6771685.40364584
242,1936,Saltuarius swaini,MLP_multi_with_coords,spatial,True,0,0.008434149054244557,-45884.998116622,6771685.40364584
243,1937,Cacophis kreftii,MLP_multi_with_coords,spatial,True,0,0.002703290347419762,-45846.3441318398,6770874.56187869
243,1938,Calyptotis scutirostrum,MLP_multi_with_coords,spatial,True,0,0.0011192727880720823,-45846.3441318398,6770874.56187869
243,1939,Coeranoscincus reticulatus,MLP_multi_with_coords,spatial,True,0,0.006334456703321068,-45846.3441318398,6770874.56187869
243,1940,Egernia mcpheei,MLP_multi_with_coords,spatial,True,0,0.0011886861615503458,-45846.3441318398,6770874.56187869
243,1941,Eulamprus murrayi,MLP_multi_with_coords,spatial,True,0,0.0013694201874956985,-45846.3441318398,6770874.56187869
243,1942,Ophioscincus truncatus,MLP_multi_with_coords,spatial,True,0,0.005722731613089096,-45846.3441318398,6770874.56187869
243,1943,Pseudechis porphyricaus,MLP_multi_with_coords,spatial,True,0,0.0025521105059609197,-45846.3441318398,6770874.56187869
243,1944,Saltuarius swaini,MLP_multi_with_coords,spatial,True,0,0.008135463777689004,-45846.3441318398,6770874.56187869
244,1945,Cacophis kreftii,MLP_multi_with_coords,spatial,True,0,0.0028671995452417163,-46208.2545646069,6770055.74332879
244,1946,Calyptotis scutirostrum,MLP_multi_with_coords,spatial,True,0,0.0011599616206332834,-46208.2545646069,6770055.74332879
244,1947,Coeranoscincus reticulatus,MLP_multi_with_coords,spatial,True,0,0.006788029689768591,-46208.2545646069,6770055.74332879
244,1948,Egernia mcpheei,MLP_multi_with_coords,spatial,True,0,0.0012470300580324466,-46208.2545646069,6770055.74332879
244,1949,Eulamprus murrayi,MLP_multi_with_coords,spatial,True,0,0.0014102986996803399,-46208.2545646069,6770055.74332879
244,1950,Ophioscincus truncatus,MLP_multi_with_coords,spatial,True,0,0.006097326827845654,-46208.2545646069,6770055.74332879
244,1951,Pseudechis porphyricaus,MLP_multi_with_coords,spatial,True,0,0.002639049402977953,-46208.2545646069,6770055.74332879
244,1952,Saltuarius swaini,MLP_multi_with_coords,spatial,True,0,0.008550325211120247,-46208.2545646069,6770055.74332879
245,1953,Cacophis kreftii,MLP_multi_with_coords,spatial,True,0,0.0025399602712594354,-42736.9260770733,6769029.74166907
245,1954,Calyptotis scutirostrum,MLP_multi_with_coords,spatial,True,0,0.0010259465448322152,-42736.9260770733,6769029.74166907
245,1955,Coeranoscincus reticulatus,MLP_multi_with_coords,spatial,True,0,0.0054029316413109155,-42736.9260770733,6769029.74166907
245,1956,Egernia mcpheei,MLP_multi_with_coords,spatial,True,0,0.0010632121669055309,-42736.9260770733,6769029.74166907
245,1957,Eulamprus murrayi,MLP_multi_with_coords,spatial,True,0,0.0013154437390169118,-42736.9260770733,6769029.74166907
245,1958,Ophioscincus truncatus,MLP_multi_with_coords,spatial,True,0,0.005209540567638674,-42736.9260770733,6769029.74166907
245,1959,Pseudechis porphyricaus,MLP_multi_with_coords,spatial,True,0,0.002424142250234834,-42736.9260770733,6769029.74166907
245,1960,Saltuarius swaini,MLP_multi_with_coords,spatial,True,0,0.008524499582217378,-42736.9260770733,6769029.74166907
246,1961,Cacophis kreftii,MLP_multi_with_coords,spatial,True,0,0.003302383818825159,-42727.4414379179,6768829.81362177
246,1962,Calyptotis scutirostrum,MLP_multi_with_coords,spatial,True,0,0.001316105251427445,-42727.4414379179,6768829.81362177
246,1963,Coeranoscincus reticulatus,MLP_multi_with_coords,spatial,True,0,0.005730321446516579,-42727.4414379179,6768829.81362177
246,1964,Egernia mcpheei,MLP_multi_with_coords,spatial,True,0,0.00138418097771048,-42727.4414379179,6768829.81362177
246,1965,Eulamprus murrayi,MLP_multi_with_coords,spatial,True,0,0.0014177310297198873,-42727.4414379179,6768829.81362177
246,1966,Ophioscincus truncatus,MLP_multi_with_coords,spatial,True,0,0.00858710096078469,-42727.4414379179,6768829.81362177
246,1967,Pseudechis porphyricaus,MLP_multi_with_coords,spatial,True,0,0.002199891515227143,-42727.4414379179,6768829.81362177
246,1968,Saltuarius swaini,MLP_multi_with_coords,spatial,True,0,0.008935458845071983,-42727.4414379179,6768829.81362177
247,1969,Cacophis kreftii,MLP_multi_with_coords,spatial,True,0,0.0031273614470026276,-42717.9562631494,6768629.88557173
247,1970,Calyptotis scutirostrum,MLP_multi_with_coords,spatial,True,0,0.001277482358608099,-42717.9562631494,6768629.88557173
247,1971,Coeranoscincus reticulatus,MLP_multi_with_coords,spatial,True,0,0.005412157196503133,-42717.9562631494,6768629.88557173
247,1972,Egernia mcpheei,MLP_multi_with_coords,spatial,True,0,0.0013139968072941642,-42717.9562631494,6768629.88557173
247,1973,Eulamprus murrayi,MLP_multi_with_coords,spatial,True,0,0.0013749915712326368,-42717.9562631494,6768629.88557173
247,1974,Ophioscincus truncatus,MLP_multi_with_coords,spatial,True,0,0.008030399715159089,-42717.9562631494,6768629.88557173
247,1975,Pseudechis porphyricaus,MLP_multi_with_coords,spatial,True,0,0.002134311898926427,-42717.9562631494,6768629.88557173
247,1976,Saltuarius swaini,MLP_multi_with_coords,spatial,True,0,0.00864453281947357,-42717.9562631494,6768629.88557173
248,1977,Cacophis kreftii,MLP_multi_with_coords,spatial,True,0,0.0789393548225634,-139175.743651501,6763098.07298971
248,1978,Calyptotis scutirostrum,MLP_multi_with_coords,spatial,True,0,0.055068010983352726,-139175.743651501,6763098.07298971
248,1979,Coeranoscincus reticulatus,MLP_multi_with_coords,spatial,True,0,0.5184049764108827,-139175.743651501,6763098.07298971
248,1980,Egernia mcpheei,MLP_multi_with_coords,spatial,True,0,0.008678878130913023,-139175.743651501,6763098.07298971
248,1981,Eulamprus murrayi,MLP_multi_with_coords,spatial,True,0,0.020203564360601178,-139175.743651501,6763098.07298971
248,1982,Ophioscincus truncatus,MLP_multi_with_coords,spatial,True,0,0.33608719066418463,-139175.743651501,6763098.07298971
248,1983,Pseudechis porphyricaus,MLP_multi_with_coords,spatial,True,0,0.03071512084109905,-139175.743651501,6763098.07298971
248,1984,Saltuarius swaini,MLP_multi_with_coords,spatial,True,0,0.012338196754851354,-139175.743651501,6763098.07298971
249,1985,Cacophis kreftii,MLP_multi_with_coords,spatial,True,0,0.06616731267641326,-138923.869162796,6762097.27372678
249,1986,Calyptotis scutirostrum,MLP_multi_with_coords,spatial,True,0,0.08890710974811175,-138923.869162796,6762097.27372678
249,1987,Coeranoscincus reticulatus,MLP_multi_with_coords,spatial,True,1,0.6319384483258547,-138923.869162796,6762097.27372678
249,1988,Egernia mcpheei,MLP_multi_with_coords,spatial,True,0,0.006900291844561971,-138923.869162796,6762097.27372678
249,1989,Eulamprus murrayi,MLP_multi_with_coords,spatial,True,0,0.01691588184685573,-138923.869162796,6762097.27372678
249,1990,Ophioscincus truncatus,MLP_multi_with_coords,spatial,True,1,0.20823670946507938,-138923.869162796,6762097.27372678
249,1991,Pseudechis porphyricaus,MLP_multi_with_coords,spatial,True,0,0.03486068525877854,-138923.869162796,6762097.27372678
249,1992,Saltuarius swaini,MLP_multi_with_coords,spatial,True,0,0.010589521184847133,-138923.869162796,6762097.27372678
252,2009,Cacophis kreftii,MLP_multi_with_coords,spatial,True,0,0.0027678138169779636,-43112.7372327422,6764592.40958821
252,2010,Calyptotis scutirostrum,MLP_multi_with_coords,spatial,True,0,0.0010725869686746227,-43112.7372327422,6764592.40958821
252,2011,Coeranoscincus reticulatus,MLP_multi_with_coords,spatial,True,0,0.00591027185078354,-43112.7372327422,6764592.40958821
252,2012,Egernia mcpheei,MLP_multi_with_coords,spatial,True,0,0.0011568788164150003,-43112.7372327422,6764592.40958821
252,2013,Eulamprus murrayi,MLP_multi_with_coords,spatial,True,0,0.001412483532429747,-43112.7372327422,6764592.40958821
252,2014,Ophioscincus truncatus,MLP_multi_with_coords,spatial,True,0,0.005764921665975696,-43112.7372327422,6764592.40958821
252,2015,Pseudechis porphyricaus,MLP_multi_with_coords,spatial,True,0,0.002639217409881191,-43112.7372327422,6764592.40958821
252,2016,Saltuarius swaini,MLP_multi_with_coords,spatial,True,0,0.010027006629876704,-43112.7372327422,6764592.40958821
254,2025,Cacophis kreftii,MLP_multi_with_coords,spatial,True,0,0.0031033074762209056,-43678.7671977115,6763752.8151483
254,2026,Calyptotis scutirostrum,MLP_multi_with_coords,spatial,True,0,0.0011851128056184711,-43678.7671977115,6763752.8151483
254,2027,Coeranoscincus reticulatus,MLP_multi_with_coords,spatial,True,0,0.006982554445421498,-43678.7671977115,6763752.8151483
254,2028,Egernia mcpheei,MLP_multi_with_coords,spatial,True,0,0.0012957507144988846,-43678.7671977115,6763752.8151483
254,2029,Eulamprus murrayi,MLP_multi_with_coords,spatial,True,0,0.0015069028564684635,-43678.7671977115,6763752.8151483
254,2030,Ophioscincus truncatus,MLP_multi_with_coords,spatial,True,0,0.00655960539594102,-43678.7671977115,6763752.8151483
254,2031,Pseudechis porphyricaus,MLP_multi_with_coords,spatial,True,0,0.0028513615374314563,-43678.7671977115,6763752.8151483
254,2032,Saltuarius swaini,MLP_multi_with_coords,spatial,True,0,0.010405271750038938,-43678.7671977115,6763752.8151483
255,2033,Cacophis kreftii,MLP_multi_with_coords,spatial,True,0,0.007396345112473945,-47276.750227819,6763369.40347618
255,2034,Calyptotis scutirostrum,MLP_multi_with_coords,spatial,True,0,0.011062782271790932,-47276.750227819,6763369.40347618
255,2035,Coeranoscincus reticulatus,MLP_multi_with_coords,spatial,True,0,0.0226128488530727,-47276.750227819,6763369.40347618
255,2036,Egernia mcpheei,MLP_multi_with_coords,spatial,True,0,0.004332242103076361,-47276.750227819,6763369.40347618
255,2037,Eulamprus murrayi,MLP_multi_with_coords,spatial,True,0,0.0024952163755778737,-47276.750227819,6763369.40347618
255,2038,Ophioscincus truncatus,MLP_multi_with_coords,spatial,True,0,0.023774722635240015,-47276.750227819,6763369.40347618
255,2039,Pseudechis porphyricaus,MLP_multi_with_coords,spatial,True,0,0.0027779690897459684,-47276.750227819,6763369.40347618
255,2040,Saltuarius swaini,MLP_multi_with_coords,spatial,True,0,0.008761878374163905,-47276.750227819,6763369.40347618
