plot,id,species,model,split_type,use_coords,y_true,y_prob,easting,northing
7,49,Cacophis kreftii,MLP_multi_trunk_with_coords,random,True,0,1e-06,-35290.0454930004,6868477.63934909
7,50,Calyptotis scutirostrum,MLP_multi_trunk_with_coords,random,True,0,3.658062938457095e-05,-35290.0454930004,6868477.63934909
7,51,Coeranoscincus reticulatus,MLP_multi_trunk_with_coords,random,True,0,1e-06,-35290.0454930004,6868477.63934909
7,52,Egernia mcpheei,MLP_multi_trunk_with_coords,random,True,0,1e-06,-35290.0454930004,6868477.63934909
7,53,Eulamprus murrayi,MLP_multi_trunk_with_coords,random,True,0,0.0004107265659691529,-35290.0454930004,6868477.63934909
7,54,Ophioscincus truncatus,MLP_multi_trunk_with_coords,random,True,0,0.0002075802695896689,-35290.0454930004,6868477.63934909
7,55,Pseudechis porphyricaus,MLP_multi_trunk_with_coords,random,True,0,0.0003452045681069608,-35290.0454930004,6868477.63934909
7,56,Saltuarius swaini,MLP_multi_trunk_with_coords,random,True,0,0.014021898236152812,-35290.0454930004,6868477.63934909
15,113,Cacophis kreftii,MLP_multi_trunk_with_coords,random,True,0,0.6003881972525196,-99804.9506313828,6852000.67743644
15,114,Calyptotis scutirostrum,MLP_multi_trunk_with_coords,random,True,1,0.5636185422553756,-99804.9506313828,6852000.67743644
15,115,Coeranoscincus reticulatus,MLP_multi_trunk_with_coords,random,True,0,0.825324307231014,-99804.9506313828,6852000.67743644
15,116,Egernia mcpheei,MLP_multi_trunk_with_coords,random,True,1,0.3649687579179504,-99804.9506313828,6852000.67743644
15,117,Eulamprus murrayi,MLP_multi_trunk_with_coords,random,True,0,0.00040171162537093106,-99804.9506313828,6852000.67743644
15,118,Ophioscincus truncatus,MLP_multi_trunk_with_coords,random,True,0,0.22881939739015736,-99804.9506313828,6852000.67743644
15,119,Pseudechis porphyricaus,MLP_multi_trunk_with_coords,random,True,0,1e-06,-99804.9506313828,6852000.67743644
15,120,Saltuarius swaini,MLP_multi_trunk_with_coords,random,True,0,2.131089992326451e-05,-99804.9506313828,6852000.67743644
21,161,Cacophis kreftii,MLP_multi_trunk_with_coords,random,True,0,0.12716688969132098,-91866.6308808398,6850184.44292602
21,162,Calyptotis scutirostrum,MLP_multi_trunk_with_coords,random,True,0,0.15182613056795455,-91866.6308808398,6850184.44292602
21,163,Coeranoscincus reticulatus,MLP_multi_trunk_with_coords,random,True,0,0.6102819088568714,-91866.6308808398,6850184.44292602
21,164,Egernia mcpheei,MLP_multi_trunk_with_coords,random,True,0,0.11945263259925802,-91866.6308808398,6850184.44292602
21,165,Eulamprus murrayi,MLP_multi_trunk_with_coords,random,True,0,0.00028156961563103315,-91866.6308808398,6850184.44292602
21,166,Ophioscincus truncatus,MLP_multi_trunk_with_coords,random,True,0,0.04960317808757119,-91866.6308808398,6850184.44292602
21,167,Pseudechis porphyricaus,MLP_multi_trunk_with_coords,random,True,0,1.1855992410229694e-06,-91866.6308808398,6850184.44292602
21,168,Saltuarius swaini,MLP_multi_trunk_with_coords,random,True,0,2.5008720364155495e-05,-91866.6308808398,6850184.44292602
29,225,Cacophis kreftii,MLP_multi_trunk_with_coords,random,True,0,0.2785180160787475,-81258.2639630969,6847092.07487722
29,226,Calyptotis scutirostrum,MLP_multi_trunk_with_coords,random,True,0,0.015232103111499789,-81258.2639630969,6847092.07487722
29,227,Coeranoscincus reticulatus,MLP_multi_trunk_with_coords,random,True,0,0.0034980790496427702,-81258.2639630969,6847092.07487722
29,228,Egernia mcpheei,MLP_multi_trunk_with_coords,random,True,0,0.0010079753912625193,-81258.2639630969,6847092.07487722
29,229,Eulamprus murrayi,MLP_multi_trunk_with_coords,random,True,0,0.00055455262462085,-81258.2639630969,6847092.07487722
29,230,Ophioscincus truncatus,MLP_multi_trunk_with_coords,random,True,1,0.8547691318371827,-81258.2639630969,6847092.07487722
29,231,Pseudechis porphyricaus,MLP_multi_trunk_with_coords,random,True,0,1e-06,-81258.2639630969,6847092.07487722
29,232,Saltuarius swaini,MLP_multi_trunk_with_coords,random,True,0,0.0006875187251133625,-81258.2639630969,6847092.07487722
30,233,Cacophis kreftii,MLP_multi_trunk_with_coords,random,True,1,0.3701970709326186,-96294.553982511,6846140.09863748
30,234,Calyptotis scutirostrum,MLP_multi_trunk_with_coords,random,True,1,0.4179383072064819,-96294.553982511,6846140.09863748
30,235,Coeranoscincus reticulatus,MLP_multi_trunk_with_coords,random,True,0,0.6654995233768768,-96294.553982511,6846140.09863748
30,236,Egernia mcpheei,MLP_multi_trunk_with_coords,random,True,1,0.22380736184396563,-96294.553982511,6846140.09863748
30,237,Eulamprus murrayi,MLP_multi_trunk_with_coords,random,True,0,0.0005473620491276887,-96294.553982511,6846140.09863748
30,238,Ophioscincus truncatus,MLP_multi_trunk_with_coords,random,True,1,0.5365369212530038,-96294.553982511,6846140.09863748
30,239,Pseudechis porphyricaus,MLP_multi_trunk_with_coords,random,True,0,1e-06,-96294.553982511,6846140.09863748
30,240,Saltuarius swaini,MLP_multi_trunk_with_coords,random,True,0,4.381879740756652e-05,-96294.553982511,6846140.09863748
31,241,Cacophis kreftii,MLP_multi_trunk_with_coords,random,True,0,0.1716489949708085,-95292.0596882657,6846190.80238834
31,242,Calyptotis scutirostrum,MLP_multi_trunk_with_coords,random,True,1,0.3073875797366671,-95292.0596882657,6846190.80238834
31,243,Coeranoscincus reticulatus,MLP_multi_trunk_with_coords,random,True,0,0.4787533357046874,-95292.0596882657,6846190.80238834
31,244,Egernia mcpheei,MLP_multi_trunk_with_coords,random,True,0,0.20385037114647253,-95292.0596882657,6846190.80238834
31,245,Eulamprus murrayi,MLP_multi_trunk_with_coords,random,True,0,0.00034991189721056746,-95292.0596882657,6846190.80238834
31,246,Ophioscincus truncatus,MLP_multi_trunk_with_coords,random,True,0,0.20681400398197033,-95292.0596882657,6846190.80238834
31,247,Pseudechis porphyricaus,MLP_multi_trunk_with_coords,random,True,0,1e-06,-95292.0596882657,6846190.80238834
31,248,Saltuarius swaini,MLP_multi_trunk_with_coords,random,True,0,4.2654007649917844e-05,-95292.0596882657,6846190.80238834
37,289,Cacophis kreftii,MLP_multi_trunk_with_coords,random,True,0,0.3435686421542098,-79037.3638766905,6846800.48131106
37,290,Calyptotis scutirostrum,MLP_multi_trunk_with_coords,random,True,0,0.006723967713800488,-79037.3638766905,6846800.48131106
37,291,Coeranoscincus reticulatus,MLP_multi_trunk_with_coords,random,True,0,0.0016937969808293873,-79037.3638766905,6846800.48131106
37,292,Egernia mcpheei,MLP_multi_trunk_with_coords,random,True,0,0.0003311682238665546,-79037.3638766905,6846800.48131106
37,293,Eulamprus murrayi,MLP_multi_trunk_with_coords,random,True,0,0.00022635626422196087,-79037.3638766905,6846800.48131106
37,294,Ophioscincus truncatus,MLP_multi_trunk_with_coords,random,True,1,0.8778062461085093,-79037.3638766905,6846800.48131106
37,295,Pseudechis porphyricaus,MLP_multi_trunk_with_coords,random,True,0,1e-06,-79037.3638766905,6846800.48131106
37,296,Saltuarius swaini,MLP_multi_trunk_with_coords,random,True,0,0.00027249352058563103,-79037.3638766905,6846800.48131106
41,321,Cacophis kreftii,MLP_multi_trunk_with_coords,random,True,0,0.42247597403072296,-96863.6801254773,6845509.65270053
41,322,Calyptotis scutirostrum,MLP_multi_trunk_with_coords,random,True,0,0.4076859586163634,-96863.6801254773,6845509.65270053
41,323,Coeranoscincus reticulatus,MLP_multi_trunk_with_coords,random,True,0,0.7956048659003099,-96863.6801254773,6845509.65270053
41,324,Egernia mcpheei,MLP_multi_trunk_with_coords,random,True,0,0.2886957498781494,-96863.6801254773,6845509.65270053
41,325,Eulamprus murrayi,MLP_multi_trunk_with_coords,random,True,0,0.0005266342550967626,-96863.6801254773,6845509.65270053
41,326,Ophioscincus truncatus,MLP_multi_trunk_with_coords,random,True,0,0.33924918081804495,-96863.6801254773,6845509.65270053
41,327,Pseudechis porphyricaus,MLP_multi_trunk_with_coords,random,True,0,1e-06,-96863.6801254773,6845509.65270053
41,328,Saltuarius swaini,MLP_multi_trunk_with_coords,random,True,0,3.748615984419415e-05,-96863.6801254773,6845509.65270053
47,369,Cacophis kreftii,MLP_multi_trunk_with_coords,random,True,0,0.2505657891033092,-79381.2357397435,6845781.19738334
47,370,Calyptotis scutirostrum,MLP_multi_trunk_with_coords,random,True,0,0.021755214789614303,-79381.2357397435,6845781.19738334
47,371,Coeranoscincus reticulatus,MLP_multi_trunk_with_coords,random,True,0,0.0004819067918653001,-79381.2357397435,6845781.19738334
47,372,Egernia mcpheei,MLP_multi_trunk_with_coords,random,True,0,0.0003477638678123391,-79381.2357397435,6845781.19738334
47,373,Eulamprus murrayi,MLP_multi_trunk_with_coords,random,True,0,0.0006056451394704275,-79381.2357397435,6845781.19738334
47,374,Ophioscincus truncatus,MLP_multi_trunk_with_coords,random,True,1,0.8222273919163466,-79381.2357397435,6845781.19738334
47,375,Pseudechis porphyricaus,MLP_multi_trunk_with_coords,random,True,0,1e-06,-79381.2357397435,6845781.19738334
47,376,Saltuarius swaini,MLP_multi_trunk_with_coords,random,True,0,0.0009471283478647447,-79381.2357397435,6845781.19738334
52,409,Cacophis kreftii,MLP_multi_trunk_with_coords,random,True,0,0.247922728420187,-60471.4026198804,6845516.11047191
52,410,Calyptotis scutirostrum,MLP_multi_trunk_with_coords,random,True,1,0.967998259417845,-60471.4026198804,6845516.11047191
52,411,Coeranoscincus reticulatus,MLP_multi_trunk_with_coords,random,True,0,0.16579230745463272,-60471.4026198804,6845516.11047191
52,412,Egernia mcpheei,MLP_multi_trunk_with_coords,random,True,0,0.3506496007824938,-60471.4026198804,6845516.11047191
52,413,Eulamprus murrayi,MLP_multi_trunk_with_coords,random,True,0,0.0006264044407479455,-60471.4026198804,6845516.11047191
52,414,Ophioscincus truncatus,MLP_multi_trunk_with_coords,random,True,1,0.6147235428984054,-60471.4026198804,6845516.11047191
52,415,Pseudechis porphyricaus,MLP_multi_trunk_with_coords,random,True,0,1e-06,-60471.4026198804,6845516.11047191
52,416,Saltuarius swaini,MLP_multi_trunk_with_coords,random,True,0,2.7385806071596477e-05,-60471.4026198804,6845516.11047191
56,441,Cacophis kreftii,MLP_multi_trunk_with_coords,random,True,0,0.305623442039256,-60864.6156634532,6845296.97560224
56,442,Calyptotis scutirostrum,MLP_multi_trunk_with_coords,random,True,0,0.9854043568764536,-60864.6156634532,6845296.97560224
56,443,Coeranoscincus reticulatus,MLP_multi_trunk_with_coords,random,True,0,0.06937880693786726,-60864.6156634532,6845296.97560224
56,444,Egernia mcpheei,MLP_multi_trunk_with_coords,random,True,0,0.15372777785269967,-60864.6156634532,6845296.97560224
56,445,Eulamprus murrayi,MLP_multi_trunk_with_coords,random,True,0,0.000770967912346114,-60864.6156634532,6845296.97560224
56,446,Ophioscincus truncatus,MLP_multi_trunk_with_coords,random,True,1,0.4434372484356555,-60864.6156634532,6845296.97560224
56,447,Pseudechis porphyricaus,MLP_multi_trunk_with_coords,random,True,0,1e-06,-60864.6156634532,6845296.97560224
56,448,Saltuarius swaini,MLP_multi_trunk_with_coords,random,True,0,3.167326736460595e-05,-60864.6156634532,6845296.97560224
61,481,Cacophis kreftii,MLP_multi_trunk_with_coords,random,True,0,0.08539660400977409,-61435.1928033584,6844668.54431818
61,482,Calyptotis scutirostrum,MLP_multi_trunk_with_coords,random,True,0,0.23634626316265553,-61435.1928033584,6844668.54431818
61,483,Coeranoscincus reticulatus,MLP_multi_trunk_with_coords,random,True,0,0.00033836846345422966,-61435.1928033584,6844668.54431818
61,484,Egernia mcpheei,MLP_multi_trunk_with_coords,random,True,0,0.005755825977542353,-61435.1928033584,6844668.54431818
61,485,Eulamprus murrayi,MLP_multi_trunk_with_coords,random,True,0,0.0002735207002368281,-61435.1928033584,6844668.54431818
61,486,Ophioscincus truncatus,MLP_multi_trunk_with_coords,random,True,1,0.0001774841480348126,-61435.1928033584,6844668.54431818
61,487,Pseudechis porphyricaus,MLP_multi_trunk_with_coords,random,True,0,1e-06,-61435.1928033584,6844668.54431818
61,488,Saltuarius swaini,MLP_multi_trunk_with_coords,random,True,0,0.0009550582298349616,-61435.1928033584,6844668.54431818
62,489,Cacophis kreftii,MLP_multi_trunk_with_coords,random,True,0,0.18457348387062286,-60629.7662982834,6844706.93792291
62,490,Calyptotis scutirostrum,MLP_multi_trunk_with_coords,random,True,1,0.9665720312739612,-60629.7662982834,6844706.93792291
62,491,Coeranoscincus reticulatus,MLP_multi_trunk_with_coords,random,True,0,0.03242847181244101,-60629.7662982834,6844706.93792291
62,492,Egernia mcpheei,MLP_multi_trunk_with_coords,random,True,0,0.08093906281119358,-60629.7662982834,6844706.93792291
62,493,Eulamprus murrayi,MLP_multi_trunk_with_coords,random,True,0,0.0008927880674965816,-60629.7662982834,6844706.93792291
62,494,Ophioscincus truncatus,MLP_multi_trunk_with_coords,random,True,1,0.6463476845961336,-60629.7662982834,6844706.93792291
62,495,Pseudechis porphyricaus,MLP_multi_trunk_with_coords,random,True,0,1e-06,-60629.7662982834,6844706.93792291
62,496,Saltuarius swaini,MLP_multi_trunk_with_coords,random,True,0,5.435466751527505e-05,-60629.7662982834,6844706.93792291
65,513,Cacophis kreftii,MLP_multi_trunk_with_coords,random,True,0,0.21042901182956475,-84881.8823593461,6843092.18042196
65,514,Calyptotis scutirostrum,MLP_multi_trunk_with_coords,random,True,1,0.6346483130620055,-84881.8823593461,6843092.18042196
65,515,Coeranoscincus reticulatus,MLP_multi_trunk_with_coords,random,True,0,0.4002641036020971,-84881.8823593461,6843092.18042196
65,516,Egernia mcpheei,MLP_multi_trunk_with_coords,random,True,0,0.14882246548481934,-84881.8823593461,6843092.18042196
65,517,Eulamprus murrayi,MLP_multi_trunk_with_coords,random,True,0,0.0018639474901758098,-84881.8823593461,6843092.18042196
65,518,Ophioscincus truncatus,MLP_multi_trunk_with_coords,random,True,1,0.8609098449225169,-84881.8823593461,6843092.18042196
65,519,Pseudechis porphyricaus,MLP_multi_trunk_with_coords,random,True,0,1e-06,-84881.8823593461,6843092.18042196
65,520,Saltuarius swaini,MLP_multi_trunk_with_coords,random,True,0,0.0001693487503864721,-84881.8823593461,6843092.18042196
72,569,Cacophis kreftii,MLP_multi_trunk_with_coords,random,True,0,0.029588394451161508,-86463.3052036808,6842612.44869674
72,570,Calyptotis scutirostrum,MLP_multi_trunk_with_coords,random,True,1,0.05159292292336577,-86463.3052036808,6842612.44869674
72,571,Coeranoscincus reticulatus,MLP_multi_trunk_with_coords,random,True,0,0.1258112055734124,-86463.3052036808,6842612.44869674
72,572,Egernia mcpheei,MLP_multi_trunk_with_coords,random,True,0,0.03324342043362663,-86463.3052036808,6842612.44869674
72,573,Eulamprus murrayi,MLP_multi_trunk_with_coords,random,True,0,0.00038765396400356026,-86463.3052036808,6842612.44869674
72,574,Ophioscincus truncatus,MLP_multi_trunk_with_coords,random,True,1,0.28165661753631255,-86463.3052036808,6842612.44869674
72,575,Pseudechis porphyricaus,MLP_multi_trunk_with_coords,random,True,0,1.0831673271302834e-06,-86463.3052036808,6842612.44869674
72,576,Saltuarius swaini,MLP_multi_trunk_with_coords,random,True,0,0.00012259238637301714,-86463.3052036808,6842612.44869674
78,617,Cacophis kreftii,MLP_multi_trunk_with_coords,random,True,0,0.0777996074474432,-85647.642077096,6842252.08566301
78,618,Calyptotis scutirostrum,MLP_multi_trunk_with_coords,random,True,0,0.08813872140741684,-85647.642077096,6842252.08566301
78,619,Coeranoscincus reticulatus,MLP_multi_trunk_with_coords,random,True,1,0.29757141328713915,-85647.642077096,6842252.08566301
78,620,Egernia mcpheei,MLP_multi_trunk_with_coords,random,True,0,0.07850453569539101,-85647.642077096,6842252.08566301
78,621,Eulamprus murrayi,MLP_multi_trunk_with_coords,random,True,0,0.00026553192169753015,-85647.642077096,6842252.08566301
78,622,Ophioscincus truncatus,MLP_multi_trunk_with_coords,random,True,0,0.23309814582309557,-85647.642077096,6842252.08566301
78,623,Pseudechis porphyricaus,MLP_multi_trunk_with_coords,random,True,0,1e-06,-85647.642077096,6842252.08566301
78,624,Saltuarius swaini,MLP_multi_trunk_with_coords,random,True,0,5.558955070733767e-05,-85647.642077096,6842252.08566301
84,665,Cacophis kreftii,MLP_multi_trunk_with_coords,random,True,0,0.20894109944410175,-75697.1375955953,6840337.76316393
84,666,Calyptotis scutirostrum,MLP_multi_trunk_with_coords,random,True,0,0.03452005623368996,-75697.1375955953,6840337.76316393
84,667,Coeranoscincus reticulatus,MLP_multi_trunk_with_coords,random,True,0,3.586548497600417e-06,-75697.1375955953,6840337.76316393
84,668,Egernia mcpheei,MLP_multi_trunk_with_coords,random,True,0,1.5657267303995395e-05,-75697.1375955953,6840337.76316393
84,669,Eulamprus murrayi,MLP_multi_trunk_with_coords,random,True,0,0.00013923415536969534,-75697.1375955953,6840337.76316393
84,670,Ophioscincus truncatus,MLP_multi_trunk_with_coords,random,True,0,0.4816465263092393,-75697.1375955953,6840337.76316393
84,671,Pseudechis porphyricaus,MLP_multi_trunk_with_coords,random,True,0,1e-06,-75697.1375955953,6840337.76316393
84,672,Saltuarius swaini,MLP_multi_trunk_with_coords,random,True,0,0.0002005574332402566,-75697.1375955953,6840337.76316393
87,689,Cacophis kreftii,MLP_multi_trunk_with_coords,random,True,0,0.0037444577295225718,-71013.5035560221,6839163.13240084
87,690,Calyptotis scutirostrum,MLP_multi_trunk_with_coords,random,True,0,0.007077778408591312,-71013.5035560221,6839163.13240084
87,691,Coeranoscincus reticulatus,MLP_multi_trunk_with_coords,random,True,1,0.0024913839241210963,-71013.5035560221,6839163.13240084
87,692,Egernia mcpheei,MLP_multi_trunk_with_coords,random,True,0,0.0036974955353938047,-71013.5035560221,6839163.13240084
87,693,Eulamprus murrayi,MLP_multi_trunk_with_coords,random,True,0,0.0030340793961388906,-71013.5035560221,6839163.13240084
87,694,Ophioscincus truncatus,MLP_multi_trunk_with_coords,random,True,0,0.061259364309178645,-71013.5035560221,6839163.13240084
87,695,Pseudechis porphyricaus,MLP_multi_trunk_with_coords,random,True,0,0.00013152199443079824,-71013.5035560221,6839163.13240084
87,696,Saltuarius swaini,MLP_multi_trunk_with_coords,random,True,0,0.030587699738084406,-71013.5035560221,6839163.13240084
92,729,Cacophis kreftii,MLP_multi_trunk_with_coords,random,True,0,0.18572794973387852,-75353.1982293057,6837536.97534272
92,730,Calyptotis scutirostrum,MLP_multi_trunk_with_coords,random,True,0,0.00021918439827720384,-75353.1982293057,6837536.97534272
92,731,Coeranoscincus reticulatus,MLP_multi_trunk_with_coords,random,True,0,1e-06,-75353.1982293057,6837536.97534272
92,732,Egernia mcpheei,MLP_multi_trunk_with_coords,random,True,0,1e-06,-75353.1982293057,6837536.97534272
92,733,Eulamprus murrayi,MLP_multi_trunk_with_coords,random,True,0,6.070039685953571e-05,-75353.1982293057,6837536.97534272
92,734,Ophioscincus truncatus,MLP_multi_trunk_with_coords,random,True,0,0.1499249325795022,-75353.1982293057,6837536.97534272
92,735,Pseudechis porphyricaus,MLP_multi_trunk_with_coords,random,True,0,1e-06,-75353.1982293057,6837536.97534272
92,736,Saltuarius swaini,MLP_multi_trunk_with_coords,random,True,0,0.0005459563668864673,-75353.1982293057,6837536.97534272
97,769,Cacophis kreftii,MLP_multi_trunk_with_coords,random,True,0,0.5359265654711005,-114250.874091765,6835186.86007185
97,770,Calyptotis scutirostrum,MLP_multi_trunk_with_coords,random,True,1,0.30282910933066043,-114250.874091765,6835186.86007185
97,771,Coeranoscincus reticulatus,MLP_multi_trunk_with_coords,random,True,1,0.23250219669591518,-114250.874091765,6835186.86007185
97,772,Egernia mcpheei,MLP_multi_trunk_with_coords,random,True,0,0.06562730655004488,-114250.874091765,6835186.86007185
97,773,Eulamprus murrayi,MLP_multi_trunk_with_coords,random,True,0,0.00062261643708675,-114250.874091765,6835186.86007185
97,774,Ophioscincus truncatus,MLP_multi_trunk_with_coords,random,True,1,0.3227849056108726,-114250.874091765,6835186.86007185
97,775,Pseudechis porphyricaus,MLP_multi_trunk_with_coords,random,True,0,1e-06,-114250.874091765,6835186.86007185
97,776,Saltuarius swaini,MLP_multi_trunk_with_coords,random,True,0,0.0001064475835608268,-114250.874091765,6835186.86007185
99,785,Cacophis kreftii,MLP_multi_trunk_with_coords,random,True,0,0.006721217001253123,-123277.985601988,6834532.44353339
99,786,Calyptotis scutirostrum,MLP_multi_trunk_with_coords,random,True,0,0.5221383055015492,-123277.985601988,6834532.44353339
99,787,Coeranoscincus reticulatus,MLP_multi_trunk_with_coords,random,True,0,0.6102188948506886,-123277.985601988,6834532.44353339
99,788,Egernia mcpheei,MLP_multi_trunk_with_coords,random,True,0,0.21357469004490756,-123277.985601988,6834532.44353339
99,789,Eulamprus murrayi,MLP_multi_trunk_with_coords,random,True,0,0.006687563307695119,-123277.985601988,6834532.44353339
99,790,Ophioscincus truncatus,MLP_multi_trunk_with_coords,random,True,0,0.0020520461287949227,-123277.985601988,6834532.44353339
99,791,Pseudechis porphyricaus,MLP_multi_trunk_with_coords,random,True,0,0.004992897815544798,-123277.985601988,6834532.44353339
99,792,Saltuarius swaini,MLP_multi_trunk_with_coords,random,True,0,0.0014080872985248634,-123277.985601988,6834532.44353339
101,801,Cacophis kreftii,MLP_multi_trunk_with_coords,random,True,1,0.43146713932879605,-147109.711119875,6832327.45616153
101,802,Calyptotis scutirostrum,MLP_multi_trunk_with_coords,random,True,1,0.9277071831768378,-147109.711119875,6832327.45616153
101,803,Coeranoscincus reticulatus,MLP_multi_trunk_with_coords,random,True,0,0.21880589490931054,-147109.711119875,6832327.45616153
101,804,Egernia mcpheei,MLP_multi_trunk_with_coords,random,True,0,0.14174088290557044,-147109.711119875,6832327.45616153
101,805,Eulamprus murrayi,MLP_multi_trunk_with_coords,random,True,0,0.001355010274544478,-147109.711119875,6832327.45616153
101,806,Ophioscincus truncatus,MLP_multi_trunk_with_coords,random,True,0,0.0032903568523226217,-147109.711119875,6832327.45616153
101,807,Pseudechis porphyricaus,MLP_multi_trunk_with_coords,random,True,0,3.643915253496741e-06,-147109.711119875,6832327.45616153
101,808,Saltuarius swaini,MLP_multi_trunk_with_coords,random,True,0,4.353686834470353e-05,-147109.711119875,6832327.45616153
108,857,Cacophis kreftii,MLP_multi_trunk_with_coords,random,True,1,0.04323943688188893,-120786.146445189,6833048.30377336
108,858,Calyptotis scutirostrum,MLP_multi_trunk_with_coords,random,True,0,0.7602275151357838,-120786.146445189,6833048.30377336
108,859,Coeranoscincus reticulatus,MLP_multi_trunk_with_coords,random,True,0,0.18984783049207232,-120786.146445189,6833048.30377336
108,860,Egernia mcpheei,MLP_multi_trunk_with_coords,random,True,0,0.020035214453501485,-120786.146445189,6833048.30377336
108,861,Eulamprus murrayi,MLP_multi_trunk_with_coords,random,True,0,0.007827337834867056,-120786.146445189,6833048.30377336
108,862,Ophioscincus truncatus,MLP_multi_trunk_with_coords,random,True,1,0.0039048105683075988,-120786.146445189,6833048.30377336
108,863,Pseudechis porphyricaus,MLP_multi_trunk_with_coords,random,True,0,0.0008206596010709165,-120786.146445189,6833048.30377336
108,864,Saltuarius swaini,MLP_multi_trunk_with_coords,random,True,0,0.0008586856968968714,-120786.146445189,6833048.30377336
116,921,Cacophis kreftii,MLP_multi_trunk_with_coords,random,True,1,0.021889703250773794,-119959.663589068,6832690.76087561
116,922,Calyptotis scutirostrum,MLP_multi_trunk_with_coords,random,True,0,0.458302474951636,-119959.663589068,6832690.76087561
116,923,Coeranoscincus reticulatus,MLP_multi_trunk_with_coords,random,True,0,0.7721493925405983,-119959.663589068,6832690.76087561
116,924,Egernia mcpheei,MLP_multi_trunk_with_coords,random,True,0,0.11801280443011927,-119959.663589068,6832690.76087561
116,925,Eulamprus murrayi,MLP_multi_trunk_with_coords,random,True,0,0.008121312148915781,-119959.663589068,6832690.76087561
116,926,Ophioscincus truncatus,MLP_multi_trunk_with_coords,random,True,1,0.03063836878458472,-119959.663589068,6832690.76087561
116,927,Pseudechis porphyricaus,MLP_multi_trunk_with_coords,random,True,0,0.0025821559580539977,-119959.663589068,6832690.76087561
116,928,Saltuarius swaini,MLP_multi_trunk_with_coords,random,True,0,0.0018210892703547418,-119959.663589068,6832690.76087561
117,929,Cacophis kreftii,MLP_multi_trunk_with_coords,random,True,0,0.1524735095748826,-119338.87811833,6832311.15904512
117,930,Calyptotis scutirostrum,MLP_multi_trunk_with_coords,random,True,1,0.7725338306276379,-119338.87811833,6832311.15904512
117,931,Coeranoscincus reticulatus,MLP_multi_trunk_with_coords,random,True,1,0.38868943636291564,-119338.87811833,6832311.15904512
117,932,Egernia mcpheei,MLP_multi_trunk_with_coords,random,True,0,0.028013775436231046,-119338.87811833,6832311.15904512
117,933,Eulamprus murrayi,MLP_multi_trunk_with_coords,random,True,0,0.011000316776401614,-119338.87811833,6832311.15904512
117,934,Ophioscincus truncatus,MLP_multi_trunk_with_coords,random,True,1,0.05532769955006915,-119338.87811833,6832311.15904512
117,935,Pseudechis porphyricaus,MLP_multi_trunk_with_coords,random,True,0,0.00040794589479259993,-119338.87811833,6832311.15904512
117,936,Saltuarius swaini,MLP_multi_trunk_with_coords,random,True,0,0.0014174395579241127,-119338.87811833,6832311.15904512
121,961,Cacophis kreftii,MLP_multi_trunk_with_coords,random,True,0,0.062405509810212874,-113308.229962265,6832416.48893136
121,962,Calyptotis scutirostrum,MLP_multi_trunk_with_coords,random,True,0,0.7700241992440106,-113308.229962265,6832416.48893136
121,963,Coeranoscincus reticulatus,MLP_multi_trunk_with_coords,random,True,1,0.03338400591778608,-113308.229962265,6832416.48893136
121,964,Egernia mcpheei,MLP_multi_trunk_with_coords,random,True,0,0.004405999689324801,-113308.229962265,6832416.48893136
121,965,Eulamprus murrayi,MLP_multi_trunk_with_coords,random,True,0,0.004789292821709737,-113308.229962265,6832416.48893136
121,966,Ophioscincus truncatus,MLP_multi_trunk_with_coords,random,True,1,0.01648937500199062,-113308.229962265,6832416.48893136
121,967,Pseudechis porphyricaus,MLP_multi_trunk_with_coords,random,True,0,0.00012290351765748063,-113308.229962265,6832416.48893136
121,968,Saltuarius swaini,MLP_multi_trunk_with_coords,random,True,0,0.0014216199586291,-113308.229962265,6832416.48893136
125,993,Cacophis kreftii,MLP_multi_trunk_with_coords,random,True,0,0.0267383034114656,-119100.196556909,6831521.23488212
125,994,Calyptotis scutirostrum,MLP_multi_trunk_with_coords,random,True,1,0.20394667017445278,-119100.196556909,6831521.23488212
125,995,Coeranoscincus reticulatus,MLP_multi_trunk_with_coords,random,True,0,0.47387606419960465,-119100.196556909,6831521.23488212
125,996,Egernia mcpheei,MLP_multi_trunk_with_coords,random,True,0,0.12287513847400007,-119100.196556909,6831521.23488212
125,997,Eulamprus murrayi,MLP_multi_trunk_with_coords,random,True,0,0.011275396887060122,-119100.196556909,6831521.23488212
125,998,Ophioscincus truncatus,MLP_multi_trunk_with_coords,random,True,0,0.024850975863026332,-119100.196556909,6831521.23488212
125,999,Pseudechis porphyricaus,MLP_multi_trunk_with_coords,random,True,0,0.00258438176230686,-119100.196556909,6831521.23488212
125,1000,Saltuarius swaini,MLP_multi_trunk_with_coords,random,True,0,0.006635297111291893,-119100.196556909,6831521.23488212
129,1025,Cacophis kreftii,MLP_multi_trunk_with_coords,random,True,0,0.4163162133216937,-76147.8048592401,6833277.03106837
129,1026,Calyptotis scutirostrum,MLP_multi_trunk_with_coords,random,True,0,0.9724141465419235,-76147.8048592401,6833277.03106837
129,1027,Coeranoscincus reticulatus,MLP_multi_trunk_with_coords,random,True,0,0.21448883809691183,-76147.8048592401,6833277.03106837
129,1028,Egernia mcpheei,MLP_multi_trunk_with_coords,random,True,0,0.17992769901414016,-76147.8048592401,6833277.03106837
129,1029,Eulamprus murrayi,MLP_multi_trunk_with_coords,random,True,0,0.0009185119390259797,-76147.8048592401,6833277.03106837
129,1030,Ophioscincus truncatus,MLP_multi_trunk_with_coords,random,True,0,0.41822919217384386,-76147.8048592401,6833277.03106837
129,1031,Pseudechis porphyricaus,MLP_multi_trunk_with_coords,random,True,0,1e-06,-76147.8048592401,6833277.03106837
129,1032,Saltuarius swaini,MLP_multi_trunk_with_coords,random,True,0,3.446032779783843e-05,-76147.8048592401,6833277.03106837
132,1049,Cacophis kreftii,MLP_multi_trunk_with_coords,random,True,0,0.012362716825340216,-105801.162580743,6831179.93507326
132,1050,Calyptotis scutirostrum,MLP_multi_trunk_with_coords,random,True,0,0.04388773327748928,-105801.162580743,6831179.93507326
132,1051,Coeranoscincus reticulatus,MLP_multi_trunk_with_coords,random,True,0,0.23923751268368318,-105801.162580743,6831179.93507326
132,1052,Egernia mcpheei,MLP_multi_trunk_with_coords,random,True,0,0.05564190569696097,-105801.162580743,6831179.93507326
132,1053,Eulamprus murrayi,MLP_multi_trunk_with_coords,random,True,0,0.0001944654194397633,-105801.162580743,6831179.93507326
132,1054,Ophioscincus truncatus,MLP_multi_trunk_with_coords,random,True,0,0.011148869685405157,-105801.162580743,6831179.93507326
132,1055,Pseudechis porphyricaus,MLP_multi_trunk_with_coords,random,True,0,5.021453828987911e-06,-105801.162580743,6831179.93507326
132,1056,Saltuarius swaini,MLP_multi_trunk_with_coords,random,True,0,3.97351147778427e-05,-105801.162580743,6831179.93507326
133,1057,Cacophis kreftii,MLP_multi_trunk_with_coords,random,True,0,0.1011525630736018,-76520.6971461142,6832657.28276156
133,1058,Calyptotis scutirostrum,MLP_multi_trunk_with_coords,random,True,1,0.25388350162624623,-76520.6971461142,6832657.28276156
133,1059,Coeranoscincus reticulatus,MLP_multi_trunk_with_coords,random,True,0,0.01142506522091556,-76520.6971461142,6832657.28276156
133,1060,Egernia mcpheei,MLP_multi_trunk_with_coords,random,True,0,0.006112331827785207,-76520.6971461142,6832657.28276156
133,1061,Eulamprus murrayi,MLP_multi_trunk_with_coords,random,True,0,0.0005557248948395476,-76520.6971461142,6832657.28276156
133,1062,Ophioscincus truncatus,MLP_multi_trunk_with_coords,random,True,0,0.27459171864178894,-76520.6971461142,6832657.28276156
133,1063,Pseudechis porphyricaus,MLP_multi_trunk_with_coords,random,True,0,1e-06,-76520.6971461142,6832657.28276156
133,1064,Saltuarius swaini,MLP_multi_trunk_with_coords,random,True,0,0.0003133752551842552,-76520.6971461142,6832657.28276156
136,1081,Cacophis kreftii,MLP_multi_trunk_with_coords,random,True,0,0.2375525445037277,-62745.5415882464,6830732.52392328
136,1082,Calyptotis scutirostrum,MLP_multi_trunk_with_coords,random,True,0,0.02878747808893443,-62745.5415882464,6830732.52392328
136,1083,Coeranoscincus reticulatus,MLP_multi_trunk_with_coords,random,True,0,1e-06,-62745.5415882464,6830732.52392328
136,1084,Egernia mcpheei,MLP_multi_trunk_with_coords,random,True,0,1e-06,-62745.5415882464,6830732.52392328
136,1085,Eulamprus murrayi,MLP_multi_trunk_with_coords,random,True,0,7.505029201881734e-05,-62745.5415882464,6830732.52392328
136,1086,Ophioscincus truncatus,MLP_multi_trunk_with_coords,random,True,1,0.013231543806295093,-62745.5415882464,6830732.52392328
136,1087,Pseudechis porphyricaus,MLP_multi_trunk_with_coords,random,True,0,1e-06,-62745.5415882464,6830732.52392328
136,1088,Saltuarius swaini,MLP_multi_trunk_with_coords,random,True,0,0.00016098828924559783,-62745.5415882464,6830732.52392328
139,1105,Cacophis kreftii,MLP_multi_trunk_with_coords,random,True,0,0.13336420908229107,-60097.6324680274,6830057.84195886
139,1106,Calyptotis scutirostrum,MLP_multi_trunk_with_coords,random,True,0,0.9596736735072754,-60097.6324680274,6830057.84195886
139,1107,Coeranoscincus reticulatus,MLP_multi_trunk_with_coords,random,True,0,0.004413717849555706,-60097.6324680274,6830057.84195886
139,1108,Egernia mcpheei,MLP_multi_trunk_with_coords,random,True,0,0.00835219618915858,-60097.6324680274,6830057.84195886
139,1109,Eulamprus murrayi,MLP_multi_trunk_with_coords,random,True,0,0.0006144168538508848,-60097.6324680274,6830057.84195886
139,1110,Ophioscincus truncatus,MLP_multi_trunk_with_coords,random,True,1,0.4408618889581047,-60097.6324680274,6830057.84195886
139,1111,Pseudechis porphyricaus,MLP_multi_trunk_with_coords,random,True,0,1e-06,-60097.6324680274,6830057.84195886
139,1112,Saltuarius swaini,MLP_multi_trunk_with_coords,random,True,0,6.237491594025501e-05,-60097.6324680274,6830057.84195886
141,1121,Cacophis kreftii,MLP_multi_trunk_with_coords,random,True,0,0.025240216614356433,-59274.1159834863,6829696.39928037
141,1122,Calyptotis scutirostrum,MLP_multi_trunk_with_coords,random,True,0,0.6450932104413758,-59274.1159834863,6829696.39928037
141,1123,Coeranoscincus reticulatus,MLP_multi_trunk_with_coords,random,True,0,4.1458522546799e-06,-59274.1159834863,6829696.39928037
141,1124,Egernia mcpheei,MLP_multi_trunk_with_coords,random,True,0,0.0009133681032803622,-59274.1159834863,6829696.39928037
141,1125,Eulamprus murrayi,MLP_multi_trunk_with_coords,random,True,0,0.0009527467050716181,-59274.1159834863,6829696.39928037
141,1126,Ophioscincus truncatus,MLP_multi_trunk_with_coords,random,True,0,0.00024698321937995,-59274.1159834863,6829696.39928037
141,1127,Pseudechis porphyricaus,MLP_multi_trunk_with_coords,random,True,0,1e-06,-59274.1159834863,6829696.39928037
141,1128,Saltuarius swaini,MLP_multi_trunk_with_coords,random,True,0,0.004232395122365989,-59274.1159834863,6829696.39928037
148,1177,Cacophis kreftii,MLP_multi_trunk_with_coords,random,True,0,0.19142972127314356,-59039.7148912014,6828905.9612443
148,1178,Calyptotis scutirostrum,MLP_multi_trunk_with_coords,random,True,1,0.16497503102697347,-59039.7148912014,6828905.9612443
148,1179,Coeranoscincus reticulatus,MLP_multi_trunk_with_coords,random,True,0,1e-06,-59039.7148912014,6828905.9612443
148,1180,Egernia mcpheei,MLP_multi_trunk_with_coords,random,True,1,2.5117427812416332e-05,-59039.7148912014,6828905.9612443
148,1181,Eulamprus murrayi,MLP_multi_trunk_with_coords,random,True,0,0.00011718068070580124,-59039.7148912014,6828905.9612443
148,1182,Ophioscincus truncatus,MLP_multi_trunk_with_coords,random,True,1,0.4905731644250018,-59039.7148912014,6828905.9612443
148,1183,Pseudechis porphyricaus,MLP_multi_trunk_with_coords,random,True,0,1e-06,-59039.7148912014,6828905.9612443
148,1184,Saltuarius swaini,MLP_multi_trunk_with_coords,random,True,0,0.00017873888811454207,-59039.7148912014,6828905.9612443
153,1217,Cacophis kreftii,MLP_multi_trunk_with_coords,random,True,0,0.10170076772333132,-56158.084536112,6827640.49763384
153,1218,Calyptotis scutirostrum,MLP_multi_trunk_with_coords,random,True,1,0.7882653390636044,-56158.084536112,6827640.49763384
153,1219,Coeranoscincus reticulatus,MLP_multi_trunk_with_coords,random,True,0,0.0002095387850733684,-56158.084536112,6827640.49763384
153,1220,Egernia mcpheei,MLP_multi_trunk_with_coords,random,True,0,0.005342042967485404,-56158.084536112,6827640.49763384
153,1221,Eulamprus murrayi,MLP_multi_trunk_with_coords,random,True,0,0.00021674344301118027,-56158.084536112,6827640.49763384
153,1222,Ophioscincus truncatus,MLP_multi_trunk_with_coords,random,True,1,0.8803636257273738,-56158.084536112,6827640.49763384
153,1223,Pseudechis porphyricaus,MLP_multi_trunk_with_coords,random,True,0,1e-06,-56158.084536112,6827640.49763384
153,1224,Saltuarius swaini,MLP_multi_trunk_with_coords,random,True,0,5.1518126676754214e-05,-56158.084536112,6827640.49763384
160,1273,Cacophis kreftii,MLP_multi_trunk_with_coords,random,True,0,0.0324820705989725,-57082.2051583753,6825993.28319997
160,1274,Calyptotis scutirostrum,MLP_multi_trunk_with_coords,random,True,1,0.4179125807395012,-57082.2051583753,6825993.28319997
160,1275,Coeranoscincus reticulatus,MLP_multi_trunk_with_coords,random,True,0,0.000762969162570226,-57082.2051583753,6825993.28319997
160,1276,Egernia mcpheei,MLP_multi_trunk_with_coords,random,True,0,0.005293128673424573,-57082.2051583753,6825993.28319997
160,1277,Eulamprus murrayi,MLP_multi_trunk_with_coords,random,True,0,0.00029195061149981923,-57082.2051583753,6825993.28319997
160,1278,Ophioscincus truncatus,MLP_multi_trunk_with_coords,random,True,0,0.8247602611212039,-57082.2051583753,6825993.28319997
160,1279,Pseudechis porphyricaus,MLP_multi_trunk_with_coords,random,True,0,1e-06,-57082.2051583753,6825993.28319997
160,1280,Saltuarius swaini,MLP_multi_trunk_with_coords,random,True,0,9.134752902641461e-05,-57082.2051583753,6825993.28319997
165,1313,Cacophis kreftii,MLP_multi_trunk_with_coords,random,True,0,0.2275498985904383,-116199.528148125,6817786.39841097
165,1314,Calyptotis scutirostrum,MLP_multi_trunk_with_coords,random,True,0,0.11631130203759339,-116199.528148125,6817786.39841097
165,1315,Coeranoscincus reticulatus,MLP_multi_trunk_with_coords,random,True,0,0.5288057433151119,-116199.528148125,6817786.39841097
165,1316,Egernia mcpheei,MLP_multi_trunk_with_coords,random,True,0,0.027059781422187994,-116199.528148125,6817786.39841097
165,1317,Eulamprus murrayi,MLP_multi_trunk_with_coords,random,True,0,0.017970174360828976,-116199.528148125,6817786.39841097
165,1318,Ophioscincus truncatus,MLP_multi_trunk_with_coords,random,True,0,0.5158313585615097,-116199.528148125,6817786.39841097
165,1319,Pseudechis porphyricaus,MLP_multi_trunk_with_coords,random,True,0,0.00024150699703394884,-116199.528148125,6817786.39841097
165,1320,Saltuarius swaini,MLP_multi_trunk_with_coords,random,True,0,0.005468954099389333,-116199.528148125,6817786.39841097
169,1345,Cacophis kreftii,MLP_multi_trunk_with_coords,random,True,0,0.0015631715782028126,-108876.433782581,6816343.47520397
169,1346,Calyptotis scutirostrum,MLP_multi_trunk_with_coords,random,True,0,0.006859948925101635,-108876.433782581,6816343.47520397
169,1347,Coeranoscincus reticulatus,MLP_multi_trunk_with_coords,random,True,0,0.1147920879500765,-108876.433782581,6816343.47520397
169,1348,Egernia mcpheei,MLP_multi_trunk_with_coords,random,True,0,0.037569755129095155,-108876.433782581,6816343.47520397
169,1349,Eulamprus murrayi,MLP_multi_trunk_with_coords,random,True,0,0.00252191256814996,-108876.433782581,6816343.47520397
169,1350,Ophioscincus truncatus,MLP_multi_trunk_with_coords,random,True,0,0.0005309558025352014,-108876.433782581,6816343.47520397
169,1351,Pseudechis porphyricaus,MLP_multi_trunk_with_coords,random,True,0,0.006876459509716112,-108876.433782581,6816343.47520397
169,1352,Saltuarius swaini,MLP_multi_trunk_with_coords,random,True,0,0.009868856833888327,-108876.433782581,6816343.47520397
172,1369,Cacophis kreftii,MLP_multi_trunk_with_coords,random,True,0,0.0003456549848211198,-148834.228828815,6806479.17622519
172,1370,Calyptotis scutirostrum,MLP_multi_trunk_with_coords,random,True,0,0.029365536595962454,-148834.228828815,6806479.17622519
172,1371,Coeranoscincus reticulatus,MLP_multi_trunk_with_coords,random,True,0,0.3453516126880696,-148834.228828815,6806479.17622519
172,1372,Egernia mcpheei,MLP_multi_trunk_with_coords,random,True,0,0.001355984431502803,-148834.228828815,6806479.17622519
172,1373,Eulamprus murrayi,MLP_multi_trunk_with_coords,random,True,0,0.007315715001861204,-148834.228828815,6806479.17622519
172,1374,Ophioscincus truncatus,MLP_multi_trunk_with_coords,random,True,0,0.0009923793475632584,-148834.228828815,6806479.17622519
172,1375,Pseudechis porphyricaus,MLP_multi_trunk_with_coords,random,True,0,0.01740095709240718,-148834.228828815,6806479.17622519
172,1376,Saltuarius swaini,MLP_multi_trunk_with_coords,random,True,0,0.00028043418300066164,-148834.228828815,6806479.17622519
173,1377,Cacophis kreftii,MLP_multi_trunk_with_coords,random,True,0,8.535260914206771e-05,-26864.9515665186,6812638.8314962
173,1378,Calyptotis scutirostrum,MLP_multi_trunk_with_coords,random,True,0,0.00044704908114893104,-26864.9515665186,6812638.8314962
173,1379,Coeranoscincus reticulatus,MLP_multi_trunk_with_coords,random,True,0,1e-06,-26864.9515665186,6812638.8314962
173,1380,Egernia mcpheei,MLP_multi_trunk_with_coords,random,True,0,8.561904202837883e-06,-26864.9515665186,6812638.8314962
173,1381,Eulamprus murrayi,MLP_multi_trunk_with_coords,random,True,0,0.0001418687934990027,-26864.9515665186,6812638.8314962
173,1382,Ophioscincus truncatus,MLP_multi_trunk_with_coords,random,True,0,0.0001942465271023707,-26864.9515665186,6812638.8314962
173,1383,Pseudechis porphyricaus,MLP_multi_trunk_with_coords,random,True,0,2.268233341969024e-06,-26864.9515665186,6812638.8314962
173,1384,Saltuarius swaini,MLP_multi_trunk_with_coords,random,True,0,0.028022469911849927,-26864.9515665186,6812638.8314962
175,1393,Cacophis kreftii,MLP_multi_trunk_with_coords,random,True,0,0.0011109926307046759,-26614.0603685924,6811648.67695057
175,1394,Calyptotis scutirostrum,MLP_multi_trunk_with_coords,random,True,1,0.01999594597502842,-26614.0603685924,6811648.67695057
175,1395,Coeranoscincus reticulatus,MLP_multi_trunk_with_coords,random,True,0,1e-06,-26614.0603685924,6811648.67695057
175,1396,Egernia mcpheei,MLP_multi_trunk_with_coords,random,True,0,0.0001549059163781933,-26614.0603685924,6811648.67695057
175,1397,Eulamprus murrayi,MLP_multi_trunk_with_coords,random,True,0,0.00025737478124978155,-26614.0603685924,6811648.67695057
175,1398,Ophioscincus truncatus,MLP_multi_trunk_with_coords,random,True,0,1.5663257339240648e-05,-26614.0603685924,6811648.67695057
175,1399,Pseudechis porphyricaus,MLP_multi_trunk_with_coords,random,True,0,1.6908527295738402e-06,-26614.0603685924,6811648.67695057
175,1400,Saltuarius swaini,MLP_multi_trunk_with_coords,random,True,0,0.015806903958691478,-26614.0603685924,6811648.67695057
180,1433,Cacophis kreftii,MLP_multi_trunk_with_coords,random,True,0,1e-06,-29780.9705356891,6806663.75964171
180,1434,Calyptotis scutirostrum,MLP_multi_trunk_with_coords,random,True,0,1.106125904805172e-05,-29780.9705356891,6806663.75964171
180,1435,Coeranoscincus reticulatus,MLP_multi_trunk_with_coords,random,True,0,1e-06,-29780.9705356891,6806663.75964171
180,1436,Egernia mcpheei,MLP_multi_trunk_with_coords,random,True,0,1e-06,-29780.9705356891,6806663.75964171
180,1437,Eulamprus murrayi,MLP_multi_trunk_with_coords,random,True,0,0.00041291226330696394,-29780.9705356891,6806663.75964171
180,1438,Ophioscincus truncatus,MLP_multi_trunk_with_coords,random,True,0,0.0005974096321455952,-29780.9705356891,6806663.75964171
180,1439,Pseudechis porphyricaus,MLP_multi_trunk_with_coords,random,True,0,0.00015811227038503329,-29780.9705356891,6806663.75964171
180,1440,Saltuarius swaini,MLP_multi_trunk_with_coords,random,True,0,0.035785022359546025,-29780.9705356891,6806663.75964171
181,1441,Cacophis kreftii,MLP_multi_trunk_with_coords,random,True,0,1e-06,-29379.7381757025,6806682.07694802
181,1442,Calyptotis scutirostrum,MLP_multi_trunk_with_coords,random,True,0,1.110267659570598e-05,-29379.7381757025,6806682.07694802
181,1443,Coeranoscincus reticulatus,MLP_multi_trunk_with_coords,random,True,0,1e-06,-29379.7381757025,6806682.07694802
181,1444,Egernia mcpheei,MLP_multi_trunk_with_coords,random,True,0,1e-06,-29379.7381757025,6806682.07694802
181,1445,Eulamprus murrayi,MLP_multi_trunk_with_coords,random,True,0,0.000397453352617337,-29379.7381757025,6806682.07694802
181,1446,Ophioscincus truncatus,MLP_multi_trunk_with_coords,random,True,0,0.0005370550890472091,-29379.7381757025,6806682.07694802
181,1447,Pseudechis porphyricaus,MLP_multi_trunk_with_coords,random,True,0,0.0001494069179844992,-29379.7381757025,6806682.07694802
181,1448,Saltuarius swaini,MLP_multi_trunk_with_coords,random,True,0,0.035045851154574655,-29379.7381757025,6806682.07694802
185,1473,Cacophis kreftii,MLP_multi_trunk_with_coords,random,True,0,0.003192510513477813,-154680.904774922,6798732.86570032
185,1474,Calyptotis scutirostrum,MLP_multi_trunk_with_coords,random,True,0,0.011040061073876247,-154680.904774922,6798732.86570032
185,1475,Coeranoscincus reticulatus,MLP_multi_trunk_with_coords,random,True,1,0.7851575314322614,-154680.904774922,6798732.86570032
185,1476,Egernia mcpheei,MLP_multi_trunk_with_coords,random,True,0,0.00023041562251853396,-154680.904774922,6798732.86570032
185,1477,Eulamprus murrayi,MLP_multi_trunk_with_coords,random,True,0,0.014350646204493056,-154680.904774922,6798732.86570032
185,1478,Ophioscincus truncatus,MLP_multi_trunk_with_coords,random,True,0,0.01010582197713648,-154680.904774922,6798732.86570032
185,1479,Pseudechis porphyricaus,MLP_multi_trunk_with_coords,random,True,0,0.010830598873799264,-154680.904774922,6798732.86570032
185,1480,Saltuarius swaini,MLP_multi_trunk_with_coords,random,True,0,0.0002457416744338494,-154680.904774922,6798732.86570032
194,1545,Cacophis kreftii,MLP_multi_trunk_with_coords,random,True,0,0.06050334833427032,-113057.133584369,6799439.25721174
194,1546,Calyptotis scutirostrum,MLP_multi_trunk_with_coords,random,True,0,0.10878380087513911,-113057.133584369,6799439.25721174
194,1547,Coeranoscincus reticulatus,MLP_multi_trunk_with_coords,random,True,1,0.6391572320036,-113057.133584369,6799439.25721174
194,1548,Egernia mcpheei,MLP_multi_trunk_with_coords,random,True,0,0.15731957558580523,-113057.133584369,6799439.25721174
194,1549,Eulamprus murrayi,MLP_multi_trunk_with_coords,random,True,0,0.000409341526801833,-113057.133584369,6799439.25721174
194,1550,Ophioscincus truncatus,MLP_multi_trunk_with_coords,random,True,0,0.13321927099690145,-113057.133584369,6799439.25721174
194,1551,Pseudechis porphyricaus,MLP_multi_trunk_with_coords,random,True,0,2.649660886626081e-06,-113057.133584369,6799439.25721174
194,1552,Saltuarius swaini,MLP_multi_trunk_with_coords,random,True,0,5.608871907319869e-05,-113057.133584369,6799439.25721174
195,1553,Cacophis kreftii,MLP_multi_trunk_with_coords,random,True,0,0.004906864646032342,-153177.628494992,6796999.50794559
195,1554,Calyptotis scutirostrum,MLP_multi_trunk_with_coords,random,True,0,0.09570160115259302,-153177.628494992,6796999.50794559
195,1555,Coeranoscincus reticulatus,MLP_multi_trunk_with_coords,random,True,1,0.5298753738756028,-153177.628494992,6796999.50794559
195,1556,Egernia mcpheei,MLP_multi_trunk_with_coords,random,True,0,0.0032805196626466042,-153177.628494992,6796999.50794559
195,1557,Eulamprus murrayi,MLP_multi_trunk_with_coords,random,True,0,0.03276155169811693,-153177.628494992,6796999.50794559
195,1558,Ophioscincus truncatus,MLP_multi_trunk_with_coords,random,True,0,0.01541167691817874,-153177.628494992,6796999.50794559
195,1559,Pseudechis porphyricaus,MLP_multi_trunk_with_coords,random,True,0,0.011284770431442947,-153177.628494992,6796999.50794559
195,1560,Saltuarius swaini,MLP_multi_trunk_with_coords,random,True,0,0.0009138307684071496,-153177.628494992,6796999.50794559
203,1617,Cacophis kreftii,MLP_multi_trunk_with_coords,random,True,0,1.8390001102862168e-05,-165638.858103626,6792540.33884748
203,1618,Calyptotis scutirostrum,MLP_multi_trunk_with_coords,random,True,0,4.0101676675005215e-05,-165638.858103626,6792540.33884748
203,1619,Coeranoscincus reticulatus,MLP_multi_trunk_with_coords,random,True,1,0.988591532550878,-165638.858103626,6792540.33884748
203,1620,Egernia mcpheei,MLP_multi_trunk_with_coords,random,True,0,2.5347771128649175e-05,-165638.858103626,6792540.33884748
203,1621,Eulamprus murrayi,MLP_multi_trunk_with_coords,random,True,0,0.005931905419220371,-165638.858103626,6792540.33884748
203,1622,Ophioscincus truncatus,MLP_multi_trunk_with_coords,random,True,0,0.13440728953029105,-165638.858103626,6792540.33884748
203,1623,Pseudechis porphyricaus,MLP_multi_trunk_with_coords,random,True,0,0.09025477642583223,-165638.858103626,6792540.33884748
203,1624,Saltuarius swaini,MLP_multi_trunk_with_coords,random,True,0,0.000150886680738815,-165638.858103626,6792540.33884748
205,1633,Cacophis kreftii,MLP_multi_trunk_with_coords,random,True,0,0.0032261075626782414,-111987.574051639,6794257.38010052
205,1634,Calyptotis scutirostrum,MLP_multi_trunk_with_coords,random,True,0,0.02186461598569659,-111987.574051639,6794257.38010052
205,1635,Coeranoscincus reticulatus,MLP_multi_trunk_with_coords,random,True,0,0.25734564196413307,-111987.574051639,6794257.38010052
205,1636,Egernia mcpheei,MLP_multi_trunk_with_coords,random,True,0,0.08893759460583606,-111987.574051639,6794257.38010052
205,1637,Eulamprus murrayi,MLP_multi_trunk_with_coords,random,True,0,0.004277861566581159,-111987.574051639,6794257.38010052
205,1638,Ophioscincus truncatus,MLP_multi_trunk_with_coords,random,True,0,0.002144031469971112,-111987.574051639,6794257.38010052
205,1639,Pseudechis porphyricaus,MLP_multi_trunk_with_coords,random,True,0,0.005785621931895046,-111987.574051639,6794257.38010052
205,1640,Saltuarius swaini,MLP_multi_trunk_with_coords,random,True,0,0.009331438790620811,-111987.574051639,6794257.38010052
209,1665,Cacophis kreftii,MLP_multi_trunk_with_coords,random,True,0,0.001261847858207237,-112530.721336831,6793024.84869485
209,1666,Calyptotis scutirostrum,MLP_multi_trunk_with_coords,random,True,0,0.02599490356441536,-112530.721336831,6793024.84869485
209,1667,Coeranoscincus reticulatus,MLP_multi_trunk_with_coords,random,True,1,0.17282437710357335,-112530.721336831,6793024.84869485
209,1668,Egernia mcpheei,MLP_multi_trunk_with_coords,random,True,0,0.07948741580296127,-112530.721336831,6793024.84869485
209,1669,Eulamprus murrayi,MLP_multi_trunk_with_coords,random,True,0,0.0026251191986239727,-112530.721336831,6793024.84869485
209,1670,Ophioscincus truncatus,MLP_multi_trunk_with_coords,random,True,0,0.0003459973227167774,-112530.721336831,6793024.84869485
209,1671,Pseudechis porphyricaus,MLP_multi_trunk_with_coords,random,True,0,0.00727354741045775,-112530.721336831,6793024.84869485
209,1672,Saltuarius swaini,MLP_multi_trunk_with_coords,random,True,0,0.0041779210507109955,-112530.721336831,6793024.84869485
214,1705,Cacophis kreftii,MLP_multi_trunk_with_coords,random,True,0,4.7467187955684075e-05,-110822.113763642,6787074.42336939
214,1706,Calyptotis scutirostrum,MLP_multi_trunk_with_coords,random,True,0,0.009298874654311706,-110822.113763642,6787074.42336939
214,1707,Coeranoscincus reticulatus,MLP_multi_trunk_with_coords,random,True,0,0.4002671421150679,-110822.113763642,6787074.42336939
214,1708,Egernia mcpheei,MLP_multi_trunk_with_coords,random,True,0,0.2477760159118424,-110822.113763642,6787074.42336939
214,1709,Eulamprus murrayi,MLP_multi_trunk_with_coords,random,True,0,0.0011197696238681176,-110822.113763642,6787074.42336939
214,1710,Ophioscincus truncatus,MLP_multi_trunk_with_coords,random,True,0,0.00022933890986884882,-110822.113763642,6787074.42336939
214,1711,Pseudechis porphyricaus,MLP_multi_trunk_with_coords,random,True,0,0.013819676119548034,-110822.113763642,6787074.42336939
214,1712,Saltuarius swaini,MLP_multi_trunk_with_coords,random,True,0,0.0019553965522707273,-110822.113763642,6787074.42336939
226,1801,Cacophis kreftii,MLP_multi_trunk_with_coords,random,True,0,0.001544498824236285,-156768.616233883,6780508.50732801
226,1802,Calyptotis scutirostrum,MLP_multi_trunk_with_coords,random,True,0,0.00898760171528074,-156768.616233883,6780508.50732801
226,1803,Coeranoscincus reticulatus,MLP_multi_trunk_with_coords,random,True,1,0.2548118044800792,-156768.616233883,6780508.50732801
226,1804,Egernia mcpheei,MLP_multi_trunk_with_coords,random,True,0,0.0006458326364572078,-156768.616233883,6780508.50732801
226,1805,Eulamprus murrayi,MLP_multi_trunk_with_coords,random,True,0,0.008014852817786484,-156768.616233883,6780508.50732801
226,1806,Ophioscincus truncatus,MLP_multi_trunk_with_coords,random,True,0,0.01511696425407492,-156768.616233883,6780508.50732801
226,1807,Pseudechis porphyricaus,MLP_multi_trunk_with_coords,random,True,0,0.0036204578637313713,-156768.616233883,6780508.50732801
226,1808,Saltuarius swaini,MLP_multi_trunk_with_coords,random,True,0,0.0005797361402065577,-156768.616233883,6780508.50732801
231,1841,Cacophis kreftii,MLP_multi_trunk_with_coords,random,True,0,0.0005504949830023592,-107923.462038802,6781588.26422547
231,1842,Calyptotis scutirostrum,MLP_multi_trunk_with_coords,random,True,0,0.0022235659929647315,-107923.462038802,6781588.26422547
231,1843,Coeranoscincus reticulatus,MLP_multi_trunk_with_coords,random,True,1,0.1349854574521679,-107923.462038802,6781588.26422547
231,1844,Egernia mcpheei,MLP_multi_trunk_with_coords,random,True,0,0.04011100520625519,-107923.462038802,6781588.26422547
231,1845,Eulamprus murrayi,MLP_multi_trunk_with_coords,random,True,0,0.0018888105173299028,-107923.462038802,6781588.26422547
231,1846,Ophioscincus truncatus,MLP_multi_trunk_with_coords,random,True,0,0.0005943493906893068,-107923.462038802,6781588.26422547
231,1847,Pseudechis porphyricaus,MLP_multi_trunk_with_coords,random,True,0,0.009186333895070531,-107923.462038802,6781588.26422547
231,1848,Saltuarius swaini,MLP_multi_trunk_with_coords,random,True,0,0.012867741508008604,-107923.462038802,6781588.26422547
232,1849,Cacophis kreftii,MLP_multi_trunk_with_coords,random,True,0,0.005112976740556147,-154268.894705046,6778832.59399199
232,1850,Calyptotis scutirostrum,MLP_multi_trunk_with_coords,random,True,0,0.014306096843458984,-154268.894705046,6778832.59399199
232,1851,Coeranoscincus reticulatus,MLP_multi_trunk_with_coords,random,True,0,0.3581073601050341,-154268.894705046,6778832.59399199
232,1852,Egernia mcpheei,MLP_multi_trunk_with_coords,random,True,0,0.002272550472698588,-154268.894705046,6778832.59399199
232,1853,Eulamprus murrayi,MLP_multi_trunk_with_coords,random,True,0,0.008811159140533235,-154268.894705046,6778832.59399199
232,1854,Ophioscincus truncatus,MLP_multi_trunk_with_coords,random,True,0,0.07031317971971118,-154268.894705046,6778832.59399199
232,1855,Pseudechis porphyricaus,MLP_multi_trunk_with_coords,random,True,0,0.001995608606046937,-154268.894705046,6778832.59399199
232,1856,Saltuarius swaini,MLP_multi_trunk_with_coords,random,True,0,0.001118831038144115,-154268.894705046,6778832.59399199
236,1881,Cacophis kreftii,MLP_multi_trunk_with_coords,random,True,0,3.338938292583501e-05,-157007.529503806,6769427.67794309
236,1882,Calyptotis scutirostrum,MLP_multi_trunk_with_coords,random,True,0,4.911822462293091e-06,-157007.529503806,6769427.67794309
236,1883,Coeranoscincus reticulatus,MLP_multi_trunk_with_coords,random,True,1,0.532698832877483,-157007.529503806,6769427.67794309
236,1884,Egernia mcpheei,MLP_multi_trunk_with_coords,random,True,0,1.2955280149933364e-05,-157007.529503806,6769427.67794309
236,1885,Eulamprus murrayi,MLP_multi_trunk_with_coords,random,True,0,0.00856334353386277,-157007.529503806,6769427.67794309
236,1886,Ophioscincus truncatus,MLP_multi_trunk_with_coords,random,True,0,0.08573051776185017,-157007.529503806,6769427.67794309
236,1887,Pseudechis porphyricaus,MLP_multi_trunk_with_coords,random,True,0,0.11118032339824767,-157007.529503806,6769427.67794309
236,1888,Saltuarius swaini,MLP_multi_trunk_with_coords,random,True,0,0.001673014455710109,-157007.529503806,6769427.67794309
237,1889,Cacophis kreftii,MLP_multi_trunk_with_coords,random,True,0,4.274142761960745e-05,-157601.945479142,6769192.74860327
237,1890,Calyptotis scutirostrum,MLP_multi_trunk_with_coords,random,True,0,5.105062306214886e-06,-157601.945479142,6769192.74860327
237,1891,Coeranoscincus reticulatus,MLP_multi_trunk_with_coords,random,True,1,0.2712359773020569,-157601.945479142,6769192.74860327
237,1892,Egernia mcpheei,MLP_multi_trunk_with_coords,random,True,0,8.052840724806735e-06,-157601.945479142,6769192.74860327
237,1893,Eulamprus murrayi,MLP_multi_trunk_with_coords,random,True,0,0.014885855028670389,-157601.945479142,6769192.74860327
237,1894,Ophioscincus truncatus,MLP_multi_trunk_with_coords,random,True,0,0.11787867227649004,-157601.945479142,6769192.74860327
237,1895,Pseudechis porphyricaus,MLP_multi_trunk_with_coords,random,True,0,0.1531250215560522,-157601.945479142,6769192.74860327
237,1896,Saltuarius swaini,MLP_multi_trunk_with_coords,random,True,0,0.0043130082630925435,-157601.945479142,6769192.74860327
238,1897,Cacophis kreftii,MLP_multi_trunk_with_coords,random,True,0,3.352797661656859e-05,-42631.6013249115,6774856.7836682
238,1898,Calyptotis scutirostrum,MLP_multi_trunk_with_coords,random,True,0,0.00018648727410330434,-42631.6013249115,6774856.7836682
238,1899,Coeranoscincus reticulatus,MLP_multi_trunk_with_coords,random,True,0,1.3266252911121214e-06,-42631.6013249115,6774856.7836682
238,1900,Egernia mcpheei,MLP_multi_trunk_with_coords,random,True,0,9.458231373764244e-06,-42631.6013249115,6774856.7836682
238,1901,Eulamprus murrayi,MLP_multi_trunk_with_coords,random,True,0,0.0004901734437208328,-42631.6013249115,6774856.7836682
238,1902,Ophioscincus truncatus,MLP_multi_trunk_with_coords,random,True,0,0.00012011866676425758,-42631.6013249115,6774856.7836682
238,1903,Pseudechis porphyricaus,MLP_multi_trunk_with_coords,random,True,0,8.39822540059357e-05,-42631.6013249115,6774856.7836682
238,1904,Saltuarius swaini,MLP_multi_trunk_with_coords,random,True,0,0.03349230776893838,-42631.6013249115,6774856.7836682
253,2017,Cacophis kreftii,MLP_multi_trunk_with_coords,random,True,0,0.0001466550304503113,-153010.118576574,6758154.60282466
253,2018,Calyptotis scutirostrum,MLP_multi_trunk_with_coords,random,True,0,2.990371314985817e-06,-153010.118576574,6758154.60282466
253,2019,Coeranoscincus reticulatus,MLP_multi_trunk_with_coords,random,True,0,0.5513555652527284,-153010.118576574,6758154.60282466
253,2020,Egernia mcpheei,MLP_multi_trunk_with_coords,random,True,0,4.247970110467151e-06,-153010.118576574,6758154.60282466
253,2021,Eulamprus murrayi,MLP_multi_trunk_with_coords,random,True,0,0.02686159285166417,-153010.118576574,6758154.60282466
253,2022,Ophioscincus truncatus,MLP_multi_trunk_with_coords,random,True,0,0.17533469934678358,-153010.118576574,6758154.60282466
253,2023,Pseudechis porphyricaus,MLP_multi_trunk_with_coords,random,True,0,0.26622362164345925,-153010.118576574,6758154.60282466
253,2024,Saltuarius swaini,MLP_multi_trunk_with_coords,random,True,0,0.005200037928138757,-153010.118576574,6758154.60282466
260,2073,Cacophis kreftii,MLP_multi_trunk_with_coords,random,True,0,0.009510046341780366,-139702.22082351,6757637.17957907
260,2074,Calyptotis scutirostrum,MLP_multi_trunk_with_coords,random,True,0,0.004804579317628471,-139702.22082351,6757637.17957907
260,2075,Coeranoscincus reticulatus,MLP_multi_trunk_with_coords,random,True,0,0.3972316399069104,-139702.22082351,6757637.17957907
260,2076,Egernia mcpheei,MLP_multi_trunk_with_coords,random,True,0,0.0029192932162585617,-139702.22082351,6757637.17957907
260,2077,Eulamprus murrayi,MLP_multi_trunk_with_coords,random,True,0,0.006039575357478423,-139702.22082351,6757637.17957907
260,2078,Ophioscincus truncatus,MLP_multi_trunk_with_coords,random,True,0,0.14518629721298124,-139702.22082351,6757637.17957907
260,2079,Pseudechis porphyricaus,MLP_multi_trunk_with_coords,random,True,0,0.0012063221676785634,-139702.22082351,6757637.17957907
260,2080,Saltuarius swaini,MLP_multi_trunk_with_coords,random,True,0,0.0023102171678884465,-139702.22082351,6757637.17957907
261,2081,Cacophis kreftii,MLP_multi_trunk_with_coords,random,True,0,0.0003270720893588746,-149531.814001847,6756925.32438673
261,2082,Calyptotis scutirostrum,MLP_multi_trunk_with_coords,random,True,0,0.00014032041014340157,-149531.814001847,6756925.32438673
261,2083,Coeranoscincus reticulatus,MLP_multi_trunk_with_coords,random,True,0,0.9643239932509595,-149531.814001847,6756925.32438673
261,2084,Egernia mcpheei,MLP_multi_trunk_with_coords,random,True,0,2.32746155039796e-06,-149531.814001847,6756925.32438673
261,2085,Eulamprus murrayi,MLP_multi_trunk_with_coords,random,True,0,0.021155278613745825,-149531.814001847,6756925.32438673
261,2086,Ophioscincus truncatus,MLP_multi_trunk_with_coords,random,True,0,0.03768616432680064,-149531.814001847,6756925.32438673
261,2087,Pseudechis porphyricaus,MLP_multi_trunk_with_coords,random,True,0,0.18007351813090014,-149531.814001847,6756925.32438673
261,2088,Saltuarius swaini,MLP_multi_trunk_with_coords,random,True,0,0.00030038084818330006,-149531.814001847,6756925.32438673
279,2225,Cacophis kreftii,MLP_multi_trunk_with_coords,random,True,0,7.865412573163025e-05,-165065.597196224,6745863.85427266
279,2226,Calyptotis scutirostrum,MLP_multi_trunk_with_coords,random,True,0,4.216263544229871e-05,-165065.597196224,6745863.85427266
279,2227,Coeranoscincus reticulatus,MLP_multi_trunk_with_coords,random,True,0,0.18053462369349313,-165065.597196224,6745863.85427266
279,2228,Egernia mcpheei,MLP_multi_trunk_with_coords,random,True,0,9.885368890015204e-05,-165065.597196224,6745863.85427266
279,2229,Eulamprus murrayi,MLP_multi_trunk_with_coords,random,True,0,0.0019057540306456663,-165065.597196224,6745863.85427266
279,2230,Ophioscincus truncatus,MLP_multi_trunk_with_coords,random,True,0,0.06368259123860599,-165065.597196224,6745863.85427266
279,2231,Pseudechis porphyricaus,MLP_multi_trunk_with_coords,random,True,0,0.0029065491491635223,-165065.597196224,6745863.85427266
279,2232,Saltuarius swaini,MLP_multi_trunk_with_coords,random,True,0,0.0005720778169532548,-165065.597196224,6745863.85427266
282,2249,Cacophis kreftii,MLP_multi_trunk_with_coords,random,True,0,1.2587296189427212e-06,-48676.0066271106,6751433.87966314
282,2250,Calyptotis scutirostrum,MLP_multi_trunk_with_coords,random,True,0,1.20598840389865e-05,-48676.0066271106,6751433.87966314
282,2251,Coeranoscincus reticulatus,MLP_multi_trunk_with_coords,random,True,0,1e-06,-48676.0066271106,6751433.87966314
282,2252,Egernia mcpheei,MLP_multi_trunk_with_coords,random,True,0,1e-06,-48676.0066271106,6751433.87966314
282,2253,Eulamprus murrayi,MLP_multi_trunk_with_coords,random,True,0,0.0007293845815380163,-48676.0066271106,6751433.87966314
282,2254,Ophioscincus truncatus,MLP_multi_trunk_with_coords,random,True,0,0.0009504158746301142,-48676.0066271106,6751433.87966314
282,2255,Pseudechis porphyricaus,MLP_multi_trunk_with_coords,random,True,0,0.0004890810667705493,-48676.0066271106,6751433.87966314
282,2256,Saltuarius swaini,MLP_multi_trunk_with_coords,random,True,0,0.036350292713337354,-48676.0066271106,6751433.87966314
283,2257,Cacophis kreftii,MLP_multi_trunk_with_coords,random,True,0,0.0031018567834910095,-144358.241751465,6746321.2757456
283,2258,Calyptotis scutirostrum,MLP_multi_trunk_with_coords,random,True,0,3.922764406777229e-06,-144358.241751465,6746321.2757456
283,2259,Coeranoscincus reticulatus,MLP_multi_trunk_with_coords,random,True,0,0.03284877612624171,-144358.241751465,6746321.2757456
283,2260,Egernia mcpheei,MLP_multi_trunk_with_coords,random,True,0,5.16435810724477e-06,-144358.241751465,6746321.2757456
283,2261,Eulamprus murrayi,MLP_multi_trunk_with_coords,random,True,0,0.0020060947649862683,-144358.241751465,6746321.2757456
283,2262,Ophioscincus truncatus,MLP_multi_trunk_with_coords,random,True,0,0.42928645355889766,-144358.241751465,6746321.2757456
283,2263,Pseudechis porphyricaus,MLP_multi_trunk_with_coords,random,True,0,0.0005331308547703175,-144358.241751465,6746321.2757456
283,2264,Saltuarius swaini,MLP_multi_trunk_with_coords,random,True,0,0.002964355170592064,-144358.241751465,6746321.2757456
285,2273,Cacophis kreftii,MLP_multi_trunk_with_coords,random,True,0,1.217095088975176e-06,-48666.355678597,6751233.93894705
285,2274,Calyptotis scutirostrum,MLP_multi_trunk_with_coords,random,True,0,1.145374052190027e-05,-48666.355678597,6751233.93894705
285,2275,Coeranoscincus reticulatus,MLP_multi_trunk_with_coords,random,True,0,1e-06,-48666.355678597,6751233.93894705
285,2276,Egernia mcpheei,MLP_multi_trunk_with_coords,random,True,0,1e-06,-48666.355678597,6751233.93894705
285,2277,Eulamprus murrayi,MLP_multi_trunk_with_coords,random,True,0,0.0006973340865140758,-48666.355678597,6751233.93894705
285,2278,Ophioscincus truncatus,MLP_multi_trunk_with_coords,random,True,0,0.0008247784515898857,-48666.355678597,6751233.93894705
285,2279,Pseudechis porphyricaus,MLP_multi_trunk_with_coords,random,True,0,0.00045551310241437803,-48666.355678597,6751233.93894705
285,2280,Saltuarius swaini,MLP_multi_trunk_with_coords,random,True,0,0.0363245090364575,-48666.355678597,6751233.93894705
290,2313,Cacophis kreftii,MLP_multi_trunk_with_coords,random,True,0,2.3314181925236076e-06,-54841.9600197467,6750321.73267861
290,2314,Calyptotis scutirostrum,MLP_multi_trunk_with_coords,random,True,0,2.6653153476255858e-05,-54841.9600197467,6750321.73267861
290,2315,Coeranoscincus reticulatus,MLP_multi_trunk_with_coords,random,True,0,1.4700390392109501e-06,-54841.9600197467,6750321.73267861
290,2316,Egernia mcpheei,MLP_multi_trunk_with_coords,random,True,0,2.4409030694125125e-06,-54841.9600197467,6750321.73267861
290,2317,Eulamprus murrayi,MLP_multi_trunk_with_coords,random,True,0,0.0005609822207844977,-54841.9600197467,6750321.73267861
290,2318,Ophioscincus truncatus,MLP_multi_trunk_with_coords,random,True,0,0.00012756720814988224,-54841.9600197467,6750321.73267861
290,2319,Pseudechis porphyricaus,MLP_multi_trunk_with_coords,random,True,0,0.000670156552523918,-54841.9600197467,6750321.73267861
290,2320,Saltuarius swaini,MLP_multi_trunk_with_coords,random,True,0,0.027547025809990883,-54841.9600197467,6750321.73267861
303,2417,Cacophis kreftii,MLP_multi_trunk_with_coords,random,True,0,0.00012348100414990554,-86896.2863933826,6740221.21400845
303,2418,Calyptotis scutirostrum,MLP_multi_trunk_with_coords,random,True,0,0.00031953779158467894,-86896.2863933826,6740221.21400845
303,2419,Coeranoscincus reticulatus,MLP_multi_trunk_with_coords,random,True,0,0.04295043326624068,-86896.2863933826,6740221.21400845
303,2420,Egernia mcpheei,MLP_multi_trunk_with_coords,random,True,0,0.01428211114311448,-86896.2863933826,6740221.21400845
303,2421,Eulamprus murrayi,MLP_multi_trunk_with_coords,random,True,0,0.00092799251983192,-86896.2863933826,6740221.21400845
303,2422,Ophioscincus truncatus,MLP_multi_trunk_with_coords,random,True,0,0.002445449480438094,-86896.2863933826,6740221.21400845
303,2423,Pseudechis porphyricaus,MLP_multi_trunk_with_coords,random,True,0,0.0030316465299546525,-86896.2863933826,6740221.21400845
303,2424,Saltuarius swaini,MLP_multi_trunk_with_coords,random,True,0,0.016319234301419575,-86896.2863933826,6740221.21400845
307,2449,Cacophis kreftii,MLP_multi_trunk_with_coords,random,True,0,0.0005691409681690615,-75230.2145233742,6740017.73560779
307,2450,Calyptotis scutirostrum,MLP_multi_trunk_with_coords,random,True,0,0.003566080247894437,-75230.2145233742,6740017.73560779
307,2451,Coeranoscincus reticulatus,MLP_multi_trunk_with_coords,random,True,0,0.003272988729152709,-75230.2145233742,6740017.73560779
307,2452,Egernia mcpheei,MLP_multi_trunk_with_coords,random,True,0,0.007372424620130679,-75230.2145233742,6740017.73560779
307,2453,Eulamprus murrayi,MLP_multi_trunk_with_coords,random,True,0,0.0009900779661447627,-75230.2145233742,6740017.73560779
307,2454,Ophioscincus truncatus,MLP_multi_trunk_with_coords,random,True,0,0.0003272810514547713,-75230.2145233742,6740017.73560779
307,2455,Pseudechis porphyricaus,MLP_multi_trunk_with_coords,random,True,0,0.0008800040035657148,-75230.2145233742,6740017.73560779
307,2456,Saltuarius swaini,MLP_multi_trunk_with_coords,random,True,0,0.013238003123736344,-75230.2145233742,6740017.73560779
308,2457,Cacophis kreftii,MLP_multi_trunk_with_coords,random,True,0,0.0029751224244767022,-164907.141677267,6734992.82147675
308,2458,Calyptotis scutirostrum,MLP_multi_trunk_with_coords,random,True,0,6.758528940776045e-06,-164907.141677267,6734992.82147675
308,2459,Coeranoscincus reticulatus,MLP_multi_trunk_with_coords,random,True,0,0.20647221063153426,-164907.141677267,6734992.82147675
308,2460,Egernia mcpheei,MLP_multi_trunk_with_coords,random,True,0,4.981063164115543e-06,-164907.141677267,6734992.82147675
308,2461,Eulamprus murrayi,MLP_multi_trunk_with_coords,random,True,0,0.006498504191432484,-164907.141677267,6734992.82147675
308,2462,Ophioscincus truncatus,MLP_multi_trunk_with_coords,random,True,0,0.12023863736172209,-164907.141677267,6734992.82147675
308,2463,Pseudechis porphyricaus,MLP_multi_trunk_with_coords,random,True,0,0.00919592201812623,-164907.141677267,6734992.82147675
308,2464,Saltuarius swaini,MLP_multi_trunk_with_coords,random,True,0,0.002370691134223397,-164907.141677267,6734992.82147675
322,2569,Cacophis kreftii,MLP_multi_trunk_with_coords,random,True,0,1.2705650416888154e-05,-148858.437557277,6712675.66874389
322,2570,Calyptotis scutirostrum,MLP_multi_trunk_with_coords,random,True,0,1e-06,-148858.437557277,6712675.66874389
322,2571,Coeranoscincus reticulatus,MLP_multi_trunk_with_coords,random,True,0,6.204244987549104e-05,-148858.437557277,6712675.66874389
322,2572,Egernia mcpheei,MLP_multi_trunk_with_coords,random,True,0,1e-06,-148858.437557277,6712675.66874389
322,2573,Eulamprus murrayi,MLP_multi_trunk_with_coords,random,True,0,0.009473687789814424,-148858.437557277,6712675.66874389
322,2574,Ophioscincus truncatus,MLP_multi_trunk_with_coords,random,True,0,0.10612227168145467,-148858.437557277,6712675.66874389
322,2575,Pseudechis porphyricaus,MLP_multi_trunk_with_coords,random,True,0,0.11383451382168636,-148858.437557277,6712675.66874389
322,2576,Saltuarius swaini,MLP_multi_trunk_with_coords,random,True,0,0.08134175713468961,-148858.437557277,6712675.66874389
328,2617,Cacophis kreftii,MLP_multi_trunk_with_coords,random,True,0,1.8818833991921318e-05,-160137.175183615,6708870.73185706
328,2618,Calyptotis scutirostrum,MLP_multi_trunk_with_coords,random,True,0,1e-06,-160137.175183615,6708870.73185706
328,2619,Coeranoscincus reticulatus,MLP_multi_trunk_with_coords,random,True,0,0.061848567088672146,-160137.175183615,6708870.73185706
328,2620,Egernia mcpheei,MLP_multi_trunk_with_coords,random,True,0,1e-06,-160137.175183615,6708870.73185706
328,2621,Eulamprus murrayi,MLP_multi_trunk_with_coords,random,True,0,0.007181693098461993,-160137.175183615,6708870.73185706
328,2622,Ophioscincus truncatus,MLP_multi_trunk_with_coords,random,True,0,0.21940102022431565,-160137.175183615,6708870.73185706
328,2623,Pseudechis porphyricaus,MLP_multi_trunk_with_coords,random,True,0,0.17561771838670373,-160137.175183615,6708870.73185706
328,2624,Saltuarius swaini,MLP_multi_trunk_with_coords,random,True,0,0.0105583342583358,-160137.175183615,6708870.73185706
329,2625,Cacophis kreftii,MLP_multi_trunk_with_coords,random,True,0,6.461729739908269e-06,-161729.965162506,6708587.05668997
329,2626,Calyptotis scutirostrum,MLP_multi_trunk_with_coords,random,True,0,1e-06,-161729.965162506,6708587.05668997
329,2627,Coeranoscincus reticulatus,MLP_multi_trunk_with_coords,random,True,0,0.5037205151532695,-161729.965162506,6708587.05668997
329,2628,Egernia mcpheei,MLP_multi_trunk_with_coords,random,True,0,1e-06,-161729.965162506,6708587.05668997
329,2629,Eulamprus murrayi,MLP_multi_trunk_with_coords,random,True,0,0.0042335562079287735,-161729.965162506,6708587.05668997
329,2630,Ophioscincus truncatus,MLP_multi_trunk_with_coords,random,True,0,0.137709671244449,-161729.965162506,6708587.05668997
329,2631,Pseudechis porphyricaus,MLP_multi_trunk_with_coords,random,True,0,0.09678582008442214,-161729.965162506,6708587.05668997
329,2632,Saltuarius swaini,MLP_multi_trunk_with_coords,random,True,0,0.0009458873632919685,-161729.965162506,6708587.05668997
339,2705,Cacophis kreftii,MLP_multi_trunk_with_coords,random,True,0,1e-06,-50204.0063193176,6710952.93925814
339,2706,Calyptotis scutirostrum,MLP_multi_trunk_with_coords,random,True,0,2.6891860140430965e-06,-50204.0063193176,6710952.93925814
339,2707,Coeranoscincus reticulatus,MLP_multi_trunk_with_coords,random,True,0,1.7409349736585113e-05,-50204.0063193176,6710952.93925814
339,2708,Egernia mcpheei,MLP_multi_trunk_with_coords,random,True,0,4.233690983727993e-06,-50204.0063193176,6710952.93925814
339,2709,Eulamprus murrayi,MLP_multi_trunk_with_coords,random,True,0,0.0007249073868303819,-50204.0063193176,6710952.93925814
339,2710,Ophioscincus truncatus,MLP_multi_trunk_with_coords,random,True,0,0.00509455001653258,-50204.0063193176,6710952.93925814
339,2711,Pseudechis porphyricaus,MLP_multi_trunk_with_coords,random,True,0,0.0030432023782976875,-50204.0063193176,6710952.93925814
339,2712,Saltuarius swaini,MLP_multi_trunk_with_coords,random,True,0,0.03209988019367277,-50204.0063193176,6710952.93925814
352,2809,Cacophis kreftii,MLP_multi_trunk_with_coords,random,True,0,4.5612097141584534e-05,-161130.645593128,6697139.33525593
352,2810,Calyptotis scutirostrum,MLP_multi_trunk_with_coords,random,True,0,1e-06,-161130.645593128,6697139.33525593
352,2811,Coeranoscincus reticulatus,MLP_multi_trunk_with_coords,random,True,0,0.024766019458666744,-161130.645593128,6697139.33525593
352,2812,Egernia mcpheei,MLP_multi_trunk_with_coords,random,True,0,1e-06,-161130.645593128,6697139.33525593
352,2813,Eulamprus murrayi,MLP_multi_trunk_with_coords,random,True,0,0.000495214257958101,-161130.645593128,6697139.33525593
352,2814,Ophioscincus truncatus,MLP_multi_trunk_with_coords,random,True,0,0.4350850917248156,-161130.645593128,6697139.33525593
352,2815,Pseudechis porphyricaus,MLP_multi_trunk_with_coords,random,True,0,0.0005396281352020336,-161130.645593128,6697139.33525593
352,2816,Saltuarius swaini,MLP_multi_trunk_with_coords,random,True,0,0.0008492144452317992,-161130.645593128,6697139.33525593
354,2825,Cacophis kreftii,MLP_multi_trunk_with_coords,random,True,0,9.3531779531508e-05,-54397.1023715114,6702694.88150925
354,2826,Calyptotis scutirostrum,MLP_multi_trunk_with_coords,random,True,0,0.00012632993420580167,-54397.1023715114,6702694.88150925
354,2827,Coeranoscincus reticulatus,MLP_multi_trunk_with_coords,random,True,0,0.001021762407408921,-54397.1023715114,6702694.88150925
354,2828,Egernia mcpheei,MLP_multi_trunk_with_coords,random,True,0,0.002345709692993433,-54397.1023715114,6702694.88150925
354,2829,Eulamprus murrayi,MLP_multi_trunk_with_coords,random,True,0,0.0003891951847526,-54397.1023715114,6702694.88150925
354,2830,Ophioscincus truncatus,MLP_multi_trunk_with_coords,random,True,0,0.005808001703373723,-54397.1023715114,6702694.88150925
354,2831,Pseudechis porphyricaus,MLP_multi_trunk_with_coords,random,True,1,0.00016211135353988454,-54397.1023715114,6702694.88150925
354,2832,Saltuarius swaini,MLP_multi_trunk_with_coords,random,True,0,0.03398059259307543,-54397.1023715114,6702694.88150925
369,2945,Cacophis kreftii,MLP_multi_trunk_with_coords,random,True,0,0.0002502412977818048,-115761.593020762,6695476.19653521
369,2946,Calyptotis scutirostrum,MLP_multi_trunk_with_coords,random,True,0,0.00032517423779762975,-115761.593020762,6695476.19653521
369,2947,Coeranoscincus reticulatus,MLP_multi_trunk_with_coords,random,True,0,0.46226538798023853,-115761.593020762,6695476.19653521
369,2948,Egernia mcpheei,MLP_multi_trunk_with_coords,random,True,0,0.002470382848052324,-115761.593020762,6695476.19653521
369,2949,Eulamprus murrayi,MLP_multi_trunk_with_coords,random,True,0,0.004459008353879969,-115761.593020762,6695476.19653521
369,2950,Ophioscincus truncatus,MLP_multi_trunk_with_coords,random,True,0,0.009401506117635005,-115761.593020762,6695476.19653521
369,2951,Pseudechis porphyricaus,MLP_multi_trunk_with_coords,random,True,0,0.01977450516914734,-115761.593020762,6695476.19653521
369,2952,Saltuarius swaini,MLP_multi_trunk_with_coords,random,True,0,0.003711902402781509,-115761.593020762,6695476.19653521
372,2969,Cacophis kreftii,MLP_multi_trunk_with_coords,random,True,0,3.0550728726480683e-06,-51958.1449948344,6698406.00349235
372,2970,Calyptotis scutirostrum,MLP_multi_trunk_with_coords,random,True,0,5.099162424962223e-05,-51958.1449948344,6698406.00349235
372,2971,Coeranoscincus reticulatus,MLP_multi_trunk_with_coords,random,True,0,1.3093483033211529e-06,-51958.1449948344,6698406.00349235
372,2972,Egernia mcpheei,MLP_multi_trunk_with_coords,random,True,0,3.986032668169734e-06,-51958.1449948344,6698406.00349235
372,2973,Eulamprus murrayi,MLP_multi_trunk_with_coords,random,True,0,0.0004896660328060122,-51958.1449948344,6698406.00349235
372,2974,Ophioscincus truncatus,MLP_multi_trunk_with_coords,random,True,0,0.00011215939136672136,-51958.1449948344,6698406.00349235
372,2975,Pseudechis porphyricaus,MLP_multi_trunk_with_coords,random,True,0,0.00041818493348672037,-51958.1449948344,6698406.00349235
372,2976,Saltuarius swaini,MLP_multi_trunk_with_coords,random,True,0,0.02334758825630152,-51958.1449948344,6698406.00349235
379,3025,Cacophis kreftii,MLP_multi_trunk_with_coords,random,True,0,5.751749101543087e-06,-170997.113124586,6685555.44783591
379,3026,Calyptotis scutirostrum,MLP_multi_trunk_with_coords,random,True,0,1e-06,-170997.113124586,6685555.44783591
379,3027,Coeranoscincus reticulatus,MLP_multi_trunk_with_coords,random,True,0,0.0030223354658135302,-170997.113124586,6685555.44783591
379,3028,Egernia mcpheei,MLP_multi_trunk_with_coords,random,True,0,1e-06,-170997.113124586,6685555.44783591
379,3029,Eulamprus murrayi,MLP_multi_trunk_with_coords,random,True,0,0.0006954887695129152,-170997.113124586,6685555.44783591
379,3030,Ophioscincus truncatus,MLP_multi_trunk_with_coords,random,True,0,0.0790218793688005,-170997.113124586,6685555.44783591
379,3031,Pseudechis porphyricaus,MLP_multi_trunk_with_coords,random,True,0,0.0015129492316293034,-170997.113124586,6685555.44783591
379,3032,Saltuarius swaini,MLP_multi_trunk_with_coords,random,True,0,0.0008817454470831615,-170997.113124586,6685555.44783591
380,3033,Cacophis kreftii,MLP_multi_trunk_with_coords,random,True,0,3.481909709438272e-06,-171751.567168655,6684505.22516541
380,3034,Calyptotis scutirostrum,MLP_multi_trunk_with_coords,random,True,0,1e-06,-171751.567168655,6684505.22516541
380,3035,Coeranoscincus reticulatus,MLP_multi_trunk_with_coords,random,True,0,0.006294567468791064,-171751.567168655,6684505.22516541
380,3036,Egernia mcpheei,MLP_multi_trunk_with_coords,random,True,0,1e-06,-171751.567168655,6684505.22516541
380,3037,Eulamprus murrayi,MLP_multi_trunk_with_coords,random,True,0,0.0007846534204558099,-171751.567168655,6684505.22516541
380,3038,Ophioscincus truncatus,MLP_multi_trunk_with_coords,random,True,0,0.07545983376095099,-171751.567168655,6684505.22516541
380,3039,Pseudechis porphyricaus,MLP_multi_trunk_with_coords,random,True,0,0.0033188812643500116,-171751.567168655,6684505.22516541
380,3040,Saltuarius swaini,MLP_multi_trunk_with_coords,random,True,0,0.0010256723910910888,-171751.567168655,6684505.22516541
381,3041,Cacophis kreftii,MLP_multi_trunk_with_coords,random,True,0,2.7927461504132054e-06,-170101.851938007,6683790.0457837
381,3042,Calyptotis scutirostrum,MLP_multi_trunk_with_coords,random,True,0,1e-06,-170101.851938007,6683790.0457837
381,3043,Coeranoscincus reticulatus,MLP_multi_trunk_with_coords,random,True,0,0.011230665973987315,-170101.851938007,6683790.0457837
381,3044,Egernia mcpheei,MLP_multi_trunk_with_coords,random,True,0,1e-06,-170101.851938007,6683790.0457837
381,3045,Eulamprus murrayi,MLP_multi_trunk_with_coords,random,True,0,0.000605920210885324,-170101.851938007,6683790.0457837
381,3046,Ophioscincus truncatus,MLP_multi_trunk_with_coords,random,True,1,0.09678387528574249,-170101.851938007,6683790.0457837
381,3047,Pseudechis porphyricaus,MLP_multi_trunk_with_coords,random,True,0,0.002640864536373018,-170101.851938007,6683790.0457837
381,3048,Saltuarius swaini,MLP_multi_trunk_with_coords,random,True,0,0.0007214247521714877,-170101.851938007,6683790.0457837
384,3065,Cacophis kreftii,MLP_multi_trunk_with_coords,random,True,0,0.0009690377864590537,-153569.490242912,6679419.46406309
384,3066,Calyptotis scutirostrum,MLP_multi_trunk_with_coords,random,True,0,4.181890961025424e-05,-153569.490242912,6679419.46406309
384,3067,Coeranoscincus reticulatus,MLP_multi_trunk_with_coords,random,True,0,0.24705295409871414,-153569.490242912,6679419.46406309
384,3068,Egernia mcpheei,MLP_multi_trunk_with_coords,random,True,0,1.3324153071768763e-05,-153569.490242912,6679419.46406309
384,3069,Eulamprus murrayi,MLP_multi_trunk_with_coords,random,True,0,0.007550957770775507,-153569.490242912,6679419.46406309
384,3070,Ophioscincus truncatus,MLP_multi_trunk_with_coords,random,True,0,0.10972889317915666,-153569.490242912,6679419.46406309
384,3071,Pseudechis porphyricaus,MLP_multi_trunk_with_coords,random,True,0,0.005485992447121591,-153569.490242912,6679419.46406309
384,3072,Saltuarius swaini,MLP_multi_trunk_with_coords,random,True,0,0.001032786424467066,-153569.490242912,6679419.46406309
394,3145,Cacophis kreftii,MLP_multi_trunk_with_coords,random,True,0,0.00042635191832303155,-157694.599141127,6669935.38089694
394,3146,Calyptotis scutirostrum,MLP_multi_trunk_with_coords,random,True,0,2.827631258682258e-05,-157694.599141127,6669935.38089694
394,3147,Coeranoscincus reticulatus,MLP_multi_trunk_with_coords,random,True,0,0.0919242463104106,-157694.599141127,6669935.38089694
394,3148,Egernia mcpheei,MLP_multi_trunk_with_coords,random,True,0,4.10867166769481e-06,-157694.599141127,6669935.38089694
394,3149,Eulamprus murrayi,MLP_multi_trunk_with_coords,random,True,0,0.006749371279274319,-157694.599141127,6669935.38089694
394,3150,Ophioscincus truncatus,MLP_multi_trunk_with_coords,random,True,0,0.0790295075205754,-157694.599141127,6669935.38089694
394,3151,Pseudechis porphyricaus,MLP_multi_trunk_with_coords,random,True,0,0.0042146542940216985,-157694.599141127,6669935.38089694
394,3152,Saltuarius swaini,MLP_multi_trunk_with_coords,random,True,0,0.0008797100738843489,-157694.599141127,6669935.38089694
395,3153,Cacophis kreftii,MLP_multi_trunk_with_coords,random,True,0,0.00039064223856467986,-156289.421979757,6670007.80018539
395,3154,Calyptotis scutirostrum,MLP_multi_trunk_with_coords,random,True,0,6.465099501821389e-05,-156289.421979757,6670007.80018539
395,3155,Coeranoscincus reticulatus,MLP_multi_trunk_with_coords,random,True,0,0.2306880983084057,-156289.421979757,6670007.80018539
395,3156,Egernia mcpheei,MLP_multi_trunk_with_coords,random,True,0,1.6969651952744367e-05,-156289.421979757,6670007.80018539
395,3157,Eulamprus murrayi,MLP_multi_trunk_with_coords,random,True,0,0.009464435476020893,-156289.421979757,6670007.80018539
395,3158,Ophioscincus truncatus,MLP_multi_trunk_with_coords,random,True,0,0.08750180729442526,-156289.421979757,6670007.80018539
395,3159,Pseudechis porphyricaus,MLP_multi_trunk_with_coords,random,True,0,0.010191297989107088,-156289.421979757,6670007.80018539
395,3160,Saltuarius swaini,MLP_multi_trunk_with_coords,random,True,0,0.0011416740087834428,-156289.421979757,6670007.80018539
396,3161,Cacophis kreftii,MLP_multi_trunk_with_coords,random,True,0,0.0003357665372680717,-122906.583332893,6670557.67612587
396,3162,Calyptotis scutirostrum,MLP_multi_trunk_with_coords,random,True,0,0.002577784147504444,-122906.583332893,6670557.67612587
396,3163,Coeranoscincus reticulatus,MLP_multi_trunk_with_coords,random,True,1,0.8951741554542441,-122906.583332893,6670557.67612587
396,3164,Egernia mcpheei,MLP_multi_trunk_with_coords,random,True,0,0.008110260001890456,-122906.583332893,6670557.67612587
396,3165,Eulamprus murrayi,MLP_multi_trunk_with_coords,random,True,0,0.005078073349163273,-122906.583332893,6670557.67612587
396,3166,Ophioscincus truncatus,MLP_multi_trunk_with_coords,random,True,0,0.1135258262966246,-122906.583332893,6670557.67612587
396,3167,Pseudechis porphyricaus,MLP_multi_trunk_with_coords,random,True,0,0.018293547829362388,-122906.583332893,6670557.67612587
396,3168,Saltuarius swaini,MLP_multi_trunk_with_coords,random,True,0,0.002099263670580651,-122906.583332893,6670557.67612587
400,3193,Cacophis kreftii,MLP_multi_trunk_with_coords,random,True,0,8.662977771991812e-05,-125067.694169073,6669443.0445974
400,3194,Calyptotis scutirostrum,MLP_multi_trunk_with_coords,random,True,0,0.003106213422712663,-125067.694169073,6669443.0445974
400,3195,Coeranoscincus reticulatus,MLP_multi_trunk_with_coords,random,True,1,0.02283066696936208,-125067.694169073,6669443.0445974
400,3196,Egernia mcpheei,MLP_multi_trunk_with_coords,random,True,0,9.391738289067402e-06,-125067.694169073,6669443.0445974
400,3197,Eulamprus murrayi,MLP_multi_trunk_with_coords,random,True,0,0.004261438020719555,-125067.694169073,6669443.0445974
400,3198,Ophioscincus truncatus,MLP_multi_trunk_with_coords,random,True,0,4.714545678661906e-05,-125067.694169073,6669443.0445974
400,3199,Pseudechis porphyricaus,MLP_multi_trunk_with_coords,random,True,0,0.018269245857132806,-125067.694169073,6669443.0445974
400,3200,Saltuarius swaini,MLP_multi_trunk_with_coords,random,True,0,0.00011162812111006253,-125067.694169073,6669443.0445974
403,3217,Cacophis kreftii,MLP_multi_trunk_with_coords,random,True,0,0.0003807546049641945,-58257.6048943475,6672743.96684541
403,3218,Calyptotis scutirostrum,MLP_multi_trunk_with_coords,random,True,0,0.0004375997127662156,-58257.6048943475,6672743.96684541
403,3219,Coeranoscincus reticulatus,MLP_multi_trunk_with_coords,random,True,0,0.0009589320123671531,-58257.6048943475,6672743.96684541
403,3220,Egernia mcpheei,MLP_multi_trunk_with_coords,random,True,0,0.004229094435810805,-58257.6048943475,6672743.96684541
403,3221,Eulamprus murrayi,MLP_multi_trunk_with_coords,random,True,0,0.0003218045569473801,-58257.6048943475,6672743.96684541
403,3222,Ophioscincus truncatus,MLP_multi_trunk_with_coords,random,True,0,0.00030101998840959335,-58257.6048943475,6672743.96684541
403,3223,Pseudechis porphyricaus,MLP_multi_trunk_with_coords,random,True,0,0.00016000113050121915,-58257.6048943475,6672743.96684541
403,3224,Saltuarius swaini,MLP_multi_trunk_with_coords,random,True,0,0.027393909947721246,-58257.6048943475,6672743.96684541
407,3249,Cacophis kreftii,MLP_multi_trunk_with_coords,random,True,0,0.0005665401804737198,-125225.02885331,6668620.03383924
407,3250,Calyptotis scutirostrum,MLP_multi_trunk_with_coords,random,True,0,0.00742019704921549,-125225.02885331,6668620.03383924
407,3251,Coeranoscincus reticulatus,MLP_multi_trunk_with_coords,random,True,0,0.40269535692497427,-125225.02885331,6668620.03383924
407,3252,Egernia mcpheei,MLP_multi_trunk_with_coords,random,True,0,3.604799046150519e-05,-125225.02885331,6668620.03383924
407,3253,Eulamprus murrayi,MLP_multi_trunk_with_coords,random,True,0,0.00697264887390727,-125225.02885331,6668620.03383924
407,3254,Ophioscincus truncatus,MLP_multi_trunk_with_coords,random,True,0,0.0017862572697562142,-125225.02885331,6668620.03383924
407,3255,Pseudechis porphyricaus,MLP_multi_trunk_with_coords,random,True,0,0.01750844492477717,-125225.02885331,6668620.03383924
407,3256,Saltuarius swaini,MLP_multi_trunk_with_coords,random,True,0,0.0002013411106570542,-125225.02885331,6668620.03383924
413,3297,Cacophis kreftii,MLP_multi_trunk_with_coords,random,True,0,0.0005469145278746951,-120072.988069293,6666279.06080417
413,3298,Calyptotis scutirostrum,MLP_multi_trunk_with_coords,random,True,0,0.005175694871712421,-120072.988069293,6666279.06080417
413,3299,Coeranoscincus reticulatus,MLP_multi_trunk_with_coords,random,True,1,0.6983776892155733,-120072.988069293,6666279.06080417
413,3300,Egernia mcpheei,MLP_multi_trunk_with_coords,random,True,0,0.03055600976732938,-120072.988069293,6666279.06080417
413,3301,Eulamprus murrayi,MLP_multi_trunk_with_coords,random,True,0,0.0056086426602874285,-120072.988069293,6666279.06080417
413,3302,Ophioscincus truncatus,MLP_multi_trunk_with_coords,random,True,0,0.027321669911351452,-120072.988069293,6666279.06080417
413,3303,Pseudechis porphyricaus,MLP_multi_trunk_with_coords,random,True,1,0.012539613477348088,-120072.988069293,6666279.06080417
413,3304,Saltuarius swaini,MLP_multi_trunk_with_coords,random,True,0,0.0037585131170316858,-120072.988069293,6666279.06080417
415,3313,Cacophis kreftii,MLP_multi_trunk_with_coords,random,True,0,2.053472424243841e-06,-178654.150282374,6662593.67423277
415,3314,Calyptotis scutirostrum,MLP_multi_trunk_with_coords,random,True,0,1e-06,-178654.150282374,6662593.67423277
415,3315,Coeranoscincus reticulatus,MLP_multi_trunk_with_coords,random,True,0,0.08146095170427227,-178654.150282374,6662593.67423277
415,3316,Egernia mcpheei,MLP_multi_trunk_with_coords,random,True,0,1e-06,-178654.150282374,6662593.67423277
415,3317,Eulamprus murrayi,MLP_multi_trunk_with_coords,random,True,0,0.016106339466024678,-178654.150282374,6662593.67423277
415,3318,Ophioscincus truncatus,MLP_multi_trunk_with_coords,random,True,0,0.1018049787280566,-178654.150282374,6662593.67423277
415,3319,Pseudechis porphyricaus,MLP_multi_trunk_with_coords,random,True,0,0.4778183762269161,-178654.150282374,6662593.67423277
415,3320,Saltuarius swaini,MLP_multi_trunk_with_coords,random,True,0,0.0032307184437129015,-178654.150282374,6662593.67423277
420,3353,Cacophis kreftii,MLP_multi_trunk_with_coords,random,True,0,0.004418689194209634,-125379.598774365,6663983.11844257
420,3354,Calyptotis scutirostrum,MLP_multi_trunk_with_coords,random,True,0,0.003256396494865621,-125379.598774365,6663983.11844257
420,3355,Coeranoscincus reticulatus,MLP_multi_trunk_with_coords,random,True,1,0.8477417506055268,-125379.598774365,6663983.11844257
420,3356,Egernia mcpheei,MLP_multi_trunk_with_coords,random,True,0,0.0001668213587613952,-125379.598774365,6663983.11844257
420,3357,Eulamprus murrayi,MLP_multi_trunk_with_coords,random,True,0,0.009981692732827745,-125379.598774365,6663983.11844257
420,3358,Ophioscincus truncatus,MLP_multi_trunk_with_coords,random,True,0,0.26398899431255346,-125379.598774365,6663983.11844257
420,3359,Pseudechis porphyricaus,MLP_multi_trunk_with_coords,random,True,0,0.0017592239507101296,-125379.598774365,6663983.11844257
420,3360,Saltuarius swaini,MLP_multi_trunk_with_coords,random,True,0,0.00033240034276182527,-125379.598774365,6663983.11844257
422,3369,Cacophis kreftii,MLP_multi_trunk_with_coords,random,True,0,0.004639383690378056,-125514.62268173,6662771.00533564
422,3370,Calyptotis scutirostrum,MLP_multi_trunk_with_coords,random,True,0,0.004801617430109098,-125514.62268173,6662771.00533564
422,3371,Coeranoscincus reticulatus,MLP_multi_trunk_with_coords,random,True,1,0.9029741088407243,-125514.62268173,6662771.00533564
422,3372,Egernia mcpheei,MLP_multi_trunk_with_coords,random,True,0,0.00024112538504622103,-125514.62268173,6662771.00533564
422,3373,Eulamprus murrayi,MLP_multi_trunk_with_coords,random,True,0,0.0064706444933516315,-125514.62268173,6662771.00533564
422,3374,Ophioscincus truncatus,MLP_multi_trunk_with_coords,random,True,0,0.09287002242882329,-125514.62268173,6662771.00533564
422,3375,Pseudechis porphyricaus,MLP_multi_trunk_with_coords,random,True,0,0.0031189819815598337,-125514.62268173,6662771.00533564
422,3376,Saltuarius swaini,MLP_multi_trunk_with_coords,random,True,0,0.00025387586678421686,-125514.62268173,6662771.00533564
427,3409,Cacophis kreftii,MLP_multi_trunk_with_coords,random,True,0,0.0034125581415133245,-128408.296244871,6660409.13008774
427,3410,Calyptotis scutirostrum,MLP_multi_trunk_with_coords,random,True,0,0.0006654305584645677,-128408.296244871,6660409.13008774
427,3411,Coeranoscincus reticulatus,MLP_multi_trunk_with_coords,random,True,1,0.47001217989010435,-128408.296244871,6660409.13008774
427,3412,Egernia mcpheei,MLP_multi_trunk_with_coords,random,True,0,0.00013006482753307225,-128408.296244871,6660409.13008774
427,3413,Eulamprus murrayi,MLP_multi_trunk_with_coords,random,True,0,0.005851101668981195,-128408.296244871,6660409.13008774
427,3414,Ophioscincus truncatus,MLP_multi_trunk_with_coords,random,True,0,0.20314829467250783,-128408.296244871,6660409.13008774
427,3415,Pseudechis porphyricaus,MLP_multi_trunk_with_coords,random,True,0,0.0008106592004735456,-128408.296244871,6660409.13008774
427,3416,Saltuarius swaini,MLP_multi_trunk_with_coords,random,True,0,0.00045523882255596324,-128408.296244871,6660409.13008774
447,3569,Cacophis kreftii,MLP_multi_trunk_with_coords,random,True,0,9.546131112495623e-06,-134779.996572383,6651420.87222455
447,3570,Calyptotis scutirostrum,MLP_multi_trunk_with_coords,random,True,0,1e-06,-134779.996572383,6651420.87222455
447,3571,Coeranoscincus reticulatus,MLP_multi_trunk_with_coords,random,True,0,0.1748391905369226,-134779.996572383,6651420.87222455
447,3572,Egernia mcpheei,MLP_multi_trunk_with_coords,random,True,0,6.524630653036771e-06,-134779.996572383,6651420.87222455
447,3573,Eulamprus murrayi,MLP_multi_trunk_with_coords,random,True,0,0.00038269715096086895,-134779.996572383,6651420.87222455
447,3574,Ophioscincus truncatus,MLP_multi_trunk_with_coords,random,True,0,0.2620749726583012,-134779.996572383,6651420.87222455
447,3575,Pseudechis porphyricaus,MLP_multi_trunk_with_coords,random,True,0,0.0006770713578983612,-134779.996572383,6651420.87222455
447,3576,Saltuarius swaini,MLP_multi_trunk_with_coords,random,True,0,0.0002160707118536225,-134779.996572383,6651420.87222455
449,3585,Cacophis kreftii,MLP_multi_trunk_with_coords,random,True,0,1.1212015767449607e-05,-135559.130529282,6650974.17840999
449,3586,Calyptotis scutirostrum,MLP_multi_trunk_with_coords,random,True,0,3.7793199297346094e-06,-135559.130529282,6650974.17840999
449,3587,Coeranoscincus reticulatus,MLP_multi_trunk_with_coords,random,True,0,0.3569764299273484,-135559.130529282,6650974.17840999
449,3588,Egernia mcpheei,MLP_multi_trunk_with_coords,random,True,0,5.708993547779928e-05,-135559.130529282,6650974.17840999
449,3589,Eulamprus murrayi,MLP_multi_trunk_with_coords,random,True,0,0.0010697886827128597,-135559.130529282,6650974.17840999
449,3590,Ophioscincus truncatus,MLP_multi_trunk_with_coords,random,True,1,0.15045157207268403,-135559.130529282,6650974.17840999
449,3591,Pseudechis porphyricaus,MLP_multi_trunk_with_coords,random,True,0,0.022963848532582258,-135559.130529282,6650974.17840999
449,3592,Saltuarius swaini,MLP_multi_trunk_with_coords,random,True,0,0.0016689134307639976,-135559.130529282,6650974.17840999
450,3593,Cacophis kreftii,MLP_multi_trunk_with_coords,random,True,0,0.0003356343813349918,-65340.5697630112,6654471.79599168
450,3594,Calyptotis scutirostrum,MLP_multi_trunk_with_coords,random,True,0,0.0006654210922865997,-65340.5697630112,6654471.79599168
450,3595,Coeranoscincus reticulatus,MLP_multi_trunk_with_coords,random,True,0,0.0005984645258283378,-65340.5697630112,6654471.79599168
450,3596,Egernia mcpheei,MLP_multi_trunk_with_coords,random,True,0,0.0020312771932173863,-65340.5697630112,6654471.79599168
450,3597,Eulamprus murrayi,MLP_multi_trunk_with_coords,random,True,0,0.0005846740623524242,-65340.5697630112,6654471.79599168
450,3598,Ophioscincus truncatus,MLP_multi_trunk_with_coords,random,True,0,0.0062769990947821,-65340.5697630112,6654471.79599168
450,3599,Pseudechis porphyricaus,MLP_multi_trunk_with_coords,random,True,0,6.540405281050003e-05,-65340.5697630112,6654471.79599168
450,3600,Saltuarius swaini,MLP_multi_trunk_with_coords,random,True,0,0.026900063434644537,-65340.5697630112,6654471.79599168
458,3657,Cacophis kreftii,MLP_multi_trunk_with_coords,random,True,0,3.6021188273116105e-05,-133451.630563193,6649077.13745528
458,3658,Calyptotis scutirostrum,MLP_multi_trunk_with_coords,random,True,0,1.7406869323479833e-06,-133451.630563193,6649077.13745528
458,3659,Coeranoscincus reticulatus,MLP_multi_trunk_with_coords,random,True,0,0.013761060559527444,-133451.630563193,6649077.13745528
458,3660,Egernia mcpheei,MLP_multi_trunk_with_coords,random,True,0,1.0184237050376894e-05,-133451.630563193,6649077.13745528
458,3661,Eulamprus murrayi,MLP_multi_trunk_with_coords,random,True,0,0.0017041349221946335,-133451.630563193,6649077.13745528
458,3662,Ophioscincus truncatus,MLP_multi_trunk_with_coords,random,True,0,0.5215047166934863,-133451.630563193,6649077.13745528
458,3663,Pseudechis porphyricaus,MLP_multi_trunk_with_coords,random,True,0,0.002318081807058573,-133451.630563193,6649077.13745528
458,3664,Saltuarius swaini,MLP_multi_trunk_with_coords,random,True,0,0.005307122568277128,-133451.630563193,6649077.13745528
461,3681,Cacophis kreftii,MLP_multi_trunk_with_coords,random,True,0,0.0008650877818257024,-132111.524830825,6646522.10607269
461,3682,Calyptotis scutirostrum,MLP_multi_trunk_with_coords,random,True,0,1e-06,-132111.524830825,6646522.10607269
461,3683,Coeranoscincus reticulatus,MLP_multi_trunk_with_coords,random,True,0,0.025157932609973625,-132111.524830825,6646522.10607269
461,3684,Egernia mcpheei,MLP_multi_trunk_with_coords,random,True,0,1.0515416663769038e-06,-132111.524830825,6646522.10607269
461,3685,Eulamprus murrayi,MLP_multi_trunk_with_coords,random,True,0,0.0022039049718531943,-132111.524830825,6646522.10607269
461,3686,Ophioscincus truncatus,MLP_multi_trunk_with_coords,random,True,0,0.5868079346018797,-132111.524830825,6646522.10607269
461,3687,Pseudechis porphyricaus,MLP_multi_trunk_with_coords,random,True,0,0.000856768992458235,-132111.524830825,6646522.10607269
461,3688,Saltuarius swaini,MLP_multi_trunk_with_coords,random,True,0,0.00324669729319969,-132111.524830825,6646522.10607269
462,3689,Cacophis kreftii,MLP_multi_trunk_with_coords,random,True,0,0.00044324758474030226,-129873.482679348,6646037.61836241
462,3690,Calyptotis scutirostrum,MLP_multi_trunk_with_coords,random,True,0,7.927718966174268e-05,-129873.482679348,6646037.61836241
462,3691,Coeranoscincus reticulatus,MLP_multi_trunk_with_coords,random,True,0,0.61520919457691,-129873.482679348,6646037.61836241
462,3692,Egernia mcpheei,MLP_multi_trunk_with_coords,random,True,0,2.1745478301162148e-05,-129873.482679348,6646037.61836241
462,3693,Eulamprus murrayi,MLP_multi_trunk_with_coords,random,True,0,0.0029638210590714515,-129873.482679348,6646037.61836241
462,3694,Ophioscincus truncatus,MLP_multi_trunk_with_coords,random,True,1,0.0412426260312457,-129873.482679348,6646037.61836241
462,3695,Pseudechis porphyricaus,MLP_multi_trunk_with_coords,random,True,0,0.009212195542156068,-129873.482679348,6646037.61836241
462,3696,Saltuarius swaini,MLP_multi_trunk_with_coords,random,True,0,0.00041173802394438357,-129873.482679348,6646037.61836241
463,3697,Cacophis kreftii,MLP_multi_trunk_with_coords,random,True,0,0.0008135724815279676,-130606.171632184,6644790.80822609
463,3698,Calyptotis scutirostrum,MLP_multi_trunk_with_coords,random,True,0,0.0004477417924840503,-130606.171632184,6644790.80822609
463,3699,Coeranoscincus reticulatus,MLP_multi_trunk_with_coords,random,True,0,0.6613863341951232,-130606.171632184,6644790.80822609
463,3700,Egernia mcpheei,MLP_multi_trunk_with_coords,random,True,0,8.112636743943338e-05,-130606.171632184,6644790.80822609
463,3701,Eulamprus murrayi,MLP_multi_trunk_with_coords,random,True,0,0.004652585054093763,-130606.171632184,6644790.80822609
463,3702,Ophioscincus truncatus,MLP_multi_trunk_with_coords,random,True,0,0.09561365662953361,-130606.171632184,6644790.80822609
463,3703,Pseudechis porphyricaus,MLP_multi_trunk_with_coords,random,True,0,0.002854638657448137,-130606.171632184,6644790.80822609
463,3704,Saltuarius swaini,MLP_multi_trunk_with_coords,random,True,0,0.00030763557086907283,-130606.171632184,6644790.80822609
464,3705,Cacophis kreftii,MLP_multi_trunk_with_coords,random,True,0,1.608745922730693e-06,-62036.5636510338,6645195.69882671
464,3706,Calyptotis scutirostrum,MLP_multi_trunk_with_coords,random,True,0,3.3939463638209816e-05,-62036.5636510338,6645195.69882671
464,3707,Coeranoscincus reticulatus,MLP_multi_trunk_with_coords,random,True,0,3.7119215741586163e-06,-62036.5636510338,6645195.69882671
464,3708,Egernia mcpheei,MLP_multi_trunk_with_coords,random,True,0,5.6061510376259895e-06,-62036.5636510338,6645195.69882671
464,3709,Eulamprus murrayi,MLP_multi_trunk_with_coords,random,True,0,0.0005810551968281733,-62036.5636510338,6645195.69882671
464,3710,Ophioscincus truncatus,MLP_multi_trunk_with_coords,random,True,0,0.00029091418352310874,-62036.5636510338,6645195.69882671
464,3711,Pseudechis porphyricaus,MLP_multi_trunk_with_coords,random,True,0,0.000810298768143801,-62036.5636510338,6645195.69882671
464,3712,Saltuarius swaini,MLP_multi_trunk_with_coords,random,True,0,0.020762449376514593,-62036.5636510338,6645195.69882671
475,3793,Cacophis kreftii,MLP_multi_trunk_with_coords,random,True,0,0.01338436226350365,-103178.812815837,6605812.65044331
475,3794,Calyptotis scutirostrum,MLP_multi_trunk_with_coords,random,True,0,0.01293345275951534,-103178.812815837,6605812.65044331
475,3795,Coeranoscincus reticulatus,MLP_multi_trunk_with_coords,random,True,0,0.0034427886695398394,-103178.812815837,6605812.65044331
475,3796,Egernia mcpheei,MLP_multi_trunk_with_coords,random,True,0,0.0002653696550303309,-103178.812815837,6605812.65044331
475,3797,Eulamprus murrayi,MLP_multi_trunk_with_coords,random,True,1,0.0010578854637849548,-103178.812815837,6605812.65044331
475,3798,Ophioscincus truncatus,MLP_multi_trunk_with_coords,random,True,0,0.014593424773425491,-103178.812815837,6605812.65044331
475,3799,Pseudechis porphyricaus,MLP_multi_trunk_with_coords,random,True,0,0.0001311021019808867,-103178.812815837,6605812.65044331
475,3800,Saltuarius swaini,MLP_multi_trunk_with_coords,random,True,0,0.008506672898027354,-103178.812815837,6605812.65044331
480,3833,Cacophis kreftii,MLP_multi_trunk_with_coords,random,True,0,7.37349637702959e-06,-139787.964672713,6601638.98677139
480,3834,Calyptotis scutirostrum,MLP_multi_trunk_with_coords,random,True,0,1e-06,-139787.964672713,6601638.98677139
480,3835,Coeranoscincus reticulatus,MLP_multi_trunk_with_coords,random,True,0,0.4155011523671279,-139787.964672713,6601638.98677139
480,3836,Egernia mcpheei,MLP_multi_trunk_with_coords,random,True,0,2.1407329977902024e-06,-139787.964672713,6601638.98677139
480,3837,Eulamprus murrayi,MLP_multi_trunk_with_coords,random,True,0,0.0006316223873935275,-139787.964672713,6601638.98677139
480,3838,Ophioscincus truncatus,MLP_multi_trunk_with_coords,random,True,0,0.5089415187721208,-139787.964672713,6601638.98677139
480,3839,Pseudechis porphyricaus,MLP_multi_trunk_with_coords,random,True,0,0.033544533186430865,-139787.964672713,6601638.98677139
480,3840,Saltuarius swaini,MLP_multi_trunk_with_coords,random,True,0,0.0027535429282687564,-139787.964672713,6601638.98677139
481,3841,Cacophis kreftii,MLP_multi_trunk_with_coords,random,True,0,0.0006711491165589151,-140574.776964781,6601391.4036645
481,3842,Calyptotis scutirostrum,MLP_multi_trunk_with_coords,random,True,0,1e-06,-140574.776964781,6601391.4036645
481,3843,Coeranoscincus reticulatus,MLP_multi_trunk_with_coords,random,True,0,0.003471626533661321,-140574.776964781,6601391.4036645
481,3844,Egernia mcpheei,MLP_multi_trunk_with_coords,random,True,0,1e-06,-140574.776964781,6601391.4036645
481,3845,Eulamprus murrayi,MLP_multi_trunk_with_coords,random,True,0,0.0032934140617146635,-140574.776964781,6601391.4036645
481,3846,Ophioscincus truncatus,MLP_multi_trunk_with_coords,random,True,0,0.3643625069671487,-140574.776964781,6601391.4036645
481,3847,Pseudechis porphyricaus,MLP_multi_trunk_with_coords,random,True,0,0.0036483234105387907,-140574.776964781,6601391.4036645
481,3848,Saltuarius swaini,MLP_multi_trunk_with_coords,random,True,0,0.012068503319616923,-140574.776964781,6601391.4036645
488,3897,Cacophis kreftii,MLP_multi_trunk_with_coords,random,True,0,0.0006121921561067084,-141193.546516212,6594113.16970331
488,3898,Calyptotis scutirostrum,MLP_multi_trunk_with_coords,random,True,0,1e-06,-141193.546516212,6594113.16970331
488,3899,Coeranoscincus reticulatus,MLP_multi_trunk_with_coords,random,True,0,0.0008838952244596503,-141193.546516212,6594113.16970331
488,3900,Egernia mcpheei,MLP_multi_trunk_with_coords,random,True,0,1e-06,-141193.546516212,6594113.16970331
488,3901,Eulamprus murrayi,MLP_multi_trunk_with_coords,random,True,0,0.0026091105339862094,-141193.546516212,6594113.16970331
488,3902,Ophioscincus truncatus,MLP_multi_trunk_with_coords,random,True,1,0.36758235329443617,-141193.546516212,6594113.16970331
488,3903,Pseudechis porphyricaus,MLP_multi_trunk_with_coords,random,True,0,0.004126908303902768,-141193.546516212,6594113.16970331
488,3904,Saltuarius swaini,MLP_multi_trunk_with_coords,random,True,0,0.022600990810618917,-141193.546516212,6594113.16970331
490,3913,Cacophis kreftii,MLP_multi_trunk_with_coords,random,True,0,0.0008708745485850582,-140157.01004317,6593561.29260029
490,3914,Calyptotis scutirostrum,MLP_multi_trunk_with_coords,random,True,0,1e-06,-140157.01004317,6593561.29260029
490,3915,Coeranoscincus reticulatus,MLP_multi_trunk_with_coords,random,True,0,7.756445796159333e-05,-140157.01004317,6593561.29260029
490,3916,Egernia mcpheei,MLP_multi_trunk_with_coords,random,True,0,1e-06,-140157.01004317,6593561.29260029
490,3917,Eulamprus murrayi,MLP_multi_trunk_with_coords,random,True,0,0.0007756249422896583,-140157.01004317,6593561.29260029
490,3918,Ophioscincus truncatus,MLP_multi_trunk_with_coords,random,True,1,0.14387713167426947,-140157.01004317,6593561.29260029
490,3919,Pseudechis porphyricaus,MLP_multi_trunk_with_coords,random,True,0,0.00035851113285305256,-140157.01004317,6593561.29260029
490,3920,Saltuarius swaini,MLP_multi_trunk_with_coords,random,True,0,0.006755680894415462,-140157.01004317,6593561.29260029
494,3945,Cacophis kreftii,MLP_multi_trunk_with_coords,random,True,0,6.802882167195817e-06,-160099.441241579,6571357.13800851
494,3946,Calyptotis scutirostrum,MLP_multi_trunk_with_coords,random,True,0,1e-06,-160099.441241579,6571357.13800851
494,3947,Coeranoscincus reticulatus,MLP_multi_trunk_with_coords,random,True,0,0.0008908753056741819,-160099.441241579,6571357.13800851
494,3948,Egernia mcpheei,MLP_multi_trunk_with_coords,random,True,0,1e-06,-160099.441241579,6571357.13800851
494,3949,Eulamprus murrayi,MLP_multi_trunk_with_coords,random,True,0,0.009054250118567907,-160099.441241579,6571357.13800851
494,3950,Ophioscincus truncatus,MLP_multi_trunk_with_coords,random,True,0,0.03847557579182479,-160099.441241579,6571357.13800851
494,3951,Pseudechis porphyricaus,MLP_multi_trunk_with_coords,random,True,0,0.021931737071580856,-160099.441241579,6571357.13800851
494,3952,Saltuarius swaini,MLP_multi_trunk_with_coords,random,True,0,0.0026281673486593404,-160099.441241579,6571357.13800851
499,3985,Cacophis kreftii,MLP_multi_trunk_with_coords,random,True,0,1e-06,-166874.918971174,6569986.45729551
499,3986,Calyptotis scutirostrum,MLP_multi_trunk_with_coords,random,True,0,1e-06,-166874.918971174,6569986.45729551
499,3987,Coeranoscincus reticulatus,MLP_multi_trunk_with_coords,random,True,0,0.000562074238881645,-166874.918971174,6569986.45729551
499,3988,Egernia mcpheei,MLP_multi_trunk_with_coords,random,True,0,1e-06,-166874.918971174,6569986.45729551
499,3989,Eulamprus murrayi,MLP_multi_trunk_with_coords,random,True,0,0.0005899690229143017,-166874.918971174,6569986.45729551
499,3990,Ophioscincus truncatus,MLP_multi_trunk_with_coords,random,True,0,0.30285905898468785,-166874.918971174,6569986.45729551
499,3991,Pseudechis porphyricaus,MLP_multi_trunk_with_coords,random,True,0,0.006118062418010447,-166874.918971174,6569986.45729551
499,3992,Saltuarius swaini,MLP_multi_trunk_with_coords,random,True,0,0.0038960110426226944,-166874.918971174,6569986.45729551
507,4049,Cacophis kreftii,MLP_multi_trunk_with_coords,random,True,0,5.818275152954535e-05,-144741.332783447,6566549.73714478
507,4050,Calyptotis scutirostrum,MLP_multi_trunk_with_coords,random,True,0,1e-06,-144741.332783447,6566549.73714478
507,4051,Coeranoscincus reticulatus,MLP_multi_trunk_with_coords,random,True,0,0.00011425071449775973,-144741.332783447,6566549.73714478
507,4052,Egernia mcpheei,MLP_multi_trunk_with_coords,random,True,0,1e-06,-144741.332783447,6566549.73714478
507,4053,Eulamprus murrayi,MLP_multi_trunk_with_coords,random,True,0,0.001444568325724145,-144741.332783447,6566549.73714478
507,4054,Ophioscincus truncatus,MLP_multi_trunk_with_coords,random,True,0,0.2341815727146396,-144741.332783447,6566549.73714478
507,4055,Pseudechis porphyricaus,MLP_multi_trunk_with_coords,random,True,0,0.007586923489198359,-144741.332783447,6566549.73714478
507,4056,Saltuarius swaini,MLP_multi_trunk_with_coords,random,True,0,0.0354528707904061,-144741.332783447,6566549.73714478
508,4057,Cacophis kreftii,MLP_multi_trunk_with_coords,random,True,0,1e-06,-162480.687351114,6563171.45187532
508,4058,Calyptotis scutirostrum,MLP_multi_trunk_with_coords,random,True,0,1e-06,-162480.687351114,6563171.45187532
508,4059,Coeranoscincus reticulatus,MLP_multi_trunk_with_coords,random,True,0,0.002110855996326893,-162480.687351114,6563171.45187532
508,4060,Egernia mcpheei,MLP_multi_trunk_with_coords,random,True,0,1e-06,-162480.687351114,6563171.45187532
508,4061,Eulamprus murrayi,MLP_multi_trunk_with_coords,random,True,0,0.00031836902498223865,-162480.687351114,6563171.45187532
508,4062,Ophioscincus truncatus,MLP_multi_trunk_with_coords,random,True,0,0.13562888288879343,-162480.687351114,6563171.45187532
508,4063,Pseudechis porphyricaus,MLP_multi_trunk_with_coords,random,True,0,0.004080219721938642,-162480.687351114,6563171.45187532
508,4064,Saltuarius swaini,MLP_multi_trunk_with_coords,random,True,0,0.00047672820022247645,-162480.687351114,6563171.45187532
510,4073,Cacophis kreftii,MLP_multi_trunk_with_coords,random,True,0,1.2425810933543342e-05,-146201.750488105,6563648.83716664
510,4074,Calyptotis scutirostrum,MLP_multi_trunk_with_coords,random,True,0,1e-06,-146201.750488105,6563648.83716664
510,4075,Coeranoscincus reticulatus,MLP_multi_trunk_with_coords,random,True,0,1.609071118763997e-05,-146201.750488105,6563648.83716664
510,4076,Egernia mcpheei,MLP_multi_trunk_with_coords,random,True,0,1e-06,-146201.750488105,6563648.83716664
510,4077,Eulamprus murrayi,MLP_multi_trunk_with_coords,random,True,0,0.0005689998381034837,-146201.750488105,6563648.83716664
510,4078,Ophioscincus truncatus,MLP_multi_trunk_with_coords,random,True,0,0.24775265305776858,-146201.750488105,6563648.83716664
510,4079,Pseudechis porphyricaus,MLP_multi_trunk_with_coords,random,True,0,0.0026524623125056155,-146201.750488105,6563648.83716664
510,4080,Saltuarius swaini,MLP_multi_trunk_with_coords,random,True,0,0.031854611205059655,-146201.750488105,6563648.83716664
514,4105,Cacophis kreftii,MLP_multi_trunk_with_coords,random,True,0,7.635966925996504e-06,-146089.648133388,6561646.84538545
514,4106,Calyptotis scutirostrum,MLP_multi_trunk_with_coords,random,True,0,1e-06,-146089.648133388,6561646.84538545
514,4107,Coeranoscincus reticulatus,MLP_multi_trunk_with_coords,random,True,0,5.240971057219669e-05,-146089.648133388,6561646.84538545
514,4108,Egernia mcpheei,MLP_multi_trunk_with_coords,random,True,0,1e-06,-146089.648133388,6561646.84538545
514,4109,Eulamprus murrayi,MLP_multi_trunk_with_coords,random,True,0,0.0006571705043507767,-146089.648133388,6561646.84538545
514,4110,Ophioscincus truncatus,MLP_multi_trunk_with_coords,random,True,0,0.3383491538484488,-146089.648133388,6561646.84538545
514,4111,Pseudechis porphyricaus,MLP_multi_trunk_with_coords,random,True,0,0.006826780336738341,-146089.648133388,6561646.84538545
514,4112,Saltuarius swaini,MLP_multi_trunk_with_coords,random,True,0,0.04205921697189298,-146089.648133388,6561646.84538545
525,4193,Cacophis kreftii,MLP_multi_trunk_with_coords,random,True,0,0.0001779087772858337,-118770.04691586,6551450.02671343
525,4194,Calyptotis scutirostrum,MLP_multi_trunk_with_coords,random,True,0,0.0001909110511675274,-118770.04691586,6551450.02671343
525,4195,Coeranoscincus reticulatus,MLP_multi_trunk_with_coords,random,True,0,0.2517584709576371,-118770.04691586,6551450.02671343
525,4196,Egernia mcpheei,MLP_multi_trunk_with_coords,random,True,0,0.00019823520440643191,-118770.04691586,6551450.02671343
525,4197,Eulamprus murrayi,MLP_multi_trunk_with_coords,random,True,0,0.005243001530909945,-118770.04691586,6551450.02671343
525,4198,Ophioscincus truncatus,MLP_multi_trunk_with_coords,random,True,0,0.15224832964325985,-118770.04691586,6551450.02671343
525,4199,Pseudechis porphyricaus,MLP_multi_trunk_with_coords,random,True,0,0.0036266743677311913,-118770.04691586,6551450.02671343
525,4200,Saltuarius swaini,MLP_multi_trunk_with_coords,random,True,0,0.001178015646351433,-118770.04691586,6551450.02671343
531,4241,Cacophis kreftii,MLP_multi_trunk_with_coords,random,True,0,0.00016765404101946776,-83551.8721662688,6536463.55059073
531,4242,Calyptotis scutirostrum,MLP_multi_trunk_with_coords,random,True,0,0.00017376361025478544,-83551.8721662688,6536463.55059073
531,4243,Coeranoscincus reticulatus,MLP_multi_trunk_with_coords,random,True,0,0.00038359408281967507,-83551.8721662688,6536463.55059073
531,4244,Egernia mcpheei,MLP_multi_trunk_with_coords,random,True,0,0.001018755358988379,-83551.8721662688,6536463.55059073
531,4245,Eulamprus murrayi,MLP_multi_trunk_with_coords,random,True,0,0.0003258589086123387,-83551.8721662688,6536463.55059073
531,4246,Ophioscincus truncatus,MLP_multi_trunk_with_coords,random,True,0,0.0006462021355188669,-83551.8721662688,6536463.55059073
531,4247,Pseudechis porphyricaus,MLP_multi_trunk_with_coords,random,True,0,0.0002134086830006177,-83551.8721662688,6536463.55059073
531,4248,Saltuarius swaini,MLP_multi_trunk_with_coords,random,True,0,0.023345805446594124,-83551.8721662688,6536463.55059073
533,4257,Cacophis kreftii,MLP_multi_trunk_with_coords,random,True,0,8.428421372203942e-05,-128644.80040642,6533196.04348179
533,4258,Calyptotis scutirostrum,MLP_multi_trunk_with_coords,random,True,0,1e-06,-128644.80040642,6533196.04348179
533,4259,Coeranoscincus reticulatus,MLP_multi_trunk_with_coords,random,True,0,1e-06,-128644.80040642,6533196.04348179
533,4260,Egernia mcpheei,MLP_multi_trunk_with_coords,random,True,0,1e-06,-128644.80040642,6533196.04348179
533,4261,Eulamprus murrayi,MLP_multi_trunk_with_coords,random,True,0,0.0007630902058770065,-128644.80040642,6533196.04348179
533,4262,Ophioscincus truncatus,MLP_multi_trunk_with_coords,random,True,0,0.01777613336831572,-128644.80040642,6533196.04348179
533,4263,Pseudechis porphyricaus,MLP_multi_trunk_with_coords,random,True,0,0.0008443129360057402,-128644.80040642,6533196.04348179
533,4264,Saltuarius swaini,MLP_multi_trunk_with_coords,random,True,0,0.03203297461229536,-128644.80040642,6533196.04348179
537,4289,Cacophis kreftii,MLP_multi_trunk_with_coords,random,True,0,0.0011695797371710705,-133101.696097477,6529938.31197594
537,4290,Calyptotis scutirostrum,MLP_multi_trunk_with_coords,random,True,0,1e-06,-133101.696097477,6529938.31197594
537,4291,Coeranoscincus reticulatus,MLP_multi_trunk_with_coords,random,True,0,0.00011357054810711205,-133101.696097477,6529938.31197594
537,4292,Egernia mcpheei,MLP_multi_trunk_with_coords,random,True,0,1e-06,-133101.696097477,6529938.31197594
537,4293,Eulamprus murrayi,MLP_multi_trunk_with_coords,random,True,0,0.0025063604702890586,-133101.696097477,6529938.31197594
537,4294,Ophioscincus truncatus,MLP_multi_trunk_with_coords,random,True,1,0.5374616792007103,-133101.696097477,6529938.31197594
537,4295,Pseudechis porphyricaus,MLP_multi_trunk_with_coords,random,True,0,0.0004396852587502188,-133101.696097477,6529938.31197594
537,4296,Saltuarius swaini,MLP_multi_trunk_with_coords,random,True,0,0.021922601149976413,-133101.696097477,6529938.31197594
545,4353,Cacophis kreftii,MLP_multi_trunk_with_coords,random,True,0,0.0009891649686643853,-114087.089464681,6528156.09858245
545,4354,Calyptotis scutirostrum,MLP_multi_trunk_with_coords,random,True,0,3.2680423777099714e-05,-114087.089464681,6528156.09858245
545,4355,Coeranoscincus reticulatus,MLP_multi_trunk_with_coords,random,True,0,0.011347038698316847,-114087.089464681,6528156.09858245
545,4356,Egernia mcpheei,MLP_multi_trunk_with_coords,random,True,0,2.4726729258023028e-05,-114087.089464681,6528156.09858245
545,4357,Eulamprus murrayi,MLP_multi_trunk_with_coords,random,True,0,0.0010027747571405884,-114087.089464681,6528156.09858245
545,4358,Ophioscincus truncatus,MLP_multi_trunk_with_coords,random,True,0,0.06039385530905849,-114087.089464681,6528156.09858245
545,4359,Pseudechis porphyricaus,MLP_multi_trunk_with_coords,random,True,0,0.0010714002249710352,-114087.089464681,6528156.09858245
545,4360,Saltuarius swaini,MLP_multi_trunk_with_coords,random,True,0,0.011124640257729001,-114087.089464681,6528156.09858245
558,4457,Cacophis kreftii,MLP_multi_trunk_with_coords,random,True,0,1e-06,-204344.653545143,6507116.16956193
558,4458,Calyptotis scutirostrum,MLP_multi_trunk_with_coords,random,True,0,1e-06,-204344.653545143,6507116.16956193
558,4459,Coeranoscincus reticulatus,MLP_multi_trunk_with_coords,random,True,0,1e-06,-204344.653545143,6507116.16956193
558,4460,Egernia mcpheei,MLP_multi_trunk_with_coords,random,True,0,1e-06,-204344.653545143,6507116.16956193
558,4461,Eulamprus murrayi,MLP_multi_trunk_with_coords,random,True,0,1.5645402485134344e-06,-204344.653545143,6507116.16956193
558,4462,Ophioscincus truncatus,MLP_multi_trunk_with_coords,random,True,0,0.004540872366368945,-204344.653545143,6507116.16956193
558,4463,Pseudechis porphyricaus,MLP_multi_trunk_with_coords,random,True,0,1e-06,-204344.653545143,6507116.16956193
558,4464,Saltuarius swaini,MLP_multi_trunk_with_coords,random,True,0,0.002232254748603799,-204344.653545143,6507116.16956193
567,4529,Cacophis kreftii,MLP_multi_trunk_with_coords,random,True,0,2.492028746406525e-05,-146716.822931648,6491951.21913417
567,4530,Calyptotis scutirostrum,MLP_multi_trunk_with_coords,random,True,0,1e-06,-146716.822931648,6491951.21913417
567,4531,Coeranoscincus reticulatus,MLP_multi_trunk_with_coords,random,True,0,7.001412841878103e-05,-146716.822931648,6491951.21913417
567,4532,Egernia mcpheei,MLP_multi_trunk_with_coords,random,True,0,1e-06,-146716.822931648,6491951.21913417
567,4533,Eulamprus murrayi,MLP_multi_trunk_with_coords,random,True,0,0.003289046479881753,-146716.822931648,6491951.21913417
567,4534,Ophioscincus truncatus,MLP_multi_trunk_with_coords,random,True,0,0.7523067924888261,-146716.822931648,6491951.21913417
567,4535,Pseudechis porphyricaus,MLP_multi_trunk_with_coords,random,True,1,0.0034175609403406084,-146716.822931648,6491951.21913417
567,4536,Saltuarius swaini,MLP_multi_trunk_with_coords,random,True,1,0.05560702188967405,-146716.822931648,6491951.21913417
572,4569,Cacophis kreftii,MLP_multi_trunk_with_coords,random,True,0,3.1060628286387656e-05,-141525.12346321,6489014.81167942
572,4570,Calyptotis scutirostrum,MLP_multi_trunk_with_coords,random,True,0,1e-06,-141525.12346321,6489014.81167942
572,4571,Coeranoscincus reticulatus,MLP_multi_trunk_with_coords,random,True,0,0.0018453433108617206,-141525.12346321,6489014.81167942
572,4572,Egernia mcpheei,MLP_multi_trunk_with_coords,random,True,0,1e-06,-141525.12346321,6489014.81167942
572,4573,Eulamprus murrayi,MLP_multi_trunk_with_coords,random,True,0,0.00400454972344953,-141525.12346321,6489014.81167942
572,4574,Ophioscincus truncatus,MLP_multi_trunk_with_coords,random,True,1,0.7645983996747715,-141525.12346321,6489014.81167942
572,4575,Pseudechis porphyricaus,MLP_multi_trunk_with_coords,random,True,0,0.010765510440398465,-141525.12346321,6489014.81167942
572,4576,Saltuarius swaini,MLP_multi_trunk_with_coords,random,True,0,0.0328837525900875,-141525.12346321,6489014.81167942
576,4601,Cacophis kreftii,MLP_multi_trunk_with_coords,random,True,0,1e-06,-206813.275853676,6482403.27464338
576,4602,Calyptotis scutirostrum,MLP_multi_trunk_with_coords,random,True,0,1e-06,-206813.275853676,6482403.27464338
576,4603,Coeranoscincus reticulatus,MLP_multi_trunk_with_coords,random,True,0,1.0479460173993914e-06,-206813.275853676,6482403.27464338
576,4604,Egernia mcpheei,MLP_multi_trunk_with_coords,random,True,0,1e-06,-206813.275853676,6482403.27464338
576,4605,Eulamprus murrayi,MLP_multi_trunk_with_coords,random,True,0,0.0006605470892645173,-206813.275853676,6482403.27464338
576,4606,Ophioscincus truncatus,MLP_multi_trunk_with_coords,random,True,0,0.24316032611950678,-206813.275853676,6482403.27464338
576,4607,Pseudechis porphyricaus,MLP_multi_trunk_with_coords,random,True,0,0.015295174237020872,-206813.275853676,6482403.27464338
576,4608,Saltuarius swaini,MLP_multi_trunk_with_coords,random,True,0,0.027645730340089197,-206813.275853676,6482403.27464338
579,4625,Cacophis kreftii,MLP_multi_trunk_with_coords,random,True,0,1e-06,-242916.649698275,6475563.53924511
579,4626,Calyptotis scutirostrum,MLP_multi_trunk_with_coords,random,True,0,1e-06,-242916.649698275,6475563.53924511
579,4627,Coeranoscincus reticulatus,MLP_multi_trunk_with_coords,random,True,0,1e-06,-242916.649698275,6475563.53924511
579,4628,Egernia mcpheei,MLP_multi_trunk_with_coords,random,True,0,1e-06,-242916.649698275,6475563.53924511
579,4629,Eulamprus murrayi,MLP_multi_trunk_with_coords,random,True,0,2.44404928321722e-06,-242916.649698275,6475563.53924511
579,4630,Ophioscincus truncatus,MLP_multi_trunk_with_coords,random,True,0,0.0020293916363263408,-242916.649698275,6475563.53924511
579,4631,Pseudechis porphyricaus,MLP_multi_trunk_with_coords,random,True,0,1.479330744068606e-06,-242916.649698275,6475563.53924511
579,4632,Saltuarius swaini,MLP_multi_trunk_with_coords,random,True,0,0.0013329021457435418,-242916.649698275,6475563.53924511
585,4673,Cacophis kreftii,MLP_multi_trunk_with_coords,random,True,0,0.0007331907723336007,-127313.378797034,6479531.06572796
585,4674,Calyptotis scutirostrum,MLP_multi_trunk_with_coords,random,True,0,1e-06,-127313.378797034,6479531.06572796
585,4675,Coeranoscincus reticulatus,MLP_multi_trunk_with_coords,random,True,0,0.00028825993119653424,-127313.378797034,6479531.06572796
585,4676,Egernia mcpheei,MLP_multi_trunk_with_coords,random,True,0,1e-06,-127313.378797034,6479531.06572796
585,4677,Eulamprus murrayi,MLP_multi_trunk_with_coords,random,True,0,0.0019888395506331737,-127313.378797034,6479531.06572796
585,4678,Ophioscincus truncatus,MLP_multi_trunk_with_coords,random,True,0,0.6500219080418657,-127313.378797034,6479531.06572796
585,4679,Pseudechis porphyricaus,MLP_multi_trunk_with_coords,random,True,0,0.0010806553362269424,-127313.378797034,6479531.06572796
585,4680,Saltuarius swaini,MLP_multi_trunk_with_coords,random,True,0,0.04398508139663464,-127313.378797034,6479531.06572796
599,4785,Cacophis kreftii,MLP_multi_trunk_with_coords,random,True,0,1e-06,-212146.883673553,6444013.91646962
599,4786,Calyptotis scutirostrum,MLP_multi_trunk_with_coords,random,True,0,1e-06,-212146.883673553,6444013.91646962
599,4787,Coeranoscincus reticulatus,MLP_multi_trunk_with_coords,random,True,0,1e-06,-212146.883673553,6444013.91646962
599,4788,Egernia mcpheei,MLP_multi_trunk_with_coords,random,True,0,1e-06,-212146.883673553,6444013.91646962
599,4789,Eulamprus murrayi,MLP_multi_trunk_with_coords,random,True,0,1.5706298443654548e-06,-212146.883673553,6444013.91646962
599,4790,Ophioscincus truncatus,MLP_multi_trunk_with_coords,random,True,0,0.00018947586217863714,-212146.883673553,6444013.91646962
599,4791,Pseudechis porphyricaus,MLP_multi_trunk_with_coords,random,True,0,1e-06,-212146.883673553,6444013.91646962
599,4792,Saltuarius swaini,MLP_multi_trunk_with_coords,random,True,0,0.0008410271473130413,-212146.883673553,6444013.91646962
602,4809,Cacophis kreftii,MLP_multi_trunk_with_coords,random,True,0,2.7541794881891085e-06,-223808.84244951,6439938.38190837
602,4810,Calyptotis scutirostrum,MLP_multi_trunk_with_coords,random,True,0,1e-06,-223808.84244951,6439938.38190837
602,4811,Coeranoscincus reticulatus,MLP_multi_trunk_with_coords,random,True,0,1e-06,-223808.84244951,6439938.38190837
602,4812,Egernia mcpheei,MLP_multi_trunk_with_coords,random,True,0,1e-06,-223808.84244951,6439938.38190837
602,4813,Eulamprus murrayi,MLP_multi_trunk_with_coords,random,True,0,1e-06,-223808.84244951,6439938.38190837
602,4814,Ophioscincus truncatus,MLP_multi_trunk_with_coords,random,True,0,0.00027638539219062934,-223808.84244951,6439938.38190837
602,4815,Pseudechis porphyricaus,MLP_multi_trunk_with_coords,random,True,0,1e-06,-223808.84244951,6439938.38190837
602,4816,Saltuarius swaini,MLP_multi_trunk_with_coords,random,True,0,0.0002931157608729332,-223808.84244951,6439938.38190837
606,4841,Cacophis kreftii,MLP_multi_trunk_with_coords,random,True,0,2.3091216186544675e-06,-122961.147064838,6444559.2200686
606,4842,Calyptotis scutirostrum,MLP_multi_trunk_with_coords,random,True,0,1e-06,-122961.147064838,6444559.2200686
606,4843,Coeranoscincus reticulatus,MLP_multi_trunk_with_coords,random,True,0,0.004821249989284755,-122961.147064838,6444559.2200686
606,4844,Egernia mcpheei,MLP_multi_trunk_with_coords,random,True,0,1.0407428576890135e-05,-122961.147064838,6444559.2200686
606,4845,Eulamprus murrayi,MLP_multi_trunk_with_coords,random,True,0,0.0010889442809927576,-122961.147064838,6444559.2200686
606,4846,Ophioscincus truncatus,MLP_multi_trunk_with_coords,random,True,0,0.11876223515357362,-122961.147064838,6444559.2200686
606,4847,Pseudechis porphyricaus,MLP_multi_trunk_with_coords,random,True,0,0.00937282716374577,-122961.147064838,6444559.2200686
606,4848,Saltuarius swaini,MLP_multi_trunk_with_coords,random,True,0,0.006146028566369439,-122961.147064838,6444559.2200686
624,4985,Cacophis kreftii,MLP_multi_trunk_with_coords,random,True,0,1e-06,-212517.326831474,6418204.13745066
624,4986,Calyptotis scutirostrum,MLP_multi_trunk_with_coords,random,True,0,1e-06,-212517.326831474,6418204.13745066
624,4987,Coeranoscincus reticulatus,MLP_multi_trunk_with_coords,random,True,0,1e-06,-212517.326831474,6418204.13745066
624,4988,Egernia mcpheei,MLP_multi_trunk_with_coords,random,True,0,1e-06,-212517.326831474,6418204.13745066
624,4989,Eulamprus murrayi,MLP_multi_trunk_with_coords,random,True,0,0.00012896221096963078,-212517.326831474,6418204.13745066
624,4990,Ophioscincus truncatus,MLP_multi_trunk_with_coords,random,True,0,0.0739839141674615,-212517.326831474,6418204.13745066
624,4991,Pseudechis porphyricaus,MLP_multi_trunk_with_coords,random,True,0,0.002242483147590124,-212517.326831474,6418204.13745066
624,4992,Saltuarius swaini,MLP_multi_trunk_with_coords,random,True,0,0.014738397547315719,-212517.326831474,6418204.13745066
628,5017,Cacophis kreftii,MLP_multi_trunk_with_coords,random,True,0,3.0062753580038524e-06,-205426.35557409,6417594.67751035
628,5018,Calyptotis scutirostrum,MLP_multi_trunk_with_coords,random,True,0,1e-06,-205426.35557409,6417594.67751035
628,5019,Coeranoscincus reticulatus,MLP_multi_trunk_with_coords,random,True,0,1e-06,-205426.35557409,6417594.67751035
628,5020,Egernia mcpheei,MLP_multi_trunk_with_coords,random,True,0,1e-06,-205426.35557409,6417594.67751035
628,5021,Eulamprus murrayi,MLP_multi_trunk_with_coords,random,True,0,0.001007002242721908,-205426.35557409,6417594.67751035
628,5022,Ophioscincus truncatus,MLP_multi_trunk_with_coords,random,True,0,0.035051931005440344,-205426.35557409,6417594.67751035
628,5023,Pseudechis porphyricaus,MLP_multi_trunk_with_coords,random,True,0,0.0018410947538373631,-205426.35557409,6417594.67751035
628,5024,Saltuarius swaini,MLP_multi_trunk_with_coords,random,True,0,0.13505030529399545,-205426.35557409,6417594.67751035
630,5033,Cacophis kreftii,MLP_multi_trunk_with_coords,random,True,0,1e-06,-211613.384340048,6416445.23828686
630,5034,Calyptotis scutirostrum,MLP_multi_trunk_with_coords,random,True,0,1e-06,-211613.384340048,6416445.23828686
630,5035,Coeranoscincus reticulatus,MLP_multi_trunk_with_coords,random,True,0,1e-06,-211613.384340048,6416445.23828686
630,5036,Egernia mcpheei,MLP_multi_trunk_with_coords,random,True,0,1e-06,-211613.384340048,6416445.23828686
630,5037,Eulamprus murrayi,MLP_multi_trunk_with_coords,random,True,0,0.00012066690704718468,-211613.384340048,6416445.23828686
630,5038,Ophioscincus truncatus,MLP_multi_trunk_with_coords,random,True,0,0.02268607560009571,-211613.384340048,6416445.23828686
630,5039,Pseudechis porphyricaus,MLP_multi_trunk_with_coords,random,True,0,0.0002216936161819593,-211613.384340048,6416445.23828686
630,5040,Saltuarius swaini,MLP_multi_trunk_with_coords,random,True,0,0.035597482519822504,-211613.384340048,6416445.23828686
639,5105,Cacophis kreftii,MLP_multi_trunk_with_coords,random,True,0,1.625924317669914e-06,-162684.694435925,6370448.58724721
639,5106,Calyptotis scutirostrum,MLP_multi_trunk_with_coords,random,True,0,1e-06,-162684.694435925,6370448.58724721
639,5107,Coeranoscincus reticulatus,MLP_multi_trunk_with_coords,random,True,0,9.65122251624102e-05,-162684.694435925,6370448.58724721
639,5108,Egernia mcpheei,MLP_multi_trunk_with_coords,random,True,0,1e-06,-162684.694435925,6370448.58724721
639,5109,Eulamprus murrayi,MLP_multi_trunk_with_coords,random,True,0,0.0014731520358958758,-162684.694435925,6370448.58724721
639,5110,Ophioscincus truncatus,MLP_multi_trunk_with_coords,random,True,0,0.030276808229140872,-162684.694435925,6370448.58724721
639,5111,Pseudechis porphyricaus,MLP_multi_trunk_with_coords,random,True,0,0.038244456261608356,-162684.694435925,6370448.58724721
639,5112,Saltuarius swaini,MLP_multi_trunk_with_coords,random,True,0,0.012756798852240181,-162684.694435925,6370448.58724721
640,5113,Cacophis kreftii,MLP_multi_trunk_with_coords,random,True,0,9.265804525411864e-06,-176653.554553042,6368244.44348734
640,5114,Calyptotis scutirostrum,MLP_multi_trunk_with_coords,random,True,0,1e-06,-176653.554553042,6368244.44348734
640,5115,Coeranoscincus reticulatus,MLP_multi_trunk_with_coords,random,True,0,1.0409665704326289e-05,-176653.554553042,6368244.44348734
640,5116,Egernia mcpheei,MLP_multi_trunk_with_coords,random,True,0,1e-06,-176653.554553042,6368244.44348734
640,5117,Eulamprus murrayi,MLP_multi_trunk_with_coords,random,True,0,0.0035144065864593232,-176653.554553042,6368244.44348734
640,5118,Ophioscincus truncatus,MLP_multi_trunk_with_coords,random,True,0,0.045763547953019686,-176653.554553042,6368244.44348734
640,5119,Pseudechis porphyricaus,MLP_multi_trunk_with_coords,random,True,0,0.02696593048315766,-176653.554553042,6368244.44348734
640,5120,Saltuarius swaini,MLP_multi_trunk_with_coords,random,True,0,0.02593756608624533,-176653.554553042,6368244.44348734
