plot,id,species,model,split_type,use_coords,y_true,y_prob,easting,northing
106,841,Cacophis kreftii,MLP_single_with_coords,spatial,True,1,0.2186791489026441,-147293.925634327,6831915.7941736
111,881,Cacophis kreftii,MLP_single_with_coords,spatial,True,0,0.11735262787744752,-146869.047423431,6831537.755626
122,969,Cacophis kreftii,MLP_single_with_coords,spatial,True,0,0.18956003455588644,-121930.447488692,6831783.7962185
125,993,Cacophis kreftii,MLP_single_with_coords,spatial,True,0,0.050676857602532155,-119100.196556909,6831521.23488212
126,1001,Cacophis kreftii,MLP_single_with_coords,spatial,True,0,0.03781285923567205,-122301.197680874,6831162.17696098
127,1009,Cacophis kreftii,MLP_single_with_coords,spatial,True,0,0.19117190488450894,-113069.978206809,6831626.51450922
128,1017,Cacophis kreftii,MLP_single_with_coords,spatial,True,0,0.2069340022237639,-110250.872026258,6831561.92472725
130,1033,Cacophis kreftii,MLP_single_with_coords,spatial,True,0,0.13721665744028885,-112831.744333792,6830836.54025889
132,1049,Cacophis kreftii,MLP_single_with_coords,spatial,True,0,0.09169255951861914,-105801.162580743,6831179.93507326
134,1065,Cacophis kreftii,MLP_single_with_coords,spatial,True,0,0.15213863653155202,-109785.840498241,6830382.55130941
135,1073,Cacophis kreftii,MLP_single_with_coords,spatial,True,0,0.18173899894522483,-60576.6608829403,6831437.80904093
136,1081,Cacophis kreftii,MLP_single_with_coords,spatial,True,0,0.2210062799643934,-62745.5415882464,6830732.52392328
137,1089,Cacophis kreftii,MLP_single_with_coords,spatial,True,0,0.10325504333689056,-59930.1265788042,6830667.09207023
138,1097,Cacophis kreftii,MLP_single_with_coords,spatial,True,0,0.01778642160982623,-33656.1895879237,6831782.75910205
139,1105,Cacophis kreftii,MLP_single_with_coords,spatial,True,0,0.14868884127414136,-60097.6324680274,6830057.84195886
140,1113,Cacophis kreftii,MLP_single_with_coords,spatial,True,0,0.09981453709187012,-59480.1149542754,6829686.55327432
141,1121,Cacophis kreftii,MLP_single_with_coords,spatial,True,0,0.0875625312436408,-59274.1159834863,6829696.39928037
142,1129,Cacophis kreftii,MLP_single_with_coords,spatial,True,0,0.17830603748120227,-58470.0105331185,6829534.39062915
143,1137,Cacophis kreftii,MLP_single_with_coords,spatial,True,0,0.07197212952261757,-58067.8332822076,6829553.57641624
144,1145,Cacophis kreftii,MLP_single_with_coords,spatial,True,0,4.462766169162485e-05,-35003.9025977263,6830519.3124224
145,1153,Cacophis kreftii,MLP_single_with_coords,spatial,True,0,0.0558615061357759,-57852.3087704955,6829363.4472621
146,1161,Cacophis kreftii,MLP_single_with_coords,spatial,True,0,0.0002048040013417294,-34994.2569791634,6830308.29905931
147,1169,Cacophis kreftii,MLP_single_with_coords,spatial,True,0,0.05168310621049302,-58647.1030221649,6829125.12230747
148,1177,Cacophis kreftii,MLP_single_with_coords,spatial,True,0,0.10096583635623778,-59039.7148912014,6828905.9612443
149,1185,Cacophis kreftii,MLP_single_with_coords,spatial,True,0,0.14788537088121775,-58039.2252902132,6828953.72338296
150,1193,Cacophis kreftii,MLP_single_with_coords,spatial,True,0,0.000519098476160776,-34359.3605187094,6829747.4641776
151,1201,Cacophis kreftii,MLP_single_with_coords,spatial,True,0,0.0005048568742759292,-34751.7720567721,6829518.08321835
152,1209,Cacophis kreftii,MLP_single_with_coords,spatial,True,0,0.0044359416703285415,-34733.497415081,6829118.26913623
153,1217,Cacophis kreftii,MLP_single_with_coords,spatial,True,0,0.0809132565271137,-56158.084536112,6827640.49763384
154,1225,Cacophis kreftii,MLP_single_with_coords,spatial,True,0,0.13408462204675425,-56718.2495163478,6826812.23539331
155,1233,Cacophis kreftii,MLP_single_with_coords,spatial,True,0,0.024190998308879462,-59120.6295586857,6826486.03756181
156,1241,Cacophis kreftii,MLP_single_with_coords,spatial,True,0,0.0452003247168365,-57101.2660895063,6826393.18209589
157,1249,Cacophis kreftii,MLP_single_with_coords,spatial,True,0,0.04024618836794471,-57287.8605910979,6826183.88283365
158,1257,Cacophis kreftii,MLP_single_with_coords,spatial,True,0,0.057491672829726795,-57091.7358988385,6826193.23264818
159,1265,Cacophis kreftii,MLP_single_with_coords,spatial,True,0,0.05117110916289701,-57278.3264609204,6825983.9330077
160,1273,Cacophis kreftii,MLP_single_with_coords,spatial,True,0,0.09357671036997026,-57082.2051583753,6825993.28319997
161,1281,Cacophis kreftii,MLP_single_with_coords,spatial,True,0,0.08496810904344268,-57053.0800449767,6825382.32654951
162,1289,Cacophis kreftii,MLP_single_with_coords,spatial,True,0,0.01651623936670926,-57436.0274871426,6824963.25226147
163,1297,Cacophis kreftii,MLP_single_with_coords,spatial,True,0,0.029532913053107204,-118090.3420558,6819503.16714623
164,1305,Cacophis kreftii,MLP_single_with_coords,spatial,True,0,0.0004780893865370216,-31234.0531967666,6823468.59821031
165,1313,Cacophis kreftii,MLP_single_with_coords,spatial,True,0,0.23430026013868638,-116199.528148125,6817786.39841097
166,1321,Cacophis kreftii,MLP_single_with_coords,spatial,True,0,0.11599140711819685,-115961.85299911,6817197.07567746
167,1329,Cacophis kreftii,MLP_single_with_coords,spatial,True,0,0.08027554565949348,-115156.930903262,6817038.96223258
168,1337,Cacophis kreftii,MLP_single_with_coords,spatial,True,0,0.06846577069432289,-114320.555073989,6816470.06822849
169,1345,Cacophis kreftii,MLP_single_with_coords,spatial,True,0,0.013218557019184753,-108876.433782581,6816343.47520397
170,1353,Cacophis kreftii,MLP_single_with_coords,spatial,True,0,0.012336386148933062,-109030.042605492,6815332.43919622
171,1361,Cacophis kreftii,MLP_single_with_coords,spatial,True,0,0.0004193890258080242,-27097.7448967228,6813229.19629307
172,1369,Cacophis kreftii,MLP_single_with_coords,spatial,True,0,0.015408756741790687,-148834.228828815,6806479.17622519
173,1377,Cacophis kreftii,MLP_single_with_coords,spatial,True,0,0.0033847041304362903,-26864.9515665186,6812638.8314962
174,1385,Cacophis kreftii,MLP_single_with_coords,spatial,True,0,0.022873891615896844,-144171.518832433,6805913.46294023
175,1393,Cacophis kreftii,MLP_single_with_coords,spatial,True,0,0.024566230956078176,-26614.0603685924,6811648.67695057
176,1401,Cacophis kreftii,MLP_single_with_coords,spatial,True,0,0.01706065188240965,-146353.923264982,6805201.04834351
177,1409,Cacophis kreftii,MLP_single_with_coords,spatial,True,0,0.02408658964707202,-26577.824176917,6810849.10035356
178,1417,Cacophis kreftii,MLP_single_with_coords,spatial,True,0,0.06703853391649983,-152179.201074767,6801082.64226836
179,1425,Cacophis kreftii,MLP_single_with_coords,spatial,True,0,0.007159199750986891,-158380.85988069,6800363.84186606
180,1433,Cacophis kreftii,MLP_single_with_coords,spatial,True,0,0.0006863786000546706,-29780.9705356891,6806663.75964171
181,1441,Cacophis kreftii,MLP_single_with_coords,spatial,True,0,0.0006916392826837747,-29379.7381757025,6806682.07694802
182,1449,Cacophis kreftii,MLP_single_with_coords,spatial,True,0,0.06363211312944567,-155726.191227112,6799488.07056547
183,1457,Cacophis kreftii,MLP_single_with_coords,spatial,True,0,0.000575278244649259,-29520.6964365395,6805473.74302288
184,1465,Cacophis kreftii,MLP_single_with_coords,spatial,True,0,0.0007158709966297581,-28317.1316235074,6805528.64452115
185,1473,Cacophis kreftii,MLP_single_with_coords,spatial,True,0,0.043253689572866925,-154680.904774922,6798732.86570032
186,1481,Cacophis kreftii,MLP_single_with_coords,spatial,True,0,0.0007029337750220333,-29502.4373697368,6805073.94284487
187,1489,Cacophis kreftii,MLP_single_with_coords,spatial,True,0,0.050166179751207615,-153649.192596345,6798389.56853004
188,1497,Cacophis kreftii,MLP_single_with_coords,spatial,True,0,0.027041359422110667,-154245.287601219,6798155.10832232
189,1505,Cacophis kreftii,MLP_single_with_coords,spatial,True,0,0.19254391520455272,-112502.967446529,6800471.69931174
190,1513,Cacophis kreftii,MLP_single_with_coords,spatial,True,0,0.20597559408057223,-112492.387376251,6800271.63658075
191,1521,Cacophis kreftii,MLP_single_with_coords,spatial,True,0,0.06912095382445474,-152408.241373254,6797645.26465756
192,1529,Cacophis kreftii,MLP_single_with_coords,spatial,True,0,0.14678687497858597,-111862.768502251,6799691.91157671
193,1537,Cacophis kreftii,MLP_single_with_coords,spatial,True,0,0.04315307998887912,-153796.263664079,6797165.36470106
194,1545,Cacophis kreftii,MLP_single_with_coords,spatial,True,0,0.20029202122228154,-113057.133584369,6799439.25721174
195,1553,Cacophis kreftii,MLP_single_with_coords,spatial,True,0,0.08698597083456469,-153177.628494992,6796999.50794559
196,1561,Cacophis kreftii,MLP_single_with_coords,spatial,True,0,0.19365086340130555,-111841.623750466,6799291.78871934
197,1569,Cacophis kreftii,MLP_single_with_coords,spatial,True,0,0.0001759074638064804,-31200.4121417062,6802970.7749555
198,1577,Cacophis kreftii,MLP_single_with_coords,spatial,True,0,0.0801796875196421,-111757.020588895,6797691.29771726
199,1585,Cacophis kreftii,MLP_single_with_coords,spatial,True,0,0.1681735334464983,-111540.073845013,6797301.52655841
200,1593,Cacophis kreftii,MLP_single_with_coords,spatial,True,0,0.0040663732220099485,-165917.840413128,6794142.17633504
201,1601,Cacophis kreftii,MLP_single_with_coords,spatial,True,0,0.15283714380865143,-111724.493680147,6796890.5347694
202,1609,Cacophis kreftii,MLP_single_with_coords,spatial,True,0,0.1421818805689856,-111508.34435778,6796701.34390328
203,1617,Cacophis kreftii,MLP_single_with_coords,spatial,True,0,0.003290394100783489,-165638.858103626,6792540.33884748
204,1625,Cacophis kreftii,MLP_single_with_coords,spatial,True,0,0.071659062826558,-111628.657553236,6795078.86889821
205,1633,Cacophis kreftii,MLP_single_with_coords,spatial,True,0,0.019615191378456267,-111987.574051639,6794257.38010052
206,1641,Cacophis kreftii,MLP_single_with_coords,spatial,True,0,0.015465046707226426,-111543.951324666,6793478.37953304
207,1649,Cacophis kreftii,MLP_single_with_coords,spatial,True,0,0.004497009600809593,-166932.442763671,6790267.55776097
208,1657,Cacophis kreftii,MLP_single_with_coords,spatial,True,0,0.019125582364139217,-113333.176647029,6792982.26555712
209,1665,Cacophis kreftii,MLP_single_with_coords,spatial,True,0,0.01444389039182397,-112530.721336831,6793024.84869485
210,1673,Cacophis kreftii,MLP_single_with_coords,spatial,True,0,0.016629564625777277,-112129.496210697,6793046.11909854
211,1681,Cacophis kreftii,MLP_single_with_coords,spatial,True,0,0.0038511627268985726,-164829.821681687,6788558.93776823
212,1689,Cacophis kreftii,MLP_single_with_coords,spatial,True,0,0.004248846314961284,-165023.878239824,6788346.91096964
213,1697,Cacophis kreftii,MLP_single_with_coords,spatial,True,0,0.0054209163144291325,-164391.455012656,6787769.669967
214,1705,Cacophis kreftii,MLP_single_with_coords,spatial,True,0,0.0028131584267973016,-110822.113763642,6787074.42336939
215,1713,Cacophis kreftii,MLP_single_with_coords,spatial,True,0,0.061329725224212706,-110616.719576928,6787085.30761186
216,1721,Cacophis kreftii,MLP_single_with_coords,spatial,True,0,0.05054033595283558,-110020.100859829,6787116.90272986
217,1729,Cacophis kreftii,MLP_single_with_coords,spatial,True,0,0.03431812224827397,-109413.705304275,6787148.98376259
218,1737,Cacophis kreftii,MLP_single_with_coords,spatial,True,0,0.0083548409396361,-110779.695476226,6786274.18349996
219,1745,Cacophis kreftii,MLP_single_with_coords,spatial,True,0,0.05183877975607702,-110346.917478988,6785695.25630047
220,1753,Cacophis kreftii,MLP_single_with_coords,spatial,True,0,0.006674893559650562,-110140.731442662,6785505.55962449
221,1761,Cacophis kreftii,MLP_single_with_coords,spatial,True,0,0.04579745005263905,-157491.757049911,6782687.30974027
222,1769,Cacophis kreftii,MLP_single_with_coords,spatial,True,0,0.03321526913612961,-109512.656336634,6785126.43261431
223,1777,Cacophis kreftii,MLP_single_with_coords,spatial,True,0,0.043122169339078496,-109707.419900115,6784915.50427338
224,1785,Cacophis kreftii,MLP_single_with_coords,spatial,True,0,0.10827041923277742,-150843.666641707,6782630.05200801
225,1793,Cacophis kreftii,MLP_single_with_coords,spatial,True,0,0.017448233232798857,-157628.595163146,6781474.60411432
226,1801,Cacophis kreftii,MLP_single_with_coords,spatial,True,0,0.033416590837783554,-156768.616233883,6780508.50732801
227,1809,Cacophis kreftii,MLP_single_with_coords,spatial,True,0,0.03586176488588705,-110619.113371872,6783061.59249324
228,1817,Cacophis kreftii,MLP_single_with_coords,spatial,True,0,0.015828951113608363,-108593.63854256,6782767.65906175
229,1825,Cacophis kreftii,MLP_single_with_coords,spatial,True,0,0.014052827710776497,-108377.162322395,6782567.34735566
230,1833,Cacophis kreftii,MLP_single_with_coords,spatial,True,0,0.0034818562523069576,-58637.6336775981,6785100.52209461
231,1841,Cacophis kreftii,MLP_single_with_coords,spatial,True,0,0.008466414329237353,-107923.462038802,6781588.26422547
232,1849,Cacophis kreftii,MLP_single_with_coords,spatial,True,0,0.03106977891570955,-154268.894705046,6778832.59399199
233,1857,Cacophis kreftii,MLP_single_with_coords,spatial,True,0,0.020910822183447784,-151231.119203658,6778380.41797512
234,1865,Cacophis kreftii,MLP_single_with_coords,spatial,True,0,0.04458854340346624,-150784.191440288,6777591.42724006
235,1873,Cacophis kreftii,MLP_single_with_coords,spatial,True,0,0.0037816680420603072,-157053.44484427,6770228.31904544
236,1881,Cacophis kreftii,MLP_single_with_coords,spatial,True,0,0.004339739230015356,-157007.529503806,6769427.67794309
237,1889,Cacophis kreftii,MLP_single_with_coords,spatial,True,0,0.005878865233420788,-157601.945479142,6769192.74860327
238,1897,Cacophis kreftii,MLP_single_with_coords,spatial,True,0,0.005875124137652424,-42631.6013249115,6774856.7836682
239,1905,Cacophis kreftii,MLP_single_with_coords,spatial,True,0,0.002430401283263723,-42808.1790068126,6774247.29778187
240,1913,Cacophis kreftii,MLP_single_with_coords,spatial,True,0,0.00352228181593311,-90697.5110841577,6771199.36165782
241,1921,Cacophis kreftii,MLP_single_with_coords,spatial,True,0,0.0033391305840133768,-89886.5465170286,6771040.60297007
242,1929,Cacophis kreftii,MLP_single_with_coords,spatial,True,0,0.002873162485150349,-45884.998116622,6771685.40364584
243,1937,Cacophis kreftii,MLP_single_with_coords,spatial,True,0,0.0028969576710773646,-45846.3441318398,6770874.56187869
244,1945,Cacophis kreftii,MLP_single_with_coords,spatial,True,0,0.0028411694708790594,-46208.2545646069,6770055.74332879
245,1953,Cacophis kreftii,MLP_single_with_coords,spatial,True,0,0.0022871333089632914,-42736.9260770733,6769029.74166907
246,1961,Cacophis kreftii,MLP_single_with_coords,spatial,True,0,0.000778600393792645,-42727.4414379179,6768829.81362177
247,1969,Cacophis kreftii,MLP_single_with_coords,spatial,True,0,0.0007785861847805211,-42717.9562631494,6768629.88557173
248,1977,Cacophis kreftii,MLP_single_with_coords,spatial,True,0,0.11263341055226016,-139175.743651501,6763098.07298971
249,1985,Cacophis kreftii,MLP_single_with_coords,spatial,True,0,0.13116212231522542,-138923.869162796,6762097.27372678
252,2009,Cacophis kreftii,MLP_single_with_coords,spatial,True,0,0.00233561815634828,-43112.7372327422,6764592.40958821
254,2025,Cacophis kreftii,MLP_single_with_coords,spatial,True,0,0.0027529667187145565,-43678.7671977115,6763752.8151483
255,2033,Cacophis kreftii,MLP_single_with_coords,spatial,True,0,0.0057372428533376514,-47276.750227819,6763369.40347618
106,842,Calyptotis scutirostrum,MLP_single_with_coords,spatial,True,1,0.7654547981425773,-147293.925634327,6831915.7941736
111,882,Calyptotis scutirostrum,MLP_single_with_coords,spatial,True,1,0.5374336959859664,-146869.047423431,6831537.755626
122,970,Calyptotis scutirostrum,MLP_single_with_coords,spatial,True,0,0.49600972709595664,-121930.447488692,6831783.7962185
125,994,Calyptotis scutirostrum,MLP_single_with_coords,spatial,True,1,0.24901353929461806,-119100.196556909,6831521.23488212
126,1002,Calyptotis scutirostrum,MLP_single_with_coords,spatial,True,0,0.07937153099550957,-122301.197680874,6831162.17696098
127,1010,Calyptotis scutirostrum,MLP_single_with_coords,spatial,True,0,0.3770688641223883,-113069.978206809,6831626.51450922
128,1018,Calyptotis scutirostrum,MLP_single_with_coords,spatial,True,0,0.039474860316020786,-110250.872026258,6831561.92472725
130,1034,Calyptotis scutirostrum,MLP_single_with_coords,spatial,True,0,0.3301583566312848,-112831.744333792,6830836.54025889
132,1050,Calyptotis scutirostrum,MLP_single_with_coords,spatial,True,0,0.23984963599406353,-105801.162580743,6831179.93507326
134,1066,Calyptotis scutirostrum,MLP_single_with_coords,spatial,True,0,0.209133796935883,-109785.840498241,6830382.55130941
135,1074,Calyptotis scutirostrum,MLP_single_with_coords,spatial,True,0,0.004289554879335682,-60576.6608829403,6831437.80904093
136,1082,Calyptotis scutirostrum,MLP_single_with_coords,spatial,True,0,0.002555297682839166,-62745.5415882464,6830732.52392328
137,1090,Calyptotis scutirostrum,MLP_single_with_coords,spatial,True,0,0.29622013925783036,-59930.1265788042,6830667.09207023
138,1098,Calyptotis scutirostrum,MLP_single_with_coords,spatial,True,0,0.016512117735018126,-33656.1895879237,6831782.75910205
139,1106,Calyptotis scutirostrum,MLP_single_with_coords,spatial,True,0,0.6424743393193313,-60097.6324680274,6830057.84195886
140,1114,Calyptotis scutirostrum,MLP_single_with_coords,spatial,True,0,0.015624157910082183,-59480.1149542754,6829686.55327432
141,1122,Calyptotis scutirostrum,MLP_single_with_coords,spatial,True,0,0.07727282516262533,-59274.1159834863,6829696.39928037
142,1130,Calyptotis scutirostrum,MLP_single_with_coords,spatial,True,1,0.07010859864153762,-58470.0105331185,6829534.39062915
143,1138,Calyptotis scutirostrum,MLP_single_with_coords,spatial,True,1,0.0038465201925582866,-58067.8332822076,6829553.57641624
144,1146,Calyptotis scutirostrum,MLP_single_with_coords,spatial,True,0,1e-06,-35003.9025977263,6830519.3124224
145,1154,Calyptotis scutirostrum,MLP_single_with_coords,spatial,True,0,0.03220682377304636,-57852.3087704955,6829363.4472621
146,1162,Calyptotis scutirostrum,MLP_single_with_coords,spatial,True,0,1e-06,-34994.2569791634,6830308.29905931
147,1170,Calyptotis scutirostrum,MLP_single_with_coords,spatial,True,0,0.0800479349613252,-58647.1030221649,6829125.12230747
148,1178,Calyptotis scutirostrum,MLP_single_with_coords,spatial,True,1,0.013764502218080904,-59039.7148912014,6828905.9612443
149,1186,Calyptotis scutirostrum,MLP_single_with_coords,spatial,True,1,0.11487580355267882,-58039.2252902132,6828953.72338296
150,1194,Calyptotis scutirostrum,MLP_single_with_coords,spatial,True,0,1e-06,-34359.3605187094,6829747.4641776
151,1202,Calyptotis scutirostrum,MLP_single_with_coords,spatial,True,0,1e-06,-34751.7720567721,6829518.08321835
152,1210,Calyptotis scutirostrum,MLP_single_with_coords,spatial,True,0,0.0003580098409543469,-34733.497415081,6829118.26913623
153,1218,Calyptotis scutirostrum,MLP_single_with_coords,spatial,True,1,0.9530622104606334,-56158.084536112,6827640.49763384
154,1226,Calyptotis scutirostrum,MLP_single_with_coords,spatial,True,0,0.2603423526583264,-56718.2495163478,6826812.23539331
155,1234,Calyptotis scutirostrum,MLP_single_with_coords,spatial,True,0,0.1508605927064748,-59120.6295586857,6826486.03756181
156,1242,Calyptotis scutirostrum,MLP_single_with_coords,spatial,True,1,0.24751914231827338,-57101.2660895063,6826393.18209589
157,1250,Calyptotis scutirostrum,MLP_single_with_coords,spatial,True,1,0.7090225022879866,-57287.8605910979,6826183.88283365
158,1258,Calyptotis scutirostrum,MLP_single_with_coords,spatial,True,0,0.7248735125818252,-57091.7358988385,6826193.23264818
159,1266,Calyptotis scutirostrum,MLP_single_with_coords,spatial,True,0,0.8908126460373629,-57278.3264609204,6825983.9330077
160,1274,Calyptotis scutirostrum,MLP_single_with_coords,spatial,True,1,0.8439803944993975,-57082.2051583753,6825993.28319997
161,1282,Calyptotis scutirostrum,MLP_single_with_coords,spatial,True,0,0.76211172248112,-57053.0800449767,6825382.32654951
162,1290,Calyptotis scutirostrum,MLP_single_with_coords,spatial,True,0,0.05851447390245222,-57436.0274871426,6824963.25226147
163,1298,Calyptotis scutirostrum,MLP_single_with_coords,spatial,True,0,0.038440355701152076,-118090.3420558,6819503.16714623
164,1306,Calyptotis scutirostrum,MLP_single_with_coords,spatial,True,0,1e-06,-31234.0531967666,6823468.59821031
165,1314,Calyptotis scutirostrum,MLP_single_with_coords,spatial,True,0,0.29045292378232285,-116199.528148125,6817786.39841097
166,1322,Calyptotis scutirostrum,MLP_single_with_coords,spatial,True,1,0.0577903802100514,-115961.85299911,6817197.07567746
167,1330,Calyptotis scutirostrum,MLP_single_with_coords,spatial,True,0,0.051506641850094174,-115156.930903262,6817038.96223258
168,1338,Calyptotis scutirostrum,MLP_single_with_coords,spatial,True,0,0.5577145780339409,-114320.555073989,6816470.06822849
169,1346,Calyptotis scutirostrum,MLP_single_with_coords,spatial,True,0,0.0409291061873758,-108876.433782581,6816343.47520397
170,1354,Calyptotis scutirostrum,MLP_single_with_coords,spatial,True,0,0.022099371817532153,-109030.042605492,6815332.43919622
171,1362,Calyptotis scutirostrum,MLP_single_with_coords,spatial,True,0,1e-06,-27097.7448967228,6813229.19629307
172,1370,Calyptotis scutirostrum,MLP_single_with_coords,spatial,True,0,0.1785290417760466,-148834.228828815,6806479.17622519
173,1378,Calyptotis scutirostrum,MLP_single_with_coords,spatial,True,0,0.00017624130404979784,-26864.9515665186,6812638.8314962
174,1386,Calyptotis scutirostrum,MLP_single_with_coords,spatial,True,0,0.1120744521112377,-144171.518832433,6805913.46294023
175,1394,Calyptotis scutirostrum,MLP_single_with_coords,spatial,True,1,0.022201854822018335,-26614.0603685924,6811648.67695057
176,1402,Calyptotis scutirostrum,MLP_single_with_coords,spatial,True,0,0.22755609818453387,-146353.923264982,6805201.04834351
177,1410,Calyptotis scutirostrum,MLP_single_with_coords,spatial,True,0,0.03229786346660136,-26577.824176917,6810849.10035356
178,1418,Calyptotis scutirostrum,MLP_single_with_coords,spatial,True,0,0.009333102128393448,-152179.201074767,6801082.64226836
179,1426,Calyptotis scutirostrum,MLP_single_with_coords,spatial,True,0,0.02466973971977219,-158380.85988069,6800363.84186606
180,1434,Calyptotis scutirostrum,MLP_single_with_coords,spatial,True,0,1e-06,-29780.9705356891,6806663.75964171
181,1442,Calyptotis scutirostrum,MLP_single_with_coords,spatial,True,0,1e-06,-29379.7381757025,6806682.07694802
182,1450,Calyptotis scutirostrum,MLP_single_with_coords,spatial,True,0,0.015673150184667053,-155726.191227112,6799488.07056547
183,1458,Calyptotis scutirostrum,MLP_single_with_coords,spatial,True,0,1e-06,-29520.6964365395,6805473.74302288
184,1466,Calyptotis scutirostrum,MLP_single_with_coords,spatial,True,0,1e-06,-28317.1316235074,6805528.64452115
185,1474,Calyptotis scutirostrum,MLP_single_with_coords,spatial,True,0,0.01525932138634409,-154680.904774922,6798732.86570032
186,1482,Calyptotis scutirostrum,MLP_single_with_coords,spatial,True,0,1e-06,-29502.4373697368,6805073.94284487
187,1490,Calyptotis scutirostrum,MLP_single_with_coords,spatial,True,0,0.05876943434656105,-153649.192596345,6798389.56853004
188,1498,Calyptotis scutirostrum,MLP_single_with_coords,spatial,True,0,0.016089413217436843,-154245.287601219,6798155.10832232
189,1506,Calyptotis scutirostrum,MLP_single_with_coords,spatial,True,0,0.4114814716996228,-112502.967446529,6800471.69931174
190,1514,Calyptotis scutirostrum,MLP_single_with_coords,spatial,True,0,0.7159091170976861,-112492.387376251,6800271.63658075
191,1522,Calyptotis scutirostrum,MLP_single_with_coords,spatial,True,0,0.05739935556227285,-152408.241373254,6797645.26465756
192,1530,Calyptotis scutirostrum,MLP_single_with_coords,spatial,True,0,0.2698515759048681,-111862.768502251,6799691.91157671
193,1538,Calyptotis scutirostrum,MLP_single_with_coords,spatial,True,0,0.03149672383094197,-153796.263664079,6797165.36470106
194,1546,Calyptotis scutirostrum,MLP_single_with_coords,spatial,True,0,0.6437228007346268,-113057.133584369,6799439.25721174
195,1554,Calyptotis scutirostrum,MLP_single_with_coords,spatial,True,0,0.03330220526200849,-153177.628494992,6796999.50794559
196,1562,Calyptotis scutirostrum,MLP_single_with_coords,spatial,True,0,0.48864094348089665,-111841.623750466,6799291.78871934
197,1570,Calyptotis scutirostrum,MLP_single_with_coords,spatial,True,0,1e-06,-31200.4121417062,6802970.7749555
198,1578,Calyptotis scutirostrum,MLP_single_with_coords,spatial,True,0,0.2048771642081766,-111757.020588895,6797691.29771726
199,1586,Calyptotis scutirostrum,MLP_single_with_coords,spatial,True,0,0.7793308565361026,-111540.073845013,6797301.52655841
200,1594,Calyptotis scutirostrum,MLP_single_with_coords,spatial,True,0,0.00015513905656633692,-165917.840413128,6794142.17633504
201,1602,Calyptotis scutirostrum,MLP_single_with_coords,spatial,True,0,0.7476209914723275,-111724.493680147,6796890.5347694
202,1610,Calyptotis scutirostrum,MLP_single_with_coords,spatial,True,0,0.5551069029949073,-111508.34435778,6796701.34390328
203,1618,Calyptotis scutirostrum,MLP_single_with_coords,spatial,True,0,0.0021862660829238922,-165638.858103626,6792540.33884748
204,1626,Calyptotis scutirostrum,MLP_single_with_coords,spatial,True,0,0.15740425393018637,-111628.657553236,6795078.86889821
205,1634,Calyptotis scutirostrum,MLP_single_with_coords,spatial,True,0,0.09336604751117616,-111987.574051639,6794257.38010052
206,1642,Calyptotis scutirostrum,MLP_single_with_coords,spatial,True,0,0.04159183840599949,-111543.951324666,6793478.37953304
207,1650,Calyptotis scutirostrum,MLP_single_with_coords,spatial,True,0,0.0012489748416976984,-166932.442763671,6790267.55776097
208,1658,Calyptotis scutirostrum,MLP_single_with_coords,spatial,True,0,0.05933527229163903,-113333.176647029,6792982.26555712
209,1666,Calyptotis scutirostrum,MLP_single_with_coords,spatial,True,0,0.0803907587739091,-112530.721336831,6793024.84869485
210,1674,Calyptotis scutirostrum,MLP_single_with_coords,spatial,True,0,0.10093396645828985,-112129.496210697,6793046.11909854
211,1682,Calyptotis scutirostrum,MLP_single_with_coords,spatial,True,0,0.0016537132528103048,-164829.821681687,6788558.93776823
212,1690,Calyptotis scutirostrum,MLP_single_with_coords,spatial,True,0,0.0015773358125979592,-165023.878239824,6788346.91096964
213,1698,Calyptotis scutirostrum,MLP_single_with_coords,spatial,True,0,0.002061754065093274,-164391.455012656,6787769.669967
214,1706,Calyptotis scutirostrum,MLP_single_with_coords,spatial,True,0,0.0050990667397785945,-110822.113763642,6787074.42336939
215,1714,Calyptotis scutirostrum,MLP_single_with_coords,spatial,True,0,0.05684317559842526,-110616.719576928,6787085.30761186
216,1722,Calyptotis scutirostrum,MLP_single_with_coords,spatial,True,0,0.043718494604038635,-110020.100859829,6787116.90272986
217,1730,Calyptotis scutirostrum,MLP_single_with_coords,spatial,True,0,0.02657389965828022,-109413.705304275,6787148.98376259
218,1738,Calyptotis scutirostrum,MLP_single_with_coords,spatial,True,0,0.09114788465995045,-110779.695476226,6786274.18349996
219,1746,Calyptotis scutirostrum,MLP_single_with_coords,spatial,True,0,0.08424716797650023,-110346.917478988,6785695.25630047
220,1754,Calyptotis scutirostrum,MLP_single_with_coords,spatial,True,0,0.0403253751605142,-110140.731442662,6785505.55962449
221,1762,Calyptotis scutirostrum,MLP_single_with_coords,spatial,True,0,0.038663440733524894,-157491.757049911,6782687.30974027
222,1770,Calyptotis scutirostrum,MLP_single_with_coords,spatial,True,0,0.12674492706715554,-109512.656336634,6785126.43261431
223,1778,Calyptotis scutirostrum,MLP_single_with_coords,spatial,True,0,0.15248010275161927,-109707.419900115,6784915.50427338
224,1786,Calyptotis scutirostrum,MLP_single_with_coords,spatial,True,0,0.07868953830181427,-150843.666641707,6782630.05200801
225,1794,Calyptotis scutirostrum,MLP_single_with_coords,spatial,True,0,0.02901317885751018,-157628.595163146,6781474.60411432
226,1802,Calyptotis scutirostrum,MLP_single_with_coords,spatial,True,0,0.0632961272224646,-156768.616233883,6780508.50732801
227,1810,Calyptotis scutirostrum,MLP_single_with_coords,spatial,True,0,0.01216726940688604,-110619.113371872,6783061.59249324
228,1818,Calyptotis scutirostrum,MLP_single_with_coords,spatial,True,0,0.1537568939535119,-108593.63854256,6782767.65906175
229,1826,Calyptotis scutirostrum,MLP_single_with_coords,spatial,True,0,0.05868342352459786,-108377.162322395,6782567.34735566
230,1834,Calyptotis scutirostrum,MLP_single_with_coords,spatial,True,0,0.007418126004847641,-58637.6336775981,6785100.52209461
231,1842,Calyptotis scutirostrum,MLP_single_with_coords,spatial,True,0,0.005977813278065081,-107923.462038802,6781588.26422547
232,1850,Calyptotis scutirostrum,MLP_single_with_coords,spatial,True,0,0.059052888159093785,-154268.894705046,6778832.59399199
233,1858,Calyptotis scutirostrum,MLP_single_with_coords,spatial,True,0,0.009921112520105824,-151231.119203658,6778380.41797512
234,1866,Calyptotis scutirostrum,MLP_single_with_coords,spatial,True,0,0.002304270079866617,-150784.191440288,6777591.42724006
235,1874,Calyptotis scutirostrum,MLP_single_with_coords,spatial,True,0,0.0007481001092555937,-157053.44484427,6770228.31904544
236,1882,Calyptotis scutirostrum,MLP_single_with_coords,spatial,True,0,0.0010634196390887619,-157007.529503806,6769427.67794309
237,1890,Calyptotis scutirostrum,MLP_single_with_coords,spatial,True,0,0.0016854745581239606,-157601.945479142,6769192.74860327
238,1898,Calyptotis scutirostrum,MLP_single_with_coords,spatial,True,0,6.421890986083367e-06,-42631.6013249115,6774856.7836682
239,1906,Calyptotis scutirostrum,MLP_single_with_coords,spatial,True,0,1e-06,-42808.1790068126,6774247.29778187
240,1914,Calyptotis scutirostrum,MLP_single_with_coords,spatial,True,0,0.013279172122815645,-90697.5110841577,6771199.36165782
241,1922,Calyptotis scutirostrum,MLP_single_with_coords,spatial,True,0,0.012775986064092481,-89886.5465170286,6771040.60297007
242,1930,Calyptotis scutirostrum,MLP_single_with_coords,spatial,True,0,1e-06,-45884.998116622,6771685.40364584
243,1938,Calyptotis scutirostrum,MLP_single_with_coords,spatial,True,0,1e-06,-45846.3441318398,6770874.56187869
244,1946,Calyptotis scutirostrum,MLP_single_with_coords,spatial,True,0,1e-06,-46208.2545646069,6770055.74332879
245,1954,Calyptotis scutirostrum,MLP_single_with_coords,spatial,True,0,1e-06,-42736.9260770733,6769029.74166907
246,1962,Calyptotis scutirostrum,MLP_single_with_coords,spatial,True,0,1e-06,-42727.4414379179,6768829.81362177
247,1970,Calyptotis scutirostrum,MLP_single_with_coords,spatial,True,0,1e-06,-42717.9562631494,6768629.88557173
248,1978,Calyptotis scutirostrum,MLP_single_with_coords,spatial,True,0,0.01787367547375293,-139175.743651501,6763098.07298971
249,1986,Calyptotis scutirostrum,MLP_single_with_coords,spatial,True,0,0.08793177839644692,-138923.869162796,6762097.27372678
252,2010,Calyptotis scutirostrum,MLP_single_with_coords,spatial,True,0,1e-06,-43112.7372327422,6764592.40958821
254,2026,Calyptotis scutirostrum,MLP_single_with_coords,spatial,True,0,1e-06,-43678.7671977115,6763752.8151483
255,2034,Calyptotis scutirostrum,MLP_single_with_coords,spatial,True,0,0.0020146442392064965,-47276.750227819,6763369.40347618
106,843,Coeranoscincus reticulatus,MLP_single_with_coords,spatial,True,1,0.323009326741677,-147293.925634327,6831915.7941736
111,883,Coeranoscincus reticulatus,MLP_single_with_coords,spatial,True,0,0.6891496004732766,-146869.047423431,6831537.755626
122,971,Coeranoscincus reticulatus,MLP_single_with_coords,spatial,True,1,0.45563206049114263,-121930.447488692,6831783.7962185
125,995,Coeranoscincus reticulatus,MLP_single_with_coords,spatial,True,0,0.14841445095072134,-119100.196556909,6831521.23488212
126,1003,Coeranoscincus reticulatus,MLP_single_with_coords,spatial,True,0,0.12160034103465577,-122301.197680874,6831162.17696098
127,1011,Coeranoscincus reticulatus,MLP_single_with_coords,spatial,True,1,0.7965590958733662,-113069.978206809,6831626.51450922
128,1019,Coeranoscincus reticulatus,MLP_single_with_coords,spatial,True,0,0.9320921445345676,-110250.872026258,6831561.92472725
130,1035,Coeranoscincus reticulatus,MLP_single_with_coords,spatial,True,0,0.47211349086378657,-112831.744333792,6830836.54025889
132,1051,Coeranoscincus reticulatus,MLP_single_with_coords,spatial,True,0,0.03682870290180922,-105801.162580743,6831179.93507326
134,1067,Coeranoscincus reticulatus,MLP_single_with_coords,spatial,True,0,0.04576995616282509,-109785.840498241,6830382.55130941
135,1075,Coeranoscincus reticulatus,MLP_single_with_coords,spatial,True,0,1e-06,-60576.6608829403,6831437.80904093
136,1083,Coeranoscincus reticulatus,MLP_single_with_coords,spatial,True,0,1e-06,-62745.5415882464,6830732.52392328
137,1091,Coeranoscincus reticulatus,MLP_single_with_coords,spatial,True,0,3.02231504500435e-06,-59930.1265788042,6830667.09207023
138,1099,Coeranoscincus reticulatus,MLP_single_with_coords,spatial,True,0,1e-06,-33656.1895879237,6831782.75910205
139,1107,Coeranoscincus reticulatus,MLP_single_with_coords,spatial,True,0,5.830334273079849e-05,-60097.6324680274,6830057.84195886
140,1115,Coeranoscincus reticulatus,MLP_single_with_coords,spatial,True,0,3.7213007013771433e-06,-59480.1149542754,6829686.55327432
141,1123,Coeranoscincus reticulatus,MLP_single_with_coords,spatial,True,0,6.200426229938316e-06,-59274.1159834863,6829696.39928037
142,1131,Coeranoscincus reticulatus,MLP_single_with_coords,spatial,True,0,1e-06,-58470.0105331185,6829534.39062915
143,1139,Coeranoscincus reticulatus,MLP_single_with_coords,spatial,True,0,1e-06,-58067.8332822076,6829553.57641624
144,1147,Coeranoscincus reticulatus,MLP_single_with_coords,spatial,True,0,1e-06,-35003.9025977263,6830519.3124224
145,1155,Coeranoscincus reticulatus,MLP_single_with_coords,spatial,True,0,1e-06,-57852.3087704955,6829363.4472621
146,1163,Coeranoscincus reticulatus,MLP_single_with_coords,spatial,True,0,1e-06,-34994.2569791634,6830308.29905931
147,1171,Coeranoscincus reticulatus,MLP_single_with_coords,spatial,True,0,1e-06,-58647.1030221649,6829125.12230747
148,1179,Coeranoscincus reticulatus,MLP_single_with_coords,spatial,True,0,1e-06,-59039.7148912014,6828905.9612443
149,1187,Coeranoscincus reticulatus,MLP_single_with_coords,spatial,True,0,5.80725740258021e-06,-58039.2252902132,6828953.72338296
150,1195,Coeranoscincus reticulatus,MLP_single_with_coords,spatial,True,0,1e-06,-34359.3605187094,6829747.4641776
151,1203,Coeranoscincus reticulatus,MLP_single_with_coords,spatial,True,0,1e-06,-34751.7720567721,6829518.08321835
152,1211,Coeranoscincus reticulatus,MLP_single_with_coords,spatial,True,0,1e-06,-34733.497415081,6829118.26913623
153,1219,Coeranoscincus reticulatus,MLP_single_with_coords,spatial,True,0,1e-06,-56158.084536112,6827640.49763384
154,1227,Coeranoscincus reticulatus,MLP_single_with_coords,spatial,True,0,1e-06,-56718.2495163478,6826812.23539331
155,1235,Coeranoscincus reticulatus,MLP_single_with_coords,spatial,True,0,0.00021860878242532165,-59120.6295586857,6826486.03756181
156,1243,Coeranoscincus reticulatus,MLP_single_with_coords,spatial,True,0,1e-06,-57101.2660895063,6826393.18209589
157,1251,Coeranoscincus reticulatus,MLP_single_with_coords,spatial,True,0,1e-06,-57287.8605910979,6826183.88283365
158,1259,Coeranoscincus reticulatus,MLP_single_with_coords,spatial,True,0,1e-06,-57091.7358988385,6826193.23264818
159,1267,Coeranoscincus reticulatus,MLP_single_with_coords,spatial,True,0,1e-06,-57278.3264609204,6825983.9330077
160,1275,Coeranoscincus reticulatus,MLP_single_with_coords,spatial,True,0,1e-06,-57082.2051583753,6825993.28319997
161,1283,Coeranoscincus reticulatus,MLP_single_with_coords,spatial,True,0,1e-06,-57053.0800449767,6825382.32654951
162,1291,Coeranoscincus reticulatus,MLP_single_with_coords,spatial,True,0,1e-06,-57436.0274871426,6824963.25226147
163,1299,Coeranoscincus reticulatus,MLP_single_with_coords,spatial,True,1,0.10579496696939844,-118090.3420558,6819503.16714623
164,1307,Coeranoscincus reticulatus,MLP_single_with_coords,spatial,True,0,1e-06,-31234.0531967666,6823468.59821031
165,1315,Coeranoscincus reticulatus,MLP_single_with_coords,spatial,True,0,0.8419534496241865,-116199.528148125,6817786.39841097
166,1323,Coeranoscincus reticulatus,MLP_single_with_coords,spatial,True,0,0.17870342638424763,-115961.85299911,6817197.07567746
167,1331,Coeranoscincus reticulatus,MLP_single_with_coords,spatial,True,0,0.6056910606732132,-115156.930903262,6817038.96223258
168,1339,Coeranoscincus reticulatus,MLP_single_with_coords,spatial,True,0,0.25094220287803454,-114320.555073989,6816470.06822849
169,1347,Coeranoscincus reticulatus,MLP_single_with_coords,spatial,True,0,0.0934273819988642,-108876.433782581,6816343.47520397
170,1355,Coeranoscincus reticulatus,MLP_single_with_coords,spatial,True,1,0.02765272629138777,-109030.042605492,6815332.43919622
171,1363,Coeranoscincus reticulatus,MLP_single_with_coords,spatial,True,0,1e-06,-27097.7448967228,6813229.19629307
172,1371,Coeranoscincus reticulatus,MLP_single_with_coords,spatial,True,0,0.1385363067519447,-148834.228828815,6806479.17622519
173,1379,Coeranoscincus reticulatus,MLP_single_with_coords,spatial,True,0,1e-06,-26864.9515665186,6812638.8314962
174,1387,Coeranoscincus reticulatus,MLP_single_with_coords,spatial,True,0,0.21304028018475155,-144171.518832433,6805913.46294023
175,1395,Coeranoscincus reticulatus,MLP_single_with_coords,spatial,True,0,1e-06,-26614.0603685924,6811648.67695057
176,1403,Coeranoscincus reticulatus,MLP_single_with_coords,spatial,True,0,0.11846987351290526,-146353.923264982,6805201.04834351
177,1411,Coeranoscincus reticulatus,MLP_single_with_coords,spatial,True,0,1e-06,-26577.824176917,6810849.10035356
178,1419,Coeranoscincus reticulatus,MLP_single_with_coords,spatial,True,1,0.06143140438299448,-152179.201074767,6801082.64226836
179,1427,Coeranoscincus reticulatus,MLP_single_with_coords,spatial,True,1,0.7592559691172912,-158380.85988069,6800363.84186606
180,1435,Coeranoscincus reticulatus,MLP_single_with_coords,spatial,True,0,1e-06,-29780.9705356891,6806663.75964171
181,1443,Coeranoscincus reticulatus,MLP_single_with_coords,spatial,True,0,1e-06,-29379.7381757025,6806682.07694802
182,1451,Coeranoscincus reticulatus,MLP_single_with_coords,spatial,True,0,0.09519505899774414,-155726.191227112,6799488.07056547
183,1459,Coeranoscincus reticulatus,MLP_single_with_coords,spatial,True,0,1e-06,-29520.6964365395,6805473.74302288
184,1467,Coeranoscincus reticulatus,MLP_single_with_coords,spatial,True,0,1e-06,-28317.1316235074,6805528.64452115
185,1475,Coeranoscincus reticulatus,MLP_single_with_coords,spatial,True,1,0.07484254053180832,-154680.904774922,6798732.86570032
186,1483,Coeranoscincus reticulatus,MLP_single_with_coords,spatial,True,0,1e-06,-29502.4373697368,6805073.94284487
187,1491,Coeranoscincus reticulatus,MLP_single_with_coords,spatial,True,1,0.3029319359620673,-153649.192596345,6798389.56853004
188,1499,Coeranoscincus reticulatus,MLP_single_with_coords,spatial,True,1,0.06138136583400675,-154245.287601219,6798155.10832232
189,1507,Coeranoscincus reticulatus,MLP_single_with_coords,spatial,True,0,0.47674585492557164,-112502.967446529,6800471.69931174
190,1515,Coeranoscincus reticulatus,MLP_single_with_coords,spatial,True,1,0.29362250480912233,-112492.387376251,6800271.63658075
191,1523,Coeranoscincus reticulatus,MLP_single_with_coords,spatial,True,1,0.1573788961616535,-152408.241373254,6797645.26465756
192,1531,Coeranoscincus reticulatus,MLP_single_with_coords,spatial,True,1,0.16765045890416702,-111862.768502251,6799691.91157671
193,1539,Coeranoscincus reticulatus,MLP_single_with_coords,spatial,True,1,0.07394692916329368,-153796.263664079,6797165.36470106
194,1547,Coeranoscincus reticulatus,MLP_single_with_coords,spatial,True,1,0.2821273472372676,-113057.133584369,6799439.25721174
195,1555,Coeranoscincus reticulatus,MLP_single_with_coords,spatial,True,1,0.10543019258547259,-153177.628494992,6796999.50794559
196,1563,Coeranoscincus reticulatus,MLP_single_with_coords,spatial,True,1,0.3778505429141767,-111841.623750466,6799291.78871934
197,1571,Coeranoscincus reticulatus,MLP_single_with_coords,spatial,True,0,1e-06,-31200.4121417062,6802970.7749555
198,1579,Coeranoscincus reticulatus,MLP_single_with_coords,spatial,True,1,0.349748725979204,-111757.020588895,6797691.29771726
199,1587,Coeranoscincus reticulatus,MLP_single_with_coords,spatial,True,1,0.7905518927166371,-111540.073845013,6797301.52655841
200,1595,Coeranoscincus reticulatus,MLP_single_with_coords,spatial,True,1,0.6883575337760249,-165917.840413128,6794142.17633504
201,1603,Coeranoscincus reticulatus,MLP_single_with_coords,spatial,True,1,0.7750445095729471,-111724.493680147,6796890.5347694
202,1611,Coeranoscincus reticulatus,MLP_single_with_coords,spatial,True,1,0.21282066954941514,-111508.34435778,6796701.34390328
203,1619,Coeranoscincus reticulatus,MLP_single_with_coords,spatial,True,1,0.5295746873726463,-165638.858103626,6792540.33884748
204,1627,Coeranoscincus reticulatus,MLP_single_with_coords,spatial,True,0,0.382636699503075,-111628.657553236,6795078.86889821
205,1635,Coeranoscincus reticulatus,MLP_single_with_coords,spatial,True,0,0.4863438364538219,-111987.574051639,6794257.38010052
206,1643,Coeranoscincus reticulatus,MLP_single_with_coords,spatial,True,1,0.2114047006898168,-111543.951324666,6793478.37953304
207,1651,Coeranoscincus reticulatus,MLP_single_with_coords,spatial,True,1,0.011650941564324143,-166932.442763671,6790267.55776097
208,1659,Coeranoscincus reticulatus,MLP_single_with_coords,spatial,True,0,0.8137734811216001,-113333.176647029,6792982.26555712
209,1667,Coeranoscincus reticulatus,MLP_single_with_coords,spatial,True,1,0.13807177599212592,-112530.721336831,6793024.84869485
210,1675,Coeranoscincus reticulatus,MLP_single_with_coords,spatial,True,0,0.5515389943227554,-112129.496210697,6793046.11909854
211,1683,Coeranoscincus reticulatus,MLP_single_with_coords,spatial,True,1,0.01668017188091843,-164829.821681687,6788558.93776823
212,1691,Coeranoscincus reticulatus,MLP_single_with_coords,spatial,True,0,0.003878955446211169,-165023.878239824,6788346.91096964
213,1699,Coeranoscincus reticulatus,MLP_single_with_coords,spatial,True,1,0.0022051338191773715,-164391.455012656,6787769.669967
214,1707,Coeranoscincus reticulatus,MLP_single_with_coords,spatial,True,0,0.08462833663149295,-110822.113763642,6787074.42336939
215,1715,Coeranoscincus reticulatus,MLP_single_with_coords,spatial,True,0,0.9173987086922998,-110616.719576928,6787085.30761186
216,1723,Coeranoscincus reticulatus,MLP_single_with_coords,spatial,True,0,0.8984759223545632,-110020.100859829,6787116.90272986
217,1731,Coeranoscincus reticulatus,MLP_single_with_coords,spatial,True,1,0.2748734626163369,-109413.705304275,6787148.98376259
218,1739,Coeranoscincus reticulatus,MLP_single_with_coords,spatial,True,0,0.1330951994675116,-110779.695476226,6786274.18349996
219,1747,Coeranoscincus reticulatus,MLP_single_with_coords,spatial,True,0,0.27956721199529844,-110346.917478988,6785695.25630047
220,1755,Coeranoscincus reticulatus,MLP_single_with_coords,spatial,True,0,0.0843144668588169,-110140.731442662,6785505.55962449
221,1763,Coeranoscincus reticulatus,MLP_single_with_coords,spatial,True,1,0.8416713734775139,-157491.757049911,6782687.30974027
222,1771,Coeranoscincus reticulatus,MLP_single_with_coords,spatial,True,0,0.6180967849221249,-109512.656336634,6785126.43261431
223,1779,Coeranoscincus reticulatus,MLP_single_with_coords,spatial,True,0,0.9640312966429874,-109707.419900115,6784915.50427338
224,1787,Coeranoscincus reticulatus,MLP_single_with_coords,spatial,True,1,0.3507415579116811,-150843.666641707,6782630.05200801
225,1795,Coeranoscincus reticulatus,MLP_single_with_coords,spatial,True,1,0.2955082861307541,-157628.595163146,6781474.60411432
226,1803,Coeranoscincus reticulatus,MLP_single_with_coords,spatial,True,1,0.03742565163394875,-156768.616233883,6780508.50732801
227,1811,Coeranoscincus reticulatus,MLP_single_with_coords,spatial,True,0,0.08672781133984792,-110619.113371872,6783061.59249324
228,1819,Coeranoscincus reticulatus,MLP_single_with_coords,spatial,True,0,0.2739070248590669,-108593.63854256,6782767.65906175
229,1827,Coeranoscincus reticulatus,MLP_single_with_coords,spatial,True,1,0.837779817918409,-108377.162322395,6782567.34735566
230,1835,Coeranoscincus reticulatus,MLP_single_with_coords,spatial,True,0,5.3885935322836085e-05,-58637.6336775981,6785100.52209461
231,1843,Coeranoscincus reticulatus,MLP_single_with_coords,spatial,True,1,0.4632881887533413,-107923.462038802,6781588.26422547
232,1851,Coeranoscincus reticulatus,MLP_single_with_coords,spatial,True,0,0.02434175193135568,-154268.894705046,6778832.59399199
233,1859,Coeranoscincus reticulatus,MLP_single_with_coords,spatial,True,1,0.10172868522167963,-151231.119203658,6778380.41797512
234,1867,Coeranoscincus reticulatus,MLP_single_with_coords,spatial,True,0,0.9331794492443121,-150784.191440288,6777591.42724006
235,1875,Coeranoscincus reticulatus,MLP_single_with_coords,spatial,True,1,0.014075180610849525,-157053.44484427,6770228.31904544
236,1883,Coeranoscincus reticulatus,MLP_single_with_coords,spatial,True,1,0.010744057413094563,-157007.529503806,6769427.67794309
237,1891,Coeranoscincus reticulatus,MLP_single_with_coords,spatial,True,1,0.0005367129012612034,-157601.945479142,6769192.74860327
238,1899,Coeranoscincus reticulatus,MLP_single_with_coords,spatial,True,0,1e-06,-42631.6013249115,6774856.7836682
239,1907,Coeranoscincus reticulatus,MLP_single_with_coords,spatial,True,0,1e-06,-42808.1790068126,6774247.29778187
240,1915,Coeranoscincus reticulatus,MLP_single_with_coords,spatial,True,0,0.06881383744624273,-90697.5110841577,6771199.36165782
241,1923,Coeranoscincus reticulatus,MLP_single_with_coords,spatial,True,0,0.06065601320877195,-89886.5465170286,6771040.60297007
242,1931,Coeranoscincus reticulatus,MLP_single_with_coords,spatial,True,0,1e-06,-45884.998116622,6771685.40364584
243,1939,Coeranoscincus reticulatus,MLP_single_with_coords,spatial,True,0,1e-06,-45846.3441318398,6770874.56187869
244,1947,Coeranoscincus reticulatus,MLP_single_with_coords,spatial,True,0,1e-06,-46208.2545646069,6770055.74332879
245,1955,Coeranoscincus reticulatus,MLP_single_with_coords,spatial,True,0,1e-06,-42736.9260770733,6769029.74166907
246,1963,Coeranoscincus reticulatus,MLP_single_with_coords,spatial,True,0,1e-06,-42727.4414379179,6768829.81362177
247,1971,Coeranoscincus reticulatus,MLP_single_with_coords,spatial,True,0,1e-06,-42717.9562631494,6768629.88557173
248,1979,Coeranoscincus reticulatus,MLP_single_with_coords,spatial,True,0,0.3783959635240034,-139175.743651501,6763098.07298971
249,1987,Coeranoscincus reticulatus,MLP_single_with_coords,spatial,True,1,0.6663281200236049,-138923.869162796,6762097.27372678
252,2011,Coeranoscincus reticulatus,MLP_single_with_coords,spatial,True,0,1e-06,-43112.7372327422,6764592.40958821
254,2027,Coeranoscincus reticulatus,MLP_single_with_coords,spatial,True,0,1e-06,-43678.7671977115,6763752.8151483
255,2035,Coeranoscincus reticulatus,MLP_single_with_coords,spatial,True,0,0.0001911028541911318,-47276.750227819,6763369.40347618
106,844,Egernia mcpheei,MLP_single_with_coords,spatial,True,0,0.15559508078933357,-147293.925634327,6831915.7941736
111,884,Egernia mcpheei,MLP_single_with_coords,spatial,True,1,0.08276453214100098,-146869.047423431,6831537.755626
122,972,Egernia mcpheei,MLP_single_with_coords,spatial,True,0,0.020610466343683593,-121930.447488692,6831783.7962185
125,996,Egernia mcpheei,MLP_single_with_coords,spatial,True,0,0.009469157459585131,-119100.196556909,6831521.23488212
126,1004,Egernia mcpheei,MLP_single_with_coords,spatial,True,1,0.007595057692298601,-122301.197680874,6831162.17696098
127,1012,Egernia mcpheei,MLP_single_with_coords,spatial,True,0,0.019887158609226487,-113069.978206809,6831626.51450922
128,1020,Egernia mcpheei,MLP_single_with_coords,spatial,True,0,0.005558581456056625,-110250.872026258,6831561.92472725
130,1036,Egernia mcpheei,MLP_single_with_coords,spatial,True,0,0.019703009709794595,-112831.744333792,6830836.54025889
132,1052,Egernia mcpheei,MLP_single_with_coords,spatial,True,0,0.022715942095718467,-105801.162580743,6831179.93507326
134,1068,Egernia mcpheei,MLP_single_with_coords,spatial,True,0,0.03564007519158241,-109785.840498241,6830382.55130941
135,1076,Egernia mcpheei,MLP_single_with_coords,spatial,True,0,0.011658902702912827,-60576.6608829403,6831437.80904093
136,1084,Egernia mcpheei,MLP_single_with_coords,spatial,True,0,0.00048045420604146845,-62745.5415882464,6830732.52392328
137,1092,Egernia mcpheei,MLP_single_with_coords,spatial,True,0,0.00041965701353794077,-59930.1265788042,6830667.09207023
138,1100,Egernia mcpheei,MLP_single_with_coords,spatial,True,0,0.019222376191092464,-33656.1895879237,6831782.75910205
139,1108,Egernia mcpheei,MLP_single_with_coords,spatial,True,0,0.01700983482903643,-60097.6324680274,6830057.84195886
140,1116,Egernia mcpheei,MLP_single_with_coords,spatial,True,0,0.007524326815731794,-59480.1149542754,6829686.55327432
141,1124,Egernia mcpheei,MLP_single_with_coords,spatial,True,0,0.005959520771420583,-59274.1159834863,6829696.39928037
142,1132,Egernia mcpheei,MLP_single_with_coords,spatial,True,0,0.0006517588113136367,-58470.0105331185,6829534.39062915
143,1140,Egernia mcpheei,MLP_single_with_coords,spatial,True,0,0.0003591401916136366,-58067.8332822076,6829553.57641624
144,1148,Egernia mcpheei,MLP_single_with_coords,spatial,True,0,5.0271066340179966e-05,-35003.9025977263,6830519.3124224
145,1156,Egernia mcpheei,MLP_single_with_coords,spatial,True,0,0.008840930905913239,-57852.3087704955,6829363.4472621
146,1164,Egernia mcpheei,MLP_single_with_coords,spatial,True,0,0.0001970920671325299,-34994.2569791634,6830308.29905931
147,1172,Egernia mcpheei,MLP_single_with_coords,spatial,True,0,0.02437845688170142,-58647.1030221649,6829125.12230747
148,1180,Egernia mcpheei,MLP_single_with_coords,spatial,True,1,0.015480626136687745,-59039.7148912014,6828905.9612443
149,1188,Egernia mcpheei,MLP_single_with_coords,spatial,True,0,0.039507363972770874,-58039.2252902132,6828953.72338296
150,1196,Egernia mcpheei,MLP_single_with_coords,spatial,True,0,0.0005402107950688442,-34359.3605187094,6829747.4641776
151,1204,Egernia mcpheei,MLP_single_with_coords,spatial,True,0,0.0005427420489006336,-34751.7720567721,6829518.08321835
152,1212,Egernia mcpheei,MLP_single_with_coords,spatial,True,0,0.0025123971870125122,-34733.497415081,6829118.26913623
153,1220,Egernia mcpheei,MLP_single_with_coords,spatial,True,0,0.12991618733419844,-56158.084536112,6827640.49763384
154,1228,Egernia mcpheei,MLP_single_with_coords,spatial,True,0,0.011792577589277937,-56718.2495163478,6826812.23539331
155,1236,Egernia mcpheei,MLP_single_with_coords,spatial,True,0,0.014951595713701438,-59120.6295586857,6826486.03756181
156,1244,Egernia mcpheei,MLP_single_with_coords,spatial,True,0,0.03739068723992665,-57101.2660895063,6826393.18209589
157,1252,Egernia mcpheei,MLP_single_with_coords,spatial,True,0,0.12605568910805695,-57287.8605910979,6826183.88283365
158,1260,Egernia mcpheei,MLP_single_with_coords,spatial,True,0,0.11416576430368613,-57091.7358988385,6826193.23264818
159,1268,Egernia mcpheei,MLP_single_with_coords,spatial,True,0,0.1754117915769567,-57278.3264609204,6825983.9330077
160,1276,Egernia mcpheei,MLP_single_with_coords,spatial,True,0,0.1257299903657461,-57082.2051583753,6825993.28319997
161,1284,Egernia mcpheei,MLP_single_with_coords,spatial,True,0,0.11526794568368828,-57053.0800449767,6825382.32654951
162,1292,Egernia mcpheei,MLP_single_with_coords,spatial,True,0,0.005639076927149328,-57436.0274871426,6824963.25226147
163,1300,Egernia mcpheei,MLP_single_with_coords,spatial,True,0,0.008979915145727432,-118090.3420558,6819503.16714623
164,1308,Egernia mcpheei,MLP_single_with_coords,spatial,True,0,0.0005345183303624671,-31234.0531967666,6823468.59821031
165,1316,Egernia mcpheei,MLP_single_with_coords,spatial,True,0,0.025227539916386887,-116199.528148125,6817786.39841097
166,1324,Egernia mcpheei,MLP_single_with_coords,spatial,True,0,0.00642550434149263,-115961.85299911,6817197.07567746
167,1332,Egernia mcpheei,MLP_single_with_coords,spatial,True,0,0.02239345274009108,-115156.930903262,6817038.96223258
168,1340,Egernia mcpheei,MLP_single_with_coords,spatial,True,0,0.026450587099958026,-114320.555073989,6816470.06822849
169,1348,Egernia mcpheei,MLP_single_with_coords,spatial,True,0,0.005467778254297017,-108876.433782581,6816343.47520397
170,1356,Egernia mcpheei,MLP_single_with_coords,spatial,True,0,0.005007796387752032,-109030.042605492,6815332.43919622
171,1364,Egernia mcpheei,MLP_single_with_coords,spatial,True,0,0.0005348486640540927,-27097.7448967228,6813229.19629307
172,1372,Egernia mcpheei,MLP_single_with_coords,spatial,True,0,0.004256068386808796,-148834.228828815,6806479.17622519
173,1380,Egernia mcpheei,MLP_single_with_coords,spatial,True,0,0.0015071671955809013,-26864.9515665186,6812638.8314962
174,1388,Egernia mcpheei,MLP_single_with_coords,spatial,True,0,0.005588705130588614,-144171.518832433,6805913.46294023
175,1396,Egernia mcpheei,MLP_single_with_coords,spatial,True,0,0.016889958498267178,-26614.0603685924,6811648.67695057
176,1404,Egernia mcpheei,MLP_single_with_coords,spatial,True,0,0.004739700984501856,-146353.923264982,6805201.04834351
177,1412,Egernia mcpheei,MLP_single_with_coords,spatial,True,0,0.019917124518460384,-26577.824176917,6810849.10035356
178,1420,Egernia mcpheei,MLP_single_with_coords,spatial,True,0,0.004978430268704777,-152179.201074767,6801082.64226836
179,1428,Egernia mcpheei,MLP_single_with_coords,spatial,True,0,0.0027687241149533964,-158380.85988069,6800363.84186606
180,1436,Egernia mcpheei,MLP_single_with_coords,spatial,True,0,0.0006440130995809733,-29780.9705356891,6806663.75964171
181,1444,Egernia mcpheei,MLP_single_with_coords,spatial,True,0,0.0006296048419867033,-29379.7381757025,6806682.07694802
182,1452,Egernia mcpheei,MLP_single_with_coords,spatial,True,0,0.012191011900099365,-155726.191227112,6799488.07056547
183,1460,Egernia mcpheei,MLP_single_with_coords,spatial,True,0,0.0005513528364265051,-29520.6964365395,6805473.74302288
184,1468,Egernia mcpheei,MLP_single_with_coords,spatial,True,0,0.0005906596062844752,-28317.1316235074,6805528.64452115
185,1476,Egernia mcpheei,MLP_single_with_coords,spatial,True,0,0.011213098834115061,-154680.904774922,6798732.86570032
186,1484,Egernia mcpheei,MLP_single_with_coords,spatial,True,0,0.0006137583602345866,-29502.4373697368,6805073.94284487
187,1492,Egernia mcpheei,MLP_single_with_coords,spatial,True,0,0.014499370765873152,-153649.192596345,6798389.56853004
188,1500,Egernia mcpheei,MLP_single_with_coords,spatial,True,0,0.007820669566240609,-154245.287601219,6798155.10832232
189,1508,Egernia mcpheei,MLP_single_with_coords,spatial,True,0,0.04772053543484247,-112502.967446529,6800471.69931174
190,1516,Egernia mcpheei,MLP_single_with_coords,spatial,True,0,0.10424673240102067,-112492.387376251,6800271.63658075
191,1524,Egernia mcpheei,MLP_single_with_coords,spatial,True,0,0.0174485153928337,-152408.241373254,6797645.26465756
192,1532,Egernia mcpheei,MLP_single_with_coords,spatial,True,0,0.08396531798844864,-111862.768502251,6799691.91157671
193,1540,Egernia mcpheei,MLP_single_with_coords,spatial,True,0,0.011874823326089122,-153796.263664079,6797165.36470106
194,1548,Egernia mcpheei,MLP_single_with_coords,spatial,True,0,0.09775426693681855,-113057.133584369,6799439.25721174
195,1556,Egernia mcpheei,MLP_single_with_coords,spatial,True,0,0.008126762279037877,-153177.628494992,6796999.50794559
196,1564,Egernia mcpheei,MLP_single_with_coords,spatial,True,1,0.05366817716142468,-111841.623750466,6799291.78871934
197,1572,Egernia mcpheei,MLP_single_with_coords,spatial,True,0,0.0002123177875939531,-31200.4121417062,6802970.7749555
198,1580,Egernia mcpheei,MLP_single_with_coords,spatial,True,0,0.013177006362188173,-111757.020588895,6797691.29771726
199,1588,Egernia mcpheei,MLP_single_with_coords,spatial,True,1,0.17157826202692691,-111540.073845013,6797301.52655841
200,1596,Egernia mcpheei,MLP_single_with_coords,spatial,True,0,0.000627314045113624,-165917.840413128,6794142.17633504
201,1604,Egernia mcpheei,MLP_single_with_coords,spatial,True,0,0.16413011981355158,-111724.493680147,6796890.5347694
202,1612,Egernia mcpheei,MLP_single_with_coords,spatial,True,0,0.11151499781777854,-111508.34435778,6796701.34390328
203,1620,Egernia mcpheei,MLP_single_with_coords,spatial,True,0,0.0010116769541154659,-165638.858103626,6792540.33884748
204,1628,Egernia mcpheei,MLP_single_with_coords,spatial,True,0,0.0182587493633389,-111628.657553236,6795078.86889821
205,1636,Egernia mcpheei,MLP_single_with_coords,spatial,True,0,0.007286783877328371,-111987.574051639,6794257.38010052
206,1644,Egernia mcpheei,MLP_single_with_coords,spatial,True,0,0.007717873585453015,-111543.951324666,6793478.37953304
207,1652,Egernia mcpheei,MLP_single_with_coords,spatial,True,0,0.001011474616295102,-166932.442763671,6790267.55776097
208,1660,Egernia mcpheei,MLP_single_with_coords,spatial,True,0,0.004811443167258052,-113333.176647029,6792982.26555712
209,1668,Egernia mcpheei,MLP_single_with_coords,spatial,True,0,0.006975143242456212,-112530.721336831,6793024.84869485
210,1676,Egernia mcpheei,MLP_single_with_coords,spatial,True,0,0.006110870936127954,-112129.496210697,6793046.11909854
211,1684,Egernia mcpheei,MLP_single_with_coords,spatial,True,0,0.0013057889304454683,-164829.821681687,6788558.93776823
212,1692,Egernia mcpheei,MLP_single_with_coords,spatial,True,0,0.0013106707028624255,-165023.878239824,6788346.91096964
213,1700,Egernia mcpheei,MLP_single_with_coords,spatial,True,0,0.0013151428057210834,-164391.455012656,6787769.669967
214,1708,Egernia mcpheei,MLP_single_with_coords,spatial,True,0,0.0011461279797743754,-110822.113763642,6787074.42336939
215,1716,Egernia mcpheei,MLP_single_with_coords,spatial,True,0,0.006861573985794376,-110616.719576928,6787085.30761186
216,1724,Egernia mcpheei,MLP_single_with_coords,spatial,True,0,0.004636935436302428,-110020.100859829,6787116.90272986
217,1732,Egernia mcpheei,MLP_single_with_coords,spatial,True,0,0.014092603215861432,-109413.705304275,6787148.98376259
218,1740,Egernia mcpheei,MLP_single_with_coords,spatial,True,0,0.0020777360572714135,-110779.695476226,6786274.18349996
219,1748,Egernia mcpheei,MLP_single_with_coords,spatial,True,0,0.013163589944776604,-110346.917478988,6785695.25630047
220,1756,Egernia mcpheei,MLP_single_with_coords,spatial,True,1,0.0019045423504837227,-110140.731442662,6785505.55962449
221,1764,Egernia mcpheei,MLP_single_with_coords,spatial,True,0,0.014091077369650344,-157491.757049911,6782687.30974027
222,1772,Egernia mcpheei,MLP_single_with_coords,spatial,True,0,0.05051471323913621,-109512.656336634,6785126.43261431
223,1780,Egernia mcpheei,MLP_single_with_coords,spatial,True,0,0.006097119134009356,-109707.419900115,6784915.50427338
224,1788,Egernia mcpheei,MLP_single_with_coords,spatial,True,0,0.025183548845228023,-150843.666641707,6782630.05200801
225,1796,Egernia mcpheei,MLP_single_with_coords,spatial,True,0,0.0075842759621334264,-157628.595163146,6781474.60411432
226,1804,Egernia mcpheei,MLP_single_with_coords,spatial,True,0,0.0076836513544518035,-156768.616233883,6780508.50732801
227,1812,Egernia mcpheei,MLP_single_with_coords,spatial,True,0,0.020989310856931776,-110619.113371872,6783061.59249324
228,1820,Egernia mcpheei,MLP_single_with_coords,spatial,True,0,0.008185198317384533,-108593.63854256,6782767.65906175
229,1828,Egernia mcpheei,MLP_single_with_coords,spatial,True,0,0.004554775488362688,-108377.162322395,6782567.34735566
230,1836,Egernia mcpheei,MLP_single_with_coords,spatial,True,0,0.012501598429673666,-58637.6336775981,6785100.52209461
231,1844,Egernia mcpheei,MLP_single_with_coords,spatial,True,0,0.0037476353176139304,-107923.462038802,6781588.26422547
232,1852,Egernia mcpheei,MLP_single_with_coords,spatial,True,0,0.00825274438203795,-154268.894705046,6778832.59399199
233,1860,Egernia mcpheei,MLP_single_with_coords,spatial,True,0,0.010060242834962761,-151231.119203658,6778380.41797512
234,1868,Egernia mcpheei,MLP_single_with_coords,spatial,True,0,0.011058354973040781,-150784.191440288,6777591.42724006
235,1876,Egernia mcpheei,MLP_single_with_coords,spatial,True,0,0.0017148234436016579,-157053.44484427,6770228.31904544
236,1884,Egernia mcpheei,MLP_single_with_coords,spatial,True,0,0.0015469063262529624,-157007.529503806,6769427.67794309
237,1892,Egernia mcpheei,MLP_single_with_coords,spatial,True,0,0.0010136351206958764,-157601.945479142,6769192.74860327
238,1900,Egernia mcpheei,MLP_single_with_coords,spatial,True,0,0.0037431504134620556,-42631.6013249115,6774856.7836682
239,1908,Egernia mcpheei,MLP_single_with_coords,spatial,True,0,0.0017982392947518706,-42808.1790068126,6774247.29778187
240,1916,Egernia mcpheei,MLP_single_with_coords,spatial,True,0,0.003786083062364156,-90697.5110841577,6771199.36165782
241,1924,Egernia mcpheei,MLP_single_with_coords,spatial,True,0,0.003728014345656532,-89886.5465170286,6771040.60297007
242,1932,Egernia mcpheei,MLP_single_with_coords,spatial,True,0,0.0020950680523031135,-45884.998116622,6771685.40364584
243,1940,Egernia mcpheei,MLP_single_with_coords,spatial,True,0,0.0020616678554448557,-45846.3441318398,6770874.56187869
244,1948,Egernia mcpheei,MLP_single_with_coords,spatial,True,0,0.0021291001806957367,-46208.2545646069,6770055.74332879
245,1956,Egernia mcpheei,MLP_single_with_coords,spatial,True,0,0.001836801413018717,-42736.9260770733,6769029.74166907
246,1964,Egernia mcpheei,MLP_single_with_coords,spatial,True,0,0.000916765261549249,-42727.4414379179,6768829.81362177
247,1972,Egernia mcpheei,MLP_single_with_coords,spatial,True,0,0.0008997450962714113,-42717.9562631494,6768629.88557173
248,1980,Egernia mcpheei,MLP_single_with_coords,spatial,True,0,0.01828082800803028,-139175.743651501,6763098.07298971
249,1988,Egernia mcpheei,MLP_single_with_coords,spatial,True,0,0.03194721284814379,-138923.869162796,6762097.27372678
252,2012,Egernia mcpheei,MLP_single_with_coords,spatial,True,0,0.0022560448142821808,-43112.7372327422,6764592.40958821
254,2028,Egernia mcpheei,MLP_single_with_coords,spatial,True,0,0.0026325449398581016,-43678.7671977115,6763752.8151483
255,2036,Egernia mcpheei,MLP_single_with_coords,spatial,True,0,0.00522385659476128,-47276.750227819,6763369.40347618
106,845,Eulamprus murrayi,MLP_single_with_coords,spatial,True,0,0.0029916682133207073,-147293.925634327,6831915.7941736
111,885,Eulamprus murrayi,MLP_single_with_coords,spatial,True,0,0.003411017556602329,-146869.047423431,6831537.755626
122,973,Eulamprus murrayi,MLP_single_with_coords,spatial,True,0,0.027750044587567614,-121930.447488692,6831783.7962185
125,997,Eulamprus murrayi,MLP_single_with_coords,spatial,True,0,0.013374035346612557,-119100.196556909,6831521.23488212
126,1005,Eulamprus murrayi,MLP_single_with_coords,spatial,True,0,0.009242258327804924,-122301.197680874,6831162.17696098
127,1013,Eulamprus murrayi,MLP_single_with_coords,spatial,True,0,0.039143447168780106,-113069.978206809,6831626.51450922
128,1021,Eulamprus murrayi,MLP_single_with_coords,spatial,True,0,0.03062663581709262,-110250.872026258,6831561.92472725
130,1037,Eulamprus murrayi,MLP_single_with_coords,spatial,True,0,0.026060196930762676,-112831.744333792,6830836.54025889
132,1053,Eulamprus murrayi,MLP_single_with_coords,spatial,True,0,0.002136757489115079,-105801.162580743,6831179.93507326
134,1069,Eulamprus murrayi,MLP_single_with_coords,spatial,True,0,0.0038675587076477526,-109785.840498241,6830382.55130941
135,1077,Eulamprus murrayi,MLP_single_with_coords,spatial,True,0,0.007367980054805786,-60576.6608829403,6831437.80904093
136,1085,Eulamprus murrayi,MLP_single_with_coords,spatial,True,0,0.003310758243519203,-62745.5415882464,6830732.52392328
137,1093,Eulamprus murrayi,MLP_single_with_coords,spatial,True,0,0.018970084962159454,-59930.1265788042,6830667.09207023
138,1101,Eulamprus murrayi,MLP_single_with_coords,spatial,True,0,0.0017894758969047944,-33656.1895879237,6831782.75910205
139,1109,Eulamprus murrayi,MLP_single_with_coords,spatial,True,0,0.004595699614568789,-60097.6324680274,6830057.84195886
140,1117,Eulamprus murrayi,MLP_single_with_coords,spatial,True,0,0.012897755357422745,-59480.1149542754,6829686.55327432
141,1125,Eulamprus murrayi,MLP_single_with_coords,spatial,True,0,0.01410419056403558,-59274.1159834863,6829696.39928037
142,1133,Eulamprus murrayi,MLP_single_with_coords,spatial,True,0,0.0037051781780929934,-58470.0105331185,6829534.39062915
143,1141,Eulamprus murrayi,MLP_single_with_coords,spatial,True,0,0.002336404825067388,-58067.8332822076,6829553.57641624
144,1149,Eulamprus murrayi,MLP_single_with_coords,spatial,True,0,0.0002563894519237044,-35003.9025977263,6830519.3124224
145,1157,Eulamprus murrayi,MLP_single_with_coords,spatial,True,0,0.0028889214738932914,-57852.3087704955,6829363.4472621
146,1165,Eulamprus murrayi,MLP_single_with_coords,spatial,True,0,0.000303304953083333,-34994.2569791634,6830308.29905931
147,1173,Eulamprus murrayi,MLP_single_with_coords,spatial,True,0,0.0029550865955924877,-58647.1030221649,6829125.12230747
148,1181,Eulamprus murrayi,MLP_single_with_coords,spatial,True,0,0.003286396990010136,-59039.7148912014,6828905.9612443
149,1189,Eulamprus murrayi,MLP_single_with_coords,spatial,True,0,0.007990940715403004,-58039.2252902132,6828953.72338296
150,1197,Eulamprus murrayi,MLP_single_with_coords,spatial,True,0,0.0003496558811280641,-34359.3605187094,6829747.4641776
151,1205,Eulamprus murrayi,MLP_single_with_coords,spatial,True,0,0.0003416693869457302,-34751.7720567721,6829518.08321835
152,1213,Eulamprus murrayi,MLP_single_with_coords,spatial,True,0,0.002176622562899647,-34733.497415081,6829118.26913623
153,1221,Eulamprus murrayi,MLP_single_with_coords,spatial,True,0,0.00135208914370035,-56158.084536112,6827640.49763384
154,1229,Eulamprus murrayi,MLP_single_with_coords,spatial,True,0,0.002942886926173391,-56718.2495163478,6826812.23539331
155,1237,Eulamprus murrayi,MLP_single_with_coords,spatial,True,0,0.005723909336189551,-59120.6295586857,6826486.03756181
156,1245,Eulamprus murrayi,MLP_single_with_coords,spatial,True,0,0.007053089512199248,-57101.2660895063,6826393.18209589
157,1253,Eulamprus murrayi,MLP_single_with_coords,spatial,True,0,0.0006822507391831946,-57287.8605910979,6826183.88283365
158,1261,Eulamprus murrayi,MLP_single_with_coords,spatial,True,0,0.0007280655729656813,-57091.7358988385,6826193.23264818
159,1269,Eulamprus murrayi,MLP_single_with_coords,spatial,True,0,0.0009296843310104889,-57278.3264609204,6825983.9330077
160,1277,Eulamprus murrayi,MLP_single_with_coords,spatial,True,0,0.0010445332467949192,-57082.2051583753,6825993.28319997
161,1285,Eulamprus murrayi,MLP_single_with_coords,spatial,True,0,0.0009157664910616882,-57053.0800449767,6825382.32654951
162,1293,Eulamprus murrayi,MLP_single_with_coords,spatial,True,0,0.001966366408383635,-57436.0274871426,6824963.25226147
163,1301,Eulamprus murrayi,MLP_single_with_coords,spatial,True,0,0.009233606350016731,-118090.3420558,6819503.16714623
164,1309,Eulamprus murrayi,MLP_single_with_coords,spatial,True,0,0.00032531284173692183,-31234.0531967666,6823468.59821031
165,1317,Eulamprus murrayi,MLP_single_with_coords,spatial,True,0,0.05469315349378039,-116199.528148125,6817786.39841097
166,1325,Eulamprus murrayi,MLP_single_with_coords,spatial,True,0,0.04364615502516405,-115961.85299911,6817197.07567746
167,1333,Eulamprus murrayi,MLP_single_with_coords,spatial,True,0,0.01359647766816864,-115156.930903262,6817038.96223258
168,1341,Eulamprus murrayi,MLP_single_with_coords,spatial,True,0,0.0020213399399901114,-114320.555073989,6816470.06822849
169,1349,Eulamprus murrayi,MLP_single_with_coords,spatial,True,0,0.00997118977463073,-108876.433782581,6816343.47520397
170,1357,Eulamprus murrayi,MLP_single_with_coords,spatial,True,0,0.008005158224309982,-109030.042605492,6815332.43919622
171,1365,Eulamprus murrayi,MLP_single_with_coords,spatial,True,0,0.00028808275003575697,-27097.7448967228,6813229.19629307
172,1373,Eulamprus murrayi,MLP_single_with_coords,spatial,True,0,0.010687411938774417,-148834.228828815,6806479.17622519
173,1381,Eulamprus murrayi,MLP_single_with_coords,spatial,True,0,0.0026842105392182146,-26864.9515665186,6812638.8314962
174,1389,Eulamprus murrayi,MLP_single_with_coords,spatial,True,0,0.029973875149417867,-144171.518832433,6805913.46294023
175,1397,Eulamprus murrayi,MLP_single_with_coords,spatial,True,0,0.005183161402728306,-26614.0603685924,6811648.67695057
176,1405,Eulamprus murrayi,MLP_single_with_coords,spatial,True,0,0.010365565263039452,-146353.923264982,6805201.04834351
177,1413,Eulamprus murrayi,MLP_single_with_coords,spatial,True,0,0.005185031219444686,-26577.824176917,6810849.10035356
178,1421,Eulamprus murrayi,MLP_single_with_coords,spatial,True,0,0.03874730557167135,-152179.201074767,6801082.64226836
179,1429,Eulamprus murrayi,MLP_single_with_coords,spatial,True,0,0.005877583794370822,-158380.85988069,6800363.84186606
180,1437,Eulamprus murrayi,MLP_single_with_coords,spatial,True,0,0.00033695421873678805,-29780.9705356891,6806663.75964171
181,1445,Eulamprus murrayi,MLP_single_with_coords,spatial,True,0,0.00034145408916781217,-29379.7381757025,6806682.07694802
182,1453,Eulamprus murrayi,MLP_single_with_coords,spatial,True,0,0.039638772046251596,-155726.191227112,6799488.07056547
183,1461,Eulamprus murrayi,MLP_single_with_coords,spatial,True,0,0.00029475589891718397,-29520.6964365395,6805473.74302288
184,1469,Eulamprus murrayi,MLP_single_with_coords,spatial,True,0,0.00031411545946970676,-28317.1316235074,6805528.64452115
185,1477,Eulamprus murrayi,MLP_single_with_coords,spatial,True,0,0.03733785910861572,-154680.904774922,6798732.86570032
186,1485,Eulamprus murrayi,MLP_single_with_coords,spatial,True,0,0.0003301912994783739,-29502.4373697368,6805073.94284487
187,1493,Eulamprus murrayi,MLP_single_with_coords,spatial,True,0,0.027482818683237303,-153649.192596345,6798389.56853004
188,1501,Eulamprus murrayi,MLP_single_with_coords,spatial,True,0,0.042853167608404734,-154245.287601219,6798155.10832232
189,1509,Eulamprus murrayi,MLP_single_with_coords,spatial,True,0,0.0017881482493417341,-112502.967446529,6800471.69931174
190,1517,Eulamprus murrayi,MLP_single_with_coords,spatial,True,0,0.0024728224247511283,-112492.387376251,6800271.63658075
191,1525,Eulamprus murrayi,MLP_single_with_coords,spatial,True,0,0.029466974279823192,-152408.241373254,6797645.26465756
192,1533,Eulamprus murrayi,MLP_single_with_coords,spatial,True,0,0.003291754734037938,-111862.768502251,6799691.91157671
193,1541,Eulamprus murrayi,MLP_single_with_coords,spatial,True,0,0.032646103478315855,-153796.263664079,6797165.36470106
194,1549,Eulamprus murrayi,MLP_single_with_coords,spatial,True,0,0.0023937205060290886,-113057.133584369,6799439.25721174
195,1557,Eulamprus murrayi,MLP_single_with_coords,spatial,True,0,0.018905163864663784,-153177.628494992,6796999.50794559
196,1565,Eulamprus murrayi,MLP_single_with_coords,spatial,True,0,0.0017576701740857393,-111841.623750466,6799291.78871934
197,1573,Eulamprus murrayi,MLP_single_with_coords,spatial,True,0,0.0002561410676709228,-31200.4121417062,6802970.7749555
198,1581,Eulamprus murrayi,MLP_single_with_coords,spatial,True,0,0.0011663043660010094,-111757.020588895,6797691.29771726
199,1589,Eulamprus murrayi,MLP_single_with_coords,spatial,True,0,0.003817243033464385,-111540.073845013,6797301.52655841
200,1597,Eulamprus murrayi,MLP_single_with_coords,spatial,True,0,0.009635883034539066,-165917.840413128,6794142.17633504
201,1605,Eulamprus murrayi,MLP_single_with_coords,spatial,True,0,0.0032425585995411272,-111724.493680147,6796890.5347694
202,1613,Eulamprus murrayi,MLP_single_with_coords,spatial,True,0,0.0020368672204394097,-111508.34435778,6796701.34390328
203,1621,Eulamprus murrayi,MLP_single_with_coords,spatial,True,0,0.004611409095284577,-165638.858103626,6792540.33884748
204,1629,Eulamprus murrayi,MLP_single_with_coords,spatial,True,0,0.025089552595410684,-111628.657553236,6795078.86889821
205,1637,Eulamprus murrayi,MLP_single_with_coords,spatial,True,0,0.013043127593221356,-111987.574051639,6794257.38010052
206,1645,Eulamprus murrayi,MLP_single_with_coords,spatial,True,0,0.011221195975675847,-111543.951324666,6793478.37953304
207,1653,Eulamprus murrayi,MLP_single_with_coords,spatial,True,0,0.0064495472310243974,-166932.442763671,6790267.55776097
208,1661,Eulamprus murrayi,MLP_single_with_coords,spatial,True,0,0.011046413037534794,-113333.176647029,6792982.26555712
209,1669,Eulamprus murrayi,MLP_single_with_coords,spatial,True,0,0.011178307536903841,-112530.721336831,6793024.84869485
210,1677,Eulamprus murrayi,MLP_single_with_coords,spatial,True,0,0.012886082024592871,-112129.496210697,6793046.11909854
211,1685,Eulamprus murrayi,MLP_single_with_coords,spatial,True,0,0.006270099729828014,-164829.821681687,6788558.93776823
212,1693,Eulamprus murrayi,MLP_single_with_coords,spatial,True,0,0.0063904873000607135,-165023.878239824,6788346.91096964
213,1701,Eulamprus murrayi,MLP_single_with_coords,spatial,True,0,0.007627333759885372,-164391.455012656,6787769.669967
214,1709,Eulamprus murrayi,MLP_single_with_coords,spatial,True,0,0.0019109470235083293,-110822.113763642,6787074.42336939
215,1717,Eulamprus murrayi,MLP_single_with_coords,spatial,True,0,0.01304200744355184,-110616.719576928,6787085.30761186
216,1725,Eulamprus murrayi,MLP_single_with_coords,spatial,True,0,0.014851886415103302,-110020.100859829,6787116.90272986
217,1733,Eulamprus murrayi,MLP_single_with_coords,spatial,True,0,0.010842429150778453,-109413.705304275,6787148.98376259
218,1741,Eulamprus murrayi,MLP_single_with_coords,spatial,True,0,0.003987707702825226,-110779.695476226,6786274.18349996
219,1749,Eulamprus murrayi,MLP_single_with_coords,spatial,True,0,0.03480185552181643,-110346.917478988,6785695.25630047
220,1757,Eulamprus murrayi,MLP_single_with_coords,spatial,True,0,0.003124627885044933,-110140.731442662,6785505.55962449
221,1765,Eulamprus murrayi,MLP_single_with_coords,spatial,True,0,0.01066491752645578,-157491.757049911,6782687.30974027
222,1773,Eulamprus murrayi,MLP_single_with_coords,spatial,True,0,0.0032195494438594253,-109512.656336634,6785126.43261431
223,1781,Eulamprus murrayi,MLP_single_with_coords,spatial,True,0,0.0009738007098871904,-109707.419900115,6784915.50427338
224,1789,Eulamprus murrayi,MLP_single_with_coords,spatial,True,0,0.034008872286999385,-150843.666641707,6782630.05200801
225,1797,Eulamprus murrayi,MLP_single_with_coords,spatial,True,0,0.01272973806690537,-157628.595163146,6781474.60411432
226,1805,Eulamprus murrayi,MLP_single_with_coords,spatial,True,0,0.019383591716033165,-156768.616233883,6780508.50732801
227,1813,Eulamprus murrayi,MLP_single_with_coords,spatial,True,0,0.009748471031454521,-110619.113371872,6783061.59249324
228,1821,Eulamprus murrayi,MLP_single_with_coords,spatial,True,0,0.015026681513104219,-108593.63854256,6782767.65906175
229,1829,Eulamprus murrayi,MLP_single_with_coords,spatial,True,0,0.010318001541447486,-108377.162322395,6782567.34735566
230,1837,Eulamprus murrayi,MLP_single_with_coords,spatial,True,0,0.0008956259845279884,-58637.6336775981,6785100.52209461
231,1845,Eulamprus murrayi,MLP_single_with_coords,spatial,True,0,0.0073865842486074,-107923.462038802,6781588.26422547
232,1853,Eulamprus murrayi,MLP_single_with_coords,spatial,True,0,0.016033767276188198,-154268.894705046,6778832.59399199
233,1861,Eulamprus murrayi,MLP_single_with_coords,spatial,True,0,0.009081227527241477,-151231.119203658,6778380.41797512
234,1869,Eulamprus murrayi,MLP_single_with_coords,spatial,True,0,0.021891751805753427,-150784.191440288,6777591.42724006
235,1877,Eulamprus murrayi,MLP_single_with_coords,spatial,True,0,0.005941890815566242,-157053.44484427,6770228.31904544
236,1885,Eulamprus murrayi,MLP_single_with_coords,spatial,True,0,0.0064831512858194735,-157007.529503806,6769427.67794309
237,1893,Eulamprus murrayi,MLP_single_with_coords,spatial,True,0,0.007471673588787266,-157601.945479142,6769192.74860327
238,1901,Eulamprus murrayi,MLP_single_with_coords,spatial,True,0,0.0011980643493490935,-42631.6013249115,6774856.7836682
239,1909,Eulamprus murrayi,MLP_single_with_coords,spatial,True,0,0.0005593330725354246,-42808.1790068126,6774247.29778187
240,1917,Eulamprus murrayi,MLP_single_with_coords,spatial,True,0,0.004713686535225004,-90697.5110841577,6771199.36165782
241,1925,Eulamprus murrayi,MLP_single_with_coords,spatial,True,0,0.004514381154515153,-89886.5465170286,6771040.60297007
242,1933,Eulamprus murrayi,MLP_single_with_coords,spatial,True,0,0.0006462017431019968,-45884.998116622,6771685.40364584
243,1941,Eulamprus murrayi,MLP_single_with_coords,spatial,True,0,0.0006661192621900836,-45846.3441318398,6770874.56187869
244,1949,Eulamprus murrayi,MLP_single_with_coords,spatial,True,0,0.0006576889543599491,-46208.2545646069,6770055.74332879
245,1957,Eulamprus murrayi,MLP_single_with_coords,spatial,True,0,0.0005992188769971339,-42736.9260770733,6769029.74166907
246,1965,Eulamprus murrayi,MLP_single_with_coords,spatial,True,0,0.00043612261076165295,-42727.4414379179,6768829.81362177
247,1973,Eulamprus murrayi,MLP_single_with_coords,spatial,True,0,0.0004449544416342051,-42717.9562631494,6768629.88557173
248,1981,Eulamprus murrayi,MLP_single_with_coords,spatial,True,0,0.06665485155157556,-139175.743651501,6763098.07298971
249,1989,Eulamprus murrayi,MLP_single_with_coords,spatial,True,0,0.039820849850340886,-138923.869162796,6762097.27372678
252,2013,Eulamprus murrayi,MLP_single_with_coords,spatial,True,0,0.000696034207514931,-43112.7372327422,6764592.40958821
254,2029,Eulamprus murrayi,MLP_single_with_coords,spatial,True,0,0.000769735978368755,-43678.7671977115,6763752.8151483
255,2037,Eulamprus murrayi,MLP_single_with_coords,spatial,True,0,0.004747061121372091,-47276.750227819,6763369.40347618
106,846,Ophioscincus truncatus,MLP_single_with_coords,spatial,True,0,0.009754110429488129,-147293.925634327,6831915.7941736
111,886,Ophioscincus truncatus,MLP_single_with_coords,spatial,True,0,0.00918974255045156,-146869.047423431,6831537.755626
122,974,Ophioscincus truncatus,MLP_single_with_coords,spatial,True,1,0.12742900885152583,-121930.447488692,6831783.7962185
125,998,Ophioscincus truncatus,MLP_single_with_coords,spatial,True,0,0.10421653651212137,-119100.196556909,6831521.23488212
126,1006,Ophioscincus truncatus,MLP_single_with_coords,spatial,True,0,0.24482857083044088,-122301.197680874,6831162.17696098
127,1014,Ophioscincus truncatus,MLP_single_with_coords,spatial,True,0,0.5907469607613195,-113069.978206809,6831626.51450922
128,1022,Ophioscincus truncatus,MLP_single_with_coords,spatial,True,0,0.9950648449903177,-110250.872026258,6831561.92472725
130,1038,Ophioscincus truncatus,MLP_single_with_coords,spatial,True,0,0.052551527244608515,-112831.744333792,6830836.54025889
132,1054,Ophioscincus truncatus,MLP_single_with_coords,spatial,True,0,0.09597261950829568,-105801.162580743,6831179.93507326
134,1070,Ophioscincus truncatus,MLP_single_with_coords,spatial,True,0,0.7761426876694011,-109785.840498241,6830382.55130941
135,1078,Ophioscincus truncatus,MLP_single_with_coords,spatial,True,1,0.45091996790891115,-60576.6608829403,6831437.80904093
136,1086,Ophioscincus truncatus,MLP_single_with_coords,spatial,True,1,0.028348222451751545,-62745.5415882464,6830732.52392328
137,1094,Ophioscincus truncatus,MLP_single_with_coords,spatial,True,0,0.07745954316133347,-59930.1265788042,6830667.09207023
138,1102,Ophioscincus truncatus,MLP_single_with_coords,spatial,True,0,0.007729772265064021,-33656.1895879237,6831782.75910205
139,1110,Ophioscincus truncatus,MLP_single_with_coords,spatial,True,1,0.5883865016992407,-60097.6324680274,6830057.84195886
140,1118,Ophioscincus truncatus,MLP_single_with_coords,spatial,True,0,0.05376259723144942,-59480.1149542754,6829686.55327432
141,1126,Ophioscincus truncatus,MLP_single_with_coords,spatial,True,0,0.12865684144537637,-59274.1159834863,6829696.39928037
142,1134,Ophioscincus truncatus,MLP_single_with_coords,spatial,True,0,0.047417437305927894,-58470.0105331185,6829534.39062915
143,1142,Ophioscincus truncatus,MLP_single_with_coords,spatial,True,0,0.007241808205731351,-58067.8332822076,6829553.57641624
144,1150,Ophioscincus truncatus,MLP_single_with_coords,spatial,True,0,0.08507217643291486,-35003.9025977263,6830519.3124224
145,1158,Ophioscincus truncatus,MLP_single_with_coords,spatial,True,0,0.4865436977694975,-57852.3087704955,6829363.4472621
146,1166,Ophioscincus truncatus,MLP_single_with_coords,spatial,True,0,0.021815854102976318,-34994.2569791634,6830308.29905931
147,1174,Ophioscincus truncatus,MLP_single_with_coords,spatial,True,1,0.8929180585318819,-58647.1030221649,6829125.12230747
148,1182,Ophioscincus truncatus,MLP_single_with_coords,spatial,True,1,0.7509511954626974,-59039.7148912014,6828905.9612443
149,1190,Ophioscincus truncatus,MLP_single_with_coords,spatial,True,0,0.8783167954556637,-58039.2252902132,6828953.72338296
150,1198,Ophioscincus truncatus,MLP_single_with_coords,spatial,True,0,0.009102647414204084,-34359.3605187094,6829747.4641776
151,1206,Ophioscincus truncatus,MLP_single_with_coords,spatial,True,0,0.011039051171069963,-34751.7720567721,6829518.08321835
152,1214,Ophioscincus truncatus,MLP_single_with_coords,spatial,True,0,0.0021042029700636226,-34733.497415081,6829118.26913623
153,1222,Ophioscincus truncatus,MLP_single_with_coords,spatial,True,1,0.9760639670307071,-56158.084536112,6827640.49763384
154,1230,Ophioscincus truncatus,MLP_single_with_coords,spatial,True,1,0.7367058345128015,-56718.2495163478,6826812.23539331
155,1238,Ophioscincus truncatus,MLP_single_with_coords,spatial,True,0,0.99152542596368,-59120.6295586857,6826486.03756181
156,1246,Ophioscincus truncatus,MLP_single_with_coords,spatial,True,0,0.7252040239140553,-57101.2660895063,6826393.18209589
157,1254,Ophioscincus truncatus,MLP_single_with_coords,spatial,True,0,0.9904215363206351,-57287.8605910979,6826183.88283365
158,1262,Ophioscincus truncatus,MLP_single_with_coords,spatial,True,1,0.9804428326349635,-57091.7358988385,6826193.23264818
159,1270,Ophioscincus truncatus,MLP_single_with_coords,spatial,True,1,0.9886926058783335,-57278.3264609204,6825983.9330077
160,1278,Ophioscincus truncatus,MLP_single_with_coords,spatial,True,0,0.9652087354852196,-57082.2051583753,6825993.28319997
161,1286,Ophioscincus truncatus,MLP_single_with_coords,spatial,True,1,0.9649501667543082,-57053.0800449767,6825382.32654951
162,1294,Ophioscincus truncatus,MLP_single_with_coords,spatial,True,1,0.9849709530293669,-57436.0274871426,6824963.25226147
163,1302,Ophioscincus truncatus,MLP_single_with_coords,spatial,True,0,0.32724980551709576,-118090.3420558,6819503.16714623
164,1310,Ophioscincus truncatus,MLP_single_with_coords,spatial,True,0,0.007996661349284302,-31234.0531967666,6823468.59821031
165,1318,Ophioscincus truncatus,MLP_single_with_coords,spatial,True,0,0.6967261992055296,-116199.528148125,6817786.39841097
166,1326,Ophioscincus truncatus,MLP_single_with_coords,spatial,True,0,0.048093694616738895,-115961.85299911,6817197.07567746
167,1334,Ophioscincus truncatus,MLP_single_with_coords,spatial,True,0,0.46983364186649984,-115156.930903262,6817038.96223258
168,1342,Ophioscincus truncatus,MLP_single_with_coords,spatial,True,0,0.328633714495738,-114320.555073989,6816470.06822849
169,1350,Ophioscincus truncatus,MLP_single_with_coords,spatial,True,0,0.00030912172289248284,-108876.433782581,6816343.47520397
170,1358,Ophioscincus truncatus,MLP_single_with_coords,spatial,True,0,0.006490752631611679,-109030.042605492,6815332.43919622
171,1366,Ophioscincus truncatus,MLP_single_with_coords,spatial,True,0,0.008185046934156344,-27097.7448967228,6813229.19629307
172,1374,Ophioscincus truncatus,MLP_single_with_coords,spatial,True,0,0.008427131611223186,-148834.228828815,6806479.17622519
173,1382,Ophioscincus truncatus,MLP_single_with_coords,spatial,True,0,0.00018480190883456556,-26864.9515665186,6812638.8314962
174,1390,Ophioscincus truncatus,MLP_single_with_coords,spatial,True,0,0.003676976394397325,-144171.518832433,6805913.46294023
175,1398,Ophioscincus truncatus,MLP_single_with_coords,spatial,True,0,0.0001305274737651796,-26614.0603685924,6811648.67695057
176,1406,Ophioscincus truncatus,MLP_single_with_coords,spatial,True,0,0.007699698508716915,-146353.923264982,6805201.04834351
177,1414,Ophioscincus truncatus,MLP_single_with_coords,spatial,True,0,0.00038529638660834205,-26577.824176917,6810849.10035356
178,1422,Ophioscincus truncatus,MLP_single_with_coords,spatial,True,0,0.057008882131162446,-152179.201074767,6801082.64226836
179,1430,Ophioscincus truncatus,MLP_single_with_coords,spatial,True,0,0.2695814418348942,-158380.85988069,6800363.84186606
180,1438,Ophioscincus truncatus,MLP_single_with_coords,spatial,True,0,0.003147995745851731,-29780.9705356891,6806663.75964171
181,1446,Ophioscincus truncatus,MLP_single_with_coords,spatial,True,0,0.002836889806586858,-29379.7381757025,6806682.07694802
182,1454,Ophioscincus truncatus,MLP_single_with_coords,spatial,True,0,0.029259339344626174,-155726.191227112,6799488.07056547
183,1462,Ophioscincus truncatus,MLP_single_with_coords,spatial,True,0,0.004244314216162462,-29520.6964365395,6805473.74302288
184,1470,Ophioscincus truncatus,MLP_single_with_coords,spatial,True,0,0.0024308860394266327,-28317.1316235074,6805528.64452115
185,1478,Ophioscincus truncatus,MLP_single_with_coords,spatial,True,0,0.014469192634470801,-154680.904774922,6798732.86570032
186,1486,Ophioscincus truncatus,MLP_single_with_coords,spatial,True,0,0.0027306050332315014,-29502.4373697368,6805073.94284487
187,1494,Ophioscincus truncatus,MLP_single_with_coords,spatial,True,0,0.04222302056117809,-153649.192596345,6798389.56853004
188,1502,Ophioscincus truncatus,MLP_single_with_coords,spatial,True,0,0.0034039607666385852,-154245.287601219,6798155.10832232
189,1510,Ophioscincus truncatus,MLP_single_with_coords,spatial,True,0,0.04724170894102444,-112502.967446529,6800471.69931174
190,1518,Ophioscincus truncatus,MLP_single_with_coords,spatial,True,0,0.2002270781626396,-112492.387376251,6800271.63658075
191,1526,Ophioscincus truncatus,MLP_single_with_coords,spatial,True,0,0.017789491193908536,-152408.241373254,6797645.26465756
192,1534,Ophioscincus truncatus,MLP_single_with_coords,spatial,True,0,0.06150204671131728,-111862.768502251,6799691.91157671
193,1542,Ophioscincus truncatus,MLP_single_with_coords,spatial,True,0,0.0017842944380868193,-153796.263664079,6797165.36470106
194,1550,Ophioscincus truncatus,MLP_single_with_coords,spatial,True,0,0.15047257340605802,-113057.133584369,6799439.25721174
195,1558,Ophioscincus truncatus,MLP_single_with_coords,spatial,True,0,0.06852371955142134,-153177.628494992,6796999.50794559
196,1566,Ophioscincus truncatus,MLP_single_with_coords,spatial,True,0,0.06715623469191487,-111841.623750466,6799291.78871934
197,1574,Ophioscincus truncatus,MLP_single_with_coords,spatial,True,0,0.009294333115210602,-31200.4121417062,6802970.7749555
198,1582,Ophioscincus truncatus,MLP_single_with_coords,spatial,True,0,0.08105765710792219,-111757.020588895,6797691.29771726
199,1590,Ophioscincus truncatus,MLP_single_with_coords,spatial,True,0,0.4209373081553316,-111540.073845013,6797301.52655841
200,1598,Ophioscincus truncatus,MLP_single_with_coords,spatial,True,0,0.03194332138468703,-165917.840413128,6794142.17633504
201,1606,Ophioscincus truncatus,MLP_single_with_coords,spatial,True,0,0.35007044382377495,-111724.493680147,6796890.5347694
202,1614,Ophioscincus truncatus,MLP_single_with_coords,spatial,True,0,0.10718070718807382,-111508.34435778,6796701.34390328
203,1622,Ophioscincus truncatus,MLP_single_with_coords,spatial,True,0,0.19269891306359357,-165638.858103626,6792540.33884748
204,1630,Ophioscincus truncatus,MLP_single_with_coords,spatial,True,0,0.000865014057394891,-111628.657553236,6795078.86889821
205,1638,Ophioscincus truncatus,MLP_single_with_coords,spatial,True,0,0.002210675357626737,-111987.574051639,6794257.38010052
206,1646,Ophioscincus truncatus,MLP_single_with_coords,spatial,True,0,0.002473861736323271,-111543.951324666,6793478.37953304
207,1654,Ophioscincus truncatus,MLP_single_with_coords,spatial,True,0,0.04137785695568015,-166932.442763671,6790267.55776097
208,1662,Ophioscincus truncatus,MLP_single_with_coords,spatial,True,0,0.012787396873362505,-113333.176647029,6792982.26555712
209,1670,Ophioscincus truncatus,MLP_single_with_coords,spatial,True,0,0.0032574913617550976,-112530.721336831,6793024.84869485
210,1678,Ophioscincus truncatus,MLP_single_with_coords,spatial,True,0,0.0010057439554600166,-112129.496210697,6793046.11909854
211,1686,Ophioscincus truncatus,MLP_single_with_coords,spatial,True,0,0.098160640199072,-164829.821681687,6788558.93776823
212,1694,Ophioscincus truncatus,MLP_single_with_coords,spatial,True,0,0.07520356830912936,-165023.878239824,6788346.91096964
213,1702,Ophioscincus truncatus,MLP_single_with_coords,spatial,True,0,0.09523776931123826,-164391.455012656,6787769.669967
214,1710,Ophioscincus truncatus,MLP_single_with_coords,spatial,True,0,0.3254436947178772,-110822.113763642,6787074.42336939
215,1718,Ophioscincus truncatus,MLP_single_with_coords,spatial,True,0,0.06771717557600207,-110616.719576928,6787085.30761186
216,1726,Ophioscincus truncatus,MLP_single_with_coords,spatial,True,0,0.048493447425949035,-110020.100859829,6787116.90272986
217,1734,Ophioscincus truncatus,MLP_single_with_coords,spatial,True,0,0.00048484421021730966,-109413.705304275,6787148.98376259
218,1742,Ophioscincus truncatus,MLP_single_with_coords,spatial,True,0,0.0031639446789287376,-110779.695476226,6786274.18349996
219,1750,Ophioscincus truncatus,MLP_single_with_coords,spatial,True,0,0.0003431017445525621,-110346.917478988,6785695.25630047
220,1758,Ophioscincus truncatus,MLP_single_with_coords,spatial,True,0,0.05950696725837908,-110140.731442662,6785505.55962449
221,1766,Ophioscincus truncatus,MLP_single_with_coords,spatial,True,0,0.20805101947919866,-157491.757049911,6782687.30974027
222,1774,Ophioscincus truncatus,MLP_single_with_coords,spatial,True,0,0.12843834102709573,-109512.656336634,6785126.43261431
223,1782,Ophioscincus truncatus,MLP_single_with_coords,spatial,True,0,0.015086294960575185,-109707.419900115,6784915.50427338
224,1790,Ophioscincus truncatus,MLP_single_with_coords,spatial,True,0,0.052778207565362265,-150843.666641707,6782630.05200801
225,1798,Ophioscincus truncatus,MLP_single_with_coords,spatial,True,0,0.12258816276979975,-157628.595163146,6781474.60411432
226,1806,Ophioscincus truncatus,MLP_single_with_coords,spatial,True,0,0.03003142583258943,-156768.616233883,6780508.50732801
227,1814,Ophioscincus truncatus,MLP_single_with_coords,spatial,True,0,0.0077993338177477604,-110619.113371872,6783061.59249324
228,1822,Ophioscincus truncatus,MLP_single_with_coords,spatial,True,0,0.00030126798538228805,-108593.63854256,6782767.65906175
229,1830,Ophioscincus truncatus,MLP_single_with_coords,spatial,True,0,0.003131129542326692,-108377.162322395,6782567.34735566
230,1838,Ophioscincus truncatus,MLP_single_with_coords,spatial,True,0,0.000284467965859055,-58637.6336775981,6785100.52209461
231,1846,Ophioscincus truncatus,MLP_single_with_coords,spatial,True,0,0.0014279115555686762,-107923.462038802,6781588.26422547
232,1854,Ophioscincus truncatus,MLP_single_with_coords,spatial,True,0,0.056276212024363836,-154268.894705046,6778832.59399199
233,1862,Ophioscincus truncatus,MLP_single_with_coords,spatial,True,0,0.4087151942594943,-151231.119203658,6778380.41797512
234,1870,Ophioscincus truncatus,MLP_single_with_coords,spatial,True,0,0.15699827565114968,-150784.191440288,6777591.42724006
235,1878,Ophioscincus truncatus,MLP_single_with_coords,spatial,True,0,0.09766079804002668,-157053.44484427,6770228.31904544
236,1886,Ophioscincus truncatus,MLP_single_with_coords,spatial,True,0,0.07122838692353936,-157007.529503806,6769427.67794309
237,1894,Ophioscincus truncatus,MLP_single_with_coords,spatial,True,0,0.19474242777069908,-157601.945479142,6769192.74860327
238,1902,Ophioscincus truncatus,MLP_single_with_coords,spatial,True,0,0.0013625100675316477,-42631.6013249115,6774856.7836682
239,1910,Ophioscincus truncatus,MLP_single_with_coords,spatial,True,0,0.0015257600213107196,-42808.1790068126,6774247.29778187
240,1918,Ophioscincus truncatus,MLP_single_with_coords,spatial,True,0,1.8975395309149476e-05,-90697.5110841577,6771199.36165782
241,1926,Ophioscincus truncatus,MLP_single_with_coords,spatial,True,0,1.841724192137532e-05,-89886.5465170286,6771040.60297007
242,1934,Ophioscincus truncatus,MLP_single_with_coords,spatial,True,0,0.0017398835467765386,-45884.998116622,6771685.40364584
243,1942,Ophioscincus truncatus,MLP_single_with_coords,spatial,True,0,0.001386176840356012,-45846.3441318398,6770874.56187869
244,1950,Ophioscincus truncatus,MLP_single_with_coords,spatial,True,0,0.001804186446670469,-46208.2545646069,6770055.74332879
245,1958,Ophioscincus truncatus,MLP_single_with_coords,spatial,True,0,0.0011633947631627443,-42736.9260770733,6769029.74166907
246,1966,Ophioscincus truncatus,MLP_single_with_coords,spatial,True,0,0.003833042764351105,-42727.4414379179,6768829.81362177
247,1974,Ophioscincus truncatus,MLP_single_with_coords,spatial,True,0,0.0035452461577913843,-42717.9562631494,6768629.88557173
248,1982,Ophioscincus truncatus,MLP_single_with_coords,spatial,True,0,0.21142521747998222,-139175.743651501,6763098.07298971
249,1990,Ophioscincus truncatus,MLP_single_with_coords,spatial,True,1,0.07807666082467941,-138923.869162796,6762097.27372678
252,2014,Ophioscincus truncatus,MLP_single_with_coords,spatial,True,0,0.001898885060280882,-43112.7372327422,6764592.40958821
254,2030,Ophioscincus truncatus,MLP_single_with_coords,spatial,True,0,0.002570845930781556,-43678.7671977115,6763752.8151483
255,2038,Ophioscincus truncatus,MLP_single_with_coords,spatial,True,0,0.00021889873073488404,-47276.750227819,6763369.40347618
106,847,Pseudechis porphyricaus,MLP_single_with_coords,spatial,True,0,1e-06,-147293.925634327,6831915.7941736
111,887,Pseudechis porphyricaus,MLP_single_with_coords,spatial,True,0,1e-06,-146869.047423431,6831537.755626
122,975,Pseudechis porphyricaus,MLP_single_with_coords,spatial,True,0,0.003175100317670502,-121930.447488692,6831783.7962185
125,999,Pseudechis porphyricaus,MLP_single_with_coords,spatial,True,0,0.006132625696307881,-119100.196556909,6831521.23488212
126,1007,Pseudechis porphyricaus,MLP_single_with_coords,spatial,True,0,0.006152761476420686,-122301.197680874,6831162.17696098
127,1015,Pseudechis porphyricaus,MLP_single_with_coords,spatial,True,0,0.0017366967580156975,-113069.978206809,6831626.51450922
128,1023,Pseudechis porphyricaus,MLP_single_with_coords,spatial,True,0,3.3671039130526466e-05,-110250.872026258,6831561.92472725
130,1039,Pseudechis porphyricaus,MLP_single_with_coords,spatial,True,0,0.0027616393428789186,-112831.744333792,6830836.54025889
132,1055,Pseudechis porphyricaus,MLP_single_with_coords,spatial,True,0,1e-06,-105801.162580743,6831179.93507326
134,1071,Pseudechis porphyricaus,MLP_single_with_coords,spatial,True,0,1e-06,-109785.840498241,6830382.55130941
135,1079,Pseudechis porphyricaus,MLP_single_with_coords,spatial,True,0,1e-06,-60576.6608829403,6831437.80904093
136,1087,Pseudechis porphyricaus,MLP_single_with_coords,spatial,True,0,1e-06,-62745.5415882464,6830732.52392328
137,1095,Pseudechis porphyricaus,MLP_single_with_coords,spatial,True,0,1e-06,-59930.1265788042,6830667.09207023
138,1103,Pseudechis porphyricaus,MLP_single_with_coords,spatial,True,0,1e-06,-33656.1895879237,6831782.75910205
139,1111,Pseudechis porphyricaus,MLP_single_with_coords,spatial,True,0,1e-06,-60097.6324680274,6830057.84195886
140,1119,Pseudechis porphyricaus,MLP_single_with_coords,spatial,True,0,1.0242626026209427e-05,-59480.1149542754,6829686.55327432
141,1127,Pseudechis porphyricaus,MLP_single_with_coords,spatial,True,0,6.79593210265011e-06,-59274.1159834863,6829696.39928037
142,1135,Pseudechis porphyricaus,MLP_single_with_coords,spatial,True,0,1e-06,-58470.0105331185,6829534.39062915
143,1143,Pseudechis porphyricaus,MLP_single_with_coords,spatial,True,0,1e-06,-58067.8332822076,6829553.57641624
144,1151,Pseudechis porphyricaus,MLP_single_with_coords,spatial,True,0,0.012960648294464383,-35003.9025977263,6830519.3124224
145,1159,Pseudechis porphyricaus,MLP_single_with_coords,spatial,True,0,1e-06,-57852.3087704955,6829363.4472621
146,1167,Pseudechis porphyricaus,MLP_single_with_coords,spatial,True,0,0.012859556989267364,-34994.2569791634,6830308.29905931
147,1175,Pseudechis porphyricaus,MLP_single_with_coords,spatial,True,0,1e-06,-58647.1030221649,6829125.12230747
148,1183,Pseudechis porphyricaus,MLP_single_with_coords,spatial,True,0,1e-06,-59039.7148912014,6828905.9612443
149,1191,Pseudechis porphyricaus,MLP_single_with_coords,spatial,True,0,1e-06,-58039.2252902132,6828953.72338296
150,1199,Pseudechis porphyricaus,MLP_single_with_coords,spatial,True,0,0.00272183201893677,-34359.3605187094,6829747.4641776
151,1207,Pseudechis porphyricaus,MLP_single_with_coords,spatial,True,0,0.002814043751626945,-34751.7720567721,6829518.08321835
152,1215,Pseudechis porphyricaus,MLP_single_with_coords,spatial,True,0,0.002681488627580566,-34733.497415081,6829118.26913623
153,1223,Pseudechis porphyricaus,MLP_single_with_coords,spatial,True,0,1e-06,-56158.084536112,6827640.49763384
154,1231,Pseudechis porphyricaus,MLP_single_with_coords,spatial,True,0,1e-06,-56718.2495163478,6826812.23539331
155,1239,Pseudechis porphyricaus,MLP_single_with_coords,spatial,True,0,1e-06,-59120.6295586857,6826486.03756181
156,1247,Pseudechis porphyricaus,MLP_single_with_coords,spatial,True,0,0.00010655850957803819,-57101.2660895063,6826393.18209589
157,1255,Pseudechis porphyricaus,MLP_single_with_coords,spatial,True,0,1e-06,-57287.8605910979,6826183.88283365
158,1263,Pseudechis porphyricaus,MLP_single_with_coords,spatial,True,0,1e-06,-57091.7358988385,6826193.23264818
159,1271,Pseudechis porphyricaus,MLP_single_with_coords,spatial,True,0,1e-06,-57278.3264609204,6825983.9330077
160,1279,Pseudechis porphyricaus,MLP_single_with_coords,spatial,True,0,1e-06,-57082.2051583753,6825993.28319997
161,1287,Pseudechis porphyricaus,MLP_single_with_coords,spatial,True,0,1e-06,-57053.0800449767,6825382.32654951
162,1295,Pseudechis porphyricaus,MLP_single_with_coords,spatial,True,0,1e-06,-57436.0274871426,6824963.25226147
163,1303,Pseudechis porphyricaus,MLP_single_with_coords,spatial,True,0,0.011139854637041388,-118090.3420558,6819503.16714623
164,1311,Pseudechis porphyricaus,MLP_single_with_coords,spatial,True,0,0.002582923658719695,-31234.0531967666,6823468.59821031
165,1319,Pseudechis porphyricaus,MLP_single_with_coords,spatial,True,0,0.001601993896824257,-116199.528148125,6817786.39841097
166,1327,Pseudechis porphyricaus,MLP_single_with_coords,spatial,True,0,0.06153366274506686,-115961.85299911,6817197.07567746
167,1335,Pseudechis porphyricaus,MLP_single_with_coords,spatial,True,0,0.034818241998321946,-115156.930903262,6817038.96223258
168,1343,Pseudechis porphyricaus,MLP_single_with_coords,spatial,True,0,1e-06,-114320.555073989,6816470.06822849
169,1351,Pseudechis porphyricaus,MLP_single_with_coords,spatial,True,0,0.013301000728100023,-108876.433782581,6816343.47520397
170,1359,Pseudechis porphyricaus,MLP_single_with_coords,spatial,True,0,0.020453248161118088,-109030.042605492,6815332.43919622
171,1367,Pseudechis porphyricaus,MLP_single_with_coords,spatial,True,0,0.0026302580146611194,-27097.7448967228,6813229.19629307
172,1375,Pseudechis porphyricaus,MLP_single_with_coords,spatial,True,0,0.0022890323458050962,-148834.228828815,6806479.17622519
173,1383,Pseudechis porphyricaus,MLP_single_with_coords,spatial,True,0,0.0019359464867933958,-26864.9515665186,6812638.8314962
174,1391,Pseudechis porphyricaus,MLP_single_with_coords,spatial,True,0,0.010087677298585389,-144171.518832433,6805913.46294023
175,1399,Pseudechis porphyricaus,MLP_single_with_coords,spatial,True,0,1.533358531880264e-05,-26614.0603685924,6811648.67695057
176,1407,Pseudechis porphyricaus,MLP_single_with_coords,spatial,True,0,0.004946095942260633,-146353.923264982,6805201.04834351
177,1415,Pseudechis porphyricaus,MLP_single_with_coords,spatial,True,0,1.3995184181289178e-05,-26577.824176917,6810849.10035356
178,1423,Pseudechis porphyricaus,MLP_single_with_coords,spatial,True,0,0.00416281942040797,-152179.201074767,6801082.64226836
179,1431,Pseudechis porphyricaus,MLP_single_with_coords,spatial,True,0,0.0005692367766080683,-158380.85988069,6800363.84186606
180,1439,Pseudechis porphyricaus,MLP_single_with_coords,spatial,True,0,0.00255866471449407,-29780.9705356891,6806663.75964171
181,1447,Pseudechis porphyricaus,MLP_single_with_coords,spatial,True,0,0.0025097961842473647,-29379.7381757025,6806682.07694802
182,1455,Pseudechis porphyricaus,MLP_single_with_coords,spatial,True,0,0.009841377671981448,-155726.191227112,6799488.07056547
183,1463,Pseudechis porphyricaus,MLP_single_with_coords,spatial,True,0,0.0024918607097706128,-29520.6964365395,6805473.74302288
184,1471,Pseudechis porphyricaus,MLP_single_with_coords,spatial,True,0,0.002404357218155455,-28317.1316235074,6805528.64452115
185,1479,Pseudechis porphyricaus,MLP_single_with_coords,spatial,True,0,0.010841520728519441,-154680.904774922,6798732.86570032
186,1487,Pseudechis porphyricaus,MLP_single_with_coords,spatial,True,0,0.00247828186333865,-29502.4373697368,6805073.94284487
187,1495,Pseudechis porphyricaus,MLP_single_with_coords,spatial,True,0,0.01695681283390704,-153649.192596345,6798389.56853004
188,1503,Pseudechis porphyricaus,MLP_single_with_coords,spatial,True,0,0.004125090847641478,-154245.287601219,6798155.10832232
189,1511,Pseudechis porphyricaus,MLP_single_with_coords,spatial,True,0,1e-06,-112502.967446529,6800471.69931174
190,1519,Pseudechis porphyricaus,MLP_single_with_coords,spatial,True,0,1e-06,-112492.387376251,6800271.63658075
191,1527,Pseudechis porphyricaus,MLP_single_with_coords,spatial,True,0,0.03173681552042072,-152408.241373254,6797645.26465756
192,1535,Pseudechis porphyricaus,MLP_single_with_coords,spatial,True,0,1e-06,-111862.768502251,6799691.91157671
193,1543,Pseudechis porphyricaus,MLP_single_with_coords,spatial,True,0,0.019298522964225306,-153796.263664079,6797165.36470106
194,1551,Pseudechis porphyricaus,MLP_single_with_coords,spatial,True,0,1e-06,-113057.133584369,6799439.25721174
195,1559,Pseudechis porphyricaus,MLP_single_with_coords,spatial,True,0,0.05498635162542747,-153177.628494992,6796999.50794559
196,1567,Pseudechis porphyricaus,MLP_single_with_coords,spatial,True,0,1e-06,-111841.623750466,6799291.78871934
197,1575,Pseudechis porphyricaus,MLP_single_with_coords,spatial,True,0,0.014503273389242503,-31200.4121417062,6802970.7749555
198,1583,Pseudechis porphyricaus,MLP_single_with_coords,spatial,True,0,1e-06,-111757.020588895,6797691.29771726
199,1591,Pseudechis porphyricaus,MLP_single_with_coords,spatial,True,0,1e-06,-111540.073845013,6797301.52655841
200,1599,Pseudechis porphyricaus,MLP_single_with_coords,spatial,True,0,0.008332593205534287,-165917.840413128,6794142.17633504
201,1607,Pseudechis porphyricaus,MLP_single_with_coords,spatial,True,0,1e-06,-111724.493680147,6796890.5347694
202,1615,Pseudechis porphyricaus,MLP_single_with_coords,spatial,True,0,1e-06,-111508.34435778,6796701.34390328
203,1623,Pseudechis porphyricaus,MLP_single_with_coords,spatial,True,0,0.003776973412186847,-165638.858103626,6792540.33884748
204,1631,Pseudechis porphyricaus,MLP_single_with_coords,spatial,True,0,0.0025857590447140736,-111628.657553236,6795078.86889821
205,1639,Pseudechis porphyricaus,MLP_single_with_coords,spatial,True,0,0.013904479010372084,-111987.574051639,6794257.38010052
206,1647,Pseudechis porphyricaus,MLP_single_with_coords,spatial,True,0,0.02308711042122202,-111543.951324666,6793478.37953304
207,1655,Pseudechis porphyricaus,MLP_single_with_coords,spatial,True,0,0.0051043968569486325,-166932.442763671,6790267.55776097
208,1663,Pseudechis porphyricaus,MLP_single_with_coords,spatial,True,1,0.020704140797980896,-113333.176647029,6792982.26555712
209,1671,Pseudechis porphyricaus,MLP_single_with_coords,spatial,True,0,0.00898245196216493,-112530.721336831,6793024.84869485
210,1679,Pseudechis porphyricaus,MLP_single_with_coords,spatial,True,0,0.01038594964916093,-112129.496210697,6793046.11909854
211,1687,Pseudechis porphyricaus,MLP_single_with_coords,spatial,True,0,0.007794958993048885,-164829.821681687,6788558.93776823
212,1695,Pseudechis porphyricaus,MLP_single_with_coords,spatial,True,0,0.011016477005027935,-165023.878239824,6788346.91096964
213,1703,Pseudechis porphyricaus,MLP_single_with_coords,spatial,True,0,0.020077300686298125,-164391.455012656,6787769.669967
214,1711,Pseudechis porphyricaus,MLP_single_with_coords,spatial,True,0,0.0022326474125740343,-110822.113763642,6787074.42336939
215,1719,Pseudechis porphyricaus,MLP_single_with_coords,spatial,True,0,0.006063657728161309,-110616.719576928,6787085.30761186
216,1727,Pseudechis porphyricaus,MLP_single_with_coords,spatial,True,0,0.0022496827329942072,-110020.100859829,6787116.90272986
217,1735,Pseudechis porphyricaus,MLP_single_with_coords,spatial,True,0,0.00798450902793626,-109413.705304275,6787148.98376259
218,1743,Pseudechis porphyricaus,MLP_single_with_coords,spatial,True,0,0.00017027819220650345,-110779.695476226,6786274.18349996
219,1751,Pseudechis porphyricaus,MLP_single_with_coords,spatial,True,0,0.00048414863813241415,-110346.917478988,6785695.25630047
220,1759,Pseudechis porphyricaus,MLP_single_with_coords,spatial,True,0,0.0006199608738926856,-110140.731442662,6785505.55962449
221,1767,Pseudechis porphyricaus,MLP_single_with_coords,spatial,True,0,0.008782648632718404,-157491.757049911,6782687.30974027
222,1775,Pseudechis porphyricaus,MLP_single_with_coords,spatial,True,0,1e-06,-109512.656336634,6785126.43261431
223,1783,Pseudechis porphyricaus,MLP_single_with_coords,spatial,True,0,1e-06,-109707.419900115,6784915.50427338
224,1791,Pseudechis porphyricaus,MLP_single_with_coords,spatial,True,0,0.04140855112025805,-150843.666641707,6782630.05200801
225,1799,Pseudechis porphyricaus,MLP_single_with_coords,spatial,True,0,0.004231688624747702,-157628.595163146,6781474.60411432
226,1807,Pseudechis porphyricaus,MLP_single_with_coords,spatial,True,0,0.010102015172363924,-156768.616233883,6780508.50732801
227,1815,Pseudechis porphyricaus,MLP_single_with_coords,spatial,True,0,0.011243572461242175,-110619.113371872,6783061.59249324
228,1823,Pseudechis porphyricaus,MLP_single_with_coords,spatial,True,0,0.0026674563319893235,-108593.63854256,6782767.65906175
229,1831,Pseudechis porphyricaus,MLP_single_with_coords,spatial,True,0,0.012365942638255932,-108377.162322395,6782567.34735566
230,1839,Pseudechis porphyricaus,MLP_single_with_coords,spatial,True,0,1e-06,-58637.6336775981,6785100.52209461
231,1847,Pseudechis porphyricaus,MLP_single_with_coords,spatial,True,0,0.029867267028970856,-107923.462038802,6781588.26422547
232,1855,Pseudechis porphyricaus,MLP_single_with_coords,spatial,True,0,0.007721876857651016,-154268.894705046,6778832.59399199
233,1863,Pseudechis porphyricaus,MLP_single_with_coords,spatial,True,0,0.00033595133126884696,-151231.119203658,6778380.41797512
234,1871,Pseudechis porphyricaus,MLP_single_with_coords,spatial,True,0,0.000486706527706302,-150784.191440288,6777591.42724006
235,1879,Pseudechis porphyricaus,MLP_single_with_coords,spatial,True,1,0.010623120041994474,-157053.44484427,6770228.31904544
236,1887,Pseudechis porphyricaus,MLP_single_with_coords,spatial,True,0,0.006323691147236388,-157007.529503806,6769427.67794309
237,1895,Pseudechis porphyricaus,MLP_single_with_coords,spatial,True,0,0.023704333772344915,-157601.945479142,6769192.74860327
238,1903,Pseudechis porphyricaus,MLP_single_with_coords,spatial,True,0,0.0005874604103788394,-42631.6013249115,6774856.7836682
239,1911,Pseudechis porphyricaus,MLP_single_with_coords,spatial,True,0,0.0003967751084364616,-42808.1790068126,6774247.29778187
240,1919,Pseudechis porphyricaus,MLP_single_with_coords,spatial,True,0,0.01595972262943949,-90697.5110841577,6771199.36165782
241,1927,Pseudechis porphyricaus,MLP_single_with_coords,spatial,True,0,0.015222216962860292,-89886.5465170286,6771040.60297007
242,1935,Pseudechis porphyricaus,MLP_single_with_coords,spatial,True,0,0.0004417253571855328,-45884.998116622,6771685.40364584
243,1943,Pseudechis porphyricaus,MLP_single_with_coords,spatial,True,0,0.0004276835759149356,-45846.3441318398,6770874.56187869
244,1951,Pseudechis porphyricaus,MLP_single_with_coords,spatial,True,0,0.0004434787132529115,-46208.2545646069,6770055.74332879
245,1959,Pseudechis porphyricaus,MLP_single_with_coords,spatial,True,0,0.00041567524934051813,-42736.9260770733,6769029.74166907
246,1967,Pseudechis porphyricaus,MLP_single_with_coords,spatial,True,0,0.0037166241558083926,-42727.4414379179,6768829.81362177
247,1975,Pseudechis porphyricaus,MLP_single_with_coords,spatial,True,0,0.0036708698133581003,-42717.9562631494,6768629.88557173
248,1983,Pseudechis porphyricaus,MLP_single_with_coords,spatial,True,0,0.004516218425019432,-139175.743651501,6763098.07298971
249,1991,Pseudechis porphyricaus,MLP_single_with_coords,spatial,True,0,0.027990156771408176,-138923.869162796,6762097.27372678
252,2015,Pseudechis porphyricaus,MLP_single_with_coords,spatial,True,0,0.00044781694875498345,-43112.7372327422,6764592.40958821
254,2031,Pseudechis porphyricaus,MLP_single_with_coords,spatial,True,0,0.0004918430262417332,-43678.7671977115,6763752.8151483
255,2039,Pseudechis porphyricaus,MLP_single_with_coords,spatial,True,0,0.0031987044778503913,-47276.750227819,6763369.40347618
106,848,Saltuarius swaini,MLP_single_with_coords,spatial,True,0,4.185408491164589e-06,-147293.925634327,6831915.7941736
111,888,Saltuarius swaini,MLP_single_with_coords,spatial,True,0,1e-06,-146869.047423431,6831537.755626
122,976,Saltuarius swaini,MLP_single_with_coords,spatial,True,0,0.000344804157148785,-121930.447488692,6831783.7962185
125,1000,Saltuarius swaini,MLP_single_with_coords,spatial,True,0,0.0007836425524890034,-119100.196556909,6831521.23488212
126,1008,Saltuarius swaini,MLP_single_with_coords,spatial,True,0,0.0006937354207628352,-122301.197680874,6831162.17696098
127,1016,Saltuarius swaini,MLP_single_with_coords,spatial,True,0,0.0012789798408995188,-113069.978206809,6831626.51450922
128,1024,Saltuarius swaini,MLP_single_with_coords,spatial,True,0,0.00038421405555709627,-110250.872026258,6831561.92472725
130,1040,Saltuarius swaini,MLP_single_with_coords,spatial,True,0,0.0012988610752148245,-112831.744333792,6830836.54025889
132,1056,Saltuarius swaini,MLP_single_with_coords,spatial,True,0,8.269086480169908e-06,-105801.162580743,6831179.93507326
134,1072,Saltuarius swaini,MLP_single_with_coords,spatial,True,0,1.8887641583148913e-05,-109785.840498241,6830382.55130941
135,1080,Saltuarius swaini,MLP_single_with_coords,spatial,True,0,0.0001460232196938687,-60576.6608829403,6831437.80904093
136,1088,Saltuarius swaini,MLP_single_with_coords,spatial,True,0,2.8690492760734937e-06,-62745.5415882464,6830732.52392328
137,1096,Saltuarius swaini,MLP_single_with_coords,spatial,True,0,1e-06,-59930.1265788042,6830667.09207023
138,1104,Saltuarius swaini,MLP_single_with_coords,spatial,True,0,0.00015644615965302458,-33656.1895879237,6831782.75910205
139,1112,Saltuarius swaini,MLP_single_with_coords,spatial,True,0,3.413461846633325e-06,-60097.6324680274,6830057.84195886
140,1120,Saltuarius swaini,MLP_single_with_coords,spatial,True,0,0.003956186612100452,-59480.1149542754,6829686.55327432
141,1128,Saltuarius swaini,MLP_single_with_coords,spatial,True,0,0.00042895779126629656,-59274.1159834863,6829696.39928037
142,1136,Saltuarius swaini,MLP_single_with_coords,spatial,True,0,1e-06,-58470.0105331185,6829534.39062915
143,1144,Saltuarius swaini,MLP_single_with_coords,spatial,True,0,1e-06,-58067.8332822076,6829553.57641624
144,1152,Saltuarius swaini,MLP_single_with_coords,spatial,True,0,0.003446448012912336,-35003.9025977263,6830519.3124224
145,1160,Saltuarius swaini,MLP_single_with_coords,spatial,True,0,8.29467790759949e-06,-57852.3087704955,6829363.4472621
146,1168,Saltuarius swaini,MLP_single_with_coords,spatial,True,0,0.006650814764345727,-34994.2569791634,6830308.29905931
147,1176,Saltuarius swaini,MLP_single_with_coords,spatial,True,0,2.0583302159005078e-05,-58647.1030221649,6829125.12230747
148,1184,Saltuarius swaini,MLP_single_with_coords,spatial,True,0,4.269161881359057e-05,-59039.7148912014,6828905.9612443
149,1192,Saltuarius swaini,MLP_single_with_coords,spatial,True,0,8.636022649392171e-05,-58039.2252902132,6828953.72338296
150,1200,Saltuarius swaini,MLP_single_with_coords,spatial,True,0,0.0090693633897468,-34359.3605187094,6829747.4641776
151,1208,Saltuarius swaini,MLP_single_with_coords,spatial,True,0,0.010261611438691823,-34751.7720567721,6829518.08321835
152,1216,Saltuarius swaini,MLP_single_with_coords,spatial,True,0,0.018381060883219048,-34733.497415081,6829118.26913623
153,1224,Saltuarius swaini,MLP_single_with_coords,spatial,True,0,6.837946239139987e-06,-56158.084536112,6827640.49763384
154,1232,Saltuarius swaini,MLP_single_with_coords,spatial,True,0,5.864276712694467e-06,-56718.2495163478,6826812.23539331
155,1240,Saltuarius swaini,MLP_single_with_coords,spatial,True,0,0.00022817647636131055,-59120.6295586857,6826486.03756181
156,1248,Saltuarius swaini,MLP_single_with_coords,spatial,True,0,0.011940070731229154,-57101.2660895063,6826393.18209589
157,1256,Saltuarius swaini,MLP_single_with_coords,spatial,True,0,9.176541790709234e-06,-57287.8605910979,6826183.88283365
158,1264,Saltuarius swaini,MLP_single_with_coords,spatial,True,0,8.446631759752263e-06,-57091.7358988385,6826193.23264818
159,1272,Saltuarius swaini,MLP_single_with_coords,spatial,True,0,1.0914751641145432e-05,-57278.3264609204,6825983.9330077
160,1280,Saltuarius swaini,MLP_single_with_coords,spatial,True,0,8.592091657010022e-06,-57082.2051583753,6825993.28319997
161,1288,Saltuarius swaini,MLP_single_with_coords,spatial,True,0,8.882402054854076e-06,-57053.0800449767,6825382.32654951
162,1296,Saltuarius swaini,MLP_single_with_coords,spatial,True,0,3.0645898723416104e-05,-57436.0274871426,6824963.25226147
163,1304,Saltuarius swaini,MLP_single_with_coords,spatial,True,0,0.0009954137171398862,-118090.3420558,6819503.16714623
164,1312,Saltuarius swaini,MLP_single_with_coords,spatial,True,0,0.010404466276587062,-31234.0531967666,6823468.59821031
165,1320,Saltuarius swaini,MLP_single_with_coords,spatial,True,0,0.0014561966017441726,-116199.528148125,6817786.39841097
166,1328,Saltuarius swaini,MLP_single_with_coords,spatial,True,0,0.0006350458243784316,-115961.85299911,6817197.07567746
167,1336,Saltuarius swaini,MLP_single_with_coords,spatial,True,0,0.0007734515127301396,-115156.930903262,6817038.96223258
168,1344,Saltuarius swaini,MLP_single_with_coords,spatial,True,0,2.7459774447833312e-05,-114320.555073989,6816470.06822849
169,1352,Saltuarius swaini,MLP_single_with_coords,spatial,True,0,0.0006601909928508252,-108876.433782581,6816343.47520397
170,1360,Saltuarius swaini,MLP_single_with_coords,spatial,True,0,0.0003132511232982707,-109030.042605492,6815332.43919622
171,1368,Saltuarius swaini,MLP_single_with_coords,spatial,True,0,0.012856608904980206,-27097.7448967228,6813229.19629307
172,1376,Saltuarius swaini,MLP_single_with_coords,spatial,True,0,3.651226125724295e-06,-148834.228828815,6806479.17622519
173,1384,Saltuarius swaini,MLP_single_with_coords,spatial,True,0,0.0017399823205419905,-26864.9515665186,6812638.8314962
174,1392,Saltuarius swaini,MLP_single_with_coords,spatial,True,0,0.0001405470000407153,-144171.518832433,6805913.46294023
175,1400,Saltuarius swaini,MLP_single_with_coords,spatial,True,0,0.00011794343501619496,-26614.0603685924,6811648.67695057
176,1408,Saltuarius swaini,MLP_single_with_coords,spatial,True,0,4.157570983679299e-06,-146353.923264982,6805201.04834351
177,1416,Saltuarius swaini,MLP_single_with_coords,spatial,True,0,0.0002767904284369233,-26577.824176917,6810849.10035356
178,1424,Saltuarius swaini,MLP_single_with_coords,spatial,True,0,0.00016219505884086676,-152179.201074767,6801082.64226836
179,1432,Saltuarius swaini,MLP_single_with_coords,spatial,True,0,1e-06,-158380.85988069,6800363.84186606
180,1440,Saltuarius swaini,MLP_single_with_coords,spatial,True,0,0.017999711490884227,-29780.9705356891,6806663.75964171
181,1448,Saltuarius swaini,MLP_single_with_coords,spatial,True,0,0.016840952490738807,-29379.7381757025,6806682.07694802
182,1456,Saltuarius swaini,MLP_single_with_coords,spatial,True,0,0.0001452846656797224,-155726.191227112,6799488.07056547
183,1464,Saltuarius swaini,MLP_single_with_coords,spatial,True,0,0.016750304622889484,-29520.6964365395,6805473.74302288
184,1472,Saltuarius swaini,MLP_single_with_coords,spatial,True,0,0.017852438703281414,-28317.1316235074,6805528.64452115
185,1480,Saltuarius swaini,MLP_single_with_coords,spatial,True,0,3.860786562447982e-05,-154680.904774922,6798732.86570032
186,1488,Saltuarius swaini,MLP_single_with_coords,spatial,True,0,0.01790540927382396,-29502.4373697368,6805073.94284487
187,1496,Saltuarius swaini,MLP_single_with_coords,spatial,True,0,3.115504146417081e-05,-153649.192596345,6798389.56853004
188,1504,Saltuarius swaini,MLP_single_with_coords,spatial,True,0,9.273012869599142e-06,-154245.287601219,6798155.10832232
189,1512,Saltuarius swaini,MLP_single_with_coords,spatial,True,0,2.2043397759159304e-06,-112502.967446529,6800471.69931174
190,1520,Saltuarius swaini,MLP_single_with_coords,spatial,True,0,1.6771069820367423e-05,-112492.387376251,6800271.63658075
191,1528,Saltuarius swaini,MLP_single_with_coords,spatial,True,0,0.0001078366716640226,-152408.241373254,6797645.26465756
192,1536,Saltuarius swaini,MLP_single_with_coords,spatial,True,0,2.630561715139962e-06,-111862.768502251,6799691.91157671
193,1544,Saltuarius swaini,MLP_single_with_coords,spatial,True,0,2.9060400696567638e-05,-153796.263664079,6797165.36470106
194,1552,Saltuarius swaini,MLP_single_with_coords,spatial,True,0,1.1110440211292708e-05,-113057.133584369,6799439.25721174
195,1560,Saltuarius swaini,MLP_single_with_coords,spatial,True,0,0.00041295133501645896,-153177.628494992,6796999.50794559
196,1568,Saltuarius swaini,MLP_single_with_coords,spatial,True,0,3.4403023501620503e-06,-111841.623750466,6799291.78871934
197,1576,Saltuarius swaini,MLP_single_with_coords,spatial,True,0,0.011051271759819074,-31200.4121417062,6802970.7749555
198,1584,Saltuarius swaini,MLP_single_with_coords,spatial,True,0,1.9338066594133606e-05,-111757.020588895,6797691.29771726
199,1592,Saltuarius swaini,MLP_single_with_coords,spatial,True,0,2.4699862352932032e-05,-111540.073845013,6797301.52655841
200,1600,Saltuarius swaini,MLP_single_with_coords,spatial,True,0,2.3375783614654815e-06,-165917.840413128,6794142.17633504
201,1608,Saltuarius swaini,MLP_single_with_coords,spatial,True,0,2.609885178474061e-05,-111724.493680147,6796890.5347694
202,1616,Saltuarius swaini,MLP_single_with_coords,spatial,True,0,1.0001868241213444e-05,-111508.34435778,6796701.34390328
203,1624,Saltuarius swaini,MLP_single_with_coords,spatial,True,0,4.600717390206464e-05,-165638.858103626,6792540.33884748
204,1632,Saltuarius swaini,MLP_single_with_coords,spatial,True,0,0.00015793348433742476,-111628.657553236,6795078.86889821
205,1640,Saltuarius swaini,MLP_single_with_coords,spatial,True,0,0.0011657227683744386,-111987.574051639,6794257.38010052
206,1648,Saltuarius swaini,MLP_single_with_coords,spatial,True,0,0.0009178895068959574,-111543.951324666,6793478.37953304
207,1656,Saltuarius swaini,MLP_single_with_coords,spatial,True,0,9.743350667371497e-05,-166932.442763671,6790267.55776097
208,1664,Saltuarius swaini,MLP_single_with_coords,spatial,True,0,0.001158984841945091,-113333.176647029,6792982.26555712
209,1672,Saltuarius swaini,MLP_single_with_coords,spatial,True,0,0.0001204428951045654,-112530.721336831,6793024.84869485
210,1680,Saltuarius swaini,MLP_single_with_coords,spatial,True,0,0.0008955067670411655,-112129.496210697,6793046.11909854
211,1688,Saltuarius swaini,MLP_single_with_coords,spatial,True,0,9.426904501279167e-05,-164829.821681687,6788558.93776823
212,1696,Saltuarius swaini,MLP_single_with_coords,spatial,True,0,6.87995817993715e-05,-165023.878239824,6788346.91096964
213,1704,Saltuarius swaini,MLP_single_with_coords,spatial,True,0,7.183350386674449e-05,-164391.455012656,6787769.669967
214,1712,Saltuarius swaini,MLP_single_with_coords,spatial,True,0,0.000655387513480371,-110822.113763642,6787074.42336939
215,1720,Saltuarius swaini,MLP_single_with_coords,spatial,True,0,0.0023793920948577234,-110616.719576928,6787085.30761186
216,1728,Saltuarius swaini,MLP_single_with_coords,spatial,True,0,0.0018421470211658006,-110020.100859829,6787116.90272986
217,1736,Saltuarius swaini,MLP_single_with_coords,spatial,True,0,0.0010742429546156556,-109413.705304275,6787148.98376259
218,1744,Saltuarius swaini,MLP_single_with_coords,spatial,True,0,9.336828253548637e-05,-110779.695476226,6786274.18349996
219,1752,Saltuarius swaini,MLP_single_with_coords,spatial,True,0,2.0967703360199928e-05,-110346.917478988,6785695.25630047
220,1760,Saltuarius swaini,MLP_single_with_coords,spatial,True,0,0.0005529993181906187,-110140.731442662,6785505.55962449
221,1768,Saltuarius swaini,MLP_single_with_coords,spatial,True,0,1.587659740035705e-05,-157491.757049911,6782687.30974027
222,1776,Saltuarius swaini,MLP_single_with_coords,spatial,True,0,4.875775115160087e-05,-109512.656336634,6785126.43261431
223,1784,Saltuarius swaini,MLP_single_with_coords,spatial,True,0,1e-06,-109707.419900115,6784915.50427338
224,1792,Saltuarius swaini,MLP_single_with_coords,spatial,True,0,0.0005936286843816679,-150843.666641707,6782630.05200801
225,1800,Saltuarius swaini,MLP_single_with_coords,spatial,True,0,0.00010259331029594342,-157628.595163146,6781474.60411432
226,1808,Saltuarius swaini,MLP_single_with_coords,spatial,True,0,0.0003347429774378177,-156768.616233883,6780508.50732801
227,1816,Saltuarius swaini,MLP_single_with_coords,spatial,True,0,0.00032545770751211543,-110619.113371872,6783061.59249324
228,1824,Saltuarius swaini,MLP_single_with_coords,spatial,True,0,9.683473498917459e-05,-108593.63854256,6782767.65906175
229,1832,Saltuarius swaini,MLP_single_with_coords,spatial,True,0,0.001409704410679545,-108377.162322395,6782567.34735566
230,1840,Saltuarius swaini,MLP_single_with_coords,spatial,True,0,4.183900811543317e-05,-58637.6336775981,6785100.52209461
231,1848,Saltuarius swaini,MLP_single_with_coords,spatial,True,0,0.0016988770750268583,-107923.462038802,6781588.26422547
232,1856,Saltuarius swaini,MLP_single_with_coords,spatial,True,0,0.0002010890183186869,-154268.894705046,6778832.59399199
233,1864,Saltuarius swaini,MLP_single_with_coords,spatial,True,0,0.0002350299111200449,-151231.119203658,6778380.41797512
234,1872,Saltuarius swaini,MLP_single_with_coords,spatial,True,0,0.00027160850524668846,-150784.191440288,6777591.42724006
235,1880,Saltuarius swaini,MLP_single_with_coords,spatial,True,0,0.00014632930327976082,-157053.44484427,6770228.31904544
236,1888,Saltuarius swaini,MLP_single_with_coords,spatial,True,0,0.0001435526330505234,-157007.529503806,6769427.67794309
237,1896,Saltuarius swaini,MLP_single_with_coords,spatial,True,0,6.704372752035257e-05,-157601.945479142,6769192.74860327
238,1904,Saltuarius swaini,MLP_single_with_coords,spatial,True,0,0.039589813475252186,-42631.6013249115,6774856.7836682
239,1912,Saltuarius swaini,MLP_single_with_coords,spatial,True,0,0.04965946369221949,-42808.1790068126,6774247.29778187
240,1920,Saltuarius swaini,MLP_single_with_coords,spatial,True,0,0.00015102607907073167,-90697.5110841577,6771199.36165782
241,1928,Saltuarius swaini,MLP_single_with_coords,spatial,True,0,0.00013031462129820293,-89886.5465170286,6771040.60297007
242,1936,Saltuarius swaini,MLP_single_with_coords,spatial,True,0,0.04973811765069511,-45884.998116622,6771685.40364584
243,1944,Saltuarius swaini,MLP_single_with_coords,spatial,True,0,0.04275857952219968,-45846.3441318398,6770874.56187869
244,1952,Saltuarius swaini,MLP_single_with_coords,spatial,True,0,0.05050814189858514,-46208.2545646069,6770055.74332879
245,1960,Saltuarius swaini,MLP_single_with_coords,spatial,True,0,0.040284549851090014,-42736.9260770733,6769029.74166907
246,1968,Saltuarius swaini,MLP_single_with_coords,spatial,True,0,0.040374599299462716,-42727.4414379179,6768829.81362177
247,1976,Saltuarius swaini,MLP_single_with_coords,spatial,True,0,0.039632878559630165,-42717.9562631494,6768629.88557173
248,1984,Saltuarius swaini,MLP_single_with_coords,spatial,True,0,0.0012872952190119734,-139175.743651501,6763098.07298971
249,1992,Saltuarius swaini,MLP_single_with_coords,spatial,True,0,0.0019043180393309694,-138923.869162796,6762097.27372678
252,2016,Saltuarius swaini,MLP_single_with_coords,spatial,True,0,0.056715699293695666,-43112.7372327422,6764592.40958821
254,2032,Saltuarius swaini,MLP_single_with_coords,spatial,True,0,0.06725657347413624,-43678.7671977115,6763752.8151483
255,2040,Saltuarius swaini,MLP_single_with_coords,spatial,True,0,0.05084191004706111,-47276.750227819,6763369.40347618
106,841,Cacophis kreftii,MLP_multi_with_coords,spatial,True,1,0.1118552945742404,-147293.925634327,6831915.7941736
106,842,Calyptotis scutirostrum,MLP_multi_with_coords,spatial,True,1,0.6452446439230041,-147293.925634327,6831915.7941736
106,843,Coeranoscincus reticulatus,MLP_multi_with_coords,spatial,True,1,0.42511268012400405,-147293.925634327,6831915.7941736
106,844,Egernia mcpheei,MLP_multi_with_coords,spatial,True,0,0.08476331936253514,-147293.925634327,6831915.7941736
106,845,Eulamprus murrayi,MLP_multi_with_coords,spatial,True,0,0.020894346894368046,-147293.925634327,6831915.7941736
106,846,Ophioscincus truncatus,MLP_multi_with_coords,spatial,True,0,0.13852816377103103,-147293.925634327,6831915.7941736
106,847,Pseudechis porphyricaus,MLP_multi_with_coords,spatial,True,0,0.009369265631145172,-147293.925634327,6831915.7941736
106,848,Saltuarius swaini,MLP_multi_with_coords,spatial,True,0,0.006545344675571281,-147293.925634327,6831915.7941736
111,881,Cacophis kreftii,MLP_multi_with_coords,spatial,True,0,0.09034793919610778,-146869.047423431,6831537.755626
111,882,Calyptotis scutirostrum,MLP_multi_with_coords,spatial,True,1,0.5524401478908592,-146869.047423431,6831537.755626
111,883,Coeranoscincus reticulatus,MLP_multi_with_coords,spatial,True,0,0.36835390245628724,-146869.047423431,6831537.755626
111,884,Egernia mcpheei,MLP_multi_with_coords,spatial,True,1,0.07374734406505376,-146869.047423431,6831537.755626
111,885,Eulamprus murrayi,MLP_multi_with_coords,spatial,True,0,0.01675245550777265,-146869.047423431,6831537.755626
111,886,Ophioscincus truncatus,MLP_multi_with_coords,spatial,True,0,0.08969056365177307,-146869.047423431,6831537.755626
111,887,Pseudechis porphyricaus,MLP_multi_with_coords,spatial,True,0,0.0074034922383941805,-146869.047423431,6831537.755626
111,888,Saltuarius swaini,MLP_multi_with_coords,spatial,True,0,0.005168968957036122,-146869.047423431,6831537.755626
122,969,Cacophis kreftii,MLP_multi_with_coords,spatial,True,0,0.14944786005929678,-121930.447488692,6831783.7962185
122,970,Calyptotis scutirostrum,MLP_multi_with_coords,spatial,True,0,0.26957090810049006,-121930.447488692,6831783.7962185
122,971,Coeranoscincus reticulatus,MLP_multi_with_coords,spatial,True,1,0.5926317015968756,-121930.447488692,6831783.7962185
122,972,Egernia mcpheei,MLP_multi_with_coords,spatial,True,0,0.02415082591631087,-121930.447488692,6831783.7962185
122,973,Eulamprus murrayi,MLP_multi_with_coords,spatial,True,0,0.033707328937744446,-121930.447488692,6831783.7962185
122,974,Ophioscincus truncatus,MLP_multi_with_coords,spatial,True,1,0.22031410027364756,-121930.447488692,6831783.7962185
122,975,Pseudechis porphyricaus,MLP_multi_with_coords,spatial,True,0,0.027853200593456785,-121930.447488692,6831783.7962185
122,976,Saltuarius swaini,MLP_multi_with_coords,spatial,True,0,0.011996929424221932,-121930.447488692,6831783.7962185
125,993,Cacophis kreftii,MLP_multi_with_coords,spatial,True,0,0.06645265924944303,-119100.196556909,6831521.23488212
125,994,Calyptotis scutirostrum,MLP_multi_with_coords,spatial,True,1,0.18966109199253842,-119100.196556909,6831521.23488212
125,995,Coeranoscincus reticulatus,MLP_multi_with_coords,spatial,True,0,0.36828127733201366,-119100.196556909,6831521.23488212
125,996,Egernia mcpheei,MLP_multi_with_coords,spatial,True,0,0.013286781390895166,-119100.196556909,6831521.23488212
125,997,Eulamprus murrayi,MLP_multi_with_coords,spatial,True,0,0.01577822025827685,-119100.196556909,6831521.23488212
125,998,Ophioscincus truncatus,MLP_multi_with_coords,spatial,True,0,0.20250514128092018,-119100.196556909,6831521.23488212
125,999,Pseudechis porphyricaus,MLP_multi_with_coords,spatial,True,0,0.016235348017823885,-119100.196556909,6831521.23488212
125,1000,Saltuarius swaini,MLP_multi_with_coords,spatial,True,0,0.008661953369915341,-119100.196556909,6831521.23488212
126,1001,Cacophis kreftii,MLP_multi_with_coords,spatial,True,0,0.06913512413949822,-122301.197680874,6831162.17696098
126,1002,Calyptotis scutirostrum,MLP_multi_with_coords,spatial,True,0,0.19331864549355393,-122301.197680874,6831162.17696098
126,1003,Coeranoscincus reticulatus,MLP_multi_with_coords,spatial,True,0,0.3508400193338148,-122301.197680874,6831162.17696098
126,1004,Egernia mcpheei,MLP_multi_with_coords,spatial,True,1,0.014014974263743707,-122301.197680874,6831162.17696098
126,1005,Eulamprus murrayi,MLP_multi_with_coords,spatial,True,0,0.015564233019284474,-122301.197680874,6831162.17696098
126,1006,Ophioscincus truncatus,MLP_multi_with_coords,spatial,True,0,0.16335829384619824,-122301.197680874,6831162.17696098
126,1007,Pseudechis porphyricaus,MLP_multi_with_coords,spatial,True,0,0.014637795461087857,-122301.197680874,6831162.17696098
126,1008,Saltuarius swaini,MLP_multi_with_coords,spatial,True,0,0.008170244775680494,-122301.197680874,6831162.17696098
127,1009,Cacophis kreftii,MLP_multi_with_coords,spatial,True,0,0.2253283832272083,-113069.978206809,6831626.51450922
127,1010,Calyptotis scutirostrum,MLP_multi_with_coords,spatial,True,0,0.32772744162974693,-113069.978206809,6831626.51450922
127,1011,Coeranoscincus reticulatus,MLP_multi_with_coords,spatial,True,1,0.6214527300943984,-113069.978206809,6831626.51450922
127,1012,Egernia mcpheei,MLP_multi_with_coords,spatial,True,0,0.07028611956295952,-113069.978206809,6831626.51450922
127,1013,Eulamprus murrayi,MLP_multi_with_coords,spatial,True,0,0.06640759542357198,-113069.978206809,6831626.51450922
127,1014,Ophioscincus truncatus,MLP_multi_with_coords,spatial,True,0,0.5367978793455551,-113069.978206809,6831626.51450922
127,1015,Pseudechis porphyricaus,MLP_multi_with_coords,spatial,True,0,0.0447028515929351,-113069.978206809,6831626.51450922
127,1016,Saltuarius swaini,MLP_multi_with_coords,spatial,True,0,0.05819977948370784,-113069.978206809,6831626.51450922
128,1017,Cacophis kreftii,MLP_multi_with_coords,spatial,True,0,0.5150103773991469,-110250.872026258,6831561.92472725
128,1018,Calyptotis scutirostrum,MLP_multi_with_coords,spatial,True,0,0.3290686956481887,-110250.872026258,6831561.92472725
128,1019,Coeranoscincus reticulatus,MLP_multi_with_coords,spatial,True,0,0.7511701338624368,-110250.872026258,6831561.92472725
128,1020,Egernia mcpheei,MLP_multi_with_coords,spatial,True,0,0.18662245298794422,-110250.872026258,6831561.92472725
128,1021,Eulamprus murrayi,MLP_multi_with_coords,spatial,True,0,0.17667899024139766,-110250.872026258,6831561.92472725
128,1022,Ophioscincus truncatus,MLP_multi_with_coords,spatial,True,0,0.8868660563422619,-110250.872026258,6831561.92472725
128,1023,Pseudechis porphyricaus,MLP_multi_with_coords,spatial,True,0,0.21454457656290746,-110250.872026258,6831561.92472725
128,1024,Saltuarius swaini,MLP_multi_with_coords,spatial,True,0,0.2148998918534174,-110250.872026258,6831561.92472725
130,1033,Cacophis kreftii,MLP_multi_with_coords,spatial,True,0,0.13655424661136664,-112831.744333792,6830836.54025889
130,1034,Calyptotis scutirostrum,MLP_multi_with_coords,spatial,True,0,0.2567383800977881,-112831.744333792,6830836.54025889
130,1035,Coeranoscincus reticulatus,MLP_multi_with_coords,spatial,True,0,0.49459666054233803,-112831.744333792,6830836.54025889
130,1036,Egernia mcpheei,MLP_multi_with_coords,spatial,True,0,0.04325082528102145,-112831.744333792,6830836.54025889
130,1037,Eulamprus murrayi,MLP_multi_with_coords,spatial,True,0,0.04037041125640035,-112831.744333792,6830836.54025889
130,1038,Ophioscincus truncatus,MLP_multi_with_coords,spatial,True,0,0.27926105473840357,-112831.744333792,6830836.54025889
130,1039,Pseudechis porphyricaus,MLP_multi_with_coords,spatial,True,0,0.02302220388296179,-112831.744333792,6830836.54025889
130,1040,Saltuarius swaini,MLP_multi_with_coords,spatial,True,0,0.03475369434343423,-112831.744333792,6830836.54025889
132,1049,Cacophis kreftii,MLP_multi_with_coords,spatial,True,0,0.05605388093756972,-105801.162580743,6831179.93507326
132,1050,Calyptotis scutirostrum,MLP_multi_with_coords,spatial,True,0,0.34508865152225754,-105801.162580743,6831179.93507326
132,1051,Coeranoscincus reticulatus,MLP_multi_with_coords,spatial,True,0,0.23125396473876533,-105801.162580743,6831179.93507326
132,1052,Egernia mcpheei,MLP_multi_with_coords,spatial,True,0,0.026310171118736857,-105801.162580743,6831179.93507326
132,1053,Eulamprus murrayi,MLP_multi_with_coords,spatial,True,0,0.006365629963670682,-105801.162580743,6831179.93507326
132,1054,Ophioscincus truncatus,MLP_multi_with_coords,spatial,True,0,0.2499076157918905,-105801.162580743,6831179.93507326
132,1055,Pseudechis porphyricaus,MLP_multi_with_coords,spatial,True,0,0.003994095444042589,-105801.162580743,6831179.93507326
132,1056,Saltuarius swaini,MLP_multi_with_coords,spatial,True,0,0.0043798651840578524,-105801.162580743,6831179.93507326
134,1065,Cacophis kreftii,MLP_multi_with_coords,spatial,True,0,0.11887255898167796,-109785.840498241,6830382.55130941
134,1066,Calyptotis scutirostrum,MLP_multi_with_coords,spatial,True,0,0.2463019049007604,-109785.840498241,6830382.55130941
134,1067,Coeranoscincus reticulatus,MLP_multi_with_coords,spatial,True,0,0.11345710901582946,-109785.840498241,6830382.55130941
134,1068,Egernia mcpheei,MLP_multi_with_coords,spatial,True,0,0.0270284242890103,-109785.840498241,6830382.55130941
134,1069,Eulamprus murrayi,MLP_multi_with_coords,spatial,True,0,0.0075859511817336885,-109785.840498241,6830382.55130941
134,1070,Ophioscincus truncatus,MLP_multi_with_coords,spatial,True,0,0.7433937534087746,-109785.840498241,6830382.55130941
134,1071,Pseudechis porphyricaus,MLP_multi_with_coords,spatial,True,0,0.005382306079212352,-109785.840498241,6830382.55130941
134,1072,Saltuarius swaini,MLP_multi_with_coords,spatial,True,0,0.012970107999685298,-109785.840498241,6830382.55130941
135,1073,Cacophis kreftii,MLP_multi_with_coords,spatial,True,0,0.09660907854004622,-60576.6608829403,6831437.80904093
135,1074,Calyptotis scutirostrum,MLP_multi_with_coords,spatial,True,0,0.12625045842906749,-60576.6608829403,6831437.80904093
135,1075,Coeranoscincus reticulatus,MLP_multi_with_coords,spatial,True,0,0.034282956865218546,-60576.6608829403,6831437.80904093
135,1076,Egernia mcpheei,MLP_multi_with_coords,spatial,True,0,0.018795423320601988,-60576.6608829403,6831437.80904093
135,1077,Eulamprus murrayi,MLP_multi_with_coords,spatial,True,0,0.006195322509381122,-60576.6608829403,6831437.80904093
135,1078,Ophioscincus truncatus,MLP_multi_with_coords,spatial,True,1,0.7444382543756092,-60576.6608829403,6831437.80904093
135,1079,Pseudechis porphyricaus,MLP_multi_with_coords,spatial,True,0,0.0066518009768303,-60576.6608829403,6831437.80904093
135,1080,Saltuarius swaini,MLP_multi_with_coords,spatial,True,0,0.01764647856586729,-60576.6608829403,6831437.80904093
136,1081,Cacophis kreftii,MLP_multi_with_coords,spatial,True,0,0.027950044778491914,-62745.5415882464,6830732.52392328
136,1082,Calyptotis scutirostrum,MLP_multi_with_coords,spatial,True,0,0.03123504614988569,-62745.5415882464,6830732.52392328
136,1083,Coeranoscincus reticulatus,MLP_multi_with_coords,spatial,True,0,0.027719990137225196,-62745.5415882464,6830732.52392328
136,1084,Egernia mcpheei,MLP_multi_with_coords,spatial,True,0,0.003080021127092083,-62745.5415882464,6830732.52392328
136,1085,Eulamprus murrayi,MLP_multi_with_coords,spatial,True,0,0.003048519072521081,-62745.5415882464,6830732.52392328
136,1086,Ophioscincus truncatus,MLP_multi_with_coords,spatial,True,1,0.2971712416008341,-62745.5415882464,6830732.52392328
136,1087,Pseudechis porphyricaus,MLP_multi_with_coords,spatial,True,0,0.002658922523951157,-62745.5415882464,6830732.52392328
136,1088,Saltuarius swaini,MLP_multi_with_coords,spatial,True,0,0.00463600346921917,-62745.5415882464,6830732.52392328
137,1089,Cacophis kreftii,MLP_multi_with_coords,spatial,True,0,0.039435418411540316,-59930.1265788042,6830667.09207023
137,1090,Calyptotis scutirostrum,MLP_multi_with_coords,spatial,True,0,0.05998192018132102,-59930.1265788042,6830667.09207023
137,1091,Coeranoscincus reticulatus,MLP_multi_with_coords,spatial,True,0,0.050988534964220115,-59930.1265788042,6830667.09207023
137,1092,Egernia mcpheei,MLP_multi_with_coords,spatial,True,0,0.007505193370590585,-59930.1265788042,6830667.09207023
137,1093,Eulamprus murrayi,MLP_multi_with_coords,spatial,True,0,0.011918178013537251,-59930.1265788042,6830667.09207023
137,1094,Ophioscincus truncatus,MLP_multi_with_coords,spatial,True,0,0.07249511490443605,-59930.1265788042,6830667.09207023
137,1095,Pseudechis porphyricaus,MLP_multi_with_coords,spatial,True,0,0.0065082725395783116,-59930.1265788042,6830667.09207023
137,1096,Saltuarius swaini,MLP_multi_with_coords,spatial,True,0,0.007723348965392283,-59930.1265788042,6830667.09207023
138,1097,Cacophis kreftii,MLP_multi_with_coords,spatial,True,0,0.013397301465624099,-33656.1895879237,6831782.75910205
138,1098,Calyptotis scutirostrum,MLP_multi_with_coords,spatial,True,0,0.0842062559729159,-33656.1895879237,6831782.75910205
138,1099,Coeranoscincus reticulatus,MLP_multi_with_coords,spatial,True,0,0.012318503656405647,-33656.1895879237,6831782.75910205
138,1100,Egernia mcpheei,MLP_multi_with_coords,spatial,True,0,0.013774191377747675,-33656.1895879237,6831782.75910205
138,1101,Eulamprus murrayi,MLP_multi_with_coords,spatial,True,0,0.0014060909750376455,-33656.1895879237,6831782.75910205
138,1102,Ophioscincus truncatus,MLP_multi_with_coords,spatial,True,0,0.0602281087146964,-33656.1895879237,6831782.75910205
138,1103,Pseudechis porphyricaus,MLP_multi_with_coords,spatial,True,0,0.0007087461147805515,-33656.1895879237,6831782.75910205
138,1104,Saltuarius swaini,MLP_multi_with_coords,spatial,True,0,0.0025763823528189697,-33656.1895879237,6831782.75910205
139,1105,Cacophis kreftii,MLP_multi_with_coords,spatial,True,0,0.0661918319237922,-60097.6324680274,6830057.84195886
139,1106,Calyptotis scutirostrum,MLP_multi_with_coords,spatial,True,0,0.2128754085310228,-60097.6324680274,6830057.84195886
139,1107,Coeranoscincus reticulatus,MLP_multi_with_coords,spatial,True,0,0.06381345064223978,-60097.6324680274,6830057.84195886
139,1108,Egernia mcpheei,MLP_multi_with_coords,spatial,True,0,0.03684685424520364,-60097.6324680274,6830057.84195886
139,1109,Eulamprus murrayi,MLP_multi_with_coords,spatial,True,0,0.008361866096044638,-60097.6324680274,6830057.84195886
139,1110,Ophioscincus truncatus,MLP_multi_with_coords,spatial,True,1,0.2590761053546897,-60097.6324680274,6830057.84195886
139,1111,Pseudechis porphyricaus,MLP_multi_with_coords,spatial,True,0,0.006281212711553835,-60097.6324680274,6830057.84195886
139,1112,Saltuarius swaini,MLP_multi_with_coords,spatial,True,0,0.01091294311436698,-60097.6324680274,6830057.84195886
140,1113,Cacophis kreftii,MLP_multi_with_coords,spatial,True,0,0.030368599462506262,-59480.1149542754,6829686.55327432
140,1114,Calyptotis scutirostrum,MLP_multi_with_coords,spatial,True,0,0.025404136505560674,-59480.1149542754,6829686.55327432
140,1115,Coeranoscincus reticulatus,MLP_multi_with_coords,spatial,True,0,0.021301002235713823,-59480.1149542754,6829686.55327432
140,1116,Egernia mcpheei,MLP_multi_with_coords,spatial,True,0,0.00483515997711526,-59480.1149542754,6829686.55327432
140,1117,Eulamprus murrayi,MLP_multi_with_coords,spatial,True,0,0.003424266211501773,-59480.1149542754,6829686.55327432
140,1118,Ophioscincus truncatus,MLP_multi_with_coords,spatial,True,0,0.2775881281261832,-59480.1149542754,6829686.55327432
140,1119,Pseudechis porphyricaus,MLP_multi_with_coords,spatial,True,0,0.003841344937385537,-59480.1149542754,6829686.55327432
140,1120,Saltuarius swaini,MLP_multi_with_coords,spatial,True,0,0.012490800980149045,-59480.1149542754,6829686.55327432
141,1121,Cacophis kreftii,MLP_multi_with_coords,spatial,True,0,0.016163902903918313,-59274.1159834863,6829696.39928037
141,1122,Calyptotis scutirostrum,MLP_multi_with_coords,spatial,True,0,0.020121759741790944,-59274.1159834863,6829696.39928037
141,1123,Coeranoscincus reticulatus,MLP_multi_with_coords,spatial,True,0,0.024324072867756827,-59274.1159834863,6829696.39928037
141,1124,Egernia mcpheei,MLP_multi_with_coords,spatial,True,0,0.0031814899970782897,-59274.1159834863,6829696.39928037
141,1125,Eulamprus murrayi,MLP_multi_with_coords,spatial,True,0,0.002845507549361497,-59274.1159834863,6829696.39928037
141,1126,Ophioscincus truncatus,MLP_multi_with_coords,spatial,True,0,0.18546274915545197,-59274.1159834863,6829696.39928037
141,1127,Pseudechis porphyricaus,MLP_multi_with_coords,spatial,True,0,0.0032304942906791656,-59274.1159834863,6829696.39928037
141,1128,Saltuarius swaini,MLP_multi_with_coords,spatial,True,0,0.008208914151429832,-59274.1159834863,6829696.39928037
142,1129,Cacophis kreftii,MLP_multi_with_coords,spatial,True,0,0.02168850509502565,-58470.0105331185,6829534.39062915
142,1130,Calyptotis scutirostrum,MLP_multi_with_coords,spatial,True,1,0.033787295875362604,-58470.0105331185,6829534.39062915
142,1131,Coeranoscincus reticulatus,MLP_multi_with_coords,spatial,True,0,0.01626629730753437,-58470.0105331185,6829534.39062915
142,1132,Egernia mcpheei,MLP_multi_with_coords,spatial,True,0,0.00438530997722971,-58470.0105331185,6829534.39062915
142,1133,Eulamprus murrayi,MLP_multi_with_coords,spatial,True,0,0.0026477243160684364,-58470.0105331185,6829534.39062915
142,1134,Ophioscincus truncatus,MLP_multi_with_coords,spatial,True,0,0.1313196986751032,-58470.0105331185,6829534.39062915
142,1135,Pseudechis porphyricaus,MLP_multi_with_coords,spatial,True,0,0.002464679493415158,-58470.0105331185,6829534.39062915
142,1136,Saltuarius swaini,MLP_multi_with_coords,spatial,True,0,0.0036522436749403283,-58470.0105331185,6829534.39062915
143,1137,Cacophis kreftii,MLP_multi_with_coords,spatial,True,0,0.004126888730115491,-58067.8332822076,6829553.57641624
143,1138,Calyptotis scutirostrum,MLP_multi_with_coords,spatial,True,1,0.004840810422886965,-58067.8332822076,6829553.57641624
143,1139,Coeranoscincus reticulatus,MLP_multi_with_coords,spatial,True,0,0.0030281277500018217,-58067.8332822076,6829553.57641624
143,1140,Egernia mcpheei,MLP_multi_with_coords,spatial,True,0,0.0008675482048329784,-58067.8332822076,6829553.57641624
143,1141,Eulamprus murrayi,MLP_multi_with_coords,spatial,True,0,0.00045615846946410644,-58067.8332822076,6829553.57641624
143,1142,Ophioscincus truncatus,MLP_multi_with_coords,spatial,True,0,0.05858760106912427,-58067.8332822076,6829553.57641624
143,1143,Pseudechis porphyricaus,MLP_multi_with_coords,spatial,True,0,0.0005911340071726143,-58067.8332822076,6829553.57641624
143,1144,Saltuarius swaini,MLP_multi_with_coords,spatial,True,0,0.0012246990039854143,-58067.8332822076,6829553.57641624
144,1145,Cacophis kreftii,MLP_multi_with_coords,spatial,True,0,0.0024137396910884875,-35003.9025977263,6830519.3124224
144,1146,Calyptotis scutirostrum,MLP_multi_with_coords,spatial,True,0,0.002300935098428647,-35003.9025977263,6830519.3124224
144,1147,Coeranoscincus reticulatus,MLP_multi_with_coords,spatial,True,0,0.002942488994153383,-35003.9025977263,6830519.3124224
144,1148,Egernia mcpheei,MLP_multi_with_coords,spatial,True,0,0.0014556130495631176,-35003.9025977263,6830519.3124224
144,1149,Eulamprus murrayi,MLP_multi_with_coords,spatial,True,0,0.0008612701281061115,-35003.9025977263,6830519.3124224
144,1150,Ophioscincus truncatus,MLP_multi_with_coords,spatial,True,0,0.007852112193830425,-35003.9025977263,6830519.3124224
144,1151,Pseudechis porphyricaus,MLP_multi_with_coords,spatial,True,0,0.001267551058773635,-35003.9025977263,6830519.3124224
144,1152,Saltuarius swaini,MLP_multi_with_coords,spatial,True,0,0.0056597658918265585,-35003.9025977263,6830519.3124224
145,1153,Cacophis kreftii,MLP_multi_with_coords,spatial,True,0,0.030065737483469315,-57852.3087704955,6829363.4472621
145,1154,Calyptotis scutirostrum,MLP_multi_with_coords,spatial,True,0,0.03607334754966804,-57852.3087704955,6829363.4472621
145,1155,Coeranoscincus reticulatus,MLP_multi_with_coords,spatial,True,0,0.010166744722179452,-57852.3087704955,6829363.4472621
145,1156,Egernia mcpheei,MLP_multi_with_coords,spatial,True,0,0.00626288039362902,-57852.3087704955,6829363.4472621
145,1157,Eulamprus murrayi,MLP_multi_with_coords,spatial,True,0,0.003060426051047799,-57852.3087704955,6829363.4472621
145,1158,Ophioscincus truncatus,MLP_multi_with_coords,spatial,True,0,0.4418741051209904,-57852.3087704955,6829363.4472621
145,1159,Pseudechis porphyricaus,MLP_multi_with_coords,spatial,True,0,0.0032937486060886957,-57852.3087704955,6829363.4472621
145,1160,Saltuarius swaini,MLP_multi_with_coords,spatial,True,0,0.010050310050538658,-57852.3087704955,6829363.4472621
146,1161,Cacophis kreftii,MLP_multi_with_coords,spatial,True,0,0.0023250826421660964,-34994.2569791634,6830308.29905931
146,1162,Calyptotis scutirostrum,MLP_multi_with_coords,spatial,True,0,0.0021633132398646815,-34994.2569791634,6830308.29905931
146,1163,Coeranoscincus reticulatus,MLP_multi_with_coords,spatial,True,0,0.0031999056186879375,-34994.2569791634,6830308.29905931
146,1164,Egernia mcpheei,MLP_multi_with_coords,spatial,True,0,0.001463013412737067,-34994.2569791634,6830308.29905931
146,1165,Eulamprus murrayi,MLP_multi_with_coords,spatial,True,0,0.0010032008387467473,-34994.2569791634,6830308.29905931
146,1166,Ophioscincus truncatus,MLP_multi_with_coords,spatial,True,0,0.007392835347029597,-34994.2569791634,6830308.29905931
146,1167,Pseudechis porphyricaus,MLP_multi_with_coords,spatial,True,0,0.0014519117995981244,-34994.2569791634,6830308.29905931
146,1168,Saltuarius swaini,MLP_multi_with_coords,spatial,True,0,0.006325637509441483,-34994.2569791634,6830308.29905931
147,1169,Cacophis kreftii,MLP_multi_with_coords,spatial,True,0,0.10169375405982754,-58647.1030221649,6829125.12230747
147,1170,Calyptotis scutirostrum,MLP_multi_with_coords,spatial,True,0,0.09680540187650528,-58647.1030221649,6829125.12230747
147,1171,Coeranoscincus reticulatus,MLP_multi_with_coords,spatial,True,0,0.03368111405746613,-58647.1030221649,6829125.12230747
147,1172,Egernia mcpheei,MLP_multi_with_coords,spatial,True,0,0.022751287183460294,-58647.1030221649,6829125.12230747
147,1173,Eulamprus murrayi,MLP_multi_with_coords,spatial,True,0,0.011183517018993654,-58647.1030221649,6829125.12230747
147,1174,Ophioscincus truncatus,MLP_multi_with_coords,spatial,True,1,0.727515376837745,-58647.1030221649,6829125.12230747
147,1175,Pseudechis porphyricaus,MLP_multi_with_coords,spatial,True,0,0.011419852185930878,-58647.1030221649,6829125.12230747
147,1176,Saltuarius swaini,MLP_multi_with_coords,spatial,True,0,0.034147130232780154,-58647.1030221649,6829125.12230747
148,1177,Cacophis kreftii,MLP_multi_with_coords,spatial,True,0,0.0756332907875446,-59039.7148912014,6828905.9612443
148,1178,Calyptotis scutirostrum,MLP_multi_with_coords,spatial,True,1,0.06420441007333531,-59039.7148912014,6828905.9612443
148,1179,Coeranoscincus reticulatus,MLP_multi_with_coords,spatial,True,0,0.019436761766360718,-59039.7148912014,6828905.9612443
148,1180,Egernia mcpheei,MLP_multi_with_coords,spatial,True,1,0.01654827585270754,-59039.7148912014,6828905.9612443
148,1181,Eulamprus murrayi,MLP_multi_with_coords,spatial,True,0,0.007853571746242053,-59039.7148912014,6828905.9612443
148,1182,Ophioscincus truncatus,MLP_multi_with_coords,spatial,True,1,0.7102208890456436,-59039.7148912014,6828905.9612443
148,1183,Pseudechis porphyricaus,MLP_multi_with_coords,spatial,True,0,0.00866817708637475,-59039.7148912014,6828905.9612443
148,1184,Saltuarius swaini,MLP_multi_with_coords,spatial,True,0,0.025332288869024118,-59039.7148912014,6828905.9612443
149,1185,Cacophis kreftii,MLP_multi_with_coords,spatial,True,0,0.15881734590859023,-58039.2252902132,6828953.72338296
149,1186,Calyptotis scutirostrum,MLP_multi_with_coords,spatial,True,1,0.22333255016338635,-58039.2252902132,6828953.72338296
149,1187,Coeranoscincus reticulatus,MLP_multi_with_coords,spatial,True,0,0.06829912852429036,-58039.2252902132,6828953.72338296
149,1188,Egernia mcpheei,MLP_multi_with_coords,spatial,True,0,0.03772139082121565,-58039.2252902132,6828953.72338296
149,1189,Eulamprus murrayi,MLP_multi_with_coords,spatial,True,0,0.012158902288955836,-58039.2252902132,6828953.72338296
149,1190,Ophioscincus truncatus,MLP_multi_with_coords,spatial,True,0,0.8290994215812539,-58039.2252902132,6828953.72338296
149,1191,Pseudechis porphyricaus,MLP_multi_with_coords,spatial,True,0,0.009964962465570243,-58039.2252902132,6828953.72338296
149,1192,Saltuarius swaini,MLP_multi_with_coords,spatial,True,0,0.028111876505302565,-58039.2252902132,6828953.72338296
150,1193,Cacophis kreftii,MLP_multi_with_coords,spatial,True,0,0.002257299951687709,-34359.3605187094,6829747.4641776
150,1194,Calyptotis scutirostrum,MLP_multi_with_coords,spatial,True,0,0.0017303910914395226,-34359.3605187094,6829747.4641776
150,1195,Coeranoscincus reticulatus,MLP_multi_with_coords,spatial,True,0,0.0031935305472011654,-34359.3605187094,6829747.4641776
150,1196,Egernia mcpheei,MLP_multi_with_coords,spatial,True,0,0.001325678585062414,-34359.3605187094,6829747.4641776
150,1197,Eulamprus murrayi,MLP_multi_with_coords,spatial,True,0,0.0009816947797954088,-34359.3605187094,6829747.4641776
150,1198,Ophioscincus truncatus,MLP_multi_with_coords,spatial,True,0,0.007043010670380002,-34359.3605187094,6829747.4641776
150,1199,Pseudechis porphyricaus,MLP_multi_with_coords,spatial,True,0,0.0014164665146471688,-34359.3605187094,6829747.4641776
150,1200,Saltuarius swaini,MLP_multi_with_coords,spatial,True,0,0.006242918259409682,-34359.3605187094,6829747.4641776
151,1201,Cacophis kreftii,MLP_multi_with_coords,spatial,True,0,0.0024764471720526817,-34751.7720567721,6829518.08321835
151,1202,Calyptotis scutirostrum,MLP_multi_with_coords,spatial,True,0,0.0019134887366984699,-34751.7720567721,6829518.08321835
151,1203,Coeranoscincus reticulatus,MLP_multi_with_coords,spatial,True,0,0.0035341084972746162,-34751.7720567721,6829518.08321835
151,1204,Egernia mcpheei,MLP_multi_with_coords,spatial,True,0,0.0014576357518096207,-34751.7720567721,6829518.08321835
151,1205,Eulamprus murrayi,MLP_multi_with_coords,spatial,True,0,0.0010868624003166907,-34751.7720567721,6829518.08321835
151,1206,Ophioscincus truncatus,MLP_multi_with_coords,spatial,True,0,0.007728195941970846,-34751.7720567721,6829518.08321835
151,1207,Pseudechis porphyricaus,MLP_multi_with_coords,spatial,True,0,0.0015796232118467787,-34751.7720567721,6829518.08321835
151,1208,Saltuarius swaini,MLP_multi_with_coords,spatial,True,0,0.007050873966227686,-34751.7720567721,6829518.08321835
152,1209,Cacophis kreftii,MLP_multi_with_coords,spatial,True,0,0.007608363504735937,-34733.497415081,6829118.26913623
152,1210,Calyptotis scutirostrum,MLP_multi_with_coords,spatial,True,0,0.016819117004249616,-34733.497415081,6829118.26913623
152,1211,Coeranoscincus reticulatus,MLP_multi_with_coords,spatial,True,0,0.01755810578090466,-34733.497415081,6829118.26913623
152,1212,Egernia mcpheei,MLP_multi_with_coords,spatial,True,0,0.0043392612472932055,-34733.497415081,6829118.26913623
152,1213,Eulamprus murrayi,MLP_multi_with_coords,spatial,True,0,0.0020043198636324126,-34733.497415081,6829118.26913623
152,1214,Ophioscincus truncatus,MLP_multi_with_coords,spatial,True,0,0.0334367073858881,-34733.497415081,6829118.26913623
152,1215,Pseudechis porphyricaus,MLP_multi_with_coords,spatial,True,0,0.002035116860021318,-34733.497415081,6829118.26913623
152,1216,Saltuarius swaini,MLP_multi_with_coords,spatial,True,0,0.010052061667762983,-34733.497415081,6829118.26913623
153,1217,Cacophis kreftii,MLP_multi_with_coords,spatial,True,0,0.3026015977747453,-56158.084536112,6827640.49763384
153,1218,Calyptotis scutirostrum,MLP_multi_with_coords,spatial,True,1,0.715370118437825,-56158.084536112,6827640.49763384
153,1219,Coeranoscincus reticulatus,MLP_multi_with_coords,spatial,True,0,0.24439073279958598,-56158.084536112,6827640.49763384
153,1220,Egernia mcpheei,MLP_multi_with_coords,spatial,True,0,0.18611033422829232,-56158.084536112,6827640.49763384
153,1221,Eulamprus murrayi,MLP_multi_with_coords,spatial,True,0,0.03667960175767901,-56158.084536112,6827640.49763384
153,1222,Ophioscincus truncatus,MLP_multi_with_coords,spatial,True,1,0.7507813670912572,-56158.084536112,6827640.49763384
153,1223,Pseudechis porphyricaus,MLP_multi_with_coords,spatial,True,0,0.02009511767376276,-56158.084536112,6827640.49763384
153,1224,Saltuarius swaini,MLP_multi_with_coords,spatial,True,0,0.05277788656941381,-56158.084536112,6827640.49763384
154,1225,Cacophis kreftii,MLP_multi_with_coords,spatial,True,0,0.05108690471521252,-56718.2495163478,6826812.23539331
154,1226,Calyptotis scutirostrum,MLP_multi_with_coords,spatial,True,0,0.21487670318263644,-56718.2495163478,6826812.23539331
154,1227,Coeranoscincus reticulatus,MLP_multi_with_coords,spatial,True,0,0.03596176644090741,-56718.2495163478,6826812.23539331
154,1228,Egernia mcpheei,MLP_multi_with_coords,spatial,True,0,0.045028315424822864,-56718.2495163478,6826812.23539331
154,1229,Eulamprus murrayi,MLP_multi_with_coords,spatial,True,0,0.006405322621248357,-56718.2495163478,6826812.23539331
154,1230,Ophioscincus truncatus,MLP_multi_with_coords,spatial,True,1,0.2246865760991113,-56718.2495163478,6826812.23539331
154,1231,Pseudechis porphyricaus,MLP_multi_with_coords,spatial,True,0,0.004567679552978301,-56718.2495163478,6826812.23539331
154,1232,Saltuarius swaini,MLP_multi_with_coords,spatial,True,0,0.011112999213895351,-56718.2495163478,6826812.23539331
155,1233,Cacophis kreftii,MLP_multi_with_coords,spatial,True,0,0.15009000147148963,-59120.6295586857,6826486.03756181
155,1234,Calyptotis scutirostrum,MLP_multi_with_coords,spatial,True,0,0.371473121995247,-59120.6295586857,6826486.03756181
155,1235,Coeranoscincus reticulatus,MLP_multi_with_coords,spatial,True,0,0.14543219494749648,-59120.6295586857,6826486.03756181
155,1236,Egernia mcpheei,MLP_multi_with_coords,spatial,True,0,0.06309125959034903,-59120.6295586857,6826486.03756181
155,1237,Eulamprus murrayi,MLP_multi_with_coords,spatial,True,0,0.01236081399026788,-59120.6295586857,6826486.03756181
155,1238,Ophioscincus truncatus,MLP_multi_with_coords,spatial,True,0,0.7347270153343627,-59120.6295586857,6826486.03756181
155,1239,Pseudechis porphyricaus,MLP_multi_with_coords,spatial,True,0,0.010770490063498495,-59120.6295586857,6826486.03756181
155,1240,Saltuarius swaini,MLP_multi_with_coords,spatial,True,0,0.04258610236984842,-59120.6295586857,6826486.03756181
156,1241,Cacophis kreftii,MLP_multi_with_coords,spatial,True,0,0.0630347400816954,-57101.2660895063,6826393.18209589
156,1242,Calyptotis scutirostrum,MLP_multi_with_coords,spatial,True,1,0.10937856831509496,-57101.2660895063,6826393.18209589
156,1243,Coeranoscincus reticulatus,MLP_multi_with_coords,spatial,True,0,0.11875702821990283,-57101.2660895063,6826393.18209589
156,1244,Egernia mcpheei,MLP_multi_with_coords,spatial,True,0,0.030056170964616467,-57101.2660895063,6826393.18209589
156,1245,Eulamprus murrayi,MLP_multi_with_coords,spatial,True,0,0.012519491015689915,-57101.2660895063,6826393.18209589
156,1246,Ophioscincus truncatus,MLP_multi_with_coords,spatial,True,0,0.18685904620314123,-57101.2660895063,6826393.18209589
156,1247,Pseudechis porphyricaus,MLP_multi_with_coords,spatial,True,0,0.009763013356785198,-57101.2660895063,6826393.18209589
156,1248,Saltuarius swaini,MLP_multi_with_coords,spatial,True,0,0.0414031466028776,-57101.2660895063,6826393.18209589
157,1249,Cacophis kreftii,MLP_multi_with_coords,spatial,True,0,0.2655673579842824,-57287.8605910979,6826183.88283365
157,1250,Calyptotis scutirostrum,MLP_multi_with_coords,spatial,True,1,0.7117597698360187,-57287.8605910979,6826183.88283365
157,1251,Coeranoscincus reticulatus,MLP_multi_with_coords,spatial,True,0,0.28926278885909296,-57287.8605910979,6826183.88283365
157,1252,Egernia mcpheei,MLP_multi_with_coords,spatial,True,0,0.21471812408576216,-57287.8605910979,6826183.88283365
157,1253,Eulamprus murrayi,MLP_multi_with_coords,spatial,True,0,0.033883235793802806,-57287.8605910979,6826183.88283365
157,1254,Ophioscincus truncatus,MLP_multi_with_coords,spatial,True,0,0.7057925810180087,-57287.8605910979,6826183.88283365
157,1255,Pseudechis porphyricaus,MLP_multi_with_coords,spatial,True,0,0.01923654234751789,-57287.8605910979,6826183.88283365
157,1256,Saltuarius swaini,MLP_multi_with_coords,spatial,True,0,0.06810425886356582,-57287.8605910979,6826183.88283365
158,1257,Cacophis kreftii,MLP_multi_with_coords,spatial,True,0,0.16820940721726385,-57091.7358988385,6826193.23264818
158,1258,Calyptotis scutirostrum,MLP_multi_with_coords,spatial,True,0,0.6294679797380122,-57091.7358988385,6826193.23264818
158,1259,Coeranoscincus reticulatus,MLP_multi_with_coords,spatial,True,0,0.16266907727972413,-57091.7358988385,6826193.23264818
158,1260,Egernia mcpheei,MLP_multi_with_coords,spatial,True,0,0.1511371573638417,-57091.7358988385,6826193.23264818
158,1261,Eulamprus murrayi,MLP_multi_with_coords,spatial,True,0,0.019621320991356963,-57091.7358988385,6826193.23264818
158,1262,Ophioscincus truncatus,MLP_multi_with_coords,spatial,True,1,0.5682705302407088,-57091.7358988385,6826193.23264818
158,1263,Pseudechis porphyricaus,MLP_multi_with_coords,spatial,True,0,0.009288678786134413,-57091.7358988385,6826193.23264818
158,1264,Saltuarius swaini,MLP_multi_with_coords,spatial,True,0,0.03598018303496566,-57091.7358988385,6826193.23264818
159,1265,Cacophis kreftii,MLP_multi_with_coords,spatial,True,0,0.27697731192996544,-57278.3264609204,6825983.9330077
159,1266,Calyptotis scutirostrum,MLP_multi_with_coords,spatial,True,0,0.7511750232769607,-57278.3264609204,6825983.9330077
159,1267,Coeranoscincus reticulatus,MLP_multi_with_coords,spatial,True,0,0.3065663596308361,-57278.3264609204,6825983.9330077
159,1268,Egernia mcpheei,MLP_multi_with_coords,spatial,True,0,0.24805013109102453,-57278.3264609204,6825983.9330077
159,1269,Eulamprus murrayi,MLP_multi_with_coords,spatial,True,0,0.04100640895487321,-57278.3264609204,6825983.9330077
159,1270,Ophioscincus truncatus,MLP_multi_with_coords,spatial,True,1,0.7191455771676311,-57278.3264609204,6825983.9330077
159,1271,Pseudechis porphyricaus,MLP_multi_with_coords,spatial,True,0,0.02101698482818826,-57278.3264609204,6825983.9330077
159,1272,Saltuarius swaini,MLP_multi_with_coords,spatial,True,0,0.07137878467222997,-57278.3264609204,6825983.9330077
160,1273,Cacophis kreftii,MLP_multi_with_coords,spatial,True,0,0.15868887040197338,-57082.2051583753,6825993.28319997
160,1274,Calyptotis scutirostrum,MLP_multi_with_coords,spatial,True,1,0.6152933795406564,-57082.2051583753,6825993.28319997
160,1275,Coeranoscincus reticulatus,MLP_multi_with_coords,spatial,True,0,0.14908961464656564,-57082.2051583753,6825993.28319997
160,1276,Egernia mcpheei,MLP_multi_with_coords,spatial,True,0,0.15300485393204985,-57082.2051583753,6825993.28319997
160,1277,Eulamprus murrayi,MLP_multi_with_coords,spatial,True,0,0.01921036263573964,-57082.2051583753,6825993.28319997
160,1278,Ophioscincus truncatus,MLP_multi_with_coords,spatial,True,0,0.5542377264742551,-57082.2051583753,6825993.28319997
160,1279,Pseudechis porphyricaus,MLP_multi_with_coords,spatial,True,0,0.008422815152086186,-57082.2051583753,6825993.28319997
160,1280,Saltuarius swaini,MLP_multi_with_coords,spatial,True,0,0.02941696777637358,-57082.2051583753,6825993.28319997
161,1281,Cacophis kreftii,MLP_multi_with_coords,spatial,True,0,0.1305160734605589,-57053.0800449767,6825382.32654951
161,1282,Calyptotis scutirostrum,MLP_multi_with_coords,spatial,True,0,0.557114631347054,-57053.0800449767,6825382.32654951
161,1283,Coeranoscincus reticulatus,MLP_multi_with_coords,spatial,True,0,0.12086550666114082,-57053.0800449767,6825382.32654951
161,1284,Egernia mcpheei,MLP_multi_with_coords,spatial,True,0,0.1313308694277633,-57053.0800449767,6825382.32654951
161,1285,Eulamprus murrayi,MLP_multi_with_coords,spatial,True,0,0.015326540983109111,-57053.0800449767,6825382.32654951
161,1286,Ophioscincus truncatus,MLP_multi_with_coords,spatial,True,1,0.48985542195650467,-57053.0800449767,6825382.32654951
161,1287,Pseudechis porphyricaus,MLP_multi_with_coords,spatial,True,0,0.0068260833114461555,-57053.0800449767,6825382.32654951
161,1288,Saltuarius swaini,MLP_multi_with_coords,spatial,True,0,0.024459851303849027,-57053.0800449767,6825382.32654951
162,1289,Cacophis kreftii,MLP_multi_with_coords,spatial,True,0,0.11608948359808713,-57436.0274871426,6824963.25226147
162,1290,Calyptotis scutirostrum,MLP_multi_with_coords,spatial,True,0,0.413769824263463,-57436.0274871426,6824963.25226147
162,1291,Coeranoscincus reticulatus,MLP_multi_with_coords,spatial,True,0,0.11193778920721532,-57436.0274871426,6824963.25226147
162,1292,Egernia mcpheei,MLP_multi_with_coords,spatial,True,0,0.06715018776514135,-57436.0274871426,6824963.25226147
162,1293,Eulamprus murrayi,MLP_multi_with_coords,spatial,True,0,0.011403003090527304,-57436.0274871426,6824963.25226147
162,1294,Ophioscincus truncatus,MLP_multi_with_coords,spatial,True,1,0.5368131733241526,-57436.0274871426,6824963.25226147
162,1295,Pseudechis porphyricaus,MLP_multi_with_coords,spatial,True,0,0.00874005558287657,-57436.0274871426,6824963.25226147
162,1296,Saltuarius swaini,MLP_multi_with_coords,spatial,True,0,0.04121812366997423,-57436.0274871426,6824963.25226147
163,1297,Cacophis kreftii,MLP_multi_with_coords,spatial,True,0,0.07173871342446554,-118090.3420558,6819503.16714623
163,1298,Calyptotis scutirostrum,MLP_multi_with_coords,spatial,True,0,0.17381177353173813,-118090.3420558,6819503.16714623
163,1299,Coeranoscincus reticulatus,MLP_multi_with_coords,spatial,True,1,0.3394144180756355,-118090.3420558,6819503.16714623
163,1300,Egernia mcpheei,MLP_multi_with_coords,spatial,True,0,0.014152929801456875,-118090.3420558,6819503.16714623
163,1301,Eulamprus murrayi,MLP_multi_with_coords,spatial,True,0,0.013622066791605948,-118090.3420558,6819503.16714623
163,1302,Ophioscincus truncatus,MLP_multi_with_coords,spatial,True,0,0.19556117346233792,-118090.3420558,6819503.16714623
163,1303,Pseudechis porphyricaus,MLP_multi_with_coords,spatial,True,0,0.014425333308258891,-118090.3420558,6819503.16714623
163,1304,Saltuarius swaini,MLP_multi_with_coords,spatial,True,0,0.011434876051238458,-118090.3420558,6819503.16714623
164,1305,Cacophis kreftii,MLP_multi_with_coords,spatial,True,0,0.0021138893933559445,-31234.0531967666,6823468.59821031
164,1306,Calyptotis scutirostrum,MLP_multi_with_coords,spatial,True,0,0.0015912820488218984,-31234.0531967666,6823468.59821031
164,1307,Coeranoscincus reticulatus,MLP_multi_with_coords,spatial,True,0,0.0030632753720743248,-31234.0531967666,6823468.59821031
164,1308,Egernia mcpheei,MLP_multi_with_coords,spatial,True,0,0.0012455036067943476,-31234.0531967666,6823468.59821031
164,1309,Eulamprus murrayi,MLP_multi_with_coords,spatial,True,0,0.0009366388372564941,-31234.0531967666,6823468.59821031
164,1310,Ophioscincus truncatus,MLP_multi_with_coords,spatial,True,0,0.006672747120309912,-31234.0531967666,6823468.59821031
164,1311,Pseudechis porphyricaus,MLP_multi_with_coords,spatial,True,0,0.0013790205506357647,-31234.0531967666,6823468.59821031
164,1312,Saltuarius swaini,MLP_multi_with_coords,spatial,True,0,0.006297367753154185,-31234.0531967666,6823468.59821031
165,1313,Cacophis kreftii,MLP_multi_with_coords,spatial,True,0,0.25075198128413395,-116199.528148125,6817786.39841097
165,1314,Calyptotis scutirostrum,MLP_multi_with_coords,spatial,True,0,0.2673300721787023,-116199.528148125,6817786.39841097
165,1315,Coeranoscincus reticulatus,MLP_multi_with_coords,spatial,True,0,0.6664587499058036,-116199.528148125,6817786.39841097
165,1316,Egernia mcpheei,MLP_multi_with_coords,spatial,True,0,0.05487909979759637,-116199.528148125,6817786.39841097
165,1317,Eulamprus murrayi,MLP_multi_with_coords,spatial,True,0,0.06610916392880006,-116199.528148125,6817786.39841097
165,1318,Ophioscincus truncatus,MLP_multi_with_coords,spatial,True,0,0.641995181276677,-116199.528148125,6817786.39841097
165,1319,Pseudechis porphyricaus,MLP_multi_with_coords,spatial,True,0,0.04870744913654134,-116199.528148125,6817786.39841097
165,1320,Saltuarius swaini,MLP_multi_with_coords,spatial,True,0,0.05557902153981156,-116199.528148125,6817786.39841097
166,1321,Cacophis kreftii,MLP_multi_with_coords,spatial,True,0,0.05768707882448488,-115961.85299911,6817197.07567746
166,1322,Calyptotis scutirostrum,MLP_multi_with_coords,spatial,True,1,0.09260936181141267,-115961.85299911,6817197.07567746
166,1323,Coeranoscincus reticulatus,MLP_multi_with_coords,spatial,True,0,0.5274025204688859,-115961.85299911,6817197.07567746
166,1324,Egernia mcpheei,MLP_multi_with_coords,spatial,True,0,0.011508464551481133,-115961.85299911,6817197.07567746
166,1325,Eulamprus murrayi,MLP_multi_with_coords,spatial,True,0,0.021043961607025756,-115961.85299911,6817197.07567746
166,1326,Ophioscincus truncatus,MLP_multi_with_coords,spatial,True,0,0.14642628588440115,-115961.85299911,6817197.07567746
166,1327,Pseudechis porphyricaus,MLP_multi_with_coords,spatial,True,0,0.032116817545288945,-115961.85299911,6817197.07567746
166,1328,Saltuarius swaini,MLP_multi_with_coords,spatial,True,0,0.020372530973308597,-115961.85299911,6817197.07567746
167,1329,Cacophis kreftii,MLP_multi_with_coords,spatial,True,0,0.13414565499877285,-115156.930903262,6817038.96223258
167,1330,Calyptotis scutirostrum,MLP_multi_with_coords,spatial,True,0,0.2535446779959217,-115156.930903262,6817038.96223258
167,1331,Coeranoscincus reticulatus,MLP_multi_with_coords,spatial,True,0,0.49798814618975784,-115156.930903262,6817038.96223258
167,1332,Egernia mcpheei,MLP_multi_with_coords,spatial,True,0,0.04412205928490028,-115156.930903262,6817038.96223258
167,1333,Eulamprus murrayi,MLP_multi_with_coords,spatial,True,0,0.028712917370437796,-115156.930903262,6817038.96223258
167,1334,Ophioscincus truncatus,MLP_multi_with_coords,spatial,True,0,0.45637975543381715,-115156.930903262,6817038.96223258
167,1335,Pseudechis porphyricaus,MLP_multi_with_coords,spatial,True,0,0.028903709284486958,-115156.930903262,6817038.96223258
167,1336,Saltuarius swaini,MLP_multi_with_coords,spatial,True,0,0.05311887560671114,-115156.930903262,6817038.96223258
168,1337,Cacophis kreftii,MLP_multi_with_coords,spatial,True,0,0.14665324278591424,-114320.555073989,6816470.06822849
168,1338,Calyptotis scutirostrum,MLP_multi_with_coords,spatial,True,0,0.4407633055626016,-114320.555073989,6816470.06822849
168,1339,Coeranoscincus reticulatus,MLP_multi_with_coords,spatial,True,0,0.21695132472532933,-114320.555073989,6816470.06822849
168,1340,Egernia mcpheei,MLP_multi_with_coords,spatial,True,0,0.053766515720038446,-114320.555073989,6816470.06822849
168,1341,Eulamprus murrayi,MLP_multi_with_coords,spatial,True,0,0.01079334493052687,-114320.555073989,6816470.06822849
168,1342,Ophioscincus truncatus,MLP_multi_with_coords,spatial,True,0,0.4963254399072066,-114320.555073989,6816470.06822849
168,1343,Pseudechis porphyricaus,MLP_multi_with_coords,spatial,True,0,0.008572163680326858,-114320.555073989,6816470.06822849
168,1344,Saltuarius swaini,MLP_multi_with_coords,spatial,True,0,0.014607620935252398,-114320.555073989,6816470.06822849
169,1345,Cacophis kreftii,MLP_multi_with_coords,spatial,True,0,0.017642841682924893,-108876.433782581,6816343.47520397
169,1346,Calyptotis scutirostrum,MLP_multi_with_coords,spatial,True,0,0.04760121231853679,-108876.433782581,6816343.47520397
169,1347,Coeranoscincus reticulatus,MLP_multi_with_coords,spatial,True,0,0.15453290341756695,-108876.433782581,6816343.47520397
169,1348,Egernia mcpheei,MLP_multi_with_coords,spatial,True,0,0.00667225712420616,-108876.433782581,6816343.47520397
169,1349,Eulamprus murrayi,MLP_multi_with_coords,spatial,True,0,0.006291991659007224,-108876.433782581,6816343.47520397
169,1350,Ophioscincus truncatus,MLP_multi_with_coords,spatial,True,0,0.03430693583901674,-108876.433782581,6816343.47520397
169,1351,Pseudechis porphyricaus,MLP_multi_with_coords,spatial,True,0,0.005971835983590808,-108876.433782581,6816343.47520397
169,1352,Saltuarius swaini,MLP_multi_with_coords,spatial,True,0,0.0072228609276292245,-108876.433782581,6816343.47520397
170,1353,Cacophis kreftii,MLP_multi_with_coords,spatial,True,0,0.03574127327554839,-109030.042605492,6815332.43919622
170,1354,Calyptotis scutirostrum,MLP_multi_with_coords,spatial,True,0,0.08959857144651069,-109030.042605492,6815332.43919622
170,1355,Coeranoscincus reticulatus,MLP_multi_with_coords,spatial,True,1,0.23619364287692657,-109030.042605492,6815332.43919622
170,1356,Egernia mcpheei,MLP_multi_with_coords,spatial,True,0,0.010408152110598725,-109030.042605492,6815332.43919622
170,1357,Eulamprus murrayi,MLP_multi_with_coords,spatial,True,0,0.009013184321779524,-109030.042605492,6815332.43919622
170,1358,Ophioscincus truncatus,MLP_multi_with_coords,spatial,True,0,0.055643492431734096,-109030.042605492,6815332.43919622
170,1359,Pseudechis porphyricaus,MLP_multi_with_coords,spatial,True,0,0.006115425470810825,-109030.042605492,6815332.43919622
170,1360,Saltuarius swaini,MLP_multi_with_coords,spatial,True,0,0.0075312127935306915,-109030.042605492,6815332.43919622
171,1361,Cacophis kreftii,MLP_multi_with_coords,spatial,True,0,0.0022305087918404226,-27097.7448967228,6813229.19629307
171,1362,Calyptotis scutirostrum,MLP_multi_with_coords,spatial,True,0,0.0016147707007959197,-27097.7448967228,6813229.19629307
171,1363,Coeranoscincus reticulatus,MLP_multi_with_coords,spatial,True,0,0.0031606917513836786,-27097.7448967228,6813229.19629307
171,1364,Egernia mcpheei,MLP_multi_with_coords,spatial,True,0,0.0012226461691019598,-27097.7448967228,6813229.19629307
171,1365,Eulamprus murrayi,MLP_multi_with_coords,spatial,True,0,0.000955962608996135,-27097.7448967228,6813229.19629307
171,1366,Ophioscincus truncatus,MLP_multi_with_coords,spatial,True,0,0.007051426063169165,-27097.7448967228,6813229.19629307
171,1367,Pseudechis porphyricaus,MLP_multi_with_coords,spatial,True,0,0.00142318641894584,-27097.7448967228,6813229.19629307
171,1368,Saltuarius swaini,MLP_multi_with_coords,spatial,True,0,0.0067634938451605975,-27097.7448967228,6813229.19629307
172,1369,Cacophis kreftii,MLP_multi_with_coords,spatial,True,0,0.044603322478642,-148834.228828815,6806479.17622519
172,1370,Calyptotis scutirostrum,MLP_multi_with_coords,spatial,True,0,0.15388507968834667,-148834.228828815,6806479.17622519
172,1371,Coeranoscincus reticulatus,MLP_multi_with_coords,spatial,True,0,0.48383701134719653,-148834.228828815,6806479.17622519
172,1372,Egernia mcpheei,MLP_multi_with_coords,spatial,True,0,0.010280552277886478,-148834.228828815,6806479.17622519
172,1373,Eulamprus murrayi,MLP_multi_with_coords,spatial,True,0,0.017743502284690956,-148834.228828815,6806479.17622519
172,1374,Ophioscincus truncatus,MLP_multi_with_coords,spatial,True,0,0.05800285235502765,-148834.228828815,6806479.17622519
172,1375,Pseudechis porphyricaus,MLP_multi_with_coords,spatial,True,0,0.011201625507093988,-148834.228828815,6806479.17622519
172,1376,Saltuarius swaini,MLP_multi_with_coords,spatial,True,0,0.003808824895646629,-148834.228828815,6806479.17622519
173,1377,Cacophis kreftii,MLP_multi_with_coords,spatial,True,0,0.003040670919425631,-26864.9515665186,6812638.8314962
173,1378,Calyptotis scutirostrum,MLP_multi_with_coords,spatial,True,0,0.0037550880121418107,-26864.9515665186,6812638.8314962
173,1379,Coeranoscincus reticulatus,MLP_multi_with_coords,spatial,True,0,0.003774613683325915,-26864.9515665186,6812638.8314962
173,1380,Egernia mcpheei,MLP_multi_with_coords,spatial,True,0,0.002014614297439888,-26864.9515665186,6812638.8314962
173,1381,Eulamprus murrayi,MLP_multi_with_coords,spatial,True,0,0.000943541044535776,-26864.9515665186,6812638.8314962
173,1382,Ophioscincus truncatus,MLP_multi_with_coords,spatial,True,0,0.005877698892336975,-26864.9515665186,6812638.8314962
173,1383,Pseudechis porphyricaus,MLP_multi_with_coords,spatial,True,0,0.000985015132569689,-26864.9515665186,6812638.8314962
173,1384,Saltuarius swaini,MLP_multi_with_coords,spatial,True,0,0.003012927264163473,-26864.9515665186,6812638.8314962
174,1385,Cacophis kreftii,MLP_multi_with_coords,spatial,True,0,0.035241825260419836,-144171.518832433,6805913.46294023
174,1386,Calyptotis scutirostrum,MLP_multi_with_coords,spatial,True,0,0.08299377236087976,-144171.518832433,6805913.46294023
174,1387,Coeranoscincus reticulatus,MLP_multi_with_coords,spatial,True,0,0.38284566656122837,-144171.518832433,6805913.46294023
174,1388,Egernia mcpheei,MLP_multi_with_coords,spatial,True,0,0.007543620875279935,-144171.518832433,6805913.46294023
174,1389,Eulamprus murrayi,MLP_multi_with_coords,spatial,True,0,0.010981539686165675,-144171.518832433,6805913.46294023
174,1390,Ophioscincus truncatus,MLP_multi_with_coords,spatial,True,0,0.04483354191925332,-144171.518832433,6805913.46294023
174,1391,Pseudechis porphyricaus,MLP_multi_with_coords,spatial,True,0,0.011460551141739368,-144171.518832433,6805913.46294023
174,1392,Saltuarius swaini,MLP_multi_with_coords,spatial,True,0,0.004912220279489217,-144171.518832433,6805913.46294023
175,1393,Cacophis kreftii,MLP_multi_with_coords,spatial,True,0,0.0021298612867588695,-26614.0603685924,6811648.67695057
175,1394,Calyptotis scutirostrum,MLP_multi_with_coords,spatial,True,1,0.004787847352624853,-26614.0603685924,6811648.67695057
175,1395,Coeranoscincus reticulatus,MLP_multi_with_coords,spatial,True,0,0.0059152619939138625,-26614.0603685924,6811648.67695057
175,1396,Egernia mcpheei,MLP_multi_with_coords,spatial,True,0,0.0019924248140855846,-26614.0603685924,6811648.67695057
175,1397,Eulamprus murrayi,MLP_multi_with_coords,spatial,True,0,0.0008854071479476532,-26614.0603685924,6811648.67695057
175,1398,Ophioscincus truncatus,MLP_multi_with_coords,spatial,True,0,0.005516851163117921,-26614.0603685924,6811648.67695057
175,1399,Pseudechis porphyricaus,MLP_multi_with_coords,spatial,True,0,0.0008810765604970384,-26614.0603685924,6811648.67695057
175,1400,Saltuarius swaini,MLP_multi_with_coords,spatial,True,0,0.001638138822239041,-26614.0603685924,6811648.67695057
176,1401,Cacophis kreftii,MLP_multi_with_coords,spatial,True,0,0.04437977025324756,-146353.923264982,6805201.04834351
176,1402,Calyptotis scutirostrum,MLP_multi_with_coords,spatial,True,0,0.1722994424317857,-146353.923264982,6805201.04834351
176,1403,Coeranoscincus reticulatus,MLP_multi_with_coords,spatial,True,0,0.47260187369810264,-146353.923264982,6805201.04834351
176,1404,Egernia mcpheei,MLP_multi_with_coords,spatial,True,0,0.013585668217194681,-146353.923264982,6805201.04834351
176,1405,Eulamprus murrayi,MLP_multi_with_coords,spatial,True,0,0.016974010856290748,-146353.923264982,6805201.04834351
176,1406,Ophioscincus truncatus,MLP_multi_with_coords,spatial,True,0,0.056137055305190225,-146353.923264982,6805201.04834351
176,1407,Pseudechis porphyricaus,MLP_multi_with_coords,spatial,True,0,0.010501419591118933,-146353.923264982,6805201.04834351
176,1408,Saltuarius swaini,MLP_multi_with_coords,spatial,True,0,0.004983108910177947,-146353.923264982,6805201.04834351
177,1409,Cacophis kreftii,MLP_multi_with_coords,spatial,True,0,0.003221123817444985,-26577.824176917,6810849.10035356
177,1410,Calyptotis scutirostrum,MLP_multi_with_coords,spatial,True,0,0.007196575055973095,-26577.824176917,6810849.10035356
177,1411,Coeranoscincus reticulatus,MLP_multi_with_coords,spatial,True,0,0.00789005593674131,-26577.824176917,6810849.10035356
177,1412,Egernia mcpheei,MLP_multi_with_coords,spatial,True,0,0.003013482609228504,-26577.824176917,6810849.10035356
177,1413,Eulamprus murrayi,MLP_multi_with_coords,spatial,True,0,0.0012572534221019023,-26577.824176917,6810849.10035356
177,1414,Ophioscincus truncatus,MLP_multi_with_coords,spatial,True,0,0.00942986282753317,-26577.824176917,6810849.10035356
177,1415,Pseudechis porphyricaus,MLP_multi_with_coords,spatial,True,0,0.001091659744672141,-26577.824176917,6810849.10035356
177,1416,Saltuarius swaini,MLP_multi_with_coords,spatial,True,0,0.002515285964115267,-26577.824176917,6810849.10035356
178,1417,Cacophis kreftii,MLP_multi_with_coords,spatial,True,0,0.09630474679247608,-152179.201074767,6801082.64226836
178,1418,Calyptotis scutirostrum,MLP_multi_with_coords,spatial,True,0,0.09134295520252576,-152179.201074767,6801082.64226836
178,1419,Coeranoscincus reticulatus,MLP_multi_with_coords,spatial,True,1,0.6283962210386773,-152179.201074767,6801082.64226836
178,1420,Egernia mcpheei,MLP_multi_with_coords,spatial,True,0,0.01457474777907888,-152179.201074767,6801082.64226836
178,1421,Eulamprus murrayi,MLP_multi_with_coords,spatial,True,0,0.030735786607739776,-152179.201074767,6801082.64226836
178,1422,Ophioscincus truncatus,MLP_multi_with_coords,spatial,True,0,0.12647954561850622,-152179.201074767,6801082.64226836
178,1423,Pseudechis porphyricaus,MLP_multi_with_coords,spatial,True,0,0.023789283764632792,-152179.201074767,6801082.64226836
178,1424,Saltuarius swaini,MLP_multi_with_coords,spatial,True,0,0.011033076445609675,-152179.201074767,6801082.64226836
179,1425,Cacophis kreftii,MLP_multi_with_coords,spatial,True,0,0.07501695853138474,-158380.85988069,6800363.84186606
179,1426,Calyptotis scutirostrum,MLP_multi_with_coords,spatial,True,0,0.20733065877453138,-158380.85988069,6800363.84186606
179,1427,Coeranoscincus reticulatus,MLP_multi_with_coords,spatial,True,1,0.6052455150771423,-158380.85988069,6800363.84186606
179,1428,Egernia mcpheei,MLP_multi_with_coords,spatial,True,0,0.014827532331257743,-158380.85988069,6800363.84186606
179,1429,Eulamprus murrayi,MLP_multi_with_coords,spatial,True,0,0.02411503903027037,-158380.85988069,6800363.84186606
179,1430,Ophioscincus truncatus,MLP_multi_with_coords,spatial,True,0,0.11864802969363299,-158380.85988069,6800363.84186606
179,1431,Pseudechis porphyricaus,MLP_multi_with_coords,spatial,True,0,0.025884736766346013,-158380.85988069,6800363.84186606
179,1432,Saltuarius swaini,MLP_multi_with_coords,spatial,True,0,0.005202287166701365,-158380.85988069,6800363.84186606
180,1433,Cacophis kreftii,MLP_multi_with_coords,spatial,True,0,0.0024151915262098137,-29780.9705356891,6806663.75964171
180,1434,Calyptotis scutirostrum,MLP_multi_with_coords,spatial,True,0,0.001399115336396366,-29780.9705356891,6806663.75964171
180,1435,Coeranoscincus reticulatus,MLP_multi_with_coords,spatial,True,0,0.0036568955670354215,-29780.9705356891,6806663.75964171
180,1436,Egernia mcpheei,MLP_multi_with_coords,spatial,True,0,0.0012224240630153431,-29780.9705356891,6806663.75964171
180,1437,Eulamprus murrayi,MLP_multi_with_coords,spatial,True,0,0.0011254815776172928,-29780.9705356891,6806663.75964171
180,1438,Ophioscincus truncatus,MLP_multi_with_coords,spatial,True,0,0.007033287393302849,-29780.9705356891,6806663.75964171
180,1439,Pseudechis porphyricaus,MLP_multi_with_coords,spatial,True,0,0.0016922366326479086,-29780.9705356891,6806663.75964171
180,1440,Saltuarius swaini,MLP_multi_with_coords,spatial,True,0,0.007162930988025003,-29780.9705356891,6806663.75964171
181,1441,Cacophis kreftii,MLP_multi_with_coords,spatial,True,0,0.0022661814096189906,-29379.7381757025,6806682.07694802
181,1442,Calyptotis scutirostrum,MLP_multi_with_coords,spatial,True,0,0.0013112870799719917,-29379.7381757025,6806682.07694802
181,1443,Coeranoscincus reticulatus,MLP_multi_with_coords,spatial,True,0,0.0034360359014191212,-29379.7381757025,6806682.07694802
181,1444,Egernia mcpheei,MLP_multi_with_coords,spatial,True,0,0.0011511630758633176,-29379.7381757025,6806682.07694802
181,1445,Eulamprus murrayi,MLP_multi_with_coords,spatial,True,0,0.0010750626115311717,-29379.7381757025,6806682.07694802
181,1446,Ophioscincus truncatus,MLP_multi_with_coords,spatial,True,0,0.0066135359375447105,-29379.7381757025,6806682.07694802
181,1447,Pseudechis porphyricaus,MLP_multi_with_coords,spatial,True,0,0.00159647001342493,-29379.7381757025,6806682.07694802
181,1448,Saltuarius swaini,MLP_multi_with_coords,spatial,True,0,0.006861883674234313,-29379.7381757025,6806682.07694802
182,1449,Cacophis kreftii,MLP_multi_with_coords,spatial,True,0,0.03707784210296642,-155726.191227112,6799488.07056547
182,1450,Calyptotis scutirostrum,MLP_multi_with_coords,spatial,True,0,0.08160627423071569,-155726.191227112,6799488.07056547
182,1451,Coeranoscincus reticulatus,MLP_multi_with_coords,spatial,True,0,0.49978918382643134,-155726.191227112,6799488.07056547
182,1452,Egernia mcpheei,MLP_multi_with_coords,spatial,True,0,0.004329760247128232,-155726.191227112,6799488.07056547
182,1453,Eulamprus murrayi,MLP_multi_with_coords,spatial,True,0,0.010168388311295427,-155726.191227112,6799488.07056547
182,1454,Ophioscincus truncatus,MLP_multi_with_coords,spatial,True,0,0.11085159831488861,-155726.191227112,6799488.07056547
182,1455,Pseudechis porphyricaus,MLP_multi_with_coords,spatial,True,0,0.021438961626011745,-155726.191227112,6799488.07056547
182,1456,Saltuarius swaini,MLP_multi_with_coords,spatial,True,0,0.004334196142486099,-155726.191227112,6799488.07056547
183,1457,Cacophis kreftii,MLP_multi_with_coords,spatial,True,0,0.0022828923787195847,-29520.6964365395,6805473.74302288
183,1458,Calyptotis scutirostrum,MLP_multi_with_coords,spatial,True,0,0.0013298723747493242,-29520.6964365395,6805473.74302288
183,1459,Coeranoscincus reticulatus,MLP_multi_with_coords,spatial,True,0,0.0033928223196656206,-29520.6964365395,6805473.74302288
183,1460,Egernia mcpheei,MLP_multi_with_coords,spatial,True,0,0.0011465553679870966,-29520.6964365395,6805473.74302288
183,1461,Eulamprus murrayi,MLP_multi_with_coords,spatial,True,0,0.0010670800515704324,-29520.6964365395,6805473.74302288
183,1462,Ophioscincus truncatus,MLP_multi_with_coords,spatial,True,0,0.0065532115623751705,-29520.6964365395,6805473.74302288
183,1463,Pseudechis porphyricaus,MLP_multi_with_coords,spatial,True,0,0.0015655123132982526,-29520.6964365395,6805473.74302288
183,1464,Saltuarius swaini,MLP_multi_with_coords,spatial,True,0,0.006834082637367975,-29520.6964365395,6805473.74302288
184,1465,Cacophis kreftii,MLP_multi_with_coords,spatial,True,0,0.002284986612449474,-28317.1316235074,6805528.64452115
184,1466,Calyptotis scutirostrum,MLP_multi_with_coords,spatial,True,0,0.0012668692320850078,-28317.1316235074,6805528.64452115
184,1467,Coeranoscincus reticulatus,MLP_multi_with_coords,spatial,True,0,0.0034379337444153724,-28317.1316235074,6805528.64452115
184,1468,Egernia mcpheei,MLP_multi_with_coords,spatial,True,0,0.0011425745244961953,-28317.1316235074,6805528.64452115
184,1469,Eulamprus murrayi,MLP_multi_with_coords,spatial,True,0,0.001064674696764695,-28317.1316235074,6805528.64452115
184,1470,Ophioscincus truncatus,MLP_multi_with_coords,spatial,True,0,0.006590918228655697,-28317.1316235074,6805528.64452115
184,1471,Pseudechis porphyricaus,MLP_multi_with_coords,spatial,True,0,0.001606390841348457,-28317.1316235074,6805528.64452115
184,1472,Saltuarius swaini,MLP_multi_with_coords,spatial,True,0,0.006607778493536602,-28317.1316235074,6805528.64452115
185,1473,Cacophis kreftii,MLP_multi_with_coords,spatial,True,0,0.045266692549247034,-154680.904774922,6798732.86570032
185,1474,Calyptotis scutirostrum,MLP_multi_with_coords,spatial,True,0,0.09408029875620615,-154680.904774922,6798732.86570032
185,1475,Coeranoscincus reticulatus,MLP_multi_with_coords,spatial,True,1,0.5405170899868376,-154680.904774922,6798732.86570032
185,1476,Egernia mcpheei,MLP_multi_with_coords,spatial,True,0,0.006294583368697413,-154680.904774922,6798732.86570032
185,1477,Eulamprus murrayi,MLP_multi_with_coords,spatial,True,0,0.014133222067793574,-154680.904774922,6798732.86570032
185,1478,Ophioscincus truncatus,MLP_multi_with_coords,spatial,True,0,0.05060493861674644,-154680.904774922,6798732.86570032
185,1479,Pseudechis porphyricaus,MLP_multi_with_coords,spatial,True,0,0.018154307472631866,-154680.904774922,6798732.86570032
185,1480,Saltuarius swaini,MLP_multi_with_coords,spatial,True,0,0.0041858944003686106,-154680.904774922,6798732.86570032
186,1481,Cacophis kreftii,MLP_multi_with_coords,spatial,True,0,0.0023054995077348337,-29502.4373697368,6805073.94284487
186,1482,Calyptotis scutirostrum,MLP_multi_with_coords,spatial,True,0,0.0012938360502918645,-29502.4373697368,6805073.94284487
186,1483,Coeranoscincus reticulatus,MLP_multi_with_coords,spatial,True,0,0.003474780482441932,-29502.4373697368,6805073.94284487
186,1484,Egernia mcpheei,MLP_multi_with_coords,spatial,True,0,0.001154207085487186,-29502.4373697368,6805073.94284487
186,1485,Eulamprus murrayi,MLP_multi_with_coords,spatial,True,0,0.0010822980229248302,-29502.4373697368,6805073.94284487
186,1486,Ophioscincus truncatus,MLP_multi_with_coords,spatial,True,0,0.006677438288014312,-29502.4373697368,6805073.94284487
186,1487,Pseudechis porphyricaus,MLP_multi_with_coords,spatial,True,0,0.0016340604657384438,-29502.4373697368,6805073.94284487
186,1488,Saltuarius swaini,MLP_multi_with_coords,spatial,True,0,0.006787594064508531,-29502.4373697368,6805073.94284487
187,1489,Cacophis kreftii,MLP_multi_with_coords,spatial,True,0,0.06062026594842265,-153649.192596345,6798389.56853004
187,1490,Calyptotis scutirostrum,MLP_multi_with_coords,spatial,True,0,0.17067417772296473,-153649.192596345,6798389.56853004
187,1491,Coeranoscincus reticulatus,MLP_multi_with_coords,spatial,True,1,0.5904608728846427,-153649.192596345,6798389.56853004
187,1492,Egernia mcpheei,MLP_multi_with_coords,spatial,True,0,0.01019503426221318,-153649.192596345,6798389.56853004
187,1493,Eulamprus murrayi,MLP_multi_with_coords,spatial,True,0,0.020124068537660952,-153649.192596345,6798389.56853004
187,1494,Ophioscincus truncatus,MLP_multi_with_coords,spatial,True,0,0.07802164743732672,-153649.192596345,6798389.56853004
187,1495,Pseudechis porphyricaus,MLP_multi_with_coords,spatial,True,0,0.019569405255878816,-153649.192596345,6798389.56853004
187,1496,Saltuarius swaini,MLP_multi_with_coords,spatial,True,0,0.005276368241441584,-153649.192596345,6798389.56853004
188,1497,Cacophis kreftii,MLP_multi_with_coords,spatial,True,0,0.03020752172495892,-154245.287601219,6798155.10832232
188,1498,Calyptotis scutirostrum,MLP_multi_with_coords,spatial,True,0,0.07269606501468252,-154245.287601219,6798155.10832232
188,1499,Coeranoscincus reticulatus,MLP_multi_with_coords,spatial,True,1,0.4724415320349353,-154245.287601219,6798155.10832232
188,1500,Egernia mcpheei,MLP_multi_with_coords,spatial,True,0,0.006059275172787446,-154245.287601219,6798155.10832232
188,1501,Eulamprus murrayi,MLP_multi_with_coords,spatial,True,0,0.013262642396935477,-154245.287601219,6798155.10832232
188,1502,Ophioscincus truncatus,MLP_multi_with_coords,spatial,True,0,0.036146997100447165,-154245.287601219,6798155.10832232
188,1503,Pseudechis porphyricaus,MLP_multi_with_coords,spatial,True,0,0.012111793169415156,-154245.287601219,6798155.10832232
188,1504,Saltuarius swaini,MLP_multi_with_coords,spatial,True,0,0.0029105889567164795,-154245.287601219,6798155.10832232
189,1505,Cacophis kreftii,MLP_multi_with_coords,spatial,True,0,0.06595640713498505,-112502.967446529,6800471.69931174
189,1506,Calyptotis scutirostrum,MLP_multi_with_coords,spatial,True,0,0.3789488631046656,-112502.967446529,6800471.69931174
189,1507,Coeranoscincus reticulatus,MLP_multi_with_coords,spatial,True,0,0.24752578021493327,-112502.967446529,6800471.69931174
189,1508,Egernia mcpheei,MLP_multi_with_coords,spatial,True,0,0.0402286802788886,-112502.967446529,6800471.69931174
189,1509,Eulamprus murrayi,MLP_multi_with_coords,spatial,True,0,0.008649789154809075,-112502.967446529,6800471.69931174
189,1510,Ophioscincus truncatus,MLP_multi_with_coords,spatial,True,0,0.2019249136181576,-112502.967446529,6800471.69931174
189,1511,Pseudechis porphyricaus,MLP_multi_with_coords,spatial,True,0,0.004689167663370336,-112502.967446529,6800471.69931174
189,1512,Saltuarius swaini,MLP_multi_with_coords,spatial,True,0,0.005098951090949374,-112502.967446529,6800471.69931174
190,1513,Cacophis kreftii,MLP_multi_with_coords,spatial,True,0,0.1170404700402066,-112492.387376251,6800271.63658075
190,1514,Calyptotis scutirostrum,MLP_multi_with_coords,spatial,True,0,0.5139063332461041,-112492.387376251,6800271.63658075
190,1515,Coeranoscincus reticulatus,MLP_multi_with_coords,spatial,True,1,0.26535144839240804,-112492.387376251,6800271.63658075
190,1516,Egernia mcpheei,MLP_multi_with_coords,spatial,True,0,0.06598318873751984,-112492.387376251,6800271.63658075
190,1517,Eulamprus murrayi,MLP_multi_with_coords,spatial,True,0,0.012106101358264783,-112492.387376251,6800271.63658075
190,1518,Ophioscincus truncatus,MLP_multi_with_coords,spatial,True,0,0.45137119655726937,-112492.387376251,6800271.63658075
190,1519,Pseudechis porphyricaus,MLP_multi_with_coords,spatial,True,0,0.007942026103485116,-112492.387376251,6800271.63658075
190,1520,Saltuarius swaini,MLP_multi_with_coords,spatial,True,0,0.009625661260515748,-112492.387376251,6800271.63658075
191,1521,Cacophis kreftii,MLP_multi_with_coords,spatial,True,0,0.05978525651811431,-152408.241373254,6797645.26465756
191,1522,Calyptotis scutirostrum,MLP_multi_with_coords,spatial,True,0,0.13444879892544614,-152408.241373254,6797645.26465756
191,1523,Coeranoscincus reticulatus,MLP_multi_with_coords,spatial,True,1,0.5896965662983169,-152408.241373254,6797645.26465756
191,1524,Egernia mcpheei,MLP_multi_with_coords,spatial,True,0,0.009403331378880933,-152408.241373254,6797645.26465756
191,1525,Eulamprus murrayi,MLP_multi_with_coords,spatial,True,0,0.018183250207955675,-152408.241373254,6797645.26465756
191,1526,Ophioscincus truncatus,MLP_multi_with_coords,spatial,True,0,0.06268705778485585,-152408.241373254,6797645.26465756
191,1527,Pseudechis porphyricaus,MLP_multi_with_coords,spatial,True,0,0.021191800028544743,-152408.241373254,6797645.26465756
191,1528,Saltuarius swaini,MLP_multi_with_coords,spatial,True,0,0.006273460700246648,-152408.241373254,6797645.26465756
192,1529,Cacophis kreftii,MLP_multi_with_coords,spatial,True,0,0.05430345052497729,-111862.768502251,6799691.91157671
192,1530,Calyptotis scutirostrum,MLP_multi_with_coords,spatial,True,0,0.35980282943230135,-111862.768502251,6799691.91157671
192,1531,Coeranoscincus reticulatus,MLP_multi_with_coords,spatial,True,1,0.19872158135566198,-111862.768502251,6799691.91157671
192,1532,Egernia mcpheei,MLP_multi_with_coords,spatial,True,0,0.031092293425806723,-111862.768502251,6799691.91157671
192,1533,Eulamprus murrayi,MLP_multi_with_coords,spatial,True,0,0.006216173391781055,-111862.768502251,6799691.91157671
192,1534,Ophioscincus truncatus,MLP_multi_with_coords,spatial,True,0,0.2045221736351989,-111862.768502251,6799691.91157671
192,1535,Pseudechis porphyricaus,MLP_multi_with_coords,spatial,True,0,0.0033709880587280976,-111862.768502251,6799691.91157671
192,1536,Saltuarius swaini,MLP_multi_with_coords,spatial,True,0,0.003206217489785257,-111862.768502251,6799691.91157671
193,1537,Cacophis kreftii,MLP_multi_with_coords,spatial,True,0,0.03407076313540317,-153796.263664079,6797165.36470106
193,1538,Calyptotis scutirostrum,MLP_multi_with_coords,spatial,True,0,0.09740343127881435,-153796.263664079,6797165.36470106
193,1539,Coeranoscincus reticulatus,MLP_multi_with_coords,spatial,True,1,0.47167236890100295,-153796.263664079,6797165.36470106
193,1540,Egernia mcpheei,MLP_multi_with_coords,spatial,True,0,0.009422161799038294,-153796.263664079,6797165.36470106
193,1541,Eulamprus murrayi,MLP_multi_with_coords,spatial,True,0,0.015061413737959616,-153796.263664079,6797165.36470106
193,1542,Ophioscincus truncatus,MLP_multi_with_coords,spatial,True,0,0.03336407038265324,-153796.263664079,6797165.36470106
193,1543,Pseudechis porphyricaus,MLP_multi_with_coords,spatial,True,0,0.012905259847937597,-153796.263664079,6797165.36470106
193,1544,Saltuarius swaini,MLP_multi_with_coords,spatial,True,0,0.0040659123509279175,-153796.263664079,6797165.36470106
194,1545,Cacophis kreftii,MLP_multi_with_coords,spatial,True,0,0.09509812686268708,-113057.133584369,6799439.25721174
194,1546,Calyptotis scutirostrum,MLP_multi_with_coords,spatial,True,0,0.4761487681569071,-113057.133584369,6799439.25721174
194,1547,Coeranoscincus reticulatus,MLP_multi_with_coords,spatial,True,1,0.2541082627873649,-113057.133584369,6799439.25721174
194,1548,Egernia mcpheei,MLP_multi_with_coords,spatial,True,0,0.05690939690043577,-113057.133584369,6799439.25721174
194,1549,Eulamprus murrayi,MLP_multi_with_coords,spatial,True,0,0.009679076314721037,-113057.133584369,6799439.25721174
194,1550,Ophioscincus truncatus,MLP_multi_with_coords,spatial,True,0,0.3867698231031269,-113057.133584369,6799439.25721174
194,1551,Pseudechis porphyricaus,MLP_multi_with_coords,spatial,True,0,0.006857284430577849,-113057.133584369,6799439.25721174
194,1552,Saltuarius swaini,MLP_multi_with_coords,spatial,True,0,0.0072969429705786884,-113057.133584369,6799439.25721174
195,1553,Cacophis kreftii,MLP_multi_with_coords,spatial,True,0,0.08426438388702157,-153177.628494992,6796999.50794559
195,1554,Calyptotis scutirostrum,MLP_multi_with_coords,spatial,True,0,0.14616364720457015,-153177.628494992,6796999.50794559
195,1555,Coeranoscincus reticulatus,MLP_multi_with_coords,spatial,True,1,0.5731225536916355,-153177.628494992,6796999.50794559
195,1556,Egernia mcpheei,MLP_multi_with_coords,spatial,True,0,0.015820928444821324,-153177.628494992,6796999.50794559
195,1557,Eulamprus murrayi,MLP_multi_with_coords,spatial,True,0,0.024729003703078,-153177.628494992,6796999.50794559
195,1558,Ophioscincus truncatus,MLP_multi_with_coords,spatial,True,0,0.15853683632816473,-153177.628494992,6796999.50794559
195,1559,Pseudechis porphyricaus,MLP_multi_with_coords,spatial,True,0,0.0280479309095851,-153177.628494992,6796999.50794559
195,1560,Saltuarius swaini,MLP_multi_with_coords,spatial,True,0,0.01346144386217544,-153177.628494992,6796999.50794559
196,1561,Cacophis kreftii,MLP_multi_with_coords,spatial,True,0,0.06729299069751715,-111841.623750466,6799291.78871934
196,1562,Calyptotis scutirostrum,MLP_multi_with_coords,spatial,True,0,0.40097003144354376,-111841.623750466,6799291.78871934
196,1563,Coeranoscincus reticulatus,MLP_multi_with_coords,spatial,True,1,0.25135056072749007,-111841.623750466,6799291.78871934
196,1564,Egernia mcpheei,MLP_multi_with_coords,spatial,True,1,0.04550444558358169,-111841.623750466,6799291.78871934
196,1565,Eulamprus murrayi,MLP_multi_with_coords,spatial,True,0,0.008829653266004754,-111841.623750466,6799291.78871934
196,1566,Ophioscincus truncatus,MLP_multi_with_coords,spatial,True,0,0.24650348992169982,-111841.623750466,6799291.78871934
196,1567,Pseudechis porphyricaus,MLP_multi_with_coords,spatial,True,0,0.005455561746478638,-111841.623750466,6799291.78871934
196,1568,Saltuarius swaini,MLP_multi_with_coords,spatial,True,0,0.006009979180268193,-111841.623750466,6799291.78871934
197,1569,Cacophis kreftii,MLP_multi_with_coords,spatial,True,0,0.0022645050046165636,-31200.4121417062,6802970.7749555
197,1570,Calyptotis scutirostrum,MLP_multi_with_coords,spatial,True,0,0.001600503387596523,-31200.4121417062,6802970.7749555
197,1571,Coeranoscincus reticulatus,MLP_multi_with_coords,spatial,True,0,0.003295350281562744,-31200.4121417062,6802970.7749555
197,1572,Egernia mcpheei,MLP_multi_with_coords,spatial,True,0,0.0012170832972017902,-31200.4121417062,6802970.7749555
197,1573,Eulamprus murrayi,MLP_multi_with_coords,spatial,True,0,0.0009510278253631014,-31200.4121417062,6802970.7749555
197,1574,Ophioscincus truncatus,MLP_multi_with_coords,spatial,True,0,0.006460055175762896,-31200.4121417062,6802970.7749555
197,1575,Pseudechis porphyricaus,MLP_multi_with_coords,spatial,True,0,0.0014085964364743018,-31200.4121417062,6802970.7749555
197,1576,Saltuarius swaini,MLP_multi_with_coords,spatial,True,0,0.00594232756316313,-31200.4121417062,6802970.7749555
198,1577,Cacophis kreftii,MLP_multi_with_coords,spatial,True,0,0.06621468097867801,-111757.020588895,6797691.29771726
198,1578,Calyptotis scutirostrum,MLP_multi_with_coords,spatial,True,0,0.31287625219173476,-111757.020588895,6797691.29771726
198,1579,Coeranoscincus reticulatus,MLP_multi_with_coords,spatial,True,1,0.26792376309675575,-111757.020588895,6797691.29771726
198,1580,Egernia mcpheei,MLP_multi_with_coords,spatial,True,0,0.02895224353017471,-111757.020588895,6797691.29771726
198,1581,Eulamprus murrayi,MLP_multi_with_coords,spatial,True,0,0.007774607919699424,-111757.020588895,6797691.29771726
198,1582,Ophioscincus truncatus,MLP_multi_with_coords,spatial,True,0,0.28641063286579094,-111757.020588895,6797691.29771726
198,1583,Pseudechis porphyricaus,MLP_multi_with_coords,spatial,True,0,0.006614032729196723,-111757.020588895,6797691.29771726
198,1584,Saltuarius swaini,MLP_multi_with_coords,spatial,True,0,0.009732813714729617,-111757.020588895,6797691.29771726
199,1585,Cacophis kreftii,MLP_multi_with_coords,spatial,True,0,0.2436561474448706,-111540.073845013,6797301.52655841
199,1586,Calyptotis scutirostrum,MLP_multi_with_coords,spatial,True,0,0.60457534343456,-111540.073845013,6797301.52655841
199,1587,Coeranoscincus reticulatus,MLP_multi_with_coords,spatial,True,1,0.3335753115847143,-111540.073845013,6797301.52655841
199,1588,Egernia mcpheei,MLP_multi_with_coords,spatial,True,1,0.13578029217492124,-111540.073845013,6797301.52655841
199,1589,Eulamprus murrayi,MLP_multi_with_coords,spatial,True,0,0.027756248198155704,-111540.073845013,6797301.52655841
199,1590,Ophioscincus truncatus,MLP_multi_with_coords,spatial,True,0,0.621082039479422,-111540.073845013,6797301.52655841
199,1591,Pseudechis porphyricaus,MLP_multi_with_coords,spatial,True,0,0.014639708552105654,-111540.073845013,6797301.52655841
199,1592,Saltuarius swaini,MLP_multi_with_coords,spatial,True,0,0.018358265685716343,-111540.073845013,6797301.52655841
200,1593,Cacophis kreftii,MLP_multi_with_coords,spatial,True,0,0.022441084180915283,-165917.840413128,6794142.17633504
200,1594,Calyptotis scutirostrum,MLP_multi_with_coords,spatial,True,0,0.01980572881275761,-165917.840413128,6794142.17633504
200,1595,Coeranoscincus reticulatus,MLP_multi_with_coords,spatial,True,1,0.3854829791830527,-165917.840413128,6794142.17633504
200,1596,Egernia mcpheei,MLP_multi_with_coords,spatial,True,0,0.0015697170806411146,-165917.840413128,6794142.17633504
200,1597,Eulamprus murrayi,MLP_multi_with_coords,spatial,True,0,0.008623345407166113,-165917.840413128,6794142.17633504
200,1598,Ophioscincus truncatus,MLP_multi_with_coords,spatial,True,0,0.1969323942725847,-165917.840413128,6794142.17633504
200,1599,Pseudechis porphyricaus,MLP_multi_with_coords,spatial,True,0,0.04266461100981991,-165917.840413128,6794142.17633504
200,1600,Saltuarius swaini,MLP_multi_with_coords,spatial,True,0,0.006067540644319303,-165917.840413128,6794142.17633504
201,1601,Cacophis kreftii,MLP_multi_with_coords,spatial,True,0,0.2130530499101819,-111724.493680147,6796890.5347694
201,1602,Calyptotis scutirostrum,MLP_multi_with_coords,spatial,True,0,0.6123893632515248,-111724.493680147,6796890.5347694
201,1603,Coeranoscincus reticulatus,MLP_multi_with_coords,spatial,True,1,0.31397636100959114,-111724.493680147,6796890.5347694
201,1604,Egernia mcpheei,MLP_multi_with_coords,spatial,True,0,0.13454316138558226,-111724.493680147,6796890.5347694
201,1605,Eulamprus murrayi,MLP_multi_with_coords,spatial,True,0,0.025634271654161354,-111724.493680147,6796890.5347694
201,1606,Ophioscincus truncatus,MLP_multi_with_coords,spatial,True,0,0.5671021868390757,-111724.493680147,6796890.5347694
201,1607,Pseudechis porphyricaus,MLP_multi_with_coords,spatial,True,0,0.01281519657221665,-111724.493680147,6796890.5347694
201,1608,Saltuarius swaini,MLP_multi_with_coords,spatial,True,0,0.016518495562259913,-111724.493680147,6796890.5347694
202,1609,Cacophis kreftii,MLP_multi_with_coords,spatial,True,0,0.08366607262373821,-111508.34435778,6796701.34390328
202,1610,Calyptotis scutirostrum,MLP_multi_with_coords,spatial,True,0,0.45084165267205545,-111508.34435778,6796701.34390328
202,1611,Coeranoscincus reticulatus,MLP_multi_with_coords,spatial,True,1,0.2179407765632035,-111508.34435778,6796701.34390328
202,1612,Egernia mcpheei,MLP_multi_with_coords,spatial,True,0,0.06825248131945437,-111508.34435778,6796701.34390328
202,1613,Eulamprus murrayi,MLP_multi_with_coords,spatial,True,0,0.009031303132176215,-111508.34435778,6796701.34390328
202,1614,Ophioscincus truncatus,MLP_multi_with_coords,spatial,True,0,0.3159499594202139,-111508.34435778,6796701.34390328
202,1615,Pseudechis porphyricaus,MLP_multi_with_coords,spatial,True,0,0.005756558629283778,-111508.34435778,6796701.34390328
202,1616,Saltuarius swaini,MLP_multi_with_coords,spatial,True,0,0.007481452070791915,-111508.34435778,6796701.34390328
203,1617,Cacophis kreftii,MLP_multi_with_coords,spatial,True,0,0.03398293034631317,-165638.858103626,6792540.33884748
203,1618,Calyptotis scutirostrum,MLP_multi_with_coords,spatial,True,0,0.033989042466959614,-165638.858103626,6792540.33884748
203,1619,Coeranoscincus reticulatus,MLP_multi_with_coords,spatial,True,1,0.4006554690184108,-165638.858103626,6792540.33884748
203,1620,Egernia mcpheei,MLP_multi_with_coords,spatial,True,0,0.0023220946225358937,-165638.858103626,6792540.33884748
203,1621,Eulamprus murrayi,MLP_multi_with_coords,spatial,True,0,0.0121815224625244,-165638.858103626,6792540.33884748
203,1622,Ophioscincus truncatus,MLP_multi_with_coords,spatial,True,0,0.3281788265075739,-165638.858103626,6792540.33884748
203,1623,Pseudechis porphyricaus,MLP_multi_with_coords,spatial,True,0,0.05401327798574145,-165638.858103626,6792540.33884748
203,1624,Saltuarius swaini,MLP_multi_with_coords,spatial,True,0,0.010846342505182316,-165638.858103626,6792540.33884748
204,1625,Cacophis kreftii,MLP_multi_with_coords,spatial,True,0,0.04837119444071576,-111628.657553236,6795078.86889821
204,1626,Calyptotis scutirostrum,MLP_multi_with_coords,spatial,True,0,0.10589174527953764,-111628.657553236,6795078.86889821
204,1627,Coeranoscincus reticulatus,MLP_multi_with_coords,spatial,True,0,0.3962129481534475,-111628.657553236,6795078.86889821
204,1628,Egernia mcpheei,MLP_multi_with_coords,spatial,True,0,0.015527292405311954,-111628.657553236,6795078.86889821
204,1629,Eulamprus murrayi,MLP_multi_with_coords,spatial,True,0,0.020807113970085278,-111628.657553236,6795078.86889821
204,1630,Ophioscincus truncatus,MLP_multi_with_coords,spatial,True,0,0.0708831656267325,-111628.657553236,6795078.86889821
204,1631,Pseudechis porphyricaus,MLP_multi_with_coords,spatial,True,0,0.01508131095575374,-111628.657553236,6795078.86889821
204,1632,Saltuarius swaini,MLP_multi_with_coords,spatial,True,0,0.011194798807878348,-111628.657553236,6795078.86889821
205,1633,Cacophis kreftii,MLP_multi_with_coords,spatial,True,0,0.030394115830943858,-111987.574051639,6794257.38010052
205,1634,Calyptotis scutirostrum,MLP_multi_with_coords,spatial,True,0,0.06714851922371522,-111987.574051639,6794257.38010052
205,1635,Coeranoscincus reticulatus,MLP_multi_with_coords,spatial,True,0,0.30195172063296155,-111987.574051639,6794257.38010052
205,1636,Egernia mcpheei,MLP_multi_with_coords,spatial,True,0,0.009933337802686992,-111987.574051639,6794257.38010052
205,1637,Eulamprus murrayi,MLP_multi_with_coords,spatial,True,0,0.011057884919308628,-111987.574051639,6794257.38010052
205,1638,Ophioscincus truncatus,MLP_multi_with_coords,spatial,True,0,0.07787683921204756,-111987.574051639,6794257.38010052
205,1639,Pseudechis porphyricaus,MLP_multi_with_coords,spatial,True,0,0.011687103022422415,-111987.574051639,6794257.38010052
205,1640,Saltuarius swaini,MLP_multi_with_coords,spatial,True,0,0.013658187247880127,-111987.574051639,6794257.38010052
206,1641,Cacophis kreftii,MLP_multi_with_coords,spatial,True,0,0.028657303708417528,-111543.951324666,6793478.37953304
206,1642,Calyptotis scutirostrum,MLP_multi_with_coords,spatial,True,0,0.05565373534960811,-111543.951324666,6793478.37953304
206,1643,Coeranoscincus reticulatus,MLP_multi_with_coords,spatial,True,1,0.2714921256263884,-111543.951324666,6793478.37953304
206,1644,Egernia mcpheei,MLP_multi_with_coords,spatial,True,0,0.0077423385789897065,-111543.951324666,6793478.37953304
206,1645,Eulamprus murrayi,MLP_multi_with_coords,spatial,True,0,0.00916994256253536,-111543.951324666,6793478.37953304
206,1646,Ophioscincus truncatus,MLP_multi_with_coords,spatial,True,0,0.04997983023510578,-111543.951324666,6793478.37953304
206,1647,Pseudechis porphyricaus,MLP_multi_with_coords,spatial,True,0,0.010060068622483926,-111543.951324666,6793478.37953304
206,1648,Saltuarius swaini,MLP_multi_with_coords,spatial,True,0,0.00996038508534481,-111543.951324666,6793478.37953304
207,1649,Cacophis kreftii,MLP_multi_with_coords,spatial,True,0,0.016985055594283125,-166932.442763671,6790267.55776097
207,1650,Calyptotis scutirostrum,MLP_multi_with_coords,spatial,True,0,0.006722182775201535,-166932.442763671,6790267.55776097
207,1651,Coeranoscincus reticulatus,MLP_multi_with_coords,spatial,True,1,0.15795325034562172,-166932.442763671,6790267.55776097
207,1652,Egernia mcpheei,MLP_multi_with_coords,spatial,True,0,0.0009463348998209838,-166932.442763671,6790267.55776097
207,1653,Eulamprus murrayi,MLP_multi_with_coords,spatial,True,0,0.004623156035365173,-166932.442763671,6790267.55776097
207,1654,Ophioscincus truncatus,MLP_multi_with_coords,spatial,True,0,0.2260214458816377,-166932.442763671,6790267.55776097
207,1655,Pseudechis porphyricaus,MLP_multi_with_coords,spatial,True,0,0.036276467447856765,-166932.442763671,6790267.55776097
207,1656,Saltuarius swaini,MLP_multi_with_coords,spatial,True,0,0.006231045333531795,-166932.442763671,6790267.55776097
208,1657,Cacophis kreftii,MLP_multi_with_coords,spatial,True,0,0.03981972070689018,-113333.176647029,6792982.26555712
208,1658,Calyptotis scutirostrum,MLP_multi_with_coords,spatial,True,0,0.06512460560192586,-113333.176647029,6792982.26555712
208,1659,Coeranoscincus reticulatus,MLP_multi_with_coords,spatial,True,0,0.2743509535776013,-113333.176647029,6792982.26555712
208,1660,Egernia mcpheei,MLP_multi_with_coords,spatial,True,0,0.015772151416264396,-113333.176647029,6792982.26555712
208,1661,Eulamprus murrayi,MLP_multi_with_coords,spatial,True,0,0.012850905933494744,-113333.176647029,6792982.26555712
208,1662,Ophioscincus truncatus,MLP_multi_with_coords,spatial,True,0,0.13173596609682364,-113333.176647029,6792982.26555712
208,1663,Pseudechis porphyricaus,MLP_multi_with_coords,spatial,True,1,0.01619967790432796,-113333.176647029,6792982.26555712
208,1664,Saltuarius swaini,MLP_multi_with_coords,spatial,True,0,0.023619179928975456,-113333.176647029,6792982.26555712
209,1665,Cacophis kreftii,MLP_multi_with_coords,spatial,True,0,0.03895671722468721,-112530.721336831,6793024.84869485
209,1666,Calyptotis scutirostrum,MLP_multi_with_coords,spatial,True,0,0.10050023692083099,-112530.721336831,6793024.84869485
209,1667,Coeranoscincus reticulatus,MLP_multi_with_coords,spatial,True,1,0.32982960824346125,-112530.721336831,6793024.84869485
209,1668,Egernia mcpheei,MLP_multi_with_coords,spatial,True,0,0.012239402846537493,-112530.721336831,6793024.84869485
209,1669,Eulamprus murrayi,MLP_multi_with_coords,spatial,True,0,0.01510351509373525,-112530.721336831,6793024.84869485
209,1670,Ophioscincus truncatus,MLP_multi_with_coords,spatial,True,0,0.06126424182314961,-112530.721336831,6793024.84869485
209,1671,Pseudechis porphyricaus,MLP_multi_with_coords,spatial,True,0,0.008491521340095757,-112530.721336831,6793024.84869485
209,1672,Saltuarius swaini,MLP_multi_with_coords,spatial,True,0,0.008222219497389851,-112530.721336831,6793024.84869485
210,1673,Cacophis kreftii,MLP_multi_with_coords,spatial,True,0,0.025768015727233452,-112129.496210697,6793046.11909854
210,1674,Calyptotis scutirostrum,MLP_multi_with_coords,spatial,True,0,0.05293472936845755,-112129.496210697,6793046.11909854
210,1675,Coeranoscincus reticulatus,MLP_multi_with_coords,spatial,True,0,0.24043628282072932,-112129.496210697,6793046.11909854
210,1676,Egernia mcpheei,MLP_multi_with_coords,spatial,True,0,0.009232787546396904,-112129.496210697,6793046.11909854
210,1677,Eulamprus murrayi,MLP_multi_with_coords,spatial,True,0,0.009639804844571036,-112129.496210697,6793046.11909854
210,1678,Ophioscincus truncatus,MLP_multi_with_coords,spatial,True,0,0.06155079331419704,-112129.496210697,6793046.11909854
210,1679,Pseudechis porphyricaus,MLP_multi_with_coords,spatial,True,0,0.011010458117507652,-112129.496210697,6793046.11909854
210,1680,Saltuarius swaini,MLP_multi_with_coords,spatial,True,0,0.011841074990500597,-112129.496210697,6793046.11909854
211,1681,Cacophis kreftii,MLP_multi_with_coords,spatial,True,0,0.020741183366021602,-164829.821681687,6788558.93776823
211,1682,Calyptotis scutirostrum,MLP_multi_with_coords,spatial,True,0,0.00835069898599268,-164829.821681687,6788558.93776823
211,1683,Coeranoscincus reticulatus,MLP_multi_with_coords,spatial,True,1,0.15043004569249738,-164829.821681687,6788558.93776823
211,1684,Egernia mcpheei,MLP_multi_with_coords,spatial,True,0,0.0010870096574866308,-164829.821681687,6788558.93776823
211,1685,Eulamprus murrayi,MLP_multi_with_coords,spatial,True,0,0.005222032337904816,-164829.821681687,6788558.93776823
211,1686,Ophioscincus truncatus,MLP_multi_with_coords,spatial,True,0,0.26314094988973197,-164829.821681687,6788558.93776823
211,1687,Pseudechis porphyricaus,MLP_multi_with_coords,spatial,True,0,0.05156862002144616,-164829.821681687,6788558.93776823
211,1688,Saltuarius swaini,MLP_multi_with_coords,spatial,True,0,0.009034808166850953,-164829.821681687,6788558.93776823
212,1689,Cacophis kreftii,MLP_multi_with_coords,spatial,True,0,0.015616323896845833,-165023.878239824,6788346.91096964
212,1690,Calyptotis scutirostrum,MLP_multi_with_coords,spatial,True,0,0.005930315838229219,-165023.878239824,6788346.91096964
212,1691,Coeranoscincus reticulatus,MLP_multi_with_coords,spatial,True,0,0.10846765045665571,-165023.878239824,6788346.91096964
212,1692,Egernia mcpheei,MLP_multi_with_coords,spatial,True,0,0.0009848643818265621,-165023.878239824,6788346.91096964
212,1693,Eulamprus murrayi,MLP_multi_with_coords,spatial,True,0,0.004079412322888585,-165023.878239824,6788346.91096964
212,1694,Ophioscincus truncatus,MLP_multi_with_coords,spatial,True,0,0.23937023225086532,-165023.878239824,6788346.91096964
212,1695,Pseudechis porphyricaus,MLP_multi_with_coords,spatial,True,0,0.0578915140334793,-165023.878239824,6788346.91096964
212,1696,Saltuarius swaini,MLP_multi_with_coords,spatial,True,0,0.00852572153918541,-165023.878239824,6788346.91096964
213,1697,Cacophis kreftii,MLP_multi_with_coords,spatial,True,0,0.016256406315222665,-164391.455012656,6787769.669967
213,1698,Calyptotis scutirostrum,MLP_multi_with_coords,spatial,True,0,0.005589791803245517,-164391.455012656,6787769.669967
213,1699,Coeranoscincus reticulatus,MLP_multi_with_coords,spatial,True,1,0.11134064879722531,-164391.455012656,6787769.669967
213,1700,Egernia mcpheei,MLP_multi_with_coords,spatial,True,0,0.0011180575378121043,-164391.455012656,6787769.669967
213,1701,Eulamprus murrayi,MLP_multi_with_coords,spatial,True,0,0.004261782417286792,-164391.455012656,6787769.669967
213,1702,Ophioscincus truncatus,MLP_multi_with_coords,spatial,True,0,0.2298982174026979,-164391.455012656,6787769.669967
213,1703,Pseudechis porphyricaus,MLP_multi_with_coords,spatial,True,0,0.0636541027581585,-164391.455012656,6787769.669967
213,1704,Saltuarius swaini,MLP_multi_with_coords,spatial,True,0,0.009857837542335907,-164391.455012656,6787769.669967
214,1705,Cacophis kreftii,MLP_multi_with_coords,spatial,True,0,0.06219194690365227,-110822.113763642,6787074.42336939
214,1706,Calyptotis scutirostrum,MLP_multi_with_coords,spatial,True,0,0.14012562414244278,-110822.113763642,6787074.42336939
214,1707,Coeranoscincus reticulatus,MLP_multi_with_coords,spatial,True,0,0.35443305212004805,-110822.113763642,6787074.42336939
214,1708,Egernia mcpheei,MLP_multi_with_coords,spatial,True,0,0.017864830295539657,-110822.113763642,6787074.42336939
214,1709,Eulamprus murrayi,MLP_multi_with_coords,spatial,True,0,0.021634350910933086,-110822.113763642,6787074.42336939
214,1710,Ophioscincus truncatus,MLP_multi_with_coords,spatial,True,0,0.12812331005091832,-110822.113763642,6787074.42336939
214,1711,Pseudechis porphyricaus,MLP_multi_with_coords,spatial,True,0,0.012815150832498477,-110822.113763642,6787074.42336939
214,1712,Saltuarius swaini,MLP_multi_with_coords,spatial,True,0,0.016962108777391904,-110822.113763642,6787074.42336939
215,1713,Cacophis kreftii,MLP_multi_with_coords,spatial,True,0,0.14275128525343014,-110616.719576928,6787085.30761186
215,1714,Calyptotis scutirostrum,MLP_multi_with_coords,spatial,True,0,0.15900998755726709,-110616.719576928,6787085.30761186
215,1715,Coeranoscincus reticulatus,MLP_multi_with_coords,spatial,True,0,0.5082001050487984,-110616.719576928,6787085.30761186
215,1716,Egernia mcpheei,MLP_multi_with_coords,spatial,True,0,0.05984392710910424,-110616.719576928,6787085.30761186
215,1717,Eulamprus murrayi,MLP_multi_with_coords,spatial,True,0,0.05572030310141014,-110616.719576928,6787085.30761186
215,1718,Ophioscincus truncatus,MLP_multi_with_coords,spatial,True,0,0.29313653636785736,-110616.719576928,6787085.30761186
215,1719,Pseudechis porphyricaus,MLP_multi_with_coords,spatial,True,0,0.04895654721878424,-110616.719576928,6787085.30761186
215,1720,Saltuarius swaini,MLP_multi_with_coords,spatial,True,0,0.07295164786407779,-110616.719576928,6787085.30761186
216,1721,Cacophis kreftii,MLP_multi_with_coords,spatial,True,0,0.1495979785591144,-110020.100859829,6787116.90272986
216,1722,Calyptotis scutirostrum,MLP_multi_with_coords,spatial,True,0,0.19112306663919232,-110020.100859829,6787116.90272986
216,1723,Coeranoscincus reticulatus,MLP_multi_with_coords,spatial,True,0,0.4986444074817826,-110020.100859829,6787116.90272986
216,1724,Egernia mcpheei,MLP_multi_with_coords,spatial,True,0,0.07328912597393099,-110020.100859829,6787116.90272986
216,1725,Eulamprus murrayi,MLP_multi_with_coords,spatial,True,0,0.06681955261207165,-110020.100859829,6787116.90272986
216,1726,Ophioscincus truncatus,MLP_multi_with_coords,spatial,True,0,0.2942779393542637,-110020.100859829,6787116.90272986
216,1727,Pseudechis porphyricaus,MLP_multi_with_coords,spatial,True,0,0.05711716716849465,-110020.100859829,6787116.90272986
216,1728,Saltuarius swaini,MLP_multi_with_coords,spatial,True,0,0.07864742059702594,-110020.100859829,6787116.90272986
217,1729,Cacophis kreftii,MLP_multi_with_coords,spatial,True,0,0.022497366927826584,-109413.705304275,6787148.98376259
217,1730,Calyptotis scutirostrum,MLP_multi_with_coords,spatial,True,0,0.05541275512546838,-109413.705304275,6787148.98376259
217,1731,Coeranoscincus reticulatus,MLP_multi_with_coords,spatial,True,1,0.2389728503131967,-109413.705304275,6787148.98376259
217,1732,Egernia mcpheei,MLP_multi_with_coords,spatial,True,0,0.011323050530410111,-109413.705304275,6787148.98376259
217,1733,Eulamprus murrayi,MLP_multi_with_coords,spatial,True,0,0.011033454867564223,-109413.705304275,6787148.98376259
217,1734,Ophioscincus truncatus,MLP_multi_with_coords,spatial,True,0,0.04691825756582472,-109413.705304275,6787148.98376259
217,1735,Pseudechis porphyricaus,MLP_multi_with_coords,spatial,True,0,0.010149632674069677,-109413.705304275,6787148.98376259
217,1736,Saltuarius swaini,MLP_multi_with_coords,spatial,True,0,0.01097062383310721,-109413.705304275,6787148.98376259
218,1737,Cacophis kreftii,MLP_multi_with_coords,spatial,True,0,0.04677522580392927,-110779.695476226,6786274.18349996
218,1738,Calyptotis scutirostrum,MLP_multi_with_coords,spatial,True,0,0.06364325165342022,-110779.695476226,6786274.18349996
218,1739,Coeranoscincus reticulatus,MLP_multi_with_coords,spatial,True,0,0.39040036211304585,-110779.695476226,6786274.18349996
218,1740,Egernia mcpheei,MLP_multi_with_coords,spatial,True,0,0.007361704648047648,-110779.695476226,6786274.18349996
218,1741,Eulamprus murrayi,MLP_multi_with_coords,spatial,True,0,0.015081450966183732,-110779.695476226,6786274.18349996
218,1742,Ophioscincus truncatus,MLP_multi_with_coords,spatial,True,0,0.0749731469544349,-110779.695476226,6786274.18349996
218,1743,Pseudechis porphyricaus,MLP_multi_with_coords,spatial,True,0,0.008826279629546635,-110779.695476226,6786274.18349996
218,1744,Saltuarius swaini,MLP_multi_with_coords,spatial,True,0,0.006243824537051283,-110779.695476226,6786274.18349996
219,1745,Cacophis kreftii,MLP_multi_with_coords,spatial,True,0,0.02650448857304285,-110346.917478988,6785695.25630047
219,1746,Calyptotis scutirostrum,MLP_multi_with_coords,spatial,True,0,0.051964877835436296,-110346.917478988,6785695.25630047
219,1747,Coeranoscincus reticulatus,MLP_multi_with_coords,spatial,True,0,0.3632346003910026,-110346.917478988,6785695.25630047
219,1748,Egernia mcpheei,MLP_multi_with_coords,spatial,True,0,0.011447710689823464,-110346.917478988,6785695.25630047
219,1749,Eulamprus murrayi,MLP_multi_with_coords,spatial,True,0,0.012080690767707946,-110346.917478988,6785695.25630047
219,1750,Ophioscincus truncatus,MLP_multi_with_coords,spatial,True,0,0.03787026227026255,-110346.917478988,6785695.25630047
219,1751,Pseudechis porphyricaus,MLP_multi_with_coords,spatial,True,0,0.009012673979781075,-110346.917478988,6785695.25630047
219,1752,Saltuarius swaini,MLP_multi_with_coords,spatial,True,0,0.006633921124494622,-110346.917478988,6785695.25630047
220,1753,Cacophis kreftii,MLP_multi_with_coords,spatial,True,0,0.04702101453693108,-110140.731442662,6785505.55962449
220,1754,Calyptotis scutirostrum,MLP_multi_with_coords,spatial,True,0,0.09770383718890373,-110140.731442662,6785505.55962449
220,1755,Coeranoscincus reticulatus,MLP_multi_with_coords,spatial,True,0,0.3614590728832957,-110140.731442662,6785505.55962449
220,1756,Egernia mcpheei,MLP_multi_with_coords,spatial,True,1,0.009288461419188867,-110140.731442662,6785505.55962449
220,1757,Eulamprus murrayi,MLP_multi_with_coords,spatial,True,0,0.01765667815334619,-110140.731442662,6785505.55962449
220,1758,Ophioscincus truncatus,MLP_multi_with_coords,spatial,True,0,0.0953711196973973,-110140.731442662,6785505.55962449
220,1759,Pseudechis porphyricaus,MLP_multi_with_coords,spatial,True,0,0.011001490265963329,-110140.731442662,6785505.55962449
220,1760,Saltuarius swaini,MLP_multi_with_coords,spatial,True,0,0.010442510732428559,-110140.731442662,6785505.55962449
221,1761,Cacophis kreftii,MLP_multi_with_coords,spatial,True,0,0.10961978927970874,-157491.757049911,6782687.30974027
221,1762,Calyptotis scutirostrum,MLP_multi_with_coords,spatial,True,0,0.2606587546581869,-157491.757049911,6782687.30974027
221,1763,Coeranoscincus reticulatus,MLP_multi_with_coords,spatial,True,1,0.7181756665252673,-157491.757049911,6782687.30974027
221,1764,Egernia mcpheei,MLP_multi_with_coords,spatial,True,0,0.016681285031884038,-157491.757049911,6782687.30974027
221,1765,Eulamprus murrayi,MLP_multi_with_coords,spatial,True,0,0.028762451818882064,-157491.757049911,6782687.30974027
221,1766,Ophioscincus truncatus,MLP_multi_with_coords,spatial,True,0,0.15134236380504565,-157491.757049911,6782687.30974027
221,1767,Pseudechis porphyricaus,MLP_multi_with_coords,spatial,True,0,0.046016862277046044,-157491.757049911,6782687.30974027
221,1768,Saltuarius swaini,MLP_multi_with_coords,spatial,True,0,0.01049186517900894,-157491.757049911,6782687.30974027
222,1769,Cacophis kreftii,MLP_multi_with_coords,spatial,True,0,0.06911642331131823,-109512.656336634,6785126.43261431
222,1770,Calyptotis scutirostrum,MLP_multi_with_coords,spatial,True,0,0.40159204816490435,-109512.656336634,6785126.43261431
222,1771,Coeranoscincus reticulatus,MLP_multi_with_coords,spatial,True,0,0.1312057488060985,-109512.656336634,6785126.43261431
222,1772,Egernia mcpheei,MLP_multi_with_coords,spatial,True,0,0.05336248636372611,-109512.656336634,6785126.43261431
222,1773,Eulamprus murrayi,MLP_multi_with_coords,spatial,True,0,0.008157107405328753,-109512.656336634,6785126.43261431
222,1774,Ophioscincus truncatus,MLP_multi_with_coords,spatial,True,0,0.27367156763924055,-109512.656336634,6785126.43261431
222,1775,Pseudechis porphyricaus,MLP_multi_with_coords,spatial,True,0,0.0041199180406915345,-109512.656336634,6785126.43261431
222,1776,Saltuarius swaini,MLP_multi_with_coords,spatial,True,0,0.005264538193455502,-109512.656336634,6785126.43261431
223,1777,Cacophis kreftii,MLP_multi_with_coords,spatial,True,0,0.09414868629090302,-109707.419900115,6784915.50427338
223,1778,Calyptotis scutirostrum,MLP_multi_with_coords,spatial,True,0,0.491465884355495,-109707.419900115,6784915.50427338
223,1779,Coeranoscincus reticulatus,MLP_multi_with_coords,spatial,True,0,0.34792559989520533,-109707.419900115,6784915.50427338
223,1780,Egernia mcpheei,MLP_multi_with_coords,spatial,True,0,0.05777235530913771,-109707.419900115,6784915.50427338
223,1781,Eulamprus murrayi,MLP_multi_with_coords,spatial,True,0,0.01405864202650815,-109707.419900115,6784915.50427338
223,1782,Ophioscincus truncatus,MLP_multi_with_coords,spatial,True,0,0.2134012865006631,-109707.419900115,6784915.50427338
223,1783,Pseudechis porphyricaus,MLP_multi_with_coords,spatial,True,0,0.006211799355803706,-109707.419900115,6784915.50427338
223,1784,Saltuarius swaini,MLP_multi_with_coords,spatial,True,0,0.011811531201350525,-109707.419900115,6784915.50427338
224,1785,Cacophis kreftii,MLP_multi_with_coords,spatial,True,0,0.06813004651679412,-150843.666641707,6782630.05200801
224,1786,Calyptotis scutirostrum,MLP_multi_with_coords,spatial,True,0,0.12278878341986382,-150843.666641707,6782630.05200801
224,1787,Coeranoscincus reticulatus,MLP_multi_with_coords,spatial,True,1,0.6323713138594369,-150843.666641707,6782630.05200801
224,1788,Egernia mcpheei,MLP_multi_with_coords,spatial,True,0,0.007509015435880484,-150843.666641707,6782630.05200801
224,1789,Eulamprus murrayi,MLP_multi_with_coords,spatial,True,0,0.017107044996161516,-150843.666641707,6782630.05200801
224,1790,Ophioscincus truncatus,MLP_multi_with_coords,spatial,True,0,0.135168275145595,-150843.666641707,6782630.05200801
224,1791,Pseudechis porphyricaus,MLP_multi_with_coords,spatial,True,0,0.030624962482902855,-150843.666641707,6782630.05200801
224,1792,Saltuarius swaini,MLP_multi_with_coords,spatial,True,0,0.008106907873874534,-150843.666641707,6782630.05200801
225,1793,Cacophis kreftii,MLP_multi_with_coords,spatial,True,0,0.032364538784630636,-157628.595163146,6781474.60411432
225,1794,Calyptotis scutirostrum,MLP_multi_with_coords,spatial,True,0,0.06868373295813493,-157628.595163146,6781474.60411432
225,1795,Coeranoscincus reticulatus,MLP_multi_with_coords,spatial,True,1,0.48275953199689653,-157628.595163146,6781474.60411432
225,1796,Egernia mcpheei,MLP_multi_with_coords,spatial,True,0,0.0038175253931578466,-157628.595163146,6781474.60411432
225,1797,Eulamprus murrayi,MLP_multi_with_coords,spatial,True,0,0.008330280958629775,-157628.595163146,6781474.60411432
225,1798,Ophioscincus truncatus,MLP_multi_with_coords,spatial,True,0,0.08943847446898094,-157628.595163146,6781474.60411432
225,1799,Pseudechis porphyricaus,MLP_multi_with_coords,spatial,True,0,0.016321386134613463,-157628.595163146,6781474.60411432
225,1800,Saltuarius swaini,MLP_multi_with_coords,spatial,True,0,0.0036603169072797924,-157628.595163146,6781474.60411432
226,1801,Cacophis kreftii,MLP_multi_with_coords,spatial,True,0,0.01889446318037634,-156768.616233883,6780508.50732801
226,1802,Calyptotis scutirostrum,MLP_multi_with_coords,spatial,True,0,0.03270383849470636,-156768.616233883,6780508.50732801
226,1803,Coeranoscincus reticulatus,MLP_multi_with_coords,spatial,True,1,0.3207603909495058,-156768.616233883,6780508.50732801
226,1804,Egernia mcpheei,MLP_multi_with_coords,spatial,True,0,0.002416961053513096,-156768.616233883,6780508.50732801
226,1805,Eulamprus murrayi,MLP_multi_with_coords,spatial,True,0,0.005043995241807635,-156768.616233883,6780508.50732801
226,1806,Ophioscincus truncatus,MLP_multi_with_coords,spatial,True,0,0.09594372857521778,-156768.616233883,6780508.50732801
226,1807,Pseudechis porphyricaus,MLP_multi_with_coords,spatial,True,0,0.01699919007894483,-156768.616233883,6780508.50732801
226,1808,Saltuarius swaini,MLP_multi_with_coords,spatial,True,0,0.002898246805816159,-156768.616233883,6780508.50732801
227,1809,Cacophis kreftii,MLP_multi_with_coords,spatial,True,0,0.0357155814972393,-110619.113371872,6783061.59249324
227,1810,Calyptotis scutirostrum,MLP_multi_with_coords,spatial,True,0,0.09846838877183733,-110619.113371872,6783061.59249324
227,1811,Coeranoscincus reticulatus,MLP_multi_with_coords,spatial,True,0,0.2959742721503119,-110619.113371872,6783061.59249324
227,1812,Egernia mcpheei,MLP_multi_with_coords,spatial,True,0,0.012724245186834768,-110619.113371872,6783061.59249324
227,1813,Eulamprus murrayi,MLP_multi_with_coords,spatial,True,0,0.012844181865117264,-110619.113371872,6783061.59249324
227,1814,Ophioscincus truncatus,MLP_multi_with_coords,spatial,True,0,0.05639421372761463,-110619.113371872,6783061.59249324
227,1815,Pseudechis porphyricaus,MLP_multi_with_coords,spatial,True,0,0.011680795182727409,-110619.113371872,6783061.59249324
227,1816,Saltuarius swaini,MLP_multi_with_coords,spatial,True,0,0.01157670334687196,-110619.113371872,6783061.59249324
228,1817,Cacophis kreftii,MLP_multi_with_coords,spatial,True,0,0.026407178345742188,-108593.63854256,6782767.65906175
228,1818,Calyptotis scutirostrum,MLP_multi_with_coords,spatial,True,0,0.05855911148484379,-108593.63854256,6782767.65906175
228,1819,Coeranoscincus reticulatus,MLP_multi_with_coords,spatial,True,0,0.2888228842792761,-108593.63854256,6782767.65906175
228,1820,Egernia mcpheei,MLP_multi_with_coords,spatial,True,0,0.009216542993464636,-108593.63854256,6782767.65906175
228,1821,Eulamprus murrayi,MLP_multi_with_coords,spatial,True,0,0.012131984788281477,-108593.63854256,6782767.65906175
228,1822,Ophioscincus truncatus,MLP_multi_with_coords,spatial,True,0,0.0402381427715893,-108593.63854256,6782767.65906175
228,1823,Pseudechis porphyricaus,MLP_multi_with_coords,spatial,True,0,0.006945196685957223,-108593.63854256,6782767.65906175
228,1824,Saltuarius swaini,MLP_multi_with_coords,spatial,True,0,0.0061604377670887575,-108593.63854256,6782767.65906175
229,1825,Cacophis kreftii,MLP_multi_with_coords,spatial,True,0,0.03133079410766041,-108377.162322395,6782567.34735566
229,1826,Calyptotis scutirostrum,MLP_multi_with_coords,spatial,True,0,0.04486327501134981,-108377.162322395,6782567.34735566
229,1827,Coeranoscincus reticulatus,MLP_multi_with_coords,spatial,True,1,0.2270154739719912,-108377.162322395,6782567.34735566
229,1828,Egernia mcpheei,MLP_multi_with_coords,spatial,True,0,0.012343875450314248,-108377.162322395,6782567.34735566
229,1829,Eulamprus murrayi,MLP_multi_with_coords,spatial,True,0,0.01069339233243229,-108377.162322395,6782567.34735566
229,1830,Ophioscincus truncatus,MLP_multi_with_coords,spatial,True,0,0.08612529570319956,-108377.162322395,6782567.34735566
229,1831,Pseudechis porphyricaus,MLP_multi_with_coords,spatial,True,0,0.013579753141293345,-108377.162322395,6782567.34735566
229,1832,Saltuarius swaini,MLP_multi_with_coords,spatial,True,0,0.021047735761844225,-108377.162322395,6782567.34735566
230,1833,Cacophis kreftii,MLP_multi_with_coords,spatial,True,0,0.01203095022529377,-58637.6336775981,6785100.52209461
230,1834,Calyptotis scutirostrum,MLP_multi_with_coords,spatial,True,0,0.08599824773289784,-58637.6336775981,6785100.52209461
230,1835,Coeranoscincus reticulatus,MLP_multi_with_coords,spatial,True,0,0.015595251290153003,-58637.6336775981,6785100.52209461
230,1836,Egernia mcpheei,MLP_multi_with_coords,spatial,True,0,0.01363648006752481,-58637.6336775981,6785100.52209461
230,1837,Eulamprus murrayi,MLP_multi_with_coords,spatial,True,0,0.0013935848969382472,-58637.6336775981,6785100.52209461
230,1838,Ophioscincus truncatus,MLP_multi_with_coords,spatial,True,0,0.06666801671240516,-58637.6336775981,6785100.52209461
230,1839,Pseudechis porphyricaus,MLP_multi_with_coords,spatial,True,0,0.0008472993389423522,-58637.6336775981,6785100.52209461
230,1840,Saltuarius swaini,MLP_multi_with_coords,spatial,True,0,0.002939109745651266,-58637.6336775981,6785100.52209461
231,1841,Cacophis kreftii,MLP_multi_with_coords,spatial,True,0,0.016180413579706905,-107923.462038802,6781588.26422547
231,1842,Calyptotis scutirostrum,MLP_multi_with_coords,spatial,True,0,0.027733453760530952,-107923.462038802,6781588.26422547
231,1843,Coeranoscincus reticulatus,MLP_multi_with_coords,spatial,True,1,0.1352356267883687,-107923.462038802,6781588.26422547
231,1844,Egernia mcpheei,MLP_multi_with_coords,spatial,True,0,0.00693598050968421,-107923.462038802,6781588.26422547
231,1845,Eulamprus murrayi,MLP_multi_with_coords,spatial,True,0,0.005447353580575772,-107923.462038802,6781588.26422547
231,1846,Ophioscincus truncatus,MLP_multi_with_coords,spatial,True,0,0.041984123885043745,-107923.462038802,6781588.26422547
231,1847,Pseudechis porphyricaus,MLP_multi_with_coords,spatial,True,0,0.009350170492914554,-107923.462038802,6781588.26422547
231,1848,Saltuarius swaini,MLP_multi_with_coords,spatial,True,0,0.01440231572446143,-107923.462038802,6781588.26422547
232,1849,Cacophis kreftii,MLP_multi_with_coords,spatial,True,0,0.02019564214925384,-154268.894705046,6778832.59399199
232,1850,Calyptotis scutirostrum,MLP_multi_with_coords,spatial,True,0,0.03463891634287851,-154268.894705046,6778832.59399199
232,1851,Coeranoscincus reticulatus,MLP_multi_with_coords,spatial,True,0,0.20223710652846671,-154268.894705046,6778832.59399199
232,1852,Egernia mcpheei,MLP_multi_with_coords,spatial,True,0,0.0024877129407324143,-154268.894705046,6778832.59399199
232,1853,Eulamprus murrayi,MLP_multi_with_coords,spatial,True,0,0.004308410483539304,-154268.894705046,6778832.59399199
232,1854,Ophioscincus truncatus,MLP_multi_with_coords,spatial,True,0,0.18967303426789128,-154268.894705046,6778832.59399199
232,1855,Pseudechis porphyricaus,MLP_multi_with_coords,spatial,True,0,0.021122063949892293,-154268.894705046,6778832.59399199
232,1856,Saltuarius swaini,MLP_multi_with_coords,spatial,True,0,0.005384847085354632,-154268.894705046,6778832.59399199
233,1857,Cacophis kreftii,MLP_multi_with_coords,spatial,True,0,0.012847506405797286,-151231.119203658,6778380.41797512
233,1858,Calyptotis scutirostrum,MLP_multi_with_coords,spatial,True,0,0.01426401883394427,-151231.119203658,6778380.41797512
233,1859,Coeranoscincus reticulatus,MLP_multi_with_coords,spatial,True,1,0.09645944737635012,-151231.119203658,6778380.41797512
233,1860,Egernia mcpheei,MLP_multi_with_coords,spatial,True,0,0.0013461950155682486,-151231.119203658,6778380.41797512
233,1861,Eulamprus murrayi,MLP_multi_with_coords,spatial,True,0,0.0017824922455290228,-151231.119203658,6778380.41797512
233,1862,Ophioscincus truncatus,MLP_multi_with_coords,spatial,True,0,0.19385520265123748,-151231.119203658,6778380.41797512
233,1863,Pseudechis porphyricaus,MLP_multi_with_coords,spatial,True,0,0.016387521708004577,-151231.119203658,6778380.41797512
233,1864,Saltuarius swaini,MLP_multi_with_coords,spatial,True,0,0.004180854058786288,-151231.119203658,6778380.41797512
234,1865,Cacophis kreftii,MLP_multi_with_coords,spatial,True,0,0.018337887762933543,-150784.191440288,6777591.42724006
234,1866,Calyptotis scutirostrum,MLP_multi_with_coords,spatial,True,0,0.02757699189983783,-150784.191440288,6777591.42724006
234,1867,Coeranoscincus reticulatus,MLP_multi_with_coords,spatial,True,0,0.26154607413294895,-150784.191440288,6777591.42724006
234,1868,Egernia mcpheei,MLP_multi_with_coords,spatial,True,0,0.001584026798606231,-150784.191440288,6777591.42724006
234,1869,Eulamprus murrayi,MLP_multi_with_coords,spatial,True,0,0.00415201912457542,-150784.191440288,6777591.42724006
234,1870,Ophioscincus truncatus,MLP_multi_with_coords,spatial,True,0,0.18655418893188092,-150784.191440288,6777591.42724006
234,1871,Pseudechis porphyricaus,MLP_multi_with_coords,spatial,True,0,0.018061760356508087,-150784.191440288,6777591.42724006
234,1872,Saltuarius swaini,MLP_multi_with_coords,spatial,True,0,0.0025870824876806473,-150784.191440288,6777591.42724006
235,1873,Cacophis kreftii,MLP_multi_with_coords,spatial,True,0,0.01590264547095264,-157053.44484427,6770228.31904544
235,1874,Calyptotis scutirostrum,MLP_multi_with_coords,spatial,True,0,0.005882265183700295,-157053.44484427,6770228.31904544
235,1875,Coeranoscincus reticulatus,MLP_multi_with_coords,spatial,True,1,0.09724702251884795,-157053.44484427,6770228.31904544
235,1876,Egernia mcpheei,MLP_multi_with_coords,spatial,True,0,0.0011013779360958143,-157053.44484427,6770228.31904544
235,1877,Eulamprus murrayi,MLP_multi_with_coords,spatial,True,0,0.004722331099835431,-157053.44484427,6770228.31904544
235,1878,Ophioscincus truncatus,MLP_multi_with_coords,spatial,True,0,0.2748380400725635,-157053.44484427,6770228.31904544
235,1879,Pseudechis porphyricaus,MLP_multi_with_coords,spatial,True,1,0.07602093620677486,-157053.44484427,6770228.31904544
235,1880,Saltuarius swaini,MLP_multi_with_coords,spatial,True,0,0.011105197801336725,-157053.44484427,6770228.31904544
236,1881,Cacophis kreftii,MLP_multi_with_coords,spatial,True,0,0.01344192963924472,-157007.529503806,6769427.67794309
236,1882,Calyptotis scutirostrum,MLP_multi_with_coords,spatial,True,0,0.004474894289428643,-157007.529503806,6769427.67794309
236,1883,Coeranoscincus reticulatus,MLP_multi_with_coords,spatial,True,1,0.10124975599962162,-157007.529503806,6769427.67794309
236,1884,Egernia mcpheei,MLP_multi_with_coords,spatial,True,0,0.0008595211365390948,-157007.529503806,6769427.67794309
236,1885,Eulamprus murrayi,MLP_multi_with_coords,spatial,True,0,0.0037682050823829418,-157007.529503806,6769427.67794309
236,1886,Ophioscincus truncatus,MLP_multi_with_coords,spatial,True,0,0.24579953814619054,-157007.529503806,6769427.67794309
236,1887,Pseudechis porphyricaus,MLP_multi_with_coords,spatial,True,0,0.05770181930152075,-157007.529503806,6769427.67794309
236,1888,Saltuarius swaini,MLP_multi_with_coords,spatial,True,0,0.008728519698238254,-157007.529503806,6769427.67794309
237,1889,Cacophis kreftii,MLP_multi_with_coords,spatial,True,0,0.013437574341936017,-157601.945479142,6769192.74860327
237,1890,Calyptotis scutirostrum,MLP_multi_with_coords,spatial,True,0,0.004640293316123119,-157601.945479142,6769192.74860327
237,1891,Coeranoscincus reticulatus,MLP_multi_with_coords,spatial,True,1,0.07542735168560803,-157601.945479142,6769192.74860327
237,1892,Egernia mcpheei,MLP_multi_with_coords,spatial,True,0,0.0008856304988011865,-157601.945479142,6769192.74860327
237,1893,Eulamprus murrayi,MLP_multi_with_coords,spatial,True,0,0.003406947518496149,-157601.945479142,6769192.74860327
237,1894,Ophioscincus truncatus,MLP_multi_with_coords,spatial,True,0,0.2788574593590029,-157601.945479142,6769192.74860327
237,1895,Pseudechis porphyricaus,MLP_multi_with_coords,spatial,True,0,0.061237942301134766,-157601.945479142,6769192.74860327
237,1896,Saltuarius swaini,MLP_multi_with_coords,spatial,True,0,0.010110616541021918,-157601.945479142,6769192.74860327
238,1897,Cacophis kreftii,MLP_multi_with_coords,spatial,True,0,0.0035274710227595116,-42631.6013249115,6774856.7836682
238,1898,Calyptotis scutirostrum,MLP_multi_with_coords,spatial,True,0,0.002164265424279476,-42631.6013249115,6774856.7836682
238,1899,Coeranoscincus reticulatus,MLP_multi_with_coords,spatial,True,0,0.01027262265289763,-42631.6013249115,6774856.7836682
238,1900,Egernia mcpheei,MLP_multi_with_coords,spatial,True,0,0.0016684042336106912,-42631.6013249115,6774856.7836682
238,1901,Eulamprus murrayi,MLP_multi_with_coords,spatial,True,0,0.0016080455732841526,-42631.6013249115,6774856.7836682
238,1902,Ophioscincus truncatus,MLP_multi_with_coords,spatial,True,0,0.00960779674287836,-42631.6013249115,6774856.7836682
238,1903,Pseudechis porphyricaus,MLP_multi_with_coords,spatial,True,0,0.0031836275716479352,-42631.6013249115,6774856.7836682
238,1904,Saltuarius swaini,MLP_multi_with_coords,spatial,True,0,0.007320953411503966,-42631.6013249115,6774856.7836682
239,1905,Cacophis kreftii,MLP_multi_with_coords,spatial,True,0,0.002773852036354796,-42808.1790068126,6774247.29778187
239,1906,Calyptotis scutirostrum,MLP_multi_with_coords,spatial,True,0,0.0011030547039470157,-42808.1790068126,6774247.29778187
239,1907,Coeranoscincus reticulatus,MLP_multi_with_coords,spatial,True,0,0.005997350938002179,-42808.1790068126,6774247.29778187
239,1908,Egernia mcpheei,MLP_multi_with_coords,spatial,True,0,0.0011666351402921436,-42808.1790068126,6774247.29778187
239,1909,Eulamprus murrayi,MLP_multi_with_coords,spatial,True,0,0.0013506730035224169,-42808.1790068126,6774247.29778187
239,1910,Ophioscincus truncatus,MLP_multi_with_coords,spatial,True,0,0.005772237051494026,-42808.1790068126,6774247.29778187
239,1911,Pseudechis porphyricaus,MLP_multi_with_coords,spatial,True,0,0.002446590184204732,-42808.1790068126,6774247.29778187
239,1912,Saltuarius swaini,MLP_multi_with_coords,spatial,True,0,0.008426810653608063,-42808.1790068126,6774247.29778187
240,1913,Cacophis kreftii,MLP_multi_with_coords,spatial,True,0,0.003712607639133875,-90697.5110841577,6771199.36165782
240,1914,Calyptotis scutirostrum,MLP_multi_with_coords,spatial,True,0,0.007605292544215876,-90697.5110841577,6771199.36165782
240,1915,Coeranoscincus reticulatus,MLP_multi_with_coords,spatial,True,0,0.05451694721096088,-90697.5110841577,6771199.36165782
240,1916,Egernia mcpheei,MLP_multi_with_coords,spatial,True,0,0.0022034134515662085,-90697.5110841577,6771199.36165782
240,1917,Eulamprus murrayi,MLP_multi_with_coords,spatial,True,0,0.0017522759324748688,-90697.5110841577,6771199.36165782
240,1918,Ophioscincus truncatus,MLP_multi_with_coords,spatial,True,0,0.00738544937351137,-90697.5110841577,6771199.36165782
240,1919,Pseudechis porphyricaus,MLP_multi_with_coords,spatial,True,0,0.0017380723103587892,-90697.5110841577,6771199.36165782
240,1920,Saltuarius swaini,MLP_multi_with_coords,spatial,True,0,0.0026084400719990184,-90697.5110841577,6771199.36165782
241,1921,Cacophis kreftii,MLP_multi_with_coords,spatial,True,0,0.003571942285744176,-89886.5465170286,6771040.60297007
241,1922,Calyptotis scutirostrum,MLP_multi_with_coords,spatial,True,0,0.0073037069173883945,-89886.5465170286,6771040.60297007
241,1923,Coeranoscincus reticulatus,MLP_multi_with_coords,spatial,True,0,0.053509857037980404,-89886.5465170286,6771040.60297007
241,1924,Egernia mcpheei,MLP_multi_with_coords,spatial,True,0,0.0020531010509415785,-89886.5465170286,6771040.60297007
241,1925,Eulamprus murrayi,MLP_multi_with_coords,spatial,True,0,0.0016848008082606428,-89886.5465170286,6771040.60297007
241,1926,Ophioscincus truncatus,MLP_multi_with_coords,spatial,True,0,0.007159421944909358,-89886.5465170286,6771040.60297007
241,1927,Pseudechis porphyricaus,MLP_multi_with_coords,spatial,True,0,0.0016317714317802907,-89886.5465170286,6771040.60297007
241,1928,Saltuarius swaini,MLP_multi_with_coords,spatial,True,0,0.0024272586480411904,-89886.5465170286,6771040.60297007
242,1929,Cacophis kreftii,MLP_multi_with_coords,spatial,True,0,0.0028912380775297573,-45884.998116622,6771685.40364584
242,1930,Calyptotis scutirostrum,MLP_multi_with_coords,spatial,True,0,0.0011741434583126562,-45884.998116622,6771685.40364584
242,1931,Coeranoscincus reticulatus,MLP_multi_with_coords,spatial,True,0,0.006853288033008293,-45884.998116622,6771685.40364584
242,1932,Egernia mcpheei,MLP_multi_with_coords,spatial,True,0,0.0012583138004833884,-45884.998116622,6771685.40364584
242,1933,Eulamprus murrayi,MLP_multi_with_coords,spatial,True,0,0.0014127414469821825,-45884.998116622,6771685.40364584
242,1934,Ophioscincus truncatus,MLP_multi_with_coords,spatial,True,0,0.006162687912981483,-45884.998116622,6771685.40364584
242,1935,Pseudechis porphyricaus,MLP_multi_with_coords,spatial,True,0,0.0026290060389290524,-45884.998116622,6771685.40364584
242,1936,Saltuarius swaini,MLP_multi_with_coords,spatial,True,0,0.008434149054244557,-45884.998116622,6771685.40364584
243,1937,Cacophis kreftii,MLP_multi_with_coords,spatial,True,0,0.002703290347419762,-45846.3441318398,6770874.56187869
243,1938,Calyptotis scutirostrum,MLP_multi_with_coords,spatial,True,0,0.0011192727880720823,-45846.3441318398,6770874.56187869
243,1939,Coeranoscincus reticulatus,MLP_multi_with_coords,spatial,True,0,0.006334456703321068,-45846.3441318398,6770874.56187869
243,1940,Egernia mcpheei,MLP_multi_with_coords,spatial,True,0,0.0011886861615503458,-45846.3441318398,6770874.56187869
243,1941,Eulamprus murrayi,MLP_multi_with_coords,spatial,True,0,0.0013694201874956985,-45846.3441318398,6770874.56187869
243,1942,Ophioscincus truncatus,MLP_multi_with_coords,spatial,True,0,0.005722731613089096,-45846.3441318398,6770874.56187869
243,1943,Pseudechis porphyricaus,MLP_multi_with_coords,spatial,True,0,0.0025521105059609197,-45846.3441318398,6770874.56187869
243,1944,Saltuarius swaini,MLP_multi_with_coords,spatial,True,0,0.008135463777689004,-45846.3441318398,6770874.56187869
244,1945,Cacophis kreftii,MLP_multi_with_coords,spatial,True,0,0.0028671995452417163,-46208.2545646069,6770055.74332879
244,1946,Calyptotis scutirostrum,MLP_multi_with_coords,spatial,True,0,0.0011599616206332834,-46208.2545646069,6770055.74332879
244,1947,Coeranoscincus reticulatus,MLP_multi_with_coords,spatial,True,0,0.006788029689768591,-46208.2545646069,6770055.74332879
244,1948,Egernia mcpheei,MLP_multi_with_coords,spatial,True,0,0.0012470300580324466,-46208.2545646069,6770055.74332879
244,1949,Eulamprus murrayi,MLP_multi_with_coords,spatial,True,0,0.0014102986996803399,-46208.2545646069,6770055.74332879
244,1950,Ophioscincus truncatus,MLP_multi_with_coords,spatial,True,0,0.006097326827845654,-46208.2545646069,6770055.74332879
244,1951,Pseudechis porphyricaus,MLP_multi_with_coords,spatial,True,0,0.002639049402977953,-46208.2545646069,6770055.74332879
244,1952,Saltuarius swaini,MLP_multi_with_coords,spatial,True,0,0.008550325211120247,-46208.2545646069,6770055.74332879
245,1953,Cacophis kreftii,MLP_multi_with_coords,spatial,True,0,0.0025399602712594354,-42736.9260770733,6769029.74166907
245,1954,Calyptotis scutirostrum,MLP_multi_with_coords,spatial,True,0,0.0010259465448322152,-42736.9260770733,6769029.74166907
245,1955,Coeranoscincus reticulatus,MLP_multi_with_coords,spatial,True,0,0.0054029316413109155,-42736.9260770733,6769029.74166907
245,1956,Egernia mcpheei,MLP_multi_with_coords,spatial,True,0,0.0010632121669055309,-42736.9260770733,6769029.74166907
245,1957,Eulamprus murrayi,MLP_multi_with_coords,spatial,True,0,0.0013154437390169118,-42736.9260770733,6769029.74166907
245,1958,Ophioscincus truncatus,MLP_multi_with_coords,spatial,True,0,0.005209540567638674,-42736.9260770733,6769029.74166907
245,1959,Pseudechis porphyricaus,MLP_multi_with_coords,spatial,True,0,0.002424142250234834,-42736.9260770733,6769029.74166907
245,1960,Saltuarius swaini,MLP_multi_with_coords,spatial,True,0,0.008524499582217378,-42736.9260770733,6769029.74166907
246,1961,Cacophis kreftii,MLP_multi_with_coords,spatial,True,0,0.003302383818825159,-42727.4414379179,6768829.81362177
246,1962,Calyptotis scutirostrum,MLP_multi_with_coords,spatial,True,0,0.001316105251427445,-42727.4414379179,6768829.81362177
246,1963,Coeranoscincus reticulatus,MLP_multi_with_coords,spatial,True,0,0.005730321446516579,-42727.4414379179,6768829.81362177
246,1964,Egernia mcpheei,MLP_multi_with_coords,spatial,True,0,0.00138418097771048,-42727.4414379179,6768829.81362177
246,1965,Eulamprus murrayi,MLP_multi_with_coords,spatial,True,0,0.0014177310297198873,-42727.4414379179,6768829.81362177
246,1966,Ophioscincus truncatus,MLP_multi_with_coords,spatial,True,0,0.00858710096078469,-42727.4414379179,6768829.81362177
246,1967,Pseudechis porphyricaus,MLP_multi_with_coords,spatial,True,0,0.002199891515227143,-42727.4414379179,6768829.81362177
246,1968,Saltuarius swaini,MLP_multi_with_coords,spatial,True,0,0.008935458845071983,-42727.4414379179,6768829.81362177
247,1969,Cacophis kreftii,MLP_multi_with_coords,spatial,True,0,0.0031273614470026276,-42717.9562631494,6768629.88557173
247,1970,Calyptotis scutirostrum,MLP_multi_with_coords,spatial,True,0,0.001277482358608099,-42717.9562631494,6768629.88557173
247,1971,Coeranoscincus reticulatus,MLP_multi_with_coords,spatial,True,0,0.005412157196503133,-42717.9562631494,6768629.88557173
247,1972,Egernia mcpheei,MLP_multi_with_coords,spatial,True,0,0.0013139968072941642,-42717.9562631494,6768629.88557173
247,1973,Eulamprus murrayi,MLP_multi_with_coords,spatial,True,0,0.0013749915712326368,-42717.9562631494,6768629.88557173
247,1974,Ophioscincus truncatus,MLP_multi_with_coords,spatial,True,0,0.008030399715159089,-42717.9562631494,6768629.88557173
247,1975,Pseudechis porphyricaus,MLP_multi_with_coords,spatial,True,0,0.002134311898926427,-42717.9562631494,6768629.88557173
247,1976,Saltuarius swaini,MLP_multi_with_coords,spatial,True,0,0.00864453281947357,-42717.9562631494,6768629.88557173
248,1977,Cacophis kreftii,MLP_multi_with_coords,spatial,True,0,0.0789393548225634,-139175.743651501,6763098.07298971
248,1978,Calyptotis scutirostrum,MLP_multi_with_coords,spatial,True,0,0.055068010983352726,-139175.743651501,6763098.07298971
248,1979,Coeranoscincus reticulatus,MLP_multi_with_coords,spatial,True,0,0.5184049764108827,-139175.743651501,6763098.07298971
248,1980,Egernia mcpheei,MLP_multi_with_coords,spatial,True,0,0.008678878130913023,-139175.743651501,6763098.07298971
248,1981,Eulamprus murrayi,MLP_multi_with_coords,spatial,True,0,0.020203564360601178,-139175.743651501,6763098.07298971
248,1982,Ophioscincus truncatus,MLP_multi_with_coords,spatial,True,0,0.33608719066418463,-139175.743651501,6763098.07298971
248,1983,Pseudechis porphyricaus,MLP_multi_with_coords,spatial,True,0,0.03071512084109905,-139175.743651501,6763098.07298971
248,1984,Saltuarius swaini,MLP_multi_with_coords,spatial,True,0,0.012338196754851354,-139175.743651501,6763098.07298971
249,1985,Cacophis kreftii,MLP_multi_with_coords,spatial,True,0,0.06616731267641326,-138923.869162796,6762097.27372678
249,1986,Calyptotis scutirostrum,MLP_multi_with_coords,spatial,True,0,0.08890710974811175,-138923.869162796,6762097.27372678
249,1987,Coeranoscincus reticulatus,MLP_multi_with_coords,spatial,True,1,0.6319384483258547,-138923.869162796,6762097.27372678
249,1988,Egernia mcpheei,MLP_multi_with_coords,spatial,True,0,0.006900291844561971,-138923.869162796,6762097.27372678
249,1989,Eulamprus murrayi,MLP_multi_with_coords,spatial,True,0,0.01691588184685573,-138923.869162796,6762097.27372678
249,1990,Ophioscincus truncatus,MLP_multi_with_coords,spatial,True,1,0.20823670946507938,-138923.869162796,6762097.27372678
249,1991,Pseudechis porphyricaus,MLP_multi_with_coords,spatial,True,0,0.03486068525877854,-138923.869162796,6762097.27372678
249,1992,Saltuarius swaini,MLP_multi_with_coords,spatial,True,0,0.010589521184847133,-138923.869162796,6762097.27372678
252,2009,Cacophis kreftii,MLP_multi_with_coords,spatial,True,0,0.0027678138169779636,-43112.7372327422,6764592.40958821
252,2010,Calyptotis scutirostrum,MLP_multi_with_coords,spatial,True,0,0.0010725869686746227,-43112.7372327422,6764592.40958821
252,2011,Coeranoscincus reticulatus,MLP_multi_with_coords,spatial,True,0,0.00591027185078354,-43112.7372327422,6764592.40958821
252,2012,Egernia mcpheei,MLP_multi_with_coords,spatial,True,0,0.0011568788164150003,-43112.7372327422,6764592.40958821
252,2013,Eulamprus murrayi,MLP_multi_with_coords,spatial,True,0,0.001412483532429747,-43112.7372327422,6764592.40958821
252,2014,Ophioscincus truncatus,MLP_multi_with_coords,spatial,True,0,0.005764921665975696,-43112.7372327422,6764592.40958821
252,2015,Pseudechis porphyricaus,MLP_multi_with_coords,spatial,True,0,0.002639217409881191,-43112.7372327422,6764592.40958821
252,2016,Saltuarius swaini,MLP_multi_with_coords,spatial,True,0,0.010027006629876704,-43112.7372327422,6764592.40958821
254,2025,Cacophis kreftii,MLP_multi_with_coords,spatial,True,0,0.0031033074762209056,-43678.7671977115,6763752.8151483
254,2026,Calyptotis scutirostrum,MLP_multi_with_coords,spatial,True,0,0.0011851128056184711,-43678.7671977115,6763752.8151483
254,2027,Coeranoscincus reticulatus,MLP_multi_with_coords,spatial,True,0,0.006982554445421498,-43678.7671977115,6763752.8151483
254,2028,Egernia mcpheei,MLP_multi_with_coords,spatial,True,0,0.0012957507144988846,-43678.7671977115,6763752.8151483
254,2029,Eulamprus murrayi,MLP_multi_with_coords,spatial,True,0,0.0015069028564684635,-43678.7671977115,6763752.8151483
254,2030,Ophioscincus truncatus,MLP_multi_with_coords,spatial,True,0,0.00655960539594102,-43678.7671977115,6763752.8151483
254,2031,Pseudechis porphyricaus,MLP_multi_with_coords,spatial,True,0,0.0028513615374314563,-43678.7671977115,6763752.8151483
254,2032,Saltuarius swaini,MLP_multi_with_coords,spatial,True,0,0.010405271750038938,-43678.7671977115,6763752.8151483
255,2033,Cacophis kreftii,MLP_multi_with_coords,spatial,True,0,0.007396345112473945,-47276.750227819,6763369.40347618
255,2034,Calyptotis scutirostrum,MLP_multi_with_coords,spatial,True,0,0.011062782271790932,-47276.750227819,6763369.40347618
255,2035,Coeranoscincus reticulatus,MLP_multi_with_coords,spatial,True,0,0.0226128488530727,-47276.750227819,6763369.40347618
255,2036,Egernia mcpheei,MLP_multi_with_coords,spatial,True,0,0.004332242103076361,-47276.750227819,6763369.40347618
255,2037,Eulamprus murrayi,MLP_multi_with_coords,spatial,True,0,0.0024952163755778737,-47276.750227819,6763369.40347618
255,2038,Ophioscincus truncatus,MLP_multi_with_coords,spatial,True,0,0.023774722635240015,-47276.750227819,6763369.40347618
255,2039,Pseudechis porphyricaus,MLP_multi_with_coords,spatial,True,0,0.0027779690897459684,-47276.750227819,6763369.40347618
255,2040,Saltuarius swaini,MLP_multi_with_coords,spatial,True,0,0.008761878374163905,-47276.750227819,6763369.40347618
106,841,Cacophis kreftii,MLP_multi_interactions_with_coords,spatial,True,1,0.3400476035218366,-147293.925634327,6831915.7941736
106,842,Calyptotis scutirostrum,MLP_multi_interactions_with_coords,spatial,True,1,0.9320596443714477,-147293.925634327,6831915.7941736
106,843,Coeranoscincus reticulatus,MLP_multi_interactions_with_coords,spatial,True,1,0.53412007176619,-147293.925634327,6831915.7941736
106,844,Egernia mcpheei,MLP_multi_interactions_with_coords,spatial,True,0,0.2968084864412781,-147293.925634327,6831915.7941736
106,845,Eulamprus murrayi,MLP_multi_interactions_with_coords,spatial,True,0,0.0037641151489231583,-147293.925634327,6831915.7941736
106,846,Ophioscincus truncatus,MLP_multi_interactions_with_coords,spatial,True,0,0.011340621939925171,-147293.925634327,6831915.7941736
106,847,Pseudechis porphyricaus,MLP_multi_interactions_with_coords,spatial,True,0,0.00014633279385014786,-147293.925634327,6831915.7941736
106,848,Saltuarius swaini,MLP_multi_interactions_with_coords,spatial,True,0,5.418637705896601e-05,-147293.925634327,6831915.7941736
111,881,Cacophis kreftii,MLP_multi_interactions_with_coords,spatial,True,0,0.2582585516274023,-146869.047423431,6831537.755626
111,882,Calyptotis scutirostrum,MLP_multi_interactions_with_coords,spatial,True,1,0.8117191519734732,-146869.047423431,6831537.755626
111,883,Coeranoscincus reticulatus,MLP_multi_interactions_with_coords,spatial,True,0,0.6830715481005829,-146869.047423431,6831537.755626
111,884,Egernia mcpheei,MLP_multi_interactions_with_coords,spatial,True,1,0.24122664627318408,-146869.047423431,6831537.755626
111,885,Eulamprus murrayi,MLP_multi_interactions_with_coords,spatial,True,0,0.001271124121591729,-146869.047423431,6831537.755626
111,886,Ophioscincus truncatus,MLP_multi_interactions_with_coords,spatial,True,0,0.01813723773627199,-146869.047423431,6831537.755626
111,887,Pseudechis porphyricaus,MLP_multi_interactions_with_coords,spatial,True,0,9.238597935795692e-05,-146869.047423431,6831537.755626
111,888,Saltuarius swaini,MLP_multi_interactions_with_coords,spatial,True,0,1.624660372759925e-05,-146869.047423431,6831537.755626
122,969,Cacophis kreftii,MLP_multi_interactions_with_coords,spatial,True,0,0.13298405142438433,-121930.447488692,6831783.7962185
122,970,Calyptotis scutirostrum,MLP_multi_interactions_with_coords,spatial,True,0,0.3431703583242882,-121930.447488692,6831783.7962185
122,971,Coeranoscincus reticulatus,MLP_multi_interactions_with_coords,spatial,True,1,0.38573154319411,-121930.447488692,6831783.7962185
122,972,Egernia mcpheei,MLP_multi_interactions_with_coords,spatial,True,0,0.007836087300441594,-121930.447488692,6831783.7962185
122,973,Eulamprus murrayi,MLP_multi_interactions_with_coords,spatial,True,0,0.014043699684464613,-121930.447488692,6831783.7962185
122,974,Ophioscincus truncatus,MLP_multi_interactions_with_coords,spatial,True,1,0.26867764965130825,-121930.447488692,6831783.7962185
122,975,Pseudechis porphyricaus,MLP_multi_interactions_with_coords,spatial,True,0,0.013170713001424828,-121930.447488692,6831783.7962185
122,976,Saltuarius swaini,MLP_multi_interactions_with_coords,spatial,True,0,0.0004546914816588882,-121930.447488692,6831783.7962185
125,993,Cacophis kreftii,MLP_multi_interactions_with_coords,spatial,True,0,0.09665824213567772,-119100.196556909,6831521.23488212
125,994,Calyptotis scutirostrum,MLP_multi_interactions_with_coords,spatial,True,1,0.2099476296538508,-119100.196556909,6831521.23488212
125,995,Coeranoscincus reticulatus,MLP_multi_interactions_with_coords,spatial,True,0,0.3101865710941528,-119100.196556909,6831521.23488212
125,996,Egernia mcpheei,MLP_multi_interactions_with_coords,spatial,True,0,0.003737816163646738,-119100.196556909,6831521.23488212
125,997,Eulamprus murrayi,MLP_multi_interactions_with_coords,spatial,True,0,0.021826903465830556,-119100.196556909,6831521.23488212
125,998,Ophioscincus truncatus,MLP_multi_interactions_with_coords,spatial,True,0,0.18852114425328353,-119100.196556909,6831521.23488212
125,999,Pseudechis porphyricaus,MLP_multi_interactions_with_coords,spatial,True,0,0.02338388889059387,-119100.196556909,6831521.23488212
125,1000,Saltuarius swaini,MLP_multi_interactions_with_coords,spatial,True,0,0.001727997580899198,-119100.196556909,6831521.23488212
126,1001,Cacophis kreftii,MLP_multi_interactions_with_coords,spatial,True,0,0.09160385043143694,-122301.197680874,6831162.17696098
126,1002,Calyptotis scutirostrum,MLP_multi_interactions_with_coords,spatial,True,0,0.16738689199329015,-122301.197680874,6831162.17696098
126,1003,Coeranoscincus reticulatus,MLP_multi_interactions_with_coords,spatial,True,0,0.35237312130376897,-122301.197680874,6831162.17696098
126,1004,Egernia mcpheei,MLP_multi_interactions_with_coords,spatial,True,1,0.0032841762404830954,-122301.197680874,6831162.17696098
126,1005,Eulamprus murrayi,MLP_multi_interactions_with_coords,spatial,True,0,0.015511768864460186,-122301.197680874,6831162.17696098
126,1006,Ophioscincus truncatus,MLP_multi_interactions_with_coords,spatial,True,0,0.2444159086857689,-122301.197680874,6831162.17696098
126,1007,Pseudechis porphyricaus,MLP_multi_interactions_with_coords,spatial,True,0,0.02250222902509516,-122301.197680874,6831162.17696098
126,1008,Saltuarius swaini,MLP_multi_interactions_with_coords,spatial,True,0,0.0014282215121863887,-122301.197680874,6831162.17696098
127,1009,Cacophis kreftii,MLP_multi_interactions_with_coords,spatial,True,0,0.21162170682102507,-113069.978206809,6831626.51450922
127,1010,Calyptotis scutirostrum,MLP_multi_interactions_with_coords,spatial,True,0,0.38831562402035447,-113069.978206809,6831626.51450922
127,1011,Coeranoscincus reticulatus,MLP_multi_interactions_with_coords,spatial,True,1,0.5163644550370077,-113069.978206809,6831626.51450922
127,1012,Egernia mcpheei,MLP_multi_interactions_with_coords,spatial,True,0,0.007292749484614362,-113069.978206809,6831626.51450922
127,1013,Eulamprus murrayi,MLP_multi_interactions_with_coords,spatial,True,0,0.16778313732353864,-113069.978206809,6831626.51450922
127,1014,Ophioscincus truncatus,MLP_multi_interactions_with_coords,spatial,True,0,0.5574900089036053,-113069.978206809,6831626.51450922
127,1015,Pseudechis porphyricaus,MLP_multi_interactions_with_coords,spatial,True,0,0.027144496135560692,-113069.978206809,6831626.51450922
127,1016,Saltuarius swaini,MLP_multi_interactions_with_coords,spatial,True,0,0.005466820571222541,-113069.978206809,6831626.51450922
128,1017,Cacophis kreftii,MLP_multi_interactions_with_coords,spatial,True,0,0.5399995634773954,-110250.872026258,6831561.92472725
128,1018,Calyptotis scutirostrum,MLP_multi_interactions_with_coords,spatial,True,0,0.3569133606403009,-110250.872026258,6831561.92472725
128,1019,Coeranoscincus reticulatus,MLP_multi_interactions_with_coords,spatial,True,0,0.8850495317159875,-110250.872026258,6831561.92472725
128,1020,Egernia mcpheei,MLP_multi_interactions_with_coords,spatial,True,0,0.0015092240603656686,-110250.872026258,6831561.92472725
128,1021,Eulamprus murrayi,MLP_multi_interactions_with_coords,spatial,True,0,0.5345956947813972,-110250.872026258,6831561.92472725
128,1022,Ophioscincus truncatus,MLP_multi_interactions_with_coords,spatial,True,0,0.983910322279969,-110250.872026258,6831561.92472725
128,1023,Pseudechis porphyricaus,MLP_multi_interactions_with_coords,spatial,True,0,0.011469739741511076,-110250.872026258,6831561.92472725
128,1024,Saltuarius swaini,MLP_multi_interactions_with_coords,spatial,True,0,0.014065475937561871,-110250.872026258,6831561.92472725
130,1033,Cacophis kreftii,MLP_multi_interactions_with_coords,spatial,True,0,0.10245737781403985,-112831.744333792,6830836.54025889
130,1034,Calyptotis scutirostrum,MLP_multi_interactions_with_coords,spatial,True,0,0.26506429890087185,-112831.744333792,6830836.54025889
130,1035,Coeranoscincus reticulatus,MLP_multi_interactions_with_coords,spatial,True,0,0.332590458032834,-112831.744333792,6830836.54025889
130,1036,Egernia mcpheei,MLP_multi_interactions_with_coords,spatial,True,0,0.009253086845936056,-112831.744333792,6830836.54025889
130,1037,Eulamprus murrayi,MLP_multi_interactions_with_coords,spatial,True,0,0.05921764747736623,-112831.744333792,6830836.54025889
130,1038,Ophioscincus truncatus,MLP_multi_interactions_with_coords,spatial,True,0,0.1382756753483931,-112831.744333792,6830836.54025889
130,1039,Pseudechis porphyricaus,MLP_multi_interactions_with_coords,spatial,True,0,0.014240476216395029,-112831.744333792,6830836.54025889
130,1040,Saltuarius swaini,MLP_multi_interactions_with_coords,spatial,True,0,0.002673341856113276,-112831.744333792,6830836.54025889
132,1049,Cacophis kreftii,MLP_multi_interactions_with_coords,spatial,True,0,0.1292548291530709,-105801.162580743,6831179.93507326
132,1050,Calyptotis scutirostrum,MLP_multi_interactions_with_coords,spatial,True,0,0.2320327779402458,-105801.162580743,6831179.93507326
132,1051,Coeranoscincus reticulatus,MLP_multi_interactions_with_coords,spatial,True,0,0.3519191542212042,-105801.162580743,6831179.93507326
132,1052,Egernia mcpheei,MLP_multi_interactions_with_coords,spatial,True,0,0.00575042761201401,-105801.162580743,6831179.93507326
132,1053,Eulamprus murrayi,MLP_multi_interactions_with_coords,spatial,True,0,0.0003373192616160032,-105801.162580743,6831179.93507326
132,1054,Ophioscincus truncatus,MLP_multi_interactions_with_coords,spatial,True,0,0.11050411682127469,-105801.162580743,6831179.93507326
132,1055,Pseudechis porphyricaus,MLP_multi_interactions_with_coords,spatial,True,0,1.6362361685645406e-05,-105801.162580743,6831179.93507326
132,1056,Saltuarius swaini,MLP_multi_interactions_with_coords,spatial,True,0,5.9273790810353115e-05,-105801.162580743,6831179.93507326
134,1065,Cacophis kreftii,MLP_multi_interactions_with_coords,spatial,True,0,0.17031154585879457,-109785.840498241,6830382.55130941
134,1066,Calyptotis scutirostrum,MLP_multi_interactions_with_coords,spatial,True,0,0.09074122226867805,-109785.840498241,6830382.55130941
134,1067,Coeranoscincus reticulatus,MLP_multi_interactions_with_coords,spatial,True,0,0.2558190925020329,-109785.840498241,6830382.55130941
134,1068,Egernia mcpheei,MLP_multi_interactions_with_coords,spatial,True,0,0.00389803130733533,-109785.840498241,6830382.55130941
134,1069,Eulamprus murrayi,MLP_multi_interactions_with_coords,spatial,True,0,0.00016230935031651532,-109785.840498241,6830382.55130941
134,1070,Ophioscincus truncatus,MLP_multi_interactions_with_coords,spatial,True,0,0.6605619476345657,-109785.840498241,6830382.55130941
134,1071,Pseudechis porphyricaus,MLP_multi_interactions_with_coords,spatial,True,0,7.4049064977991224e-06,-109785.840498241,6830382.55130941
134,1072,Saltuarius swaini,MLP_multi_interactions_with_coords,spatial,True,0,0.00026773031974445876,-109785.840498241,6830382.55130941
135,1073,Cacophis kreftii,MLP_multi_interactions_with_coords,spatial,True,0,0.2836861214836576,-60576.6608829403,6831437.80904093
135,1074,Calyptotis scutirostrum,MLP_multi_interactions_with_coords,spatial,True,0,0.015257628811999522,-60576.6608829403,6831437.80904093
135,1075,Coeranoscincus reticulatus,MLP_multi_interactions_with_coords,spatial,True,0,0.0021990537193590128,-60576.6608829403,6831437.80904093
135,1076,Egernia mcpheei,MLP_multi_interactions_with_coords,spatial,True,0,0.0003317676701201342,-60576.6608829403,6831437.80904093
135,1077,Eulamprus murrayi,MLP_multi_interactions_with_coords,spatial,True,0,0.0025936177362039592,-60576.6608829403,6831437.80904093
135,1078,Ophioscincus truncatus,MLP_multi_interactions_with_coords,spatial,True,1,0.39132805775241764,-60576.6608829403,6831437.80904093
135,1079,Pseudechis porphyricaus,MLP_multi_interactions_with_coords,spatial,True,0,2.457986228788473e-06,-60576.6608829403,6831437.80904093
135,1080,Saltuarius swaini,MLP_multi_interactions_with_coords,spatial,True,0,0.0024204021192555823,-60576.6608829403,6831437.80904093
136,1081,Cacophis kreftii,MLP_multi_interactions_with_coords,spatial,True,0,0.0997526226262454,-62745.5415882464,6830732.52392328
136,1082,Calyptotis scutirostrum,MLP_multi_interactions_with_coords,spatial,True,0,0.021402987932558702,-62745.5415882464,6830732.52392328
136,1083,Coeranoscincus reticulatus,MLP_multi_interactions_with_coords,spatial,True,0,0.0004927349075328879,-62745.5415882464,6830732.52392328
136,1084,Egernia mcpheei,MLP_multi_interactions_with_coords,spatial,True,0,5.358930199297209e-06,-62745.5415882464,6830732.52392328
136,1085,Eulamprus murrayi,MLP_multi_interactions_with_coords,spatial,True,0,0.0019490451152718257,-62745.5415882464,6830732.52392328
136,1086,Ophioscincus truncatus,MLP_multi_interactions_with_coords,spatial,True,1,0.06906049015538623,-62745.5415882464,6830732.52392328
136,1087,Pseudechis porphyricaus,MLP_multi_interactions_with_coords,spatial,True,0,1.0679151018607392e-06,-62745.5415882464,6830732.52392328
136,1088,Saltuarius swaini,MLP_multi_interactions_with_coords,spatial,True,0,0.00025666836909952367,-62745.5415882464,6830732.52392328
137,1089,Cacophis kreftii,MLP_multi_interactions_with_coords,spatial,True,0,0.13162495567819146,-59930.1265788042,6830667.09207023
137,1090,Calyptotis scutirostrum,MLP_multi_interactions_with_coords,spatial,True,0,0.5205102839503988,-59930.1265788042,6830667.09207023
137,1091,Coeranoscincus reticulatus,MLP_multi_interactions_with_coords,spatial,True,0,0.005669375474857846,-59930.1265788042,6830667.09207023
137,1092,Egernia mcpheei,MLP_multi_interactions_with_coords,spatial,True,0,0.00031006488615565545,-59930.1265788042,6830667.09207023
137,1093,Eulamprus murrayi,MLP_multi_interactions_with_coords,spatial,True,0,0.004774606005950392,-59930.1265788042,6830667.09207023
137,1094,Ophioscincus truncatus,MLP_multi_interactions_with_coords,spatial,True,0,0.17436923727720094,-59930.1265788042,6830667.09207023
137,1095,Pseudechis porphyricaus,MLP_multi_interactions_with_coords,spatial,True,0,6.134674857224817e-05,-59930.1265788042,6830667.09207023
137,1096,Saltuarius swaini,MLP_multi_interactions_with_coords,spatial,True,0,8.450358558056245e-05,-59930.1265788042,6830667.09207023
138,1097,Cacophis kreftii,MLP_multi_interactions_with_coords,spatial,True,0,0.0038218701748585853,-33656.1895879237,6831782.75910205
138,1098,Calyptotis scutirostrum,MLP_multi_interactions_with_coords,spatial,True,0,0.04008359962680734,-33656.1895879237,6831782.75910205
138,1099,Coeranoscincus reticulatus,MLP_multi_interactions_with_coords,spatial,True,0,0.0004052155582575717,-33656.1895879237,6831782.75910205
138,1100,Egernia mcpheei,MLP_multi_interactions_with_coords,spatial,True,0,0.005203894789270257,-33656.1895879237,6831782.75910205
138,1101,Eulamprus murrayi,MLP_multi_interactions_with_coords,spatial,True,0,2.4424427668885557e-05,-33656.1895879237,6831782.75910205
138,1102,Ophioscincus truncatus,MLP_multi_interactions_with_coords,spatial,True,0,0.03706109220593299,-33656.1895879237,6831782.75910205
138,1103,Pseudechis porphyricaus,MLP_multi_interactions_with_coords,spatial,True,0,2.4486979709721965e-05,-33656.1895879237,6831782.75910205
138,1104,Saltuarius swaini,MLP_multi_interactions_with_coords,spatial,True,0,0.002206934932018405,-33656.1895879237,6831782.75910205
139,1105,Cacophis kreftii,MLP_multi_interactions_with_coords,spatial,True,0,0.08086676493371557,-60097.6324680274,6830057.84195886
139,1106,Calyptotis scutirostrum,MLP_multi_interactions_with_coords,spatial,True,0,0.5246260724932685,-60097.6324680274,6830057.84195886
139,1107,Coeranoscincus reticulatus,MLP_multi_interactions_with_coords,spatial,True,0,0.007702575769908485,-60097.6324680274,6830057.84195886
139,1108,Egernia mcpheei,MLP_multi_interactions_with_coords,spatial,True,0,0.001786456275662212,-60097.6324680274,6830057.84195886
139,1109,Eulamprus murrayi,MLP_multi_interactions_with_coords,spatial,True,0,0.00011450245851564759,-60097.6324680274,6830057.84195886
139,1110,Ophioscincus truncatus,MLP_multi_interactions_with_coords,spatial,True,1,0.38818748620808585,-60097.6324680274,6830057.84195886
139,1111,Pseudechis porphyricaus,MLP_multi_interactions_with_coords,spatial,True,0,1.4212916621993167e-06,-60097.6324680274,6830057.84195886
139,1112,Saltuarius swaini,MLP_multi_interactions_with_coords,spatial,True,0,7.670462371272992e-05,-60097.6324680274,6830057.84195886
140,1113,Cacophis kreftii,MLP_multi_interactions_with_coords,spatial,True,0,0.1070279109530196,-59480.1149542754,6829686.55327432
140,1114,Calyptotis scutirostrum,MLP_multi_interactions_with_coords,spatial,True,0,0.24427518966643805,-59480.1149542754,6829686.55327432
140,1115,Coeranoscincus reticulatus,MLP_multi_interactions_with_coords,spatial,True,0,0.0032870985468450888,-59480.1149542754,6829686.55327432
140,1116,Egernia mcpheei,MLP_multi_interactions_with_coords,spatial,True,0,0.0004105915206410024,-59480.1149542754,6829686.55327432
140,1117,Eulamprus murrayi,MLP_multi_interactions_with_coords,spatial,True,0,0.01137088662285036,-59480.1149542754,6829686.55327432
140,1118,Ophioscincus truncatus,MLP_multi_interactions_with_coords,spatial,True,0,0.5706213079249862,-59480.1149542754,6829686.55327432
140,1119,Pseudechis porphyricaus,MLP_multi_interactions_with_coords,spatial,True,0,0.00023326704368029598,-59480.1149542754,6829686.55327432
140,1120,Saltuarius swaini,MLP_multi_interactions_with_coords,spatial,True,0,0.012474885144194143,-59480.1149542754,6829686.55327432
141,1121,Cacophis kreftii,MLP_multi_interactions_with_coords,spatial,True,0,0.060509848047601976,-59274.1159834863,6829696.39928037
141,1122,Calyptotis scutirostrum,MLP_multi_interactions_with_coords,spatial,True,0,0.3672206764908268,-59274.1159834863,6829696.39928037
141,1123,Coeranoscincus reticulatus,MLP_multi_interactions_with_coords,spatial,True,0,0.0034040749548107027,-59274.1159834863,6829696.39928037
141,1124,Egernia mcpheei,MLP_multi_interactions_with_coords,spatial,True,0,0.002422756329222636,-59274.1159834863,6829696.39928037
141,1125,Eulamprus murrayi,MLP_multi_interactions_with_coords,spatial,True,0,0.0007656484009963715,-59274.1159834863,6829696.39928037
141,1126,Ophioscincus truncatus,MLP_multi_interactions_with_coords,spatial,True,0,0.6760710232660778,-59274.1159834863,6829696.39928037
141,1127,Pseudechis porphyricaus,MLP_multi_interactions_with_coords,spatial,True,0,6.092329960213055e-05,-59274.1159834863,6829696.39928037
141,1128,Saltuarius swaini,MLP_multi_interactions_with_coords,spatial,True,0,0.0014577218033964775,-59274.1159834863,6829696.39928037
142,1129,Cacophis kreftii,MLP_multi_interactions_with_coords,spatial,True,0,0.09688928747196589,-58470.0105331185,6829534.39062915
142,1130,Calyptotis scutirostrum,MLP_multi_interactions_with_coords,spatial,True,1,0.144446740884177,-58470.0105331185,6829534.39062915
142,1131,Coeranoscincus reticulatus,MLP_multi_interactions_with_coords,spatial,True,0,0.0003689616638948211,-58470.0105331185,6829534.39062915
142,1132,Egernia mcpheei,MLP_multi_interactions_with_coords,spatial,True,0,2.473025453076099e-05,-58470.0105331185,6829534.39062915
142,1133,Eulamprus murrayi,MLP_multi_interactions_with_coords,spatial,True,0,0.00011004520116439548,-58470.0105331185,6829534.39062915
142,1134,Ophioscincus truncatus,MLP_multi_interactions_with_coords,spatial,True,0,0.17707348329581463,-58470.0105331185,6829534.39062915
142,1135,Pseudechis porphyricaus,MLP_multi_interactions_with_coords,spatial,True,0,1e-06,-58470.0105331185,6829534.39062915
142,1136,Saltuarius swaini,MLP_multi_interactions_with_coords,spatial,True,0,1.8046789431222574e-05,-58470.0105331185,6829534.39062915
143,1137,Cacophis kreftii,MLP_multi_interactions_with_coords,spatial,True,0,0.07165393471688147,-58067.8332822076,6829553.57641624
143,1138,Calyptotis scutirostrum,MLP_multi_interactions_with_coords,spatial,True,1,0.0552927096201725,-58067.8332822076,6829553.57641624
143,1139,Coeranoscincus reticulatus,MLP_multi_interactions_with_coords,spatial,True,0,1.8221708456187504e-05,-58067.8332822076,6829553.57641624
143,1140,Egernia mcpheei,MLP_multi_interactions_with_coords,spatial,True,0,5.754278250361495e-06,-58067.8332822076,6829553.57641624
143,1141,Eulamprus murrayi,MLP_multi_interactions_with_coords,spatial,True,0,3.9656609731789406e-05,-58067.8332822076,6829553.57641624
143,1142,Ophioscincus truncatus,MLP_multi_interactions_with_coords,spatial,True,0,0.14096703680458844,-58067.8332822076,6829553.57641624
143,1143,Pseudechis porphyricaus,MLP_multi_interactions_with_coords,spatial,True,0,1e-06,-58067.8332822076,6829553.57641624
143,1144,Saltuarius swaini,MLP_multi_interactions_with_coords,spatial,True,0,1.716991944795043e-05,-58067.8332822076,6829553.57641624
144,1145,Cacophis kreftii,MLP_multi_interactions_with_coords,spatial,True,0,0.001078937738696471,-35003.9025977263,6830519.3124224
144,1146,Calyptotis scutirostrum,MLP_multi_interactions_with_coords,spatial,True,0,0.0002000043965415513,-35003.9025977263,6830519.3124224
144,1147,Coeranoscincus reticulatus,MLP_multi_interactions_with_coords,spatial,True,0,0.00016758217995026484,-35003.9025977263,6830519.3124224
144,1148,Egernia mcpheei,MLP_multi_interactions_with_coords,spatial,True,0,0.00019191686352095316,-35003.9025977263,6830519.3124224
144,1149,Eulamprus murrayi,MLP_multi_interactions_with_coords,spatial,True,0,0.0003456334982285165,-35003.9025977263,6830519.3124224
144,1150,Ophioscincus truncatus,MLP_multi_interactions_with_coords,spatial,True,0,0.152576602246255,-35003.9025977263,6830519.3124224
144,1151,Pseudechis porphyricaus,MLP_multi_interactions_with_coords,spatial,True,0,0.03940665044219725,-35003.9025977263,6830519.3124224
144,1152,Saltuarius swaini,MLP_multi_interactions_with_coords,spatial,True,0,0.029127367556525112,-35003.9025977263,6830519.3124224
145,1153,Cacophis kreftii,MLP_multi_interactions_with_coords,spatial,True,0,0.0737615407722238,-57852.3087704955,6829363.4472621
145,1154,Calyptotis scutirostrum,MLP_multi_interactions_with_coords,spatial,True,0,0.06856768333880782,-57852.3087704955,6829363.4472621
145,1155,Coeranoscincus reticulatus,MLP_multi_interactions_with_coords,spatial,True,0,0.0003092044608447445,-57852.3087704955,6829363.4472621
145,1156,Egernia mcpheei,MLP_multi_interactions_with_coords,spatial,True,0,0.0005104730609001811,-57852.3087704955,6829363.4472621
145,1157,Eulamprus murrayi,MLP_multi_interactions_with_coords,spatial,True,0,3.494856516554776e-05,-57852.3087704955,6829363.4472621
145,1158,Ophioscincus truncatus,MLP_multi_interactions_with_coords,spatial,True,0,0.7016194016842077,-57852.3087704955,6829363.4472621
145,1159,Pseudechis porphyricaus,MLP_multi_interactions_with_coords,spatial,True,0,1e-06,-57852.3087704955,6829363.4472621
145,1160,Saltuarius swaini,MLP_multi_interactions_with_coords,spatial,True,0,0.00010472485132766308,-57852.3087704955,6829363.4472621
146,1161,Cacophis kreftii,MLP_multi_interactions_with_coords,spatial,True,0,0.0010778592900907657,-34994.2569791634,6830308.29905931
146,1162,Calyptotis scutirostrum,MLP_multi_interactions_with_coords,spatial,True,0,0.00033621515067245444,-34994.2569791634,6830308.29905931
146,1163,Coeranoscincus reticulatus,MLP_multi_interactions_with_coords,spatial,True,0,0.00010517044443956204,-34994.2569791634,6830308.29905931
146,1164,Egernia mcpheei,MLP_multi_interactions_with_coords,spatial,True,0,0.0002323627412449727,-34994.2569791634,6830308.29905931
146,1165,Eulamprus murrayi,MLP_multi_interactions_with_coords,spatial,True,0,0.00012180205310415645,-34994.2569791634,6830308.29905931
146,1166,Ophioscincus truncatus,MLP_multi_interactions_with_coords,spatial,True,0,0.038000772212215234,-34994.2569791634,6830308.29905931
146,1167,Pseudechis porphyricaus,MLP_multi_interactions_with_coords,spatial,True,0,0.012646836487039124,-34994.2569791634,6830308.29905931
146,1168,Saltuarius swaini,MLP_multi_interactions_with_coords,spatial,True,0,0.01659710930075416,-34994.2569791634,6830308.29905931
147,1169,Cacophis kreftii,MLP_multi_interactions_with_coords,spatial,True,0,0.12138502235946483,-58647.1030221649,6829125.12230747
147,1170,Calyptotis scutirostrum,MLP_multi_interactions_with_coords,spatial,True,0,0.1622104643659067,-58647.1030221649,6829125.12230747
147,1171,Coeranoscincus reticulatus,MLP_multi_interactions_with_coords,spatial,True,0,0.00172553456371354,-58647.1030221649,6829125.12230747
147,1172,Egernia mcpheei,MLP_multi_interactions_with_coords,spatial,True,0,0.004803752498434792,-58647.1030221649,6829125.12230747
147,1173,Eulamprus murrayi,MLP_multi_interactions_with_coords,spatial,True,0,8.30955526846938e-05,-58647.1030221649,6829125.12230747
147,1174,Ophioscincus truncatus,MLP_multi_interactions_with_coords,spatial,True,1,0.933034852306184,-58647.1030221649,6829125.12230747
147,1175,Pseudechis porphyricaus,MLP_multi_interactions_with_coords,spatial,True,0,1.2286068575541484e-06,-58647.1030221649,6829125.12230747
147,1176,Saltuarius swaini,MLP_multi_interactions_with_coords,spatial,True,0,0.00028139557553073026,-58647.1030221649,6829125.12230747
148,1177,Cacophis kreftii,MLP_multi_interactions_with_coords,spatial,True,0,0.15818455793242056,-59039.7148912014,6828905.9612443
148,1178,Calyptotis scutirostrum,MLP_multi_interactions_with_coords,spatial,True,1,0.07518154486461394,-59039.7148912014,6828905.9612443
148,1179,Coeranoscincus reticulatus,MLP_multi_interactions_with_coords,spatial,True,0,0.0009566512408316879,-59039.7148912014,6828905.9612443
148,1180,Egernia mcpheei,MLP_multi_interactions_with_coords,spatial,True,1,0.0005477416828417223,-59039.7148912014,6828905.9612443
148,1181,Eulamprus murrayi,MLP_multi_interactions_with_coords,spatial,True,0,0.00019347228177093962,-59039.7148912014,6828905.9612443
148,1182,Ophioscincus truncatus,MLP_multi_interactions_with_coords,spatial,True,1,0.8002796334201822,-59039.7148912014,6828905.9612443
148,1183,Pseudechis porphyricaus,MLP_multi_interactions_with_coords,spatial,True,0,1.6096430684496855e-06,-59039.7148912014,6828905.9612443
148,1184,Saltuarius swaini,MLP_multi_interactions_with_coords,spatial,True,0,0.000595569647246693,-59039.7148912014,6828905.9612443
149,1185,Cacophis kreftii,MLP_multi_interactions_with_coords,spatial,True,0,0.19821251865700293,-58039.2252902132,6828953.72338296
149,1186,Calyptotis scutirostrum,MLP_multi_interactions_with_coords,spatial,True,1,0.16121030924889912,-58039.2252902132,6828953.72338296
149,1187,Coeranoscincus reticulatus,MLP_multi_interactions_with_coords,spatial,True,0,0.005944963265396541,-58039.2252902132,6828953.72338296
149,1188,Egernia mcpheei,MLP_multi_interactions_with_coords,spatial,True,0,0.00178274074168964,-58039.2252902132,6828953.72338296
149,1189,Eulamprus murrayi,MLP_multi_interactions_with_coords,spatial,True,0,0.0003364323834180941,-58039.2252902132,6828953.72338296
149,1190,Ophioscincus truncatus,MLP_multi_interactions_with_coords,spatial,True,0,0.837673293509334,-58039.2252902132,6828953.72338296
149,1191,Pseudechis porphyricaus,MLP_multi_interactions_with_coords,spatial,True,0,3.1696181454611605e-06,-58039.2252902132,6828953.72338296
149,1192,Saltuarius swaini,MLP_multi_interactions_with_coords,spatial,True,0,0.0012176408198938833,-58039.2252902132,6828953.72338296
150,1193,Cacophis kreftii,MLP_multi_interactions_with_coords,spatial,True,0,0.0012437678165189588,-34359.3605187094,6829747.4641776
150,1194,Calyptotis scutirostrum,MLP_multi_interactions_with_coords,spatial,True,0,0.0004915026822653127,-34359.3605187094,6829747.4641776
150,1195,Coeranoscincus reticulatus,MLP_multi_interactions_with_coords,spatial,True,0,9.963281974838743e-05,-34359.3605187094,6829747.4641776
150,1196,Egernia mcpheei,MLP_multi_interactions_with_coords,spatial,True,0,0.00041409023269013397,-34359.3605187094,6829747.4641776
150,1197,Eulamprus murrayi,MLP_multi_interactions_with_coords,spatial,True,0,7.535636573402678e-05,-34359.3605187094,6829747.4641776
150,1198,Ophioscincus truncatus,MLP_multi_interactions_with_coords,spatial,True,0,0.014088570647680909,-34359.3605187094,6829747.4641776
150,1199,Pseudechis porphyricaus,MLP_multi_interactions_with_coords,spatial,True,0,0.004156039464255485,-34359.3605187094,6829747.4641776
150,1200,Saltuarius swaini,MLP_multi_interactions_with_coords,spatial,True,0,0.02700287754032643,-34359.3605187094,6829747.4641776
151,1201,Cacophis kreftii,MLP_multi_interactions_with_coords,spatial,True,0,0.0014265707786336851,-34751.7720567721,6829518.08321835
151,1202,Calyptotis scutirostrum,MLP_multi_interactions_with_coords,spatial,True,0,0.0005328015276122999,-34751.7720567721,6829518.08321835
151,1203,Coeranoscincus reticulatus,MLP_multi_interactions_with_coords,spatial,True,0,0.00011046578648720505,-34751.7720567721,6829518.08321835
151,1204,Egernia mcpheei,MLP_multi_interactions_with_coords,spatial,True,0,0.0004647403857582911,-34751.7720567721,6829518.08321835
151,1205,Eulamprus murrayi,MLP_multi_interactions_with_coords,spatial,True,0,9.613887838006066e-05,-34751.7720567721,6829518.08321835
151,1206,Ophioscincus truncatus,MLP_multi_interactions_with_coords,spatial,True,0,0.017292265742054898,-34751.7720567721,6829518.08321835
151,1207,Pseudechis porphyricaus,MLP_multi_interactions_with_coords,spatial,True,0,0.004836401933960955,-34751.7720567721,6829518.08321835
151,1208,Saltuarius swaini,MLP_multi_interactions_with_coords,spatial,True,0,0.029644984887058207,-34751.7720567721,6829518.08321835
152,1209,Cacophis kreftii,MLP_multi_interactions_with_coords,spatial,True,0,0.003064945317467652,-34733.497415081,6829118.26913623
152,1210,Calyptotis scutirostrum,MLP_multi_interactions_with_coords,spatial,True,0,0.005329520698440337,-34733.497415081,6829118.26913623
152,1211,Coeranoscincus reticulatus,MLP_multi_interactions_with_coords,spatial,True,0,0.0007602003134658001,-34733.497415081,6829118.26913623
152,1212,Egernia mcpheei,MLP_multi_interactions_with_coords,spatial,True,0,0.0011214683627574324,-34733.497415081,6829118.26913623
152,1213,Eulamprus murrayi,MLP_multi_interactions_with_coords,spatial,True,0,0.0002911758862223609,-34733.497415081,6829118.26913623
152,1214,Ophioscincus truncatus,MLP_multi_interactions_with_coords,spatial,True,0,0.037194935948430166,-34733.497415081,6829118.26913623
152,1215,Pseudechis porphyricaus,MLP_multi_interactions_with_coords,spatial,True,0,0.0027831536297432302,-34733.497415081,6829118.26913623
152,1216,Saltuarius swaini,MLP_multi_interactions_with_coords,spatial,True,0,0.03767417789077535,-34733.497415081,6829118.26913623
153,1217,Cacophis kreftii,MLP_multi_interactions_with_coords,spatial,True,0,0.1890375582126534,-56158.084536112,6827640.49763384
153,1218,Calyptotis scutirostrum,MLP_multi_interactions_with_coords,spatial,True,1,0.874046937657499,-56158.084536112,6827640.49763384
153,1219,Coeranoscincus reticulatus,MLP_multi_interactions_with_coords,spatial,True,0,0.008403705423741257,-56158.084536112,6827640.49763384
153,1220,Egernia mcpheei,MLP_multi_interactions_with_coords,spatial,True,0,0.08709972490880585,-56158.084536112,6827640.49763384
153,1221,Eulamprus murrayi,MLP_multi_interactions_with_coords,spatial,True,0,0.00014258288393281744,-56158.084536112,6827640.49763384
153,1222,Ophioscincus truncatus,MLP_multi_interactions_with_coords,spatial,True,1,0.9923274714710483,-56158.084536112,6827640.49763384
153,1223,Pseudechis porphyricaus,MLP_multi_interactions_with_coords,spatial,True,0,1.306104328948182e-06,-56158.084536112,6827640.49763384
153,1224,Saltuarius swaini,MLP_multi_interactions_with_coords,spatial,True,0,0.00028247910747709464,-56158.084536112,6827640.49763384
154,1225,Cacophis kreftii,MLP_multi_interactions_with_coords,spatial,True,0,0.051129483868264804,-56718.2495163478,6826812.23539331
154,1226,Calyptotis scutirostrum,MLP_multi_interactions_with_coords,spatial,True,0,0.3855397332494116,-56718.2495163478,6826812.23539331
154,1227,Coeranoscincus reticulatus,MLP_multi_interactions_with_coords,spatial,True,0,0.0008974953604076426,-56718.2495163478,6826812.23539331
154,1228,Egernia mcpheei,MLP_multi_interactions_with_coords,spatial,True,0,0.0005496805939563076,-56718.2495163478,6826812.23539331
154,1229,Eulamprus murrayi,MLP_multi_interactions_with_coords,spatial,True,0,0.0001018770065192918,-56718.2495163478,6826812.23539331
154,1230,Ophioscincus truncatus,MLP_multi_interactions_with_coords,spatial,True,1,0.45060137714853227,-56718.2495163478,6826812.23539331
154,1231,Pseudechis porphyricaus,MLP_multi_interactions_with_coords,spatial,True,0,1.0351165211514664e-06,-56718.2495163478,6826812.23539331
154,1232,Saltuarius swaini,MLP_multi_interactions_with_coords,spatial,True,0,0.0001616925528153677,-56718.2495163478,6826812.23539331
155,1233,Cacophis kreftii,MLP_multi_interactions_with_coords,spatial,True,0,0.14273746485840377,-59120.6295586857,6826486.03756181
155,1234,Calyptotis scutirostrum,MLP_multi_interactions_with_coords,spatial,True,0,0.6652049796417283,-59120.6295586857,6826486.03756181
155,1235,Coeranoscincus reticulatus,MLP_multi_interactions_with_coords,spatial,True,0,0.05216834940646425,-59120.6295586857,6826486.03756181
155,1236,Egernia mcpheei,MLP_multi_interactions_with_coords,spatial,True,0,0.008898872142243806,-59120.6295586857,6826486.03756181
155,1237,Eulamprus murrayi,MLP_multi_interactions_with_coords,spatial,True,0,0.0013826486545518541,-59120.6295586857,6826486.03756181
155,1238,Ophioscincus truncatus,MLP_multi_interactions_with_coords,spatial,True,0,0.9774177456203819,-59120.6295586857,6826486.03756181
155,1239,Pseudechis porphyricaus,MLP_multi_interactions_with_coords,spatial,True,0,0.00015906345796640376,-59120.6295586857,6826486.03756181
155,1240,Saltuarius swaini,MLP_multi_interactions_with_coords,spatial,True,0,0.0075808309916860165,-59120.6295586857,6826486.03756181
156,1241,Cacophis kreftii,MLP_multi_interactions_with_coords,spatial,True,0,0.039837593588970474,-57101.2660895063,6826393.18209589
156,1242,Calyptotis scutirostrum,MLP_multi_interactions_with_coords,spatial,True,1,0.21132695239031946,-57101.2660895063,6826393.18209589
156,1243,Coeranoscincus reticulatus,MLP_multi_interactions_with_coords,spatial,True,0,0.003541680357083883,-57101.2660895063,6826393.18209589
156,1244,Egernia mcpheei,MLP_multi_interactions_with_coords,spatial,True,0,0.03752038109243983,-57101.2660895063,6826393.18209589
156,1245,Eulamprus murrayi,MLP_multi_interactions_with_coords,spatial,True,0,0.0023526233494809354,-57101.2660895063,6826393.18209589
156,1246,Ophioscincus truncatus,MLP_multi_interactions_with_coords,spatial,True,0,0.4940324790108496,-57101.2660895063,6826393.18209589
156,1247,Pseudechis porphyricaus,MLP_multi_interactions_with_coords,spatial,True,0,0.001012871806059929,-57101.2660895063,6826393.18209589
156,1248,Saltuarius swaini,MLP_multi_interactions_with_coords,spatial,True,0,0.01628643924598115,-57101.2660895063,6826393.18209589
157,1249,Cacophis kreftii,MLP_multi_interactions_with_coords,spatial,True,0,0.17813551702783129,-57287.8605910979,6826183.88283365
157,1250,Calyptotis scutirostrum,MLP_multi_interactions_with_coords,spatial,True,1,0.9318807567757676,-57287.8605910979,6826183.88283365
157,1251,Coeranoscincus reticulatus,MLP_multi_interactions_with_coords,spatial,True,0,0.016327808096985676,-57287.8605910979,6826183.88283365
157,1252,Egernia mcpheei,MLP_multi_interactions_with_coords,spatial,True,0,0.29232963547358815,-57287.8605910979,6826183.88283365
157,1253,Eulamprus murrayi,MLP_multi_interactions_with_coords,spatial,True,0,0.0005543384819635638,-57287.8605910979,6826183.88283365
157,1254,Ophioscincus truncatus,MLP_multi_interactions_with_coords,spatial,True,0,0.995542010872354,-57287.8605910979,6826183.88283365
157,1255,Pseudechis porphyricaus,MLP_multi_interactions_with_coords,spatial,True,0,5.191058584545457e-06,-57287.8605910979,6826183.88283365
157,1256,Saltuarius swaini,MLP_multi_interactions_with_coords,spatial,True,0,0.0004998715682369922,-57287.8605910979,6826183.88283365
158,1257,Cacophis kreftii,MLP_multi_interactions_with_coords,spatial,True,0,0.11398073414846095,-57091.7358988385,6826193.23264818
158,1258,Calyptotis scutirostrum,MLP_multi_interactions_with_coords,spatial,True,0,0.890333925359877,-57091.7358988385,6826193.23264818
158,1259,Coeranoscincus reticulatus,MLP_multi_interactions_with_coords,spatial,True,0,0.008049219712350815,-57091.7358988385,6826193.23264818
158,1260,Egernia mcpheei,MLP_multi_interactions_with_coords,spatial,True,0,0.14013536341702398,-57091.7358988385,6826193.23264818
158,1261,Eulamprus murrayi,MLP_multi_interactions_with_coords,spatial,True,0,0.00018510207632103917,-57091.7358988385,6826193.23264818
158,1262,Ophioscincus truncatus,MLP_multi_interactions_with_coords,spatial,True,1,0.9865840776290073,-57091.7358988385,6826193.23264818
158,1263,Pseudechis porphyricaus,MLP_multi_interactions_with_coords,spatial,True,0,2.75925008905106e-06,-57091.7358988385,6826193.23264818
158,1264,Saltuarius swaini,MLP_multi_interactions_with_coords,spatial,True,0,0.00031545218832407137,-57091.7358988385,6826193.23264818
159,1265,Cacophis kreftii,MLP_multi_interactions_with_coords,spatial,True,0,0.17960790750656877,-57278.3264609204,6825983.9330077
159,1266,Calyptotis scutirostrum,MLP_multi_interactions_with_coords,spatial,True,0,0.9288692559328089,-57278.3264609204,6825983.9330077
159,1267,Coeranoscincus reticulatus,MLP_multi_interactions_with_coords,spatial,True,0,0.015676562441438294,-57278.3264609204,6825983.9330077
159,1268,Egernia mcpheei,MLP_multi_interactions_with_coords,spatial,True,0,0.33821692277184184,-57278.3264609204,6825983.9330077
159,1269,Eulamprus murrayi,MLP_multi_interactions_with_coords,spatial,True,0,0.0007367378427177533,-57278.3264609204,6825983.9330077
159,1270,Ophioscincus truncatus,MLP_multi_interactions_with_coords,spatial,True,1,0.9957721462334177,-57278.3264609204,6825983.9330077
159,1271,Pseudechis porphyricaus,MLP_multi_interactions_with_coords,spatial,True,0,5.201442822834564e-06,-57278.3264609204,6825983.9330077
159,1272,Saltuarius swaini,MLP_multi_interactions_with_coords,spatial,True,0,0.0006585428166588106,-57278.3264609204,6825983.9330077
160,1273,Cacophis kreftii,MLP_multi_interactions_with_coords,spatial,True,0,0.10634841550070609,-57082.2051583753,6825993.28319997
160,1274,Calyptotis scutirostrum,MLP_multi_interactions_with_coords,spatial,True,1,0.8673451294337929,-57082.2051583753,6825993.28319997
160,1275,Coeranoscincus reticulatus,MLP_multi_interactions_with_coords,spatial,True,0,0.006985346666025042,-57082.2051583753,6825993.28319997
160,1276,Egernia mcpheei,MLP_multi_interactions_with_coords,spatial,True,0,0.10735310003324187,-57082.2051583753,6825993.28319997
160,1277,Eulamprus murrayi,MLP_multi_interactions_with_coords,spatial,True,0,0.00013329452565952657,-57082.2051583753,6825993.28319997
160,1278,Ophioscincus truncatus,MLP_multi_interactions_with_coords,spatial,True,0,0.9787161924044187,-57082.2051583753,6825993.28319997
160,1279,Pseudechis porphyricaus,MLP_multi_interactions_with_coords,spatial,True,0,1.7803982590994843e-06,-57082.2051583753,6825993.28319997
160,1280,Saltuarius swaini,MLP_multi_interactions_with_coords,spatial,True,0,0.00028945235478375364,-57082.2051583753,6825993.28319997
161,1281,Cacophis kreftii,MLP_multi_interactions_with_coords,spatial,True,0,0.0839937175520671,-57053.0800449767,6825382.32654951
161,1282,Calyptotis scutirostrum,MLP_multi_interactions_with_coords,spatial,True,0,0.8695051507094366,-57053.0800449767,6825382.32654951
161,1283,Coeranoscincus reticulatus,MLP_multi_interactions_with_coords,spatial,True,0,0.0056824621076343,-57053.0800449767,6825382.32654951
161,1284,Egernia mcpheei,MLP_multi_interactions_with_coords,spatial,True,0,0.09657148747547137,-57053.0800449767,6825382.32654951
161,1285,Eulamprus murrayi,MLP_multi_interactions_with_coords,spatial,True,0,0.00012138212157291841,-57053.0800449767,6825382.32654951
161,1286,Ophioscincus truncatus,MLP_multi_interactions_with_coords,spatial,True,1,0.9676249928060107,-57053.0800449767,6825382.32654951
161,1287,Pseudechis porphyricaus,MLP_multi_interactions_with_coords,spatial,True,0,1.8776130353396896e-06,-57053.0800449767,6825382.32654951
161,1288,Saltuarius swaini,MLP_multi_interactions_with_coords,spatial,True,0,0.00027689082338405344,-57053.0800449767,6825382.32654951
162,1289,Cacophis kreftii,MLP_multi_interactions_with_coords,spatial,True,0,0.05846442316711053,-57436.0274871426,6824963.25226147
162,1290,Calyptotis scutirostrum,MLP_multi_interactions_with_coords,spatial,True,0,0.38156779599567536,-57436.0274871426,6824963.25226147
162,1291,Coeranoscincus reticulatus,MLP_multi_interactions_with_coords,spatial,True,0,0.009538287053993583,-57436.0274871426,6824963.25226147
162,1292,Egernia mcpheei,MLP_multi_interactions_with_coords,spatial,True,0,0.002762441678282907,-57436.0274871426,6824963.25226147
162,1293,Eulamprus murrayi,MLP_multi_interactions_with_coords,spatial,True,0,0.00021279352428460672,-57436.0274871426,6824963.25226147
162,1294,Ophioscincus truncatus,MLP_multi_interactions_with_coords,spatial,True,1,0.9460111816932988,-57436.0274871426,6824963.25226147
162,1295,Pseudechis porphyricaus,MLP_multi_interactions_with_coords,spatial,True,0,1.796418131756131e-05,-57436.0274871426,6824963.25226147
162,1296,Saltuarius swaini,MLP_multi_interactions_with_coords,spatial,True,0,0.0011504345694340063,-57436.0274871426,6824963.25226147
163,1297,Cacophis kreftii,MLP_multi_interactions_with_coords,spatial,True,0,0.06644232828989169,-118090.3420558,6819503.16714623
163,1298,Calyptotis scutirostrum,MLP_multi_interactions_with_coords,spatial,True,0,0.13034967318274415,-118090.3420558,6819503.16714623
163,1299,Coeranoscincus reticulatus,MLP_multi_interactions_with_coords,spatial,True,1,0.2806354370193965,-118090.3420558,6819503.16714623
163,1300,Egernia mcpheei,MLP_multi_interactions_with_coords,spatial,True,0,0.0032694435557717202,-118090.3420558,6819503.16714623
163,1301,Eulamprus murrayi,MLP_multi_interactions_with_coords,spatial,True,0,0.01164682159204139,-118090.3420558,6819503.16714623
163,1302,Ophioscincus truncatus,MLP_multi_interactions_with_coords,spatial,True,0,0.25547494674381727,-118090.3420558,6819503.16714623
163,1303,Pseudechis porphyricaus,MLP_multi_interactions_with_coords,spatial,True,0,0.02383050730131647,-118090.3420558,6819503.16714623
163,1304,Saltuarius swaini,MLP_multi_interactions_with_coords,spatial,True,0,0.002426875165416814,-118090.3420558,6819503.16714623
164,1305,Cacophis kreftii,MLP_multi_interactions_with_coords,spatial,True,0,0.0011228111509194757,-31234.0531967666,6823468.59821031
164,1306,Calyptotis scutirostrum,MLP_multi_interactions_with_coords,spatial,True,0,0.00041708626007031007,-31234.0531967666,6823468.59821031
164,1307,Coeranoscincus reticulatus,MLP_multi_interactions_with_coords,spatial,True,0,7.730089565123781e-05,-31234.0531967666,6823468.59821031
164,1308,Egernia mcpheei,MLP_multi_interactions_with_coords,spatial,True,0,0.0004082792924759296,-31234.0531967666,6823468.59821031
164,1309,Eulamprus murrayi,MLP_multi_interactions_with_coords,spatial,True,0,7.227343666248524e-05,-31234.0531967666,6823468.59821031
164,1310,Ophioscincus truncatus,MLP_multi_interactions_with_coords,spatial,True,0,0.017216682534157916,-31234.0531967666,6823468.59821031
164,1311,Pseudechis porphyricaus,MLP_multi_interactions_with_coords,spatial,True,0,0.003852963595735958,-31234.0531967666,6823468.59821031
164,1312,Saltuarius swaini,MLP_multi_interactions_with_coords,spatial,True,0,0.03150592913490007,-31234.0531967666,6823468.59821031
165,1313,Cacophis kreftii,MLP_multi_interactions_with_coords,spatial,True,0,0.22225472947420785,-116199.528148125,6817786.39841097
165,1314,Calyptotis scutirostrum,MLP_multi_interactions_with_coords,spatial,True,0,0.32548096602004783,-116199.528148125,6817786.39841097
165,1315,Coeranoscincus reticulatus,MLP_multi_interactions_with_coords,spatial,True,0,0.5742005802244482,-116199.528148125,6817786.39841097
165,1316,Egernia mcpheei,MLP_multi_interactions_with_coords,spatial,True,0,0.0054860815315356986,-116199.528148125,6817786.39841097
165,1317,Eulamprus murrayi,MLP_multi_interactions_with_coords,spatial,True,0,0.1256318009115611,-116199.528148125,6817786.39841097
165,1318,Ophioscincus truncatus,MLP_multi_interactions_with_coords,spatial,True,0,0.7775937335003337,-116199.528148125,6817786.39841097
165,1319,Pseudechis porphyricaus,MLP_multi_interactions_with_coords,spatial,True,0,0.020695037714697703,-116199.528148125,6817786.39841097
165,1320,Saltuarius swaini,MLP_multi_interactions_with_coords,spatial,True,0,0.005117793693625298,-116199.528148125,6817786.39841097
166,1321,Cacophis kreftii,MLP_multi_interactions_with_coords,spatial,True,0,0.08707507149682585,-115961.85299911,6817197.07567746
166,1322,Calyptotis scutirostrum,MLP_multi_interactions_with_coords,spatial,True,1,0.09593489330707354,-115961.85299911,6817197.07567746
166,1323,Coeranoscincus reticulatus,MLP_multi_interactions_with_coords,spatial,True,0,0.2828335496862716,-115961.85299911,6817197.07567746
166,1324,Egernia mcpheei,MLP_multi_interactions_with_coords,spatial,True,0,0.0023557216914365203,-115961.85299911,6817197.07567746
166,1325,Eulamprus murrayi,MLP_multi_interactions_with_coords,spatial,True,0,0.02273443151420158,-115961.85299911,6817197.07567746
166,1326,Ophioscincus truncatus,MLP_multi_interactions_with_coords,spatial,True,0,0.2811745229964506,-115961.85299911,6817197.07567746
166,1327,Pseudechis porphyricaus,MLP_multi_interactions_with_coords,spatial,True,0,0.09981981793653133,-115961.85299911,6817197.07567746
166,1328,Saltuarius swaini,MLP_multi_interactions_with_coords,spatial,True,0,0.0026263465874669886,-115961.85299911,6817197.07567746
167,1329,Cacophis kreftii,MLP_multi_interactions_with_coords,spatial,True,0,0.11758662467955701,-115156.930903262,6817038.96223258
167,1330,Calyptotis scutirostrum,MLP_multi_interactions_with_coords,spatial,True,0,0.168213462056752,-115156.930903262,6817038.96223258
167,1331,Coeranoscincus reticulatus,MLP_multi_interactions_with_coords,spatial,True,0,0.3475803643063997,-115156.930903262,6817038.96223258
167,1332,Egernia mcpheei,MLP_multi_interactions_with_coords,spatial,True,0,0.00837760372609793,-115156.930903262,6817038.96223258
167,1333,Eulamprus murrayi,MLP_multi_interactions_with_coords,spatial,True,0,0.06639266353485793,-115156.930903262,6817038.96223258
167,1334,Ophioscincus truncatus,MLP_multi_interactions_with_coords,spatial,True,0,0.1651158451138004,-115156.930903262,6817038.96223258
167,1335,Pseudechis porphyricaus,MLP_multi_interactions_with_coords,spatial,True,0,0.04752967621838422,-115156.930903262,6817038.96223258
167,1336,Saltuarius swaini,MLP_multi_interactions_with_coords,spatial,True,0,0.0058578850863515745,-115156.930903262,6817038.96223258
168,1337,Cacophis kreftii,MLP_multi_interactions_with_coords,spatial,True,0,0.16048154877974488,-114320.555073989,6816470.06822849
168,1338,Calyptotis scutirostrum,MLP_multi_interactions_with_coords,spatial,True,0,0.384275237063814,-114320.555073989,6816470.06822849
168,1339,Coeranoscincus reticulatus,MLP_multi_interactions_with_coords,spatial,True,0,0.6019266063806847,-114320.555073989,6816470.06822849
168,1340,Egernia mcpheei,MLP_multi_interactions_with_coords,spatial,True,0,0.022080315380861148,-114320.555073989,6816470.06822849
168,1341,Eulamprus murrayi,MLP_multi_interactions_with_coords,spatial,True,0,0.00040804090972717887,-114320.555073989,6816470.06822849
168,1342,Ophioscincus truncatus,MLP_multi_interactions_with_coords,spatial,True,0,0.39295762926908256,-114320.555073989,6816470.06822849
168,1343,Pseudechis porphyricaus,MLP_multi_interactions_with_coords,spatial,True,0,3.64508538459971e-05,-114320.555073989,6816470.06822849
168,1344,Saltuarius swaini,MLP_multi_interactions_with_coords,spatial,True,0,0.0003184004996717468,-114320.555073989,6816470.06822849
169,1345,Cacophis kreftii,MLP_multi_interactions_with_coords,spatial,True,0,0.011870428759618822,-108876.433782581,6816343.47520397
169,1346,Calyptotis scutirostrum,MLP_multi_interactions_with_coords,spatial,True,0,0.021003844883771525,-108876.433782581,6816343.47520397
169,1347,Coeranoscincus reticulatus,MLP_multi_interactions_with_coords,spatial,True,0,0.1496738889926707,-108876.433782581,6816343.47520397
169,1348,Egernia mcpheei,MLP_multi_interactions_with_coords,spatial,True,0,0.005690185387458415,-108876.433782581,6816343.47520397
169,1349,Eulamprus murrayi,MLP_multi_interactions_with_coords,spatial,True,0,0.004391308508935277,-108876.433782581,6816343.47520397
169,1350,Ophioscincus truncatus,MLP_multi_interactions_with_coords,spatial,True,0,0.007847581621844455,-108876.433782581,6816343.47520397
169,1351,Pseudechis porphyricaus,MLP_multi_interactions_with_coords,spatial,True,0,0.0147393353973014,-108876.433782581,6816343.47520397
169,1352,Saltuarius swaini,MLP_multi_interactions_with_coords,spatial,True,0,0.001810827608396954,-108876.433782581,6816343.47520397
170,1353,Cacophis kreftii,MLP_multi_interactions_with_coords,spatial,True,0,0.02036942652435244,-109030.042605492,6815332.43919622
170,1354,Calyptotis scutirostrum,MLP_multi_interactions_with_coords,spatial,True,0,0.021334915866548232,-109030.042605492,6815332.43919622
170,1355,Coeranoscincus reticulatus,MLP_multi_interactions_with_coords,spatial,True,1,0.15270800064551462,-109030.042605492,6815332.43919622
170,1356,Egernia mcpheei,MLP_multi_interactions_with_coords,spatial,True,0,0.004438271315631784,-109030.042605492,6815332.43919622
170,1357,Eulamprus murrayi,MLP_multi_interactions_with_coords,spatial,True,0,0.002780827270323682,-109030.042605492,6815332.43919622
170,1358,Ophioscincus truncatus,MLP_multi_interactions_with_coords,spatial,True,0,0.03672340210155921,-109030.042605492,6815332.43919622
170,1359,Pseudechis porphyricaus,MLP_multi_interactions_with_coords,spatial,True,0,0.017739872012554957,-109030.042605492,6815332.43919622
170,1360,Saltuarius swaini,MLP_multi_interactions_with_coords,spatial,True,0,0.0011640927780070492,-109030.042605492,6815332.43919622
171,1361,Cacophis kreftii,MLP_multi_interactions_with_coords,spatial,True,0,0.0010907856371480556,-27097.7448967228,6813229.19629307
171,1362,Calyptotis scutirostrum,MLP_multi_interactions_with_coords,spatial,True,0,0.0003492120088582813,-27097.7448967228,6813229.19629307
171,1363,Coeranoscincus reticulatus,MLP_multi_interactions_with_coords,spatial,True,0,6.727775977373126e-05,-27097.7448967228,6813229.19629307
171,1364,Egernia mcpheei,MLP_multi_interactions_with_coords,spatial,True,0,0.00042280757806565,-27097.7448967228,6813229.19629307
171,1365,Eulamprus murrayi,MLP_multi_interactions_with_coords,spatial,True,0,7.669309398408885e-05,-27097.7448967228,6813229.19629307
171,1366,Ophioscincus truncatus,MLP_multi_interactions_with_coords,spatial,True,0,0.022891341907920307,-27097.7448967228,6813229.19629307
171,1367,Pseudechis porphyricaus,MLP_multi_interactions_with_coords,spatial,True,0,0.003780492155326641,-27097.7448967228,6813229.19629307
171,1368,Saltuarius swaini,MLP_multi_interactions_with_coords,spatial,True,0,0.03944534849610708,-27097.7448967228,6813229.19629307
172,1369,Cacophis kreftii,MLP_multi_interactions_with_coords,spatial,True,0,0.04301359698534071,-148834.228828815,6806479.17622519
172,1370,Calyptotis scutirostrum,MLP_multi_interactions_with_coords,spatial,True,0,0.1984695056411607,-148834.228828815,6806479.17622519
172,1371,Coeranoscincus reticulatus,MLP_multi_interactions_with_coords,spatial,True,0,0.48335002661204546,-148834.228828815,6806479.17622519
172,1372,Egernia mcpheei,MLP_multi_interactions_with_coords,spatial,True,0,0.004451529595072368,-148834.228828815,6806479.17622519
172,1373,Eulamprus murrayi,MLP_multi_interactions_with_coords,spatial,True,0,0.01219150005932516,-148834.228828815,6806479.17622519
172,1374,Ophioscincus truncatus,MLP_multi_interactions_with_coords,spatial,True,0,0.07987146134438865,-148834.228828815,6806479.17622519
172,1375,Pseudechis porphyricaus,MLP_multi_interactions_with_coords,spatial,True,0,0.024851718609378643,-148834.228828815,6806479.17622519
172,1376,Saltuarius swaini,MLP_multi_interactions_with_coords,spatial,True,0,0.00010387782266136338,-148834.228828815,6806479.17622519
173,1377,Cacophis kreftii,MLP_multi_interactions_with_coords,spatial,True,0,0.0011599317788389336,-26864.9515665186,6812638.8314962
173,1378,Calyptotis scutirostrum,MLP_multi_interactions_with_coords,spatial,True,0,0.0007965573581192247,-26864.9515665186,6812638.8314962
173,1379,Coeranoscincus reticulatus,MLP_multi_interactions_with_coords,spatial,True,0,4.359204992689358e-05,-26864.9515665186,6812638.8314962
173,1380,Egernia mcpheei,MLP_multi_interactions_with_coords,spatial,True,0,0.0004859902229537549,-26864.9515665186,6812638.8314962
173,1381,Eulamprus murrayi,MLP_multi_interactions_with_coords,spatial,True,0,0.0001407553228472209,-26864.9515665186,6812638.8314962
173,1382,Ophioscincus truncatus,MLP_multi_interactions_with_coords,spatial,True,0,0.004456616223243245,-26864.9515665186,6812638.8314962
173,1383,Pseudechis porphyricaus,MLP_multi_interactions_with_coords,spatial,True,0,0.0006736261240808065,-26864.9515665186,6812638.8314962
173,1384,Saltuarius swaini,MLP_multi_interactions_with_coords,spatial,True,0,0.0075530087046837315,-26864.9515665186,6812638.8314962
174,1385,Cacophis kreftii,MLP_multi_interactions_with_coords,spatial,True,0,0.023758500469741716,-144171.518832433,6805913.46294023
174,1386,Calyptotis scutirostrum,MLP_multi_interactions_with_coords,spatial,True,0,0.06625837973215214,-144171.518832433,6805913.46294023
174,1387,Coeranoscincus reticulatus,MLP_multi_interactions_with_coords,spatial,True,0,0.4744234835440288,-144171.518832433,6805913.46294023
174,1388,Egernia mcpheei,MLP_multi_interactions_with_coords,spatial,True,0,0.001078570554360556,-144171.518832433,6805913.46294023
174,1389,Eulamprus murrayi,MLP_multi_interactions_with_coords,spatial,True,0,0.03645603948239444,-144171.518832433,6805913.46294023
174,1390,Ophioscincus truncatus,MLP_multi_interactions_with_coords,spatial,True,0,0.01649517585517431,-144171.518832433,6805913.46294023
174,1391,Pseudechis porphyricaus,MLP_multi_interactions_with_coords,spatial,True,0,0.013127873602406737,-144171.518832433,6805913.46294023
174,1392,Saltuarius swaini,MLP_multi_interactions_with_coords,spatial,True,0,0.00032278914932445084,-144171.518832433,6805913.46294023
175,1393,Cacophis kreftii,MLP_multi_interactions_with_coords,spatial,True,0,0.0015001041196345698,-26614.0603685924,6811648.67695057
175,1394,Calyptotis scutirostrum,MLP_multi_interactions_with_coords,spatial,True,1,0.013479986315632556,-26614.0603685924,6811648.67695057
175,1395,Coeranoscincus reticulatus,MLP_multi_interactions_with_coords,spatial,True,0,0.0002065274631464683,-26614.0603685924,6811648.67695057
175,1396,Egernia mcpheei,MLP_multi_interactions_with_coords,spatial,True,0,0.0031654222083314708,-26614.0603685924,6811648.67695057
175,1397,Eulamprus murrayi,MLP_multi_interactions_with_coords,spatial,True,0,5.681132533859968e-05,-26614.0603685924,6811648.67695057
175,1398,Ophioscincus truncatus,MLP_multi_interactions_with_coords,spatial,True,0,0.002363043151355092,-26614.0603685924,6811648.67695057
175,1399,Pseudechis porphyricaus,MLP_multi_interactions_with_coords,spatial,True,0,4.180301344459682e-05,-26614.0603685924,6811648.67695057
175,1400,Saltuarius swaini,MLP_multi_interactions_with_coords,spatial,True,0,0.0037963490580203616,-26614.0603685924,6811648.67695057
176,1401,Cacophis kreftii,MLP_multi_interactions_with_coords,spatial,True,0,0.04556240658431789,-146353.923264982,6805201.04834351
176,1402,Calyptotis scutirostrum,MLP_multi_interactions_with_coords,spatial,True,0,0.18221787907778902,-146353.923264982,6805201.04834351
176,1403,Coeranoscincus reticulatus,MLP_multi_interactions_with_coords,spatial,True,0,0.6422354125492269,-146353.923264982,6805201.04834351
176,1404,Egernia mcpheei,MLP_multi_interactions_with_coords,spatial,True,0,0.007013726875627699,-146353.923264982,6805201.04834351
176,1405,Eulamprus murrayi,MLP_multi_interactions_with_coords,spatial,True,0,0.01301965457730296,-146353.923264982,6805201.04834351
176,1406,Ophioscincus truncatus,MLP_multi_interactions_with_coords,spatial,True,0,0.07031531245503138,-146353.923264982,6805201.04834351
176,1407,Pseudechis porphyricaus,MLP_multi_interactions_with_coords,spatial,True,0,0.03578364914576224,-146353.923264982,6805201.04834351
176,1408,Saltuarius swaini,MLP_multi_interactions_with_coords,spatial,True,0,0.00014146097893572297,-146353.923264982,6805201.04834351
177,1409,Cacophis kreftii,MLP_multi_interactions_with_coords,spatial,True,0,0.0019358466125303745,-26577.824176917,6810849.10035356
177,1410,Calyptotis scutirostrum,MLP_multi_interactions_with_coords,spatial,True,0,0.02177331665762208,-26577.824176917,6810849.10035356
177,1411,Coeranoscincus reticulatus,MLP_multi_interactions_with_coords,spatial,True,0,0.0002715847967927995,-26577.824176917,6810849.10035356
177,1412,Egernia mcpheei,MLP_multi_interactions_with_coords,spatial,True,0,0.004200675699726649,-26577.824176917,6810849.10035356
177,1413,Eulamprus murrayi,MLP_multi_interactions_with_coords,spatial,True,0,8.090730015849649e-05,-26577.824176917,6810849.10035356
177,1414,Ophioscincus truncatus,MLP_multi_interactions_with_coords,spatial,True,0,0.003996726497913305,-26577.824176917,6810849.10035356
177,1415,Pseudechis porphyricaus,MLP_multi_interactions_with_coords,spatial,True,0,5.323608860334577e-05,-26577.824176917,6810849.10035356
177,1416,Saltuarius swaini,MLP_multi_interactions_with_coords,spatial,True,0,0.005972137993666795,-26577.824176917,6810849.10035356
178,1417,Cacophis kreftii,MLP_multi_interactions_with_coords,spatial,True,0,0.03768229164106695,-152179.201074767,6801082.64226836
178,1418,Calyptotis scutirostrum,MLP_multi_interactions_with_coords,spatial,True,0,0.048332140421854526,-152179.201074767,6801082.64226836
178,1419,Coeranoscincus reticulatus,MLP_multi_interactions_with_coords,spatial,True,1,0.27064421704836267,-152179.201074767,6801082.64226836
178,1420,Egernia mcpheei,MLP_multi_interactions_with_coords,spatial,True,0,0.00027713019637671935,-152179.201074767,6801082.64226836
178,1421,Eulamprus murrayi,MLP_multi_interactions_with_coords,spatial,True,0,0.21515402266017664,-152179.201074767,6801082.64226836
178,1422,Ophioscincus truncatus,MLP_multi_interactions_with_coords,spatial,True,0,0.05220645806675562,-152179.201074767,6801082.64226836
178,1423,Pseudechis porphyricaus,MLP_multi_interactions_with_coords,spatial,True,0,0.011096626246001691,-152179.201074767,6801082.64226836
178,1424,Saltuarius swaini,MLP_multi_interactions_with_coords,spatial,True,0,0.0004539395887149278,-152179.201074767,6801082.64226836
179,1425,Cacophis kreftii,MLP_multi_interactions_with_coords,spatial,True,0,0.04136475037013952,-158380.85988069,6800363.84186606
179,1426,Calyptotis scutirostrum,MLP_multi_interactions_with_coords,spatial,True,0,0.3581167847652824,-158380.85988069,6800363.84186606
179,1427,Coeranoscincus reticulatus,MLP_multi_interactions_with_coords,spatial,True,1,0.5447620744680047,-158380.85988069,6800363.84186606
179,1428,Egernia mcpheei,MLP_multi_interactions_with_coords,spatial,True,0,0.003305093088470726,-158380.85988069,6800363.84186606
179,1429,Eulamprus murrayi,MLP_multi_interactions_with_coords,spatial,True,0,0.021526823933152816,-158380.85988069,6800363.84186606
179,1430,Ophioscincus truncatus,MLP_multi_interactions_with_coords,spatial,True,0,0.18826295188410636,-158380.85988069,6800363.84186606
179,1431,Pseudechis porphyricaus,MLP_multi_interactions_with_coords,spatial,True,0,0.02435315977159649,-158380.85988069,6800363.84186606
179,1432,Saltuarius swaini,MLP_multi_interactions_with_coords,spatial,True,0,3.1831795231071634e-05,-158380.85988069,6800363.84186606
180,1433,Cacophis kreftii,MLP_multi_interactions_with_coords,spatial,True,0,0.0008540995756291425,-29780.9705356891,6806663.75964171
180,1434,Calyptotis scutirostrum,MLP_multi_interactions_with_coords,spatial,True,0,0.00027122366277765173,-29780.9705356891,6806663.75964171
180,1435,Coeranoscincus reticulatus,MLP_multi_interactions_with_coords,spatial,True,0,0.00011143500252903721,-29780.9705356891,6806663.75964171
180,1436,Egernia mcpheei,MLP_multi_interactions_with_coords,spatial,True,0,0.00041413536808545956,-29780.9705356891,6806663.75964171
180,1437,Eulamprus murrayi,MLP_multi_interactions_with_coords,spatial,True,0,7.522091619075984e-05,-29780.9705356891,6806663.75964171
180,1438,Ophioscincus truncatus,MLP_multi_interactions_with_coords,spatial,True,0,0.00823035082956201,-29780.9705356891,6806663.75964171
180,1439,Pseudechis porphyricaus,MLP_multi_interactions_with_coords,spatial,True,0,0.003186337077533464,-29780.9705356891,6806663.75964171
180,1440,Saltuarius swaini,MLP_multi_interactions_with_coords,spatial,True,0,0.04233912308105429,-29780.9705356891,6806663.75964171
181,1441,Cacophis kreftii,MLP_multi_interactions_with_coords,spatial,True,0,0.0007878539227275398,-29379.7381757025,6806682.07694802
181,1442,Calyptotis scutirostrum,MLP_multi_interactions_with_coords,spatial,True,0,0.00025959578577447565,-29379.7381757025,6806682.07694802
181,1443,Coeranoscincus reticulatus,MLP_multi_interactions_with_coords,spatial,True,0,0.00010065517181590176,-29379.7381757025,6806682.07694802
181,1444,Egernia mcpheei,MLP_multi_interactions_with_coords,spatial,True,0,0.0003899865592316526,-29379.7381757025,6806682.07694802
181,1445,Eulamprus murrayi,MLP_multi_interactions_with_coords,spatial,True,0,6.618286976469843e-05,-29379.7381757025,6806682.07694802
181,1446,Ophioscincus truncatus,MLP_multi_interactions_with_coords,spatial,True,0,0.007432057195352405,-29379.7381757025,6806682.07694802
181,1447,Pseudechis porphyricaus,MLP_multi_interactions_with_coords,spatial,True,0,0.0029387493505908325,-29379.7381757025,6806682.07694802
181,1448,Saltuarius swaini,MLP_multi_interactions_with_coords,spatial,True,0,0.04056075814476405,-29379.7381757025,6806682.07694802
182,1449,Cacophis kreftii,MLP_multi_interactions_with_coords,spatial,True,0,0.021592153122808887,-155726.191227112,6799488.07056547
182,1450,Calyptotis scutirostrum,MLP_multi_interactions_with_coords,spatial,True,0,0.10041035683133047,-155726.191227112,6799488.07056547
182,1451,Coeranoscincus reticulatus,MLP_multi_interactions_with_coords,spatial,True,0,0.15674084356752233,-155726.191227112,6799488.07056547
182,1452,Egernia mcpheei,MLP_multi_interactions_with_coords,spatial,True,0,0.0007908831578731347,-155726.191227112,6799488.07056547
182,1453,Eulamprus murrayi,MLP_multi_interactions_with_coords,spatial,True,0,0.025395806920186312,-155726.191227112,6799488.07056547
182,1454,Ophioscincus truncatus,MLP_multi_interactions_with_coords,spatial,True,0,0.12422694779383914,-155726.191227112,6799488.07056547
182,1455,Pseudechis porphyricaus,MLP_multi_interactions_with_coords,spatial,True,0,0.01261491399152665,-155726.191227112,6799488.07056547
182,1456,Saltuarius swaini,MLP_multi_interactions_with_coords,spatial,True,0,0.00023104565865237684,-155726.191227112,6799488.07056547
183,1457,Cacophis kreftii,MLP_multi_interactions_with_coords,spatial,True,0,0.0007583014541527423,-29520.6964365395,6805473.74302288
183,1458,Calyptotis scutirostrum,MLP_multi_interactions_with_coords,spatial,True,0,0.00021787323537222978,-29520.6964365395,6805473.74302288
183,1459,Coeranoscincus reticulatus,MLP_multi_interactions_with_coords,spatial,True,0,0.00010750913776746321,-29520.6964365395,6805473.74302288
183,1460,Egernia mcpheei,MLP_multi_interactions_with_coords,spatial,True,0,0.00038145725581308505,-29520.6964365395,6805473.74302288
183,1461,Eulamprus murrayi,MLP_multi_interactions_with_coords,spatial,True,0,6.26627578600111e-05,-29520.6964365395,6805473.74302288
183,1462,Ophioscincus truncatus,MLP_multi_interactions_with_coords,spatial,True,0,0.006299800387576141,-29520.6964365395,6805473.74302288
183,1463,Pseudechis porphyricaus,MLP_multi_interactions_with_coords,spatial,True,0,0.0030410878291661277,-29520.6964365395,6805473.74302288
183,1464,Saltuarius swaini,MLP_multi_interactions_with_coords,spatial,True,0,0.03960461798575407,-29520.6964365395,6805473.74302288
184,1465,Cacophis kreftii,MLP_multi_interactions_with_coords,spatial,True,0,0.0007027075937874179,-28317.1316235074,6805528.64452115
184,1466,Calyptotis scutirostrum,MLP_multi_interactions_with_coords,spatial,True,0,0.00021760610067976513,-28317.1316235074,6805528.64452115
184,1467,Coeranoscincus reticulatus,MLP_multi_interactions_with_coords,spatial,True,0,0.00011180994872489568,-28317.1316235074,6805528.64452115
184,1468,Egernia mcpheei,MLP_multi_interactions_with_coords,spatial,True,0,0.0003712476635670152,-28317.1316235074,6805528.64452115
184,1469,Eulamprus murrayi,MLP_multi_interactions_with_coords,spatial,True,0,6.096437675362205e-05,-28317.1316235074,6805528.64452115
184,1470,Ophioscincus truncatus,MLP_multi_interactions_with_coords,spatial,True,0,0.005518428010086926,-28317.1316235074,6805528.64452115
184,1471,Pseudechis porphyricaus,MLP_multi_interactions_with_coords,spatial,True,0,0.002671359811997098,-28317.1316235074,6805528.64452115
184,1472,Saltuarius swaini,MLP_multi_interactions_with_coords,spatial,True,0,0.04196908846271547,-28317.1316235074,6805528.64452115
185,1473,Cacophis kreftii,MLP_multi_interactions_with_coords,spatial,True,0,0.03289953351633324,-154680.904774922,6798732.86570032
185,1474,Calyptotis scutirostrum,MLP_multi_interactions_with_coords,spatial,True,0,0.07215299093384371,-154680.904774922,6798732.86570032
185,1475,Coeranoscincus reticulatus,MLP_multi_interactions_with_coords,spatial,True,1,0.29902828256757064,-154680.904774922,6798732.86570032
185,1476,Egernia mcpheei,MLP_multi_interactions_with_coords,spatial,True,0,0.0017550039389107863,-154680.904774922,6798732.86570032
185,1477,Eulamprus murrayi,MLP_multi_interactions_with_coords,spatial,True,0,0.04614752465814796,-154680.904774922,6798732.86570032
185,1478,Ophioscincus truncatus,MLP_multi_interactions_with_coords,spatial,True,0,0.04133773726022148,-154680.904774922,6798732.86570032
185,1479,Pseudechis porphyricaus,MLP_multi_interactions_with_coords,spatial,True,0,0.013899941197724764,-154680.904774922,6798732.86570032
185,1480,Saltuarius swaini,MLP_multi_interactions_with_coords,spatial,True,0,0.00013463436562823346,-154680.904774922,6798732.86570032
186,1481,Cacophis kreftii,MLP_multi_interactions_with_coords,spatial,True,0,0.0007464095765342439,-29502.4373697368,6805073.94284487
186,1482,Calyptotis scutirostrum,MLP_multi_interactions_with_coords,spatial,True,0,0.00023421727305372579,-29502.4373697368,6805073.94284487
186,1483,Coeranoscincus reticulatus,MLP_multi_interactions_with_coords,spatial,True,0,0.00011070110702413353,-29502.4373697368,6805073.94284487
186,1484,Egernia mcpheei,MLP_multi_interactions_with_coords,spatial,True,0,0.0003857863308770952,-29502.4373697368,6805073.94284487
186,1485,Eulamprus murrayi,MLP_multi_interactions_with_coords,spatial,True,0,6.49205903612563e-05,-29502.4373697368,6805073.94284487
186,1486,Ophioscincus truncatus,MLP_multi_interactions_with_coords,spatial,True,0,0.006155943174369495,-29502.4373697368,6805073.94284487
186,1487,Pseudechis porphyricaus,MLP_multi_interactions_with_coords,spatial,True,0,0.002871468226189943,-29502.4373697368,6805073.94284487
186,1488,Saltuarius swaini,MLP_multi_interactions_with_coords,spatial,True,0,0.04130913568882219,-29502.4373697368,6805073.94284487
187,1489,Cacophis kreftii,MLP_multi_interactions_with_coords,spatial,True,0,0.05143143737832717,-153649.192596345,6798389.56853004
187,1490,Calyptotis scutirostrum,MLP_multi_interactions_with_coords,spatial,True,0,0.10527674625714177,-153649.192596345,6798389.56853004
187,1491,Coeranoscincus reticulatus,MLP_multi_interactions_with_coords,spatial,True,1,0.487578315700349,-153649.192596345,6798389.56853004
187,1492,Egernia mcpheei,MLP_multi_interactions_with_coords,spatial,True,0,0.004179552044420275,-153649.192596345,6798389.56853004
187,1493,Eulamprus murrayi,MLP_multi_interactions_with_coords,spatial,True,0,0.02540373185566158,-153649.192596345,6798389.56853004
187,1494,Ophioscincus truncatus,MLP_multi_interactions_with_coords,spatial,True,0,0.06500133380147374,-153649.192596345,6798389.56853004
187,1495,Pseudechis porphyricaus,MLP_multi_interactions_with_coords,spatial,True,0,0.021675100722574985,-153649.192596345,6798389.56853004
187,1496,Saltuarius swaini,MLP_multi_interactions_with_coords,spatial,True,0,0.0001510205277802748,-153649.192596345,6798389.56853004
188,1497,Cacophis kreftii,MLP_multi_interactions_with_coords,spatial,True,0,0.026114190920580024,-154245.287601219,6798155.10832232
188,1498,Calyptotis scutirostrum,MLP_multi_interactions_with_coords,spatial,True,0,0.05374635120682331,-154245.287601219,6798155.10832232
188,1499,Coeranoscincus reticulatus,MLP_multi_interactions_with_coords,spatial,True,1,0.3018940096419993,-154245.287601219,6798155.10832232
188,1500,Egernia mcpheei,MLP_multi_interactions_with_coords,spatial,True,0,0.002058893818153437,-154245.287601219,6798155.10832232
188,1501,Eulamprus murrayi,MLP_multi_interactions_with_coords,spatial,True,0,0.03462883769699419,-154245.287601219,6798155.10832232
188,1502,Ophioscincus truncatus,MLP_multi_interactions_with_coords,spatial,True,0,0.03852735103182803,-154245.287601219,6798155.10832232
188,1503,Pseudechis porphyricaus,MLP_multi_interactions_with_coords,spatial,True,0,0.007939855025407196,-154245.287601219,6798155.10832232
188,1504,Saltuarius swaini,MLP_multi_interactions_with_coords,spatial,True,0,7.382672547474321e-05,-154245.287601219,6798155.10832232
189,1505,Cacophis kreftii,MLP_multi_interactions_with_coords,spatial,True,0,0.13568858271664402,-112502.967446529,6800471.69931174
189,1506,Calyptotis scutirostrum,MLP_multi_interactions_with_coords,spatial,True,0,0.30271407822844654,-112502.967446529,6800471.69931174
189,1507,Coeranoscincus reticulatus,MLP_multi_interactions_with_coords,spatial,True,0,0.4268824474678567,-112502.967446529,6800471.69931174
189,1508,Egernia mcpheei,MLP_multi_interactions_with_coords,spatial,True,0,0.010439944353635018,-112502.967446529,6800471.69931174
189,1509,Eulamprus murrayi,MLP_multi_interactions_with_coords,spatial,True,0,0.0001620549579806623,-112502.967446529,6800471.69931174
189,1510,Ophioscincus truncatus,MLP_multi_interactions_with_coords,spatial,True,0,0.09352045004073642,-112502.967446529,6800471.69931174
189,1511,Pseudechis porphyricaus,MLP_multi_interactions_with_coords,spatial,True,0,6.770748598128563e-06,-112502.967446529,6800471.69931174
189,1512,Saltuarius swaini,MLP_multi_interactions_with_coords,spatial,True,0,2.710240486437273e-05,-112502.967446529,6800471.69931174
190,1513,Cacophis kreftii,MLP_multi_interactions_with_coords,spatial,True,0,0.11493447118021417,-112492.387376251,6800271.63658075
190,1514,Calyptotis scutirostrum,MLP_multi_interactions_with_coords,spatial,True,0,0.4499462011081628,-112492.387376251,6800271.63658075
190,1515,Coeranoscincus reticulatus,MLP_multi_interactions_with_coords,spatial,True,1,0.36894782126017417,-112492.387376251,6800271.63658075
190,1516,Egernia mcpheei,MLP_multi_interactions_with_coords,spatial,True,0,0.03468685011126201,-112492.387376251,6800271.63658075
190,1517,Eulamprus murrayi,MLP_multi_interactions_with_coords,spatial,True,0,0.00016771747838090396,-112492.387376251,6800271.63658075
190,1518,Ophioscincus truncatus,MLP_multi_interactions_with_coords,spatial,True,0,0.32296869577029175,-112492.387376251,6800271.63658075
190,1519,Pseudechis porphyricaus,MLP_multi_interactions_with_coords,spatial,True,0,6.852402163618402e-06,-112492.387376251,6800271.63658075
190,1520,Saltuarius swaini,MLP_multi_interactions_with_coords,spatial,True,0,9.20543379001131e-05,-112492.387376251,6800271.63658075
191,1521,Cacophis kreftii,MLP_multi_interactions_with_coords,spatial,True,0,0.04898316328692977,-152408.241373254,6797645.26465756
191,1522,Calyptotis scutirostrum,MLP_multi_interactions_with_coords,spatial,True,0,0.09136590480961328,-152408.241373254,6797645.26465756
191,1523,Coeranoscincus reticulatus,MLP_multi_interactions_with_coords,spatial,True,1,0.46716359333569873,-152408.241373254,6797645.26465756
191,1524,Egernia mcpheei,MLP_multi_interactions_with_coords,spatial,True,0,0.0031243877843814103,-152408.241373254,6797645.26465756
191,1525,Eulamprus murrayi,MLP_multi_interactions_with_coords,spatial,True,0,0.04579031157850869,-152408.241373254,6797645.26465756
191,1526,Ophioscincus truncatus,MLP_multi_interactions_with_coords,spatial,True,0,0.03122591911982544,-152408.241373254,6797645.26465756
191,1527,Pseudechis porphyricaus,MLP_multi_interactions_with_coords,spatial,True,0,0.025412286239815812,-152408.241373254,6797645.26465756
191,1528,Saltuarius swaini,MLP_multi_interactions_with_coords,spatial,True,0,0.0002358320863570925,-152408.241373254,6797645.26465756
192,1529,Cacophis kreftii,MLP_multi_interactions_with_coords,spatial,True,0,0.09417272139633741,-111862.768502251,6799691.91157671
192,1530,Calyptotis scutirostrum,MLP_multi_interactions_with_coords,spatial,True,0,0.1851575634112905,-111862.768502251,6799691.91157671
192,1531,Coeranoscincus reticulatus,MLP_multi_interactions_with_coords,spatial,True,1,0.2077943024654028,-111862.768502251,6799691.91157671
192,1532,Egernia mcpheei,MLP_multi_interactions_with_coords,spatial,True,0,0.019189897178180575,-111862.768502251,6799691.91157671
192,1533,Eulamprus murrayi,MLP_multi_interactions_with_coords,spatial,True,0,0.00016861440095071274,-111862.768502251,6799691.91157671
192,1534,Ophioscincus truncatus,MLP_multi_interactions_with_coords,spatial,True,0,0.06795957985280349,-111862.768502251,6799691.91157671
192,1535,Pseudechis porphyricaus,MLP_multi_interactions_with_coords,spatial,True,0,3.832012399519178e-06,-111862.768502251,6799691.91157671
192,1536,Saltuarius swaini,MLP_multi_interactions_with_coords,spatial,True,0,2.6530276512659258e-05,-111862.768502251,6799691.91157671
193,1537,Cacophis kreftii,MLP_multi_interactions_with_coords,spatial,True,0,0.03169158632248393,-153796.263664079,6797165.36470106
193,1538,Calyptotis scutirostrum,MLP_multi_interactions_with_coords,spatial,True,0,0.0545162414263452,-153796.263664079,6797165.36470106
193,1539,Coeranoscincus reticulatus,MLP_multi_interactions_with_coords,spatial,True,1,0.4554045890405576,-153796.263664079,6797165.36470106
193,1540,Egernia mcpheei,MLP_multi_interactions_with_coords,spatial,True,0,0.0017492900720887672,-153796.263664079,6797165.36470106
193,1541,Eulamprus murrayi,MLP_multi_interactions_with_coords,spatial,True,0,0.04582657479503353,-153796.263664079,6797165.36470106
193,1542,Ophioscincus truncatus,MLP_multi_interactions_with_coords,spatial,True,0,0.014096859631577443,-153796.263664079,6797165.36470106
193,1543,Pseudechis porphyricaus,MLP_multi_interactions_with_coords,spatial,True,0,0.013793372745457324,-153796.263664079,6797165.36470106
193,1544,Saltuarius swaini,MLP_multi_interactions_with_coords,spatial,True,0,0.00012734480150689408,-153796.263664079,6797165.36470106
194,1545,Cacophis kreftii,MLP_multi_interactions_with_coords,spatial,True,0,0.11072739676235305,-113057.133584369,6799439.25721174
194,1546,Calyptotis scutirostrum,MLP_multi_interactions_with_coords,spatial,True,0,0.38626516976665853,-113057.133584369,6799439.25721174
194,1547,Coeranoscincus reticulatus,MLP_multi_interactions_with_coords,spatial,True,1,0.36524602831786845,-113057.133584369,6799439.25721174
194,1548,Egernia mcpheei,MLP_multi_interactions_with_coords,spatial,True,0,0.027002144618912698,-113057.133584369,6799439.25721174
194,1549,Eulamprus murrayi,MLP_multi_interactions_with_coords,spatial,True,0,0.0001330830093116477,-113057.133584369,6799439.25721174
194,1550,Ophioscincus truncatus,MLP_multi_interactions_with_coords,spatial,True,0,0.2639846286261158,-113057.133584369,6799439.25721174
194,1551,Pseudechis porphyricaus,MLP_multi_interactions_with_coords,spatial,True,0,5.634301915791672e-06,-113057.133584369,6799439.25721174
194,1552,Saltuarius swaini,MLP_multi_interactions_with_coords,spatial,True,0,6.357181024775664e-05,-113057.133584369,6799439.25721174
195,1553,Cacophis kreftii,MLP_multi_interactions_with_coords,spatial,True,0,0.04261398294889751,-153177.628494992,6796999.50794559
195,1554,Calyptotis scutirostrum,MLP_multi_interactions_with_coords,spatial,True,0,0.0787516064080814,-153177.628494992,6796999.50794559
195,1555,Coeranoscincus reticulatus,MLP_multi_interactions_with_coords,spatial,True,1,0.49328071035071724,-153177.628494992,6796999.50794559
195,1556,Egernia mcpheei,MLP_multi_interactions_with_coords,spatial,True,0,0.0006476072633020736,-153177.628494992,6796999.50794559
195,1557,Eulamprus murrayi,MLP_multi_interactions_with_coords,spatial,True,0,0.15078500248123702,-153177.628494992,6796999.50794559
195,1558,Ophioscincus truncatus,MLP_multi_interactions_with_coords,spatial,True,0,0.01928517065070739,-153177.628494992,6796999.50794559
195,1559,Pseudechis porphyricaus,MLP_multi_interactions_with_coords,spatial,True,0,0.05622511289131108,-153177.628494992,6796999.50794559
195,1560,Saltuarius swaini,MLP_multi_interactions_with_coords,spatial,True,0,0.0006932610387853366,-153177.628494992,6796999.50794559
196,1561,Cacophis kreftii,MLP_multi_interactions_with_coords,spatial,True,0,0.13131781851424026,-111841.623750466,6799291.78871934
196,1562,Calyptotis scutirostrum,MLP_multi_interactions_with_coords,spatial,True,0,0.3371378417482055,-111841.623750466,6799291.78871934
196,1563,Coeranoscincus reticulatus,MLP_multi_interactions_with_coords,spatial,True,1,0.397372594617686,-111841.623750466,6799291.78871934
196,1564,Egernia mcpheei,MLP_multi_interactions_with_coords,spatial,True,1,0.01108681231980748,-111841.623750466,6799291.78871934
196,1565,Eulamprus murrayi,MLP_multi_interactions_with_coords,spatial,True,0,0.00014463280662603775,-111841.623750466,6799291.78871934
196,1566,Ophioscincus truncatus,MLP_multi_interactions_with_coords,spatial,True,0,0.14100197205026319,-111841.623750466,6799291.78871934
196,1567,Pseudechis porphyricaus,MLP_multi_interactions_with_coords,spatial,True,0,6.707629591326031e-06,-111841.623750466,6799291.78871934
196,1568,Saltuarius swaini,MLP_multi_interactions_with_coords,spatial,True,0,3.53249023110524e-05,-111841.623750466,6799291.78871934
197,1569,Cacophis kreftii,MLP_multi_interactions_with_coords,spatial,True,0,0.0006582564663900488,-31200.4121417062,6802970.7749555
197,1570,Calyptotis scutirostrum,MLP_multi_interactions_with_coords,spatial,True,0,0.00012676624386738863,-31200.4121417062,6802970.7749555
197,1571,Coeranoscincus reticulatus,MLP_multi_interactions_with_coords,spatial,True,0,0.00013240859038239045,-31200.4121417062,6802970.7749555
197,1572,Egernia mcpheei,MLP_multi_interactions_with_coords,spatial,True,0,0.00024077027120952696,-31200.4121417062,6802970.7749555
197,1573,Eulamprus murrayi,MLP_multi_interactions_with_coords,spatial,True,0,8.498520448415086e-05,-31200.4121417062,6802970.7749555
197,1574,Ophioscincus truncatus,MLP_multi_interactions_with_coords,spatial,True,0,0.01176049361687419,-31200.4121417062,6802970.7749555
197,1575,Pseudechis porphyricaus,MLP_multi_interactions_with_coords,spatial,True,0,0.010004933086529607,-31200.4121417062,6802970.7749555
197,1576,Saltuarius swaini,MLP_multi_interactions_with_coords,spatial,True,0,0.025546662483534915,-31200.4121417062,6802970.7749555
198,1577,Cacophis kreftii,MLP_multi_interactions_with_coords,spatial,True,0,0.10858257518002926,-111757.020588895,6797691.29771726
198,1578,Calyptotis scutirostrum,MLP_multi_interactions_with_coords,spatial,True,0,0.139439741730273,-111757.020588895,6797691.29771726
198,1579,Coeranoscincus reticulatus,MLP_multi_interactions_with_coords,spatial,True,1,0.6006340150756558,-111757.020588895,6797691.29771726
198,1580,Egernia mcpheei,MLP_multi_interactions_with_coords,spatial,True,0,0.0032198027592768895,-111757.020588895,6797691.29771726
198,1581,Eulamprus murrayi,MLP_multi_interactions_with_coords,spatial,True,0,0.00023533426751065162,-111757.020588895,6797691.29771726
198,1582,Ophioscincus truncatus,MLP_multi_interactions_with_coords,spatial,True,0,0.16544229283845893,-111757.020588895,6797691.29771726
198,1583,Pseudechis porphyricaus,MLP_multi_interactions_with_coords,spatial,True,0,3.106414858210284e-05,-111757.020588895,6797691.29771726
198,1584,Saltuarius swaini,MLP_multi_interactions_with_coords,spatial,True,0,9.949930125371629e-05,-111757.020588895,6797691.29771726
199,1585,Cacophis kreftii,MLP_multi_interactions_with_coords,spatial,True,0,0.21461495954832954,-111540.073845013,6797301.52655841
199,1586,Calyptotis scutirostrum,MLP_multi_interactions_with_coords,spatial,True,0,0.5741923236564965,-111540.073845013,6797301.52655841
199,1587,Coeranoscincus reticulatus,MLP_multi_interactions_with_coords,spatial,True,1,0.4820231676068335,-111540.073845013,6797301.52655841
199,1588,Egernia mcpheei,MLP_multi_interactions_with_coords,spatial,True,1,0.18916448443809816,-111540.073845013,6797301.52655841
199,1589,Eulamprus murrayi,MLP_multi_interactions_with_coords,spatial,True,0,0.0007732088532354914,-111540.073845013,6797301.52655841
199,1590,Ophioscincus truncatus,MLP_multi_interactions_with_coords,spatial,True,0,0.6110264166876068,-111540.073845013,6797301.52655841
199,1591,Pseudechis porphyricaus,MLP_multi_interactions_with_coords,spatial,True,0,1.2529903618425707e-05,-111540.073845013,6797301.52655841
199,1592,Saltuarius swaini,MLP_multi_interactions_with_coords,spatial,True,0,0.0002669343875112052,-111540.073845013,6797301.52655841
200,1593,Cacophis kreftii,MLP_multi_interactions_with_coords,spatial,True,0,0.00653316591698561,-165917.840413128,6794142.17633504
200,1594,Calyptotis scutirostrum,MLP_multi_interactions_with_coords,spatial,True,0,0.027923392187397506,-165917.840413128,6794142.17633504
200,1595,Coeranoscincus reticulatus,MLP_multi_interactions_with_coords,spatial,True,1,0.23514614404933928,-165917.840413128,6794142.17633504
200,1596,Egernia mcpheei,MLP_multi_interactions_with_coords,spatial,True,0,0.00019361635416590176,-165917.840413128,6794142.17633504
200,1597,Eulamprus murrayi,MLP_multi_interactions_with_coords,spatial,True,0,0.01372065661710521,-165917.840413128,6794142.17633504
200,1598,Ophioscincus truncatus,MLP_multi_interactions_with_coords,spatial,True,0,0.35500405671994995,-165917.840413128,6794142.17633504
200,1599,Pseudechis porphyricaus,MLP_multi_interactions_with_coords,spatial,True,0,0.06800286938743712,-165917.840413128,6794142.17633504
200,1600,Saltuarius swaini,MLP_multi_interactions_with_coords,spatial,True,0,9.861602973003184e-05,-165917.840413128,6794142.17633504
201,1601,Cacophis kreftii,MLP_multi_interactions_with_coords,spatial,True,0,0.18569263812305747,-111724.493680147,6796890.5347694
201,1602,Calyptotis scutirostrum,MLP_multi_interactions_with_coords,spatial,True,0,0.5458505376814762,-111724.493680147,6796890.5347694
201,1603,Coeranoscincus reticulatus,MLP_multi_interactions_with_coords,spatial,True,1,0.47144592224804055,-111724.493680147,6796890.5347694
201,1604,Egernia mcpheei,MLP_multi_interactions_with_coords,spatial,True,0,0.20224975375738916,-111724.493680147,6796890.5347694
201,1605,Eulamprus murrayi,MLP_multi_interactions_with_coords,spatial,True,0,0.0007629993721540753,-111724.493680147,6796890.5347694
201,1606,Ophioscincus truncatus,MLP_multi_interactions_with_coords,spatial,True,0,0.4962936784994466,-111724.493680147,6796890.5347694
201,1607,Pseudechis porphyricaus,MLP_multi_interactions_with_coords,spatial,True,0,1.3776405497949404e-05,-111724.493680147,6796890.5347694
201,1608,Saltuarius swaini,MLP_multi_interactions_with_coords,spatial,True,0,0.00024457074550370185,-111724.493680147,6796890.5347694
202,1609,Cacophis kreftii,MLP_multi_interactions_with_coords,spatial,True,0,0.0894681903874305,-111508.34435778,6796701.34390328
202,1610,Calyptotis scutirostrum,MLP_multi_interactions_with_coords,spatial,True,0,0.37928258787460145,-111508.34435778,6796701.34390328
202,1611,Coeranoscincus reticulatus,MLP_multi_interactions_with_coords,spatial,True,1,0.3386036356311322,-111508.34435778,6796701.34390328
202,1612,Egernia mcpheei,MLP_multi_interactions_with_coords,spatial,True,0,0.05438742825646077,-111508.34435778,6796701.34390328
202,1613,Eulamprus murrayi,MLP_multi_interactions_with_coords,spatial,True,0,0.00021394459602467637,-111508.34435778,6796701.34390328
202,1614,Ophioscincus truncatus,MLP_multi_interactions_with_coords,spatial,True,0,0.17460467083887463,-111508.34435778,6796701.34390328
202,1615,Pseudechis porphyricaus,MLP_multi_interactions_with_coords,spatial,True,0,9.24754797543799e-06,-111508.34435778,6796701.34390328
202,1616,Saltuarius swaini,MLP_multi_interactions_with_coords,spatial,True,0,7.306185669818536e-05,-111508.34435778,6796701.34390328
203,1617,Cacophis kreftii,MLP_multi_interactions_with_coords,spatial,True,0,0.004932041656478574,-165638.858103626,6792540.33884748
203,1618,Calyptotis scutirostrum,MLP_multi_interactions_with_coords,spatial,True,0,0.053242481228869105,-165638.858103626,6792540.33884748
203,1619,Coeranoscincus reticulatus,MLP_multi_interactions_with_coords,spatial,True,1,0.353340970480761,-165638.858103626,6792540.33884748
203,1620,Egernia mcpheei,MLP_multi_interactions_with_coords,spatial,True,0,0.0002310768320855334,-165638.858103626,6792540.33884748
203,1621,Eulamprus murrayi,MLP_multi_interactions_with_coords,spatial,True,0,0.004949113660619973,-165638.858103626,6792540.33884748
203,1622,Ophioscincus truncatus,MLP_multi_interactions_with_coords,spatial,True,0,0.36708917021556253,-165638.858103626,6792540.33884748
203,1623,Pseudechis porphyricaus,MLP_multi_interactions_with_coords,spatial,True,0,0.027349269077527254,-165638.858103626,6792540.33884748
203,1624,Saltuarius swaini,MLP_multi_interactions_with_coords,spatial,True,0,0.000486944328516817,-165638.858103626,6792540.33884748
204,1625,Cacophis kreftii,MLP_multi_interactions_with_coords,spatial,True,0,0.029682366044258567,-111628.657553236,6795078.86889821
204,1626,Calyptotis scutirostrum,MLP_multi_interactions_with_coords,spatial,True,0,0.046891004554996604,-111628.657553236,6795078.86889821
204,1627,Coeranoscincus reticulatus,MLP_multi_interactions_with_coords,spatial,True,0,0.3683020030496741,-111628.657553236,6795078.86889821
204,1628,Egernia mcpheei,MLP_multi_interactions_with_coords,spatial,True,0,0.0065516643838237605,-111628.657553236,6795078.86889821
204,1629,Eulamprus murrayi,MLP_multi_interactions_with_coords,spatial,True,0,0.01613463981927499,-111628.657553236,6795078.86889821
204,1630,Ophioscincus truncatus,MLP_multi_interactions_with_coords,spatial,True,0,0.01591871124893575,-111628.657553236,6795078.86889821
204,1631,Pseudechis porphyricaus,MLP_multi_interactions_with_coords,spatial,True,0,0.005206806000981486,-111628.657553236,6795078.86889821
204,1632,Saltuarius swaini,MLP_multi_interactions_with_coords,spatial,True,0,0.0005921027041807163,-111628.657553236,6795078.86889821
205,1633,Cacophis kreftii,MLP_multi_interactions_with_coords,spatial,True,0,0.024059281324338405,-111987.574051639,6794257.38010052
205,1634,Calyptotis scutirostrum,MLP_multi_interactions_with_coords,spatial,True,0,0.03208996640221568,-111987.574051639,6794257.38010052
205,1635,Coeranoscincus reticulatus,MLP_multi_interactions_with_coords,spatial,True,0,0.35911246210438275,-111987.574051639,6794257.38010052
205,1636,Egernia mcpheei,MLP_multi_interactions_with_coords,spatial,True,0,0.006625896093130908,-111987.574051639,6794257.38010052
205,1637,Eulamprus murrayi,MLP_multi_interactions_with_coords,spatial,True,0,0.010617841203136422,-111987.574051639,6794257.38010052
205,1638,Ophioscincus truncatus,MLP_multi_interactions_with_coords,spatial,True,0,0.02006076708990494,-111987.574051639,6794257.38010052
205,1639,Pseudechis porphyricaus,MLP_multi_interactions_with_coords,spatial,True,0,0.022233954887313258,-111987.574051639,6794257.38010052
205,1640,Saltuarius swaini,MLP_multi_interactions_with_coords,spatial,True,0,0.0019939752943554786,-111987.574051639,6794257.38010052
206,1641,Cacophis kreftii,MLP_multi_interactions_with_coords,spatial,True,0,0.01757546102094061,-111543.951324666,6793478.37953304
206,1642,Calyptotis scutirostrum,MLP_multi_interactions_with_coords,spatial,True,0,0.021977394491866337,-111543.951324666,6793478.37953304
206,1643,Coeranoscincus reticulatus,MLP_multi_interactions_with_coords,spatial,True,1,0.27477846872395184,-111543.951324666,6793478.37953304
206,1644,Egernia mcpheei,MLP_multi_interactions_with_coords,spatial,True,0,0.006241207484974956,-111543.951324666,6793478.37953304
206,1645,Eulamprus murrayi,MLP_multi_interactions_with_coords,spatial,True,0,0.004670610927071536,-111543.951324666,6793478.37953304
206,1646,Ophioscincus truncatus,MLP_multi_interactions_with_coords,spatial,True,0,0.021042554788967754,-111543.951324666,6793478.37953304
206,1647,Pseudechis porphyricaus,MLP_multi_interactions_with_coords,spatial,True,0,0.020404879934037355,-111543.951324666,6793478.37953304
206,1648,Saltuarius swaini,MLP_multi_interactions_with_coords,spatial,True,0,0.0016369580937549606,-111543.951324666,6793478.37953304
207,1649,Cacophis kreftii,MLP_multi_interactions_with_coords,spatial,True,0,0.0014809138437149156,-166932.442763671,6790267.55776097
207,1650,Calyptotis scutirostrum,MLP_multi_interactions_with_coords,spatial,True,0,0.012198226974356415,-166932.442763671,6790267.55776097
207,1651,Coeranoscincus reticulatus,MLP_multi_interactions_with_coords,spatial,True,1,0.08991558337583751,-166932.442763671,6790267.55776097
207,1652,Egernia mcpheei,MLP_multi_interactions_with_coords,spatial,True,0,2.6792675054451435e-05,-166932.442763671,6790267.55776097
207,1653,Eulamprus murrayi,MLP_multi_interactions_with_coords,spatial,True,0,0.0025048966930431914,-166932.442763671,6790267.55776097
207,1654,Ophioscincus truncatus,MLP_multi_interactions_with_coords,spatial,True,0,0.316472721426437,-166932.442763671,6790267.55776097
207,1655,Pseudechis porphyricaus,MLP_multi_interactions_with_coords,spatial,True,0,0.012832288091588219,-166932.442763671,6790267.55776097
207,1656,Saltuarius swaini,MLP_multi_interactions_with_coords,spatial,True,0,0.0003366931866954403,-166932.442763671,6790267.55776097
208,1657,Cacophis kreftii,MLP_multi_interactions_with_coords,spatial,True,0,0.03893144634854565,-113333.176647029,6792982.26555712
208,1658,Calyptotis scutirostrum,MLP_multi_interactions_with_coords,spatial,True,0,0.03609027674148329,-113333.176647029,6792982.26555712
208,1659,Coeranoscincus reticulatus,MLP_multi_interactions_with_coords,spatial,True,0,0.5290474668055164,-113333.176647029,6792982.26555712
208,1660,Egernia mcpheei,MLP_multi_interactions_with_coords,spatial,True,0,0.0035972464270974456,-113333.176647029,6792982.26555712
208,1661,Eulamprus murrayi,MLP_multi_interactions_with_coords,spatial,True,0,0.03598050163305376,-113333.176647029,6792982.26555712
208,1662,Ophioscincus truncatus,MLP_multi_interactions_with_coords,spatial,True,0,0.01924081063344669,-113333.176647029,6792982.26555712
208,1663,Pseudechis porphyricaus,MLP_multi_interactions_with_coords,spatial,True,1,0.03023650632845586,-113333.176647029,6792982.26555712
208,1664,Saltuarius swaini,MLP_multi_interactions_with_coords,spatial,True,0,0.0028176164999277834,-113333.176647029,6792982.26555712
209,1665,Cacophis kreftii,MLP_multi_interactions_with_coords,spatial,True,0,0.028906978433461156,-112530.721336831,6793024.84869485
209,1666,Calyptotis scutirostrum,MLP_multi_interactions_with_coords,spatial,True,0,0.03353163941377259,-112530.721336831,6793024.84869485
209,1667,Coeranoscincus reticulatus,MLP_multi_interactions_with_coords,spatial,True,1,0.29738362833649534,-112530.721336831,6793024.84869485
209,1668,Egernia mcpheei,MLP_multi_interactions_with_coords,spatial,True,0,0.006983024801295379,-112530.721336831,6793024.84869485
209,1669,Eulamprus murrayi,MLP_multi_interactions_with_coords,spatial,True,0,0.005526347138639384,-112530.721336831,6793024.84869485
209,1670,Ophioscincus truncatus,MLP_multi_interactions_with_coords,spatial,True,0,0.041199257303450025,-112530.721336831,6793024.84869485
209,1671,Pseudechis porphyricaus,MLP_multi_interactions_with_coords,spatial,True,0,0.020765377132564045,-112530.721336831,6793024.84869485
209,1672,Saltuarius swaini,MLP_multi_interactions_with_coords,spatial,True,0,0.000781794693178547,-112530.721336831,6793024.84869485
210,1673,Cacophis kreftii,MLP_multi_interactions_with_coords,spatial,True,0,0.021503216712856214,-112129.496210697,6793046.11909854
210,1674,Calyptotis scutirostrum,MLP_multi_interactions_with_coords,spatial,True,0,0.02786450566032572,-112129.496210697,6793046.11909854
210,1675,Coeranoscincus reticulatus,MLP_multi_interactions_with_coords,spatial,True,0,0.4032854167761988,-112129.496210697,6793046.11909854
210,1676,Egernia mcpheei,MLP_multi_interactions_with_coords,spatial,True,0,0.006025807301331085,-112129.496210697,6793046.11909854
210,1677,Eulamprus murrayi,MLP_multi_interactions_with_coords,spatial,True,0,0.01325960276190705,-112129.496210697,6793046.11909854
210,1678,Ophioscincus truncatus,MLP_multi_interactions_with_coords,spatial,True,0,0.011379186925328669,-112129.496210697,6793046.11909854
210,1679,Pseudechis porphyricaus,MLP_multi_interactions_with_coords,spatial,True,0,0.018570107866960416,-112129.496210697,6793046.11909854
210,1680,Saltuarius swaini,MLP_multi_interactions_with_coords,spatial,True,0,0.0018554900190402744,-112129.496210697,6793046.11909854
211,1681,Cacophis kreftii,MLP_multi_interactions_with_coords,spatial,True,0,0.001879031114282409,-164829.821681687,6788558.93776823
211,1682,Calyptotis scutirostrum,MLP_multi_interactions_with_coords,spatial,True,0,0.011968772321428647,-164829.821681687,6788558.93776823
211,1683,Coeranoscincus reticulatus,MLP_multi_interactions_with_coords,spatial,True,1,0.16026940915731022,-164829.821681687,6788558.93776823
211,1684,Egernia mcpheei,MLP_multi_interactions_with_coords,spatial,True,0,3.0157616783642124e-05,-164829.821681687,6788558.93776823
211,1685,Eulamprus murrayi,MLP_multi_interactions_with_coords,spatial,True,0,0.002078445678845312,-164829.821681687,6788558.93776823
211,1686,Ophioscincus truncatus,MLP_multi_interactions_with_coords,spatial,True,0,0.3097924189692783,-164829.821681687,6788558.93776823
211,1687,Pseudechis porphyricaus,MLP_multi_interactions_with_coords,spatial,True,0,0.02318421883911689,-164829.821681687,6788558.93776823
211,1688,Saltuarius swaini,MLP_multi_interactions_with_coords,spatial,True,0,0.000534552477376195,-164829.821681687,6788558.93776823
212,1689,Cacophis kreftii,MLP_multi_interactions_with_coords,spatial,True,0,0.0016283533424382515,-165023.878239824,6788346.91096964
212,1690,Calyptotis scutirostrum,MLP_multi_interactions_with_coords,spatial,True,0,0.007695735644035292,-165023.878239824,6788346.91096964
212,1691,Coeranoscincus reticulatus,MLP_multi_interactions_with_coords,spatial,True,0,0.11944123646768029,-165023.878239824,6788346.91096964
212,1692,Egernia mcpheei,MLP_multi_interactions_with_coords,spatial,True,0,1.708985751645092e-05,-165023.878239824,6788346.91096964
212,1693,Eulamprus murrayi,MLP_multi_interactions_with_coords,spatial,True,0,0.0023024794354215895,-165023.878239824,6788346.91096964
212,1694,Ophioscincus truncatus,MLP_multi_interactions_with_coords,spatial,True,0,0.25861907328564976,-165023.878239824,6788346.91096964
212,1695,Pseudechis porphyricaus,MLP_multi_interactions_with_coords,spatial,True,0,0.025505222578503628,-165023.878239824,6788346.91096964
212,1696,Saltuarius swaini,MLP_multi_interactions_with_coords,spatial,True,0,0.00045735529954590333,-165023.878239824,6788346.91096964
213,1697,Cacophis kreftii,MLP_multi_interactions_with_coords,spatial,True,0,0.0018981648169799099,-164391.455012656,6787769.669967
213,1698,Calyptotis scutirostrum,MLP_multi_interactions_with_coords,spatial,True,0,0.008220636293652545,-164391.455012656,6787769.669967
213,1699,Coeranoscincus reticulatus,MLP_multi_interactions_with_coords,spatial,True,1,0.11597514717867281,-164391.455012656,6787769.669967
213,1700,Egernia mcpheei,MLP_multi_interactions_with_coords,spatial,True,0,1.6671217683121356e-05,-164391.455012656,6787769.669967
213,1701,Eulamprus murrayi,MLP_multi_interactions_with_coords,spatial,True,0,0.003531738384218301,-164391.455012656,6787769.669967
213,1702,Ophioscincus truncatus,MLP_multi_interactions_with_coords,spatial,True,0,0.23712507290900087,-164391.455012656,6787769.669967
213,1703,Pseudechis porphyricaus,MLP_multi_interactions_with_coords,spatial,True,0,0.031279854151491746,-164391.455012656,6787769.669967
213,1704,Saltuarius swaini,MLP_multi_interactions_with_coords,spatial,True,0,0.00040377941891706613,-164391.455012656,6787769.669967
214,1705,Cacophis kreftii,MLP_multi_interactions_with_coords,spatial,True,0,0.045399703407948376,-110822.113763642,6787074.42336939
214,1706,Calyptotis scutirostrum,MLP_multi_interactions_with_coords,spatial,True,0,0.023344063132786377,-110822.113763642,6787074.42336939
214,1707,Coeranoscincus reticulatus,MLP_multi_interactions_with_coords,spatial,True,0,0.5451469912798422,-110822.113763642,6787074.42336939
214,1708,Egernia mcpheei,MLP_multi_interactions_with_coords,spatial,True,0,0.006408682358614773,-110822.113763642,6787074.42336939
214,1709,Eulamprus murrayi,MLP_multi_interactions_with_coords,spatial,True,0,0.011837738099548939,-110822.113763642,6787074.42336939
214,1710,Ophioscincus truncatus,MLP_multi_interactions_with_coords,spatial,True,0,0.1865760515335869,-110822.113763642,6787074.42336939
214,1711,Pseudechis porphyricaus,MLP_multi_interactions_with_coords,spatial,True,0,0.07962677856118942,-110822.113763642,6787074.42336939
214,1712,Saltuarius swaini,MLP_multi_interactions_with_coords,spatial,True,0,0.003518635677305994,-110822.113763642,6787074.42336939
215,1713,Cacophis kreftii,MLP_multi_interactions_with_coords,spatial,True,0,0.0834976995503121,-110616.719576928,6787085.30761186
215,1714,Calyptotis scutirostrum,MLP_multi_interactions_with_coords,spatial,True,0,0.0737110795069209,-110616.719576928,6787085.30761186
215,1715,Coeranoscincus reticulatus,MLP_multi_interactions_with_coords,spatial,True,0,0.7441994362549508,-110616.719576928,6787085.30761186
215,1716,Egernia mcpheei,MLP_multi_interactions_with_coords,spatial,True,0,0.0011267387570808387,-110616.719576928,6787085.30761186
215,1717,Eulamprus murrayi,MLP_multi_interactions_with_coords,spatial,True,0,0.203515403029674,-110616.719576928,6787085.30761186
215,1718,Ophioscincus truncatus,MLP_multi_interactions_with_coords,spatial,True,0,0.10491213306108318,-110616.719576928,6787085.30761186
215,1719,Pseudechis porphyricaus,MLP_multi_interactions_with_coords,spatial,True,0,0.01522830826812005,-110616.719576928,6787085.30761186
215,1720,Saltuarius swaini,MLP_multi_interactions_with_coords,spatial,True,0,0.005051817533810336,-110616.719576928,6787085.30761186
216,1721,Cacophis kreftii,MLP_multi_interactions_with_coords,spatial,True,0,0.08502332741175916,-110020.100859829,6787116.90272986
216,1722,Calyptotis scutirostrum,MLP_multi_interactions_with_coords,spatial,True,0,0.11011318900350678,-110020.100859829,6787116.90272986
216,1723,Coeranoscincus reticulatus,MLP_multi_interactions_with_coords,spatial,True,0,0.8490382640019394,-110020.100859829,6787116.90272986
216,1724,Egernia mcpheei,MLP_multi_interactions_with_coords,spatial,True,0,0.0006631191580964917,-110020.100859829,6787116.90272986
216,1725,Eulamprus murrayi,MLP_multi_interactions_with_coords,spatial,True,0,0.3081091164613287,-110020.100859829,6787116.90272986
216,1726,Ophioscincus truncatus,MLP_multi_interactions_with_coords,spatial,True,0,0.16883417126740147,-110020.100859829,6787116.90272986
216,1727,Pseudechis porphyricaus,MLP_multi_interactions_with_coords,spatial,True,0,0.013137211295729864,-110020.100859829,6787116.90272986
216,1728,Saltuarius swaini,MLP_multi_interactions_with_coords,spatial,True,0,0.003842809152214872,-110020.100859829,6787116.90272986
217,1729,Cacophis kreftii,MLP_multi_interactions_with_coords,spatial,True,0,0.017945751454591895,-109413.705304275,6787148.98376259
217,1730,Calyptotis scutirostrum,MLP_multi_interactions_with_coords,spatial,True,0,0.022994571001011894,-109413.705304275,6787148.98376259
217,1731,Coeranoscincus reticulatus,MLP_multi_interactions_with_coords,spatial,True,1,0.23737186729282198,-109413.705304275,6787148.98376259
217,1732,Egernia mcpheei,MLP_multi_interactions_with_coords,spatial,True,0,0.003954538851251754,-109413.705304275,6787148.98376259
217,1733,Eulamprus murrayi,MLP_multi_interactions_with_coords,spatial,True,0,0.014317477525746424,-109413.705304275,6787148.98376259
217,1734,Ophioscincus truncatus,MLP_multi_interactions_with_coords,spatial,True,0,0.0028095161053057188,-109413.705304275,6787148.98376259
217,1735,Pseudechis porphyricaus,MLP_multi_interactions_with_coords,spatial,True,0,0.004316216648273412,-109413.705304275,6787148.98376259
217,1736,Saltuarius swaini,MLP_multi_interactions_with_coords,spatial,True,0,0.0010516790381358604,-109413.705304275,6787148.98376259
218,1737,Cacophis kreftii,MLP_multi_interactions_with_coords,spatial,True,0,0.0279340043359551,-110779.695476226,6786274.18349996
218,1738,Calyptotis scutirostrum,MLP_multi_interactions_with_coords,spatial,True,0,0.11289325735549269,-110779.695476226,6786274.18349996
218,1739,Coeranoscincus reticulatus,MLP_multi_interactions_with_coords,spatial,True,0,0.8386064663040158,-110779.695476226,6786274.18349996
218,1740,Egernia mcpheei,MLP_multi_interactions_with_coords,spatial,True,0,0.004217395534824361,-110779.695476226,6786274.18349996
218,1741,Eulamprus murrayi,MLP_multi_interactions_with_coords,spatial,True,0,0.010610015973825705,-110779.695476226,6786274.18349996
218,1742,Ophioscincus truncatus,MLP_multi_interactions_with_coords,spatial,True,0,0.02294784898024787,-110779.695476226,6786274.18349996
218,1743,Pseudechis porphyricaus,MLP_multi_interactions_with_coords,spatial,True,0,0.021268289975679963,-110779.695476226,6786274.18349996
218,1744,Saltuarius swaini,MLP_multi_interactions_with_coords,spatial,True,0,0.0012245590785738719,-110779.695476226,6786274.18349996
219,1745,Cacophis kreftii,MLP_multi_interactions_with_coords,spatial,True,0,0.022389886410995225,-110346.917478988,6785695.25630047
219,1746,Calyptotis scutirostrum,MLP_multi_interactions_with_coords,spatial,True,0,0.04262612565921899,-110346.917478988,6785695.25630047
219,1747,Coeranoscincus reticulatus,MLP_multi_interactions_with_coords,spatial,True,0,0.40412697391268,-110346.917478988,6785695.25630047
219,1748,Egernia mcpheei,MLP_multi_interactions_with_coords,spatial,True,0,0.006073517413630907,-110346.917478988,6785695.25630047
219,1749,Eulamprus murrayi,MLP_multi_interactions_with_coords,spatial,True,0,0.007171831801866055,-110346.917478988,6785695.25630047
219,1750,Ophioscincus truncatus,MLP_multi_interactions_with_coords,spatial,True,0,0.00651586502636943,-110346.917478988,6785695.25630047
219,1751,Pseudechis porphyricaus,MLP_multi_interactions_with_coords,spatial,True,0,0.002580534639234937,-110346.917478988,6785695.25630047
219,1752,Saltuarius swaini,MLP_multi_interactions_with_coords,spatial,True,0,0.00018290196099181059,-110346.917478988,6785695.25630047
220,1753,Cacophis kreftii,MLP_multi_interactions_with_coords,spatial,True,0,0.04052149661475353,-110140.731442662,6785505.55962449
220,1754,Calyptotis scutirostrum,MLP_multi_interactions_with_coords,spatial,True,0,0.06234908352687049,-110140.731442662,6785505.55962449
220,1755,Coeranoscincus reticulatus,MLP_multi_interactions_with_coords,spatial,True,0,0.7453516838441228,-110140.731442662,6785505.55962449
220,1756,Egernia mcpheei,MLP_multi_interactions_with_coords,spatial,True,1,0.004584167514648796,-110140.731442662,6785505.55962449
220,1757,Eulamprus murrayi,MLP_multi_interactions_with_coords,spatial,True,0,0.013672140542486512,-110140.731442662,6785505.55962449
220,1758,Ophioscincus truncatus,MLP_multi_interactions_with_coords,spatial,True,0,0.11419918363865227,-110140.731442662,6785505.55962449
220,1759,Pseudechis porphyricaus,MLP_multi_interactions_with_coords,spatial,True,0,0.04149713448107773,-110140.731442662,6785505.55962449
220,1760,Saltuarius swaini,MLP_multi_interactions_with_coords,spatial,True,0,0.0030751982608705837,-110140.731442662,6785505.55962449
221,1761,Cacophis kreftii,MLP_multi_interactions_with_coords,spatial,True,0,0.05551399961960781,-157491.757049911,6782687.30974027
221,1762,Calyptotis scutirostrum,MLP_multi_interactions_with_coords,spatial,True,0,0.1328392490871114,-157491.757049911,6782687.30974027
221,1763,Coeranoscincus reticulatus,MLP_multi_interactions_with_coords,spatial,True,1,0.6694916365815372,-157491.757049911,6782687.30974027
221,1764,Egernia mcpheei,MLP_multi_interactions_with_coords,spatial,True,0,0.004566568658162362,-157491.757049911,6782687.30974027
221,1765,Eulamprus murrayi,MLP_multi_interactions_with_coords,spatial,True,0,0.013211689326329013,-157491.757049911,6782687.30974027
221,1766,Ophioscincus truncatus,MLP_multi_interactions_with_coords,spatial,True,0,0.1521058536761566,-157491.757049911,6782687.30974027
221,1767,Pseudechis porphyricaus,MLP_multi_interactions_with_coords,spatial,True,0,0.048255695275729434,-157491.757049911,6782687.30974027
221,1768,Saltuarius swaini,MLP_multi_interactions_with_coords,spatial,True,0,0.00029701747105201744,-157491.757049911,6782687.30974027
222,1769,Cacophis kreftii,MLP_multi_interactions_with_coords,spatial,True,0,0.05454064598665166,-109512.656336634,6785126.43261431
222,1770,Calyptotis scutirostrum,MLP_multi_interactions_with_coords,spatial,True,0,0.10722345409147951,-109512.656336634,6785126.43261431
222,1771,Coeranoscincus reticulatus,MLP_multi_interactions_with_coords,spatial,True,0,0.45934812177088186,-109512.656336634,6785126.43261431
222,1772,Egernia mcpheei,MLP_multi_interactions_with_coords,spatial,True,0,0.035282814841998744,-109512.656336634,6785126.43261431
222,1773,Eulamprus murrayi,MLP_multi_interactions_with_coords,spatial,True,0,0.00041695359254370314,-109512.656336634,6785126.43261431
222,1774,Ophioscincus truncatus,MLP_multi_interactions_with_coords,spatial,True,0,0.11997065530515515,-109512.656336634,6785126.43261431
222,1775,Pseudechis porphyricaus,MLP_multi_interactions_with_coords,spatial,True,0,2.5456844839482476e-05,-109512.656336634,6785126.43261431
222,1776,Saltuarius swaini,MLP_multi_interactions_with_coords,spatial,True,0,0.0001794502896722831,-109512.656336634,6785126.43261431
223,1777,Cacophis kreftii,MLP_multi_interactions_with_coords,spatial,True,0,0.13365652791709173,-109707.419900115,6784915.50427338
223,1778,Calyptotis scutirostrum,MLP_multi_interactions_with_coords,spatial,True,0,0.2607325063916385,-109707.419900115,6784915.50427338
223,1779,Coeranoscincus reticulatus,MLP_multi_interactions_with_coords,spatial,True,0,0.7668721104716353,-109707.419900115,6784915.50427338
223,1780,Egernia mcpheei,MLP_multi_interactions_with_coords,spatial,True,0,0.006055906020648121,-109707.419900115,6784915.50427338
223,1781,Eulamprus murrayi,MLP_multi_interactions_with_coords,spatial,True,0,0.0007344158770644099,-109707.419900115,6784915.50427338
223,1782,Ophioscincus truncatus,MLP_multi_interactions_with_coords,spatial,True,0,0.03172796806006682,-109707.419900115,6784915.50427338
223,1783,Pseudechis porphyricaus,MLP_multi_interactions_with_coords,spatial,True,0,8.902120350625808e-05,-109707.419900115,6784915.50427338
223,1784,Saltuarius swaini,MLP_multi_interactions_with_coords,spatial,True,0,2.7218963359053428e-05,-109707.419900115,6784915.50427338
224,1785,Cacophis kreftii,MLP_multi_interactions_with_coords,spatial,True,0,0.03522158355868767,-150843.666641707,6782630.05200801
224,1786,Calyptotis scutirostrum,MLP_multi_interactions_with_coords,spatial,True,0,0.10520427645833058,-150843.666641707,6782630.05200801
224,1787,Coeranoscincus reticulatus,MLP_multi_interactions_with_coords,spatial,True,1,0.4012093641433165,-150843.666641707,6782630.05200801
224,1788,Egernia mcpheei,MLP_multi_interactions_with_coords,spatial,True,0,0.0020467360984806845,-150843.666641707,6782630.05200801
224,1789,Eulamprus murrayi,MLP_multi_interactions_with_coords,spatial,True,0,0.02007729108706743,-150843.666641707,6782630.05200801
224,1790,Ophioscincus truncatus,MLP_multi_interactions_with_coords,spatial,True,0,0.0952381834419971,-150843.666641707,6782630.05200801
224,1791,Pseudechis porphyricaus,MLP_multi_interactions_with_coords,spatial,True,0,0.03026446152979897,-150843.666641707,6782630.05200801
224,1792,Saltuarius swaini,MLP_multi_interactions_with_coords,spatial,True,0,0.0004966606957458208,-150843.666641707,6782630.05200801
225,1793,Cacophis kreftii,MLP_multi_interactions_with_coords,spatial,True,0,0.015771590479751133,-157628.595163146,6781474.60411432
225,1794,Calyptotis scutirostrum,MLP_multi_interactions_with_coords,spatial,True,0,0.08337113614244221,-157628.595163146,6781474.60411432
225,1795,Coeranoscincus reticulatus,MLP_multi_interactions_with_coords,spatial,True,1,0.29635201193853966,-157628.595163146,6781474.60411432
225,1796,Egernia mcpheei,MLP_multi_interactions_with_coords,spatial,True,0,0.0013223609834150272,-157628.595163146,6781474.60411432
225,1797,Eulamprus murrayi,MLP_multi_interactions_with_coords,spatial,True,0,0.007034523256205954,-157628.595163146,6781474.60411432
225,1798,Ophioscincus truncatus,MLP_multi_interactions_with_coords,spatial,True,0,0.13466208727653603,-157628.595163146,6781474.60411432
225,1799,Pseudechis porphyricaus,MLP_multi_interactions_with_coords,spatial,True,0,0.009962116204325966,-157628.595163146,6781474.60411432
225,1800,Saltuarius swaini,MLP_multi_interactions_with_coords,spatial,True,0,0.0003072065080019363,-157628.595163146,6781474.60411432
226,1801,Cacophis kreftii,MLP_multi_interactions_with_coords,spatial,True,0,0.00829117835286109,-156768.616233883,6780508.50732801
226,1802,Calyptotis scutirostrum,MLP_multi_interactions_with_coords,spatial,True,0,0.07030951312069464,-156768.616233883,6780508.50732801
226,1803,Coeranoscincus reticulatus,MLP_multi_interactions_with_coords,spatial,True,1,0.1240358357956325,-156768.616233883,6780508.50732801
226,1804,Egernia mcpheei,MLP_multi_interactions_with_coords,spatial,True,0,0.00029356034049080585,-156768.616233883,6780508.50732801
226,1805,Eulamprus murrayi,MLP_multi_interactions_with_coords,spatial,True,0,0.010351352719101986,-156768.616233883,6780508.50732801
226,1806,Ophioscincus truncatus,MLP_multi_interactions_with_coords,spatial,True,0,0.1233993259564552,-156768.616233883,6780508.50732801
226,1807,Pseudechis porphyricaus,MLP_multi_interactions_with_coords,spatial,True,0,0.006233866004388698,-156768.616233883,6780508.50732801
226,1808,Saltuarius swaini,MLP_multi_interactions_with_coords,spatial,True,0,0.00026318248273026775,-156768.616233883,6780508.50732801
227,1809,Cacophis kreftii,MLP_multi_interactions_with_coords,spatial,True,0,0.018997827356475483,-110619.113371872,6783061.59249324
227,1810,Calyptotis scutirostrum,MLP_multi_interactions_with_coords,spatial,True,0,0.0139573653127225,-110619.113371872,6783061.59249324
227,1811,Coeranoscincus reticulatus,MLP_multi_interactions_with_coords,spatial,True,0,0.1868744742189153,-110619.113371872,6783061.59249324
227,1812,Egernia mcpheei,MLP_multi_interactions_with_coords,spatial,True,0,0.006348711816025258,-110619.113371872,6783061.59249324
227,1813,Eulamprus murrayi,MLP_multi_interactions_with_coords,spatial,True,0,0.001953380223550734,-110619.113371872,6783061.59249324
227,1814,Ophioscincus truncatus,MLP_multi_interactions_with_coords,spatial,True,0,0.01586889529647722,-110619.113371872,6783061.59249324
227,1815,Pseudechis porphyricaus,MLP_multi_interactions_with_coords,spatial,True,0,0.006599541873979107,-110619.113371872,6783061.59249324
227,1816,Saltuarius swaini,MLP_multi_interactions_with_coords,spatial,True,0,0.0008585304397528274,-110619.113371872,6783061.59249324
228,1817,Cacophis kreftii,MLP_multi_interactions_with_coords,spatial,True,0,0.01912464324200372,-108593.63854256,6782767.65906175
228,1818,Calyptotis scutirostrum,MLP_multi_interactions_with_coords,spatial,True,0,0.03933456492681318,-108593.63854256,6782767.65906175
228,1819,Coeranoscincus reticulatus,MLP_multi_interactions_with_coords,spatial,True,0,0.37062785248340574,-108593.63854256,6782767.65906175
228,1820,Egernia mcpheei,MLP_multi_interactions_with_coords,spatial,True,0,0.005390737304406477,-108593.63854256,6782767.65906175
228,1821,Eulamprus murrayi,MLP_multi_interactions_with_coords,spatial,True,0,0.005752121565958358,-108593.63854256,6782767.65906175
228,1822,Ophioscincus truncatus,MLP_multi_interactions_with_coords,spatial,True,0,0.011210128286069316,-108593.63854256,6782767.65906175
228,1823,Pseudechis porphyricaus,MLP_multi_interactions_with_coords,spatial,True,0,0.012086037686418432,-108593.63854256,6782767.65906175
228,1824,Saltuarius swaini,MLP_multi_interactions_with_coords,spatial,True,0,0.0007380862405796144,-108593.63854256,6782767.65906175
229,1825,Cacophis kreftii,MLP_multi_interactions_with_coords,spatial,True,0,0.025374899760619747,-108377.162322395,6782567.34735566
229,1826,Calyptotis scutirostrum,MLP_multi_interactions_with_coords,spatial,True,0,0.019477493715062143,-108377.162322395,6782567.34735566
229,1827,Coeranoscincus reticulatus,MLP_multi_interactions_with_coords,spatial,True,1,0.5846841481034774,-108377.162322395,6782567.34735566
229,1828,Egernia mcpheei,MLP_multi_interactions_with_coords,spatial,True,0,0.0039029532857510346,-108377.162322395,6782567.34735566
229,1829,Eulamprus murrayi,MLP_multi_interactions_with_coords,spatial,True,0,0.024895854096091224,-108377.162322395,6782567.34735566
229,1830,Ophioscincus truncatus,MLP_multi_interactions_with_coords,spatial,True,0,0.009271307039391026,-108377.162322395,6782567.34735566
229,1831,Pseudechis porphyricaus,MLP_multi_interactions_with_coords,spatial,True,0,0.021715718249322054,-108377.162322395,6782567.34735566
229,1832,Saltuarius swaini,MLP_multi_interactions_with_coords,spatial,True,0,0.003004305093744853,-108377.162322395,6782567.34735566
230,1833,Cacophis kreftii,MLP_multi_interactions_with_coords,spatial,True,0,0.004414007628325779,-58637.6336775981,6785100.52209461
230,1834,Calyptotis scutirostrum,MLP_multi_interactions_with_coords,spatial,True,0,0.010306893834292959,-58637.6336775981,6785100.52209461
230,1835,Coeranoscincus reticulatus,MLP_multi_interactions_with_coords,spatial,True,0,0.008852199351720368,-58637.6336775981,6785100.52209461
230,1836,Egernia mcpheei,MLP_multi_interactions_with_coords,spatial,True,0,0.008988599509116124,-58637.6336775981,6785100.52209461
230,1837,Eulamprus murrayi,MLP_multi_interactions_with_coords,spatial,True,0,4.050776916802545e-05,-58637.6336775981,6785100.52209461
230,1838,Ophioscincus truncatus,MLP_multi_interactions_with_coords,spatial,True,0,0.01159729362042651,-58637.6336775981,6785100.52209461
230,1839,Pseudechis porphyricaus,MLP_multi_interactions_with_coords,spatial,True,0,6.931180888427698e-05,-58637.6336775981,6785100.52209461
230,1840,Saltuarius swaini,MLP_multi_interactions_with_coords,spatial,True,0,0.0009761912533124218,-58637.6336775981,6785100.52209461
231,1841,Cacophis kreftii,MLP_multi_interactions_with_coords,spatial,True,0,0.011735421388261964,-107923.462038802,6781588.26422547
231,1842,Calyptotis scutirostrum,MLP_multi_interactions_with_coords,spatial,True,0,0.008767871228151645,-107923.462038802,6781588.26422547
231,1843,Coeranoscincus reticulatus,MLP_multi_interactions_with_coords,spatial,True,1,0.2553395520839932,-107923.462038802,6781588.26422547
231,1844,Egernia mcpheei,MLP_multi_interactions_with_coords,spatial,True,0,0.004846863978483429,-107923.462038802,6781588.26422547
231,1845,Eulamprus murrayi,MLP_multi_interactions_with_coords,spatial,True,0,0.009063939173751456,-107923.462038802,6781588.26422547
231,1846,Ophioscincus truncatus,MLP_multi_interactions_with_coords,spatial,True,0,0.004521340453141533,-107923.462038802,6781588.26422547
231,1847,Pseudechis porphyricaus,MLP_multi_interactions_with_coords,spatial,True,0,0.02036280502680401,-107923.462038802,6781588.26422547
231,1848,Saltuarius swaini,MLP_multi_interactions_with_coords,spatial,True,0,0.0036344623430812502,-107923.462038802,6781588.26422547
232,1849,Cacophis kreftii,MLP_multi_interactions_with_coords,spatial,True,0,0.010119061546580843,-154268.894705046,6778832.59399199
232,1850,Calyptotis scutirostrum,MLP_multi_interactions_with_coords,spatial,True,0,0.061995768154623807,-154268.894705046,6778832.59399199
232,1851,Coeranoscincus reticulatus,MLP_multi_interactions_with_coords,spatial,True,0,0.1166910966912999,-154268.894705046,6778832.59399199
232,1852,Egernia mcpheei,MLP_multi_interactions_with_coords,spatial,True,0,0.00017797434392167937,-154268.894705046,6778832.59399199
232,1853,Eulamprus murrayi,MLP_multi_interactions_with_coords,spatial,True,0,0.006709230397384407,-154268.894705046,6778832.59399199
232,1854,Ophioscincus truncatus,MLP_multi_interactions_with_coords,spatial,True,0,0.17802646907409422,-154268.894705046,6778832.59399199
232,1855,Pseudechis porphyricaus,MLP_multi_interactions_with_coords,spatial,True,0,0.006171081660296951,-154268.894705046,6778832.59399199
232,1856,Saltuarius swaini,MLP_multi_interactions_with_coords,spatial,True,0,0.00045425413264819827,-154268.894705046,6778832.59399199
233,1857,Cacophis kreftii,MLP_multi_interactions_with_coords,spatial,True,0,0.006477337019548252,-151231.119203658,6778380.41797512
233,1858,Calyptotis scutirostrum,MLP_multi_interactions_with_coords,spatial,True,0,0.022134831004918743,-151231.119203658,6778380.41797512
233,1859,Coeranoscincus reticulatus,MLP_multi_interactions_with_coords,spatial,True,1,0.14304943492286734,-151231.119203658,6778380.41797512
233,1860,Egernia mcpheei,MLP_multi_interactions_with_coords,spatial,True,0,0.0001648187566650483,-151231.119203658,6778380.41797512
233,1861,Eulamprus murrayi,MLP_multi_interactions_with_coords,spatial,True,0,0.0006034964043654263,-151231.119203658,6778380.41797512
233,1862,Ophioscincus truncatus,MLP_multi_interactions_with_coords,spatial,True,0,0.3136197891318625,-151231.119203658,6778380.41797512
233,1863,Pseudechis porphyricaus,MLP_multi_interactions_with_coords,spatial,True,0,0.0012139896595873994,-151231.119203658,6778380.41797512
233,1864,Saltuarius swaini,MLP_multi_interactions_with_coords,spatial,True,0,0.0006753839333108675,-151231.119203658,6778380.41797512
234,1865,Cacophis kreftii,MLP_multi_interactions_with_coords,spatial,True,0,0.012503201236988913,-150784.191440288,6777591.42724006
234,1866,Calyptotis scutirostrum,MLP_multi_interactions_with_coords,spatial,True,0,0.01412388018554115,-150784.191440288,6777591.42724006
234,1867,Coeranoscincus reticulatus,MLP_multi_interactions_with_coords,spatial,True,0,0.14813163846085048,-150784.191440288,6777591.42724006
234,1868,Egernia mcpheei,MLP_multi_interactions_with_coords,spatial,True,0,0.0003901649701923477,-150784.191440288,6777591.42724006
234,1869,Eulamprus murrayi,MLP_multi_interactions_with_coords,spatial,True,0,0.0016846098807377808,-150784.191440288,6777591.42724006
234,1870,Ophioscincus truncatus,MLP_multi_interactions_with_coords,spatial,True,0,0.32608522544308244,-150784.191440288,6777591.42724006
234,1871,Pseudechis porphyricaus,MLP_multi_interactions_with_coords,spatial,True,0,0.0024539221970767897,-150784.191440288,6777591.42724006
234,1872,Saltuarius swaini,MLP_multi_interactions_with_coords,spatial,True,0,0.0002903666818739297,-150784.191440288,6777591.42724006
235,1873,Cacophis kreftii,MLP_multi_interactions_with_coords,spatial,True,0,0.0020020575534733325,-157053.44484427,6770228.31904544
235,1874,Calyptotis scutirostrum,MLP_multi_interactions_with_coords,spatial,True,0,0.004192953563900961,-157053.44484427,6770228.31904544
235,1875,Coeranoscincus reticulatus,MLP_multi_interactions_with_coords,spatial,True,1,0.227414624780044,-157053.44484427,6770228.31904544
235,1876,Egernia mcpheei,MLP_multi_interactions_with_coords,spatial,True,0,2.5094477916314925e-05,-157053.44484427,6770228.31904544
235,1877,Eulamprus murrayi,MLP_multi_interactions_with_coords,spatial,True,0,0.0018560385323210826,-157053.44484427,6770228.31904544
235,1878,Ophioscincus truncatus,MLP_multi_interactions_with_coords,spatial,True,0,0.30665945498723,-157053.44484427,6770228.31904544
235,1879,Pseudechis porphyricaus,MLP_multi_interactions_with_coords,spatial,True,1,0.027027375072846523,-157053.44484427,6770228.31904544
235,1880,Saltuarius swaini,MLP_multi_interactions_with_coords,spatial,True,0,0.0008594890243382418,-157053.44484427,6770228.31904544
236,1881,Cacophis kreftii,MLP_multi_interactions_with_coords,spatial,True,0,0.0014859001610318676,-157007.529503806,6769427.67794309
236,1882,Calyptotis scutirostrum,MLP_multi_interactions_with_coords,spatial,True,0,0.003474552288720099,-157007.529503806,6769427.67794309
236,1883,Coeranoscincus reticulatus,MLP_multi_interactions_with_coords,spatial,True,1,0.1562913324788732,-157007.529503806,6769427.67794309
236,1884,Egernia mcpheei,MLP_multi_interactions_with_coords,spatial,True,0,1.9562438670001603e-05,-157007.529503806,6769427.67794309
236,1885,Eulamprus murrayi,MLP_multi_interactions_with_coords,spatial,True,0,0.0017229947239075052,-157007.529503806,6769427.67794309
236,1886,Ophioscincus truncatus,MLP_multi_interactions_with_coords,spatial,True,0,0.3240219366024575,-157007.529503806,6769427.67794309
236,1887,Pseudechis porphyricaus,MLP_multi_interactions_with_coords,spatial,True,0,0.01622577988297264,-157007.529503806,6769427.67794309
236,1888,Saltuarius swaini,MLP_multi_interactions_with_coords,spatial,True,0,0.0008247142894067017,-157007.529503806,6769427.67794309
237,1889,Cacophis kreftii,MLP_multi_interactions_with_coords,spatial,True,0,0.0020064883820244284,-157601.945479142,6769192.74860327
237,1890,Calyptotis scutirostrum,MLP_multi_interactions_with_coords,spatial,True,0,0.0019029417357930224,-157601.945479142,6769192.74860327
237,1891,Coeranoscincus reticulatus,MLP_multi_interactions_with_coords,spatial,True,1,0.09117738817455782,-157601.945479142,6769192.74860327
237,1892,Egernia mcpheei,MLP_multi_interactions_with_coords,spatial,True,0,8.324384916433857e-06,-157601.945479142,6769192.74860327
237,1893,Eulamprus murrayi,MLP_multi_interactions_with_coords,spatial,True,0,0.005865407071161054,-157601.945479142,6769192.74860327
237,1894,Ophioscincus truncatus,MLP_multi_interactions_with_coords,spatial,True,0,0.20960883562225938,-157601.945479142,6769192.74860327
237,1895,Pseudechis porphyricaus,MLP_multi_interactions_with_coords,spatial,True,0,0.02936334686693137,-157601.945479142,6769192.74860327
237,1896,Saltuarius swaini,MLP_multi_interactions_with_coords,spatial,True,0,0.0008669300058695438,-157601.945479142,6769192.74860327
238,1897,Cacophis kreftii,MLP_multi_interactions_with_coords,spatial,True,0,0.0014409332391572983,-42631.6013249115,6774856.7836682
238,1898,Calyptotis scutirostrum,MLP_multi_interactions_with_coords,spatial,True,0,0.0006425343212784555,-42631.6013249115,6774856.7836682
238,1899,Coeranoscincus reticulatus,MLP_multi_interactions_with_coords,spatial,True,0,0.0009758075199377128,-42631.6013249115,6774856.7836682
238,1900,Egernia mcpheei,MLP_multi_interactions_with_coords,spatial,True,0,0.0021082108030580915,-42631.6013249115,6774856.7836682
238,1901,Eulamprus murrayi,MLP_multi_interactions_with_coords,spatial,True,0,0.0003155500866232349,-42631.6013249115,6774856.7836682
238,1902,Ophioscincus truncatus,MLP_multi_interactions_with_coords,spatial,True,0,0.0009194985098837497,-42631.6013249115,6774856.7836682
238,1903,Pseudechis porphyricaus,MLP_multi_interactions_with_coords,spatial,True,0,0.0016185474952812018,-42631.6013249115,6774856.7836682
238,1904,Saltuarius swaini,MLP_multi_interactions_with_coords,spatial,True,0,0.02917906903746399,-42631.6013249115,6774856.7836682
239,1905,Cacophis kreftii,MLP_multi_interactions_with_coords,spatial,True,0,0.001297306329959518,-42808.1790068126,6774247.29778187
239,1906,Calyptotis scutirostrum,MLP_multi_interactions_with_coords,spatial,True,0,0.00023685700507878514,-42808.1790068126,6774247.29778187
239,1907,Coeranoscincus reticulatus,MLP_multi_interactions_with_coords,spatial,True,0,0.0007265992077308924,-42808.1790068126,6774247.29778187
239,1908,Egernia mcpheei,MLP_multi_interactions_with_coords,spatial,True,0,0.0013542031582642422,-42808.1790068126,6774247.29778187
239,1909,Eulamprus murrayi,MLP_multi_interactions_with_coords,spatial,True,0,0.00010893624793459443,-42808.1790068126,6774247.29778187
239,1910,Ophioscincus truncatus,MLP_multi_interactions_with_coords,spatial,True,0,0.00042862054381031877,-42808.1790068126,6774247.29778187
239,1911,Pseudechis porphyricaus,MLP_multi_interactions_with_coords,spatial,True,0,0.0017631785046197483,-42808.1790068126,6774247.29778187
239,1912,Saltuarius swaini,MLP_multi_interactions_with_coords,spatial,True,0,0.03144424728917129,-42808.1790068126,6774247.29778187
240,1913,Cacophis kreftii,MLP_multi_interactions_with_coords,spatial,True,0,0.00283808720960427,-90697.5110841577,6771199.36165782
240,1914,Calyptotis scutirostrum,MLP_multi_interactions_with_coords,spatial,True,0,0.002029062736758788,-90697.5110841577,6771199.36165782
240,1915,Coeranoscincus reticulatus,MLP_multi_interactions_with_coords,spatial,True,0,0.09838482940042907,-90697.5110841577,6771199.36165782
240,1916,Egernia mcpheei,MLP_multi_interactions_with_coords,spatial,True,0,0.00466431738794653,-90697.5110841577,6771199.36165782
240,1917,Eulamprus murrayi,MLP_multi_interactions_with_coords,spatial,True,0,0.0007821505043694322,-90697.5110841577,6771199.36165782
240,1918,Ophioscincus truncatus,MLP_multi_interactions_with_coords,spatial,True,0,0.0007464827989722157,-90697.5110841577,6771199.36165782
240,1919,Pseudechis porphyricaus,MLP_multi_interactions_with_coords,spatial,True,0,0.005857520643946833,-90697.5110841577,6771199.36165782
240,1920,Saltuarius swaini,MLP_multi_interactions_with_coords,spatial,True,0,0.0005425405678178947,-90697.5110841577,6771199.36165782
241,1921,Cacophis kreftii,MLP_multi_interactions_with_coords,spatial,True,0,0.0027684859215725824,-89886.5465170286,6771040.60297007
241,1922,Calyptotis scutirostrum,MLP_multi_interactions_with_coords,spatial,True,0,0.0019241232159000186,-89886.5465170286,6771040.60297007
241,1923,Coeranoscincus reticulatus,MLP_multi_interactions_with_coords,spatial,True,0,0.09539416359645285,-89886.5465170286,6771040.60297007
241,1924,Egernia mcpheei,MLP_multi_interactions_with_coords,spatial,True,0,0.004485860234899946,-89886.5465170286,6771040.60297007
241,1925,Eulamprus murrayi,MLP_multi_interactions_with_coords,spatial,True,0,0.000735256212792986,-89886.5465170286,6771040.60297007
241,1926,Ophioscincus truncatus,MLP_multi_interactions_with_coords,spatial,True,0,0.0007193513077595068,-89886.5465170286,6771040.60297007
241,1927,Pseudechis porphyricaus,MLP_multi_interactions_with_coords,spatial,True,0,0.005637592033455445,-89886.5465170286,6771040.60297007
241,1928,Saltuarius swaini,MLP_multi_interactions_with_coords,spatial,True,0,0.0005063049376884202,-89886.5465170286,6771040.60297007
242,1929,Cacophis kreftii,MLP_multi_interactions_with_coords,spatial,True,0,0.0014345707773954143,-45884.998116622,6771685.40364584
242,1930,Calyptotis scutirostrum,MLP_multi_interactions_with_coords,spatial,True,0,0.00026518815872996946,-45884.998116622,6771685.40364584
242,1931,Coeranoscincus reticulatus,MLP_multi_interactions_with_coords,spatial,True,0,0.0009614875540924819,-45884.998116622,6771685.40364584
242,1932,Egernia mcpheei,MLP_multi_interactions_with_coords,spatial,True,0,0.0015393426593639425,-45884.998116622,6771685.40364584
242,1933,Eulamprus murrayi,MLP_multi_interactions_with_coords,spatial,True,0,0.00014799254585109653,-45884.998116622,6771685.40364584
242,1934,Ophioscincus truncatus,MLP_multi_interactions_with_coords,spatial,True,0,0.00039706545293700745,-45884.998116622,6771685.40364584
242,1935,Pseudechis porphyricaus,MLP_multi_interactions_with_coords,spatial,True,0,0.0020239162003875223,-45884.998116622,6771685.40364584
242,1936,Saltuarius swaini,MLP_multi_interactions_with_coords,spatial,True,0,0.028689617738928745,-45884.998116622,6771685.40364584
243,1937,Cacophis kreftii,MLP_multi_interactions_with_coords,spatial,True,0,0.0013788284365791083,-45846.3441318398,6770874.56187869
243,1938,Calyptotis scutirostrum,MLP_multi_interactions_with_coords,spatial,True,0,0.0002577307160312493,-45846.3441318398,6770874.56187869
243,1939,Coeranoscincus reticulatus,MLP_multi_interactions_with_coords,spatial,True,0,0.0008833976776555901,-45846.3441318398,6770874.56187869
243,1940,Egernia mcpheei,MLP_multi_interactions_with_coords,spatial,True,0,0.0014785263446078117,-45846.3441318398,6770874.56187869
243,1941,Eulamprus murrayi,MLP_multi_interactions_with_coords,spatial,True,0,0.00012926981591751275,-45846.3441318398,6770874.56187869
243,1942,Ophioscincus truncatus,MLP_multi_interactions_with_coords,spatial,True,0,0.0003878360694640726,-45846.3441318398,6770874.56187869
243,1943,Pseudechis porphyricaus,MLP_multi_interactions_with_coords,spatial,True,0,0.0019480418205683173,-45846.3441318398,6770874.56187869
243,1944,Saltuarius swaini,MLP_multi_interactions_with_coords,spatial,True,0,0.027312457478559544,-45846.3441318398,6770874.56187869
244,1945,Cacophis kreftii,MLP_multi_interactions_with_coords,spatial,True,0,0.0014366174695060075,-46208.2545646069,6770055.74332879
244,1946,Calyptotis scutirostrum,MLP_multi_interactions_with_coords,spatial,True,0,0.00026634884239823864,-46208.2545646069,6770055.74332879
244,1947,Coeranoscincus reticulatus,MLP_multi_interactions_with_coords,spatial,True,0,0.0009367611866536254,-46208.2545646069,6770055.74332879
244,1948,Egernia mcpheei,MLP_multi_interactions_with_coords,spatial,True,0,0.0015566617728955297,-46208.2545646069,6770055.74332879
244,1949,Eulamprus murrayi,MLP_multi_interactions_with_coords,spatial,True,0,0.0001495622475105159,-46208.2545646069,6770055.74332879
244,1950,Ophioscincus truncatus,MLP_multi_interactions_with_coords,spatial,True,0,0.0004135680867314566,-46208.2545646069,6770055.74332879
244,1951,Pseudechis porphyricaus,MLP_multi_interactions_with_coords,spatial,True,0,0.0020599952831942096,-46208.2545646069,6770055.74332879
244,1952,Saltuarius swaini,MLP_multi_interactions_with_coords,spatial,True,0,0.02911862961185707,-46208.2545646069,6770055.74332879
245,1953,Cacophis kreftii,MLP_multi_interactions_with_coords,spatial,True,0,0.0012276252527653427,-42736.9260770733,6769029.74166907
245,1954,Calyptotis scutirostrum,MLP_multi_interactions_with_coords,spatial,True,0,0.0002236737269288233,-42736.9260770733,6769029.74166907
245,1955,Coeranoscincus reticulatus,MLP_multi_interactions_with_coords,spatial,True,0,0.000636463646314337,-42736.9260770733,6769029.74166907
245,1956,Egernia mcpheei,MLP_multi_interactions_with_coords,spatial,True,0,0.0012781072258026137,-42736.9260770733,6769029.74166907
245,1957,Eulamprus murrayi,MLP_multi_interactions_with_coords,spatial,True,0,8.830777204246064e-05,-42736.9260770733,6769029.74166907
245,1958,Ophioscincus truncatus,MLP_multi_interactions_with_coords,spatial,True,0,0.00047061563360911826,-42736.9260770733,6769029.74166907
245,1959,Pseudechis porphyricaus,MLP_multi_interactions_with_coords,spatial,True,0,0.0016934368323831476,-42736.9260770733,6769029.74166907
245,1960,Saltuarius swaini,MLP_multi_interactions_with_coords,spatial,True,0,0.028553417149719606,-42736.9260770733,6769029.74166907
246,1961,Cacophis kreftii,MLP_multi_interactions_with_coords,spatial,True,0,0.0008584791864728468,-42727.4414379179,6768829.81362177
246,1962,Calyptotis scutirostrum,MLP_multi_interactions_with_coords,spatial,True,0,0.0001513333567720173,-42727.4414379179,6768829.81362177
246,1963,Coeranoscincus reticulatus,MLP_multi_interactions_with_coords,spatial,True,0,0.0004492423252813571,-42727.4414379179,6768829.81362177
246,1964,Egernia mcpheei,MLP_multi_interactions_with_coords,spatial,True,0,0.0005708820774413722,-42727.4414379179,6768829.81362177
246,1965,Eulamprus murrayi,MLP_multi_interactions_with_coords,spatial,True,0,0.0001281236897216607,-42727.4414379179,6768829.81362177
246,1966,Ophioscincus truncatus,MLP_multi_interactions_with_coords,spatial,True,0,0.0015444102714075997,-42727.4414379179,6768829.81362177
246,1967,Pseudechis porphyricaus,MLP_multi_interactions_with_coords,spatial,True,0,0.0047714694033032905,-42727.4414379179,6768829.81362177
246,1968,Saltuarius swaini,MLP_multi_interactions_with_coords,spatial,True,0,0.05120502070009977,-42727.4414379179,6768829.81362177
247,1969,Cacophis kreftii,MLP_multi_interactions_with_coords,spatial,True,0,0.0008190685626213704,-42717.9562631494,6768629.88557173
247,1970,Calyptotis scutirostrum,MLP_multi_interactions_with_coords,spatial,True,0,0.00014511461042431085,-42717.9562631494,6768629.88557173
247,1971,Coeranoscincus reticulatus,MLP_multi_interactions_with_coords,spatial,True,0,0.0004156471006542736,-42717.9562631494,6768629.88557173
247,1972,Egernia mcpheei,MLP_multi_interactions_with_coords,spatial,True,0,0.000542356733911229,-42717.9562631494,6768629.88557173
247,1973,Eulamprus murrayi,MLP_multi_interactions_with_coords,spatial,True,0,0.00011449502020086502,-42717.9562631494,6768629.88557173
247,1974,Ophioscincus truncatus,MLP_multi_interactions_with_coords,spatial,True,0,0.0014188033264612022,-42717.9562631494,6768629.88557173
247,1975,Pseudechis porphyricaus,MLP_multi_interactions_with_coords,spatial,True,0,0.0044745960073509184,-42717.9562631494,6768629.88557173
247,1976,Saltuarius swaini,MLP_multi_interactions_with_coords,spatial,True,0,0.0489097431965916,-42717.9562631494,6768629.88557173
248,1977,Cacophis kreftii,MLP_multi_interactions_with_coords,spatial,True,0,0.031960630078883966,-139175.743651501,6763098.07298971
248,1978,Calyptotis scutirostrum,MLP_multi_interactions_with_coords,spatial,True,0,0.027773683949992134,-139175.743651501,6763098.07298971
248,1979,Coeranoscincus reticulatus,MLP_multi_interactions_with_coords,spatial,True,0,0.28931858856064174,-139175.743651501,6763098.07298971
248,1980,Egernia mcpheei,MLP_multi_interactions_with_coords,spatial,True,0,0.000692588244762993,-139175.743651501,6763098.07298971
248,1981,Eulamprus murrayi,MLP_multi_interactions_with_coords,spatial,True,0,0.03563736394729506,-139175.743651501,6763098.07298971
248,1982,Ophioscincus truncatus,MLP_multi_interactions_with_coords,spatial,True,0,0.3998888283442444,-139175.743651501,6763098.07298971
248,1983,Pseudechis porphyricaus,MLP_multi_interactions_with_coords,spatial,True,0,0.009104615098983712,-139175.743651501,6763098.07298971
248,1984,Saltuarius swaini,MLP_multi_interactions_with_coords,spatial,True,0,0.0012019616851047647,-139175.743651501,6763098.07298971
249,1985,Cacophis kreftii,MLP_multi_interactions_with_coords,spatial,True,0,0.030160042106703262,-138923.869162796,6762097.27372678
249,1986,Calyptotis scutirostrum,MLP_multi_interactions_with_coords,spatial,True,0,0.0571817642054588,-138923.869162796,6762097.27372678
249,1987,Coeranoscincus reticulatus,MLP_multi_interactions_with_coords,spatial,True,1,0.46806237293485226,-138923.869162796,6762097.27372678
249,1988,Egernia mcpheei,MLP_multi_interactions_with_coords,spatial,True,0,0.0017747188872432426,-138923.869162796,6762097.27372678
249,1989,Eulamprus murrayi,MLP_multi_interactions_with_coords,spatial,True,0,0.011948327952869774,-138923.869162796,6762097.27372678
249,1990,Ophioscincus truncatus,MLP_multi_interactions_with_coords,spatial,True,1,0.1659255858547551,-138923.869162796,6762097.27372678
249,1991,Pseudechis porphyricaus,MLP_multi_interactions_with_coords,spatial,True,0,0.015774434750559865,-138923.869162796,6762097.27372678
249,1992,Saltuarius swaini,MLP_multi_interactions_with_coords,spatial,True,0,0.0008693692502957716,-138923.869162796,6762097.27372678
252,2009,Cacophis kreftii,MLP_multi_interactions_with_coords,spatial,True,0,0.0013362039184732371,-43112.7372327422,6764592.40958821
252,2010,Calyptotis scutirostrum,MLP_multi_interactions_with_coords,spatial,True,0,0.00032291109160686494,-43112.7372327422,6764592.40958821
252,2011,Coeranoscincus reticulatus,MLP_multi_interactions_with_coords,spatial,True,0,0.0005032703790110495,-43112.7372327422,6764592.40958821
252,2012,Egernia mcpheei,MLP_multi_interactions_with_coords,spatial,True,0,0.0015319917535769787,-43112.7372327422,6764592.40958821
252,2013,Eulamprus murrayi,MLP_multi_interactions_with_coords,spatial,True,0,0.00012237893378638592,-43112.7372327422,6764592.40958821
252,2014,Ophioscincus truncatus,MLP_multi_interactions_with_coords,spatial,True,0,0.0009970146730927355,-43112.7372327422,6764592.40958821
252,2015,Pseudechis porphyricaus,MLP_multi_interactions_with_coords,spatial,True,0,0.001809495411017818,-43112.7372327422,6764592.40958821
252,2016,Saltuarius swaini,MLP_multi_interactions_with_coords,spatial,True,0,0.03974553692133683,-43112.7372327422,6764592.40958821
254,2025,Cacophis kreftii,MLP_multi_interactions_with_coords,spatial,True,0,0.0014338506710381805,-43678.7671977115,6763752.8151483
254,2026,Calyptotis scutirostrum,MLP_multi_interactions_with_coords,spatial,True,0,0.000400645445409902,-43678.7671977115,6763752.8151483
254,2027,Coeranoscincus reticulatus,MLP_multi_interactions_with_coords,spatial,True,0,0.0005483848765314216,-43678.7671977115,6763752.8151483
254,2028,Egernia mcpheei,MLP_multi_interactions_with_coords,spatial,True,0,0.0018010568706608974,-43678.7671977115,6763752.8151483
254,2029,Eulamprus murrayi,MLP_multi_interactions_with_coords,spatial,True,0,0.00017321420193958144,-43678.7671977115,6763752.8151483
254,2030,Ophioscincus truncatus,MLP_multi_interactions_with_coords,spatial,True,0,0.0012583910650231483,-43678.7671977115,6763752.8151483
254,2031,Pseudechis porphyricaus,MLP_multi_interactions_with_coords,spatial,True,0,0.001999133062598361,-43678.7671977115,6763752.8151483
254,2032,Saltuarius swaini,MLP_multi_interactions_with_coords,spatial,True,0,0.04518082537006348,-43678.7671977115,6763752.8151483
255,2033,Cacophis kreftii,MLP_multi_interactions_with_coords,spatial,True,0,0.002188219461784574,-47276.750227819,6763369.40347618
255,2034,Calyptotis scutirostrum,MLP_multi_interactions_with_coords,spatial,True,0,0.0024981570728030296,-47276.750227819,6763369.40347618
255,2035,Coeranoscincus reticulatus,MLP_multi_interactions_with_coords,spatial,True,0,0.005469313480682576,-47276.750227819,6763369.40347618
255,2036,Egernia mcpheei,MLP_multi_interactions_with_coords,spatial,True,0,0.0027709131252102023,-47276.750227819,6763369.40347618
255,2037,Eulamprus murrayi,MLP_multi_interactions_with_coords,spatial,True,0,0.0004812418784497676,-47276.750227819,6763369.40347618
255,2038,Ophioscincus truncatus,MLP_multi_interactions_with_coords,spatial,True,0,0.004041352173174035,-47276.750227819,6763369.40347618
255,2039,Pseudechis porphyricaus,MLP_multi_interactions_with_coords,spatial,True,0,0.004314875747084286,-47276.750227819,6763369.40347618
255,2040,Saltuarius swaini,MLP_multi_interactions_with_coords,spatial,True,0,0.04645436722733334,-47276.750227819,6763369.40347618
