plot,id,species,model,split_type,use_coords,y_true,y_prob,easting,northing
7,49,Cacophis kreftii,MLP_multi_trunk_no_coords,random,False,0,1.4254995209447582e-06,-35290.0454930004,6868477.63934909
7,50,Calyptotis scutirostrum,MLP_multi_trunk_no_coords,random,False,0,1.7969162032765085e-06,-35290.0454930004,6868477.63934909
7,51,Coeranoscincus reticulatus,MLP_multi_trunk_no_coords,random,False,0,1e-06,-35290.0454930004,6868477.63934909
7,52,Egernia mcpheei,MLP_multi_trunk_no_coords,random,False,0,1e-06,-35290.0454930004,6868477.63934909
7,53,Eulamprus murrayi,MLP_multi_trunk_no_coords,random,False,0,5.045811396631715e-06,-35290.0454930004,6868477.63934909
7,54,Ophioscincus truncatus,MLP_multi_trunk_no_coords,random,False,0,0.006061978244152843,-35290.0454930004,6868477.63934909
7,55,Pseudechis porphyricaus,MLP_multi_trunk_no_coords,random,False,0,0.0018488406305735715,-35290.0454930004,6868477.63934909
7,56,Saltuarius swaini,MLP_multi_trunk_no_coords,random,False,0,0.04306664526690232,-35290.0454930004,6868477.63934909
15,113,Cacophis kreftii,MLP_multi_trunk_no_coords,random,False,0,0.11713591228861654,-99804.9506313828,6852000.67743644
15,114,Calyptotis scutirostrum,MLP_multi_trunk_no_coords,random,False,1,0.40015733887107496,-99804.9506313828,6852000.67743644
15,115,Coeranoscincus reticulatus,MLP_multi_trunk_no_coords,random,False,0,0.780516402773896,-99804.9506313828,6852000.67743644
15,116,Egernia mcpheei,MLP_multi_trunk_no_coords,random,False,1,0.170472368715298,-99804.9506313828,6852000.67743644
15,117,Eulamprus murrayi,MLP_multi_trunk_no_coords,random,False,0,1e-06,-99804.9506313828,6852000.67743644
15,118,Ophioscincus truncatus,MLP_multi_trunk_no_coords,random,False,0,0.13842679453869436,-99804.9506313828,6852000.67743644
15,119,Pseudechis porphyricaus,MLP_multi_trunk_no_coords,random,False,0,1e-06,-99804.9506313828,6852000.67743644
15,120,Saltuarius swaini,MLP_multi_trunk_no_coords,random,False,0,1e-06,-99804.9506313828,6852000.67743644
21,161,Cacophis kreftii,MLP_multi_trunk_no_coords,random,False,0,0.0292663077102296,-91866.6308808398,6850184.44292602
21,162,Calyptotis scutirostrum,MLP_multi_trunk_no_coords,random,False,0,0.22694403899623378,-91866.6308808398,6850184.44292602
21,163,Coeranoscincus reticulatus,MLP_multi_trunk_no_coords,random,False,0,0.4828637077156468,-91866.6308808398,6850184.44292602
21,164,Egernia mcpheei,MLP_multi_trunk_no_coords,random,False,0,0.13638486300151967,-91866.6308808398,6850184.44292602
21,165,Eulamprus murrayi,MLP_multi_trunk_no_coords,random,False,0,1e-06,-91866.6308808398,6850184.44292602
21,166,Ophioscincus truncatus,MLP_multi_trunk_no_coords,random,False,0,0.0014714713820205686,-91866.6308808398,6850184.44292602
21,167,Pseudechis porphyricaus,MLP_multi_trunk_no_coords,random,False,0,1e-06,-91866.6308808398,6850184.44292602
21,168,Saltuarius swaini,MLP_multi_trunk_no_coords,random,False,0,1e-06,-91866.6308808398,6850184.44292602
29,225,Cacophis kreftii,MLP_multi_trunk_no_coords,random,False,0,0.12143897063146455,-81258.2639630969,6847092.07487722
29,226,Calyptotis scutirostrum,MLP_multi_trunk_no_coords,random,False,0,0.0022753176700583016,-81258.2639630969,6847092.07487722
29,227,Coeranoscincus reticulatus,MLP_multi_trunk_no_coords,random,False,0,0.05333855066493049,-81258.2639630969,6847092.07487722
29,228,Egernia mcpheei,MLP_multi_trunk_no_coords,random,False,0,0.0003275036035094826,-81258.2639630969,6847092.07487722
29,229,Eulamprus murrayi,MLP_multi_trunk_no_coords,random,False,0,2.5077796105131417e-05,-81258.2639630969,6847092.07487722
29,230,Ophioscincus truncatus,MLP_multi_trunk_no_coords,random,False,1,0.5538031094392143,-81258.2639630969,6847092.07487722
29,231,Pseudechis porphyricaus,MLP_multi_trunk_no_coords,random,False,0,0.00010836893987639214,-81258.2639630969,6847092.07487722
29,232,Saltuarius swaini,MLP_multi_trunk_no_coords,random,False,0,0.00036625386452470197,-81258.2639630969,6847092.07487722
30,233,Cacophis kreftii,MLP_multi_trunk_no_coords,random,False,1,0.1771829131347834,-96294.553982511,6846140.09863748
30,234,Calyptotis scutirostrum,MLP_multi_trunk_no_coords,random,False,1,0.7443790763640441,-96294.553982511,6846140.09863748
30,235,Coeranoscincus reticulatus,MLP_multi_trunk_no_coords,random,False,0,0.6708902196989533,-96294.553982511,6846140.09863748
30,236,Egernia mcpheei,MLP_multi_trunk_no_coords,random,False,1,0.2637375384454456,-96294.553982511,6846140.09863748
30,237,Eulamprus murrayi,MLP_multi_trunk_no_coords,random,False,0,1e-06,-96294.553982511,6846140.09863748
30,238,Ophioscincus truncatus,MLP_multi_trunk_no_coords,random,False,1,0.3513219144986644,-96294.553982511,6846140.09863748
30,239,Pseudechis porphyricaus,MLP_multi_trunk_no_coords,random,False,0,1e-06,-96294.553982511,6846140.09863748
30,240,Saltuarius swaini,MLP_multi_trunk_no_coords,random,False,0,1e-06,-96294.553982511,6846140.09863748
31,241,Cacophis kreftii,MLP_multi_trunk_no_coords,random,False,0,0.13814760578144067,-95292.0596882657,6846190.80238834
31,242,Calyptotis scutirostrum,MLP_multi_trunk_no_coords,random,False,1,0.41210833331451246,-95292.0596882657,6846190.80238834
31,243,Coeranoscincus reticulatus,MLP_multi_trunk_no_coords,random,False,0,0.6072940158878687,-95292.0596882657,6846190.80238834
31,244,Egernia mcpheei,MLP_multi_trunk_no_coords,random,False,0,0.12087258088275908,-95292.0596882657,6846190.80238834
31,245,Eulamprus murrayi,MLP_multi_trunk_no_coords,random,False,0,1e-06,-95292.0596882657,6846190.80238834
31,246,Ophioscincus truncatus,MLP_multi_trunk_no_coords,random,False,0,0.41031809218229875,-95292.0596882657,6846190.80238834
31,247,Pseudechis porphyricaus,MLP_multi_trunk_no_coords,random,False,0,1e-06,-95292.0596882657,6846190.80238834
31,248,Saltuarius swaini,MLP_multi_trunk_no_coords,random,False,0,1.1350209398841316e-05,-95292.0596882657,6846190.80238834
37,289,Cacophis kreftii,MLP_multi_trunk_no_coords,random,False,0,0.362216077519979,-79037.3638766905,6846800.48131106
37,290,Calyptotis scutirostrum,MLP_multi_trunk_no_coords,random,False,0,0.0002090369151353514,-79037.3638766905,6846800.48131106
37,291,Coeranoscincus reticulatus,MLP_multi_trunk_no_coords,random,False,0,0.12401427768495224,-79037.3638766905,6846800.48131106
37,292,Egernia mcpheei,MLP_multi_trunk_no_coords,random,False,0,0.00028906372811341184,-79037.3638766905,6846800.48131106
37,293,Eulamprus murrayi,MLP_multi_trunk_no_coords,random,False,0,1.942922179067631e-06,-79037.3638766905,6846800.48131106
37,294,Ophioscincus truncatus,MLP_multi_trunk_no_coords,random,False,1,0.4850974888204277,-79037.3638766905,6846800.48131106
37,295,Pseudechis porphyricaus,MLP_multi_trunk_no_coords,random,False,0,5.8333158281009646e-06,-79037.3638766905,6846800.48131106
37,296,Saltuarius swaini,MLP_multi_trunk_no_coords,random,False,0,0.0009225762420481667,-79037.3638766905,6846800.48131106
41,321,Cacophis kreftii,MLP_multi_trunk_no_coords,random,False,0,0.05618687498453794,-96863.6801254773,6845509.65270053
41,322,Calyptotis scutirostrum,MLP_multi_trunk_no_coords,random,False,0,0.5179992605259404,-96863.6801254773,6845509.65270053
41,323,Coeranoscincus reticulatus,MLP_multi_trunk_no_coords,random,False,0,0.682347992063284,-96863.6801254773,6845509.65270053
41,324,Egernia mcpheei,MLP_multi_trunk_no_coords,random,False,0,0.23790819977444225,-96863.6801254773,6845509.65270053
41,325,Eulamprus murrayi,MLP_multi_trunk_no_coords,random,False,0,1e-06,-96863.6801254773,6845509.65270053
41,326,Ophioscincus truncatus,MLP_multi_trunk_no_coords,random,False,0,0.04767384297653383,-96863.6801254773,6845509.65270053
41,327,Pseudechis porphyricaus,MLP_multi_trunk_no_coords,random,False,0,1e-06,-96863.6801254773,6845509.65270053
41,328,Saltuarius swaini,MLP_multi_trunk_no_coords,random,False,0,1e-06,-96863.6801254773,6845509.65270053
47,369,Cacophis kreftii,MLP_multi_trunk_no_coords,random,False,0,0.17133013179720377,-79381.2357397435,6845781.19738334
47,370,Calyptotis scutirostrum,MLP_multi_trunk_no_coords,random,False,0,0.0051472675758193484,-79381.2357397435,6845781.19738334
47,371,Coeranoscincus reticulatus,MLP_multi_trunk_no_coords,random,False,0,0.04804032423103852,-79381.2357397435,6845781.19738334
47,372,Egernia mcpheei,MLP_multi_trunk_no_coords,random,False,0,0.0004421756315005956,-79381.2357397435,6845781.19738334
47,373,Eulamprus murrayi,MLP_multi_trunk_no_coords,random,False,0,4.47372789507847e-05,-79381.2357397435,6845781.19738334
47,374,Ophioscincus truncatus,MLP_multi_trunk_no_coords,random,False,1,0.7408499420693474,-79381.2357397435,6845781.19738334
47,375,Pseudechis porphyricaus,MLP_multi_trunk_no_coords,random,False,0,0.0001563998341016874,-79381.2357397435,6845781.19738334
47,376,Saltuarius swaini,MLP_multi_trunk_no_coords,random,False,0,0.00036104104751275625,-79381.2357397435,6845781.19738334
52,409,Cacophis kreftii,MLP_multi_trunk_no_coords,random,False,0,0.16556096184551455,-60471.4026198804,6845516.11047191
52,410,Calyptotis scutirostrum,MLP_multi_trunk_no_coords,random,False,1,0.886211590024047,-60471.4026198804,6845516.11047191
52,411,Coeranoscincus reticulatus,MLP_multi_trunk_no_coords,random,False,0,0.28080465644424407,-60471.4026198804,6845516.11047191
52,412,Egernia mcpheei,MLP_multi_trunk_no_coords,random,False,0,0.13308029566917892,-60471.4026198804,6845516.11047191
52,413,Eulamprus murrayi,MLP_multi_trunk_no_coords,random,False,0,1.2129324432021464e-06,-60471.4026198804,6845516.11047191
52,414,Ophioscincus truncatus,MLP_multi_trunk_no_coords,random,False,1,0.5423703399499705,-60471.4026198804,6845516.11047191
52,415,Pseudechis porphyricaus,MLP_multi_trunk_no_coords,random,False,0,1e-06,-60471.4026198804,6845516.11047191
52,416,Saltuarius swaini,MLP_multi_trunk_no_coords,random,False,0,1.7243544265763284e-05,-60471.4026198804,6845516.11047191
56,441,Cacophis kreftii,MLP_multi_trunk_no_coords,random,False,0,0.14987429900782323,-60864.6156634532,6845296.97560224
56,442,Calyptotis scutirostrum,MLP_multi_trunk_no_coords,random,False,0,0.9235273684099905,-60864.6156634532,6845296.97560224
56,443,Coeranoscincus reticulatus,MLP_multi_trunk_no_coords,random,False,0,0.17855519061985017,-60864.6156634532,6845296.97560224
56,444,Egernia mcpheei,MLP_multi_trunk_no_coords,random,False,0,0.0583528389704179,-60864.6156634532,6845296.97560224
56,445,Eulamprus murrayi,MLP_multi_trunk_no_coords,random,False,0,1e-06,-60864.6156634532,6845296.97560224
56,446,Ophioscincus truncatus,MLP_multi_trunk_no_coords,random,False,1,0.601487171571528,-60864.6156634532,6845296.97560224
56,447,Pseudechis porphyricaus,MLP_multi_trunk_no_coords,random,False,0,1e-06,-60864.6156634532,6845296.97560224
56,448,Saltuarius swaini,MLP_multi_trunk_no_coords,random,False,0,4.029655287285274e-05,-60864.6156634532,6845296.97560224
61,481,Cacophis kreftii,MLP_multi_trunk_no_coords,random,False,0,0.013307388614776499,-61435.1928033584,6844668.54431818
61,482,Calyptotis scutirostrum,MLP_multi_trunk_no_coords,random,False,0,8.659187956949378e-05,-61435.1928033584,6844668.54431818
61,483,Coeranoscincus reticulatus,MLP_multi_trunk_no_coords,random,False,0,0.011057974124260227,-61435.1928033584,6844668.54431818
61,484,Egernia mcpheei,MLP_multi_trunk_no_coords,random,False,0,0.00017032286802338167,-61435.1928033584,6844668.54431818
61,485,Eulamprus murrayi,MLP_multi_trunk_no_coords,random,False,0,1.1881364569746078e-06,-61435.1928033584,6844668.54431818
61,486,Ophioscincus truncatus,MLP_multi_trunk_no_coords,random,False,1,0.09409210905268757,-61435.1928033584,6844668.54431818
61,487,Pseudechis porphyricaus,MLP_multi_trunk_no_coords,random,False,0,4.374317881374894e-06,-61435.1928033584,6844668.54431818
61,488,Saltuarius swaini,MLP_multi_trunk_no_coords,random,False,0,0.001135591814485083,-61435.1928033584,6844668.54431818
62,489,Cacophis kreftii,MLP_multi_trunk_no_coords,random,False,0,0.10846549609260488,-60629.7662982834,6844706.93792291
62,490,Calyptotis scutirostrum,MLP_multi_trunk_no_coords,random,False,1,0.8973518689746705,-60629.7662982834,6844706.93792291
62,491,Coeranoscincus reticulatus,MLP_multi_trunk_no_coords,random,False,0,0.05761924405747305,-60629.7662982834,6844706.93792291
62,492,Egernia mcpheei,MLP_multi_trunk_no_coords,random,False,0,0.04139879762967084,-60629.7662982834,6844706.93792291
62,493,Eulamprus murrayi,MLP_multi_trunk_no_coords,random,False,0,1e-06,-60629.7662982834,6844706.93792291
62,494,Ophioscincus truncatus,MLP_multi_trunk_no_coords,random,False,1,0.6328673045627025,-60629.7662982834,6844706.93792291
62,495,Pseudechis porphyricaus,MLP_multi_trunk_no_coords,random,False,0,1e-06,-60629.7662982834,6844706.93792291
62,496,Saltuarius swaini,MLP_multi_trunk_no_coords,random,False,0,9.037239537719588e-05,-60629.7662982834,6844706.93792291
65,513,Cacophis kreftii,MLP_multi_trunk_no_coords,random,False,0,0.1274286476395173,-84881.8823593461,6843092.18042196
65,514,Calyptotis scutirostrum,MLP_multi_trunk_no_coords,random,False,1,0.7216329319616364,-84881.8823593461,6843092.18042196
65,515,Coeranoscincus reticulatus,MLP_multi_trunk_no_coords,random,False,0,0.12613007524633976,-84881.8823593461,6843092.18042196
65,516,Egernia mcpheei,MLP_multi_trunk_no_coords,random,False,0,0.1038908399685744,-84881.8823593461,6843092.18042196
65,517,Eulamprus murrayi,MLP_multi_trunk_no_coords,random,False,0,2.7194494882154192e-06,-84881.8823593461,6843092.18042196
65,518,Ophioscincus truncatus,MLP_multi_trunk_no_coords,random,False,1,0.687656854907042,-84881.8823593461,6843092.18042196
65,519,Pseudechis porphyricaus,MLP_multi_trunk_no_coords,random,False,0,1e-06,-84881.8823593461,6843092.18042196
65,520,Saltuarius swaini,MLP_multi_trunk_no_coords,random,False,0,4.317549809227678e-05,-84881.8823593461,6843092.18042196
72,569,Cacophis kreftii,MLP_multi_trunk_no_coords,random,False,0,0.008573804093693968,-86463.3052036808,6842612.44869674
72,570,Calyptotis scutirostrum,MLP_multi_trunk_no_coords,random,False,1,0.04541515125828885,-86463.3052036808,6842612.44869674
72,571,Coeranoscincus reticulatus,MLP_multi_trunk_no_coords,random,False,0,0.0718916850229065,-86463.3052036808,6842612.44869674
72,572,Egernia mcpheei,MLP_multi_trunk_no_coords,random,False,0,0.0783853938684636,-86463.3052036808,6842612.44869674
72,573,Eulamprus murrayi,MLP_multi_trunk_no_coords,random,False,0,1e-06,-86463.3052036808,6842612.44869674
72,574,Ophioscincus truncatus,MLP_multi_trunk_no_coords,random,False,1,0.061055301965563955,-86463.3052036808,6842612.44869674
72,575,Pseudechis porphyricaus,MLP_multi_trunk_no_coords,random,False,0,1e-06,-86463.3052036808,6842612.44869674
72,576,Saltuarius swaini,MLP_multi_trunk_no_coords,random,False,0,1e-06,-86463.3052036808,6842612.44869674
78,617,Cacophis kreftii,MLP_multi_trunk_no_coords,random,False,0,0.012780115523176568,-85647.642077096,6842252.08566301
78,618,Calyptotis scutirostrum,MLP_multi_trunk_no_coords,random,False,0,0.2339439718547673,-85647.642077096,6842252.08566301
78,619,Coeranoscincus reticulatus,MLP_multi_trunk_no_coords,random,False,1,0.17032756823980236,-85647.642077096,6842252.08566301
78,620,Egernia mcpheei,MLP_multi_trunk_no_coords,random,False,0,0.06781742809005613,-85647.642077096,6842252.08566301
78,621,Eulamprus murrayi,MLP_multi_trunk_no_coords,random,False,0,1e-06,-85647.642077096,6842252.08566301
78,622,Ophioscincus truncatus,MLP_multi_trunk_no_coords,random,False,0,0.0639424102920678,-85647.642077096,6842252.08566301
78,623,Pseudechis porphyricaus,MLP_multi_trunk_no_coords,random,False,0,1e-06,-85647.642077096,6842252.08566301
78,624,Saltuarius swaini,MLP_multi_trunk_no_coords,random,False,0,6.870348108240883e-06,-85647.642077096,6842252.08566301
84,665,Cacophis kreftii,MLP_multi_trunk_no_coords,random,False,0,0.12561849365937436,-75697.1375955953,6840337.76316393
84,666,Calyptotis scutirostrum,MLP_multi_trunk_no_coords,random,False,0,0.002291705964577345,-75697.1375955953,6840337.76316393
84,667,Coeranoscincus reticulatus,MLP_multi_trunk_no_coords,random,False,0,0.006512675597314027,-75697.1375955953,6840337.76316393
84,668,Egernia mcpheei,MLP_multi_trunk_no_coords,random,False,0,0.00011037935275086023,-75697.1375955953,6840337.76316393
84,669,Eulamprus murrayi,MLP_multi_trunk_no_coords,random,False,0,1e-06,-75697.1375955953,6840337.76316393
84,670,Ophioscincus truncatus,MLP_multi_trunk_no_coords,random,False,0,0.4583773761769738,-75697.1375955953,6840337.76316393
84,671,Pseudechis porphyricaus,MLP_multi_trunk_no_coords,random,False,0,1e-06,-75697.1375955953,6840337.76316393
84,672,Saltuarius swaini,MLP_multi_trunk_no_coords,random,False,0,0.000259633583369354,-75697.1375955953,6840337.76316393
87,689,Cacophis kreftii,MLP_multi_trunk_no_coords,random,False,0,0.0013175647328807823,-71013.5035560221,6839163.13240084
87,690,Calyptotis scutirostrum,MLP_multi_trunk_no_coords,random,False,0,0.006284759534868641,-71013.5035560221,6839163.13240084
87,691,Coeranoscincus reticulatus,MLP_multi_trunk_no_coords,random,False,1,0.0011283124139085565,-71013.5035560221,6839163.13240084
87,692,Egernia mcpheei,MLP_multi_trunk_no_coords,random,False,0,0.009790782159785537,-71013.5035560221,6839163.13240084
87,693,Eulamprus murrayi,MLP_multi_trunk_no_coords,random,False,0,0.0010724696322667727,-71013.5035560221,6839163.13240084
87,694,Ophioscincus truncatus,MLP_multi_trunk_no_coords,random,False,0,0.08100655611356164,-71013.5035560221,6839163.13240084
87,695,Pseudechis porphyricaus,MLP_multi_trunk_no_coords,random,False,0,0.009558477173100637,-71013.5035560221,6839163.13240084
87,696,Saltuarius swaini,MLP_multi_trunk_no_coords,random,False,0,0.03295338040545842,-71013.5035560221,6839163.13240084
92,729,Cacophis kreftii,MLP_multi_trunk_no_coords,random,False,0,0.21989606610326423,-75353.1982293057,6837536.97534272
92,730,Calyptotis scutirostrum,MLP_multi_trunk_no_coords,random,False,0,3.3711131302892387e-06,-75353.1982293057,6837536.97534272
92,731,Coeranoscincus reticulatus,MLP_multi_trunk_no_coords,random,False,0,0.0034185344947109636,-75353.1982293057,6837536.97534272
92,732,Egernia mcpheei,MLP_multi_trunk_no_coords,random,False,0,2.881653997143702e-06,-75353.1982293057,6837536.97534272
92,733,Eulamprus murrayi,MLP_multi_trunk_no_coords,random,False,0,1.2647419950101681e-06,-75353.1982293057,6837536.97534272
92,734,Ophioscincus truncatus,MLP_multi_trunk_no_coords,random,False,0,0.3782730270989107,-75353.1982293057,6837536.97534272
92,735,Pseudechis porphyricaus,MLP_multi_trunk_no_coords,random,False,0,1.94734526750262e-05,-75353.1982293057,6837536.97534272
92,736,Saltuarius swaini,MLP_multi_trunk_no_coords,random,False,0,0.001363043781304789,-75353.1982293057,6837536.97534272
97,769,Cacophis kreftii,MLP_multi_trunk_no_coords,random,False,0,0.3451811126522374,-114250.874091765,6835186.86007185
97,770,Calyptotis scutirostrum,MLP_multi_trunk_no_coords,random,False,1,0.26028712399652953,-114250.874091765,6835186.86007185
97,771,Coeranoscincus reticulatus,MLP_multi_trunk_no_coords,random,False,1,0.6159487864262946,-114250.874091765,6835186.86007185
97,772,Egernia mcpheei,MLP_multi_trunk_no_coords,random,False,0,0.07918145508035365,-114250.874091765,6835186.86007185
97,773,Eulamprus murrayi,MLP_multi_trunk_no_coords,random,False,0,3.7126970682924762e-06,-114250.874091765,6835186.86007185
97,774,Ophioscincus truncatus,MLP_multi_trunk_no_coords,random,False,1,0.5993685274053043,-114250.874091765,6835186.86007185
97,775,Pseudechis porphyricaus,MLP_multi_trunk_no_coords,random,False,0,1e-06,-114250.874091765,6835186.86007185
97,776,Saltuarius swaini,MLP_multi_trunk_no_coords,random,False,0,1.29986770254382e-06,-114250.874091765,6835186.86007185
99,785,Cacophis kreftii,MLP_multi_trunk_no_coords,random,False,0,0.0008815119594036043,-123277.985601988,6834532.44353339
99,786,Calyptotis scutirostrum,MLP_multi_trunk_no_coords,random,False,0,0.12597955452334966,-123277.985601988,6834532.44353339
99,787,Coeranoscincus reticulatus,MLP_multi_trunk_no_coords,random,False,0,0.6243684495700814,-123277.985601988,6834532.44353339
99,788,Egernia mcpheei,MLP_multi_trunk_no_coords,random,False,0,0.08148499754543197,-123277.985601988,6834532.44353339
99,789,Eulamprus murrayi,MLP_multi_trunk_no_coords,random,False,0,0.003119370033812072,-123277.985601988,6834532.44353339
99,790,Ophioscincus truncatus,MLP_multi_trunk_no_coords,random,False,0,0.07371598397054781,-123277.985601988,6834532.44353339
99,791,Pseudechis porphyricaus,MLP_multi_trunk_no_coords,random,False,0,0.048483534929660795,-123277.985601988,6834532.44353339
99,792,Saltuarius swaini,MLP_multi_trunk_no_coords,random,False,0,0.038634275969083746,-123277.985601988,6834532.44353339
101,801,Cacophis kreftii,MLP_multi_trunk_no_coords,random,False,1,0.29459211816679565,-147109.711119875,6832327.45616153
101,802,Calyptotis scutirostrum,MLP_multi_trunk_no_coords,random,False,1,0.5355636932272588,-147109.711119875,6832327.45616153
101,803,Coeranoscincus reticulatus,MLP_multi_trunk_no_coords,random,False,0,0.4055233854201489,-147109.711119875,6832327.45616153
101,804,Egernia mcpheei,MLP_multi_trunk_no_coords,random,False,0,0.04471615714993724,-147109.711119875,6832327.45616153
101,805,Eulamprus murrayi,MLP_multi_trunk_no_coords,random,False,0,4.2645275307837016e-05,-147109.711119875,6832327.45616153
101,806,Ophioscincus truncatus,MLP_multi_trunk_no_coords,random,False,0,0.14898842861752704,-147109.711119875,6832327.45616153
101,807,Pseudechis porphyricaus,MLP_multi_trunk_no_coords,random,False,0,1e-06,-147109.711119875,6832327.45616153
101,808,Saltuarius swaini,MLP_multi_trunk_no_coords,random,False,0,5.765167838168316e-06,-147109.711119875,6832327.45616153
108,857,Cacophis kreftii,MLP_multi_trunk_no_coords,random,False,1,0.0030410120940584564,-120786.146445189,6833048.30377336
108,858,Calyptotis scutirostrum,MLP_multi_trunk_no_coords,random,False,0,0.18054685059820735,-120786.146445189,6833048.30377336
108,859,Coeranoscincus reticulatus,MLP_multi_trunk_no_coords,random,False,0,0.3187990951013381,-120786.146445189,6833048.30377336
108,860,Egernia mcpheei,MLP_multi_trunk_no_coords,random,False,0,0.020830452655639136,-120786.146445189,6833048.30377336
108,861,Eulamprus murrayi,MLP_multi_trunk_no_coords,random,False,0,0.00033553873404085086,-120786.146445189,6833048.30377336
108,862,Ophioscincus truncatus,MLP_multi_trunk_no_coords,random,False,1,0.03925977575548163,-120786.146445189,6833048.30377336
108,863,Pseudechis porphyricaus,MLP_multi_trunk_no_coords,random,False,0,0.0016673735990548233,-120786.146445189,6833048.30377336
108,864,Saltuarius swaini,MLP_multi_trunk_no_coords,random,False,0,0.008360908266112391,-120786.146445189,6833048.30377336
116,921,Cacophis kreftii,MLP_multi_trunk_no_coords,random,False,1,0.0015993777634508719,-119959.663589068,6832690.76087561
116,922,Calyptotis scutirostrum,MLP_multi_trunk_no_coords,random,False,0,0.24161471215812289,-119959.663589068,6832690.76087561
116,923,Coeranoscincus reticulatus,MLP_multi_trunk_no_coords,random,False,0,0.372270928607811,-119959.663589068,6832690.76087561
116,924,Egernia mcpheei,MLP_multi_trunk_no_coords,random,False,0,0.07382549644803428,-119959.663589068,6832690.76087561
116,925,Eulamprus murrayi,MLP_multi_trunk_no_coords,random,False,0,0.001847651772504881,-119959.663589068,6832690.76087561
116,926,Ophioscincus truncatus,MLP_multi_trunk_no_coords,random,False,1,0.1569450255441136,-119959.663589068,6832690.76087561
116,927,Pseudechis porphyricaus,MLP_multi_trunk_no_coords,random,False,0,0.015557205452427081,-119959.663589068,6832690.76087561
116,928,Saltuarius swaini,MLP_multi_trunk_no_coords,random,False,0,0.04106521295927251,-119959.663589068,6832690.76087561
117,929,Cacophis kreftii,MLP_multi_trunk_no_coords,random,False,0,0.008469577778794925,-119338.87811833,6832311.15904512
117,930,Calyptotis scutirostrum,MLP_multi_trunk_no_coords,random,False,1,0.38455907942684353,-119338.87811833,6832311.15904512
117,931,Coeranoscincus reticulatus,MLP_multi_trunk_no_coords,random,False,1,0.551864102788213,-119338.87811833,6832311.15904512
117,932,Egernia mcpheei,MLP_multi_trunk_no_coords,random,False,0,0.03762079706492323,-119338.87811833,6832311.15904512
117,933,Eulamprus murrayi,MLP_multi_trunk_no_coords,random,False,0,0.0009463762123967986,-119338.87811833,6832311.15904512
117,934,Ophioscincus truncatus,MLP_multi_trunk_no_coords,random,False,1,0.19619792333115307,-119338.87811833,6832311.15904512
117,935,Pseudechis porphyricaus,MLP_multi_trunk_no_coords,random,False,0,0.002160937160673735,-119338.87811833,6832311.15904512
117,936,Saltuarius swaini,MLP_multi_trunk_no_coords,random,False,0,0.008221555823115817,-119338.87811833,6832311.15904512
121,961,Cacophis kreftii,MLP_multi_trunk_no_coords,random,False,0,0.004952923288497535,-113308.229962265,6832416.48893136
121,962,Calyptotis scutirostrum,MLP_multi_trunk_no_coords,random,False,0,0.3259415266585818,-113308.229962265,6832416.48893136
121,963,Coeranoscincus reticulatus,MLP_multi_trunk_no_coords,random,False,1,0.04002962797534525,-113308.229962265,6832416.48893136
121,964,Egernia mcpheei,MLP_multi_trunk_no_coords,random,False,0,0.01354457351533715,-113308.229962265,6832416.48893136
121,965,Eulamprus murrayi,MLP_multi_trunk_no_coords,random,False,0,0.00010152347871753675,-113308.229962265,6832416.48893136
121,966,Ophioscincus truncatus,MLP_multi_trunk_no_coords,random,False,1,0.19360357208907597,-113308.229962265,6832416.48893136
121,967,Pseudechis porphyricaus,MLP_multi_trunk_no_coords,random,False,0,0.00014179144203221102,-113308.229962265,6832416.48893136
121,968,Saltuarius swaini,MLP_multi_trunk_no_coords,random,False,0,0.014497245235210962,-113308.229962265,6832416.48893136
125,993,Cacophis kreftii,MLP_multi_trunk_no_coords,random,False,0,0.007400935416882575,-119100.196556909,6831521.23488212
125,994,Calyptotis scutirostrum,MLP_multi_trunk_no_coords,random,False,1,0.16509718088881525,-119100.196556909,6831521.23488212
125,995,Coeranoscincus reticulatus,MLP_multi_trunk_no_coords,random,False,0,0.3093576602016991,-119100.196556909,6831521.23488212
125,996,Egernia mcpheei,MLP_multi_trunk_no_coords,random,False,0,0.10689486326178992,-119100.196556909,6831521.23488212
125,997,Eulamprus murrayi,MLP_multi_trunk_no_coords,random,False,0,0.009128600575177474,-119100.196556909,6831521.23488212
125,998,Ophioscincus truncatus,MLP_multi_trunk_no_coords,random,False,0,0.10253248132639232,-119100.196556909,6831521.23488212
125,999,Pseudechis porphyricaus,MLP_multi_trunk_no_coords,random,False,0,0.04321480488504488,-119100.196556909,6831521.23488212
125,1000,Saltuarius swaini,MLP_multi_trunk_no_coords,random,False,0,0.03669056797626697,-119100.196556909,6831521.23488212
129,1025,Cacophis kreftii,MLP_multi_trunk_no_coords,random,False,0,0.09070458995107014,-76147.8048592401,6833277.03106837
129,1026,Calyptotis scutirostrum,MLP_multi_trunk_no_coords,random,False,0,0.8390948393762369,-76147.8048592401,6833277.03106837
129,1027,Coeranoscincus reticulatus,MLP_multi_trunk_no_coords,random,False,0,0.15940758753740386,-76147.8048592401,6833277.03106837
129,1028,Egernia mcpheei,MLP_multi_trunk_no_coords,random,False,0,0.04853312784720066,-76147.8048592401,6833277.03106837
129,1029,Eulamprus murrayi,MLP_multi_trunk_no_coords,random,False,0,1e-06,-76147.8048592401,6833277.03106837
129,1030,Ophioscincus truncatus,MLP_multi_trunk_no_coords,random,False,0,0.27161906988810064,-76147.8048592401,6833277.03106837
129,1031,Pseudechis porphyricaus,MLP_multi_trunk_no_coords,random,False,0,1e-06,-76147.8048592401,6833277.03106837
129,1032,Saltuarius swaini,MLP_multi_trunk_no_coords,random,False,0,2.5659811420546232e-05,-76147.8048592401,6833277.03106837
132,1049,Cacophis kreftii,MLP_multi_trunk_no_coords,random,False,0,0.010358313806509077,-105801.162580743,6831179.93507326
132,1050,Calyptotis scutirostrum,MLP_multi_trunk_no_coords,random,False,0,0.16527441162562348,-105801.162580743,6831179.93507326
132,1051,Coeranoscincus reticulatus,MLP_multi_trunk_no_coords,random,False,0,0.5457663061058151,-105801.162580743,6831179.93507326
132,1052,Egernia mcpheei,MLP_multi_trunk_no_coords,random,False,0,0.15449370250085032,-105801.162580743,6831179.93507326
132,1053,Eulamprus murrayi,MLP_multi_trunk_no_coords,random,False,0,1e-06,-105801.162580743,6831179.93507326
132,1054,Ophioscincus truncatus,MLP_multi_trunk_no_coords,random,False,0,0.03893432037316507,-105801.162580743,6831179.93507326
132,1055,Pseudechis porphyricaus,MLP_multi_trunk_no_coords,random,False,0,1.2661672216657127e-06,-105801.162580743,6831179.93507326
132,1056,Saltuarius swaini,MLP_multi_trunk_no_coords,random,False,0,9.622293723117475e-06,-105801.162580743,6831179.93507326
133,1057,Cacophis kreftii,MLP_multi_trunk_no_coords,random,False,0,0.009406379560356544,-76520.6971461142,6832657.28276156
133,1058,Calyptotis scutirostrum,MLP_multi_trunk_no_coords,random,False,1,0.3892461619753852,-76520.6971461142,6832657.28276156
133,1059,Coeranoscincus reticulatus,MLP_multi_trunk_no_coords,random,False,0,0.020365317697624296,-76520.6971461142,6832657.28276156
133,1060,Egernia mcpheei,MLP_multi_trunk_no_coords,random,False,0,0.022431989843220018,-76520.6971461142,6832657.28276156
133,1061,Eulamprus murrayi,MLP_multi_trunk_no_coords,random,False,0,3.221482749459691e-06,-76520.6971461142,6832657.28276156
133,1062,Ophioscincus truncatus,MLP_multi_trunk_no_coords,random,False,0,0.21264098524200467,-76520.6971461142,6832657.28276156
133,1063,Pseudechis porphyricaus,MLP_multi_trunk_no_coords,random,False,0,3.3922484126194874e-05,-76520.6971461142,6832657.28276156
133,1064,Saltuarius swaini,MLP_multi_trunk_no_coords,random,False,0,0.0024901717002364394,-76520.6971461142,6832657.28276156
136,1081,Cacophis kreftii,MLP_multi_trunk_no_coords,random,False,0,0.06681967611329238,-62745.5415882464,6830732.52392328
136,1082,Calyptotis scutirostrum,MLP_multi_trunk_no_coords,random,False,0,0.0019390784914384586,-62745.5415882464,6830732.52392328
136,1083,Coeranoscincus reticulatus,MLP_multi_trunk_no_coords,random,False,0,0.0027570698610841836,-62745.5415882464,6830732.52392328
136,1084,Egernia mcpheei,MLP_multi_trunk_no_coords,random,False,0,9.566087743370764e-05,-62745.5415882464,6830732.52392328
136,1085,Eulamprus murrayi,MLP_multi_trunk_no_coords,random,False,0,1e-06,-62745.5415882464,6830732.52392328
136,1086,Ophioscincus truncatus,MLP_multi_trunk_no_coords,random,False,1,0.0767281182155688,-62745.5415882464,6830732.52392328
136,1087,Pseudechis porphyricaus,MLP_multi_trunk_no_coords,random,False,0,1e-06,-62745.5415882464,6830732.52392328
136,1088,Saltuarius swaini,MLP_multi_trunk_no_coords,random,False,0,0.003393616513407601,-62745.5415882464,6830732.52392328
139,1105,Cacophis kreftii,MLP_multi_trunk_no_coords,random,False,0,0.0783665248232553,-60097.6324680274,6830057.84195886
139,1106,Calyptotis scutirostrum,MLP_multi_trunk_no_coords,random,False,0,0.9008257876523512,-60097.6324680274,6830057.84195886
139,1107,Coeranoscincus reticulatus,MLP_multi_trunk_no_coords,random,False,0,0.010305372466168592,-60097.6324680274,6830057.84195886
139,1108,Egernia mcpheei,MLP_multi_trunk_no_coords,random,False,0,0.010461691519620134,-60097.6324680274,6830057.84195886
139,1109,Eulamprus murrayi,MLP_multi_trunk_no_coords,random,False,0,1e-06,-60097.6324680274,6830057.84195886
139,1110,Ophioscincus truncatus,MLP_multi_trunk_no_coords,random,False,1,0.5502902586058719,-60097.6324680274,6830057.84195886
139,1111,Pseudechis porphyricaus,MLP_multi_trunk_no_coords,random,False,0,1e-06,-60097.6324680274,6830057.84195886
139,1112,Saltuarius swaini,MLP_multi_trunk_no_coords,random,False,0,0.00035681887446813317,-60097.6324680274,6830057.84195886
141,1121,Cacophis kreftii,MLP_multi_trunk_no_coords,random,False,0,0.01054786273848161,-59274.1159834863,6829696.39928037
141,1122,Calyptotis scutirostrum,MLP_multi_trunk_no_coords,random,False,0,0.07742832201263235,-59274.1159834863,6829696.39928037
141,1123,Coeranoscincus reticulatus,MLP_multi_trunk_no_coords,random,False,0,0.0004257197165424104,-59274.1159834863,6829696.39928037
141,1124,Egernia mcpheei,MLP_multi_trunk_no_coords,random,False,0,0.00046833662859639273,-59274.1159834863,6829696.39928037
141,1125,Eulamprus murrayi,MLP_multi_trunk_no_coords,random,False,0,1e-06,-59274.1159834863,6829696.39928037
141,1126,Ophioscincus truncatus,MLP_multi_trunk_no_coords,random,False,0,0.05343800113026529,-59274.1159834863,6829696.39928037
141,1127,Pseudechis porphyricaus,MLP_multi_trunk_no_coords,random,False,0,5.0836288782865765e-06,-59274.1159834863,6829696.39928037
141,1128,Saltuarius swaini,MLP_multi_trunk_no_coords,random,False,0,0.004440461254374958,-59274.1159834863,6829696.39928037
148,1177,Cacophis kreftii,MLP_multi_trunk_no_coords,random,False,0,0.19395505347586045,-59039.7148912014,6828905.9612443
148,1178,Calyptotis scutirostrum,MLP_multi_trunk_no_coords,random,False,1,0.0282133292491896,-59039.7148912014,6828905.9612443
148,1179,Coeranoscincus reticulatus,MLP_multi_trunk_no_coords,random,False,0,0.0012239972427221268,-59039.7148912014,6828905.9612443
148,1180,Egernia mcpheei,MLP_multi_trunk_no_coords,random,False,1,0.0002820170692468381,-59039.7148912014,6828905.9612443
148,1181,Eulamprus murrayi,MLP_multi_trunk_no_coords,random,False,0,1.4547116647604994e-06,-59039.7148912014,6828905.9612443
148,1182,Ophioscincus truncatus,MLP_multi_trunk_no_coords,random,False,1,0.6562428201737183,-59039.7148912014,6828905.9612443
148,1183,Pseudechis porphyricaus,MLP_multi_trunk_no_coords,random,False,0,7.719018367700243e-06,-59039.7148912014,6828905.9612443
148,1184,Saltuarius swaini,MLP_multi_trunk_no_coords,random,False,0,0.0009489904886319053,-59039.7148912014,6828905.9612443
153,1217,Cacophis kreftii,MLP_multi_trunk_no_coords,random,False,0,0.018281478980339404,-56158.084536112,6827640.49763384
153,1218,Calyptotis scutirostrum,MLP_multi_trunk_no_coords,random,False,1,0.7073957934759703,-56158.084536112,6827640.49763384
153,1219,Coeranoscincus reticulatus,MLP_multi_trunk_no_coords,random,False,0,0.0004338301736553483,-56158.084536112,6827640.49763384
153,1220,Egernia mcpheei,MLP_multi_trunk_no_coords,random,False,0,0.0029068855948498136,-56158.084536112,6827640.49763384
153,1221,Eulamprus murrayi,MLP_multi_trunk_no_coords,random,False,0,1e-06,-56158.084536112,6827640.49763384
153,1222,Ophioscincus truncatus,MLP_multi_trunk_no_coords,random,False,1,0.7205988354515172,-56158.084536112,6827640.49763384
153,1223,Pseudechis porphyricaus,MLP_multi_trunk_no_coords,random,False,0,1e-06,-56158.084536112,6827640.49763384
153,1224,Saltuarius swaini,MLP_multi_trunk_no_coords,random,False,0,2.2978752001249605e-06,-56158.084536112,6827640.49763384
160,1273,Cacophis kreftii,MLP_multi_trunk_no_coords,random,False,0,0.00874648158228388,-57082.2051583753,6825993.28319997
160,1274,Calyptotis scutirostrum,MLP_multi_trunk_no_coords,random,False,1,0.4064288394968016,-57082.2051583753,6825993.28319997
160,1275,Coeranoscincus reticulatus,MLP_multi_trunk_no_coords,random,False,0,0.00041290224408904177,-57082.2051583753,6825993.28319997
160,1276,Egernia mcpheei,MLP_multi_trunk_no_coords,random,False,0,0.0038021820884031536,-57082.2051583753,6825993.28319997
160,1277,Eulamprus murrayi,MLP_multi_trunk_no_coords,random,False,0,1e-06,-57082.2051583753,6825993.28319997
160,1278,Ophioscincus truncatus,MLP_multi_trunk_no_coords,random,False,0,0.6119355409568294,-57082.2051583753,6825993.28319997
160,1279,Pseudechis porphyricaus,MLP_multi_trunk_no_coords,random,False,0,1e-06,-57082.2051583753,6825993.28319997
160,1280,Saltuarius swaini,MLP_multi_trunk_no_coords,random,False,0,1.5703150180134914e-06,-57082.2051583753,6825993.28319997
165,1313,Cacophis kreftii,MLP_multi_trunk_no_coords,random,False,0,0.19410483197398118,-116199.528148125,6817786.39841097
165,1314,Calyptotis scutirostrum,MLP_multi_trunk_no_coords,random,False,0,0.09189651795239367,-116199.528148125,6817786.39841097
165,1315,Coeranoscincus reticulatus,MLP_multi_trunk_no_coords,random,False,0,0.6225759309602512,-116199.528148125,6817786.39841097
165,1316,Egernia mcpheei,MLP_multi_trunk_no_coords,random,False,0,0.004191718484903295,-116199.528148125,6817786.39841097
165,1317,Eulamprus murrayi,MLP_multi_trunk_no_coords,random,False,0,0.024349316912507597,-116199.528148125,6817786.39841097
165,1318,Ophioscincus truncatus,MLP_multi_trunk_no_coords,random,False,0,0.44529235495659464,-116199.528148125,6817786.39841097
165,1319,Pseudechis porphyricaus,MLP_multi_trunk_no_coords,random,False,0,0.005169138033971915,-116199.528148125,6817786.39841097
165,1320,Saltuarius swaini,MLP_multi_trunk_no_coords,random,False,0,0.0019492183416082503,-116199.528148125,6817786.39841097
169,1345,Cacophis kreftii,MLP_multi_trunk_no_coords,random,False,0,0.00016855800608862572,-108876.433782581,6816343.47520397
169,1346,Calyptotis scutirostrum,MLP_multi_trunk_no_coords,random,False,0,0.0005728544303203733,-108876.433782581,6816343.47520397
169,1347,Coeranoscincus reticulatus,MLP_multi_trunk_no_coords,random,False,0,0.027882006057062904,-108876.433782581,6816343.47520397
169,1348,Egernia mcpheei,MLP_multi_trunk_no_coords,random,False,0,0.003906710183928759,-108876.433782581,6816343.47520397
169,1349,Eulamprus murrayi,MLP_multi_trunk_no_coords,random,False,0,0.00024066275760043965,-108876.433782581,6816343.47520397
169,1350,Ophioscincus truncatus,MLP_multi_trunk_no_coords,random,False,0,0.0005914490121718068,-108876.433782581,6816343.47520397
169,1351,Pseudechis porphyricaus,MLP_multi_trunk_no_coords,random,False,0,0.0051587989449293934,-108876.433782581,6816343.47520397
169,1352,Saltuarius swaini,MLP_multi_trunk_no_coords,random,False,0,0.0023863302976823045,-108876.433782581,6816343.47520397
172,1369,Cacophis kreftii,MLP_multi_trunk_no_coords,random,False,0,4.871023458939931e-05,-148834.228828815,6806479.17622519
172,1370,Calyptotis scutirostrum,MLP_multi_trunk_no_coords,random,False,0,0.03324861826856094,-148834.228828815,6806479.17622519
172,1371,Coeranoscincus reticulatus,MLP_multi_trunk_no_coords,random,False,0,0.5546997026032201,-148834.228828815,6806479.17622519
172,1372,Egernia mcpheei,MLP_multi_trunk_no_coords,random,False,0,0.008731039715947202,-148834.228828815,6806479.17622519
172,1373,Eulamprus murrayi,MLP_multi_trunk_no_coords,random,False,0,0.0005387909815860704,-148834.228828815,6806479.17622519
172,1374,Ophioscincus truncatus,MLP_multi_trunk_no_coords,random,False,0,0.004659328422591141,-148834.228828815,6806479.17622519
172,1375,Pseudechis porphyricaus,MLP_multi_trunk_no_coords,random,False,0,0.07311437867623886,-148834.228828815,6806479.17622519
172,1376,Saltuarius swaini,MLP_multi_trunk_no_coords,random,False,0,0.0015018728809111045,-148834.228828815,6806479.17622519
173,1377,Cacophis kreftii,MLP_multi_trunk_no_coords,random,False,0,1.2651854918242301e-05,-26864.9515665186,6812638.8314962
173,1378,Calyptotis scutirostrum,MLP_multi_trunk_no_coords,random,False,0,0.0007084816950812979,-26864.9515665186,6812638.8314962
173,1379,Coeranoscincus reticulatus,MLP_multi_trunk_no_coords,random,False,0,1e-06,-26864.9515665186,6812638.8314962
173,1380,Egernia mcpheei,MLP_multi_trunk_no_coords,random,False,0,0.0004872176262252976,-26864.9515665186,6812638.8314962
173,1381,Eulamprus murrayi,MLP_multi_trunk_no_coords,random,False,0,1e-06,-26864.9515665186,6812638.8314962
173,1382,Ophioscincus truncatus,MLP_multi_trunk_no_coords,random,False,0,0.009274144936171892,-26864.9515665186,6812638.8314962
173,1383,Pseudechis porphyricaus,MLP_multi_trunk_no_coords,random,False,0,7.867008922383366e-06,-26864.9515665186,6812638.8314962
173,1384,Saltuarius swaini,MLP_multi_trunk_no_coords,random,False,0,0.02980729652613739,-26864.9515665186,6812638.8314962
175,1393,Cacophis kreftii,MLP_multi_trunk_no_coords,random,False,0,0.00029952570974354847,-26614.0603685924,6811648.67695057
175,1394,Calyptotis scutirostrum,MLP_multi_trunk_no_coords,random,False,1,0.06005998268897342,-26614.0603685924,6811648.67695057
175,1395,Coeranoscincus reticulatus,MLP_multi_trunk_no_coords,random,False,0,8.20911451270872e-05,-26614.0603685924,6811648.67695057
175,1396,Egernia mcpheei,MLP_multi_trunk_no_coords,random,False,0,0.0012806382309887925,-26614.0603685924,6811648.67695057
175,1397,Eulamprus murrayi,MLP_multi_trunk_no_coords,random,False,0,1e-06,-26614.0603685924,6811648.67695057
175,1398,Ophioscincus truncatus,MLP_multi_trunk_no_coords,random,False,0,0.00012951378127848274,-26614.0603685924,6811648.67695057
175,1399,Pseudechis porphyricaus,MLP_multi_trunk_no_coords,random,False,0,1e-06,-26614.0603685924,6811648.67695057
175,1400,Saltuarius swaini,MLP_multi_trunk_no_coords,random,False,0,0.0016861657795458095,-26614.0603685924,6811648.67695057
180,1433,Cacophis kreftii,MLP_multi_trunk_no_coords,random,False,0,2.0927466643670107e-06,-29780.9705356891,6806663.75964171
180,1434,Calyptotis scutirostrum,MLP_multi_trunk_no_coords,random,False,0,2.0611543653900628e-05,-29780.9705356891,6806663.75964171
180,1435,Coeranoscincus reticulatus,MLP_multi_trunk_no_coords,random,False,0,1e-06,-29780.9705356891,6806663.75964171
180,1436,Egernia mcpheei,MLP_multi_trunk_no_coords,random,False,0,1.9867050610313576e-06,-29780.9705356891,6806663.75964171
180,1437,Eulamprus murrayi,MLP_multi_trunk_no_coords,random,False,0,1.0650675187225425e-06,-29780.9705356891,6806663.75964171
180,1438,Ophioscincus truncatus,MLP_multi_trunk_no_coords,random,False,0,0.0043258263699785925,-29780.9705356891,6806663.75964171
180,1439,Pseudechis porphyricaus,MLP_multi_trunk_no_coords,random,False,0,0.00033839033989725817,-29780.9705356891,6806663.75964171
180,1440,Saltuarius swaini,MLP_multi_trunk_no_coords,random,False,0,0.01628399206477038,-29780.9705356891,6806663.75964171
181,1441,Cacophis kreftii,MLP_multi_trunk_no_coords,random,False,0,1.9900174892487996e-06,-29379.7381757025,6806682.07694802
181,1442,Calyptotis scutirostrum,MLP_multi_trunk_no_coords,random,False,0,2.041416877396106e-05,-29379.7381757025,6806682.07694802
181,1443,Coeranoscincus reticulatus,MLP_multi_trunk_no_coords,random,False,0,1e-06,-29379.7381757025,6806682.07694802
181,1444,Egernia mcpheei,MLP_multi_trunk_no_coords,random,False,0,1.9486048017801582e-06,-29379.7381757025,6806682.07694802
181,1445,Eulamprus murrayi,MLP_multi_trunk_no_coords,random,False,0,1e-06,-29379.7381757025,6806682.07694802
181,1446,Ophioscincus truncatus,MLP_multi_trunk_no_coords,random,False,0,0.004179059938202551,-29379.7381757025,6806682.07694802
181,1447,Pseudechis porphyricaus,MLP_multi_trunk_no_coords,random,False,0,0.000292714593000934,-29379.7381757025,6806682.07694802
181,1448,Saltuarius swaini,MLP_multi_trunk_no_coords,random,False,0,0.01633145640096261,-29379.7381757025,6806682.07694802
185,1473,Cacophis kreftii,MLP_multi_trunk_no_coords,random,False,0,0.004152613975680003,-154680.904774922,6798732.86570032
185,1474,Calyptotis scutirostrum,MLP_multi_trunk_no_coords,random,False,0,0.10056739557671393,-154680.904774922,6798732.86570032
185,1475,Coeranoscincus reticulatus,MLP_multi_trunk_no_coords,random,False,1,0.7475457928257404,-154680.904774922,6798732.86570032
185,1476,Egernia mcpheei,MLP_multi_trunk_no_coords,random,False,0,0.000583814210091701,-154680.904774922,6798732.86570032
185,1477,Eulamprus murrayi,MLP_multi_trunk_no_coords,random,False,0,0.007524415481567327,-154680.904774922,6798732.86570032
185,1478,Ophioscincus truncatus,MLP_multi_trunk_no_coords,random,False,0,0.06491144297521424,-154680.904774922,6798732.86570032
185,1479,Pseudechis porphyricaus,MLP_multi_trunk_no_coords,random,False,0,0.016382760354267202,-154680.904774922,6798732.86570032
185,1480,Saltuarius swaini,MLP_multi_trunk_no_coords,random,False,0,0.0004160132688774127,-154680.904774922,6798732.86570032
194,1545,Cacophis kreftii,MLP_multi_trunk_no_coords,random,False,0,0.13106598793578472,-113057.133584369,6799439.25721174
194,1546,Calyptotis scutirostrum,MLP_multi_trunk_no_coords,random,False,0,0.15271610827640272,-113057.133584369,6799439.25721174
194,1547,Coeranoscincus reticulatus,MLP_multi_trunk_no_coords,random,False,1,0.7981213663777937,-113057.133584369,6799439.25721174
194,1548,Egernia mcpheei,MLP_multi_trunk_no_coords,random,False,0,0.15635272243251638,-113057.133584369,6799439.25721174
194,1549,Eulamprus murrayi,MLP_multi_trunk_no_coords,random,False,0,1e-06,-113057.133584369,6799439.25721174
194,1550,Ophioscincus truncatus,MLP_multi_trunk_no_coords,random,False,0,0.21354154355462762,-113057.133584369,6799439.25721174
194,1551,Pseudechis porphyricaus,MLP_multi_trunk_no_coords,random,False,0,1e-06,-113057.133584369,6799439.25721174
194,1552,Saltuarius swaini,MLP_multi_trunk_no_coords,random,False,0,2.4783747784938135e-06,-113057.133584369,6799439.25721174
195,1553,Cacophis kreftii,MLP_multi_trunk_no_coords,random,False,0,0.026775190016397613,-153177.628494992,6796999.50794559
195,1554,Calyptotis scutirostrum,MLP_multi_trunk_no_coords,random,False,0,0.04375306703402677,-153177.628494992,6796999.50794559
195,1555,Coeranoscincus reticulatus,MLP_multi_trunk_no_coords,random,False,1,0.5768362642559635,-153177.628494992,6796999.50794559
195,1556,Egernia mcpheei,MLP_multi_trunk_no_coords,random,False,0,0.0011121529163146675,-153177.628494992,6796999.50794559
195,1557,Eulamprus murrayi,MLP_multi_trunk_no_coords,random,False,0,0.04156479187706004,-153177.628494992,6796999.50794559
195,1558,Ophioscincus truncatus,MLP_multi_trunk_no_coords,random,False,0,0.20482179920762636,-153177.628494992,6796999.50794559
195,1559,Pseudechis porphyricaus,MLP_multi_trunk_no_coords,random,False,0,0.009828697414833701,-153177.628494992,6796999.50794559
195,1560,Saltuarius swaini,MLP_multi_trunk_no_coords,random,False,0,0.00036110945401511774,-153177.628494992,6796999.50794559
203,1617,Cacophis kreftii,MLP_multi_trunk_no_coords,random,False,0,2.4877322029068256e-05,-165638.858103626,6792540.33884748
203,1618,Calyptotis scutirostrum,MLP_multi_trunk_no_coords,random,False,0,0.017825514233803973,-165638.858103626,6792540.33884748
203,1619,Coeranoscincus reticulatus,MLP_multi_trunk_no_coords,random,False,1,0.8510004320968083,-165638.858103626,6792540.33884748
203,1620,Egernia mcpheei,MLP_multi_trunk_no_coords,random,False,0,1.3253143546169141e-05,-165638.858103626,6792540.33884748
203,1621,Eulamprus murrayi,MLP_multi_trunk_no_coords,random,False,0,0.0008471827230572152,-165638.858103626,6792540.33884748
203,1622,Ophioscincus truncatus,MLP_multi_trunk_no_coords,random,False,0,0.24618650785299714,-165638.858103626,6792540.33884748
203,1623,Pseudechis porphyricaus,MLP_multi_trunk_no_coords,random,False,0,0.047589575679856534,-165638.858103626,6792540.33884748
203,1624,Saltuarius swaini,MLP_multi_trunk_no_coords,random,False,0,0.0038862679562093063,-165638.858103626,6792540.33884748
205,1633,Cacophis kreftii,MLP_multi_trunk_no_coords,random,False,0,0.0011739591497137041,-111987.574051639,6794257.38010052
205,1634,Calyptotis scutirostrum,MLP_multi_trunk_no_coords,random,False,0,0.006839532819222086,-111987.574051639,6794257.38010052
205,1635,Coeranoscincus reticulatus,MLP_multi_trunk_no_coords,random,False,0,0.1689928015216805,-111987.574051639,6794257.38010052
205,1636,Egernia mcpheei,MLP_multi_trunk_no_coords,random,False,0,0.009773003230626591,-111987.574051639,6794257.38010052
205,1637,Eulamprus murrayi,MLP_multi_trunk_no_coords,random,False,0,0.002308914134035194,-111987.574051639,6794257.38010052
205,1638,Ophioscincus truncatus,MLP_multi_trunk_no_coords,random,False,0,0.006785298239475306,-111987.574051639,6794257.38010052
205,1639,Pseudechis porphyricaus,MLP_multi_trunk_no_coords,random,False,0,0.015722779928690964,-111987.574051639,6794257.38010052
205,1640,Saltuarius swaini,MLP_multi_trunk_no_coords,random,False,0,0.0037471728565599337,-111987.574051639,6794257.38010052
209,1665,Cacophis kreftii,MLP_multi_trunk_no_coords,random,False,0,0.00012184414035849537,-112530.721336831,6793024.84869485
209,1666,Calyptotis scutirostrum,MLP_multi_trunk_no_coords,random,False,0,0.0035413338777568544,-112530.721336831,6793024.84869485
209,1667,Coeranoscincus reticulatus,MLP_multi_trunk_no_coords,random,False,1,0.09345718393822337,-112530.721336831,6793024.84869485
209,1668,Egernia mcpheei,MLP_multi_trunk_no_coords,random,False,0,0.03825230451212839,-112530.721336831,6793024.84869485
209,1669,Eulamprus murrayi,MLP_multi_trunk_no_coords,random,False,0,0.0001018943834294282,-112530.721336831,6793024.84869485
209,1670,Ophioscincus truncatus,MLP_multi_trunk_no_coords,random,False,0,0.0005464464326007348,-112530.721336831,6793024.84869485
209,1671,Pseudechis porphyricaus,MLP_multi_trunk_no_coords,random,False,0,0.010447327920552852,-112530.721336831,6793024.84869485
209,1672,Saltuarius swaini,MLP_multi_trunk_no_coords,random,False,0,0.012943995535295289,-112530.721336831,6793024.84869485
214,1705,Cacophis kreftii,MLP_multi_trunk_no_coords,random,False,0,6.058640793969519e-05,-110822.113763642,6787074.42336939
214,1706,Calyptotis scutirostrum,MLP_multi_trunk_no_coords,random,False,0,0.0028013559336187107,-110822.113763642,6787074.42336939
214,1707,Coeranoscincus reticulatus,MLP_multi_trunk_no_coords,random,False,0,0.05032812964452725,-110822.113763642,6787074.42336939
214,1708,Egernia mcpheei,MLP_multi_trunk_no_coords,random,False,0,0.025674456320092753,-110822.113763642,6787074.42336939
214,1709,Eulamprus murrayi,MLP_multi_trunk_no_coords,random,False,0,0.0001238807040692351,-110822.113763642,6787074.42336939
214,1710,Ophioscincus truncatus,MLP_multi_trunk_no_coords,random,False,0,0.005705078394199887,-110822.113763642,6787074.42336939
214,1711,Pseudechis porphyricaus,MLP_multi_trunk_no_coords,random,False,0,0.009125498190447579,-110822.113763642,6787074.42336939
214,1712,Saltuarius swaini,MLP_multi_trunk_no_coords,random,False,0,0.04854627001786645,-110822.113763642,6787074.42336939
226,1801,Cacophis kreftii,MLP_multi_trunk_no_coords,random,False,0,0.0026578653734494907,-156768.616233883,6780508.50732801
226,1802,Calyptotis scutirostrum,MLP_multi_trunk_no_coords,random,False,0,0.11636577138717262,-156768.616233883,6780508.50732801
226,1803,Coeranoscincus reticulatus,MLP_multi_trunk_no_coords,random,False,1,0.37772112173503114,-156768.616233883,6780508.50732801
226,1804,Egernia mcpheei,MLP_multi_trunk_no_coords,random,False,0,0.0013431473569274481,-156768.616233883,6780508.50732801
226,1805,Eulamprus murrayi,MLP_multi_trunk_no_coords,random,False,0,0.004042389098181329,-156768.616233883,6780508.50732801
226,1806,Ophioscincus truncatus,MLP_multi_trunk_no_coords,random,False,0,0.10506994757929458,-156768.616233883,6780508.50732801
226,1807,Pseudechis porphyricaus,MLP_multi_trunk_no_coords,random,False,0,0.010822986157466925,-156768.616233883,6780508.50732801
226,1808,Saltuarius swaini,MLP_multi_trunk_no_coords,random,False,0,0.003526578768103364,-156768.616233883,6780508.50732801
231,1841,Cacophis kreftii,MLP_multi_trunk_no_coords,random,False,0,0.0002279711688655592,-107923.462038802,6781588.26422547
231,1842,Calyptotis scutirostrum,MLP_multi_trunk_no_coords,random,False,0,0.0004741151472792321,-107923.462038802,6781588.26422547
231,1843,Coeranoscincus reticulatus,MLP_multi_trunk_no_coords,random,False,1,0.007617966895515226,-107923.462038802,6781588.26422547
231,1844,Egernia mcpheei,MLP_multi_trunk_no_coords,random,False,0,0.0020440565894743615,-107923.462038802,6781588.26422547
231,1845,Eulamprus murrayi,MLP_multi_trunk_no_coords,random,False,0,0.000994579687028982,-107923.462038802,6781588.26422547
231,1846,Ophioscincus truncatus,MLP_multi_trunk_no_coords,random,False,0,0.003078672287686246,-107923.462038802,6781588.26422547
231,1847,Pseudechis porphyricaus,MLP_multi_trunk_no_coords,random,False,0,0.01118939179771608,-107923.462038802,6781588.26422547
231,1848,Saltuarius swaini,MLP_multi_trunk_no_coords,random,False,0,0.0022818618765230877,-107923.462038802,6781588.26422547
232,1849,Cacophis kreftii,MLP_multi_trunk_no_coords,random,False,0,0.009113599750732266,-154268.894705046,6778832.59399199
232,1850,Calyptotis scutirostrum,MLP_multi_trunk_no_coords,random,False,0,0.09715717043323777,-154268.894705046,6778832.59399199
232,1851,Coeranoscincus reticulatus,MLP_multi_trunk_no_coords,random,False,0,0.2089221134550263,-154268.894705046,6778832.59399199
232,1852,Egernia mcpheei,MLP_multi_trunk_no_coords,random,False,0,0.001630330297383004,-154268.894705046,6778832.59399199
232,1853,Eulamprus murrayi,MLP_multi_trunk_no_coords,random,False,0,0.005320071544050302,-154268.894705046,6778832.59399199
232,1854,Ophioscincus truncatus,MLP_multi_trunk_no_coords,random,False,0,0.32795396933154347,-154268.894705046,6778832.59399199
232,1855,Pseudechis porphyricaus,MLP_multi_trunk_no_coords,random,False,0,0.01665875408053556,-154268.894705046,6778832.59399199
232,1856,Saltuarius swaini,MLP_multi_trunk_no_coords,random,False,0,0.009441159634905104,-154268.894705046,6778832.59399199
236,1881,Cacophis kreftii,MLP_multi_trunk_no_coords,random,False,0,3.596309627317895e-05,-157007.529503806,6769427.67794309
236,1882,Calyptotis scutirostrum,MLP_multi_trunk_no_coords,random,False,0,0.0006466785752161063,-157007.529503806,6769427.67794309
236,1883,Coeranoscincus reticulatus,MLP_multi_trunk_no_coords,random,False,1,0.41001446451822804,-157007.529503806,6769427.67794309
236,1884,Egernia mcpheei,MLP_multi_trunk_no_coords,random,False,0,1e-06,-157007.529503806,6769427.67794309
236,1885,Eulamprus murrayi,MLP_multi_trunk_no_coords,random,False,0,0.0004865316187630289,-157007.529503806,6769427.67794309
236,1886,Ophioscincus truncatus,MLP_multi_trunk_no_coords,random,False,0,0.26178839507018353,-157007.529503806,6769427.67794309
236,1887,Pseudechis porphyricaus,MLP_multi_trunk_no_coords,random,False,0,0.05613768075305584,-157007.529503806,6769427.67794309
236,1888,Saltuarius swaini,MLP_multi_trunk_no_coords,random,False,0,0.007108137321665459,-157007.529503806,6769427.67794309
237,1889,Cacophis kreftii,MLP_multi_trunk_no_coords,random,False,0,0.00013381302870695252,-157601.945479142,6769192.74860327
237,1890,Calyptotis scutirostrum,MLP_multi_trunk_no_coords,random,False,0,0.0006982068213545215,-157601.945479142,6769192.74860327
237,1891,Coeranoscincus reticulatus,MLP_multi_trunk_no_coords,random,False,1,0.16938086602354419,-157601.945479142,6769192.74860327
237,1892,Egernia mcpheei,MLP_multi_trunk_no_coords,random,False,0,1e-06,-157601.945479142,6769192.74860327
237,1893,Eulamprus murrayi,MLP_multi_trunk_no_coords,random,False,0,0.003682064856707419,-157601.945479142,6769192.74860327
237,1894,Ophioscincus truncatus,MLP_multi_trunk_no_coords,random,False,0,0.6014249559804927,-157601.945479142,6769192.74860327
237,1895,Pseudechis porphyricaus,MLP_multi_trunk_no_coords,random,False,0,0.09375382762196413,-157601.945479142,6769192.74860327
237,1896,Saltuarius swaini,MLP_multi_trunk_no_coords,random,False,0,0.0033423499818834375,-157601.945479142,6769192.74860327
238,1897,Cacophis kreftii,MLP_multi_trunk_no_coords,random,False,0,8.954601479185691e-05,-42631.6013249115,6774856.7836682
238,1898,Calyptotis scutirostrum,MLP_multi_trunk_no_coords,random,False,0,0.003550346626460659,-42631.6013249115,6774856.7836682
238,1899,Coeranoscincus reticulatus,MLP_multi_trunk_no_coords,random,False,0,3.4346254924165084e-06,-42631.6013249115,6774856.7836682
238,1900,Egernia mcpheei,MLP_multi_trunk_no_coords,random,False,0,0.00019714203928838275,-42631.6013249115,6774856.7836682
238,1901,Eulamprus murrayi,MLP_multi_trunk_no_coords,random,False,0,5.710551630181884e-06,-42631.6013249115,6774856.7836682
238,1902,Ophioscincus truncatus,MLP_multi_trunk_no_coords,random,False,0,0.00020548980683888582,-42631.6013249115,6774856.7836682
238,1903,Pseudechis porphyricaus,MLP_multi_trunk_no_coords,random,False,0,0.0003084936800799928,-42631.6013249115,6774856.7836682
238,1904,Saltuarius swaini,MLP_multi_trunk_no_coords,random,False,0,0.0438024162630957,-42631.6013249115,6774856.7836682
253,2017,Cacophis kreftii,MLP_multi_trunk_no_coords,random,False,0,4.111913307622478e-05,-153010.118576574,6758154.60282466
253,2018,Calyptotis scutirostrum,MLP_multi_trunk_no_coords,random,False,0,6.789229413449988e-05,-153010.118576574,6758154.60282466
253,2019,Coeranoscincus reticulatus,MLP_multi_trunk_no_coords,random,False,0,0.3984960147555221,-153010.118576574,6758154.60282466
253,2020,Egernia mcpheei,MLP_multi_trunk_no_coords,random,False,0,1e-06,-153010.118576574,6758154.60282466
253,2021,Eulamprus murrayi,MLP_multi_trunk_no_coords,random,False,0,0.005277285791378573,-153010.118576574,6758154.60282466
253,2022,Ophioscincus truncatus,MLP_multi_trunk_no_coords,random,False,0,0.33130978265609246,-153010.118576574,6758154.60282466
253,2023,Pseudechis porphyricaus,MLP_multi_trunk_no_coords,random,False,0,0.23856546102541798,-153010.118576574,6758154.60282466
253,2024,Saltuarius swaini,MLP_multi_trunk_no_coords,random,False,0,0.006554169890571696,-153010.118576574,6758154.60282466
260,2073,Cacophis kreftii,MLP_multi_trunk_no_coords,random,False,0,0.008452261423963239,-139702.22082351,6757637.17957907
260,2074,Calyptotis scutirostrum,MLP_multi_trunk_no_coords,random,False,0,0.07696998070029681,-139702.22082351,6757637.17957907
260,2075,Coeranoscincus reticulatus,MLP_multi_trunk_no_coords,random,False,0,0.3833856379032473,-139702.22082351,6757637.17957907
260,2076,Egernia mcpheei,MLP_multi_trunk_no_coords,random,False,0,0.007827911499549008,-139702.22082351,6757637.17957907
260,2077,Eulamprus murrayi,MLP_multi_trunk_no_coords,random,False,0,0.002995595055339886,-139702.22082351,6757637.17957907
260,2078,Ophioscincus truncatus,MLP_multi_trunk_no_coords,random,False,0,0.17968136386884614,-139702.22082351,6757637.17957907
260,2079,Pseudechis porphyricaus,MLP_multi_trunk_no_coords,random,False,0,0.021853591748326972,-139702.22082351,6757637.17957907
260,2080,Saltuarius swaini,MLP_multi_trunk_no_coords,random,False,0,0.0647035125011929,-139702.22082351,6757637.17957907
261,2081,Cacophis kreftii,MLP_multi_trunk_no_coords,random,False,0,0.0001798717567055611,-149531.814001847,6756925.32438673
261,2082,Calyptotis scutirostrum,MLP_multi_trunk_no_coords,random,False,0,0.0039033618452783006,-149531.814001847,6756925.32438673
261,2083,Coeranoscincus reticulatus,MLP_multi_trunk_no_coords,random,False,0,0.8064482715170461,-149531.814001847,6756925.32438673
261,2084,Egernia mcpheei,MLP_multi_trunk_no_coords,random,False,0,6.7562461875148314e-06,-149531.814001847,6756925.32438673
261,2085,Eulamprus murrayi,MLP_multi_trunk_no_coords,random,False,0,0.014782590722955423,-149531.814001847,6756925.32438673
261,2086,Ophioscincus truncatus,MLP_multi_trunk_no_coords,random,False,0,0.00773152973593138,-149531.814001847,6756925.32438673
261,2087,Pseudechis porphyricaus,MLP_multi_trunk_no_coords,random,False,0,0.2887715090744939,-149531.814001847,6756925.32438673
261,2088,Saltuarius swaini,MLP_multi_trunk_no_coords,random,False,0,0.0006475443986417954,-149531.814001847,6756925.32438673
279,2225,Cacophis kreftii,MLP_multi_trunk_no_coords,random,False,0,0.00028904901913244215,-165065.597196224,6745863.85427266
279,2226,Calyptotis scutirostrum,MLP_multi_trunk_no_coords,random,False,0,0.009399728413082656,-165065.597196224,6745863.85427266
279,2227,Coeranoscincus reticulatus,MLP_multi_trunk_no_coords,random,False,0,0.38217539988244453,-165065.597196224,6745863.85427266
279,2228,Egernia mcpheei,MLP_multi_trunk_no_coords,random,False,0,6.0204463458174177e-05,-165065.597196224,6745863.85427266
279,2229,Eulamprus murrayi,MLP_multi_trunk_no_coords,random,False,0,9.358352369687971e-05,-165065.597196224,6745863.85427266
279,2230,Ophioscincus truncatus,MLP_multi_trunk_no_coords,random,False,0,0.1314773158435413,-165065.597196224,6745863.85427266
279,2231,Pseudechis porphyricaus,MLP_multi_trunk_no_coords,random,False,0,0.0035133984298506985,-165065.597196224,6745863.85427266
279,2232,Saltuarius swaini,MLP_multi_trunk_no_coords,random,False,0,0.011030974878730665,-165065.597196224,6745863.85427266
282,2249,Cacophis kreftii,MLP_multi_trunk_no_coords,random,False,0,1.945076427838998e-05,-48676.0066271106,6751433.87966314
282,2250,Calyptotis scutirostrum,MLP_multi_trunk_no_coords,random,False,0,0.00016289125018307675,-48676.0066271106,6751433.87966314
282,2251,Coeranoscincus reticulatus,MLP_multi_trunk_no_coords,random,False,0,1e-06,-48676.0066271106,6751433.87966314
282,2252,Egernia mcpheei,MLP_multi_trunk_no_coords,random,False,0,5.1884456381758855e-06,-48676.0066271106,6751433.87966314
282,2253,Eulamprus murrayi,MLP_multi_trunk_no_coords,random,False,0,1.1690922484746675e-06,-48676.0066271106,6751433.87966314
282,2254,Ophioscincus truncatus,MLP_multi_trunk_no_coords,random,False,0,0.0004694977212550982,-48676.0066271106,6751433.87966314
282,2255,Pseudechis porphyricaus,MLP_multi_trunk_no_coords,random,False,0,0.00022817777765577707,-48676.0066271106,6751433.87966314
282,2256,Saltuarius swaini,MLP_multi_trunk_no_coords,random,False,0,0.021178856307629244,-48676.0066271106,6751433.87966314
283,2257,Cacophis kreftii,MLP_multi_trunk_no_coords,random,False,0,0.0014819503290748551,-144358.241751465,6746321.2757456
283,2258,Calyptotis scutirostrum,MLP_multi_trunk_no_coords,random,False,0,0.0001951799427384893,-144358.241751465,6746321.2757456
283,2259,Coeranoscincus reticulatus,MLP_multi_trunk_no_coords,random,False,0,0.04284517043072358,-144358.241751465,6746321.2757456
283,2260,Egernia mcpheei,MLP_multi_trunk_no_coords,random,False,0,6.679606012708033e-05,-144358.241751465,6746321.2757456
283,2261,Eulamprus murrayi,MLP_multi_trunk_no_coords,random,False,0,0.00011680124000561497,-144358.241751465,6746321.2757456
283,2262,Ophioscincus truncatus,MLP_multi_trunk_no_coords,random,False,0,0.22129456953553386,-144358.241751465,6746321.2757456
283,2263,Pseudechis porphyricaus,MLP_multi_trunk_no_coords,random,False,0,0.0018673865106423118,-144358.241751465,6746321.2757456
283,2264,Saltuarius swaini,MLP_multi_trunk_no_coords,random,False,0,0.07888944418349679,-144358.241751465,6746321.2757456
285,2273,Cacophis kreftii,MLP_multi_trunk_no_coords,random,False,0,1.899885539584669e-05,-48666.355678597,6751233.93894705
285,2274,Calyptotis scutirostrum,MLP_multi_trunk_no_coords,random,False,0,0.00015957013764677217,-48666.355678597,6751233.93894705
285,2275,Coeranoscincus reticulatus,MLP_multi_trunk_no_coords,random,False,0,1e-06,-48666.355678597,6751233.93894705
285,2276,Egernia mcpheei,MLP_multi_trunk_no_coords,random,False,0,5.097761800969586e-06,-48666.355678597,6751233.93894705
285,2277,Eulamprus murrayi,MLP_multi_trunk_no_coords,random,False,0,1e-06,-48666.355678597,6751233.93894705
285,2278,Ophioscincus truncatus,MLP_multi_trunk_no_coords,random,False,0,0.0003953357645965977,-48666.355678597,6751233.93894705
285,2279,Pseudechis porphyricaus,MLP_multi_trunk_no_coords,random,False,0,0.00017683312612459516,-48666.355678597,6751233.93894705
285,2280,Saltuarius swaini,MLP_multi_trunk_no_coords,random,False,0,0.022654033090289186,-48666.355678597,6751233.93894705
290,2313,Cacophis kreftii,MLP_multi_trunk_no_coords,random,False,0,4.770517175043606e-05,-54841.9600197467,6750321.73267861
290,2314,Calyptotis scutirostrum,MLP_multi_trunk_no_coords,random,False,0,0.0002782830903648538,-54841.9600197467,6750321.73267861
290,2315,Coeranoscincus reticulatus,MLP_multi_trunk_no_coords,random,False,0,1.025201678634362e-06,-54841.9600197467,6750321.73267861
290,2316,Egernia mcpheei,MLP_multi_trunk_no_coords,random,False,0,2.2944387471546512e-05,-54841.9600197467,6750321.73267861
290,2317,Eulamprus murrayi,MLP_multi_trunk_no_coords,random,False,0,3.313858965859759e-06,-54841.9600197467,6750321.73267861
290,2318,Ophioscincus truncatus,MLP_multi_trunk_no_coords,random,False,0,0.00015472668158668398,-54841.9600197467,6750321.73267861
290,2319,Pseudechis porphyricaus,MLP_multi_trunk_no_coords,random,False,0,0.0003244009106249964,-54841.9600197467,6750321.73267861
290,2320,Saltuarius swaini,MLP_multi_trunk_no_coords,random,False,0,0.036049826130701935,-54841.9600197467,6750321.73267861
303,2417,Cacophis kreftii,MLP_multi_trunk_no_coords,random,False,0,8.925970762282132e-05,-86896.2863933826,6740221.21400845
303,2418,Calyptotis scutirostrum,MLP_multi_trunk_no_coords,random,False,0,0.0007128927230649459,-86896.2863933826,6740221.21400845
303,2419,Coeranoscincus reticulatus,MLP_multi_trunk_no_coords,random,False,0,0.004495948874799676,-86896.2863933826,6740221.21400845
303,2420,Egernia mcpheei,MLP_multi_trunk_no_coords,random,False,0,0.0137012594416115,-86896.2863933826,6740221.21400845
303,2421,Eulamprus murrayi,MLP_multi_trunk_no_coords,random,False,0,0.00011202970316904183,-86896.2863933826,6740221.21400845
303,2422,Ophioscincus truncatus,MLP_multi_trunk_no_coords,random,False,0,0.0009565348052623389,-86896.2863933826,6740221.21400845
303,2423,Pseudechis porphyricaus,MLP_multi_trunk_no_coords,random,False,0,0.006178328694416708,-86896.2863933826,6740221.21400845
303,2424,Saltuarius swaini,MLP_multi_trunk_no_coords,random,False,0,0.015376405611173824,-86896.2863933826,6740221.21400845
307,2449,Cacophis kreftii,MLP_multi_trunk_no_coords,random,False,0,6.826663676612064e-05,-75230.2145233742,6740017.73560779
307,2450,Calyptotis scutirostrum,MLP_multi_trunk_no_coords,random,False,0,0.0021874076249837923,-75230.2145233742,6740017.73560779
307,2451,Coeranoscincus reticulatus,MLP_multi_trunk_no_coords,random,False,0,0.06115650495964509,-75230.2145233742,6740017.73560779
307,2452,Egernia mcpheei,MLP_multi_trunk_no_coords,random,False,0,0.00666283757312175,-75230.2145233742,6740017.73560779
307,2453,Eulamprus murrayi,MLP_multi_trunk_no_coords,random,False,0,0.0005145692111658482,-75230.2145233742,6740017.73560779
307,2454,Ophioscincus truncatus,MLP_multi_trunk_no_coords,random,False,0,0.0003619417178624268,-75230.2145233742,6740017.73560779
307,2455,Pseudechis porphyricaus,MLP_multi_trunk_no_coords,random,False,0,0.031160637921242,-75230.2145233742,6740017.73560779
307,2456,Saltuarius swaini,MLP_multi_trunk_no_coords,random,False,0,0.04156669417360271,-75230.2145233742,6740017.73560779
308,2457,Cacophis kreftii,MLP_multi_trunk_no_coords,random,False,0,0.00011085925064019008,-164907.141677267,6734992.82147675
308,2458,Calyptotis scutirostrum,MLP_multi_trunk_no_coords,random,False,0,1.1751515795216642e-05,-164907.141677267,6734992.82147675
308,2459,Coeranoscincus reticulatus,MLP_multi_trunk_no_coords,random,False,0,0.10554199337388777,-164907.141677267,6734992.82147675
308,2460,Egernia mcpheei,MLP_multi_trunk_no_coords,random,False,0,5.024404792943533e-06,-164907.141677267,6734992.82147675
308,2461,Eulamprus murrayi,MLP_multi_trunk_no_coords,random,False,0,0.00024855191693997047,-164907.141677267,6734992.82147675
308,2462,Ophioscincus truncatus,MLP_multi_trunk_no_coords,random,False,0,0.06804627323856371,-164907.141677267,6734992.82147675
308,2463,Pseudechis porphyricaus,MLP_multi_trunk_no_coords,random,False,0,0.041117619308370955,-164907.141677267,6734992.82147675
308,2464,Saltuarius swaini,MLP_multi_trunk_no_coords,random,False,0,0.037161028454931674,-164907.141677267,6734992.82147675
322,2569,Cacophis kreftii,MLP_multi_trunk_no_coords,random,False,0,5.714410640798618e-05,-148858.437557277,6712675.66874389
322,2570,Calyptotis scutirostrum,MLP_multi_trunk_no_coords,random,False,0,2.265727187459102e-05,-148858.437557277,6712675.66874389
322,2571,Coeranoscincus reticulatus,MLP_multi_trunk_no_coords,random,False,0,0.001001257318700156,-148858.437557277,6712675.66874389
322,2572,Egernia mcpheei,MLP_multi_trunk_no_coords,random,False,0,1e-06,-148858.437557277,6712675.66874389
322,2573,Eulamprus murrayi,MLP_multi_trunk_no_coords,random,False,0,4.723362820780593e-05,-148858.437557277,6712675.66874389
322,2574,Ophioscincus truncatus,MLP_multi_trunk_no_coords,random,False,0,0.09546041191759423,-148858.437557277,6712675.66874389
322,2575,Pseudechis porphyricaus,MLP_multi_trunk_no_coords,random,False,0,0.020349985316134116,-148858.437557277,6712675.66874389
322,2576,Saltuarius swaini,MLP_multi_trunk_no_coords,random,False,0,0.012205129899732452,-148858.437557277,6712675.66874389
328,2617,Cacophis kreftii,MLP_multi_trunk_no_coords,random,False,0,4.0195033615366476e-05,-160137.175183615,6708870.73185706
328,2618,Calyptotis scutirostrum,MLP_multi_trunk_no_coords,random,False,0,7.268195981854196e-05,-160137.175183615,6708870.73185706
328,2619,Coeranoscincus reticulatus,MLP_multi_trunk_no_coords,random,False,0,0.13723189274846267,-160137.175183615,6708870.73185706
328,2620,Egernia mcpheei,MLP_multi_trunk_no_coords,random,False,0,1e-06,-160137.175183615,6708870.73185706
328,2621,Eulamprus murrayi,MLP_multi_trunk_no_coords,random,False,0,0.00024241836050484974,-160137.175183615,6708870.73185706
328,2622,Ophioscincus truncatus,MLP_multi_trunk_no_coords,random,False,0,0.2429046644464344,-160137.175183615,6708870.73185706
328,2623,Pseudechis porphyricaus,MLP_multi_trunk_no_coords,random,False,0,0.05256584480075091,-160137.175183615,6708870.73185706
328,2624,Saltuarius swaini,MLP_multi_trunk_no_coords,random,False,0,0.01255291390962624,-160137.175183615,6708870.73185706
329,2625,Cacophis kreftii,MLP_multi_trunk_no_coords,random,False,0,1.3710122759800078e-05,-161729.965162506,6708587.05668997
329,2626,Calyptotis scutirostrum,MLP_multi_trunk_no_coords,random,False,0,0.001505241123361271,-161729.965162506,6708587.05668997
329,2627,Coeranoscincus reticulatus,MLP_multi_trunk_no_coords,random,False,0,0.6045365344154426,-161729.965162506,6708587.05668997
329,2628,Egernia mcpheei,MLP_multi_trunk_no_coords,random,False,0,3.247070744828178e-06,-161729.965162506,6708587.05668997
329,2629,Eulamprus murrayi,MLP_multi_trunk_no_coords,random,False,0,0.0002062502388778114,-161729.965162506,6708587.05668997
329,2630,Ophioscincus truncatus,MLP_multi_trunk_no_coords,random,False,0,0.20586538375172755,-161729.965162506,6708587.05668997
329,2631,Pseudechis porphyricaus,MLP_multi_trunk_no_coords,random,False,0,0.03214969832016558,-161729.965162506,6708587.05668997
329,2632,Saltuarius swaini,MLP_multi_trunk_no_coords,random,False,0,0.008834843808991357,-161729.965162506,6708587.05668997
339,2705,Cacophis kreftii,MLP_multi_trunk_no_coords,random,False,0,1.3219405767591609e-05,-50204.0063193176,6710952.93925814
339,2706,Calyptotis scutirostrum,MLP_multi_trunk_no_coords,random,False,0,3.8162068809754876e-05,-50204.0063193176,6710952.93925814
339,2707,Coeranoscincus reticulatus,MLP_multi_trunk_no_coords,random,False,0,1.1560194143012402e-06,-50204.0063193176,6710952.93925814
339,2708,Egernia mcpheei,MLP_multi_trunk_no_coords,random,False,0,7.306816070637567e-06,-50204.0063193176,6710952.93925814
339,2709,Eulamprus murrayi,MLP_multi_trunk_no_coords,random,False,0,1.1430209269804033e-05,-50204.0063193176,6710952.93925814
339,2710,Ophioscincus truncatus,MLP_multi_trunk_no_coords,random,False,0,0.007109206562484266,-50204.0063193176,6710952.93925814
339,2711,Pseudechis porphyricaus,MLP_multi_trunk_no_coords,random,False,0,0.002221501529064634,-50204.0063193176,6710952.93925814
339,2712,Saltuarius swaini,MLP_multi_trunk_no_coords,random,False,0,0.02196184516786715,-50204.0063193176,6710952.93925814
352,2809,Cacophis kreftii,MLP_multi_trunk_no_coords,random,False,0,3.325614121641661e-05,-161130.645593128,6697139.33525593
352,2810,Calyptotis scutirostrum,MLP_multi_trunk_no_coords,random,False,0,5.595620085283312e-05,-161130.645593128,6697139.33525593
352,2811,Coeranoscincus reticulatus,MLP_multi_trunk_no_coords,random,False,0,0.032300193506506134,-161130.645593128,6697139.33525593
352,2812,Egernia mcpheei,MLP_multi_trunk_no_coords,random,False,0,4.07061748270082e-06,-161130.645593128,6697139.33525593
352,2813,Eulamprus murrayi,MLP_multi_trunk_no_coords,random,False,0,1.0517059388198753e-05,-161130.645593128,6697139.33525593
352,2814,Ophioscincus truncatus,MLP_multi_trunk_no_coords,random,False,0,0.29185948811489226,-161130.645593128,6697139.33525593
352,2815,Pseudechis porphyricaus,MLP_multi_trunk_no_coords,random,False,0,0.0012991143487586082,-161130.645593128,6697139.33525593
352,2816,Saltuarius swaini,MLP_multi_trunk_no_coords,random,False,0,0.04792251494801428,-161130.645593128,6697139.33525593
354,2825,Cacophis kreftii,MLP_multi_trunk_no_coords,random,False,0,0.00021956859169624033,-54397.1023715114,6702694.88150925
354,2826,Calyptotis scutirostrum,MLP_multi_trunk_no_coords,random,False,0,0.0019844220885151032,-54397.1023715114,6702694.88150925
354,2827,Coeranoscincus reticulatus,MLP_multi_trunk_no_coords,random,False,0,0.0004187362677113021,-54397.1023715114,6702694.88150925
354,2828,Egernia mcpheei,MLP_multi_trunk_no_coords,random,False,0,0.00603194610503923,-54397.1023715114,6702694.88150925
354,2829,Eulamprus murrayi,MLP_multi_trunk_no_coords,random,False,0,0.0001279323057393383,-54397.1023715114,6702694.88150925
354,2830,Ophioscincus truncatus,MLP_multi_trunk_no_coords,random,False,0,0.015222555831307275,-54397.1023715114,6702694.88150925
354,2831,Pseudechis porphyricaus,MLP_multi_trunk_no_coords,random,False,1,0.0026237120234127768,-54397.1023715114,6702694.88150925
354,2832,Saltuarius swaini,MLP_multi_trunk_no_coords,random,False,0,0.03661430579693201,-54397.1023715114,6702694.88150925
369,2945,Cacophis kreftii,MLP_multi_trunk_no_coords,random,False,0,0.000529820486537088,-115761.593020762,6695476.19653521
369,2946,Calyptotis scutirostrum,MLP_multi_trunk_no_coords,random,False,0,0.0007919221774081541,-115761.593020762,6695476.19653521
369,2947,Coeranoscincus reticulatus,MLP_multi_trunk_no_coords,random,False,0,0.06414647638529779,-115761.593020762,6695476.19653521
369,2948,Egernia mcpheei,MLP_multi_trunk_no_coords,random,False,0,0.00024332481523135912,-115761.593020762,6695476.19653521
369,2949,Eulamprus murrayi,MLP_multi_trunk_no_coords,random,False,0,0.00019179899844801526,-115761.593020762,6695476.19653521
369,2950,Ophioscincus truncatus,MLP_multi_trunk_no_coords,random,False,0,0.000694684829448685,-115761.593020762,6695476.19653521
369,2951,Pseudechis porphyricaus,MLP_multi_trunk_no_coords,random,False,0,0.0005975508463443322,-115761.593020762,6695476.19653521
369,2952,Saltuarius swaini,MLP_multi_trunk_no_coords,random,False,0,0.00011350928947482361,-115761.593020762,6695476.19653521
372,2969,Cacophis kreftii,MLP_multi_trunk_no_coords,random,False,0,0.0001287963382835225,-51958.1449948344,6698406.00349235
372,2970,Calyptotis scutirostrum,MLP_multi_trunk_no_coords,random,False,0,0.000944512808657634,-51958.1449948344,6698406.00349235
372,2971,Coeranoscincus reticulatus,MLP_multi_trunk_no_coords,random,False,0,2.4044560933521322e-06,-51958.1449948344,6698406.00349235
372,2972,Egernia mcpheei,MLP_multi_trunk_no_coords,random,False,0,5.03714116311833e-05,-51958.1449948344,6698406.00349235
372,2973,Eulamprus murrayi,MLP_multi_trunk_no_coords,random,False,0,4.799099988004288e-06,-51958.1449948344,6698406.00349235
372,2974,Ophioscincus truncatus,MLP_multi_trunk_no_coords,random,False,0,0.00023332790826475388,-51958.1449948344,6698406.00349235
372,2975,Pseudechis porphyricaus,MLP_multi_trunk_no_coords,random,False,0,0.0003178578284897497,-51958.1449948344,6698406.00349235
372,2976,Saltuarius swaini,MLP_multi_trunk_no_coords,random,False,0,0.04956239735290619,-51958.1449948344,6698406.00349235
379,3025,Cacophis kreftii,MLP_multi_trunk_no_coords,random,False,0,1.612554378228192e-05,-170997.113124586,6685555.44783591
379,3026,Calyptotis scutirostrum,MLP_multi_trunk_no_coords,random,False,0,0.0002556576635877526,-170997.113124586,6685555.44783591
379,3027,Coeranoscincus reticulatus,MLP_multi_trunk_no_coords,random,False,0,0.02476221625509963,-170997.113124586,6685555.44783591
379,3028,Egernia mcpheei,MLP_multi_trunk_no_coords,random,False,0,1e-06,-170997.113124586,6685555.44783591
379,3029,Eulamprus murrayi,MLP_multi_trunk_no_coords,random,False,0,2.060594744624034e-05,-170997.113124586,6685555.44783591
379,3030,Ophioscincus truncatus,MLP_multi_trunk_no_coords,random,False,0,0.3614243017624206,-170997.113124586,6685555.44783591
379,3031,Pseudechis porphyricaus,MLP_multi_trunk_no_coords,random,False,0,0.00031809947778953186,-170997.113124586,6685555.44783591
379,3032,Saltuarius swaini,MLP_multi_trunk_no_coords,random,False,0,0.0013348522674835877,-170997.113124586,6685555.44783591
380,3033,Cacophis kreftii,MLP_multi_trunk_no_coords,random,False,0,1.710985713427285e-05,-171751.567168655,6684505.22516541
380,3034,Calyptotis scutirostrum,MLP_multi_trunk_no_coords,random,False,0,0.0002661297086662306,-171751.567168655,6684505.22516541
380,3035,Coeranoscincus reticulatus,MLP_multi_trunk_no_coords,random,False,0,0.050827154522414084,-171751.567168655,6684505.22516541
380,3036,Egernia mcpheei,MLP_multi_trunk_no_coords,random,False,0,1e-06,-171751.567168655,6684505.22516541
380,3037,Eulamprus murrayi,MLP_multi_trunk_no_coords,random,False,0,1.4265898278685727e-05,-171751.567168655,6684505.22516541
380,3038,Ophioscincus truncatus,MLP_multi_trunk_no_coords,random,False,0,0.24264122067167054,-171751.567168655,6684505.22516541
380,3039,Pseudechis porphyricaus,MLP_multi_trunk_no_coords,random,False,0,0.0003333889917880499,-171751.567168655,6684505.22516541
380,3040,Saltuarius swaini,MLP_multi_trunk_no_coords,random,False,0,0.001032877315106173,-171751.567168655,6684505.22516541
381,3041,Cacophis kreftii,MLP_multi_trunk_no_coords,random,False,0,8.841177023807045e-06,-170101.851938007,6683790.0457837
381,3042,Calyptotis scutirostrum,MLP_multi_trunk_no_coords,random,False,0,0.00022682754595542703,-170101.851938007,6683790.0457837
381,3043,Coeranoscincus reticulatus,MLP_multi_trunk_no_coords,random,False,0,0.04798623593864224,-170101.851938007,6683790.0457837
381,3044,Egernia mcpheei,MLP_multi_trunk_no_coords,random,False,0,1e-06,-170101.851938007,6683790.0457837
381,3045,Eulamprus murrayi,MLP_multi_trunk_no_coords,random,False,0,9.211733355785475e-06,-170101.851938007,6683790.0457837
381,3046,Ophioscincus truncatus,MLP_multi_trunk_no_coords,random,False,1,0.24731128999548543,-170101.851938007,6683790.0457837
381,3047,Pseudechis porphyricaus,MLP_multi_trunk_no_coords,random,False,0,0.0005509135901672113,-170101.851938007,6683790.0457837
381,3048,Saltuarius swaini,MLP_multi_trunk_no_coords,random,False,0,0.0026415286491976962,-170101.851938007,6683790.0457837
384,3065,Cacophis kreftii,MLP_multi_trunk_no_coords,random,False,0,0.0002648577849544796,-153569.490242912,6679419.46406309
384,3066,Calyptotis scutirostrum,MLP_multi_trunk_no_coords,random,False,0,9.535340332648466e-05,-153569.490242912,6679419.46406309
384,3067,Coeranoscincus reticulatus,MLP_multi_trunk_no_coords,random,False,0,0.1357917918553191,-153569.490242912,6679419.46406309
384,3068,Egernia mcpheei,MLP_multi_trunk_no_coords,random,False,0,2.0183046990948114e-06,-153569.490242912,6679419.46406309
384,3069,Eulamprus murrayi,MLP_multi_trunk_no_coords,random,False,0,0.001752148546785082,-153569.490242912,6679419.46406309
384,3070,Ophioscincus truncatus,MLP_multi_trunk_no_coords,random,False,0,0.0824439217002156,-153569.490242912,6679419.46406309
384,3071,Pseudechis porphyricaus,MLP_multi_trunk_no_coords,random,False,0,0.030092586651081804,-153569.490242912,6679419.46406309
384,3072,Saltuarius swaini,MLP_multi_trunk_no_coords,random,False,0,0.009684945480823251,-153569.490242912,6679419.46406309
394,3145,Cacophis kreftii,MLP_multi_trunk_no_coords,random,False,0,0.00018721214967312185,-157694.599141127,6669935.38089694
394,3146,Calyptotis scutirostrum,MLP_multi_trunk_no_coords,random,False,0,8.353041933940933e-05,-157694.599141127,6669935.38089694
394,3147,Coeranoscincus reticulatus,MLP_multi_trunk_no_coords,random,False,0,0.07148874518326377,-157694.599141127,6669935.38089694
394,3148,Egernia mcpheei,MLP_multi_trunk_no_coords,random,False,0,1e-06,-157694.599141127,6669935.38089694
394,3149,Eulamprus murrayi,MLP_multi_trunk_no_coords,random,False,0,0.004092996268124209,-157694.599141127,6669935.38089694
394,3150,Ophioscincus truncatus,MLP_multi_trunk_no_coords,random,False,0,0.08519869217579586,-157694.599141127,6669935.38089694
394,3151,Pseudechis porphyricaus,MLP_multi_trunk_no_coords,random,False,0,0.021465339389666965,-157694.599141127,6669935.38089694
394,3152,Saltuarius swaini,MLP_multi_trunk_no_coords,random,False,0,0.0031945728201417324,-157694.599141127,6669935.38089694
395,3153,Cacophis kreftii,MLP_multi_trunk_no_coords,random,False,0,0.00026976275912750727,-156289.421979757,6670007.80018539
395,3154,Calyptotis scutirostrum,MLP_multi_trunk_no_coords,random,False,0,0.000316271724117374,-156289.421979757,6670007.80018539
395,3155,Coeranoscincus reticulatus,MLP_multi_trunk_no_coords,random,False,0,0.1310853242024554,-156289.421979757,6670007.80018539
395,3156,Egernia mcpheei,MLP_multi_trunk_no_coords,random,False,0,1.0912051069387149e-06,-156289.421979757,6670007.80018539
395,3157,Eulamprus murrayi,MLP_multi_trunk_no_coords,random,False,0,0.006143561283656167,-156289.421979757,6670007.80018539
395,3158,Ophioscincus truncatus,MLP_multi_trunk_no_coords,random,False,0,0.06747678211956351,-156289.421979757,6670007.80018539
395,3159,Pseudechis porphyricaus,MLP_multi_trunk_no_coords,random,False,0,0.045245125814280265,-156289.421979757,6670007.80018539
395,3160,Saltuarius swaini,MLP_multi_trunk_no_coords,random,False,0,0.0046212861646215955,-156289.421979757,6670007.80018539
396,3161,Cacophis kreftii,MLP_multi_trunk_no_coords,random,False,0,0.0008032376090984597,-122906.583332893,6670557.67612587
396,3162,Calyptotis scutirostrum,MLP_multi_trunk_no_coords,random,False,0,0.1367648101443608,-122906.583332893,6670557.67612587
396,3163,Coeranoscincus reticulatus,MLP_multi_trunk_no_coords,random,False,1,0.6024853887130489,-122906.583332893,6670557.67612587
396,3164,Egernia mcpheei,MLP_multi_trunk_no_coords,random,False,0,0.01379016168713652,-122906.583332893,6670557.67612587
396,3165,Eulamprus murrayi,MLP_multi_trunk_no_coords,random,False,0,0.001763169908583072,-122906.583332893,6670557.67612587
396,3166,Ophioscincus truncatus,MLP_multi_trunk_no_coords,random,False,0,0.10032093210659201,-122906.583332893,6670557.67612587
396,3167,Pseudechis porphyricaus,MLP_multi_trunk_no_coords,random,False,0,0.03734523486642227,-122906.583332893,6670557.67612587
396,3168,Saltuarius swaini,MLP_multi_trunk_no_coords,random,False,0,0.030320161468174643,-122906.583332893,6670557.67612587
400,3193,Cacophis kreftii,MLP_multi_trunk_no_coords,random,False,0,0.0011619850723315285,-125067.694169073,6669443.0445974
400,3194,Calyptotis scutirostrum,MLP_multi_trunk_no_coords,random,False,0,0.028026476149211006,-125067.694169073,6669443.0445974
400,3195,Coeranoscincus reticulatus,MLP_multi_trunk_no_coords,random,False,1,0.10915781602203141,-125067.694169073,6669443.0445974
400,3196,Egernia mcpheei,MLP_multi_trunk_no_coords,random,False,0,0.002127723655940981,-125067.694169073,6669443.0445974
400,3197,Eulamprus murrayi,MLP_multi_trunk_no_coords,random,False,0,1.2172214565791337e-05,-125067.694169073,6669443.0445974
400,3198,Ophioscincus truncatus,MLP_multi_trunk_no_coords,random,False,0,5.527582693225587e-06,-125067.694169073,6669443.0445974
400,3199,Pseudechis porphyricaus,MLP_multi_trunk_no_coords,random,False,0,0.0007862607741457805,-125067.694169073,6669443.0445974
400,3200,Saltuarius swaini,MLP_multi_trunk_no_coords,random,False,0,0.0012810245678853904,-125067.694169073,6669443.0445974
403,3217,Cacophis kreftii,MLP_multi_trunk_no_coords,random,False,0,0.0002473381305076165,-58257.6048943475,6672743.96684541
403,3218,Calyptotis scutirostrum,MLP_multi_trunk_no_coords,random,False,0,0.005121704274105321,-58257.6048943475,6672743.96684541
403,3219,Coeranoscincus reticulatus,MLP_multi_trunk_no_coords,random,False,0,0.007864214755931498,-58257.6048943475,6672743.96684541
403,3220,Egernia mcpheei,MLP_multi_trunk_no_coords,random,False,0,0.004965359408413765,-58257.6048943475,6672743.96684541
403,3221,Eulamprus murrayi,MLP_multi_trunk_no_coords,random,False,0,2.2339818381488818e-05,-58257.6048943475,6672743.96684541
403,3222,Ophioscincus truncatus,MLP_multi_trunk_no_coords,random,False,0,0.0020943272289131094,-58257.6048943475,6672743.96684541
403,3223,Pseudechis porphyricaus,MLP_multi_trunk_no_coords,random,False,0,0.0004135612309979664,-58257.6048943475,6672743.96684541
403,3224,Saltuarius swaini,MLP_multi_trunk_no_coords,random,False,0,0.003116773036983295,-58257.6048943475,6672743.96684541
407,3249,Cacophis kreftii,MLP_multi_trunk_no_coords,random,False,0,0.003552840561828817,-125225.02885331,6668620.03383924
407,3250,Calyptotis scutirostrum,MLP_multi_trunk_no_coords,random,False,0,0.16378273753880365,-125225.02885331,6668620.03383924
407,3251,Coeranoscincus reticulatus,MLP_multi_trunk_no_coords,random,False,0,0.5519040508337574,-125225.02885331,6668620.03383924
407,3252,Egernia mcpheei,MLP_multi_trunk_no_coords,random,False,0,0.004108710117176846,-125225.02885331,6668620.03383924
407,3253,Eulamprus murrayi,MLP_multi_trunk_no_coords,random,False,0,0.00022837530244340345,-125225.02885331,6668620.03383924
407,3254,Ophioscincus truncatus,MLP_multi_trunk_no_coords,random,False,0,0.000582023789848822,-125225.02885331,6668620.03383924
407,3255,Pseudechis porphyricaus,MLP_multi_trunk_no_coords,random,False,0,0.0039721811877042835,-125225.02885331,6668620.03383924
407,3256,Saltuarius swaini,MLP_multi_trunk_no_coords,random,False,0,0.0022491056874663624,-125225.02885331,6668620.03383924
413,3297,Cacophis kreftii,MLP_multi_trunk_no_coords,random,False,0,0.0032558315594410545,-120072.988069293,6666279.06080417
413,3298,Calyptotis scutirostrum,MLP_multi_trunk_no_coords,random,False,0,0.19228733875839513,-120072.988069293,6666279.06080417
413,3299,Coeranoscincus reticulatus,MLP_multi_trunk_no_coords,random,False,1,0.3866767396867466,-120072.988069293,6666279.06080417
413,3300,Egernia mcpheei,MLP_multi_trunk_no_coords,random,False,0,0.015312074206345488,-120072.988069293,6666279.06080417
413,3301,Eulamprus murrayi,MLP_multi_trunk_no_coords,random,False,0,0.009732290641192461,-120072.988069293,6666279.06080417
413,3302,Ophioscincus truncatus,MLP_multi_trunk_no_coords,random,False,0,0.12299438965089249,-120072.988069293,6666279.06080417
413,3303,Pseudechis porphyricaus,MLP_multi_trunk_no_coords,random,False,1,0.027915796143353596,-120072.988069293,6666279.06080417
413,3304,Saltuarius swaini,MLP_multi_trunk_no_coords,random,False,0,0.005869959616045637,-120072.988069293,6666279.06080417
415,3313,Cacophis kreftii,MLP_multi_trunk_no_coords,random,False,0,5.8150792039164546e-06,-178654.150282374,6662593.67423277
415,3314,Calyptotis scutirostrum,MLP_multi_trunk_no_coords,random,False,0,2.363218843733337e-06,-178654.150282374,6662593.67423277
415,3315,Coeranoscincus reticulatus,MLP_multi_trunk_no_coords,random,False,0,0.08709298376050013,-178654.150282374,6662593.67423277
415,3316,Egernia mcpheei,MLP_multi_trunk_no_coords,random,False,0,1e-06,-178654.150282374,6662593.67423277
415,3317,Eulamprus murrayi,MLP_multi_trunk_no_coords,random,False,0,0.022560917380228685,-178654.150282374,6662593.67423277
415,3318,Ophioscincus truncatus,MLP_multi_trunk_no_coords,random,False,0,0.08534804526003827,-178654.150282374,6662593.67423277
415,3319,Pseudechis porphyricaus,MLP_multi_trunk_no_coords,random,False,0,0.4397969461060625,-178654.150282374,6662593.67423277
415,3320,Saltuarius swaini,MLP_multi_trunk_no_coords,random,False,0,0.004752295002081278,-178654.150282374,6662593.67423277
420,3353,Cacophis kreftii,MLP_multi_trunk_no_coords,random,False,0,0.00874429174077224,-125379.598774365,6663983.11844257
420,3354,Calyptotis scutirostrum,MLP_multi_trunk_no_coords,random,False,0,0.000994061267567674,-125379.598774365,6663983.11844257
420,3355,Coeranoscincus reticulatus,MLP_multi_trunk_no_coords,random,False,1,0.40633270409278727,-125379.598774365,6663983.11844257
420,3356,Egernia mcpheei,MLP_multi_trunk_no_coords,random,False,0,1.3469860753080915e-05,-125379.598774365,6663983.11844257
420,3357,Eulamprus murrayi,MLP_multi_trunk_no_coords,random,False,0,0.006898764399932723,-125379.598774365,6663983.11844257
420,3358,Ophioscincus truncatus,MLP_multi_trunk_no_coords,random,False,0,0.1514734908602522,-125379.598774365,6663983.11844257
420,3359,Pseudechis porphyricaus,MLP_multi_trunk_no_coords,random,False,0,0.005280112598345227,-125379.598774365,6663983.11844257
420,3360,Saltuarius swaini,MLP_multi_trunk_no_coords,random,False,0,0.0008005201348283874,-125379.598774365,6663983.11844257
422,3369,Cacophis kreftii,MLP_multi_trunk_no_coords,random,False,0,0.0025097998004428267,-125514.62268173,6662771.00533564
422,3370,Calyptotis scutirostrum,MLP_multi_trunk_no_coords,random,False,0,0.0015764968319479154,-125514.62268173,6662771.00533564
422,3371,Coeranoscincus reticulatus,MLP_multi_trunk_no_coords,random,False,1,0.5725157776241894,-125514.62268173,6662771.00533564
422,3372,Egernia mcpheei,MLP_multi_trunk_no_coords,random,False,0,0.00016720749053538526,-125514.62268173,6662771.00533564
422,3373,Eulamprus murrayi,MLP_multi_trunk_no_coords,random,False,0,0.0008723613668222476,-125514.62268173,6662771.00533564
422,3374,Ophioscincus truncatus,MLP_multi_trunk_no_coords,random,False,0,0.06888352176628652,-125514.62268173,6662771.00533564
422,3375,Pseudechis porphyricaus,MLP_multi_trunk_no_coords,random,False,0,0.010722932013568375,-125514.62268173,6662771.00533564
422,3376,Saltuarius swaini,MLP_multi_trunk_no_coords,random,False,0,0.010093510224413828,-125514.62268173,6662771.00533564
427,3409,Cacophis kreftii,MLP_multi_trunk_no_coords,random,False,0,0.0005734614023860119,-128408.296244871,6660409.13008774
427,3410,Calyptotis scutirostrum,MLP_multi_trunk_no_coords,random,False,0,4.569814031118246e-05,-128408.296244871,6660409.13008774
427,3411,Coeranoscincus reticulatus,MLP_multi_trunk_no_coords,random,False,1,0.13307195451838735,-128408.296244871,6660409.13008774
427,3412,Egernia mcpheei,MLP_multi_trunk_no_coords,random,False,0,1.9402187098866615e-06,-128408.296244871,6660409.13008774
427,3413,Eulamprus murrayi,MLP_multi_trunk_no_coords,random,False,0,0.0013676049139163524,-128408.296244871,6660409.13008774
427,3414,Ophioscincus truncatus,MLP_multi_trunk_no_coords,random,False,0,0.14584643451633167,-128408.296244871,6660409.13008774
427,3415,Pseudechis porphyricaus,MLP_multi_trunk_no_coords,random,False,0,0.010996837717837611,-128408.296244871,6660409.13008774
427,3416,Saltuarius swaini,MLP_multi_trunk_no_coords,random,False,0,0.005934076740293405,-128408.296244871,6660409.13008774
447,3569,Cacophis kreftii,MLP_multi_trunk_no_coords,random,False,0,2.784677002998205e-06,-134779.996572383,6651420.87222455
447,3570,Calyptotis scutirostrum,MLP_multi_trunk_no_coords,random,False,0,4.415767060210815e-05,-134779.996572383,6651420.87222455
447,3571,Coeranoscincus reticulatus,MLP_multi_trunk_no_coords,random,False,0,0.026850244347376075,-134779.996572383,6651420.87222455
447,3572,Egernia mcpheei,MLP_multi_trunk_no_coords,random,False,0,1e-06,-134779.996572383,6651420.87222455
447,3573,Eulamprus murrayi,MLP_multi_trunk_no_coords,random,False,0,3.0231706252921664e-06,-134779.996572383,6651420.87222455
447,3574,Ophioscincus truncatus,MLP_multi_trunk_no_coords,random,False,0,0.3943093946984998,-134779.996572383,6651420.87222455
447,3575,Pseudechis porphyricaus,MLP_multi_trunk_no_coords,random,False,0,0.0009573580747460277,-134779.996572383,6651420.87222455
447,3576,Saltuarius swaini,MLP_multi_trunk_no_coords,random,False,0,0.02591212277172691,-134779.996572383,6651420.87222455
449,3585,Cacophis kreftii,MLP_multi_trunk_no_coords,random,False,0,3.253065051121033e-05,-135559.130529282,6650974.17840999
449,3586,Calyptotis scutirostrum,MLP_multi_trunk_no_coords,random,False,0,0.0002934014480756954,-135559.130529282,6650974.17840999
449,3587,Coeranoscincus reticulatus,MLP_multi_trunk_no_coords,random,False,0,0.18372642976886663,-135559.130529282,6650974.17840999
449,3588,Egernia mcpheei,MLP_multi_trunk_no_coords,random,False,0,1e-06,-135559.130529282,6650974.17840999
449,3589,Eulamprus murrayi,MLP_multi_trunk_no_coords,random,False,0,1.0788548750364475e-05,-135559.130529282,6650974.17840999
449,3590,Ophioscincus truncatus,MLP_multi_trunk_no_coords,random,False,1,0.19369282944086655,-135559.130529282,6650974.17840999
449,3591,Pseudechis porphyricaus,MLP_multi_trunk_no_coords,random,False,0,0.0039848272001572005,-135559.130529282,6650974.17840999
449,3592,Saltuarius swaini,MLP_multi_trunk_no_coords,random,False,0,0.005938234039952872,-135559.130529282,6650974.17840999
450,3593,Cacophis kreftii,MLP_multi_trunk_no_coords,random,False,0,0.0005590826098710977,-65340.5697630112,6654471.79599168
450,3594,Calyptotis scutirostrum,MLP_multi_trunk_no_coords,random,False,0,0.02039457990106129,-65340.5697630112,6654471.79599168
450,3595,Coeranoscincus reticulatus,MLP_multi_trunk_no_coords,random,False,0,0.000297970496450212,-65340.5697630112,6654471.79599168
450,3596,Egernia mcpheei,MLP_multi_trunk_no_coords,random,False,0,0.005444636418187277,-65340.5697630112,6654471.79599168
450,3597,Eulamprus murrayi,MLP_multi_trunk_no_coords,random,False,0,3.43463808909679e-05,-65340.5697630112,6654471.79599168
450,3598,Ophioscincus truncatus,MLP_multi_trunk_no_coords,random,False,0,0.05520278287034361,-65340.5697630112,6654471.79599168
450,3599,Pseudechis porphyricaus,MLP_multi_trunk_no_coords,random,False,0,0.00024324747906861912,-65340.5697630112,6654471.79599168
450,3600,Saltuarius swaini,MLP_multi_trunk_no_coords,random,False,0,0.014634268935652556,-65340.5697630112,6654471.79599168
458,3657,Cacophis kreftii,MLP_multi_trunk_no_coords,random,False,0,0.00011375232438819564,-133451.630563193,6649077.13745528
458,3658,Calyptotis scutirostrum,MLP_multi_trunk_no_coords,random,False,0,8.14622429996867e-05,-133451.630563193,6649077.13745528
458,3659,Coeranoscincus reticulatus,MLP_multi_trunk_no_coords,random,False,0,0.013593778747597965,-133451.630563193,6649077.13745528
458,3660,Egernia mcpheei,MLP_multi_trunk_no_coords,random,False,0,1e-06,-133451.630563193,6649077.13745528
458,3661,Eulamprus murrayi,MLP_multi_trunk_no_coords,random,False,0,3.5869305587931396e-05,-133451.630563193,6649077.13745528
458,3662,Ophioscincus truncatus,MLP_multi_trunk_no_coords,random,False,0,0.28721496655422374,-133451.630563193,6649077.13745528
458,3663,Pseudechis porphyricaus,MLP_multi_trunk_no_coords,random,False,0,0.0002465987351888583,-133451.630563193,6649077.13745528
458,3664,Saltuarius swaini,MLP_multi_trunk_no_coords,random,False,0,0.0006330357570845646,-133451.630563193,6649077.13745528
461,3681,Cacophis kreftii,MLP_multi_trunk_no_coords,random,False,0,1.1352042167045396e-05,-132111.524830825,6646522.10607269
461,3682,Calyptotis scutirostrum,MLP_multi_trunk_no_coords,random,False,0,1e-06,-132111.524830825,6646522.10607269
461,3683,Coeranoscincus reticulatus,MLP_multi_trunk_no_coords,random,False,0,0.00497373785968921,-132111.524830825,6646522.10607269
461,3684,Egernia mcpheei,MLP_multi_trunk_no_coords,random,False,0,1e-06,-132111.524830825,6646522.10607269
461,3685,Eulamprus murrayi,MLP_multi_trunk_no_coords,random,False,0,0.0001678094880167161,-132111.524830825,6646522.10607269
461,3686,Ophioscincus truncatus,MLP_multi_trunk_no_coords,random,False,0,0.12756854158250328,-132111.524830825,6646522.10607269
461,3687,Pseudechis porphyricaus,MLP_multi_trunk_no_coords,random,False,0,0.010550061272132245,-132111.524830825,6646522.10607269
461,3688,Saltuarius swaini,MLP_multi_trunk_no_coords,random,False,0,0.009104712418500627,-132111.524830825,6646522.10607269
462,3689,Cacophis kreftii,MLP_multi_trunk_no_coords,random,False,0,5.36777432547139e-05,-129873.482679348,6646037.61836241
462,3690,Calyptotis scutirostrum,MLP_multi_trunk_no_coords,random,False,0,4.861566179394772e-05,-129873.482679348,6646037.61836241
462,3691,Coeranoscincus reticulatus,MLP_multi_trunk_no_coords,random,False,0,0.11550584205176587,-129873.482679348,6646037.61836241
462,3692,Egernia mcpheei,MLP_multi_trunk_no_coords,random,False,0,3.7179565595868196e-06,-129873.482679348,6646037.61836241
462,3693,Eulamprus murrayi,MLP_multi_trunk_no_coords,random,False,0,0.0001625754639437391,-129873.482679348,6646037.61836241
462,3694,Ophioscincus truncatus,MLP_multi_trunk_no_coords,random,False,1,0.03527984164229203,-129873.482679348,6646037.61836241
462,3695,Pseudechis porphyricaus,MLP_multi_trunk_no_coords,random,False,0,0.02958769926964703,-129873.482679348,6646037.61836241
462,3696,Saltuarius swaini,MLP_multi_trunk_no_coords,random,False,0,0.041234783563312345,-129873.482679348,6646037.61836241
463,3697,Cacophis kreftii,MLP_multi_trunk_no_coords,random,False,0,0.0002041442280891735,-130606.171632184,6644790.80822609
463,3698,Calyptotis scutirostrum,MLP_multi_trunk_no_coords,random,False,0,9.369863779125382e-05,-130606.171632184,6644790.80822609
463,3699,Coeranoscincus reticulatus,MLP_multi_trunk_no_coords,random,False,0,0.13716574888025904,-130606.171632184,6644790.80822609
463,3700,Egernia mcpheei,MLP_multi_trunk_no_coords,random,False,0,1.8542639090711836e-06,-130606.171632184,6644790.80822609
463,3701,Eulamprus murrayi,MLP_multi_trunk_no_coords,random,False,0,0.0012336136122992477,-130606.171632184,6644790.80822609
463,3702,Ophioscincus truncatus,MLP_multi_trunk_no_coords,random,False,0,0.07178972297119875,-130606.171632184,6644790.80822609
463,3703,Pseudechis porphyricaus,MLP_multi_trunk_no_coords,random,False,0,0.026122768667982285,-130606.171632184,6644790.80822609
463,3704,Saltuarius swaini,MLP_multi_trunk_no_coords,random,False,0,0.012444224758306487,-130606.171632184,6644790.80822609
464,3705,Cacophis kreftii,MLP_multi_trunk_no_coords,random,False,0,7.39675674006373e-05,-62036.5636510338,6645195.69882671
464,3706,Calyptotis scutirostrum,MLP_multi_trunk_no_coords,random,False,0,0.0005246292748449888,-62036.5636510338,6645195.69882671
464,3707,Coeranoscincus reticulatus,MLP_multi_trunk_no_coords,random,False,0,1.149922271229196e-06,-62036.5636510338,6645195.69882671
464,3708,Egernia mcpheei,MLP_multi_trunk_no_coords,random,False,0,2.0625713536308455e-05,-62036.5636510338,6645195.69882671
464,3709,Eulamprus murrayi,MLP_multi_trunk_no_coords,random,False,0,4.278633395324989e-06,-62036.5636510338,6645195.69882671
464,3710,Ophioscincus truncatus,MLP_multi_trunk_no_coords,random,False,0,0.000496025186194696,-62036.5636510338,6645195.69882671
464,3711,Pseudechis porphyricaus,MLP_multi_trunk_no_coords,random,False,0,0.0004808500258616641,-62036.5636510338,6645195.69882671
464,3712,Saltuarius swaini,MLP_multi_trunk_no_coords,random,False,0,0.031938792853893894,-62036.5636510338,6645195.69882671
475,3793,Cacophis kreftii,MLP_multi_trunk_no_coords,random,False,0,0.0007573801379137572,-103178.812815837,6605812.65044331
475,3794,Calyptotis scutirostrum,MLP_multi_trunk_no_coords,random,False,0,0.15146203187232654,-103178.812815837,6605812.65044331
475,3795,Coeranoscincus reticulatus,MLP_multi_trunk_no_coords,random,False,0,0.004960598386071389,-103178.812815837,6605812.65044331
475,3796,Egernia mcpheei,MLP_multi_trunk_no_coords,random,False,0,0.018743376708715506,-103178.812815837,6605812.65044331
475,3797,Eulamprus murrayi,MLP_multi_trunk_no_coords,random,False,1,2.0144176059019298e-05,-103178.812815837,6605812.65044331
475,3798,Ophioscincus truncatus,MLP_multi_trunk_no_coords,random,False,0,0.05326447701004658,-103178.812815837,6605812.65044331
475,3799,Pseudechis porphyricaus,MLP_multi_trunk_no_coords,random,False,0,0.00019773700242807862,-103178.812815837,6605812.65044331
475,3800,Saltuarius swaini,MLP_multi_trunk_no_coords,random,False,0,0.01453976656731089,-103178.812815837,6605812.65044331
480,3833,Cacophis kreftii,MLP_multi_trunk_no_coords,random,False,0,0.00011925398677529848,-139787.964672713,6601638.98677139
480,3834,Calyptotis scutirostrum,MLP_multi_trunk_no_coords,random,False,0,0.0010501066122668968,-139787.964672713,6601638.98677139
480,3835,Coeranoscincus reticulatus,MLP_multi_trunk_no_coords,random,False,0,0.28873199263462174,-139787.964672713,6601638.98677139
480,3836,Egernia mcpheei,MLP_multi_trunk_no_coords,random,False,0,4.693864854879446e-06,-139787.964672713,6601638.98677139
480,3837,Eulamprus murrayi,MLP_multi_trunk_no_coords,random,False,0,2.634723709151919e-05,-139787.964672713,6601638.98677139
480,3838,Ophioscincus truncatus,MLP_multi_trunk_no_coords,random,False,0,0.41403969308876093,-139787.964672713,6601638.98677139
480,3839,Pseudechis porphyricaus,MLP_multi_trunk_no_coords,random,False,0,0.002243008393363724,-139787.964672713,6601638.98677139
480,3840,Saltuarius swaini,MLP_multi_trunk_no_coords,random,False,0,0.015178152515684894,-139787.964672713,6601638.98677139
481,3841,Cacophis kreftii,MLP_multi_trunk_no_coords,random,False,0,8.187976606616285e-05,-140574.776964781,6601391.4036645
481,3842,Calyptotis scutirostrum,MLP_multi_trunk_no_coords,random,False,0,3.4864637334794063e-06,-140574.776964781,6601391.4036645
481,3843,Coeranoscincus reticulatus,MLP_multi_trunk_no_coords,random,False,0,0.06452620004933833,-140574.776964781,6601391.4036645
481,3844,Egernia mcpheei,MLP_multi_trunk_no_coords,random,False,0,1.922185174411503e-06,-140574.776964781,6601391.4036645
481,3845,Eulamprus murrayi,MLP_multi_trunk_no_coords,random,False,0,0.00015733977524084045,-140574.776964781,6601391.4036645
481,3846,Ophioscincus truncatus,MLP_multi_trunk_no_coords,random,False,0,0.08246929351198924,-140574.776964781,6601391.4036645
481,3847,Pseudechis porphyricaus,MLP_multi_trunk_no_coords,random,False,0,0.023466988942881167,-140574.776964781,6601391.4036645
481,3848,Saltuarius swaini,MLP_multi_trunk_no_coords,random,False,0,0.030552712735792756,-140574.776964781,6601391.4036645
488,3897,Cacophis kreftii,MLP_multi_trunk_no_coords,random,False,0,6.96423068142328e-05,-141193.546516212,6594113.16970331
488,3898,Calyptotis scutirostrum,MLP_multi_trunk_no_coords,random,False,0,1e-06,-141193.546516212,6594113.16970331
488,3899,Coeranoscincus reticulatus,MLP_multi_trunk_no_coords,random,False,0,0.04775524791805354,-141193.546516212,6594113.16970331
488,3900,Egernia mcpheei,MLP_multi_trunk_no_coords,random,False,0,2.586638808924489e-06,-141193.546516212,6594113.16970331
488,3901,Eulamprus murrayi,MLP_multi_trunk_no_coords,random,False,0,5.157303194554816e-05,-141193.546516212,6594113.16970331
488,3902,Ophioscincus truncatus,MLP_multi_trunk_no_coords,random,False,1,0.10198580867188586,-141193.546516212,6594113.16970331
488,3903,Pseudechis porphyricaus,MLP_multi_trunk_no_coords,random,False,0,0.016888951316810154,-141193.546516212,6594113.16970331
488,3904,Saltuarius swaini,MLP_multi_trunk_no_coords,random,False,0,0.03973840028803346,-141193.546516212,6594113.16970331
490,3913,Cacophis kreftii,MLP_multi_trunk_no_coords,random,False,0,2.332904710080052e-05,-140157.01004317,6593561.29260029
490,3914,Calyptotis scutirostrum,MLP_multi_trunk_no_coords,random,False,0,1e-06,-140157.01004317,6593561.29260029
490,3915,Coeranoscincus reticulatus,MLP_multi_trunk_no_coords,random,False,0,0.011065608479918275,-140157.01004317,6593561.29260029
490,3916,Egernia mcpheei,MLP_multi_trunk_no_coords,random,False,0,1e-06,-140157.01004317,6593561.29260029
490,3917,Eulamprus murrayi,MLP_multi_trunk_no_coords,random,False,0,2.883464831910447e-06,-140157.01004317,6593561.29260029
490,3918,Ophioscincus truncatus,MLP_multi_trunk_no_coords,random,False,1,0.11927275474162144,-140157.01004317,6593561.29260029
490,3919,Pseudechis porphyricaus,MLP_multi_trunk_no_coords,random,False,0,0.0010018289413252584,-140157.01004317,6593561.29260029
490,3920,Saltuarius swaini,MLP_multi_trunk_no_coords,random,False,0,0.018264781729990468,-140157.01004317,6593561.29260029
494,3945,Cacophis kreftii,MLP_multi_trunk_no_coords,random,False,0,0.002881677568068647,-160099.441241579,6571357.13800851
494,3946,Calyptotis scutirostrum,MLP_multi_trunk_no_coords,random,False,0,0.0001852287524032186,-160099.441241579,6571357.13800851
494,3947,Coeranoscincus reticulatus,MLP_multi_trunk_no_coords,random,False,0,0.037763907871380495,-160099.441241579,6571357.13800851
494,3948,Egernia mcpheei,MLP_multi_trunk_no_coords,random,False,0,1e-06,-160099.441241579,6571357.13800851
494,3949,Eulamprus murrayi,MLP_multi_trunk_no_coords,random,False,0,0.04115222235470858,-160099.441241579,6571357.13800851
494,3950,Ophioscincus truncatus,MLP_multi_trunk_no_coords,random,False,0,0.008349480468447096,-160099.441241579,6571357.13800851
494,3951,Pseudechis porphyricaus,MLP_multi_trunk_no_coords,random,False,0,0.0018286733341440916,-160099.441241579,6571357.13800851
494,3952,Saltuarius swaini,MLP_multi_trunk_no_coords,random,False,0,1e-06,-160099.441241579,6571357.13800851
499,3985,Cacophis kreftii,MLP_multi_trunk_no_coords,random,False,0,8.55780091299531e-06,-166874.918971174,6569986.45729551
499,3986,Calyptotis scutirostrum,MLP_multi_trunk_no_coords,random,False,0,0.0006811910264790799,-166874.918971174,6569986.45729551
499,3987,Coeranoscincus reticulatus,MLP_multi_trunk_no_coords,random,False,0,0.05056465946111335,-166874.918971174,6569986.45729551
499,3988,Egernia mcpheei,MLP_multi_trunk_no_coords,random,False,0,1e-06,-166874.918971174,6569986.45729551
499,3989,Eulamprus murrayi,MLP_multi_trunk_no_coords,random,False,0,1.733050678711888e-05,-166874.918971174,6569986.45729551
499,3990,Ophioscincus truncatus,MLP_multi_trunk_no_coords,random,False,0,0.35871706357027766,-166874.918971174,6569986.45729551
499,3991,Pseudechis porphyricaus,MLP_multi_trunk_no_coords,random,False,0,0.0005670012735856954,-166874.918971174,6569986.45729551
499,3992,Saltuarius swaini,MLP_multi_trunk_no_coords,random,False,0,0.001992538450075355,-166874.918971174,6569986.45729551
507,4049,Cacophis kreftii,MLP_multi_trunk_no_coords,random,False,0,5.0464959933338774e-05,-144741.332783447,6566549.73714478
507,4050,Calyptotis scutirostrum,MLP_multi_trunk_no_coords,random,False,0,3.6962360642986043e-06,-144741.332783447,6566549.73714478
507,4051,Coeranoscincus reticulatus,MLP_multi_trunk_no_coords,random,False,0,0.03506390985390885,-144741.332783447,6566549.73714478
507,4052,Egernia mcpheei,MLP_multi_trunk_no_coords,random,False,0,1.8090370371469796e-06,-144741.332783447,6566549.73714478
507,4053,Eulamprus murrayi,MLP_multi_trunk_no_coords,random,False,0,5.651491833113909e-05,-144741.332783447,6566549.73714478
507,4054,Ophioscincus truncatus,MLP_multi_trunk_no_coords,random,False,0,0.14342096442045585,-144741.332783447,6566549.73714478
507,4055,Pseudechis porphyricaus,MLP_multi_trunk_no_coords,random,False,0,0.022560041371866707,-144741.332783447,6566549.73714478
507,4056,Saltuarius swaini,MLP_multi_trunk_no_coords,random,False,0,0.06290197665577903,-144741.332783447,6566549.73714478
508,4057,Cacophis kreftii,MLP_multi_trunk_no_coords,random,False,0,1e-06,-162480.687351114,6563171.45187532
508,4058,Calyptotis scutirostrum,MLP_multi_trunk_no_coords,random,False,0,5.971596614611653e-05,-162480.687351114,6563171.45187532
508,4059,Coeranoscincus reticulatus,MLP_multi_trunk_no_coords,random,False,0,0.02825868106584733,-162480.687351114,6563171.45187532
508,4060,Egernia mcpheei,MLP_multi_trunk_no_coords,random,False,0,1e-06,-162480.687351114,6563171.45187532
508,4061,Eulamprus murrayi,MLP_multi_trunk_no_coords,random,False,0,2.6337457874403704e-06,-162480.687351114,6563171.45187532
508,4062,Ophioscincus truncatus,MLP_multi_trunk_no_coords,random,False,0,0.08919981017051339,-162480.687351114,6563171.45187532
508,4063,Pseudechis porphyricaus,MLP_multi_trunk_no_coords,random,False,0,0.0010100444741132707,-162480.687351114,6563171.45187532
508,4064,Saltuarius swaini,MLP_multi_trunk_no_coords,random,False,0,0.0009070381184520077,-162480.687351114,6563171.45187532
510,4073,Cacophis kreftii,MLP_multi_trunk_no_coords,random,False,0,5.131926924498446e-05,-146201.750488105,6563648.83716664
510,4074,Calyptotis scutirostrum,MLP_multi_trunk_no_coords,random,False,0,1.108236387387887e-05,-146201.750488105,6563648.83716664
510,4075,Coeranoscincus reticulatus,MLP_multi_trunk_no_coords,random,False,0,0.02539361180151639,-146201.750488105,6563648.83716664
510,4076,Egernia mcpheei,MLP_multi_trunk_no_coords,random,False,0,1.2569491532370787e-06,-146201.750488105,6563648.83716664
510,4077,Eulamprus murrayi,MLP_multi_trunk_no_coords,random,False,0,4.886946846581653e-06,-146201.750488105,6563648.83716664
510,4078,Ophioscincus truncatus,MLP_multi_trunk_no_coords,random,False,0,0.09591515354297679,-146201.750488105,6563648.83716664
510,4079,Pseudechis porphyricaus,MLP_multi_trunk_no_coords,random,False,0,0.0010477283431089633,-146201.750488105,6563648.83716664
510,4080,Saltuarius swaini,MLP_multi_trunk_no_coords,random,False,0,0.03182317026772126,-146201.750488105,6563648.83716664
514,4105,Cacophis kreftii,MLP_multi_trunk_no_coords,random,False,0,5.694497245941849e-05,-146089.648133388,6561646.84538545
514,4106,Calyptotis scutirostrum,MLP_multi_trunk_no_coords,random,False,0,2.433919347928008e-05,-146089.648133388,6561646.84538545
514,4107,Coeranoscincus reticulatus,MLP_multi_trunk_no_coords,random,False,0,0.04363866455334405,-146089.648133388,6561646.84538545
514,4108,Egernia mcpheei,MLP_multi_trunk_no_coords,random,False,0,1e-06,-146089.648133388,6561646.84538545
514,4109,Eulamprus murrayi,MLP_multi_trunk_no_coords,random,False,0,7.960308720718665e-06,-146089.648133388,6561646.84538545
514,4110,Ophioscincus truncatus,MLP_multi_trunk_no_coords,random,False,0,0.20012836627671146,-146089.648133388,6561646.84538545
514,4111,Pseudechis porphyricaus,MLP_multi_trunk_no_coords,random,False,0,0.0024547784642540236,-146089.648133388,6561646.84538545
514,4112,Saltuarius swaini,MLP_multi_trunk_no_coords,random,False,0,0.026760895585635845,-146089.648133388,6561646.84538545
525,4193,Cacophis kreftii,MLP_multi_trunk_no_coords,random,False,0,0.015978244355956323,-118770.04691586,6551450.02671343
525,4194,Calyptotis scutirostrum,MLP_multi_trunk_no_coords,random,False,0,0.02990140599558591,-118770.04691586,6551450.02671343
525,4195,Coeranoscincus reticulatus,MLP_multi_trunk_no_coords,random,False,0,0.48771949763776584,-118770.04691586,6551450.02671343
525,4196,Egernia mcpheei,MLP_multi_trunk_no_coords,random,False,0,0.00047328759005735586,-118770.04691586,6551450.02671343
525,4197,Eulamprus murrayi,MLP_multi_trunk_no_coords,random,False,0,0.005533601906156101,-118770.04691586,6551450.02671343
525,4198,Ophioscincus truncatus,MLP_multi_trunk_no_coords,random,False,0,0.03364708191533649,-118770.04691586,6551450.02671343
525,4199,Pseudechis porphyricaus,MLP_multi_trunk_no_coords,random,False,0,0.0036285952674488474,-118770.04691586,6551450.02671343
525,4200,Saltuarius swaini,MLP_multi_trunk_no_coords,random,False,0,4.977147841962421e-05,-118770.04691586,6551450.02671343
531,4241,Cacophis kreftii,MLP_multi_trunk_no_coords,random,False,0,0.0007717055587249084,-83551.8721662688,6536463.55059073
531,4242,Calyptotis scutirostrum,MLP_multi_trunk_no_coords,random,False,0,0.010406637103074174,-83551.8721662688,6536463.55059073
531,4243,Coeranoscincus reticulatus,MLP_multi_trunk_no_coords,random,False,0,0.006852118706822417,-83551.8721662688,6536463.55059073
531,4244,Egernia mcpheei,MLP_multi_trunk_no_coords,random,False,0,0.011472152731783933,-83551.8721662688,6536463.55059073
531,4245,Eulamprus murrayi,MLP_multi_trunk_no_coords,random,False,0,4.917141145534965e-05,-83551.8721662688,6536463.55059073
531,4246,Ophioscincus truncatus,MLP_multi_trunk_no_coords,random,False,0,0.010111494275690436,-83551.8721662688,6536463.55059073
531,4247,Pseudechis porphyricaus,MLP_multi_trunk_no_coords,random,False,0,0.00041372620359842263,-83551.8721662688,6536463.55059073
531,4248,Saltuarius swaini,MLP_multi_trunk_no_coords,random,False,0,0.010919031393500141,-83551.8721662688,6536463.55059073
533,4257,Cacophis kreftii,MLP_multi_trunk_no_coords,random,False,0,0.0002759539222931946,-128644.80040642,6533196.04348179
533,4258,Calyptotis scutirostrum,MLP_multi_trunk_no_coords,random,False,0,1e-06,-128644.80040642,6533196.04348179
533,4259,Coeranoscincus reticulatus,MLP_multi_trunk_no_coords,random,False,0,0.0019461007917837094,-128644.80040642,6533196.04348179
533,4260,Egernia mcpheei,MLP_multi_trunk_no_coords,random,False,0,1e-06,-128644.80040642,6533196.04348179
533,4261,Eulamprus murrayi,MLP_multi_trunk_no_coords,random,False,0,5.862462783182072e-06,-128644.80040642,6533196.04348179
533,4262,Ophioscincus truncatus,MLP_multi_trunk_no_coords,random,False,0,0.5046335459747721,-128644.80040642,6533196.04348179
533,4263,Pseudechis porphyricaus,MLP_multi_trunk_no_coords,random,False,0,0.0016665581188637865,-128644.80040642,6533196.04348179
533,4264,Saltuarius swaini,MLP_multi_trunk_no_coords,random,False,0,0.0033177621596018267,-128644.80040642,6533196.04348179
537,4289,Cacophis kreftii,MLP_multi_trunk_no_coords,random,False,0,0.0039275046591503325,-133101.696097477,6529938.31197594
537,4290,Calyptotis scutirostrum,MLP_multi_trunk_no_coords,random,False,0,3.719058718689937e-06,-133101.696097477,6529938.31197594
537,4291,Coeranoscincus reticulatus,MLP_multi_trunk_no_coords,random,False,0,0.2143556660366219,-133101.696097477,6529938.31197594
537,4292,Egernia mcpheei,MLP_multi_trunk_no_coords,random,False,0,7.820405698487712e-05,-133101.696097477,6529938.31197594
537,4293,Eulamprus murrayi,MLP_multi_trunk_no_coords,random,False,0,5.2689280702653284e-05,-133101.696097477,6529938.31197594
537,4294,Ophioscincus truncatus,MLP_multi_trunk_no_coords,random,False,1,0.2918877016569574,-133101.696097477,6529938.31197594
537,4295,Pseudechis porphyricaus,MLP_multi_trunk_no_coords,random,False,0,0.0009743187566889702,-133101.696097477,6529938.31197594
537,4296,Saltuarius swaini,MLP_multi_trunk_no_coords,random,False,0,0.006095971089269592,-133101.696097477,6529938.31197594
545,4353,Cacophis kreftii,MLP_multi_trunk_no_coords,random,False,0,0.0023994296214629456,-114087.089464681,6528156.09858245
545,4354,Calyptotis scutirostrum,MLP_multi_trunk_no_coords,random,False,0,0.05114339568495479,-114087.089464681,6528156.09858245
545,4355,Coeranoscincus reticulatus,MLP_multi_trunk_no_coords,random,False,0,0.1301919124308032,-114087.089464681,6528156.09858245
545,4356,Egernia mcpheei,MLP_multi_trunk_no_coords,random,False,0,0.02880444849865162,-114087.089464681,6528156.09858245
545,4357,Eulamprus murrayi,MLP_multi_trunk_no_coords,random,False,0,0.0002167274157375788,-114087.089464681,6528156.09858245
545,4358,Ophioscincus truncatus,MLP_multi_trunk_no_coords,random,False,0,0.019694575569431026,-114087.089464681,6528156.09858245
545,4359,Pseudechis porphyricaus,MLP_multi_trunk_no_coords,random,False,0,0.004327659837220788,-114087.089464681,6528156.09858245
545,4360,Saltuarius swaini,MLP_multi_trunk_no_coords,random,False,0,0.014075758556689431,-114087.089464681,6528156.09858245
558,4457,Cacophis kreftii,MLP_multi_trunk_no_coords,random,False,0,4.4870487629012744e-06,-204344.653545143,6507116.16956193
558,4458,Calyptotis scutirostrum,MLP_multi_trunk_no_coords,random,False,0,1e-06,-204344.653545143,6507116.16956193
558,4459,Coeranoscincus reticulatus,MLP_multi_trunk_no_coords,random,False,0,0.001958402632290898,-204344.653545143,6507116.16956193
558,4460,Egernia mcpheei,MLP_multi_trunk_no_coords,random,False,0,1e-06,-204344.653545143,6507116.16956193
558,4461,Eulamprus murrayi,MLP_multi_trunk_no_coords,random,False,0,1e-06,-204344.653545143,6507116.16956193
558,4462,Ophioscincus truncatus,MLP_multi_trunk_no_coords,random,False,0,0.00044510615379059155,-204344.653545143,6507116.16956193
558,4463,Pseudechis porphyricaus,MLP_multi_trunk_no_coords,random,False,0,1e-06,-204344.653545143,6507116.16956193
558,4464,Saltuarius swaini,MLP_multi_trunk_no_coords,random,False,0,8.934160620284787e-05,-204344.653545143,6507116.16956193
567,4529,Cacophis kreftii,MLP_multi_trunk_no_coords,random,False,0,0.0010771050056643094,-146716.822931648,6491951.21913417
567,4530,Calyptotis scutirostrum,MLP_multi_trunk_no_coords,random,False,0,0.000861485933310109,-146716.822931648,6491951.21913417
567,4531,Coeranoscincus reticulatus,MLP_multi_trunk_no_coords,random,False,0,0.1220323438455382,-146716.822931648,6491951.21913417
567,4532,Egernia mcpheei,MLP_multi_trunk_no_coords,random,False,0,3.880308708995711e-06,-146716.822931648,6491951.21913417
567,4533,Eulamprus murrayi,MLP_multi_trunk_no_coords,random,False,0,0.004312006331425454,-146716.822931648,6491951.21913417
567,4534,Ophioscincus truncatus,MLP_multi_trunk_no_coords,random,False,0,0.36504528945090875,-146716.822931648,6491951.21913417
567,4535,Pseudechis porphyricaus,MLP_multi_trunk_no_coords,random,False,1,0.005427080053249157,-146716.822931648,6491951.21913417
567,4536,Saltuarius swaini,MLP_multi_trunk_no_coords,random,False,1,0.0014588121324908383,-146716.822931648,6491951.21913417
572,4569,Cacophis kreftii,MLP_multi_trunk_no_coords,random,False,0,0.0025163800461289678,-141525.12346321,6489014.81167942
572,4570,Calyptotis scutirostrum,MLP_multi_trunk_no_coords,random,False,0,0.01315433794779382,-141525.12346321,6489014.81167942
572,4571,Coeranoscincus reticulatus,MLP_multi_trunk_no_coords,random,False,0,0.45475158044643466,-141525.12346321,6489014.81167942
572,4572,Egernia mcpheei,MLP_multi_trunk_no_coords,random,False,0,0.0001067873393488084,-141525.12346321,6489014.81167942
572,4573,Eulamprus murrayi,MLP_multi_trunk_no_coords,random,False,0,0.008801700087797092,-141525.12346321,6489014.81167942
572,4574,Ophioscincus truncatus,MLP_multi_trunk_no_coords,random,False,1,0.3357839127147686,-141525.12346321,6489014.81167942
572,4575,Pseudechis porphyricaus,MLP_multi_trunk_no_coords,random,False,0,0.018746433018249617,-141525.12346321,6489014.81167942
572,4576,Saltuarius swaini,MLP_multi_trunk_no_coords,random,False,0,0.0041299379033874085,-141525.12346321,6489014.81167942
576,4601,Cacophis kreftii,MLP_multi_trunk_no_coords,random,False,0,7.231718410236182e-06,-206813.275853676,6482403.27464338
576,4602,Calyptotis scutirostrum,MLP_multi_trunk_no_coords,random,False,0,2.9081633857369343e-06,-206813.275853676,6482403.27464338
576,4603,Coeranoscincus reticulatus,MLP_multi_trunk_no_coords,random,False,0,0.014837580663324574,-206813.275853676,6482403.27464338
576,4604,Egernia mcpheei,MLP_multi_trunk_no_coords,random,False,0,1e-06,-206813.275853676,6482403.27464338
576,4605,Eulamprus murrayi,MLP_multi_trunk_no_coords,random,False,0,0.00032691187707138594,-206813.275853676,6482403.27464338
576,4606,Ophioscincus truncatus,MLP_multi_trunk_no_coords,random,False,0,0.03839549604848489,-206813.275853676,6482403.27464338
576,4607,Pseudechis porphyricaus,MLP_multi_trunk_no_coords,random,False,0,0.02362027468680163,-206813.275853676,6482403.27464338
576,4608,Saltuarius swaini,MLP_multi_trunk_no_coords,random,False,0,0.017118453492425804,-206813.275853676,6482403.27464338
579,4625,Cacophis kreftii,MLP_multi_trunk_no_coords,random,False,0,2.238724264198138e-06,-242916.649698275,6475563.53924511
579,4626,Calyptotis scutirostrum,MLP_multi_trunk_no_coords,random,False,0,1e-06,-242916.649698275,6475563.53924511
579,4627,Coeranoscincus reticulatus,MLP_multi_trunk_no_coords,random,False,0,0.0013468179873168764,-242916.649698275,6475563.53924511
579,4628,Egernia mcpheei,MLP_multi_trunk_no_coords,random,False,0,1e-06,-242916.649698275,6475563.53924511
579,4629,Eulamprus murrayi,MLP_multi_trunk_no_coords,random,False,0,1e-06,-242916.649698275,6475563.53924511
579,4630,Ophioscincus truncatus,MLP_multi_trunk_no_coords,random,False,0,0.003197317017586736,-242916.649698275,6475563.53924511
579,4631,Pseudechis porphyricaus,MLP_multi_trunk_no_coords,random,False,0,2.547978466969851e-06,-242916.649698275,6475563.53924511
579,4632,Saltuarius swaini,MLP_multi_trunk_no_coords,random,False,0,0.0005389806989386096,-242916.649698275,6475563.53924511
585,4673,Cacophis kreftii,MLP_multi_trunk_no_coords,random,False,0,0.03877648886020805,-127313.378797034,6479531.06572796
585,4674,Calyptotis scutirostrum,MLP_multi_trunk_no_coords,random,False,0,0.011024554194638828,-127313.378797034,6479531.06572796
585,4675,Coeranoscincus reticulatus,MLP_multi_trunk_no_coords,random,False,0,0.19103644564139707,-127313.378797034,6479531.06572796
585,4676,Egernia mcpheei,MLP_multi_trunk_no_coords,random,False,0,0.004921342552474594,-127313.378797034,6479531.06572796
585,4677,Eulamprus murrayi,MLP_multi_trunk_no_coords,random,False,0,0.0010006760361610783,-127313.378797034,6479531.06572796
585,4678,Ophioscincus truncatus,MLP_multi_trunk_no_coords,random,False,0,0.3030022295067945,-127313.378797034,6479531.06572796
585,4679,Pseudechis porphyricaus,MLP_multi_trunk_no_coords,random,False,0,0.006775928671543133,-127313.378797034,6479531.06572796
585,4680,Saltuarius swaini,MLP_multi_trunk_no_coords,random,False,0,0.02955155403396895,-127313.378797034,6479531.06572796
599,4785,Cacophis kreftii,MLP_multi_trunk_no_coords,random,False,0,2.1118905757623545e-06,-212146.883673553,6444013.91646962
599,4786,Calyptotis scutirostrum,MLP_multi_trunk_no_coords,random,False,0,1e-06,-212146.883673553,6444013.91646962
599,4787,Coeranoscincus reticulatus,MLP_multi_trunk_no_coords,random,False,0,0.0012535586893982573,-212146.883673553,6444013.91646962
599,4788,Egernia mcpheei,MLP_multi_trunk_no_coords,random,False,0,1e-06,-212146.883673553,6444013.91646962
599,4789,Eulamprus murrayi,MLP_multi_trunk_no_coords,random,False,0,1e-06,-212146.883673553,6444013.91646962
599,4790,Ophioscincus truncatus,MLP_multi_trunk_no_coords,random,False,0,0.0030388094040942008,-212146.883673553,6444013.91646962
599,4791,Pseudechis porphyricaus,MLP_multi_trunk_no_coords,random,False,0,1.0643140370116358e-06,-212146.883673553,6444013.91646962
599,4792,Saltuarius swaini,MLP_multi_trunk_no_coords,random,False,0,0.00032058827613331154,-212146.883673553,6444013.91646962
602,4809,Cacophis kreftii,MLP_multi_trunk_no_coords,random,False,0,0.0002623600227617216,-223808.84244951,6439938.38190837
602,4810,Calyptotis scutirostrum,MLP_multi_trunk_no_coords,random,False,0,2.7019562367090252e-06,-223808.84244951,6439938.38190837
602,4811,Coeranoscincus reticulatus,MLP_multi_trunk_no_coords,random,False,0,0.002543901757967588,-223808.84244951,6439938.38190837
602,4812,Egernia mcpheei,MLP_multi_trunk_no_coords,random,False,0,3.599521539159456e-06,-223808.84244951,6439938.38190837
602,4813,Eulamprus murrayi,MLP_multi_trunk_no_coords,random,False,0,1e-06,-223808.84244951,6439938.38190837
602,4814,Ophioscincus truncatus,MLP_multi_trunk_no_coords,random,False,0,0.007792081274288476,-223808.84244951,6439938.38190837
602,4815,Pseudechis porphyricaus,MLP_multi_trunk_no_coords,random,False,0,1e-06,-223808.84244951,6439938.38190837
602,4816,Saltuarius swaini,MLP_multi_trunk_no_coords,random,False,0,0.00017131796616978641,-223808.84244951,6439938.38190837
606,4841,Cacophis kreftii,MLP_multi_trunk_no_coords,random,False,0,0.0011933939277256219,-122961.147064838,6444559.2200686
606,4842,Calyptotis scutirostrum,MLP_multi_trunk_no_coords,random,False,0,0.03275026238546873,-122961.147064838,6444559.2200686
606,4843,Coeranoscincus reticulatus,MLP_multi_trunk_no_coords,random,False,0,0.383656927466715,-122961.147064838,6444559.2200686
606,4844,Egernia mcpheei,MLP_multi_trunk_no_coords,random,False,0,0.0044214875624538,-122961.147064838,6444559.2200686
606,4845,Eulamprus murrayi,MLP_multi_trunk_no_coords,random,False,0,0.004277391270324129,-122961.147064838,6444559.2200686
606,4846,Ophioscincus truncatus,MLP_multi_trunk_no_coords,random,False,0,0.014589599954141462,-122961.147064838,6444559.2200686
606,4847,Pseudechis porphyricaus,MLP_multi_trunk_no_coords,random,False,0,0.01865180547429793,-122961.147064838,6444559.2200686
606,4848,Saltuarius swaini,MLP_multi_trunk_no_coords,random,False,0,0.0014616184008402185,-122961.147064838,6444559.2200686
624,4985,Cacophis kreftii,MLP_multi_trunk_no_coords,random,False,0,6.998274572807988e-05,-212517.326831474,6418204.13745066
624,4986,Calyptotis scutirostrum,MLP_multi_trunk_no_coords,random,False,0,2.4527933597613113e-06,-212517.326831474,6418204.13745066
624,4987,Coeranoscincus reticulatus,MLP_multi_trunk_no_coords,random,False,0,0.05189678047046908,-212517.326831474,6418204.13745066
624,4988,Egernia mcpheei,MLP_multi_trunk_no_coords,random,False,0,2.1270583628406407e-06,-212517.326831474,6418204.13745066
624,4989,Eulamprus murrayi,MLP_multi_trunk_no_coords,random,False,0,8.417926309419901e-06,-212517.326831474,6418204.13745066
624,4990,Ophioscincus truncatus,MLP_multi_trunk_no_coords,random,False,0,0.43636366125376513,-212517.326831474,6418204.13745066
624,4991,Pseudechis porphyricaus,MLP_multi_trunk_no_coords,random,False,0,0.0010404742430899522,-212517.326831474,6418204.13745066
624,4992,Saltuarius swaini,MLP_multi_trunk_no_coords,random,False,0,0.017538224901915086,-212517.326831474,6418204.13745066
628,5017,Cacophis kreftii,MLP_multi_trunk_no_coords,random,False,0,0.029109998100000478,-205426.35557409,6417594.67751035
628,5018,Calyptotis scutirostrum,MLP_multi_trunk_no_coords,random,False,0,0.029698572475386445,-205426.35557409,6417594.67751035
628,5019,Coeranoscincus reticulatus,MLP_multi_trunk_no_coords,random,False,0,0.03320055377526562,-205426.35557409,6417594.67751035
628,5020,Egernia mcpheei,MLP_multi_trunk_no_coords,random,False,0,0.02286897565374308,-205426.35557409,6417594.67751035
628,5021,Eulamprus murrayi,MLP_multi_trunk_no_coords,random,False,0,0.0009398383853903463,-205426.35557409,6417594.67751035
628,5022,Ophioscincus truncatus,MLP_multi_trunk_no_coords,random,False,0,0.7188332534871154,-205426.35557409,6417594.67751035
628,5023,Pseudechis porphyricaus,MLP_multi_trunk_no_coords,random,False,0,0.0013702471468559063,-205426.35557409,6417594.67751035
628,5024,Saltuarius swaini,MLP_multi_trunk_no_coords,random,False,0,0.0027759887917987607,-205426.35557409,6417594.67751035
630,5033,Cacophis kreftii,MLP_multi_trunk_no_coords,random,False,0,0.02782224625413557,-211613.384340048,6416445.23828686
630,5034,Calyptotis scutirostrum,MLP_multi_trunk_no_coords,random,False,0,0.021823329155221154,-211613.384340048,6416445.23828686
630,5035,Coeranoscincus reticulatus,MLP_multi_trunk_no_coords,random,False,0,0.05054956745079039,-211613.384340048,6416445.23828686
630,5036,Egernia mcpheei,MLP_multi_trunk_no_coords,random,False,0,0.0039413560474654595,-211613.384340048,6416445.23828686
630,5037,Eulamprus murrayi,MLP_multi_trunk_no_coords,random,False,0,0.00012384731226056334,-211613.384340048,6416445.23828686
630,5038,Ophioscincus truncatus,MLP_multi_trunk_no_coords,random,False,0,0.14542468684015766,-211613.384340048,6416445.23828686
630,5039,Pseudechis porphyricaus,MLP_multi_trunk_no_coords,random,False,0,0.0008900265397489684,-211613.384340048,6416445.23828686
630,5040,Saltuarius swaini,MLP_multi_trunk_no_coords,random,False,0,0.02042909810121932,-211613.384340048,6416445.23828686
639,5105,Cacophis kreftii,MLP_multi_trunk_no_coords,random,False,0,0.0019078932994453235,-162684.694435925,6370448.58724721
639,5106,Calyptotis scutirostrum,MLP_multi_trunk_no_coords,random,False,0,0.011868340097729533,-162684.694435925,6370448.58724721
639,5107,Coeranoscincus reticulatus,MLP_multi_trunk_no_coords,random,False,0,0.3161972789164061,-162684.694435925,6370448.58724721
639,5108,Egernia mcpheei,MLP_multi_trunk_no_coords,random,False,0,0.01274823139946979,-162684.694435925,6370448.58724721
639,5109,Eulamprus murrayi,MLP_multi_trunk_no_coords,random,False,0,0.0003467933852307736,-162684.694435925,6370448.58724721
639,5110,Ophioscincus truncatus,MLP_multi_trunk_no_coords,random,False,0,0.0014934103881366532,-162684.694435925,6370448.58724721
639,5111,Pseudechis porphyricaus,MLP_multi_trunk_no_coords,random,False,0,0.004561414269287985,-162684.694435925,6370448.58724721
639,5112,Saltuarius swaini,MLP_multi_trunk_no_coords,random,False,0,0.0044732302048362226,-162684.694435925,6370448.58724721
640,5113,Cacophis kreftii,MLP_multi_trunk_no_coords,random,False,0,0.03130398203420196,-176653.554553042,6368244.44348734
640,5114,Calyptotis scutirostrum,MLP_multi_trunk_no_coords,random,False,0,0.053620723240634896,-176653.554553042,6368244.44348734
640,5115,Coeranoscincus reticulatus,MLP_multi_trunk_no_coords,random,False,0,0.6271030152145841,-176653.554553042,6368244.44348734
640,5116,Egernia mcpheei,MLP_multi_trunk_no_coords,random,False,0,0.000780911696068261,-176653.554553042,6368244.44348734
640,5117,Eulamprus murrayi,MLP_multi_trunk_no_coords,random,False,0,0.004660882336390705,-176653.554553042,6368244.44348734
640,5118,Ophioscincus truncatus,MLP_multi_trunk_no_coords,random,False,0,0.007117822816980744,-176653.554553042,6368244.44348734
640,5119,Pseudechis porphyricaus,MLP_multi_trunk_no_coords,random,False,0,0.007265879675989928,-176653.554553042,6368244.44348734
640,5120,Saltuarius swaini,MLP_multi_trunk_no_coords,random,False,0,0.0006464382548609143,-176653.554553042,6368244.44348734
