plot,id,species,model,split_type,use_coords,y_true,y_prob,easting,northing
7,49,Cacophis kreftii,GAM_multi_interactions_with_coords,random,True,0,0.006643736617554557,-35290.0454930004,6868477.63934909
7,50,Calyptotis scutirostrum,GAM_multi_interactions_with_coords,random,True,0,0.011675033934448846,-35290.0454930004,6868477.63934909
7,51,Coeranoscincus reticulatus,GAM_multi_interactions_with_coords,random,True,0,0.004526650500615268,-35290.0454930004,6868477.63934909
7,52,Egernia mcpheei,GAM_multi_interactions_with_coords,random,True,0,0.002369885686473422,-35290.0454930004,6868477.63934909
7,53,Eulamprus murrayi,GAM_multi_interactions_with_coords,random,True,0,0.001727285078497022,-35290.0454930004,6868477.63934909
7,54,Ophioscincus truncatus,GAM_multi_interactions_with_coords,random,True,0,0.019790604773622194,-35290.0454930004,6868477.63934909
7,55,Pseudechis porphyricaus,GAM_multi_interactions_with_coords,random,True,0,0.005004744575387119,-35290.0454930004,6868477.63934909
7,56,Saltuarius swaini,GAM_multi_interactions_with_coords,random,True,0,0.008544212290885747,-35290.0454930004,6868477.63934909
15,113,Cacophis kreftii,GAM_multi_interactions_with_coords,random,True,0,0.11695026816852604,-99804.9506313828,6852000.67743644
15,114,Calyptotis scutirostrum,GAM_multi_interactions_with_coords,random,True,1,0.34671303431433625,-99804.9506313828,6852000.67743644
15,115,Coeranoscincus reticulatus,GAM_multi_interactions_with_coords,random,True,0,0.496468275532216,-99804.9506313828,6852000.67743644
15,116,Egernia mcpheei,GAM_multi_interactions_with_coords,random,True,1,0.10718753337805817,-99804.9506313828,6852000.67743644
15,117,Eulamprus murrayi,GAM_multi_interactions_with_coords,random,True,0,0.024963305770653012,-99804.9506313828,6852000.67743644
15,118,Ophioscincus truncatus,GAM_multi_interactions_with_coords,random,True,0,0.22261476278886275,-99804.9506313828,6852000.67743644
15,119,Pseudechis porphyricaus,GAM_multi_interactions_with_coords,random,True,0,0.026267851709981437,-99804.9506313828,6852000.67743644
15,120,Saltuarius swaini,GAM_multi_interactions_with_coords,random,True,0,0.022610862492069218,-99804.9506313828,6852000.67743644
21,161,Cacophis kreftii,GAM_multi_interactions_with_coords,random,True,0,0.06627657823380764,-91866.6308808398,6850184.44292602
21,162,Calyptotis scutirostrum,GAM_multi_interactions_with_coords,random,True,0,0.24870938784890695,-91866.6308808398,6850184.44292602
21,163,Coeranoscincus reticulatus,GAM_multi_interactions_with_coords,random,True,0,0.35288620291026307,-91866.6308808398,6850184.44292602
21,164,Egernia mcpheei,GAM_multi_interactions_with_coords,random,True,0,0.07391228967362895,-91866.6308808398,6850184.44292602
21,165,Eulamprus murrayi,GAM_multi_interactions_with_coords,random,True,0,0.012502232865230395,-91866.6308808398,6850184.44292602
21,166,Ophioscincus truncatus,GAM_multi_interactions_with_coords,random,True,0,0.09515578896268426,-91866.6308808398,6850184.44292602
21,167,Pseudechis porphyricaus,GAM_multi_interactions_with_coords,random,True,0,0.015643791814415088,-91866.6308808398,6850184.44292602
21,168,Saltuarius swaini,GAM_multi_interactions_with_coords,random,True,0,0.01183096681121293,-91866.6308808398,6850184.44292602
29,225,Cacophis kreftii,GAM_multi_interactions_with_coords,random,True,0,0.08142732235509949,-81258.2639630969,6847092.07487722
29,226,Calyptotis scutirostrum,GAM_multi_interactions_with_coords,random,True,0,0.12311595710446945,-81258.2639630969,6847092.07487722
29,227,Coeranoscincus reticulatus,GAM_multi_interactions_with_coords,random,True,0,0.06208568957973578,-81258.2639630969,6847092.07487722
29,228,Egernia mcpheei,GAM_multi_interactions_with_coords,random,True,0,0.027060663529881443,-81258.2639630969,6847092.07487722
29,229,Eulamprus murrayi,GAM_multi_interactions_with_coords,random,True,0,0.010444070030237706,-81258.2639630969,6847092.07487722
29,230,Ophioscincus truncatus,GAM_multi_interactions_with_coords,random,True,1,0.7609185197682313,-81258.2639630969,6847092.07487722
29,231,Pseudechis porphyricaus,GAM_multi_interactions_with_coords,random,True,0,0.024260789556528668,-81258.2639630969,6847092.07487722
29,232,Saltuarius swaini,GAM_multi_interactions_with_coords,random,True,0,0.018377009603250675,-81258.2639630969,6847092.07487722
30,233,Cacophis kreftii,GAM_multi_interactions_with_coords,random,True,1,0.12501829233507208,-96294.553982511,6846140.09863748
30,234,Calyptotis scutirostrum,GAM_multi_interactions_with_coords,random,True,1,0.38954169970109215,-96294.553982511,6846140.09863748
30,235,Coeranoscincus reticulatus,GAM_multi_interactions_with_coords,random,True,0,0.3436010164978491,-96294.553982511,6846140.09863748
30,236,Egernia mcpheei,GAM_multi_interactions_with_coords,random,True,1,0.12221138544762324,-96294.553982511,6846140.09863748
30,237,Eulamprus murrayi,GAM_multi_interactions_with_coords,random,True,0,0.02264544945817464,-96294.553982511,6846140.09863748
30,238,Ophioscincus truncatus,GAM_multi_interactions_with_coords,random,True,1,0.25155550218608425,-96294.553982511,6846140.09863748
30,239,Pseudechis porphyricaus,GAM_multi_interactions_with_coords,random,True,0,0.033227002250880155,-96294.553982511,6846140.09863748
30,240,Saltuarius swaini,GAM_multi_interactions_with_coords,random,True,0,0.02998874493458587,-96294.553982511,6846140.09863748
31,241,Cacophis kreftii,GAM_multi_interactions_with_coords,random,True,0,0.08827231026615842,-95292.0596882657,6846190.80238834
31,242,Calyptotis scutirostrum,GAM_multi_interactions_with_coords,random,True,1,0.23805219996599936,-95292.0596882657,6846190.80238834
31,243,Coeranoscincus reticulatus,GAM_multi_interactions_with_coords,random,True,0,0.39770245402158144,-95292.0596882657,6846190.80238834
31,244,Egernia mcpheei,GAM_multi_interactions_with_coords,random,True,0,0.06895648088012678,-95292.0596882657,6846190.80238834
31,245,Eulamprus murrayi,GAM_multi_interactions_with_coords,random,True,0,0.014109494718771098,-95292.0596882657,6846190.80238834
31,246,Ophioscincus truncatus,GAM_multi_interactions_with_coords,random,True,0,0.2531461614702129,-95292.0596882657,6846190.80238834
31,247,Pseudechis porphyricaus,GAM_multi_interactions_with_coords,random,True,0,0.012053968638156084,-95292.0596882657,6846190.80238834
31,248,Saltuarius swaini,GAM_multi_interactions_with_coords,random,True,0,0.01699786419393776,-95292.0596882657,6846190.80238834
37,289,Cacophis kreftii,GAM_multi_interactions_with_coords,random,True,0,0.07369846846090577,-79037.3638766905,6846800.48131106
37,290,Calyptotis scutirostrum,GAM_multi_interactions_with_coords,random,True,0,0.11790781367475285,-79037.3638766905,6846800.48131106
37,291,Coeranoscincus reticulatus,GAM_multi_interactions_with_coords,random,True,0,0.06130745789658711,-79037.3638766905,6846800.48131106
37,292,Egernia mcpheei,GAM_multi_interactions_with_coords,random,True,0,0.02888416218220688,-79037.3638766905,6846800.48131106
37,293,Eulamprus murrayi,GAM_multi_interactions_with_coords,random,True,0,0.010307004841449799,-79037.3638766905,6846800.48131106
37,294,Ophioscincus truncatus,GAM_multi_interactions_with_coords,random,True,1,0.5577642016375273,-79037.3638766905,6846800.48131106
37,295,Pseudechis porphyricaus,GAM_multi_interactions_with_coords,random,True,0,0.016649423065387713,-79037.3638766905,6846800.48131106
37,296,Saltuarius swaini,GAM_multi_interactions_with_coords,random,True,0,0.014466172666822073,-79037.3638766905,6846800.48131106
41,321,Cacophis kreftii,GAM_multi_interactions_with_coords,random,True,0,0.0923546392093896,-96863.6801254773,6845509.65270053
41,322,Calyptotis scutirostrum,GAM_multi_interactions_with_coords,random,True,0,0.3078046425021183,-96863.6801254773,6845509.65270053
41,323,Coeranoscincus reticulatus,GAM_multi_interactions_with_coords,random,True,0,0.3347249125635572,-96863.6801254773,6845509.65270053
41,324,Egernia mcpheei,GAM_multi_interactions_with_coords,random,True,0,0.1016700021834611,-96863.6801254773,6845509.65270053
41,325,Eulamprus murrayi,GAM_multi_interactions_with_coords,random,True,0,0.01744115530443917,-96863.6801254773,6845509.65270053
41,326,Ophioscincus truncatus,GAM_multi_interactions_with_coords,random,True,0,0.15489385295165237,-96863.6801254773,6845509.65270053
41,327,Pseudechis porphyricaus,GAM_multi_interactions_with_coords,random,True,0,0.020231313735140092,-96863.6801254773,6845509.65270053
41,328,Saltuarius swaini,GAM_multi_interactions_with_coords,random,True,0,0.020984674503940155,-96863.6801254773,6845509.65270053
47,369,Cacophis kreftii,GAM_multi_interactions_with_coords,random,True,0,0.08855888855603375,-79381.2357397435,6845781.19738334
47,370,Calyptotis scutirostrum,GAM_multi_interactions_with_coords,random,True,0,0.14912538446239978,-79381.2357397435,6845781.19738334
47,371,Coeranoscincus reticulatus,GAM_multi_interactions_with_coords,random,True,0,0.07044225479810264,-79381.2357397435,6845781.19738334
47,372,Egernia mcpheei,GAM_multi_interactions_with_coords,random,True,0,0.030231347090092866,-79381.2357397435,6845781.19738334
47,373,Eulamprus murrayi,GAM_multi_interactions_with_coords,random,True,0,0.011751137091928397,-79381.2357397435,6845781.19738334
47,374,Ophioscincus truncatus,GAM_multi_interactions_with_coords,random,True,1,0.7659500351977729,-79381.2357397435,6845781.19738334
47,375,Pseudechis porphyricaus,GAM_multi_interactions_with_coords,random,True,0,0.026501848674678464,-79381.2357397435,6845781.19738334
47,376,Saltuarius swaini,GAM_multi_interactions_with_coords,random,True,0,0.019809757136017524,-79381.2357397435,6845781.19738334
52,409,Cacophis kreftii,GAM_multi_interactions_with_coords,random,True,0,0.13909007299790807,-60471.4026198804,6845516.11047191
52,410,Calyptotis scutirostrum,GAM_multi_interactions_with_coords,random,True,1,0.6920364187714059,-60471.4026198804,6845516.11047191
52,411,Coeranoscincus reticulatus,GAM_multi_interactions_with_coords,random,True,0,0.0574936210211133,-60471.4026198804,6845516.11047191
52,412,Egernia mcpheei,GAM_multi_interactions_with_coords,random,True,0,0.10707799279885294,-60471.4026198804,6845516.11047191
52,413,Eulamprus murrayi,GAM_multi_interactions_with_coords,random,True,0,0.025265605367563435,-60471.4026198804,6845516.11047191
52,414,Ophioscincus truncatus,GAM_multi_interactions_with_coords,random,True,1,0.5304559332384151,-60471.4026198804,6845516.11047191
52,415,Pseudechis porphyricaus,GAM_multi_interactions_with_coords,random,True,0,0.024474653416652788,-60471.4026198804,6845516.11047191
52,416,Saltuarius swaini,GAM_multi_interactions_with_coords,random,True,0,0.036279217011614365,-60471.4026198804,6845516.11047191
56,441,Cacophis kreftii,GAM_multi_interactions_with_coords,random,True,0,0.10630589954817184,-60864.6156634532,6845296.97560224
56,442,Calyptotis scutirostrum,GAM_multi_interactions_with_coords,random,True,0,0.613985430345688,-60864.6156634532,6845296.97560224
56,443,Coeranoscincus reticulatus,GAM_multi_interactions_with_coords,random,True,0,0.06303064748117589,-60864.6156634532,6845296.97560224
56,444,Egernia mcpheei,GAM_multi_interactions_with_coords,random,True,0,0.08391386607836536,-60864.6156634532,6845296.97560224
56,445,Eulamprus murrayi,GAM_multi_interactions_with_coords,random,True,0,0.016056054576055145,-60864.6156634532,6845296.97560224
56,446,Ophioscincus truncatus,GAM_multi_interactions_with_coords,random,True,1,0.4015274437147533,-60864.6156634532,6845296.97560224
56,447,Pseudechis porphyricaus,GAM_multi_interactions_with_coords,random,True,0,0.016807836445685082,-60864.6156634532,6845296.97560224
56,448,Saltuarius swaini,GAM_multi_interactions_with_coords,random,True,0,0.026271687172750222,-60864.6156634532,6845296.97560224
61,481,Cacophis kreftii,GAM_multi_interactions_with_coords,random,True,0,0.058727477222481644,-61435.1928033584,6844668.54431818
61,482,Calyptotis scutirostrum,GAM_multi_interactions_with_coords,random,True,0,0.21950818215208934,-61435.1928033584,6844668.54431818
61,483,Coeranoscincus reticulatus,GAM_multi_interactions_with_coords,random,True,0,0.0914609800072821,-61435.1928033584,6844668.54431818
61,484,Egernia mcpheei,GAM_multi_interactions_with_coords,random,True,0,0.018503797830366663,-61435.1928033584,6844668.54431818
61,485,Eulamprus murrayi,GAM_multi_interactions_with_coords,random,True,0,0.01384385096527916,-61435.1928033584,6844668.54431818
61,486,Ophioscincus truncatus,GAM_multi_interactions_with_coords,random,True,1,0.3491294211391314,-61435.1928033584,6844668.54431818
61,487,Pseudechis porphyricaus,GAM_multi_interactions_with_coords,random,True,0,0.015176482598437091,-61435.1928033584,6844668.54431818
61,488,Saltuarius swaini,GAM_multi_interactions_with_coords,random,True,0,0.022682431754015006,-61435.1928033584,6844668.54431818
62,489,Cacophis kreftii,GAM_multi_interactions_with_coords,random,True,0,0.13896050287160552,-60629.7662982834,6844706.93792291
62,490,Calyptotis scutirostrum,GAM_multi_interactions_with_coords,random,True,1,0.6722601409587818,-60629.7662982834,6844706.93792291
62,491,Coeranoscincus reticulatus,GAM_multi_interactions_with_coords,random,True,0,0.0702426382773889,-60629.7662982834,6844706.93792291
62,492,Egernia mcpheei,GAM_multi_interactions_with_coords,random,True,0,0.1096997328236166,-60629.7662982834,6844706.93792291
62,493,Eulamprus murrayi,GAM_multi_interactions_with_coords,random,True,0,0.020129657313708058,-60629.7662982834,6844706.93792291
62,494,Ophioscincus truncatus,GAM_multi_interactions_with_coords,random,True,1,0.5078131315808937,-60629.7662982834,6844706.93792291
62,495,Pseudechis porphyricaus,GAM_multi_interactions_with_coords,random,True,0,0.030037276323685212,-60629.7662982834,6844706.93792291
62,496,Saltuarius swaini,GAM_multi_interactions_with_coords,random,True,0,0.039931310554503024,-60629.7662982834,6844706.93792291
65,513,Cacophis kreftii,GAM_multi_interactions_with_coords,random,True,0,0.14372792730396883,-84881.8823593461,6843092.18042196
65,514,Calyptotis scutirostrum,GAM_multi_interactions_with_coords,random,True,1,0.5807670414313157,-84881.8823593461,6843092.18042196
65,515,Coeranoscincus reticulatus,GAM_multi_interactions_with_coords,random,True,0,0.13339837735589405,-84881.8823593461,6843092.18042196
65,516,Egernia mcpheei,GAM_multi_interactions_with_coords,random,True,0,0.11973932698112422,-84881.8823593461,6843092.18042196
65,517,Eulamprus murrayi,GAM_multi_interactions_with_coords,random,True,0,0.021774348702967707,-84881.8823593461,6843092.18042196
65,518,Ophioscincus truncatus,GAM_multi_interactions_with_coords,random,True,1,0.3933195111523262,-84881.8823593461,6843092.18042196
65,519,Pseudechis porphyricaus,GAM_multi_interactions_with_coords,random,True,0,0.030800710062648565,-84881.8823593461,6843092.18042196
65,520,Saltuarius swaini,GAM_multi_interactions_with_coords,random,True,0,0.03121268931962992,-84881.8823593461,6843092.18042196
72,569,Cacophis kreftii,GAM_multi_interactions_with_coords,random,True,0,0.050659958419627,-86463.3052036808,6842612.44869674
72,570,Calyptotis scutirostrum,GAM_multi_interactions_with_coords,random,True,1,0.10616653841635723,-86463.3052036808,6842612.44869674
72,571,Coeranoscincus reticulatus,GAM_multi_interactions_with_coords,random,True,0,0.12983434491931198,-86463.3052036808,6842612.44869674
72,572,Egernia mcpheei,GAM_multi_interactions_with_coords,random,True,0,0.04210098953456349,-86463.3052036808,6842612.44869674
72,573,Eulamprus murrayi,GAM_multi_interactions_with_coords,random,True,0,0.009620232259028652,-86463.3052036808,6842612.44869674
72,574,Ophioscincus truncatus,GAM_multi_interactions_with_coords,random,True,1,0.17302622543331034,-86463.3052036808,6842612.44869674
72,575,Pseudechis porphyricaus,GAM_multi_interactions_with_coords,random,True,0,0.010502174284360087,-86463.3052036808,6842612.44869674
72,576,Saltuarius swaini,GAM_multi_interactions_with_coords,random,True,0,0.0172887826566971,-86463.3052036808,6842612.44869674
78,617,Cacophis kreftii,GAM_multi_interactions_with_coords,random,True,0,0.06309295788978882,-85647.642077096,6842252.08566301
78,618,Calyptotis scutirostrum,GAM_multi_interactions_with_coords,random,True,0,0.22026373338045255,-85647.642077096,6842252.08566301
78,619,Coeranoscincus reticulatus,GAM_multi_interactions_with_coords,random,True,1,0.22866024796375747,-85647.642077096,6842252.08566301
78,620,Egernia mcpheei,GAM_multi_interactions_with_coords,random,True,0,0.050120070555835464,-85647.642077096,6842252.08566301
78,621,Eulamprus murrayi,GAM_multi_interactions_with_coords,random,True,0,0.010937278997102897,-85647.642077096,6842252.08566301
78,622,Ophioscincus truncatus,GAM_multi_interactions_with_coords,random,True,0,0.18424113965079295,-85647.642077096,6842252.08566301
78,623,Pseudechis porphyricaus,GAM_multi_interactions_with_coords,random,True,0,0.006607034134694823,-85647.642077096,6842252.08566301
78,624,Saltuarius swaini,GAM_multi_interactions_with_coords,random,True,0,0.011975739431683471,-85647.642077096,6842252.08566301
84,665,Cacophis kreftii,GAM_multi_interactions_with_coords,random,True,0,0.06919029392249766,-75697.1375955953,6840337.76316393
84,666,Calyptotis scutirostrum,GAM_multi_interactions_with_coords,random,True,0,0.15998739793616693,-75697.1375955953,6840337.76316393
84,667,Coeranoscincus reticulatus,GAM_multi_interactions_with_coords,random,True,0,0.05727965109941283,-75697.1375955953,6840337.76316393
84,668,Egernia mcpheei,GAM_multi_interactions_with_coords,random,True,0,0.02964506812785041,-75697.1375955953,6840337.76316393
84,669,Eulamprus murrayi,GAM_multi_interactions_with_coords,random,True,0,0.009061753794664364,-75697.1375955953,6840337.76316393
84,670,Ophioscincus truncatus,GAM_multi_interactions_with_coords,random,True,0,0.29369339979788084,-75697.1375955953,6840337.76316393
84,671,Pseudechis porphyricaus,GAM_multi_interactions_with_coords,random,True,0,0.02486484356864498,-75697.1375955953,6840337.76316393
84,672,Saltuarius swaini,GAM_multi_interactions_with_coords,random,True,0,0.014205900019033511,-75697.1375955953,6840337.76316393
87,689,Cacophis kreftii,GAM_multi_interactions_with_coords,random,True,0,0.01829987319184181,-71013.5035560221,6839163.13240084
87,690,Calyptotis scutirostrum,GAM_multi_interactions_with_coords,random,True,0,0.029297492869157237,-71013.5035560221,6839163.13240084
87,691,Coeranoscincus reticulatus,GAM_multi_interactions_with_coords,random,True,1,0.026207129238967432,-71013.5035560221,6839163.13240084
87,692,Egernia mcpheei,GAM_multi_interactions_with_coords,random,True,0,0.008788444577194425,-71013.5035560221,6839163.13240084
87,693,Eulamprus murrayi,GAM_multi_interactions_with_coords,random,True,0,0.0029971360435859613,-71013.5035560221,6839163.13240084
87,694,Ophioscincus truncatus,GAM_multi_interactions_with_coords,random,True,0,0.1587556821642579,-71013.5035560221,6839163.13240084
87,695,Pseudechis porphyricaus,GAM_multi_interactions_with_coords,random,True,0,0.005678508178047042,-71013.5035560221,6839163.13240084
87,696,Saltuarius swaini,GAM_multi_interactions_with_coords,random,True,0,0.020207635819702145,-71013.5035560221,6839163.13240084
92,729,Cacophis kreftii,GAM_multi_interactions_with_coords,random,True,0,0.030459275487662578,-75353.1982293057,6837536.97534272
92,730,Calyptotis scutirostrum,GAM_multi_interactions_with_coords,random,True,0,0.03360356897701038,-75353.1982293057,6837536.97534272
92,731,Coeranoscincus reticulatus,GAM_multi_interactions_with_coords,random,True,0,0.020546925979715552,-75353.1982293057,6837536.97534272
92,732,Egernia mcpheei,GAM_multi_interactions_with_coords,random,True,0,0.012007425456666625,-75353.1982293057,6837536.97534272
92,733,Eulamprus murrayi,GAM_multi_interactions_with_coords,random,True,0,0.0038296556169794905,-75353.1982293057,6837536.97534272
92,734,Ophioscincus truncatus,GAM_multi_interactions_with_coords,random,True,0,0.29830876060933714,-75353.1982293057,6837536.97534272
92,735,Pseudechis porphyricaus,GAM_multi_interactions_with_coords,random,True,0,0.012283025939352142,-75353.1982293057,6837536.97534272
92,736,Saltuarius swaini,GAM_multi_interactions_with_coords,random,True,0,0.008238387025154574,-75353.1982293057,6837536.97534272
97,769,Cacophis kreftii,GAM_multi_interactions_with_coords,random,True,0,0.11384948967595547,-114250.874091765,6835186.86007185
97,770,Calyptotis scutirostrum,GAM_multi_interactions_with_coords,random,True,1,0.2544449463800559,-114250.874091765,6835186.86007185
97,771,Coeranoscincus reticulatus,GAM_multi_interactions_with_coords,random,True,1,0.4371332096534929,-114250.874091765,6835186.86007185
97,772,Egernia mcpheei,GAM_multi_interactions_with_coords,random,True,0,0.08479536489328449,-114250.874091765,6835186.86007185
97,773,Eulamprus murrayi,GAM_multi_interactions_with_coords,random,True,0,0.026401807729947314,-114250.874091765,6835186.86007185
97,774,Ophioscincus truncatus,GAM_multi_interactions_with_coords,random,True,1,0.39117494229315153,-114250.874091765,6835186.86007185
97,775,Pseudechis porphyricaus,GAM_multi_interactions_with_coords,random,True,0,0.027051501199065135,-114250.874091765,6835186.86007185
97,776,Saltuarius swaini,GAM_multi_interactions_with_coords,random,True,0,0.02468546769928872,-114250.874091765,6835186.86007185
99,785,Cacophis kreftii,GAM_multi_interactions_with_coords,random,True,0,0.05207687528664841,-123277.985601988,6834532.44353339
99,786,Calyptotis scutirostrum,GAM_multi_interactions_with_coords,random,True,0,0.12531846232175584,-123277.985601988,6834532.44353339
99,787,Coeranoscincus reticulatus,GAM_multi_interactions_with_coords,random,True,0,0.6032434483216007,-123277.985601988,6834532.44353339
99,788,Egernia mcpheei,GAM_multi_interactions_with_coords,random,True,0,0.050444696516527526,-123277.985601988,6834532.44353339
99,789,Eulamprus murrayi,GAM_multi_interactions_with_coords,random,True,0,0.008224729980194566,-123277.985601988,6834532.44353339
99,790,Ophioscincus truncatus,GAM_multi_interactions_with_coords,random,True,0,0.14605744522182412,-123277.985601988,6834532.44353339
99,791,Pseudechis porphyricaus,GAM_multi_interactions_with_coords,random,True,0,0.019374537914796194,-123277.985601988,6834532.44353339
99,792,Saltuarius swaini,GAM_multi_interactions_with_coords,random,True,0,0.020489677804442687,-123277.985601988,6834532.44353339
101,801,Cacophis kreftii,GAM_multi_interactions_with_coords,random,True,1,0.16880703783240356,-147109.711119875,6832327.45616153
101,802,Calyptotis scutirostrum,GAM_multi_interactions_with_coords,random,True,1,0.6647125403322894,-147109.711119875,6832327.45616153
101,803,Coeranoscincus reticulatus,GAM_multi_interactions_with_coords,random,True,0,0.5441191141506141,-147109.711119875,6832327.45616153
101,804,Egernia mcpheei,GAM_multi_interactions_with_coords,random,True,0,0.1591015770270306,-147109.711119875,6832327.45616153
101,805,Eulamprus murrayi,GAM_multi_interactions_with_coords,random,True,0,0.035606884796169046,-147109.711119875,6832327.45616153
101,806,Ophioscincus truncatus,GAM_multi_interactions_with_coords,random,True,0,0.2973175722954158,-147109.711119875,6832327.45616153
101,807,Pseudechis porphyricaus,GAM_multi_interactions_with_coords,random,True,0,0.09893345080152882,-147109.711119875,6832327.45616153
101,808,Saltuarius swaini,GAM_multi_interactions_with_coords,random,True,0,0.027244773938255005,-147109.711119875,6832327.45616153
108,857,Cacophis kreftii,GAM_multi_interactions_with_coords,random,True,1,0.06727193839289776,-120786.146445189,6833048.30377336
108,858,Calyptotis scutirostrum,GAM_multi_interactions_with_coords,random,True,0,0.19450459925205402,-120786.146445189,6833048.30377336
108,859,Coeranoscincus reticulatus,GAM_multi_interactions_with_coords,random,True,0,0.6438669821067344,-120786.146445189,6833048.30377336
108,860,Egernia mcpheei,GAM_multi_interactions_with_coords,random,True,0,0.05696009485064122,-120786.146445189,6833048.30377336
108,861,Eulamprus murrayi,GAM_multi_interactions_with_coords,random,True,0,0.013590197186431245,-120786.146445189,6833048.30377336
108,862,Ophioscincus truncatus,GAM_multi_interactions_with_coords,random,True,1,0.1671160221222907,-120786.146445189,6833048.30377336
108,863,Pseudechis porphyricaus,GAM_multi_interactions_with_coords,random,True,0,0.01338656774420932,-120786.146445189,6833048.30377336
108,864,Saltuarius swaini,GAM_multi_interactions_with_coords,random,True,0,0.022248091247394595,-120786.146445189,6833048.30377336
116,921,Cacophis kreftii,GAM_multi_interactions_with_coords,random,True,1,0.04960516267169129,-119959.663589068,6832690.76087561
116,922,Calyptotis scutirostrum,GAM_multi_interactions_with_coords,random,True,0,0.10784267573425697,-119959.663589068,6832690.76087561
116,923,Coeranoscincus reticulatus,GAM_multi_interactions_with_coords,random,True,0,0.5611900324915083,-119959.663589068,6832690.76087561
116,924,Egernia mcpheei,GAM_multi_interactions_with_coords,random,True,0,0.04368202326928685,-119959.663589068,6832690.76087561
116,925,Eulamprus murrayi,GAM_multi_interactions_with_coords,random,True,0,0.007692376905875774,-119959.663589068,6832690.76087561
116,926,Ophioscincus truncatus,GAM_multi_interactions_with_coords,random,True,1,0.1511298072512319,-119959.663589068,6832690.76087561
116,927,Pseudechis porphyricaus,GAM_multi_interactions_with_coords,random,True,0,0.013734650696395335,-119959.663589068,6832690.76087561
116,928,Saltuarius swaini,GAM_multi_interactions_with_coords,random,True,0,0.021821794552219817,-119959.663589068,6832690.76087561
117,929,Cacophis kreftii,GAM_multi_interactions_with_coords,random,True,0,0.061554233593742895,-119338.87811833,6832311.15904512
117,930,Calyptotis scutirostrum,GAM_multi_interactions_with_coords,random,True,1,0.16005065688283127,-119338.87811833,6832311.15904512
117,931,Coeranoscincus reticulatus,GAM_multi_interactions_with_coords,random,True,1,0.6107254480131248,-119338.87811833,6832311.15904512
117,932,Egernia mcpheei,GAM_multi_interactions_with_coords,random,True,0,0.049225407919858764,-119338.87811833,6832311.15904512
117,933,Eulamprus murrayi,GAM_multi_interactions_with_coords,random,True,0,0.011590607174911123,-119338.87811833,6832311.15904512
117,934,Ophioscincus truncatus,GAM_multi_interactions_with_coords,random,True,1,0.16351659091814522,-119338.87811833,6832311.15904512
117,935,Pseudechis porphyricaus,GAM_multi_interactions_with_coords,random,True,0,0.011261643017686923,-119338.87811833,6832311.15904512
117,936,Saltuarius swaini,GAM_multi_interactions_with_coords,random,True,0,0.022004167178790765,-119338.87811833,6832311.15904512
121,961,Cacophis kreftii,GAM_multi_interactions_with_coords,random,True,0,0.07641634791088314,-113308.229962265,6832416.48893136
121,962,Calyptotis scutirostrum,GAM_multi_interactions_with_coords,random,True,0,0.21775210789153857,-113308.229962265,6832416.48893136
121,963,Coeranoscincus reticulatus,GAM_multi_interactions_with_coords,random,True,1,0.4872497009563286,-113308.229962265,6832416.48893136
121,964,Egernia mcpheei,GAM_multi_interactions_with_coords,random,True,0,0.04837255989303822,-113308.229962265,6832416.48893136
121,965,Eulamprus murrayi,GAM_multi_interactions_with_coords,random,True,0,0.015225272954790939,-113308.229962265,6832416.48893136
121,966,Ophioscincus truncatus,GAM_multi_interactions_with_coords,random,True,1,0.24304981871116327,-113308.229962265,6832416.48893136
121,967,Pseudechis porphyricaus,GAM_multi_interactions_with_coords,random,True,0,0.013254480307874055,-113308.229962265,6832416.48893136
121,968,Saltuarius swaini,GAM_multi_interactions_with_coords,random,True,0,0.0234452803673278,-113308.229962265,6832416.48893136
125,993,Cacophis kreftii,GAM_multi_interactions_with_coords,random,True,0,0.044991610946314445,-119100.196556909,6831521.23488212
125,994,Calyptotis scutirostrum,GAM_multi_interactions_with_coords,random,True,1,0.09274267718641833,-119100.196556909,6831521.23488212
125,995,Coeranoscincus reticulatus,GAM_multi_interactions_with_coords,random,True,0,0.4369524101199153,-119100.196556909,6831521.23488212
125,996,Egernia mcpheei,GAM_multi_interactions_with_coords,random,True,0,0.04455015566963714,-119100.196556909,6831521.23488212
125,997,Eulamprus murrayi,GAM_multi_interactions_with_coords,random,True,0,0.007671914254182767,-119100.196556909,6831521.23488212
125,998,Ophioscincus truncatus,GAM_multi_interactions_with_coords,random,True,0,0.13899028909059571,-119100.196556909,6831521.23488212
125,999,Pseudechis porphyricaus,GAM_multi_interactions_with_coords,random,True,0,0.01500733861208095,-119100.196556909,6831521.23488212
125,1000,Saltuarius swaini,GAM_multi_interactions_with_coords,random,True,0,0.022359141877591873,-119100.196556909,6831521.23488212
129,1025,Cacophis kreftii,GAM_multi_interactions_with_coords,random,True,0,0.09128220898266258,-76147.8048592401,6833277.03106837
129,1026,Calyptotis scutirostrum,GAM_multi_interactions_with_coords,random,True,0,0.485486222170302,-76147.8048592401,6833277.03106837
129,1027,Coeranoscincus reticulatus,GAM_multi_interactions_with_coords,random,True,0,0.08295285872194302,-76147.8048592401,6833277.03106837
129,1028,Egernia mcpheei,GAM_multi_interactions_with_coords,random,True,0,0.07280962273745827,-76147.8048592401,6833277.03106837
129,1029,Eulamprus murrayi,GAM_multi_interactions_with_coords,random,True,0,0.014012349199161849,-76147.8048592401,6833277.03106837
129,1030,Ophioscincus truncatus,GAM_multi_interactions_with_coords,random,True,0,0.32531790964892804,-76147.8048592401,6833277.03106837
129,1031,Pseudechis porphyricaus,GAM_multi_interactions_with_coords,random,True,0,0.013037634434521567,-76147.8048592401,6833277.03106837
129,1032,Saltuarius swaini,GAM_multi_interactions_with_coords,random,True,0,0.01708040106193703,-76147.8048592401,6833277.03106837
132,1049,Cacophis kreftii,GAM_multi_interactions_with_coords,random,True,0,0.05214576065419028,-105801.162580743,6831179.93507326
132,1050,Calyptotis scutirostrum,GAM_multi_interactions_with_coords,random,True,0,0.10429029882240216,-105801.162580743,6831179.93507326
132,1051,Coeranoscincus reticulatus,GAM_multi_interactions_with_coords,random,True,0,0.4268852685310898,-105801.162580743,6831179.93507326
132,1052,Egernia mcpheei,GAM_multi_interactions_with_coords,random,True,0,0.05812511104485187,-105801.162580743,6831179.93507326
132,1053,Eulamprus murrayi,GAM_multi_interactions_with_coords,random,True,0,0.007482847113826813,-105801.162580743,6831179.93507326
132,1054,Ophioscincus truncatus,GAM_multi_interactions_with_coords,random,True,0,0.12294840495280954,-105801.162580743,6831179.93507326
132,1055,Pseudechis porphyricaus,GAM_multi_interactions_with_coords,random,True,0,0.011068155487406023,-105801.162580743,6831179.93507326
132,1056,Saltuarius swaini,GAM_multi_interactions_with_coords,random,True,0,0.012929191105187044,-105801.162580743,6831179.93507326
133,1057,Cacophis kreftii,GAM_multi_interactions_with_coords,random,True,0,0.07181048426241907,-76520.6971461142,6832657.28276156
133,1058,Calyptotis scutirostrum,GAM_multi_interactions_with_coords,random,True,1,0.30923045912166996,-76520.6971461142,6832657.28276156
133,1059,Coeranoscincus reticulatus,GAM_multi_interactions_with_coords,random,True,0,0.06669670267036178,-76520.6971461142,6832657.28276156
133,1060,Egernia mcpheei,GAM_multi_interactions_with_coords,random,True,0,0.042830611035990306,-76520.6971461142,6832657.28276156
133,1061,Eulamprus murrayi,GAM_multi_interactions_with_coords,random,True,0,0.011032729782084713,-76520.6971461142,6832657.28276156
133,1062,Ophioscincus truncatus,GAM_multi_interactions_with_coords,random,True,0,0.43062435966831963,-76520.6971461142,6832657.28276156
133,1063,Pseudechis porphyricaus,GAM_multi_interactions_with_coords,random,True,0,0.009707750424029165,-76520.6971461142,6832657.28276156
133,1064,Saltuarius swaini,GAM_multi_interactions_with_coords,random,True,0,0.012571956286784867,-76520.6971461142,6832657.28276156
136,1081,Cacophis kreftii,GAM_multi_interactions_with_coords,random,True,0,0.038394070336988606,-62745.5415882464,6830732.52392328
136,1082,Calyptotis scutirostrum,GAM_multi_interactions_with_coords,random,True,0,0.08138289780612531,-62745.5415882464,6830732.52392328
136,1083,Coeranoscincus reticulatus,GAM_multi_interactions_with_coords,random,True,0,0.03750233014654868,-62745.5415882464,6830732.52392328
136,1084,Egernia mcpheei,GAM_multi_interactions_with_coords,random,True,0,0.014298797973578565,-62745.5415882464,6830732.52392328
136,1085,Eulamprus murrayi,GAM_multi_interactions_with_coords,random,True,0,0.005940736459151627,-62745.5415882464,6830732.52392328
136,1086,Ophioscincus truncatus,GAM_multi_interactions_with_coords,random,True,1,0.22378751820262738,-62745.5415882464,6830732.52392328
136,1087,Pseudechis porphyricaus,GAM_multi_interactions_with_coords,random,True,0,0.009407146475608029,-62745.5415882464,6830732.52392328
136,1088,Saltuarius swaini,GAM_multi_interactions_with_coords,random,True,0,0.008107650139064764,-62745.5415882464,6830732.52392328
139,1105,Cacophis kreftii,GAM_multi_interactions_with_coords,random,True,0,0.13975038016487407,-60097.6324680274,6830057.84195886
139,1106,Calyptotis scutirostrum,GAM_multi_interactions_with_coords,random,True,0,0.6550207346065989,-60097.6324680274,6830057.84195886
139,1107,Coeranoscincus reticulatus,GAM_multi_interactions_with_coords,random,True,0,0.09762100681119978,-60097.6324680274,6830057.84195886
139,1108,Egernia mcpheei,GAM_multi_interactions_with_coords,random,True,0,0.11350538665571687,-60097.6324680274,6830057.84195886
139,1109,Eulamprus murrayi,GAM_multi_interactions_with_coords,random,True,0,0.01947385517687931,-60097.6324680274,6830057.84195886
139,1110,Ophioscincus truncatus,GAM_multi_interactions_with_coords,random,True,1,0.46135662231038255,-60097.6324680274,6830057.84195886
139,1111,Pseudechis porphyricaus,GAM_multi_interactions_with_coords,random,True,0,0.030264387485892868,-60097.6324680274,6830057.84195886
139,1112,Saltuarius swaini,GAM_multi_interactions_with_coords,random,True,0,0.03603490639494014,-60097.6324680274,6830057.84195886
141,1121,Cacophis kreftii,GAM_multi_interactions_with_coords,random,True,0,0.06249554735301883,-59274.1159834863,6829696.39928037
141,1122,Calyptotis scutirostrum,GAM_multi_interactions_with_coords,random,True,0,0.24485955304793347,-59274.1159834863,6829696.39928037
141,1123,Coeranoscincus reticulatus,GAM_multi_interactions_with_coords,random,True,0,0.13186818920579024,-59274.1159834863,6829696.39928037
141,1124,Egernia mcpheei,GAM_multi_interactions_with_coords,random,True,0,0.034342302200190605,-59274.1159834863,6829696.39928037
141,1125,Eulamprus murrayi,GAM_multi_interactions_with_coords,random,True,0,0.010087456098596265,-59274.1159834863,6829696.39928037
141,1126,Ophioscincus truncatus,GAM_multi_interactions_with_coords,random,True,0,0.18822211644269446,-59274.1159834863,6829696.39928037
141,1127,Pseudechis porphyricaus,GAM_multi_interactions_with_coords,random,True,0,0.018128994971899254,-59274.1159834863,6829696.39928037
141,1128,Saltuarius swaini,GAM_multi_interactions_with_coords,random,True,0,0.029753493793101903,-59274.1159834863,6829696.39928037
148,1177,Cacophis kreftii,GAM_multi_interactions_with_coords,random,True,0,0.07334697257421631,-59039.7148912014,6828905.9612443
148,1178,Calyptotis scutirostrum,GAM_multi_interactions_with_coords,random,True,1,0.26158676089107064,-59039.7148912014,6828905.9612443
148,1179,Coeranoscincus reticulatus,GAM_multi_interactions_with_coords,random,True,0,0.06320429472296606,-59039.7148912014,6828905.9612443
148,1180,Egernia mcpheei,GAM_multi_interactions_with_coords,random,True,1,0.039975030883139195,-59039.7148912014,6828905.9612443
148,1181,Eulamprus murrayi,GAM_multi_interactions_with_coords,random,True,0,0.013588839793886844,-59039.7148912014,6828905.9612443
148,1182,Ophioscincus truncatus,GAM_multi_interactions_with_coords,random,True,1,0.2966195537535014,-59039.7148912014,6828905.9612443
148,1183,Pseudechis porphyricaus,GAM_multi_interactions_with_coords,random,True,0,0.015200213506749032,-59039.7148912014,6828905.9612443
148,1184,Saltuarius swaini,GAM_multi_interactions_with_coords,random,True,0,0.0179713753068007,-59039.7148912014,6828905.9612443
153,1217,Cacophis kreftii,GAM_multi_interactions_with_coords,random,True,0,0.056248021854205764,-56158.084536112,6827640.49763384
153,1218,Calyptotis scutirostrum,GAM_multi_interactions_with_coords,random,True,1,0.18735322426218087,-56158.084536112,6827640.49763384
153,1219,Coeranoscincus reticulatus,GAM_multi_interactions_with_coords,random,True,0,0.027946640693983883,-56158.084536112,6827640.49763384
153,1220,Egernia mcpheei,GAM_multi_interactions_with_coords,random,True,0,0.030645452871098468,-56158.084536112,6827640.49763384
153,1221,Eulamprus murrayi,GAM_multi_interactions_with_coords,random,True,0,0.01142754016511491,-56158.084536112,6827640.49763384
153,1222,Ophioscincus truncatus,GAM_multi_interactions_with_coords,random,True,1,0.34073315668288107,-56158.084536112,6827640.49763384
153,1223,Pseudechis porphyricaus,GAM_multi_interactions_with_coords,random,True,0,0.023140473794808714,-56158.084536112,6827640.49763384
153,1224,Saltuarius swaini,GAM_multi_interactions_with_coords,random,True,0,0.02354012193075505,-56158.084536112,6827640.49763384
160,1273,Cacophis kreftii,GAM_multi_interactions_with_coords,random,True,0,0.04336046517987446,-57082.2051583753,6825993.28319997
160,1274,Calyptotis scutirostrum,GAM_multi_interactions_with_coords,random,True,1,0.14443850951328,-57082.2051583753,6825993.28319997
160,1275,Coeranoscincus reticulatus,GAM_multi_interactions_with_coords,random,True,0,0.022915298275446767,-57082.2051583753,6825993.28319997
160,1276,Egernia mcpheei,GAM_multi_interactions_with_coords,random,True,0,0.022243192998990583,-57082.2051583753,6825993.28319997
160,1277,Eulamprus murrayi,GAM_multi_interactions_with_coords,random,True,0,0.008070121317696851,-57082.2051583753,6825993.28319997
160,1278,Ophioscincus truncatus,GAM_multi_interactions_with_coords,random,True,0,0.3090458419058082,-57082.2051583753,6825993.28319997
160,1279,Pseudechis porphyricaus,GAM_multi_interactions_with_coords,random,True,0,0.015927615824449733,-57082.2051583753,6825993.28319997
160,1280,Saltuarius swaini,GAM_multi_interactions_with_coords,random,True,0,0.02003987698215662,-57082.2051583753,6825993.28319997
165,1313,Cacophis kreftii,GAM_multi_interactions_with_coords,random,True,0,0.06077252932036182,-116199.528148125,6817786.39841097
165,1314,Calyptotis scutirostrum,GAM_multi_interactions_with_coords,random,True,0,0.12917923910197254,-116199.528148125,6817786.39841097
165,1315,Coeranoscincus reticulatus,GAM_multi_interactions_with_coords,random,True,0,0.4682340595332021,-116199.528148125,6817786.39841097
165,1316,Egernia mcpheei,GAM_multi_interactions_with_coords,random,True,0,0.047425671857958984,-116199.528148125,6817786.39841097
165,1317,Eulamprus murrayi,GAM_multi_interactions_with_coords,random,True,0,0.015694224350158385,-116199.528148125,6817786.39841097
165,1318,Ophioscincus truncatus,GAM_multi_interactions_with_coords,random,True,0,0.21410168426600293,-116199.528148125,6817786.39841097
165,1319,Pseudechis porphyricaus,GAM_multi_interactions_with_coords,random,True,0,0.011849232397387614,-116199.528148125,6817786.39841097
165,1320,Saltuarius swaini,GAM_multi_interactions_with_coords,random,True,0,0.02171178695987638,-116199.528148125,6817786.39841097
169,1345,Cacophis kreftii,GAM_multi_interactions_with_coords,random,True,0,0.01568429277108783,-108876.433782581,6816343.47520397
169,1346,Calyptotis scutirostrum,GAM_multi_interactions_with_coords,random,True,0,0.015962781005764797,-108876.433782581,6816343.47520397
169,1347,Coeranoscincus reticulatus,GAM_multi_interactions_with_coords,random,True,0,0.16816693871149993,-108876.433782581,6816343.47520397
169,1348,Egernia mcpheei,GAM_multi_interactions_with_coords,random,True,0,0.014489914936346356,-108876.433782581,6816343.47520397
169,1349,Eulamprus murrayi,GAM_multi_interactions_with_coords,random,True,0,0.0026616092578037437,-108876.433782581,6816343.47520397
169,1350,Ophioscincus truncatus,GAM_multi_interactions_with_coords,random,True,0,0.047253782676321576,-108876.433782581,6816343.47520397
169,1351,Pseudechis porphyricaus,GAM_multi_interactions_with_coords,random,True,0,0.007012239756965008,-108876.433782581,6816343.47520397
169,1352,Saltuarius swaini,GAM_multi_interactions_with_coords,random,True,0,0.010228766491036857,-108876.433782581,6816343.47520397
172,1369,Cacophis kreftii,GAM_multi_interactions_with_coords,random,True,0,0.0221600053762418,-148834.228828815,6806479.17622519
172,1370,Calyptotis scutirostrum,GAM_multi_interactions_with_coords,random,True,0,0.061929469881054654,-148834.228828815,6806479.17622519
172,1371,Coeranoscincus reticulatus,GAM_multi_interactions_with_coords,random,True,0,0.3372789521410778,-148834.228828815,6806479.17622519
172,1372,Egernia mcpheei,GAM_multi_interactions_with_coords,random,True,0,0.015179960669873321,-148834.228828815,6806479.17622519
172,1373,Eulamprus murrayi,GAM_multi_interactions_with_coords,random,True,0,0.004850122296039388,-148834.228828815,6806479.17622519
172,1374,Ophioscincus truncatus,GAM_multi_interactions_with_coords,random,True,0,0.07343950600121607,-148834.228828815,6806479.17622519
172,1375,Pseudechis porphyricaus,GAM_multi_interactions_with_coords,random,True,0,0.013575101222667987,-148834.228828815,6806479.17622519
172,1376,Saltuarius swaini,GAM_multi_interactions_with_coords,random,True,0,0.0076391267387142135,-148834.228828815,6806479.17622519
173,1377,Cacophis kreftii,GAM_multi_interactions_with_coords,random,True,0,0.005382336044738639,-26864.9515665186,6812638.8314962
173,1378,Calyptotis scutirostrum,GAM_multi_interactions_with_coords,random,True,0,0.006485119341427728,-26864.9515665186,6812638.8314962
173,1379,Coeranoscincus reticulatus,GAM_multi_interactions_with_coords,random,True,0,0.00941608236669889,-26864.9515665186,6812638.8314962
173,1380,Egernia mcpheei,GAM_multi_interactions_with_coords,random,True,0,0.0020115880149026086,-26864.9515665186,6812638.8314962
173,1381,Eulamprus murrayi,GAM_multi_interactions_with_coords,random,True,0,0.0008614959064469478,-26864.9515665186,6812638.8314962
173,1382,Ophioscincus truncatus,GAM_multi_interactions_with_coords,random,True,0,0.04179468657780399,-26864.9515665186,6812638.8314962
173,1383,Pseudechis porphyricaus,GAM_multi_interactions_with_coords,random,True,0,0.002011654192412269,-26864.9515665186,6812638.8314962
173,1384,Saltuarius swaini,GAM_multi_interactions_with_coords,random,True,0,0.007389195737210358,-26864.9515665186,6812638.8314962
175,1393,Cacophis kreftii,GAM_multi_interactions_with_coords,random,True,0,0.012977771418339081,-26614.0603685924,6811648.67695057
175,1394,Calyptotis scutirostrum,GAM_multi_interactions_with_coords,random,True,1,0.03267626641171059,-26614.0603685924,6811648.67695057
175,1395,Coeranoscincus reticulatus,GAM_multi_interactions_with_coords,random,True,0,0.024200929605146054,-26614.0603685924,6811648.67695057
175,1396,Egernia mcpheei,GAM_multi_interactions_with_coords,random,True,0,0.007735386262861622,-26614.0603685924,6811648.67695057
175,1397,Eulamprus murrayi,GAM_multi_interactions_with_coords,random,True,0,0.0020469816673386754,-26614.0603685924,6811648.67695057
175,1398,Ophioscincus truncatus,GAM_multi_interactions_with_coords,random,True,0,0.03454448159087068,-26614.0603685924,6811648.67695057
175,1399,Pseudechis porphyricaus,GAM_multi_interactions_with_coords,random,True,0,0.004905453415199659,-26614.0603685924,6811648.67695057
175,1400,Saltuarius swaini,GAM_multi_interactions_with_coords,random,True,0,0.01672446536659672,-26614.0603685924,6811648.67695057
180,1433,Cacophis kreftii,GAM_multi_interactions_with_coords,random,True,0,0.0063674533899438415,-29780.9705356891,6806663.75964171
180,1434,Calyptotis scutirostrum,GAM_multi_interactions_with_coords,random,True,0,0.008049026198784249,-29780.9705356891,6806663.75964171
180,1435,Coeranoscincus reticulatus,GAM_multi_interactions_with_coords,random,True,0,0.008642713945756237,-29780.9705356891,6806663.75964171
180,1436,Egernia mcpheei,GAM_multi_interactions_with_coords,random,True,0,0.0027114512413476156,-29780.9705356891,6806663.75964171
180,1437,Eulamprus murrayi,GAM_multi_interactions_with_coords,random,True,0,0.0019789500459446107,-29780.9705356891,6806663.75964171
180,1438,Ophioscincus truncatus,GAM_multi_interactions_with_coords,random,True,0,0.012060067894286824,-29780.9705356891,6806663.75964171
180,1439,Pseudechis porphyricaus,GAM_multi_interactions_with_coords,random,True,0,0.004391750327467967,-29780.9705356891,6806663.75964171
180,1440,Saltuarius swaini,GAM_multi_interactions_with_coords,random,True,0,0.006914683384229453,-29780.9705356891,6806663.75964171
181,1441,Cacophis kreftii,GAM_multi_interactions_with_coords,random,True,0,0.006291040289331459,-29379.7381757025,6806682.07694802
181,1442,Calyptotis scutirostrum,GAM_multi_interactions_with_coords,random,True,0,0.00796419518443745,-29379.7381757025,6806682.07694802
181,1443,Coeranoscincus reticulatus,GAM_multi_interactions_with_coords,random,True,0,0.008691396139030565,-29379.7381757025,6806682.07694802
181,1444,Egernia mcpheei,GAM_multi_interactions_with_coords,random,True,0,0.0026935522951283958,-29379.7381757025,6806682.07694802
181,1445,Eulamprus murrayi,GAM_multi_interactions_with_coords,random,True,0,0.0019362596011993408,-29379.7381757025,6806682.07694802
181,1446,Ophioscincus truncatus,GAM_multi_interactions_with_coords,random,True,0,0.011758250073257422,-29379.7381757025,6806682.07694802
181,1447,Pseudechis porphyricaus,GAM_multi_interactions_with_coords,random,True,0,0.004328009261054638,-29379.7381757025,6806682.07694802
181,1448,Saltuarius swaini,GAM_multi_interactions_with_coords,random,True,0,0.006816433655547769,-29379.7381757025,6806682.07694802
185,1473,Cacophis kreftii,GAM_multi_interactions_with_coords,random,True,0,0.03618481004782522,-154680.904774922,6798732.86570032
185,1474,Calyptotis scutirostrum,GAM_multi_interactions_with_coords,random,True,0,0.09319980217476795,-154680.904774922,6798732.86570032
185,1475,Coeranoscincus reticulatus,GAM_multi_interactions_with_coords,random,True,1,0.509705063585957,-154680.904774922,6798732.86570032
185,1476,Egernia mcpheei,GAM_multi_interactions_with_coords,random,True,0,0.02275837186267087,-154680.904774922,6798732.86570032
185,1477,Eulamprus murrayi,GAM_multi_interactions_with_coords,random,True,0,0.009566962247669149,-154680.904774922,6798732.86570032
185,1478,Ophioscincus truncatus,GAM_multi_interactions_with_coords,random,True,0,0.1174146071672807,-154680.904774922,6798732.86570032
185,1479,Pseudechis porphyricaus,GAM_multi_interactions_with_coords,random,True,0,0.01787101861878427,-154680.904774922,6798732.86570032
185,1480,Saltuarius swaini,GAM_multi_interactions_with_coords,random,True,0,0.01093601915968551,-154680.904774922,6798732.86570032
194,1545,Cacophis kreftii,GAM_multi_interactions_with_coords,random,True,0,0.06333459767598315,-113057.133584369,6799439.25721174
194,1546,Calyptotis scutirostrum,GAM_multi_interactions_with_coords,random,True,0,0.10181561434904951,-113057.133584369,6799439.25721174
194,1547,Coeranoscincus reticulatus,GAM_multi_interactions_with_coords,random,True,1,0.5386674120388641,-113057.133584369,6799439.25721174
194,1548,Egernia mcpheei,GAM_multi_interactions_with_coords,random,True,0,0.07097405411298514,-113057.133584369,6799439.25721174
194,1549,Eulamprus murrayi,GAM_multi_interactions_with_coords,random,True,0,0.011433990116741283,-113057.133584369,6799439.25721174
194,1550,Ophioscincus truncatus,GAM_multi_interactions_with_coords,random,True,0,0.1345626023825929,-113057.133584369,6799439.25721174
194,1551,Pseudechis porphyricaus,GAM_multi_interactions_with_coords,random,True,0,0.016604856345851383,-113057.133584369,6799439.25721174
194,1552,Saltuarius swaini,GAM_multi_interactions_with_coords,random,True,0,0.01660661637214006,-113057.133584369,6799439.25721174
195,1553,Cacophis kreftii,GAM_multi_interactions_with_coords,random,True,0,0.057186259924427676,-153177.628494992,6796999.50794559
195,1554,Calyptotis scutirostrum,GAM_multi_interactions_with_coords,random,True,0,0.15770025935362725,-153177.628494992,6796999.50794559
195,1555,Coeranoscincus reticulatus,GAM_multi_interactions_with_coords,random,True,1,0.4506338341451482,-153177.628494992,6796999.50794559
195,1556,Egernia mcpheei,GAM_multi_interactions_with_coords,random,True,0,0.0468939443728052,-153177.628494992,6796999.50794559
195,1557,Eulamprus murrayi,GAM_multi_interactions_with_coords,random,True,0,0.015816434046051556,-153177.628494992,6796999.50794559
195,1558,Ophioscincus truncatus,GAM_multi_interactions_with_coords,random,True,0,0.19783286554512605,-153177.628494992,6796999.50794559
195,1559,Pseudechis porphyricaus,GAM_multi_interactions_with_coords,random,True,0,0.03897566231684554,-153177.628494992,6796999.50794559
195,1560,Saltuarius swaini,GAM_multi_interactions_with_coords,random,True,0,0.020642569515606505,-153177.628494992,6796999.50794559
203,1617,Cacophis kreftii,GAM_multi_interactions_with_coords,random,True,0,0.036877050587996514,-165638.858103626,6792540.33884748
203,1618,Calyptotis scutirostrum,GAM_multi_interactions_with_coords,random,True,0,0.03345889964023888,-165638.858103626,6792540.33884748
203,1619,Coeranoscincus reticulatus,GAM_multi_interactions_with_coords,random,True,1,0.45232540760085765,-165638.858103626,6792540.33884748
203,1620,Egernia mcpheei,GAM_multi_interactions_with_coords,random,True,0,0.01580560389700796,-165638.858103626,6792540.33884748
203,1621,Eulamprus murrayi,GAM_multi_interactions_with_coords,random,True,0,0.009027330829190895,-165638.858103626,6792540.33884748
203,1622,Ophioscincus truncatus,GAM_multi_interactions_with_coords,random,True,0,0.14380833484478173,-165638.858103626,6792540.33884748
203,1623,Pseudechis porphyricaus,GAM_multi_interactions_with_coords,random,True,0,0.09870120404520813,-165638.858103626,6792540.33884748
203,1624,Saltuarius swaini,GAM_multi_interactions_with_coords,random,True,0,0.009825962672691504,-165638.858103626,6792540.33884748
205,1633,Cacophis kreftii,GAM_multi_interactions_with_coords,random,True,0,0.02069231539217563,-111987.574051639,6794257.38010052
205,1634,Calyptotis scutirostrum,GAM_multi_interactions_with_coords,random,True,0,0.022167180609415124,-111987.574051639,6794257.38010052
205,1635,Coeranoscincus reticulatus,GAM_multi_interactions_with_coords,random,True,0,0.27739167927115593,-111987.574051639,6794257.38010052
205,1636,Egernia mcpheei,GAM_multi_interactions_with_coords,random,True,0,0.022547714557380596,-111987.574051639,6794257.38010052
205,1637,Eulamprus murrayi,GAM_multi_interactions_with_coords,random,True,0,0.0037648058726302536,-111987.574051639,6794257.38010052
205,1638,Ophioscincus truncatus,GAM_multi_interactions_with_coords,random,True,0,0.06461719135637818,-111987.574051639,6794257.38010052
205,1639,Pseudechis porphyricaus,GAM_multi_interactions_with_coords,random,True,0,0.009912754381358838,-111987.574051639,6794257.38010052
205,1640,Saltuarius swaini,GAM_multi_interactions_with_coords,random,True,0,0.0115257884119161,-111987.574051639,6794257.38010052
209,1665,Cacophis kreftii,GAM_multi_interactions_with_coords,random,True,0,0.01705228476177086,-112530.721336831,6793024.84869485
209,1666,Calyptotis scutirostrum,GAM_multi_interactions_with_coords,random,True,0,0.019695504291641595,-112530.721336831,6793024.84869485
209,1667,Coeranoscincus reticulatus,GAM_multi_interactions_with_coords,random,True,1,0.29895152027861055,-112530.721336831,6793024.84869485
209,1668,Egernia mcpheei,GAM_multi_interactions_with_coords,random,True,0,0.01924660689660992,-112530.721336831,6793024.84869485
209,1669,Eulamprus murrayi,GAM_multi_interactions_with_coords,random,True,0,0.002788695082018989,-112530.721336831,6793024.84869485
209,1670,Ophioscincus truncatus,GAM_multi_interactions_with_coords,random,True,0,0.04502676336683717,-112530.721336831,6793024.84869485
209,1671,Pseudechis porphyricaus,GAM_multi_interactions_with_coords,random,True,0,0.007292517516279187,-112530.721336831,6793024.84869485
209,1672,Saltuarius swaini,GAM_multi_interactions_with_coords,random,True,0,0.009069710632386142,-112530.721336831,6793024.84869485
214,1705,Cacophis kreftii,GAM_multi_interactions_with_coords,random,True,0,0.04279714227370645,-110822.113763642,6787074.42336939
214,1706,Calyptotis scutirostrum,GAM_multi_interactions_with_coords,random,True,0,0.06892412478495905,-110822.113763642,6787074.42336939
214,1707,Coeranoscincus reticulatus,GAM_multi_interactions_with_coords,random,True,0,0.42381555905730384,-110822.113763642,6787074.42336939
214,1708,Egernia mcpheei,GAM_multi_interactions_with_coords,random,True,0,0.06881049937370097,-110822.113763642,6787074.42336939
214,1709,Eulamprus murrayi,GAM_multi_interactions_with_coords,random,True,0,0.008203410671740996,-110822.113763642,6787074.42336939
214,1710,Ophioscincus truncatus,GAM_multi_interactions_with_coords,random,True,0,0.08141358508585937,-110822.113763642,6787074.42336939
214,1711,Pseudechis porphyricaus,GAM_multi_interactions_with_coords,random,True,0,0.020389231693915256,-110822.113763642,6787074.42336939
214,1712,Saltuarius swaini,GAM_multi_interactions_with_coords,random,True,0,0.025295114230637454,-110822.113763642,6787074.42336939
226,1801,Cacophis kreftii,GAM_multi_interactions_with_coords,random,True,0,0.03454916303766139,-156768.616233883,6780508.50732801
226,1802,Calyptotis scutirostrum,GAM_multi_interactions_with_coords,random,True,0,0.04742914265679972,-156768.616233883,6780508.50732801
226,1803,Coeranoscincus reticulatus,GAM_multi_interactions_with_coords,random,True,1,0.48797387951225757,-156768.616233883,6780508.50732801
226,1804,Egernia mcpheei,GAM_multi_interactions_with_coords,random,True,0,0.021537720473111182,-156768.616233883,6780508.50732801
226,1805,Eulamprus murrayi,GAM_multi_interactions_with_coords,random,True,0,0.007294203728390151,-156768.616233883,6780508.50732801
226,1806,Ophioscincus truncatus,GAM_multi_interactions_with_coords,random,True,0,0.1732470009104775,-156768.616233883,6780508.50732801
226,1807,Pseudechis porphyricaus,GAM_multi_interactions_with_coords,random,True,0,0.030459671106335552,-156768.616233883,6780508.50732801
226,1808,Saltuarius swaini,GAM_multi_interactions_with_coords,random,True,0,0.016132753140994188,-156768.616233883,6780508.50732801
231,1841,Cacophis kreftii,GAM_multi_interactions_with_coords,random,True,0,0.014340828647866281,-107923.462038802,6781588.26422547
231,1842,Calyptotis scutirostrum,GAM_multi_interactions_with_coords,random,True,0,0.00857201768898227,-107923.462038802,6781588.26422547
231,1843,Coeranoscincus reticulatus,GAM_multi_interactions_with_coords,random,True,1,0.13695902272608348,-107923.462038802,6781588.26422547
231,1844,Egernia mcpheei,GAM_multi_interactions_with_coords,random,True,0,0.011709741213524116,-107923.462038802,6781588.26422547
231,1845,Eulamprus murrayi,GAM_multi_interactions_with_coords,random,True,0,0.002759326709397459,-107923.462038802,6781588.26422547
231,1846,Ophioscincus truncatus,GAM_multi_interactions_with_coords,random,True,0,0.0647310697756414,-107923.462038802,6781588.26422547
231,1847,Pseudechis porphyricaus,GAM_multi_interactions_with_coords,random,True,0,0.010614942930480813,-107923.462038802,6781588.26422547
231,1848,Saltuarius swaini,GAM_multi_interactions_with_coords,random,True,0,0.011035859007271838,-107923.462038802,6781588.26422547
232,1849,Cacophis kreftii,GAM_multi_interactions_with_coords,random,True,0,0.04365816399644145,-154268.894705046,6778832.59399199
232,1850,Calyptotis scutirostrum,GAM_multi_interactions_with_coords,random,True,0,0.04532088741219849,-154268.894705046,6778832.59399199
232,1851,Coeranoscincus reticulatus,GAM_multi_interactions_with_coords,random,True,0,0.5127270964630228,-154268.894705046,6778832.59399199
232,1852,Egernia mcpheei,GAM_multi_interactions_with_coords,random,True,0,0.02402971142525437,-154268.894705046,6778832.59399199
232,1853,Eulamprus murrayi,GAM_multi_interactions_with_coords,random,True,0,0.008618860066968412,-154268.894705046,6778832.59399199
232,1854,Ophioscincus truncatus,GAM_multi_interactions_with_coords,random,True,0,0.26404339610680494,-154268.894705046,6778832.59399199
232,1855,Pseudechis porphyricaus,GAM_multi_interactions_with_coords,random,True,0,0.041549627360007155,-154268.894705046,6778832.59399199
232,1856,Saltuarius swaini,GAM_multi_interactions_with_coords,random,True,0,0.026523783283862894,-154268.894705046,6778832.59399199
236,1881,Cacophis kreftii,GAM_multi_interactions_with_coords,random,True,0,0.028508944646010666,-157007.529503806,6769427.67794309
236,1882,Calyptotis scutirostrum,GAM_multi_interactions_with_coords,random,True,0,0.013570403666533254,-157007.529503806,6769427.67794309
236,1883,Coeranoscincus reticulatus,GAM_multi_interactions_with_coords,random,True,1,0.2904282097507263,-157007.529503806,6769427.67794309
236,1884,Egernia mcpheei,GAM_multi_interactions_with_coords,random,True,0,0.012832690486397657,-157007.529503806,6769427.67794309
236,1885,Eulamprus murrayi,GAM_multi_interactions_with_coords,random,True,0,0.0062674500547979,-157007.529503806,6769427.67794309
236,1886,Ophioscincus truncatus,GAM_multi_interactions_with_coords,random,True,0,0.16877453918498067,-157007.529503806,6769427.67794309
236,1887,Pseudechis porphyricaus,GAM_multi_interactions_with_coords,random,True,0,0.10465911129209421,-157007.529503806,6769427.67794309
236,1888,Saltuarius swaini,GAM_multi_interactions_with_coords,random,True,0,0.013897878160312198,-157007.529503806,6769427.67794309
237,1889,Cacophis kreftii,GAM_multi_interactions_with_coords,random,True,0,0.04373587474605803,-157601.945479142,6769192.74860327
237,1890,Calyptotis scutirostrum,GAM_multi_interactions_with_coords,random,True,0,0.023755065732772182,-157601.945479142,6769192.74860327
237,1891,Coeranoscincus reticulatus,GAM_multi_interactions_with_coords,random,True,1,0.37316010764045043,-157601.945479142,6769192.74860327
237,1892,Egernia mcpheei,GAM_multi_interactions_with_coords,random,True,0,0.01831081303537603,-157601.945479142,6769192.74860327
237,1893,Eulamprus murrayi,GAM_multi_interactions_with_coords,random,True,0,0.011661966012796189,-157601.945479142,6769192.74860327
237,1894,Ophioscincus truncatus,GAM_multi_interactions_with_coords,random,True,0,0.2741038226962121,-157601.945479142,6769192.74860327
237,1895,Pseudechis porphyricaus,GAM_multi_interactions_with_coords,random,True,0,0.15760261996466363,-157601.945479142,6769192.74860327
237,1896,Saltuarius swaini,GAM_multi_interactions_with_coords,random,True,0,0.018128524692029364,-157601.945479142,6769192.74860327
238,1897,Cacophis kreftii,GAM_multi_interactions_with_coords,random,True,0,0.009195679064859979,-42631.6013249115,6774856.7836682
238,1898,Calyptotis scutirostrum,GAM_multi_interactions_with_coords,random,True,0,0.011186708893376503,-42631.6013249115,6774856.7836682
238,1899,Coeranoscincus reticulatus,GAM_multi_interactions_with_coords,random,True,0,0.015458892467496457,-42631.6013249115,6774856.7836682
238,1900,Egernia mcpheei,GAM_multi_interactions_with_coords,random,True,0,0.004722749601540874,-42631.6013249115,6774856.7836682
238,1901,Eulamprus murrayi,GAM_multi_interactions_with_coords,random,True,0,0.0025943257513479866,-42631.6013249115,6774856.7836682
238,1902,Ophioscincus truncatus,GAM_multi_interactions_with_coords,random,True,0,0.01703467132037568,-42631.6013249115,6774856.7836682
238,1903,Pseudechis porphyricaus,GAM_multi_interactions_with_coords,random,True,0,0.013113455942174654,-42631.6013249115,6774856.7836682
238,1904,Saltuarius swaini,GAM_multi_interactions_with_coords,random,True,0,0.012796283701039692,-42631.6013249115,6774856.7836682
253,2017,Cacophis kreftii,GAM_multi_interactions_with_coords,random,True,0,0.03892150585348636,-153010.118576574,6758154.60282466
253,2018,Calyptotis scutirostrum,GAM_multi_interactions_with_coords,random,True,0,0.021725774702283283,-153010.118576574,6758154.60282466
253,2019,Coeranoscincus reticulatus,GAM_multi_interactions_with_coords,random,True,0,0.3635869050683129,-153010.118576574,6758154.60282466
253,2020,Egernia mcpheei,GAM_multi_interactions_with_coords,random,True,0,0.015551088535700702,-153010.118576574,6758154.60282466
253,2021,Eulamprus murrayi,GAM_multi_interactions_with_coords,random,True,0,0.011396193835215559,-153010.118576574,6758154.60282466
253,2022,Ophioscincus truncatus,GAM_multi_interactions_with_coords,random,True,0,0.21751768128627072,-153010.118576574,6758154.60282466
253,2023,Pseudechis porphyricaus,GAM_multi_interactions_with_coords,random,True,0,0.09650566364478046,-153010.118576574,6758154.60282466
253,2024,Saltuarius swaini,GAM_multi_interactions_with_coords,random,True,0,0.016784545659475025,-153010.118576574,6758154.60282466
260,2073,Cacophis kreftii,GAM_multi_interactions_with_coords,random,True,0,0.026144077491092696,-139702.22082351,6757637.17957907
260,2074,Calyptotis scutirostrum,GAM_multi_interactions_with_coords,random,True,0,0.019480618250100598,-139702.22082351,6757637.17957907
260,2075,Coeranoscincus reticulatus,GAM_multi_interactions_with_coords,random,True,0,0.45503919887831906,-139702.22082351,6757637.17957907
260,2076,Egernia mcpheei,GAM_multi_interactions_with_coords,random,True,0,0.013770105732613808,-139702.22082351,6757637.17957907
260,2077,Eulamprus murrayi,GAM_multi_interactions_with_coords,random,True,0,0.004765765441521397,-139702.22082351,6757637.17957907
260,2078,Ophioscincus truncatus,GAM_multi_interactions_with_coords,random,True,0,0.17628564831554874,-139702.22082351,6757637.17957907
260,2079,Pseudechis porphyricaus,GAM_multi_interactions_with_coords,random,True,0,0.017555171617005906,-139702.22082351,6757637.17957907
260,2080,Saltuarius swaini,GAM_multi_interactions_with_coords,random,True,0,0.01806300066080106,-139702.22082351,6757637.17957907
261,2081,Cacophis kreftii,GAM_multi_interactions_with_coords,random,True,0,0.032246075159864065,-149531.814001847,6756925.32438673
261,2082,Calyptotis scutirostrum,GAM_multi_interactions_with_coords,random,True,0,0.05150334622691598,-149531.814001847,6756925.32438673
261,2083,Coeranoscincus reticulatus,GAM_multi_interactions_with_coords,random,True,0,0.46440432676248994,-149531.814001847,6756925.32438673
261,2084,Egernia mcpheei,GAM_multi_interactions_with_coords,random,True,0,0.016389580159779916,-149531.814001847,6756925.32438673
261,2085,Eulamprus murrayi,GAM_multi_interactions_with_coords,random,True,0,0.012045250509142244,-149531.814001847,6756925.32438673
261,2086,Ophioscincus truncatus,GAM_multi_interactions_with_coords,random,True,0,0.07687175681463626,-149531.814001847,6756925.32438673
261,2087,Pseudechis porphyricaus,GAM_multi_interactions_with_coords,random,True,0,0.05861693916420572,-149531.814001847,6756925.32438673
261,2088,Saltuarius swaini,GAM_multi_interactions_with_coords,random,True,0,0.008590905771877669,-149531.814001847,6756925.32438673
279,2225,Cacophis kreftii,GAM_multi_interactions_with_coords,random,True,0,0.013983434086309936,-165065.597196224,6745863.85427266
279,2226,Calyptotis scutirostrum,GAM_multi_interactions_with_coords,random,True,0,0.00461491106289729,-165065.597196224,6745863.85427266
279,2227,Coeranoscincus reticulatus,GAM_multi_interactions_with_coords,random,True,0,0.2216911773974597,-165065.597196224,6745863.85427266
279,2228,Egernia mcpheei,GAM_multi_interactions_with_coords,random,True,0,0.005748785467047428,-165065.597196224,6745863.85427266
279,2229,Eulamprus murrayi,GAM_multi_interactions_with_coords,random,True,0,0.0025798127417845005,-165065.597196224,6745863.85427266
279,2230,Ophioscincus truncatus,GAM_multi_interactions_with_coords,random,True,0,0.17268212293308954,-165065.597196224,6745863.85427266
279,2231,Pseudechis porphyricaus,GAM_multi_interactions_with_coords,random,True,0,0.024085717008996956,-165065.597196224,6745863.85427266
279,2232,Saltuarius swaini,GAM_multi_interactions_with_coords,random,True,0,0.01044151886134573,-165065.597196224,6745863.85427266
282,2249,Cacophis kreftii,GAM_multi_interactions_with_coords,random,True,0,0.006644522838499482,-48676.0066271106,6751433.87966314
282,2250,Calyptotis scutirostrum,GAM_multi_interactions_with_coords,random,True,0,0.0071370680759142435,-48676.0066271106,6751433.87966314
282,2251,Coeranoscincus reticulatus,GAM_multi_interactions_with_coords,random,True,0,0.009031204587541015,-48676.0066271106,6751433.87966314
282,2252,Egernia mcpheei,GAM_multi_interactions_with_coords,random,True,0,0.0032007941540953995,-48676.0066271106,6751433.87966314
282,2253,Eulamprus murrayi,GAM_multi_interactions_with_coords,random,True,0,0.0019481414340821917,-48676.0066271106,6751433.87966314
282,2254,Ophioscincus truncatus,GAM_multi_interactions_with_coords,random,True,0,0.012637293700852177,-48676.0066271106,6751433.87966314
282,2255,Pseudechis porphyricaus,GAM_multi_interactions_with_coords,random,True,0,0.008881042723701065,-48676.0066271106,6751433.87966314
282,2256,Saltuarius swaini,GAM_multi_interactions_with_coords,random,True,0,0.010929767093106585,-48676.0066271106,6751433.87966314
283,2257,Cacophis kreftii,GAM_multi_interactions_with_coords,random,True,0,0.010572834152870402,-144358.241751465,6746321.2757456
283,2258,Calyptotis scutirostrum,GAM_multi_interactions_with_coords,random,True,0,0.004184974039163479,-144358.241751465,6746321.2757456
283,2259,Coeranoscincus reticulatus,GAM_multi_interactions_with_coords,random,True,0,0.14727810839943645,-144358.241751465,6746321.2757456
283,2260,Egernia mcpheei,GAM_multi_interactions_with_coords,random,True,0,0.0027095128360482335,-144358.241751465,6746321.2757456
283,2261,Eulamprus murrayi,GAM_multi_interactions_with_coords,random,True,0,0.0022125843405725975,-144358.241751465,6746321.2757456
283,2262,Ophioscincus truncatus,GAM_multi_interactions_with_coords,random,True,0,0.17427559987887345,-144358.241751465,6746321.2757456
283,2263,Pseudechis porphyricaus,GAM_multi_interactions_with_coords,random,True,0,0.008224637530209234,-144358.241751465,6746321.2757456
283,2264,Saltuarius swaini,GAM_multi_interactions_with_coords,random,True,0,0.0071540938542823335,-144358.241751465,6746321.2757456
285,2273,Cacophis kreftii,GAM_multi_interactions_with_coords,random,True,0,0.006460279828923065,-48666.355678597,6751233.93894705
285,2274,Calyptotis scutirostrum,GAM_multi_interactions_with_coords,random,True,0,0.0069684995546310914,-48666.355678597,6751233.93894705
285,2275,Coeranoscincus reticulatus,GAM_multi_interactions_with_coords,random,True,0,0.00911721533414881,-48666.355678597,6751233.93894705
285,2276,Egernia mcpheei,GAM_multi_interactions_with_coords,random,True,0,0.0031504030468570707,-48666.355678597,6751233.93894705
285,2277,Eulamprus murrayi,GAM_multi_interactions_with_coords,random,True,0,0.0018528971155160304,-48666.355678597,6751233.93894705
285,2278,Ophioscincus truncatus,GAM_multi_interactions_with_coords,random,True,0,0.011915418137176293,-48666.355678597,6751233.93894705
285,2279,Pseudechis porphyricaus,GAM_multi_interactions_with_coords,random,True,0,0.008549498564255896,-48666.355678597,6751233.93894705
285,2280,Saltuarius swaini,GAM_multi_interactions_with_coords,random,True,0,0.010678476965422219,-48666.355678597,6751233.93894705
290,2313,Cacophis kreftii,GAM_multi_interactions_with_coords,random,True,0,0.0078041888113923675,-54841.9600197467,6750321.73267861
290,2314,Calyptotis scutirostrum,GAM_multi_interactions_with_coords,random,True,0,0.007506887213847409,-54841.9600197467,6750321.73267861
290,2315,Coeranoscincus reticulatus,GAM_multi_interactions_with_coords,random,True,0,0.015970477734401054,-54841.9600197467,6750321.73267861
290,2316,Egernia mcpheei,GAM_multi_interactions_with_coords,random,True,0,0.004263319798944348,-54841.9600197467,6750321.73267861
290,2317,Eulamprus murrayi,GAM_multi_interactions_with_coords,random,True,0,0.002250044754876815,-54841.9600197467,6750321.73267861
290,2318,Ophioscincus truncatus,GAM_multi_interactions_with_coords,random,True,0,0.01390130917955226,-54841.9600197467,6750321.73267861
290,2319,Pseudechis porphyricaus,GAM_multi_interactions_with_coords,random,True,0,0.011585315334510916,-54841.9600197467,6750321.73267861
290,2320,Saltuarius swaini,GAM_multi_interactions_with_coords,random,True,0,0.012779218138383758,-54841.9600197467,6750321.73267861
303,2417,Cacophis kreftii,GAM_multi_interactions_with_coords,random,True,0,0.00815228613023745,-86896.2863933826,6740221.21400845
303,2418,Calyptotis scutirostrum,GAM_multi_interactions_with_coords,random,True,0,0.003015454359903049,-86896.2863933826,6740221.21400845
303,2419,Coeranoscincus reticulatus,GAM_multi_interactions_with_coords,random,True,0,0.06291801579073762,-86896.2863933826,6740221.21400845
303,2420,Egernia mcpheei,GAM_multi_interactions_with_coords,random,True,0,0.0054614814180279315,-86896.2863933826,6740221.21400845
303,2421,Eulamprus murrayi,GAM_multi_interactions_with_coords,random,True,0,0.001351023469033564,-86896.2863933826,6740221.21400845
303,2422,Ophioscincus truncatus,GAM_multi_interactions_with_coords,random,True,0,0.0558923798167009,-86896.2863933826,6740221.21400845
303,2423,Pseudechis porphyricaus,GAM_multi_interactions_with_coords,random,True,0,0.0059712843450769075,-86896.2863933826,6740221.21400845
303,2424,Saltuarius swaini,GAM_multi_interactions_with_coords,random,True,0,0.01060741288281226,-86896.2863933826,6740221.21400845
307,2449,Cacophis kreftii,GAM_multi_interactions_with_coords,random,True,0,0.01535661366504909,-75230.2145233742,6740017.73560779
307,2450,Calyptotis scutirostrum,GAM_multi_interactions_with_coords,random,True,0,0.01053239834007756,-75230.2145233742,6740017.73560779
307,2451,Coeranoscincus reticulatus,GAM_multi_interactions_with_coords,random,True,0,0.08876697570016513,-75230.2145233742,6740017.73560779
307,2452,Egernia mcpheei,GAM_multi_interactions_with_coords,random,True,0,0.012345566464654036,-75230.2145233742,6740017.73560779
307,2453,Eulamprus murrayi,GAM_multi_interactions_with_coords,random,True,0,0.00290579594155211,-75230.2145233742,6740017.73560779
307,2454,Ophioscincus truncatus,GAM_multi_interactions_with_coords,random,True,0,0.052000444002852156,-75230.2145233742,6740017.73560779
307,2455,Pseudechis porphyricaus,GAM_multi_interactions_with_coords,random,True,0,0.0216343306031337,-75230.2145233742,6740017.73560779
307,2456,Saltuarius swaini,GAM_multi_interactions_with_coords,random,True,0,0.014269257816646726,-75230.2145233742,6740017.73560779
308,2457,Cacophis kreftii,GAM_multi_interactions_with_coords,random,True,0,0.018280826706102718,-164907.141677267,6734992.82147675
308,2458,Calyptotis scutirostrum,GAM_multi_interactions_with_coords,random,True,0,0.010288694034326933,-164907.141677267,6734992.82147675
308,2459,Coeranoscincus reticulatus,GAM_multi_interactions_with_coords,random,True,0,0.12331731735423977,-164907.141677267,6734992.82147675
308,2460,Egernia mcpheei,GAM_multi_interactions_with_coords,random,True,0,0.007837690261482429,-164907.141677267,6734992.82147675
308,2461,Eulamprus murrayi,GAM_multi_interactions_with_coords,random,True,0,0.0037856265239886873,-164907.141677267,6734992.82147675
308,2462,Ophioscincus truncatus,GAM_multi_interactions_with_coords,random,True,0,0.16114274502946427,-164907.141677267,6734992.82147675
308,2463,Pseudechis porphyricaus,GAM_multi_interactions_with_coords,random,True,0,0.031237929920038432,-164907.141677267,6734992.82147675
308,2464,Saltuarius swaini,GAM_multi_interactions_with_coords,random,True,0,0.01832316436659714,-164907.141677267,6734992.82147675
322,2569,Cacophis kreftii,GAM_multi_interactions_with_coords,random,True,0,0.023492888471693753,-148858.437557277,6712675.66874389
322,2570,Calyptotis scutirostrum,GAM_multi_interactions_with_coords,random,True,0,0.01285770362292196,-148858.437557277,6712675.66874389
322,2571,Coeranoscincus reticulatus,GAM_multi_interactions_with_coords,random,True,0,0.06260247145562743,-148858.437557277,6712675.66874389
322,2572,Egernia mcpheei,GAM_multi_interactions_with_coords,random,True,0,0.004899044064310359,-148858.437557277,6712675.66874389
322,2573,Eulamprus murrayi,GAM_multi_interactions_with_coords,random,True,0,0.006281733143635884,-148858.437557277,6712675.66874389
322,2574,Ophioscincus truncatus,GAM_multi_interactions_with_coords,random,True,0,0.29594723581894816,-148858.437557277,6712675.66874389
322,2575,Pseudechis porphyricaus,GAM_multi_interactions_with_coords,random,True,0,0.10979622553175719,-148858.437557277,6712675.66874389
322,2576,Saltuarius swaini,GAM_multi_interactions_with_coords,random,True,0,0.01197394797156529,-148858.437557277,6712675.66874389
328,2617,Cacophis kreftii,GAM_multi_interactions_with_coords,random,True,0,0.019850293594577482,-160137.175183615,6708870.73185706
328,2618,Calyptotis scutirostrum,GAM_multi_interactions_with_coords,random,True,0,0.0061096818949861395,-160137.175183615,6708870.73185706
328,2619,Coeranoscincus reticulatus,GAM_multi_interactions_with_coords,random,True,0,0.15841103906421025,-160137.175183615,6708870.73185706
328,2620,Egernia mcpheei,GAM_multi_interactions_with_coords,random,True,0,0.006485634489891479,-160137.175183615,6708870.73185706
328,2621,Eulamprus murrayi,GAM_multi_interactions_with_coords,random,True,0,0.00525510343638216,-160137.175183615,6708870.73185706
328,2622,Ophioscincus truncatus,GAM_multi_interactions_with_coords,random,True,0,0.19645582456308716,-160137.175183615,6708870.73185706
328,2623,Pseudechis porphyricaus,GAM_multi_interactions_with_coords,random,True,0,0.084540966667156,-160137.175183615,6708870.73185706
328,2624,Saltuarius swaini,GAM_multi_interactions_with_coords,random,True,0,0.0153727318691135,-160137.175183615,6708870.73185706
329,2625,Cacophis kreftii,GAM_multi_interactions_with_coords,random,True,0,0.016525848494538982,-161729.965162506,6708587.05668997
329,2626,Calyptotis scutirostrum,GAM_multi_interactions_with_coords,random,True,0,0.005875495623343204,-161729.965162506,6708587.05668997
329,2627,Coeranoscincus reticulatus,GAM_multi_interactions_with_coords,random,True,0,0.2442217036154771,-161729.965162506,6708587.05668997
329,2628,Egernia mcpheei,GAM_multi_interactions_with_coords,random,True,0,0.005628327508461144,-161729.965162506,6708587.05668997
329,2629,Eulamprus murrayi,GAM_multi_interactions_with_coords,random,True,0,0.004298870575322456,-161729.965162506,6708587.05668997
329,2630,Ophioscincus truncatus,GAM_multi_interactions_with_coords,random,True,0,0.1296452422359205,-161729.965162506,6708587.05668997
329,2631,Pseudechis porphyricaus,GAM_multi_interactions_with_coords,random,True,0,0.06661278527616601,-161729.965162506,6708587.05668997
329,2632,Saltuarius swaini,GAM_multi_interactions_with_coords,random,True,0,0.009004144224346497,-161729.965162506,6708587.05668997
339,2705,Cacophis kreftii,GAM_multi_interactions_with_coords,random,True,0,0.004600160342680754,-50204.0063193176,6710952.93925814
339,2706,Calyptotis scutirostrum,GAM_multi_interactions_with_coords,random,True,0,0.0031330749938253957,-50204.0063193176,6710952.93925814
339,2707,Coeranoscincus reticulatus,GAM_multi_interactions_with_coords,random,True,0,0.008060120693496263,-50204.0063193176,6710952.93925814
339,2708,Egernia mcpheei,GAM_multi_interactions_with_coords,random,True,0,0.001723763249082485,-50204.0063193176,6710952.93925814
339,2709,Eulamprus murrayi,GAM_multi_interactions_with_coords,random,True,0,0.0015869212373509126,-50204.0063193176,6710952.93925814
339,2710,Ophioscincus truncatus,GAM_multi_interactions_with_coords,random,True,0,0.017772239396717043,-50204.0063193176,6710952.93925814
339,2711,Pseudechis porphyricaus,GAM_multi_interactions_with_coords,random,True,0,0.0047060369929882604,-50204.0063193176,6710952.93925814
339,2712,Saltuarius swaini,GAM_multi_interactions_with_coords,random,True,0,0.008228288412152656,-50204.0063193176,6710952.93925814
352,2809,Cacophis kreftii,GAM_multi_interactions_with_coords,random,True,0,0.006313776008876699,-161130.645593128,6697139.33525593
352,2810,Calyptotis scutirostrum,GAM_multi_interactions_with_coords,random,True,0,0.002069074846612583,-161130.645593128,6697139.33525593
352,2811,Coeranoscincus reticulatus,GAM_multi_interactions_with_coords,random,True,0,0.07416170547936253,-161130.645593128,6697139.33525593
352,2812,Egernia mcpheei,GAM_multi_interactions_with_coords,random,True,0,0.0015048523300301108,-161130.645593128,6697139.33525593
352,2813,Eulamprus murrayi,GAM_multi_interactions_with_coords,random,True,0,0.0015656123966959726,-161130.645593128,6697139.33525593
352,2814,Ophioscincus truncatus,GAM_multi_interactions_with_coords,random,True,0,0.12397957794266384,-161130.645593128,6697139.33525593
352,2815,Pseudechis porphyricaus,GAM_multi_interactions_with_coords,random,True,0,0.007341254225502533,-161130.645593128,6697139.33525593
352,2816,Saltuarius swaini,GAM_multi_interactions_with_coords,random,True,0,0.006209595836708188,-161130.645593128,6697139.33525593
354,2825,Cacophis kreftii,GAM_multi_interactions_with_coords,random,True,0,0.004742345864823182,-54397.1023715114,6702694.88150925
354,2826,Calyptotis scutirostrum,GAM_multi_interactions_with_coords,random,True,0,0.0024428702158982678,-54397.1023715114,6702694.88150925
354,2827,Coeranoscincus reticulatus,GAM_multi_interactions_with_coords,random,True,0,0.014613409744442073,-54397.1023715114,6702694.88150925
354,2828,Egernia mcpheei,GAM_multi_interactions_with_coords,random,True,0,0.0019891827642847274,-54397.1023715114,6702694.88150925
354,2829,Eulamprus murrayi,GAM_multi_interactions_with_coords,random,True,0,0.0008619365488105432,-54397.1023715114,6702694.88150925
354,2830,Ophioscincus truncatus,GAM_multi_interactions_with_coords,random,True,0,0.052748220015881225,-54397.1023715114,6702694.88150925
354,2831,Pseudechis porphyricaus,GAM_multi_interactions_with_coords,random,True,1,0.003127783670731907,-54397.1023715114,6702694.88150925
354,2832,Saltuarius swaini,GAM_multi_interactions_with_coords,random,True,0,0.01351017794578307,-54397.1023715114,6702694.88150925
369,2945,Cacophis kreftii,GAM_multi_interactions_with_coords,random,True,0,0.011193693305887223,-115761.593020762,6695476.19653521
369,2946,Calyptotis scutirostrum,GAM_multi_interactions_with_coords,random,True,0,0.006754596384629172,-115761.593020762,6695476.19653521
369,2947,Coeranoscincus reticulatus,GAM_multi_interactions_with_coords,random,True,0,0.15108975494826238,-115761.593020762,6695476.19653521
369,2948,Egernia mcpheei,GAM_multi_interactions_with_coords,random,True,0,0.00710586027804562,-115761.593020762,6695476.19653521
369,2949,Eulamprus murrayi,GAM_multi_interactions_with_coords,random,True,0,0.003482071421080058,-115761.593020762,6695476.19653521
369,2950,Ophioscincus truncatus,GAM_multi_interactions_with_coords,random,True,0,0.05286247554743925,-115761.593020762,6695476.19653521
369,2951,Pseudechis porphyricaus,GAM_multi_interactions_with_coords,random,True,0,0.007655325758835545,-115761.593020762,6695476.19653521
369,2952,Saltuarius swaini,GAM_multi_interactions_with_coords,random,True,0,0.00864880313363475,-115761.593020762,6695476.19653521
372,2969,Cacophis kreftii,GAM_multi_interactions_with_coords,random,True,0,0.007530696853052139,-51958.1449948344,6698406.00349235
372,2970,Calyptotis scutirostrum,GAM_multi_interactions_with_coords,random,True,0,0.008090684227314944,-51958.1449948344,6698406.00349235
372,2971,Coeranoscincus reticulatus,GAM_multi_interactions_with_coords,random,True,0,0.016015518401976965,-51958.1449948344,6698406.00349235
372,2972,Egernia mcpheei,GAM_multi_interactions_with_coords,random,True,0,0.0036004771016555203,-51958.1449948344,6698406.00349235
372,2973,Eulamprus murrayi,GAM_multi_interactions_with_coords,random,True,0,0.0022490265768145036,-51958.1449948344,6698406.00349235
372,2974,Ophioscincus truncatus,GAM_multi_interactions_with_coords,random,True,0,0.016351062821937892,-51958.1449948344,6698406.00349235
372,2975,Pseudechis porphyricaus,GAM_multi_interactions_with_coords,random,True,0,0.011595939248167035,-51958.1449948344,6698406.00349235
372,2976,Saltuarius swaini,GAM_multi_interactions_with_coords,random,True,0,0.013841230804411691,-51958.1449948344,6698406.00349235
379,3025,Cacophis kreftii,GAM_multi_interactions_with_coords,random,True,0,0.007760874660037898,-170997.113124586,6685555.44783591
379,3026,Calyptotis scutirostrum,GAM_multi_interactions_with_coords,random,True,0,0.00251982286919978,-170997.113124586,6685555.44783591
379,3027,Coeranoscincus reticulatus,GAM_multi_interactions_with_coords,random,True,0,0.0869991937615541,-170997.113124586,6685555.44783591
379,3028,Egernia mcpheei,GAM_multi_interactions_with_coords,random,True,0,0.0022734612417748875,-170997.113124586,6685555.44783591
379,3029,Eulamprus murrayi,GAM_multi_interactions_with_coords,random,True,0,0.0022546136793823615,-170997.113124586,6685555.44783591
379,3030,Ophioscincus truncatus,GAM_multi_interactions_with_coords,random,True,0,0.1293232619003609,-170997.113124586,6685555.44783591
379,3031,Pseudechis porphyricaus,GAM_multi_interactions_with_coords,random,True,0,0.016315048388368353,-170997.113124586,6685555.44783591
379,3032,Saltuarius swaini,GAM_multi_interactions_with_coords,random,True,0,0.005518016935637874,-170997.113124586,6685555.44783591
380,3033,Cacophis kreftii,GAM_multi_interactions_with_coords,random,True,0,0.008915334424294737,-171751.567168655,6684505.22516541
380,3034,Calyptotis scutirostrum,GAM_multi_interactions_with_coords,random,True,0,0.0030154731388305944,-171751.567168655,6684505.22516541
380,3035,Coeranoscincus reticulatus,GAM_multi_interactions_with_coords,random,True,0,0.08921471636673142,-171751.567168655,6684505.22516541
380,3036,Egernia mcpheei,GAM_multi_interactions_with_coords,random,True,0,0.002994271506490875,-171751.567168655,6684505.22516541
380,3037,Eulamprus murrayi,GAM_multi_interactions_with_coords,random,True,0,0.0024231682266491216,-171751.567168655,6684505.22516541
380,3038,Ophioscincus truncatus,GAM_multi_interactions_with_coords,random,True,0,0.13756782596018577,-171751.567168655,6684505.22516541
380,3039,Pseudechis porphyricaus,GAM_multi_interactions_with_coords,random,True,0,0.020071594976197385,-171751.567168655,6684505.22516541
380,3040,Saltuarius swaini,GAM_multi_interactions_with_coords,random,True,0,0.0068828708711493325,-171751.567168655,6684505.22516541
381,3041,Cacophis kreftii,GAM_multi_interactions_with_coords,random,True,0,0.007675989683040553,-170101.851938007,6683790.0457837
381,3042,Calyptotis scutirostrum,GAM_multi_interactions_with_coords,random,True,0,0.0028162809144539167,-170101.851938007,6683790.0457837
381,3043,Coeranoscincus reticulatus,GAM_multi_interactions_with_coords,random,True,0,0.08666260536925463,-170101.851938007,6683790.0457837
381,3044,Egernia mcpheei,GAM_multi_interactions_with_coords,random,True,0,0.0026960135907869148,-170101.851938007,6683790.0457837
381,3045,Eulamprus murrayi,GAM_multi_interactions_with_coords,random,True,0,0.0019750707764874093,-170101.851938007,6683790.0457837
381,3046,Ophioscincus truncatus,GAM_multi_interactions_with_coords,random,True,1,0.11028565152018874,-170101.851938007,6683790.0457837
381,3047,Pseudechis porphyricaus,GAM_multi_interactions_with_coords,random,True,0,0.015475909826450895,-170101.851938007,6683790.0457837
381,3048,Saltuarius swaini,GAM_multi_interactions_with_coords,random,True,0,0.00619492216449831,-170101.851938007,6683790.0457837
384,3065,Cacophis kreftii,GAM_multi_interactions_with_coords,random,True,0,0.021732641710678194,-153569.490242912,6679419.46406309
384,3066,Calyptotis scutirostrum,GAM_multi_interactions_with_coords,random,True,0,0.015347345485614446,-153569.490242912,6679419.46406309
384,3067,Coeranoscincus reticulatus,GAM_multi_interactions_with_coords,random,True,0,0.3036630781324331,-153569.490242912,6679419.46406309
384,3068,Egernia mcpheei,GAM_multi_interactions_with_coords,random,True,0,0.00881069910994841,-153569.490242912,6679419.46406309
384,3069,Eulamprus murrayi,GAM_multi_interactions_with_coords,random,True,0,0.005012595028976558,-153569.490242912,6679419.46406309
384,3070,Ophioscincus truncatus,GAM_multi_interactions_with_coords,random,True,0,0.14628051386879776,-153569.490242912,6679419.46406309
384,3071,Pseudechis porphyricaus,GAM_multi_interactions_with_coords,random,True,0,0.03694042653498722,-153569.490242912,6679419.46406309
384,3072,Saltuarius swaini,GAM_multi_interactions_with_coords,random,True,0,0.015491478382743043,-153569.490242912,6679419.46406309
394,3145,Cacophis kreftii,GAM_multi_interactions_with_coords,random,True,0,0.02210731094506384,-157694.599141127,6669935.38089694
394,3146,Calyptotis scutirostrum,GAM_multi_interactions_with_coords,random,True,0,0.017369181516035833,-157694.599141127,6669935.38089694
394,3147,Coeranoscincus reticulatus,GAM_multi_interactions_with_coords,random,True,0,0.25464067915287525,-157694.599141127,6669935.38089694
394,3148,Egernia mcpheei,GAM_multi_interactions_with_coords,random,True,0,0.008151321417009031,-157694.599141127,6669935.38089694
394,3149,Eulamprus murrayi,GAM_multi_interactions_with_coords,random,True,0,0.006025335055222482,-157694.599141127,6669935.38089694
394,3150,Ophioscincus truncatus,GAM_multi_interactions_with_coords,random,True,0,0.15302069214101705,-157694.599141127,6669935.38089694
394,3151,Pseudechis porphyricaus,GAM_multi_interactions_with_coords,random,True,0,0.044054810624674166,-157694.599141127,6669935.38089694
394,3152,Saltuarius swaini,GAM_multi_interactions_with_coords,random,True,0,0.012785506201970763,-157694.599141127,6669935.38089694
395,3153,Cacophis kreftii,GAM_multi_interactions_with_coords,random,True,0,0.02670665258681061,-156289.421979757,6670007.80018539
395,3154,Calyptotis scutirostrum,GAM_multi_interactions_with_coords,random,True,0,0.020961305104148408,-156289.421979757,6670007.80018539
395,3155,Coeranoscincus reticulatus,GAM_multi_interactions_with_coords,random,True,0,0.2882123614016558,-156289.421979757,6670007.80018539
395,3156,Egernia mcpheei,GAM_multi_interactions_with_coords,random,True,0,0.01004844244998255,-156289.421979757,6670007.80018539
395,3157,Eulamprus murrayi,GAM_multi_interactions_with_coords,random,True,0,0.006882818282577728,-156289.421979757,6670007.80018539
395,3158,Ophioscincus truncatus,GAM_multi_interactions_with_coords,random,True,0,0.18327146571444722,-156289.421979757,6670007.80018539
395,3159,Pseudechis porphyricaus,GAM_multi_interactions_with_coords,random,True,0,0.05918402542651401,-156289.421979757,6670007.80018539
395,3160,Saltuarius swaini,GAM_multi_interactions_with_coords,random,True,0,0.016415742171915826,-156289.421979757,6670007.80018539
396,3161,Cacophis kreftii,GAM_multi_interactions_with_coords,random,True,0,0.023340625787438868,-122906.583332893,6670557.67612587
396,3162,Calyptotis scutirostrum,GAM_multi_interactions_with_coords,random,True,0,0.01503145495661726,-122906.583332893,6670557.67612587
396,3163,Coeranoscincus reticulatus,GAM_multi_interactions_with_coords,random,True,1,0.6134897877442097,-122906.583332893,6670557.67612587
396,3164,Egernia mcpheei,GAM_multi_interactions_with_coords,random,True,0,0.013164041533571197,-122906.583332893,6670557.67612587
396,3165,Eulamprus murrayi,GAM_multi_interactions_with_coords,random,True,0,0.004898722986035301,-122906.583332893,6670557.67612587
396,3166,Ophioscincus truncatus,GAM_multi_interactions_with_coords,random,True,0,0.12415056049181926,-122906.583332893,6670557.67612587
396,3167,Pseudechis porphyricaus,GAM_multi_interactions_with_coords,random,True,0,0.014404155655984517,-122906.583332893,6670557.67612587
396,3168,Saltuarius swaini,GAM_multi_interactions_with_coords,random,True,0,0.015105521011431727,-122906.583332893,6670557.67612587
400,3193,Cacophis kreftii,GAM_multi_interactions_with_coords,random,True,0,0.024347163698010845,-125067.694169073,6669443.0445974
400,3194,Calyptotis scutirostrum,GAM_multi_interactions_with_coords,random,True,0,0.054090500249979134,-125067.694169073,6669443.0445974
400,3195,Coeranoscincus reticulatus,GAM_multi_interactions_with_coords,random,True,1,0.3663445681086275,-125067.694169073,6669443.0445974
400,3196,Egernia mcpheei,GAM_multi_interactions_with_coords,random,True,0,0.01493404886171058,-125067.694169073,6669443.0445974
400,3197,Eulamprus murrayi,GAM_multi_interactions_with_coords,random,True,0,0.00899455631005294,-125067.694169073,6669443.0445974
400,3198,Ophioscincus truncatus,GAM_multi_interactions_with_coords,random,True,0,0.046147272253383706,-125067.694169073,6669443.0445974
400,3199,Pseudechis porphyricaus,GAM_multi_interactions_with_coords,random,True,0,0.01894168314537519,-125067.694169073,6669443.0445974
400,3200,Saltuarius swaini,GAM_multi_interactions_with_coords,random,True,0,0.009291897666532172,-125067.694169073,6669443.0445974
403,3217,Cacophis kreftii,GAM_multi_interactions_with_coords,random,True,0,0.008378096693281045,-58257.6048943475,6672743.96684541
403,3218,Calyptotis scutirostrum,GAM_multi_interactions_with_coords,random,True,0,0.006521688256431731,-58257.6048943475,6672743.96684541
403,3219,Coeranoscincus reticulatus,GAM_multi_interactions_with_coords,random,True,0,0.040821183775206875,-58257.6048943475,6672743.96684541
403,3220,Egernia mcpheei,GAM_multi_interactions_with_coords,random,True,0,0.004135901385361474,-58257.6048943475,6672743.96684541
403,3221,Eulamprus murrayi,GAM_multi_interactions_with_coords,random,True,0,0.0019351952203786312,-58257.6048943475,6672743.96684541
403,3222,Ophioscincus truncatus,GAM_multi_interactions_with_coords,random,True,0,0.052799332091749376,-58257.6048943475,6672743.96684541
403,3223,Pseudechis porphyricaus,GAM_multi_interactions_with_coords,random,True,0,0.00365846602813065,-58257.6048943475,6672743.96684541
403,3224,Saltuarius swaini,GAM_multi_interactions_with_coords,random,True,0,0.017634013462530726,-58257.6048943475,6672743.96684541
407,3249,Cacophis kreftii,GAM_multi_interactions_with_coords,random,True,0,0.04084156442569727,-125225.02885331,6668620.03383924
407,3250,Calyptotis scutirostrum,GAM_multi_interactions_with_coords,random,True,0,0.07846741379781265,-125225.02885331,6668620.03383924
407,3251,Coeranoscincus reticulatus,GAM_multi_interactions_with_coords,random,True,0,0.6505994163430049,-125225.02885331,6668620.03383924
407,3252,Egernia mcpheei,GAM_multi_interactions_with_coords,random,True,0,0.022643967125133,-125225.02885331,6668620.03383924
407,3253,Eulamprus murrayi,GAM_multi_interactions_with_coords,random,True,0,0.012518474393253686,-125225.02885331,6668620.03383924
407,3254,Ophioscincus truncatus,GAM_multi_interactions_with_coords,random,True,0,0.10777225769316902,-125225.02885331,6668620.03383924
407,3255,Pseudechis porphyricaus,GAM_multi_interactions_with_coords,random,True,0,0.02549524175681628,-125225.02885331,6668620.03383924
407,3256,Saltuarius swaini,GAM_multi_interactions_with_coords,random,True,0,0.015568163010553786,-125225.02885331,6668620.03383924
413,3297,Cacophis kreftii,GAM_multi_interactions_with_coords,random,True,0,0.026679346474671427,-120072.988069293,6666279.06080417
413,3298,Calyptotis scutirostrum,GAM_multi_interactions_with_coords,random,True,0,0.02298375890298815,-120072.988069293,6666279.06080417
413,3299,Coeranoscincus reticulatus,GAM_multi_interactions_with_coords,random,True,1,0.4846555252416853,-120072.988069293,6666279.06080417
413,3300,Egernia mcpheei,GAM_multi_interactions_with_coords,random,True,0,0.020144671923472503,-120072.988069293,6666279.06080417
413,3301,Eulamprus murrayi,GAM_multi_interactions_with_coords,random,True,0,0.006299215364534735,-120072.988069293,6666279.06080417
413,3302,Ophioscincus truncatus,GAM_multi_interactions_with_coords,random,True,0,0.12510247781342718,-120072.988069293,6666279.06080417
413,3303,Pseudechis porphyricaus,GAM_multi_interactions_with_coords,random,True,1,0.020065512394994864,-120072.988069293,6666279.06080417
413,3304,Saltuarius swaini,GAM_multi_interactions_with_coords,random,True,0,0.01748844526341788,-120072.988069293,6666279.06080417
415,3313,Cacophis kreftii,GAM_multi_interactions_with_coords,random,True,0,0.024110081410876207,-178654.150282374,6662593.67423277
415,3314,Calyptotis scutirostrum,GAM_multi_interactions_with_coords,random,True,0,0.01721806621309046,-178654.150282374,6662593.67423277
415,3315,Coeranoscincus reticulatus,GAM_multi_interactions_with_coords,random,True,0,0.10882143420883675,-178654.150282374,6662593.67423277
415,3316,Egernia mcpheei,GAM_multi_interactions_with_coords,random,True,0,0.008936693985933641,-178654.150282374,6662593.67423277
415,3317,Eulamprus murrayi,GAM_multi_interactions_with_coords,random,True,0,0.010428605994646492,-178654.150282374,6662593.67423277
415,3318,Ophioscincus truncatus,GAM_multi_interactions_with_coords,random,True,0,0.0962510394792004,-178654.150282374,6662593.67423277
415,3319,Pseudechis porphyricaus,GAM_multi_interactions_with_coords,random,True,0,0.14401625460764753,-178654.150282374,6662593.67423277
415,3320,Saltuarius swaini,GAM_multi_interactions_with_coords,random,True,0,0.011253094739924148,-178654.150282374,6662593.67423277
420,3353,Cacophis kreftii,GAM_multi_interactions_with_coords,random,True,0,0.03432397804511512,-125379.598774365,6663983.11844257
420,3354,Calyptotis scutirostrum,GAM_multi_interactions_with_coords,random,True,0,0.03325076732185143,-125379.598774365,6663983.11844257
420,3355,Coeranoscincus reticulatus,GAM_multi_interactions_with_coords,random,True,1,0.635720761027813,-125379.598774365,6663983.11844257
420,3356,Egernia mcpheei,GAM_multi_interactions_with_coords,random,True,0,0.01528599438785471,-125379.598774365,6663983.11844257
420,3357,Eulamprus murrayi,GAM_multi_interactions_with_coords,random,True,0,0.009944494378894544,-125379.598774365,6663983.11844257
420,3358,Ophioscincus truncatus,GAM_multi_interactions_with_coords,random,True,0,0.13330038101359448,-125379.598774365,6663983.11844257
420,3359,Pseudechis porphyricaus,GAM_multi_interactions_with_coords,random,True,0,0.023954703180584125,-125379.598774365,6663983.11844257
420,3360,Saltuarius swaini,GAM_multi_interactions_with_coords,random,True,0,0.01735631354415003,-125379.598774365,6663983.11844257
422,3369,Cacophis kreftii,GAM_multi_interactions_with_coords,random,True,0,0.027070613723688852,-125514.62268173,6662771.00533564
422,3370,Calyptotis scutirostrum,GAM_multi_interactions_with_coords,random,True,0,0.01793380571776323,-125514.62268173,6662771.00533564
422,3371,Coeranoscincus reticulatus,GAM_multi_interactions_with_coords,random,True,1,0.5593767139295556,-125514.62268173,6662771.00533564
422,3372,Egernia mcpheei,GAM_multi_interactions_with_coords,random,True,0,0.01273901015411795,-125514.62268173,6662771.00533564
422,3373,Eulamprus murrayi,GAM_multi_interactions_with_coords,random,True,0,0.005864316861882643,-125514.62268173,6662771.00533564
422,3374,Ophioscincus truncatus,GAM_multi_interactions_with_coords,random,True,0,0.11715201049540167,-125514.62268173,6662771.00533564
422,3375,Pseudechis porphyricaus,GAM_multi_interactions_with_coords,random,True,0,0.01942708573421687,-125514.62268173,6662771.00533564
422,3376,Saltuarius swaini,GAM_multi_interactions_with_coords,random,True,0,0.017349229747408806,-125514.62268173,6662771.00533564
427,3409,Cacophis kreftii,GAM_multi_interactions_with_coords,random,True,0,0.021472382401019702,-128408.296244871,6660409.13008774
427,3410,Calyptotis scutirostrum,GAM_multi_interactions_with_coords,random,True,0,0.012231959978323615,-128408.296244871,6660409.13008774
427,3411,Coeranoscincus reticulatus,GAM_multi_interactions_with_coords,random,True,1,0.41137675494631015,-128408.296244871,6660409.13008774
427,3412,Egernia mcpheei,GAM_multi_interactions_with_coords,random,True,0,0.009315509846200113,-128408.296244871,6660409.13008774
427,3413,Eulamprus murrayi,GAM_multi_interactions_with_coords,random,True,0,0.00518636807035112,-128408.296244871,6660409.13008774
427,3414,Ophioscincus truncatus,GAM_multi_interactions_with_coords,random,True,0,0.11720314557961686,-128408.296244871,6660409.13008774
427,3415,Pseudechis porphyricaus,GAM_multi_interactions_with_coords,random,True,0,0.019475650182703173,-128408.296244871,6660409.13008774
427,3416,Saltuarius swaini,GAM_multi_interactions_with_coords,random,True,0,0.013891517911534425,-128408.296244871,6660409.13008774
447,3569,Cacophis kreftii,GAM_multi_interactions_with_coords,random,True,0,0.006730702374453539,-134779.996572383,6651420.87222455
447,3570,Calyptotis scutirostrum,GAM_multi_interactions_with_coords,random,True,0,0.0031585263011842226,-134779.996572383,6651420.87222455
447,3571,Coeranoscincus reticulatus,GAM_multi_interactions_with_coords,random,True,0,0.10085991725351034,-134779.996572383,6651420.87222455
447,3572,Egernia mcpheei,GAM_multi_interactions_with_coords,random,True,0,0.002206852919450472,-134779.996572383,6651420.87222455
447,3573,Eulamprus murrayi,GAM_multi_interactions_with_coords,random,True,0,0.0017993236446132062,-134779.996572383,6651420.87222455
447,3574,Ophioscincus truncatus,GAM_multi_interactions_with_coords,random,True,0,0.07857769713021014,-134779.996572383,6651420.87222455
447,3575,Pseudechis porphyricaus,GAM_multi_interactions_with_coords,random,True,0,0.005911185863223303,-134779.996572383,6651420.87222455
447,3576,Saltuarius swaini,GAM_multi_interactions_with_coords,random,True,0,0.005782927500263527,-134779.996572383,6651420.87222455
449,3585,Cacophis kreftii,GAM_multi_interactions_with_coords,random,True,0,0.009767154389251643,-135559.130529282,6650974.17840999
449,3586,Calyptotis scutirostrum,GAM_multi_interactions_with_coords,random,True,0,0.0038443585027675797,-135559.130529282,6650974.17840999
449,3587,Coeranoscincus reticulatus,GAM_multi_interactions_with_coords,random,True,0,0.12566656404201285,-135559.130529282,6650974.17840999
449,3588,Egernia mcpheei,GAM_multi_interactions_with_coords,random,True,0,0.004432443020954722,-135559.130529282,6650974.17840999
449,3589,Eulamprus murrayi,GAM_multi_interactions_with_coords,random,True,0,0.0018245466942889497,-135559.130529282,6650974.17840999
449,3590,Ophioscincus truncatus,GAM_multi_interactions_with_coords,random,True,1,0.11081672268759372,-135559.130529282,6650974.17840999
449,3591,Pseudechis porphyricaus,GAM_multi_interactions_with_coords,random,True,0,0.014647703621997153,-135559.130529282,6650974.17840999
449,3592,Saltuarius swaini,GAM_multi_interactions_with_coords,random,True,0,0.011669286957444592,-135559.130529282,6650974.17840999
450,3593,Cacophis kreftii,GAM_multi_interactions_with_coords,random,True,0,0.006370266529854271,-65340.5697630112,6654471.79599168
450,3594,Calyptotis scutirostrum,GAM_multi_interactions_with_coords,random,True,0,0.004979360708953764,-65340.5697630112,6654471.79599168
450,3595,Coeranoscincus reticulatus,GAM_multi_interactions_with_coords,random,True,0,0.016197466109946743,-65340.5697630112,6654471.79599168
450,3596,Egernia mcpheei,GAM_multi_interactions_with_coords,random,True,0,0.0022902570764281927,-65340.5697630112,6654471.79599168
450,3597,Eulamprus murrayi,GAM_multi_interactions_with_coords,random,True,0,0.0014868170510099915,-65340.5697630112,6654471.79599168
450,3598,Ophioscincus truncatus,GAM_multi_interactions_with_coords,random,True,0,0.05966312491461045,-65340.5697630112,6654471.79599168
450,3599,Pseudechis porphyricaus,GAM_multi_interactions_with_coords,random,True,0,0.0023217746372974275,-65340.5697630112,6654471.79599168
450,3600,Saltuarius swaini,GAM_multi_interactions_with_coords,random,True,0,0.011793439540284256,-65340.5697630112,6654471.79599168
458,3657,Cacophis kreftii,GAM_multi_interactions_with_coords,random,True,0,0.015163720206626942,-133451.630563193,6649077.13745528
458,3658,Calyptotis scutirostrum,GAM_multi_interactions_with_coords,random,True,0,0.005448696628639598,-133451.630563193,6649077.13745528
458,3659,Coeranoscincus reticulatus,GAM_multi_interactions_with_coords,random,True,0,0.20817552290034125,-133451.630563193,6649077.13745528
458,3660,Egernia mcpheei,GAM_multi_interactions_with_coords,random,True,0,0.005836803357841196,-133451.630563193,6649077.13745528
458,3661,Eulamprus murrayi,GAM_multi_interactions_with_coords,random,True,0,0.003986148739390542,-133451.630563193,6649077.13745528
458,3662,Ophioscincus truncatus,GAM_multi_interactions_with_coords,random,True,0,0.20739502789905626,-133451.630563193,6649077.13745528
458,3663,Pseudechis porphyricaus,GAM_multi_interactions_with_coords,random,True,0,0.018772513158849362,-133451.630563193,6649077.13745528
458,3664,Saltuarius swaini,GAM_multi_interactions_with_coords,random,True,0,0.010944674372053978,-133451.630563193,6649077.13745528
461,3681,Cacophis kreftii,GAM_multi_interactions_with_coords,random,True,0,0.016121405385206303,-132111.524830825,6646522.10607269
461,3682,Calyptotis scutirostrum,GAM_multi_interactions_with_coords,random,True,0,0.012147812347133665,-132111.524830825,6646522.10607269
461,3683,Coeranoscincus reticulatus,GAM_multi_interactions_with_coords,random,True,0,0.1426226001254607,-132111.524830825,6646522.10607269
461,3684,Egernia mcpheei,GAM_multi_interactions_with_coords,random,True,0,0.008057912337468765,-132111.524830825,6646522.10607269
461,3685,Eulamprus murrayi,GAM_multi_interactions_with_coords,random,True,0,0.004426177809239447,-132111.524830825,6646522.10607269
461,3686,Ophioscincus truncatus,GAM_multi_interactions_with_coords,random,True,0,0.09878609045022085,-132111.524830825,6646522.10607269
461,3687,Pseudechis porphyricaus,GAM_multi_interactions_with_coords,random,True,0,0.015330525076884116,-132111.524830825,6646522.10607269
461,3688,Saltuarius swaini,GAM_multi_interactions_with_coords,random,True,0,0.015210672285328547,-132111.524830825,6646522.10607269
462,3689,Cacophis kreftii,GAM_multi_interactions_with_coords,random,True,0,0.017388827041139015,-129873.482679348,6646037.61836241
462,3690,Calyptotis scutirostrum,GAM_multi_interactions_with_coords,random,True,0,0.013720222692600906,-129873.482679348,6646037.61836241
462,3691,Coeranoscincus reticulatus,GAM_multi_interactions_with_coords,random,True,0,0.23760323222867175,-129873.482679348,6646037.61836241
462,3692,Egernia mcpheei,GAM_multi_interactions_with_coords,random,True,0,0.00958631763601851,-129873.482679348,6646037.61836241
462,3693,Eulamprus murrayi,GAM_multi_interactions_with_coords,random,True,0,0.0037149948488348007,-129873.482679348,6646037.61836241
462,3694,Ophioscincus truncatus,GAM_multi_interactions_with_coords,random,True,1,0.08572723342430152,-129873.482679348,6646037.61836241
462,3695,Pseudechis porphyricaus,GAM_multi_interactions_with_coords,random,True,0,0.016031623989367888,-129873.482679348,6646037.61836241
462,3696,Saltuarius swaini,GAM_multi_interactions_with_coords,random,True,0,0.014096343748686582,-129873.482679348,6646037.61836241
463,3697,Cacophis kreftii,GAM_multi_interactions_with_coords,random,True,0,0.01771256542803278,-130606.171632184,6644790.80822609
463,3698,Calyptotis scutirostrum,GAM_multi_interactions_with_coords,random,True,0,0.012186264287613588,-130606.171632184,6644790.80822609
463,3699,Coeranoscincus reticulatus,GAM_multi_interactions_with_coords,random,True,0,0.31948298430179267,-130606.171632184,6644790.80822609
463,3700,Egernia mcpheei,GAM_multi_interactions_with_coords,random,True,0,0.00882557122859773,-130606.171632184,6644790.80822609
463,3701,Eulamprus murrayi,GAM_multi_interactions_with_coords,random,True,0,0.003987852455090583,-130606.171632184,6644790.80822609
463,3702,Ophioscincus truncatus,GAM_multi_interactions_with_coords,random,True,0,0.08643010892961378,-130606.171632184,6644790.80822609
463,3703,Pseudechis porphyricaus,GAM_multi_interactions_with_coords,random,True,0,0.01818293413583936,-130606.171632184,6644790.80822609
463,3704,Saltuarius swaini,GAM_multi_interactions_with_coords,random,True,0,0.010898525161335644,-130606.171632184,6644790.80822609
464,3705,Cacophis kreftii,GAM_multi_interactions_with_coords,random,True,0,0.0076649197321868685,-62036.5636510338,6645195.69882671
464,3706,Calyptotis scutirostrum,GAM_multi_interactions_with_coords,random,True,0,0.009381848790043388,-62036.5636510338,6645195.69882671
464,3707,Coeranoscincus reticulatus,GAM_multi_interactions_with_coords,random,True,0,0.012452624175137981,-62036.5636510338,6645195.69882671
464,3708,Egernia mcpheei,GAM_multi_interactions_with_coords,random,True,0,0.0035905142229636683,-62036.5636510338,6645195.69882671
464,3709,Eulamprus murrayi,GAM_multi_interactions_with_coords,random,True,0,0.002395790315447003,-62036.5636510338,6645195.69882671
464,3710,Ophioscincus truncatus,GAM_multi_interactions_with_coords,random,True,0,0.013867882871406681,-62036.5636510338,6645195.69882671
464,3711,Pseudechis porphyricaus,GAM_multi_interactions_with_coords,random,True,0,0.00945458127431709,-62036.5636510338,6645195.69882671
464,3712,Saltuarius swaini,GAM_multi_interactions_with_coords,random,True,0,0.013265872113257823,-62036.5636510338,6645195.69882671
475,3793,Cacophis kreftii,GAM_multi_interactions_with_coords,random,True,0,0.011565370994036138,-103178.812815837,6605812.65044331
475,3794,Calyptotis scutirostrum,GAM_multi_interactions_with_coords,random,True,0,0.013763146786355877,-103178.812815837,6605812.65044331
475,3795,Coeranoscincus reticulatus,GAM_multi_interactions_with_coords,random,True,0,0.05197804443438166,-103178.812815837,6605812.65044331
475,3796,Egernia mcpheei,GAM_multi_interactions_with_coords,random,True,0,0.005857699401084191,-103178.812815837,6605812.65044331
475,3797,Eulamprus murrayi,GAM_multi_interactions_with_coords,random,True,1,0.002587514486548869,-103178.812815837,6605812.65044331
475,3798,Ophioscincus truncatus,GAM_multi_interactions_with_coords,random,True,0,0.09178587494593794,-103178.812815837,6605812.65044331
475,3799,Pseudechis porphyricaus,GAM_multi_interactions_with_coords,random,True,0,0.0028705922485901107,-103178.812815837,6605812.65044331
475,3800,Saltuarius swaini,GAM_multi_interactions_with_coords,random,True,0,0.006500054027832574,-103178.812815837,6605812.65044331
480,3833,Cacophis kreftii,GAM_multi_interactions_with_coords,random,True,0,0.007677710604602894,-139787.964672713,6601638.98677139
480,3834,Calyptotis scutirostrum,GAM_multi_interactions_with_coords,random,True,0,0.003925771119475452,-139787.964672713,6601638.98677139
480,3835,Coeranoscincus reticulatus,GAM_multi_interactions_with_coords,random,True,0,0.03716420444811265,-139787.964672713,6601638.98677139
480,3836,Egernia mcpheei,GAM_multi_interactions_with_coords,random,True,0,0.0032305662643753686,-139787.964672713,6601638.98677139
480,3837,Eulamprus murrayi,GAM_multi_interactions_with_coords,random,True,0,0.0013437266320356282,-139787.964672713,6601638.98677139
480,3838,Ophioscincus truncatus,GAM_multi_interactions_with_coords,random,True,0,0.10202618245062332,-139787.964672713,6601638.98677139
480,3839,Pseudechis porphyricaus,GAM_multi_interactions_with_coords,random,True,0,0.0073543067330219146,-139787.964672713,6601638.98677139
480,3840,Saltuarius swaini,GAM_multi_interactions_with_coords,random,True,0,0.010084992441339131,-139787.964672713,6601638.98677139
481,3841,Cacophis kreftii,GAM_multi_interactions_with_coords,random,True,0,0.01148127628360531,-140574.776964781,6601391.4036645
481,3842,Calyptotis scutirostrum,GAM_multi_interactions_with_coords,random,True,0,0.009267956914244264,-140574.776964781,6601391.4036645
481,3843,Coeranoscincus reticulatus,GAM_multi_interactions_with_coords,random,True,0,0.062184538937038326,-140574.776964781,6601391.4036645
481,3844,Egernia mcpheei,GAM_multi_interactions_with_coords,random,True,0,0.00620951580517582,-140574.776964781,6601391.4036645
481,3845,Eulamprus murrayi,GAM_multi_interactions_with_coords,random,True,0,0.0023111918458701103,-140574.776964781,6601391.4036645
481,3846,Ophioscincus truncatus,GAM_multi_interactions_with_coords,random,True,0,0.06992923344412016,-140574.776964781,6601391.4036645
481,3847,Pseudechis porphyricaus,GAM_multi_interactions_with_coords,random,True,0,0.010527152118792715,-140574.776964781,6601391.4036645
481,3848,Saltuarius swaini,GAM_multi_interactions_with_coords,random,True,0,0.012723306755112929,-140574.776964781,6601391.4036645
488,3897,Cacophis kreftii,GAM_multi_interactions_with_coords,random,True,0,0.010862175663964874,-141193.546516212,6594113.16970331
488,3898,Calyptotis scutirostrum,GAM_multi_interactions_with_coords,random,True,0,0.010327373274785787,-141193.546516212,6594113.16970331
488,3899,Coeranoscincus reticulatus,GAM_multi_interactions_with_coords,random,True,0,0.028425393335659896,-141193.546516212,6594113.16970331
488,3900,Egernia mcpheei,GAM_multi_interactions_with_coords,random,True,0,0.005201993304920787,-141193.546516212,6594113.16970331
488,3901,Eulamprus murrayi,GAM_multi_interactions_with_coords,random,True,0,0.002103218292303611,-141193.546516212,6594113.16970331
488,3902,Ophioscincus truncatus,GAM_multi_interactions_with_coords,random,True,1,0.08799712545009711,-141193.546516212,6594113.16970331
488,3903,Pseudechis porphyricaus,GAM_multi_interactions_with_coords,random,True,0,0.009725200777338192,-141193.546516212,6594113.16970331
488,3904,Saltuarius swaini,GAM_multi_interactions_with_coords,random,True,0,0.012420516421207112,-141193.546516212,6594113.16970331
490,3913,Cacophis kreftii,GAM_multi_interactions_with_coords,random,True,0,0.0065701173746494064,-140157.01004317,6593561.29260029
490,3914,Calyptotis scutirostrum,GAM_multi_interactions_with_coords,random,True,0,0.007416979172618797,-140157.01004317,6593561.29260029
490,3915,Coeranoscincus reticulatus,GAM_multi_interactions_with_coords,random,True,0,0.015672489650314616,-140157.01004317,6593561.29260029
490,3916,Egernia mcpheei,GAM_multi_interactions_with_coords,random,True,0,0.0025513326888742384,-140157.01004317,6593561.29260029
490,3917,Eulamprus murrayi,GAM_multi_interactions_with_coords,random,True,0,0.0014493511924734302,-140157.01004317,6593561.29260029
490,3918,Ophioscincus truncatus,GAM_multi_interactions_with_coords,random,True,1,0.06414076044320632,-140157.01004317,6593561.29260029
490,3919,Pseudechis porphyricaus,GAM_multi_interactions_with_coords,random,True,0,0.003943003346170309,-140157.01004317,6593561.29260029
490,3920,Saltuarius swaini,GAM_multi_interactions_with_coords,random,True,0,0.006046545759441136,-140157.01004317,6593561.29260029
494,3945,Cacophis kreftii,GAM_multi_interactions_with_coords,random,True,0,0.02146759788591811,-160099.441241579,6571357.13800851
494,3946,Calyptotis scutirostrum,GAM_multi_interactions_with_coords,random,True,0,0.05279523179591288,-160099.441241579,6571357.13800851
494,3947,Coeranoscincus reticulatus,GAM_multi_interactions_with_coords,random,True,0,0.05078691375431682,-160099.441241579,6571357.13800851
494,3948,Egernia mcpheei,GAM_multi_interactions_with_coords,random,True,0,0.012731460967078678,-160099.441241579,6571357.13800851
494,3949,Eulamprus murrayi,GAM_multi_interactions_with_coords,random,True,0,0.01181078814853999,-160099.441241579,6571357.13800851
494,3950,Ophioscincus truncatus,GAM_multi_interactions_with_coords,random,True,0,0.09342212666549957,-160099.441241579,6571357.13800851
494,3951,Pseudechis porphyricaus,GAM_multi_interactions_with_coords,random,True,0,0.02809317168137128,-160099.441241579,6571357.13800851
494,3952,Saltuarius swaini,GAM_multi_interactions_with_coords,random,True,0,0.010600629586505017,-160099.441241579,6571357.13800851
499,3985,Cacophis kreftii,GAM_multi_interactions_with_coords,random,True,0,0.004233931002962554,-166874.918971174,6569986.45729551
499,3986,Calyptotis scutirostrum,GAM_multi_interactions_with_coords,random,True,0,0.0019687419738992087,-166874.918971174,6569986.45729551
499,3987,Coeranoscincus reticulatus,GAM_multi_interactions_with_coords,random,True,0,0.01678246040380491,-166874.918971174,6569986.45729551
499,3988,Egernia mcpheei,GAM_multi_interactions_with_coords,random,True,0,0.0017210293090423633,-166874.918971174,6569986.45729551
499,3989,Eulamprus murrayi,GAM_multi_interactions_with_coords,random,True,0,0.00106255725880508,-166874.918971174,6569986.45729551
499,3990,Ophioscincus truncatus,GAM_multi_interactions_with_coords,random,True,0,0.06450357514962474,-166874.918971174,6569986.45729551
499,3991,Pseudechis porphyricaus,GAM_multi_interactions_with_coords,random,True,0,0.0064122469508383195,-166874.918971174,6569986.45729551
499,3992,Saltuarius swaini,GAM_multi_interactions_with_coords,random,True,0,0.003294682282933078,-166874.918971174,6569986.45729551
507,4049,Cacophis kreftii,GAM_multi_interactions_with_coords,random,True,0,0.007375996728037642,-144741.332783447,6566549.73714478
507,4050,Calyptotis scutirostrum,GAM_multi_interactions_with_coords,random,True,0,0.004520317877180776,-144741.332783447,6566549.73714478
507,4051,Coeranoscincus reticulatus,GAM_multi_interactions_with_coords,random,True,0,0.018173111981145764,-144741.332783447,6566549.73714478
507,4052,Egernia mcpheei,GAM_multi_interactions_with_coords,random,True,0,0.003250890911194611,-144741.332783447,6566549.73714478
507,4053,Eulamprus murrayi,GAM_multi_interactions_with_coords,random,True,0,0.001560573386145333,-144741.332783447,6566549.73714478
507,4054,Ophioscincus truncatus,GAM_multi_interactions_with_coords,random,True,0,0.11255288181385406,-144741.332783447,6566549.73714478
507,4055,Pseudechis porphyricaus,GAM_multi_interactions_with_coords,random,True,0,0.004774252787462096,-144741.332783447,6566549.73714478
507,4056,Saltuarius swaini,GAM_multi_interactions_with_coords,random,True,0,0.008835479659983977,-144741.332783447,6566549.73714478
508,4057,Cacophis kreftii,GAM_multi_interactions_with_coords,random,True,0,0.004281097801484239,-162480.687351114,6563171.45187532
508,4058,Calyptotis scutirostrum,GAM_multi_interactions_with_coords,random,True,0,0.001931919875152835,-162480.687351114,6563171.45187532
508,4059,Coeranoscincus reticulatus,GAM_multi_interactions_with_coords,random,True,0,0.013142514970438493,-162480.687351114,6563171.45187532
508,4060,Egernia mcpheei,GAM_multi_interactions_with_coords,random,True,0,0.00132633186339803,-162480.687351114,6563171.45187532
508,4061,Eulamprus murrayi,GAM_multi_interactions_with_coords,random,True,0,0.001341197399646076,-162480.687351114,6563171.45187532
508,4062,Ophioscincus truncatus,GAM_multi_interactions_with_coords,random,True,0,0.06564978620601261,-162480.687351114,6563171.45187532
508,4063,Pseudechis porphyricaus,GAM_multi_interactions_with_coords,random,True,0,0.00849490097903461,-162480.687351114,6563171.45187532
508,4064,Saltuarius swaini,GAM_multi_interactions_with_coords,random,True,0,0.002937171100984779,-162480.687351114,6563171.45187532
510,4073,Cacophis kreftii,GAM_multi_interactions_with_coords,random,True,0,0.005187155406481238,-146201.750488105,6563648.83716664
510,4074,Calyptotis scutirostrum,GAM_multi_interactions_with_coords,random,True,0,0.0023817580900891383,-146201.750488105,6563648.83716664
510,4075,Coeranoscincus reticulatus,GAM_multi_interactions_with_coords,random,True,0,0.016307638373999896,-146201.750488105,6563648.83716664
510,4076,Egernia mcpheei,GAM_multi_interactions_with_coords,random,True,0,0.002483285557593904,-146201.750488105,6563648.83716664
510,4077,Eulamprus murrayi,GAM_multi_interactions_with_coords,random,True,0,0.0009807948301487116,-146201.750488105,6563648.83716664
510,4078,Ophioscincus truncatus,GAM_multi_interactions_with_coords,random,True,0,0.08978806848630227,-146201.750488105,6563648.83716664
510,4079,Pseudechis porphyricaus,GAM_multi_interactions_with_coords,random,True,0,0.004418360410985698,-146201.750488105,6563648.83716664
510,4080,Saltuarius swaini,GAM_multi_interactions_with_coords,random,True,0,0.007246536294970002,-146201.750488105,6563648.83716664
514,4105,Cacophis kreftii,GAM_multi_interactions_with_coords,random,True,0,0.005482767349594993,-146089.648133388,6561646.84538545
514,4106,Calyptotis scutirostrum,GAM_multi_interactions_with_coords,random,True,0,0.0026611839877574896,-146089.648133388,6561646.84538545
514,4107,Coeranoscincus reticulatus,GAM_multi_interactions_with_coords,random,True,0,0.016102468277361816,-146089.648133388,6561646.84538545
514,4108,Egernia mcpheei,GAM_multi_interactions_with_coords,random,True,0,0.0028889039297225767,-146089.648133388,6561646.84538545
514,4109,Eulamprus murrayi,GAM_multi_interactions_with_coords,random,True,0,0.0009042511244614006,-146089.648133388,6561646.84538545
514,4110,Ophioscincus truncatus,GAM_multi_interactions_with_coords,random,True,0,0.0879364246129851,-146089.648133388,6561646.84538545
514,4111,Pseudechis porphyricaus,GAM_multi_interactions_with_coords,random,True,0,0.005316847137366531,-146089.648133388,6561646.84538545
514,4112,Saltuarius swaini,GAM_multi_interactions_with_coords,random,True,0,0.00891174377726473,-146089.648133388,6561646.84538545
525,4193,Cacophis kreftii,GAM_multi_interactions_with_coords,random,True,0,0.008012467526073003,-118770.04691586,6551450.02671343
525,4194,Calyptotis scutirostrum,GAM_multi_interactions_with_coords,random,True,0,0.007285144040212243,-118770.04691586,6551450.02671343
525,4195,Coeranoscincus reticulatus,GAM_multi_interactions_with_coords,random,True,0,0.04313587519012536,-118770.04691586,6551450.02671343
525,4196,Egernia mcpheei,GAM_multi_interactions_with_coords,random,True,0,0.005531827176526322,-118770.04691586,6551450.02671343
525,4197,Eulamprus murrayi,GAM_multi_interactions_with_coords,random,True,0,0.002911727063169447,-118770.04691586,6551450.02671343
525,4198,Ophioscincus truncatus,GAM_multi_interactions_with_coords,random,True,0,0.05633397923404228,-118770.04691586,6551450.02671343
525,4199,Pseudechis porphyricaus,GAM_multi_interactions_with_coords,random,True,0,0.002539937310645842,-118770.04691586,6551450.02671343
525,4200,Saltuarius swaini,GAM_multi_interactions_with_coords,random,True,0,0.005927876375266727,-118770.04691586,6551450.02671343
531,4241,Cacophis kreftii,GAM_multi_interactions_with_coords,random,True,0,0.00765789065634208,-83551.8721662688,6536463.55059073
531,4242,Calyptotis scutirostrum,GAM_multi_interactions_with_coords,random,True,0,0.0054029934990845645,-83551.8721662688,6536463.55059073
531,4243,Coeranoscincus reticulatus,GAM_multi_interactions_with_coords,random,True,0,0.01535042011393142,-83551.8721662688,6536463.55059073
531,4244,Egernia mcpheei,GAM_multi_interactions_with_coords,random,True,0,0.005626997766046054,-83551.8721662688,6536463.55059073
531,4245,Eulamprus murrayi,GAM_multi_interactions_with_coords,random,True,0,0.0014430726425478271,-83551.8721662688,6536463.55059073
531,4246,Ophioscincus truncatus,GAM_multi_interactions_with_coords,random,True,0,0.07072735770005706,-83551.8721662688,6536463.55059073
531,4247,Pseudechis porphyricaus,GAM_multi_interactions_with_coords,random,True,0,0.0024701758973513853,-83551.8721662688,6536463.55059073
531,4248,Saltuarius swaini,GAM_multi_interactions_with_coords,random,True,0,0.011093156110183926,-83551.8721662688,6536463.55059073
533,4257,Cacophis kreftii,GAM_multi_interactions_with_coords,random,True,0,0.008064231361979497,-128644.80040642,6533196.04348179
533,4258,Calyptotis scutirostrum,GAM_multi_interactions_with_coords,random,True,0,0.004352731697353415,-128644.80040642,6533196.04348179
533,4259,Coeranoscincus reticulatus,GAM_multi_interactions_with_coords,random,True,0,0.0057360403375123934,-128644.80040642,6533196.04348179
533,4260,Egernia mcpheei,GAM_multi_interactions_with_coords,random,True,0,0.0028196402959502175,-128644.80040642,6533196.04348179
533,4261,Eulamprus murrayi,GAM_multi_interactions_with_coords,random,True,0,0.0017134887223605965,-128644.80040642,6533196.04348179
533,4262,Ophioscincus truncatus,GAM_multi_interactions_with_coords,random,True,0,0.19500773413205313,-128644.80040642,6533196.04348179
533,4263,Pseudechis porphyricaus,GAM_multi_interactions_with_coords,random,True,0,0.009275551484026964,-128644.80040642,6533196.04348179
533,4264,Saltuarius swaini,GAM_multi_interactions_with_coords,random,True,0,0.008189884318865094,-128644.80040642,6533196.04348179
537,4289,Cacophis kreftii,GAM_multi_interactions_with_coords,random,True,0,0.02400067655413451,-133101.696097477,6529938.31197594
537,4290,Calyptotis scutirostrum,GAM_multi_interactions_with_coords,random,True,0,0.021793073509088757,-133101.696097477,6529938.31197594
537,4291,Coeranoscincus reticulatus,GAM_multi_interactions_with_coords,random,True,0,0.054437612582997126,-133101.696097477,6529938.31197594
537,4292,Egernia mcpheei,GAM_multi_interactions_with_coords,random,True,0,0.008524297973722294,-133101.696097477,6529938.31197594
537,4293,Eulamprus murrayi,GAM_multi_interactions_with_coords,random,True,0,0.005101820441929926,-133101.696097477,6529938.31197594
537,4294,Ophioscincus truncatus,GAM_multi_interactions_with_coords,random,True,1,0.41651160957937194,-133101.696097477,6529938.31197594
537,4295,Pseudechis porphyricaus,GAM_multi_interactions_with_coords,random,True,0,0.014364243073854633,-133101.696097477,6529938.31197594
537,4296,Saltuarius swaini,GAM_multi_interactions_with_coords,random,True,0,0.015718720134702307,-133101.696097477,6529938.31197594
545,4353,Cacophis kreftii,GAM_multi_interactions_with_coords,random,True,0,0.008631522232925872,-114087.089464681,6528156.09858245
545,4354,Calyptotis scutirostrum,GAM_multi_interactions_with_coords,random,True,0,0.00825092840920548,-114087.089464681,6528156.09858245
545,4355,Coeranoscincus reticulatus,GAM_multi_interactions_with_coords,random,True,0,0.04045169617335998,-114087.089464681,6528156.09858245
545,4356,Egernia mcpheei,GAM_multi_interactions_with_coords,random,True,0,0.005608904939961946,-114087.089464681,6528156.09858245
545,4357,Eulamprus murrayi,GAM_multi_interactions_with_coords,random,True,0,0.0017894333822603677,-114087.089464681,6528156.09858245
545,4358,Ophioscincus truncatus,GAM_multi_interactions_with_coords,random,True,0,0.09270129767292795,-114087.089464681,6528156.09858245
545,4359,Pseudechis porphyricaus,GAM_multi_interactions_with_coords,random,True,0,0.0023664789400439697,-114087.089464681,6528156.09858245
545,4360,Saltuarius swaini,GAM_multi_interactions_with_coords,random,True,0,0.006837622955277247,-114087.089464681,6528156.09858245
558,4457,Cacophis kreftii,GAM_multi_interactions_with_coords,random,True,0,0.00846895148195878,-204344.653545143,6507116.16956193
558,4458,Calyptotis scutirostrum,GAM_multi_interactions_with_coords,random,True,0,0.006025611909069041,-204344.653545143,6507116.16956193
558,4459,Coeranoscincus reticulatus,GAM_multi_interactions_with_coords,random,True,0,0.006457072452963166,-204344.653545143,6507116.16956193
558,4460,Egernia mcpheei,GAM_multi_interactions_with_coords,random,True,0,0.006822697101971985,-204344.653545143,6507116.16956193
558,4461,Eulamprus murrayi,GAM_multi_interactions_with_coords,random,True,0,0.0017238219774470148,-204344.653545143,6507116.16956193
558,4462,Ophioscincus truncatus,GAM_multi_interactions_with_coords,random,True,0,0.08220557245507455,-204344.653545143,6507116.16956193
558,4463,Pseudechis porphyricaus,GAM_multi_interactions_with_coords,random,True,0,0.0076088371063186555,-204344.653545143,6507116.16956193
558,4464,Saltuarius swaini,GAM_multi_interactions_with_coords,random,True,0,0.008256406121301211,-204344.653545143,6507116.16956193
567,4529,Cacophis kreftii,GAM_multi_interactions_with_coords,random,True,0,0.027568511006270585,-146716.822931648,6491951.21913417
567,4530,Calyptotis scutirostrum,GAM_multi_interactions_with_coords,random,True,0,0.0187892481660759,-146716.822931648,6491951.21913417
567,4531,Coeranoscincus reticulatus,GAM_multi_interactions_with_coords,random,True,0,0.14652539439589368,-146716.822931648,6491951.21913417
567,4532,Egernia mcpheei,GAM_multi_interactions_with_coords,random,True,0,0.01038701655990171,-146716.822931648,6491951.21913417
567,4533,Eulamprus murrayi,GAM_multi_interactions_with_coords,random,True,0,0.007958467442669757,-146716.822931648,6491951.21913417
567,4534,Ophioscincus truncatus,GAM_multi_interactions_with_coords,random,True,0,0.4784292285388104,-146716.822931648,6491951.21913417
567,4535,Pseudechis porphyricaus,GAM_multi_interactions_with_coords,random,True,1,0.02078817033373388,-146716.822931648,6491951.21913417
567,4536,Saltuarius swaini,GAM_multi_interactions_with_coords,random,True,1,0.017929990349889152,-146716.822931648,6491951.21913417
572,4569,Cacophis kreftii,GAM_multi_interactions_with_coords,random,True,0,0.028035056819520877,-141525.12346321,6489014.81167942
572,4570,Calyptotis scutirostrum,GAM_multi_interactions_with_coords,random,True,0,0.022011766201623293,-141525.12346321,6489014.81167942
572,4571,Coeranoscincus reticulatus,GAM_multi_interactions_with_coords,random,True,0,0.19206649969867276,-141525.12346321,6489014.81167942
572,4572,Egernia mcpheei,GAM_multi_interactions_with_coords,random,True,0,0.012316250374106007,-141525.12346321,6489014.81167942
572,4573,Eulamprus murrayi,GAM_multi_interactions_with_coords,random,True,0,0.007100742806184622,-141525.12346321,6489014.81167942
572,4574,Ophioscincus truncatus,GAM_multi_interactions_with_coords,random,True,1,0.3905604226562297,-141525.12346321,6489014.81167942
572,4575,Pseudechis porphyricaus,GAM_multi_interactions_with_coords,random,True,0,0.018365897096363524,-141525.12346321,6489014.81167942
572,4576,Saltuarius swaini,GAM_multi_interactions_with_coords,random,True,0,0.01957726077143959,-141525.12346321,6489014.81167942
576,4601,Cacophis kreftii,GAM_multi_interactions_with_coords,random,True,0,0.009582005984982371,-206813.275853676,6482403.27464338
576,4602,Calyptotis scutirostrum,GAM_multi_interactions_with_coords,random,True,0,0.007284605150224661,-206813.275853676,6482403.27464338
576,4603,Coeranoscincus reticulatus,GAM_multi_interactions_with_coords,random,True,0,0.01398937301474021,-206813.275853676,6482403.27464338
576,4604,Egernia mcpheei,GAM_multi_interactions_with_coords,random,True,0,0.004376438239732867,-206813.275853676,6482403.27464338
576,4605,Eulamprus murrayi,GAM_multi_interactions_with_coords,random,True,0,0.0026990535664418434,-206813.275853676,6482403.27464338
576,4606,Ophioscincus truncatus,GAM_multi_interactions_with_coords,random,True,0,0.14774596850539387,-206813.275853676,6482403.27464338
576,4607,Pseudechis porphyricaus,GAM_multi_interactions_with_coords,random,True,0,0.012828908105432196,-206813.275853676,6482403.27464338
576,4608,Saltuarius swaini,GAM_multi_interactions_with_coords,random,True,0,0.009339800431534692,-206813.275853676,6482403.27464338
579,4625,Cacophis kreftii,GAM_multi_interactions_with_coords,random,True,0,0.011051426825421307,-242916.649698275,6475563.53924511
579,4626,Calyptotis scutirostrum,GAM_multi_interactions_with_coords,random,True,0,0.01600277220806235,-242916.649698275,6475563.53924511
579,4627,Coeranoscincus reticulatus,GAM_multi_interactions_with_coords,random,True,0,0.008393433518323558,-242916.649698275,6475563.53924511
579,4628,Egernia mcpheei,GAM_multi_interactions_with_coords,random,True,0,0.01015082318622245,-242916.649698275,6475563.53924511
579,4629,Eulamprus murrayi,GAM_multi_interactions_with_coords,random,True,0,0.0020851088157075913,-242916.649698275,6475563.53924511
579,4630,Ophioscincus truncatus,GAM_multi_interactions_with_coords,random,True,0,0.03859786390051482,-242916.649698275,6475563.53924511
579,4631,Pseudechis porphyricaus,GAM_multi_interactions_with_coords,random,True,0,0.0062758051796249605,-242916.649698275,6475563.53924511
579,4632,Saltuarius swaini,GAM_multi_interactions_with_coords,random,True,0,0.01175154234619513,-242916.649698275,6475563.53924511
585,4673,Cacophis kreftii,GAM_multi_interactions_with_coords,random,True,0,0.03152058797479315,-127313.378797034,6479531.06572796
585,4674,Calyptotis scutirostrum,GAM_multi_interactions_with_coords,random,True,0,0.030569231205526858,-127313.378797034,6479531.06572796
585,4675,Coeranoscincus reticulatus,GAM_multi_interactions_with_coords,random,True,0,0.100449283253888,-127313.378797034,6479531.06572796
585,4676,Egernia mcpheei,GAM_multi_interactions_with_coords,random,True,0,0.012294056300930197,-127313.378797034,6479531.06572796
585,4677,Eulamprus murrayi,GAM_multi_interactions_with_coords,random,True,0,0.007065054473840992,-127313.378797034,6479531.06572796
585,4678,Ophioscincus truncatus,GAM_multi_interactions_with_coords,random,True,0,0.5120133261514025,-127313.378797034,6479531.06572796
585,4679,Pseudechis porphyricaus,GAM_multi_interactions_with_coords,random,True,0,0.011247409142674265,-127313.378797034,6479531.06572796
585,4680,Saltuarius swaini,GAM_multi_interactions_with_coords,random,True,0,0.02227372109951322,-127313.378797034,6479531.06572796
599,4785,Cacophis kreftii,GAM_multi_interactions_with_coords,random,True,0,0.014694319974463656,-212146.883673553,6444013.91646962
599,4786,Calyptotis scutirostrum,GAM_multi_interactions_with_coords,random,True,0,0.02304980934691225,-212146.883673553,6444013.91646962
599,4787,Coeranoscincus reticulatus,GAM_multi_interactions_with_coords,random,True,0,0.004452222189079659,-212146.883673553,6444013.91646962
599,4788,Egernia mcpheei,GAM_multi_interactions_with_coords,random,True,0,0.009111337337299142,-212146.883673553,6444013.91646962
599,4789,Eulamprus murrayi,GAM_multi_interactions_with_coords,random,True,0,0.002854540063434498,-212146.883673553,6444013.91646962
599,4790,Ophioscincus truncatus,GAM_multi_interactions_with_coords,random,True,0,0.09457005932633174,-212146.883673553,6444013.91646962
599,4791,Pseudechis porphyricaus,GAM_multi_interactions_with_coords,random,True,0,0.00990005048237322,-212146.883673553,6444013.91646962
599,4792,Saltuarius swaini,GAM_multi_interactions_with_coords,random,True,0,0.015573586932306175,-212146.883673553,6444013.91646962
602,4809,Cacophis kreftii,GAM_multi_interactions_with_coords,random,True,0,0.008728424416925664,-223808.84244951,6439938.38190837
602,4810,Calyptotis scutirostrum,GAM_multi_interactions_with_coords,random,True,0,0.0074808762224452905,-223808.84244951,6439938.38190837
602,4811,Coeranoscincus reticulatus,GAM_multi_interactions_with_coords,random,True,0,0.012234250628623905,-223808.84244951,6439938.38190837
602,4812,Egernia mcpheei,GAM_multi_interactions_with_coords,random,True,0,0.0044482778801952835,-223808.84244951,6439938.38190837
602,4813,Eulamprus murrayi,GAM_multi_interactions_with_coords,random,True,0,0.002304421273050361,-223808.84244951,6439938.38190837
602,4814,Ophioscincus truncatus,GAM_multi_interactions_with_coords,random,True,0,0.05459516325632516,-223808.84244951,6439938.38190837
602,4815,Pseudechis porphyricaus,GAM_multi_interactions_with_coords,random,True,0,0.005800944560431346,-223808.84244951,6439938.38190837
602,4816,Saltuarius swaini,GAM_multi_interactions_with_coords,random,True,0,0.008597680724972877,-223808.84244951,6439938.38190837
606,4841,Cacophis kreftii,GAM_multi_interactions_with_coords,random,True,0,0.015694495826611036,-122961.147064838,6444559.2200686
606,4842,Calyptotis scutirostrum,GAM_multi_interactions_with_coords,random,True,0,0.016731478256592817,-122961.147064838,6444559.2200686
606,4843,Coeranoscincus reticulatus,GAM_multi_interactions_with_coords,random,True,0,0.09014410818995906,-122961.147064838,6444559.2200686
606,4844,Egernia mcpheei,GAM_multi_interactions_with_coords,random,True,0,0.013093578266747914,-122961.147064838,6444559.2200686
606,4845,Eulamprus murrayi,GAM_multi_interactions_with_coords,random,True,0,0.0036270161974666436,-122961.147064838,6444559.2200686
606,4846,Ophioscincus truncatus,GAM_multi_interactions_with_coords,random,True,0,0.14256756959438754,-122961.147064838,6444559.2200686
606,4847,Pseudechis porphyricaus,GAM_multi_interactions_with_coords,random,True,0,0.01101814124083305,-122961.147064838,6444559.2200686
606,4848,Saltuarius swaini,GAM_multi_interactions_with_coords,random,True,0,0.012317303842695823,-122961.147064838,6444559.2200686
624,4985,Cacophis kreftii,GAM_multi_interactions_with_coords,random,True,0,0.006918405027831966,-212517.326831474,6418204.13745066
624,4986,Calyptotis scutirostrum,GAM_multi_interactions_with_coords,random,True,0,0.0032523230015627422,-212517.326831474,6418204.13745066
624,4987,Coeranoscincus reticulatus,GAM_multi_interactions_with_coords,random,True,0,0.00778567788521606,-212517.326831474,6418204.13745066
624,4988,Egernia mcpheei,GAM_multi_interactions_with_coords,random,True,0,0.0014566573160888188,-212517.326831474,6418204.13745066
624,4989,Eulamprus murrayi,GAM_multi_interactions_with_coords,random,True,0,0.0018748107063122123,-212517.326831474,6418204.13745066
624,4990,Ophioscincus truncatus,GAM_multi_interactions_with_coords,random,True,0,0.233548825173193,-212517.326831474,6418204.13745066
624,4991,Pseudechis porphyricaus,GAM_multi_interactions_with_coords,random,True,0,0.0035974224663631563,-212517.326831474,6418204.13745066
624,4992,Saltuarius swaini,GAM_multi_interactions_with_coords,random,True,0,0.0076117055266503204,-212517.326831474,6418204.13745066
628,5017,Cacophis kreftii,GAM_multi_interactions_with_coords,random,True,0,0.014715040920089115,-205426.35557409,6417594.67751035
628,5018,Calyptotis scutirostrum,GAM_multi_interactions_with_coords,random,True,0,0.013065188747764644,-205426.35557409,6417594.67751035
628,5019,Coeranoscincus reticulatus,GAM_multi_interactions_with_coords,random,True,0,0.012662365672033122,-205426.35557409,6417594.67751035
628,5020,Egernia mcpheei,GAM_multi_interactions_with_coords,random,True,0,0.007500262260759053,-205426.35557409,6417594.67751035
628,5021,Eulamprus murrayi,GAM_multi_interactions_with_coords,random,True,0,0.003671685866416802,-205426.35557409,6417594.67751035
628,5022,Ophioscincus truncatus,GAM_multi_interactions_with_coords,random,True,0,0.17922326715848585,-205426.35557409,6417594.67751035
628,5023,Pseudechis porphyricaus,GAM_multi_interactions_with_coords,random,True,0,0.01620442949764884,-205426.35557409,6417594.67751035
628,5024,Saltuarius swaini,GAM_multi_interactions_with_coords,random,True,0,0.01586960129569446,-205426.35557409,6417594.67751035
630,5033,Cacophis kreftii,GAM_multi_interactions_with_coords,random,True,0,0.013704476393776987,-211613.384340048,6416445.23828686
630,5034,Calyptotis scutirostrum,GAM_multi_interactions_with_coords,random,True,0,0.005797524920274194,-211613.384340048,6416445.23828686
630,5035,Coeranoscincus reticulatus,GAM_multi_interactions_with_coords,random,True,0,0.02410024765421352,-211613.384340048,6416445.23828686
630,5036,Egernia mcpheei,GAM_multi_interactions_with_coords,random,True,0,0.0052975488498887184,-211613.384340048,6416445.23828686
630,5037,Eulamprus murrayi,GAM_multi_interactions_with_coords,random,True,0,0.0026959306963866437,-211613.384340048,6416445.23828686
630,5038,Ophioscincus truncatus,GAM_multi_interactions_with_coords,random,True,0,0.19192025050059935,-211613.384340048,6416445.23828686
630,5039,Pseudechis porphyricaus,GAM_multi_interactions_with_coords,random,True,0,0.014694388872607043,-211613.384340048,6416445.23828686
630,5040,Saltuarius swaini,GAM_multi_interactions_with_coords,random,True,0,0.014887304268706509,-211613.384340048,6416445.23828686
639,5105,Cacophis kreftii,GAM_multi_interactions_with_coords,random,True,0,0.012818009995475456,-162684.694435925,6370448.58724721
639,5106,Calyptotis scutirostrum,GAM_multi_interactions_with_coords,random,True,0,0.024820032725759198,-162684.694435925,6370448.58724721
639,5107,Coeranoscincus reticulatus,GAM_multi_interactions_with_coords,random,True,0,0.08265936241924489,-162684.694435925,6370448.58724721
639,5108,Egernia mcpheei,GAM_multi_interactions_with_coords,random,True,0,0.009820766125935652,-162684.694435925,6370448.58724721
639,5109,Eulamprus murrayi,GAM_multi_interactions_with_coords,random,True,0,0.003254597806025839,-162684.694435925,6370448.58724721
639,5110,Ophioscincus truncatus,GAM_multi_interactions_with_coords,random,True,0,0.043670395617131354,-162684.694435925,6370448.58724721
639,5111,Pseudechis porphyricaus,GAM_multi_interactions_with_coords,random,True,0,0.010477719111782682,-162684.694435925,6370448.58724721
639,5112,Saltuarius swaini,GAM_multi_interactions_with_coords,random,True,0,0.011084558496514877,-162684.694435925,6370448.58724721
640,5113,Cacophis kreftii,GAM_multi_interactions_with_coords,random,True,0,0.018833463009155733,-176653.554553042,6368244.44348734
640,5114,Calyptotis scutirostrum,GAM_multi_interactions_with_coords,random,True,0,0.041202676909809485,-176653.554553042,6368244.44348734
640,5115,Coeranoscincus reticulatus,GAM_multi_interactions_with_coords,random,True,0,0.11255575014918248,-176653.554553042,6368244.44348734
640,5116,Egernia mcpheei,GAM_multi_interactions_with_coords,random,True,0,0.01316794500047274,-176653.554553042,6368244.44348734
640,5117,Eulamprus murrayi,GAM_multi_interactions_with_coords,random,True,0,0.005449452752367306,-176653.554553042,6368244.44348734
640,5118,Ophioscincus truncatus,GAM_multi_interactions_with_coords,random,True,0,0.049027309684971716,-176653.554553042,6368244.44348734
640,5119,Pseudechis porphyricaus,GAM_multi_interactions_with_coords,random,True,0,0.01975088892970812,-176653.554553042,6368244.44348734
640,5120,Saltuarius swaini,GAM_multi_interactions_with_coords,random,True,0,0.014235944873181517,-176653.554553042,6368244.44348734
