plot,id,species,model,split_type,use_coords,y_true,y_prob,easting,northing
7,49,Cacophis kreftii,GAM_single_with_coords,random,True,0,0.012204721873905556,-35290.0454930004,6868477.63934909
15,113,Cacophis kreftii,GAM_single_with_coords,random,True,0,0.13552410364220815,-99804.9506313828,6852000.67743644
21,161,Cacophis kreftii,GAM_single_with_coords,random,True,0,0.08863117985617898,-91866.6308808398,6850184.44292602
29,225,Cacophis kreftii,GAM_single_with_coords,random,True,0,0.11495890979075668,-81258.2639630969,6847092.07487722
30,233,Cacophis kreftii,GAM_single_with_coords,random,True,1,0.12423037127692076,-96294.553982511,6846140.09863748
31,241,Cacophis kreftii,GAM_single_with_coords,random,True,0,0.12893729766043666,-95292.0596882657,6846190.80238834
37,289,Cacophis kreftii,GAM_single_with_coords,random,True,0,0.16527460236029776,-79037.3638766905,6846800.48131106
41,321,Cacophis kreftii,GAM_single_with_coords,random,True,0,0.11457704696746976,-96863.6801254773,6845509.65270053
47,369,Cacophis kreftii,GAM_single_with_coords,random,True,0,0.11589562670078384,-79381.2357397435,6845781.19738334
52,409,Cacophis kreftii,GAM_single_with_coords,random,True,0,0.15614013292622125,-60471.4026198804,6845516.11047191
56,441,Cacophis kreftii,GAM_single_with_coords,random,True,0,0.1465909748207988,-60864.6156634532,6845296.97560224
61,481,Cacophis kreftii,GAM_single_with_coords,random,True,0,0.06559955709295334,-61435.1928033584,6844668.54431818
62,489,Cacophis kreftii,GAM_single_with_coords,random,True,0,0.14233747252113135,-60629.7662982834,6844706.93792291
65,513,Cacophis kreftii,GAM_single_with_coords,random,True,0,0.16265307849986704,-84881.8823593461,6843092.18042196
72,569,Cacophis kreftii,GAM_single_with_coords,random,True,0,0.07563884179310412,-86463.3052036808,6842612.44869674
78,617,Cacophis kreftii,GAM_single_with_coords,random,True,0,0.11093836940610088,-85647.642077096,6842252.08566301
84,665,Cacophis kreftii,GAM_single_with_coords,random,True,0,0.1522553416233695,-75697.1375955953,6840337.76316393
87,689,Cacophis kreftii,GAM_single_with_coords,random,True,0,0.020129142473668867,-71013.5035560221,6839163.13240084
92,729,Cacophis kreftii,GAM_single_with_coords,random,True,0,0.0850757778463224,-75353.1982293057,6837536.97534272
97,769,Cacophis kreftii,GAM_single_with_coords,random,True,0,0.11876941197798659,-114250.874091765,6835186.86007185
99,785,Cacophis kreftii,GAM_single_with_coords,random,True,0,0.028113657487562616,-123277.985601988,6834532.44353339
101,801,Cacophis kreftii,GAM_single_with_coords,random,True,1,0.10316204912987115,-147109.711119875,6832327.45616153
108,857,Cacophis kreftii,GAM_single_with_coords,random,True,1,0.0476750988470565,-120786.146445189,6833048.30377336
116,921,Cacophis kreftii,GAM_single_with_coords,random,True,1,0.032736148822959055,-119959.663589068,6832690.76087561
117,929,Cacophis kreftii,GAM_single_with_coords,random,True,0,0.0522797939582293,-119338.87811833,6832311.15904512
121,961,Cacophis kreftii,GAM_single_with_coords,random,True,0,0.06546438521012657,-113308.229962265,6832416.48893136
125,993,Cacophis kreftii,GAM_single_with_coords,random,True,0,0.02929214454855168,-119100.196556909,6831521.23488212
129,1025,Cacophis kreftii,GAM_single_with_coords,random,True,0,0.14962636073254082,-76147.8048592401,6833277.03106837
132,1049,Cacophis kreftii,GAM_single_with_coords,random,True,0,0.06847961662048326,-105801.162580743,6831179.93507326
133,1057,Cacophis kreftii,GAM_single_with_coords,random,True,0,0.1141301938971071,-76520.6971461142,6832657.28276156
136,1081,Cacophis kreftii,GAM_single_with_coords,random,True,0,0.11498162025626854,-62745.5415882464,6830732.52392328
139,1105,Cacophis kreftii,GAM_single_with_coords,random,True,0,0.13455703727210103,-60097.6324680274,6830057.84195886
141,1121,Cacophis kreftii,GAM_single_with_coords,random,True,0,0.06074576914490235,-59274.1159834863,6829696.39928037
148,1177,Cacophis kreftii,GAM_single_with_coords,random,True,0,0.1402838469993054,-59039.7148912014,6828905.9612443
153,1217,Cacophis kreftii,GAM_single_with_coords,random,True,0,0.0671574563707415,-56158.084536112,6827640.49763384
160,1273,Cacophis kreftii,GAM_single_with_coords,random,True,0,0.058373891061686764,-57082.2051583753,6825993.28319997
165,1313,Cacophis kreftii,GAM_single_with_coords,random,True,0,0.05329854593127878,-116199.528148125,6817786.39841097
169,1345,Cacophis kreftii,GAM_single_with_coords,random,True,0,0.01606370386460705,-108876.433782581,6816343.47520397
172,1369,Cacophis kreftii,GAM_single_with_coords,random,True,0,0.012847819786850697,-148834.228828815,6806479.17622519
173,1377,Cacophis kreftii,GAM_single_with_coords,random,True,0,0.008527853948764454,-26864.9515665186,6812638.8314962
175,1393,Cacophis kreftii,GAM_single_with_coords,random,True,0,0.016717601348055718,-26614.0603685924,6811648.67695057
180,1433,Cacophis kreftii,GAM_single_with_coords,random,True,0,0.012578010953132523,-29780.9705356891,6806663.75964171
181,1441,Cacophis kreftii,GAM_single_with_coords,random,True,0,0.01250416242461779,-29379.7381757025,6806682.07694802
185,1473,Cacophis kreftii,GAM_single_with_coords,random,True,0,0.022609970225175174,-154680.904774922,6798732.86570032
194,1545,Cacophis kreftii,GAM_single_with_coords,random,True,0,0.07554863397526335,-113057.133584369,6799439.25721174
195,1553,Cacophis kreftii,GAM_single_with_coords,random,True,0,0.021767961603091815,-153177.628494992,6796999.50794559
203,1617,Cacophis kreftii,GAM_single_with_coords,random,True,0,0.014749323427676469,-165638.858103626,6792540.33884748
205,1633,Cacophis kreftii,GAM_single_with_coords,random,True,0,0.01611331675919551,-111987.574051639,6794257.38010052
209,1665,Cacophis kreftii,GAM_single_with_coords,random,True,0,0.014515057512761718,-112530.721336831,6793024.84869485
214,1705,Cacophis kreftii,GAM_single_with_coords,random,True,0,0.01886831138422629,-110822.113763642,6787074.42336939
226,1801,Cacophis kreftii,GAM_single_with_coords,random,True,0,0.014475102683318693,-156768.616233883,6780508.50732801
231,1841,Cacophis kreftii,GAM_single_with_coords,random,True,0,0.011505843353378313,-107923.462038802,6781588.26422547
232,1849,Cacophis kreftii,GAM_single_with_coords,random,True,0,0.01595597724232088,-154268.894705046,6778832.59399199
236,1881,Cacophis kreftii,GAM_single_with_coords,random,True,0,0.011874810592730099,-157007.529503806,6769427.67794309
237,1889,Cacophis kreftii,GAM_single_with_coords,random,True,0,0.013907161174491648,-157601.945479142,6769192.74860327
238,1897,Cacophis kreftii,GAM_single_with_coords,random,True,0,0.009901760465493436,-42631.6013249115,6774856.7836682
253,2017,Cacophis kreftii,GAM_single_with_coords,random,True,0,0.01909162259551021,-153010.118576574,6758154.60282466
260,2073,Cacophis kreftii,GAM_single_with_coords,random,True,0,0.01658994406442931,-139702.22082351,6757637.17957907
261,2081,Cacophis kreftii,GAM_single_with_coords,random,True,0,0.015853240821597458,-149531.814001847,6756925.32438673
279,2225,Cacophis kreftii,GAM_single_with_coords,random,True,0,0.008005603913695009,-165065.597196224,6745863.85427266
282,2249,Cacophis kreftii,GAM_single_with_coords,random,True,0,0.009477887225935414,-48676.0066271106,6751433.87966314
283,2257,Cacophis kreftii,GAM_single_with_coords,random,True,0,0.013044764311775502,-144358.241751465,6746321.2757456
285,2273,Cacophis kreftii,GAM_single_with_coords,random,True,0,0.009370826276758903,-48666.355678597,6751233.93894705
290,2313,Cacophis kreftii,GAM_single_with_coords,random,True,0,0.008761032386167964,-54841.9600197467,6750321.73267861
303,2417,Cacophis kreftii,GAM_single_with_coords,random,True,0,0.007657302965742837,-86896.2863933826,6740221.21400845
307,2449,Cacophis kreftii,GAM_single_with_coords,random,True,0,0.00964548076291523,-75230.2145233742,6740017.73560779
308,2457,Cacophis kreftii,GAM_single_with_coords,random,True,0,0.01135623267131103,-164907.141677267,6734992.82147675
322,2569,Cacophis kreftii,GAM_single_with_coords,random,True,0,0.01286350186668983,-148858.437557277,6712675.66874389
328,2617,Cacophis kreftii,GAM_single_with_coords,random,True,0,0.00811477912115465,-160137.175183615,6708870.73185706
329,2625,Cacophis kreftii,GAM_single_with_coords,random,True,0,0.007112157009488077,-161729.965162506,6708587.05668997
339,2705,Cacophis kreftii,GAM_single_with_coords,random,True,0,0.006936608972652887,-50204.0063193176,6710952.93925814
352,2809,Cacophis kreftii,GAM_single_with_coords,random,True,0,0.0054882991491745445,-161130.645593128,6697139.33525593
354,2825,Cacophis kreftii,GAM_single_with_coords,random,True,0,0.00489495309137987,-54397.1023715114,6702694.88150925
369,2945,Cacophis kreftii,GAM_single_with_coords,random,True,0,0.009736667847864967,-115761.593020762,6695476.19653521
372,2969,Cacophis kreftii,GAM_single_with_coords,random,True,0,0.00659952712014926,-51958.1449948344,6698406.00349235
379,3025,Cacophis kreftii,GAM_single_with_coords,random,True,0,0.0047172603030674705,-170997.113124586,6685555.44783591
380,3033,Cacophis kreftii,GAM_single_with_coords,random,True,0,0.004713043226508581,-171751.567168655,6684505.22516541
381,3041,Cacophis kreftii,GAM_single_with_coords,random,True,0,0.004411166423147182,-170101.851938007,6683790.0457837
384,3065,Cacophis kreftii,GAM_single_with_coords,random,True,0,0.009487097021800549,-153569.490242912,6679419.46406309
394,3145,Cacophis kreftii,GAM_single_with_coords,random,True,0,0.009122171521734997,-157694.599141127,6669935.38089694
395,3153,Cacophis kreftii,GAM_single_with_coords,random,True,0,0.00918445827497735,-156289.421979757,6670007.80018539
396,3161,Cacophis kreftii,GAM_single_with_coords,random,True,0,0.01079462225108639,-122906.583332893,6670557.67612587
400,3193,Cacophis kreftii,GAM_single_with_coords,random,True,0,0.013465109150106206,-125067.694169073,6669443.0445974
403,3217,Cacophis kreftii,GAM_single_with_coords,random,True,0,0.007251741976333315,-58257.6048943475,6672743.96684541
407,3249,Cacophis kreftii,GAM_single_with_coords,random,True,0,0.016330006129718976,-125225.02885331,6668620.03383924
413,3297,Cacophis kreftii,GAM_single_with_coords,random,True,0,0.009623773719956048,-120072.988069293,6666279.06080417
415,3313,Cacophis kreftii,GAM_single_with_coords,random,True,0,0.008159615957289798,-178654.150282374,6662593.67423277
420,3353,Cacophis kreftii,GAM_single_with_coords,random,True,0,0.01714740992685359,-125379.598774365,6663983.11844257
422,3369,Cacophis kreftii,GAM_single_with_coords,random,True,0,0.015742137153534747,-125514.62268173,6662771.00533564
427,3409,Cacophis kreftii,GAM_single_with_coords,random,True,0,0.01377929093203407,-128408.296244871,6660409.13008774
447,3569,Cacophis kreftii,GAM_single_with_coords,random,True,0,0.005341039753226475,-134779.996572383,6651420.87222455
449,3585,Cacophis kreftii,GAM_single_with_coords,random,True,0,0.004945144726269032,-135559.130529282,6650974.17840999
450,3593,Cacophis kreftii,GAM_single_with_coords,random,True,0,0.007860087488413355,-65340.5697630112,6654471.79599168
458,3657,Cacophis kreftii,GAM_single_with_coords,random,True,0,0.007743263092381366,-133451.630563193,6649077.13745528
461,3681,Cacophis kreftii,GAM_single_with_coords,random,True,0,0.010795318649392805,-132111.524830825,6646522.10607269
462,3689,Cacophis kreftii,GAM_single_with_coords,random,True,0,0.010313477346664345,-129873.482679348,6646037.61836241
463,3697,Cacophis kreftii,GAM_single_with_coords,random,True,0,0.011409487785141276,-130606.171632184,6644790.80822609
464,3705,Cacophis kreftii,GAM_single_with_coords,random,True,0,0.006998482913581217,-62036.5636510338,6645195.69882671
475,3793,Cacophis kreftii,GAM_single_with_coords,random,True,0,0.013947188573910604,-103178.812815837,6605812.65044331
480,3833,Cacophis kreftii,GAM_single_with_coords,random,True,0,0.0061779851938961895,-139787.964672713,6601638.98677139
481,3841,Cacophis kreftii,GAM_single_with_coords,random,True,0,0.010987887522168702,-140574.776964781,6601391.4036645
488,3897,Cacophis kreftii,GAM_single_with_coords,random,True,0,0.011696655755734817,-141193.546516212,6594113.16970331
490,3913,Cacophis kreftii,GAM_single_with_coords,random,True,0,0.01172120618155865,-140157.01004317,6593561.29260029
494,3945,Cacophis kreftii,GAM_single_with_coords,random,True,0,0.010563385096011107,-160099.441241579,6571357.13800851
499,3985,Cacophis kreftii,GAM_single_with_coords,random,True,0,0.004642481996148019,-166874.918971174,6569986.45729551
507,4049,Cacophis kreftii,GAM_single_with_coords,random,True,0,0.010484625262780769,-144741.332783447,6566549.73714478
508,4057,Cacophis kreftii,GAM_single_with_coords,random,True,0,0.004206529449214891,-162480.687351114,6563171.45187532
510,4073,Cacophis kreftii,GAM_single_with_coords,random,True,0,0.006693064712123539,-146201.750488105,6563648.83716664
514,4105,Cacophis kreftii,GAM_single_with_coords,random,True,0,0.005984417682367767,-146089.648133388,6561646.84538545
525,4193,Cacophis kreftii,GAM_single_with_coords,random,True,0,0.011825339212547427,-118770.04691586,6551450.02671343
531,4241,Cacophis kreftii,GAM_single_with_coords,random,True,0,0.010119016725749658,-83551.8721662688,6536463.55059073
533,4257,Cacophis kreftii,GAM_single_with_coords,random,True,0,0.012417781291307696,-128644.80040642,6533196.04348179
537,4289,Cacophis kreftii,GAM_single_with_coords,random,True,0,0.023164502443806585,-133101.696097477,6529938.31197594
545,4353,Cacophis kreftii,GAM_single_with_coords,random,True,0,0.011795326230096248,-114087.089464681,6528156.09858245
558,4457,Cacophis kreftii,GAM_single_with_coords,random,True,0,0.010719374295130587,-204344.653545143,6507116.16956193
567,4529,Cacophis kreftii,GAM_single_with_coords,random,True,0,0.014935660013009892,-146716.822931648,6491951.21913417
572,4569,Cacophis kreftii,GAM_single_with_coords,random,True,0,0.015586636649033815,-141525.12346321,6489014.81167942
576,4601,Cacophis kreftii,GAM_single_with_coords,random,True,0,0.007096116988752666,-206813.275853676,6482403.27464338
579,4625,Cacophis kreftii,GAM_single_with_coords,random,True,0,0.02027509358680497,-242916.649698275,6475563.53924511
585,4673,Cacophis kreftii,GAM_single_with_coords,random,True,0,0.025617672456734165,-127313.378797034,6479531.06572796
599,4785,Cacophis kreftii,GAM_single_with_coords,random,True,0,0.024282546545850214,-212146.883673553,6444013.91646962
602,4809,Cacophis kreftii,GAM_single_with_coords,random,True,0,0.015406530321628665,-223808.84244951,6439938.38190837
606,4841,Cacophis kreftii,GAM_single_with_coords,random,True,0,0.009531708180205796,-122961.147064838,6444559.2200686
624,4985,Cacophis kreftii,GAM_single_with_coords,random,True,0,0.011420067562427406,-212517.326831474,6418204.13745066
628,5017,Cacophis kreftii,GAM_single_with_coords,random,True,0,0.011974095687400769,-205426.35557409,6417594.67751035
630,5033,Cacophis kreftii,GAM_single_with_coords,random,True,0,0.015012322181046988,-211613.384340048,6416445.23828686
639,5105,Cacophis kreftii,GAM_single_with_coords,random,True,0,0.008896618652164711,-162684.694435925,6370448.58724721
640,5113,Cacophis kreftii,GAM_single_with_coords,random,True,0,0.011250163702132334,-176653.554553042,6368244.44348734
7,50,Calyptotis scutirostrum,GAM_single_with_coords,random,True,0,0.02810307591810358,-35290.0454930004,6868477.63934909
15,114,Calyptotis scutirostrum,GAM_single_with_coords,random,True,1,0.2799827601189765,-99804.9506313828,6852000.67743644
21,162,Calyptotis scutirostrum,GAM_single_with_coords,random,True,0,0.24665639654972651,-91866.6308808398,6850184.44292602
29,226,Calyptotis scutirostrum,GAM_single_with_coords,random,True,0,0.11043663171963379,-81258.2639630969,6847092.07487722
30,234,Calyptotis scutirostrum,GAM_single_with_coords,random,True,1,0.30557262865222645,-96294.553982511,6846140.09863748
31,242,Calyptotis scutirostrum,GAM_single_with_coords,random,True,1,0.21821952677891487,-95292.0596882657,6846190.80238834
37,290,Calyptotis scutirostrum,GAM_single_with_coords,random,True,0,0.11818856789524163,-79037.3638766905,6846800.48131106
41,322,Calyptotis scutirostrum,GAM_single_with_coords,random,True,0,0.2708391936316701,-96863.6801254773,6845509.65270053
47,370,Calyptotis scutirostrum,GAM_single_with_coords,random,True,0,0.13174529123738596,-79381.2357397435,6845781.19738334
52,410,Calyptotis scutirostrum,GAM_single_with_coords,random,True,1,0.5941403559049843,-60471.4026198804,6845516.11047191
56,442,Calyptotis scutirostrum,GAM_single_with_coords,random,True,0,0.5627903546178114,-60864.6156634532,6845296.97560224
61,482,Calyptotis scutirostrum,GAM_single_with_coords,random,True,0,0.18948136108173358,-61435.1928033584,6844668.54431818
62,490,Calyptotis scutirostrum,GAM_single_with_coords,random,True,1,0.5771631018496625,-60629.7662982834,6844706.93792291
65,514,Calyptotis scutirostrum,GAM_single_with_coords,random,True,1,0.5058628249725371,-84881.8823593461,6843092.18042196
72,570,Calyptotis scutirostrum,GAM_single_with_coords,random,True,1,0.10986449905695456,-86463.3052036808,6842612.44869674
78,618,Calyptotis scutirostrum,GAM_single_with_coords,random,True,0,0.22841712902456096,-85647.642077096,6842252.08566301
84,666,Calyptotis scutirostrum,GAM_single_with_coords,random,True,0,0.18151667406852665,-75697.1375955953,6840337.76316393
87,690,Calyptotis scutirostrum,GAM_single_with_coords,random,True,0,0.039323911618498,-71013.5035560221,6839163.13240084
92,730,Calyptotis scutirostrum,GAM_single_with_coords,random,True,0,0.05361436979738915,-75353.1982293057,6837536.97534272
97,770,Calyptotis scutirostrum,GAM_single_with_coords,random,True,1,0.18955313271240176,-114250.874091765,6835186.86007185
99,786,Calyptotis scutirostrum,GAM_single_with_coords,random,True,0,0.11079999209131497,-123277.985601988,6834532.44353339
101,802,Calyptotis scutirostrum,GAM_single_with_coords,random,True,1,0.5480395965940703,-147109.711119875,6832327.45616153
108,858,Calyptotis scutirostrum,GAM_single_with_coords,random,True,0,0.16412448544493854,-120786.146445189,6833048.30377336
116,922,Calyptotis scutirostrum,GAM_single_with_coords,random,True,0,0.0995008244680353,-119959.663589068,6832690.76087561
117,930,Calyptotis scutirostrum,GAM_single_with_coords,random,True,1,0.14369867141557846,-119338.87811833,6832311.15904512
121,962,Calyptotis scutirostrum,GAM_single_with_coords,random,True,0,0.1836091797224545,-113308.229962265,6832416.48893136
125,994,Calyptotis scutirostrum,GAM_single_with_coords,random,True,1,0.08711612337338584,-119100.196556909,6831521.23488212
129,1026,Calyptotis scutirostrum,GAM_single_with_coords,random,True,0,0.4690095743159944,-76147.8048592401,6833277.03106837
132,1050,Calyptotis scutirostrum,GAM_single_with_coords,random,True,0,0.11380380145079542,-105801.162580743,6831179.93507326
133,1058,Calyptotis scutirostrum,GAM_single_with_coords,random,True,1,0.31125531860330774,-76520.6971461142,6832657.28276156
136,1082,Calyptotis scutirostrum,GAM_single_with_coords,random,True,0,0.12079539666188152,-62745.5415882464,6830732.52392328
139,1106,Calyptotis scutirostrum,GAM_single_with_coords,random,True,0,0.5609452862839442,-60097.6324680274,6830057.84195886
141,1122,Calyptotis scutirostrum,GAM_single_with_coords,random,True,0,0.2237676149589686,-59274.1159834863,6829696.39928037
148,1178,Calyptotis scutirostrum,GAM_single_with_coords,random,True,1,0.2819611669162293,-59039.7148912014,6828905.9612443
153,1218,Calyptotis scutirostrum,GAM_single_with_coords,random,True,1,0.1724706500661846,-56158.084536112,6827640.49763384
160,1274,Calyptotis scutirostrum,GAM_single_with_coords,random,True,1,0.15157828703961526,-57082.2051583753,6825993.28319997
165,1314,Calyptotis scutirostrum,GAM_single_with_coords,random,True,0,0.11127817755710707,-116199.528148125,6817786.39841097
169,1346,Calyptotis scutirostrum,GAM_single_with_coords,random,True,0,0.026009752123097626,-108876.433782581,6816343.47520397
172,1370,Calyptotis scutirostrum,GAM_single_with_coords,random,True,0,0.07611149134713789,-148834.228828815,6806479.17622519
173,1378,Calyptotis scutirostrum,GAM_single_with_coords,random,True,0,0.019432266149515955,-26864.9515665186,6812638.8314962
175,1394,Calyptotis scutirostrum,GAM_single_with_coords,random,True,1,0.06220388419624144,-26614.0603685924,6811648.67695057
180,1434,Calyptotis scutirostrum,GAM_single_with_coords,random,True,0,0.021574535817046533,-29780.9705356891,6806663.75964171
181,1442,Calyptotis scutirostrum,GAM_single_with_coords,random,True,0,0.021540456405152435,-29379.7381757025,6806682.07694802
185,1474,Calyptotis scutirostrum,GAM_single_with_coords,random,True,0,0.09901966710589942,-154680.904774922,6798732.86570032
194,1546,Calyptotis scutirostrum,GAM_single_with_coords,random,True,0,0.10356934767977954,-113057.133584369,6799439.25721174
195,1554,Calyptotis scutirostrum,GAM_single_with_coords,random,True,0,0.12520543652743696,-153177.628494992,6796999.50794559
203,1618,Calyptotis scutirostrum,GAM_single_with_coords,random,True,0,0.02864011537791254,-165638.858103626,6792540.33884748
205,1634,Calyptotis scutirostrum,GAM_single_with_coords,random,True,0,0.03073459515798643,-111987.574051639,6794257.38010052
209,1666,Calyptotis scutirostrum,GAM_single_with_coords,random,True,0,0.030643878778629532,-112530.721336831,6793024.84869485
214,1706,Calyptotis scutirostrum,GAM_single_with_coords,random,True,0,0.06283560877449652,-110822.113763642,6787074.42336939
226,1802,Calyptotis scutirostrum,GAM_single_with_coords,random,True,0,0.04865278401279545,-156768.616233883,6780508.50732801
231,1842,Calyptotis scutirostrum,GAM_single_with_coords,random,True,0,0.014049587706830851,-107923.462038802,6781588.26422547
232,1850,Calyptotis scutirostrum,GAM_single_with_coords,random,True,0,0.0397071948491862,-154268.894705046,6778832.59399199
236,1882,Calyptotis scutirostrum,GAM_single_with_coords,random,True,0,0.012499616763521428,-157007.529503806,6769427.67794309
237,1890,Calyptotis scutirostrum,GAM_single_with_coords,random,True,0,0.017068496957371383,-157601.945479142,6769192.74860327
238,1898,Calyptotis scutirostrum,GAM_single_with_coords,random,True,0,0.022481671528716173,-42631.6013249115,6774856.7836682
253,2018,Calyptotis scutirostrum,GAM_single_with_coords,random,True,0,0.017982871770085368,-153010.118576574,6758154.60282466
260,2074,Calyptotis scutirostrum,GAM_single_with_coords,random,True,0,0.023951552977719205,-139702.22082351,6757637.17957907
261,2082,Calyptotis scutirostrum,GAM_single_with_coords,random,True,0,0.05125975432402195,-149531.814001847,6756925.32438673
279,2226,Calyptotis scutirostrum,GAM_single_with_coords,random,True,0,0.006732763019448819,-165065.597196224,6745863.85427266
282,2250,Calyptotis scutirostrum,GAM_single_with_coords,random,True,0,0.017186500944351073,-48676.0066271106,6751433.87966314
283,2258,Calyptotis scutirostrum,GAM_single_with_coords,random,True,0,0.007587631986968479,-144358.241751465,6746321.2757456
285,2274,Calyptotis scutirostrum,GAM_single_with_coords,random,True,0,0.01709860804677955,-48666.355678597,6751233.93894705
290,2314,Calyptotis scutirostrum,GAM_single_with_coords,random,True,0,0.015857720087743683,-54841.9600197467,6750321.73267861
303,2418,Calyptotis scutirostrum,GAM_single_with_coords,random,True,0,0.006569017649832898,-86896.2863933826,6740221.21400845
307,2450,Calyptotis scutirostrum,GAM_single_with_coords,random,True,0,0.014226429010370759,-75230.2145233742,6740017.73560779
308,2458,Calyptotis scutirostrum,GAM_single_with_coords,random,True,0,0.013482965062948075,-164907.141677267,6734992.82147675
322,2570,Calyptotis scutirostrum,GAM_single_with_coords,random,True,0,0.013786446222489345,-148858.437557277,6712675.66874389
328,2618,Calyptotis scutirostrum,GAM_single_with_coords,random,True,0,0.006084680286570142,-160137.175183615,6708870.73185706
329,2626,Calyptotis scutirostrum,GAM_single_with_coords,random,True,0,0.006643332998167056,-161729.965162506,6708587.05668997
339,2706,Calyptotis scutirostrum,GAM_single_with_coords,random,True,0,0.008103780945920954,-50204.0063193176,6710952.93925814
352,2810,Calyptotis scutirostrum,GAM_single_with_coords,random,True,0,0.003995657280265066,-161130.645593128,6697139.33525593
354,2826,Calyptotis scutirostrum,GAM_single_with_coords,random,True,0,0.00602556395997647,-54397.1023715114,6702694.88150925
369,2946,Calyptotis scutirostrum,GAM_single_with_coords,random,True,0,0.01195040331493773,-115761.593020762,6695476.19653521
372,2970,Calyptotis scutirostrum,GAM_single_with_coords,random,True,0,0.015282306627875877,-51958.1449948344,6698406.00349235
379,3026,Calyptotis scutirostrum,GAM_single_with_coords,random,True,0,0.0043182599587200015,-170997.113124586,6685555.44783591
380,3034,Calyptotis scutirostrum,GAM_single_with_coords,random,True,0,0.004840819467593891,-171751.567168655,6684505.22516541
381,3042,Calyptotis scutirostrum,GAM_single_with_coords,random,True,0,0.004937843246118651,-170101.851938007,6683790.0457837
384,3066,Calyptotis scutirostrum,GAM_single_with_coords,random,True,0,0.016817774513174344,-153569.490242912,6679419.46406309
394,3146,Calyptotis scutirostrum,GAM_single_with_coords,random,True,0,0.01862445509980902,-157694.599141127,6669935.38089694
395,3154,Calyptotis scutirostrum,GAM_single_with_coords,random,True,0,0.02001437857831317,-156289.421979757,6670007.80018539
396,3162,Calyptotis scutirostrum,GAM_single_with_coords,random,True,0,0.017480098096122818,-122906.583332893,6670557.67612587
400,3194,Calyptotis scutirostrum,GAM_single_with_coords,random,True,0,0.06432379964876268,-125067.694169073,6669443.0445974
403,3218,Calyptotis scutirostrum,GAM_single_with_coords,random,True,0,0.011689538517950886,-58257.6048943475,6672743.96684541
407,3250,Calyptotis scutirostrum,GAM_single_with_coords,random,True,0,0.07200351425970035,-125225.02885331,6668620.03383924
413,3298,Calyptotis scutirostrum,GAM_single_with_coords,random,True,0,0.023983665385142936,-120072.988069293,6666279.06080417
415,3314,Calyptotis scutirostrum,GAM_single_with_coords,random,True,0,0.015565752718720169,-178654.150282374,6662593.67423277
420,3354,Calyptotis scutirostrum,GAM_single_with_coords,random,True,0,0.032688635200051226,-125379.598774365,6663983.11844257
422,3370,Calyptotis scutirostrum,GAM_single_with_coords,random,True,0,0.019410620468064726,-125514.62268173,6662771.00533564
427,3410,Calyptotis scutirostrum,GAM_single_with_coords,random,True,0,0.014324754899183254,-128408.296244871,6660409.13008774
447,3570,Calyptotis scutirostrum,GAM_single_with_coords,random,True,0,0.006004974464335027,-134779.996572383,6651420.87222455
449,3586,Calyptotis scutirostrum,GAM_single_with_coords,random,True,0,0.006005227717800426,-135559.130529282,6650974.17840999
450,3594,Calyptotis scutirostrum,GAM_single_with_coords,random,True,0,0.011223629733037288,-65340.5697630112,6654471.79599168
458,3658,Calyptotis scutirostrum,GAM_single_with_coords,random,True,0,0.006604048923310578,-133451.630563193,6649077.13745528
461,3682,Calyptotis scutirostrum,GAM_single_with_coords,random,True,0,0.016320571686278842,-132111.524830825,6646522.10607269
462,3690,Calyptotis scutirostrum,GAM_single_with_coords,random,True,0,0.017920672120895258,-129873.482679348,6646037.61836241
463,3698,Calyptotis scutirostrum,GAM_single_with_coords,random,True,0,0.016080016471299592,-130606.171632184,6644790.80822609
464,3706,Calyptotis scutirostrum,GAM_single_with_coords,random,True,0,0.017784963327397034,-62036.5636510338,6645195.69882671
475,3794,Calyptotis scutirostrum,GAM_single_with_coords,random,True,0,0.028291139307417744,-103178.812815837,6605812.65044331
480,3834,Calyptotis scutirostrum,GAM_single_with_coords,random,True,0,0.008162174055634621,-139787.964672713,6601638.98677139
481,3842,Calyptotis scutirostrum,GAM_single_with_coords,random,True,0,0.017315473086482378,-140574.776964781,6601391.4036645
488,3898,Calyptotis scutirostrum,GAM_single_with_coords,random,True,0,0.02051917294904224,-141193.546516212,6594113.16970331
490,3914,Calyptotis scutirostrum,GAM_single_with_coords,random,True,0,0.019979008175647243,-140157.01004317,6593561.29260029
494,3946,Calyptotis scutirostrum,GAM_single_with_coords,random,True,0,0.06519644334439574,-160099.441241579,6571357.13800851
499,3986,Calyptotis scutirostrum,GAM_single_with_coords,random,True,0,0.0057920863493469265,-166874.918971174,6569986.45729551
507,4050,Calyptotis scutirostrum,GAM_single_with_coords,random,True,0,0.01093851762947933,-144741.332783447,6566549.73714478
508,4058,Calyptotis scutirostrum,GAM_single_with_coords,random,True,0,0.005453554491616475,-162480.687351114,6563171.45187532
510,4074,Calyptotis scutirostrum,GAM_single_with_coords,random,True,0,0.006512202200933356,-146201.750488105,6563648.83716664
514,4106,Calyptotis scutirostrum,GAM_single_with_coords,random,True,0,0.006969210481082098,-146089.648133388,6561646.84538545
525,4194,Calyptotis scutirostrum,GAM_single_with_coords,random,True,0,0.016926476473506875,-118770.04691586,6551450.02671343
531,4242,Calyptotis scutirostrum,GAM_single_with_coords,random,True,0,0.013129703536026844,-83551.8721662688,6536463.55059073
533,4258,Calyptotis scutirostrum,GAM_single_with_coords,random,True,0,0.010667694194875324,-128644.80040642,6533196.04348179
537,4290,Calyptotis scutirostrum,GAM_single_with_coords,random,True,0,0.02859246514715973,-133101.696097477,6529938.31197594
545,4354,Calyptotis scutirostrum,GAM_single_with_coords,random,True,0,0.01869117744800036,-114087.089464681,6528156.09858245
558,4458,Calyptotis scutirostrum,GAM_single_with_coords,random,True,0,0.0162069774218022,-204344.653545143,6507116.16956193
567,4530,Calyptotis scutirostrum,GAM_single_with_coords,random,True,0,0.019254546812290586,-146716.822931648,6491951.21913417
572,4570,Calyptotis scutirostrum,GAM_single_with_coords,random,True,0,0.023971728034008485,-141525.12346321,6489014.81167942
576,4602,Calyptotis scutirostrum,GAM_single_with_coords,random,True,0,0.01243873117412891,-206813.275853676,6482403.27464338
579,4626,Calyptotis scutirostrum,GAM_single_with_coords,random,True,0,0.04580307197721289,-242916.649698275,6475563.53924511
585,4674,Calyptotis scutirostrum,GAM_single_with_coords,random,True,0,0.03440487912347494,-127313.378797034,6479531.06572796
599,4786,Calyptotis scutirostrum,GAM_single_with_coords,random,True,0,0.052130527832186205,-212146.883673553,6444013.91646962
602,4810,Calyptotis scutirostrum,GAM_single_with_coords,random,True,0,0.01821819744766039,-223808.84244951,6439938.38190837
606,4842,Calyptotis scutirostrum,GAM_single_with_coords,random,True,0,0.02461047770605701,-122961.147064838,6444559.2200686
624,4986,Calyptotis scutirostrum,GAM_single_with_coords,random,True,0,0.006993882315042832,-212517.326831474,6418204.13745066
628,5018,Calyptotis scutirostrum,GAM_single_with_coords,random,True,0,0.0235693545887683,-205426.35557409,6417594.67751035
630,5034,Calyptotis scutirostrum,GAM_single_with_coords,random,True,0,0.010912239058923554,-211613.384340048,6416445.23828686
639,5106,Calyptotis scutirostrum,GAM_single_with_coords,random,True,0,0.04535706922376874,-162684.694435925,6370448.58724721
640,5114,Calyptotis scutirostrum,GAM_single_with_coords,random,True,0,0.06283043690526095,-176653.554553042,6368244.44348734
7,51,Coeranoscincus reticulatus,GAM_single_with_coords,random,True,0,0.011194188191912315,-35290.0454930004,6868477.63934909
15,115,Coeranoscincus reticulatus,GAM_single_with_coords,random,True,0,0.4455604493367225,-99804.9506313828,6852000.67743644
21,163,Coeranoscincus reticulatus,GAM_single_with_coords,random,True,0,0.33925411934166116,-91866.6308808398,6850184.44292602
29,227,Coeranoscincus reticulatus,GAM_single_with_coords,random,True,0,0.050051343173055436,-81258.2639630969,6847092.07487722
30,235,Coeranoscincus reticulatus,GAM_single_with_coords,random,True,0,0.2841791354018034,-96294.553982511,6846140.09863748
31,243,Coeranoscincus reticulatus,GAM_single_with_coords,random,True,0,0.36312894521260985,-95292.0596882657,6846190.80238834
37,291,Coeranoscincus reticulatus,GAM_single_with_coords,random,True,0,0.05776165971263014,-79037.3638766905,6846800.48131106
41,323,Coeranoscincus reticulatus,GAM_single_with_coords,random,True,0,0.3060924242286485,-96863.6801254773,6845509.65270053
47,371,Coeranoscincus reticulatus,GAM_single_with_coords,random,True,0,0.056216213844748966,-79381.2357397435,6845781.19738334
52,411,Coeranoscincus reticulatus,GAM_single_with_coords,random,True,0,0.04009432458042794,-60471.4026198804,6845516.11047191
56,443,Coeranoscincus reticulatus,GAM_single_with_coords,random,True,0,0.05003739536960405,-60864.6156634532,6845296.97560224
61,483,Coeranoscincus reticulatus,GAM_single_with_coords,random,True,0,0.07768137250057115,-61435.1928033584,6844668.54431818
62,491,Coeranoscincus reticulatus,GAM_single_with_coords,random,True,0,0.04841887159257908,-60629.7662982834,6844706.93792291
65,515,Coeranoscincus reticulatus,GAM_single_with_coords,random,True,0,0.1036947825784986,-84881.8823593461,6843092.18042196
72,571,Coeranoscincus reticulatus,GAM_single_with_coords,random,True,0,0.12784560828400093,-86463.3052036808,6842612.44869674
78,619,Coeranoscincus reticulatus,GAM_single_with_coords,random,True,1,0.21914541603384805,-85647.642077096,6842252.08566301
84,667,Coeranoscincus reticulatus,GAM_single_with_coords,random,True,0,0.06693384705267022,-75697.1375955953,6840337.76316393
87,691,Coeranoscincus reticulatus,GAM_single_with_coords,random,True,1,0.02840058630863337,-71013.5035560221,6839163.13240084
92,731,Coeranoscincus reticulatus,GAM_single_with_coords,random,True,0,0.029920589733043162,-75353.1982293057,6837536.97534272
97,771,Coeranoscincus reticulatus,GAM_single_with_coords,random,True,1,0.38450246260494575,-114250.874091765,6835186.86007185
99,787,Coeranoscincus reticulatus,GAM_single_with_coords,random,True,0,0.5452155590669876,-123277.985601988,6834532.44353339
101,803,Coeranoscincus reticulatus,GAM_single_with_coords,random,True,0,0.4686931250720582,-147109.711119875,6832327.45616153
108,859,Coeranoscincus reticulatus,GAM_single_with_coords,random,True,0,0.5863823796706202,-120786.146445189,6833048.30377336
116,923,Coeranoscincus reticulatus,GAM_single_with_coords,random,True,0,0.5111691176711333,-119959.663589068,6832690.76087561
117,931,Coeranoscincus reticulatus,GAM_single_with_coords,random,True,1,0.5695872155288028,-119338.87811833,6832311.15904512
121,963,Coeranoscincus reticulatus,GAM_single_with_coords,random,True,1,0.4267246392651041,-113308.229962265,6832416.48893136
125,995,Coeranoscincus reticulatus,GAM_single_with_coords,random,True,0,0.4003172521062738,-119100.196556909,6831521.23488212
129,1027,Coeranoscincus reticulatus,GAM_single_with_coords,random,True,0,0.07052871644576938,-76147.8048592401,6833277.03106837
132,1051,Coeranoscincus reticulatus,GAM_single_with_coords,random,True,0,0.42583927669925054,-105801.162580743,6831179.93507326
133,1059,Coeranoscincus reticulatus,GAM_single_with_coords,random,True,0,0.055554443402740745,-76520.6971461142,6832657.28276156
136,1083,Coeranoscincus reticulatus,GAM_single_with_coords,random,True,0,0.05369210009731222,-62745.5415882464,6830732.52392328
139,1107,Coeranoscincus reticulatus,GAM_single_with_coords,random,True,0,0.06619959486526851,-60097.6324680274,6830057.84195886
141,1123,Coeranoscincus reticulatus,GAM_single_with_coords,random,True,0,0.11956502577626689,-59274.1159834863,6829696.39928037
148,1179,Coeranoscincus reticulatus,GAM_single_with_coords,random,True,0,0.07606976251995683,-59039.7148912014,6828905.9612443
153,1219,Coeranoscincus reticulatus,GAM_single_with_coords,random,True,0,0.02679993716948047,-56158.084536112,6827640.49763384
160,1275,Coeranoscincus reticulatus,GAM_single_with_coords,random,True,0,0.024028423015898824,-57082.2051583753,6825993.28319997
165,1315,Coeranoscincus reticulatus,GAM_single_with_coords,random,True,0,0.4301221112680584,-116199.528148125,6817786.39841097
169,1347,Coeranoscincus reticulatus,GAM_single_with_coords,random,True,0,0.204582816690067,-108876.433782581,6816343.47520397
172,1371,Coeranoscincus reticulatus,GAM_single_with_coords,random,True,0,0.34481455247951526,-148834.228828815,6806479.17622519
173,1379,Coeranoscincus reticulatus,GAM_single_with_coords,random,True,0,0.021705855183199552,-26864.9515665186,6812638.8314962
175,1395,Coeranoscincus reticulatus,GAM_single_with_coords,random,True,0,0.040984735087817664,-26614.0603685924,6811648.67695057
180,1435,Coeranoscincus reticulatus,GAM_single_with_coords,random,True,0,0.023647108825004707,-29780.9705356891,6806663.75964171
181,1443,Coeranoscincus reticulatus,GAM_single_with_coords,random,True,0,0.023886537190386848,-29379.7381757025,6806682.07694802
185,1475,Coeranoscincus reticulatus,GAM_single_with_coords,random,True,1,0.512661166116893,-154680.904774922,6798732.86570032
194,1547,Coeranoscincus reticulatus,GAM_single_with_coords,random,True,1,0.5441833437291821,-113057.133584369,6799439.25721174
195,1555,Coeranoscincus reticulatus,GAM_single_with_coords,random,True,1,0.3901336849917284,-153177.628494992,6796999.50794559
203,1619,Coeranoscincus reticulatus,GAM_single_with_coords,random,True,1,0.41196200611544087,-165638.858103626,6792540.33884748
205,1635,Coeranoscincus reticulatus,GAM_single_with_coords,random,True,0,0.2963280683346857,-111987.574051639,6794257.38010052
209,1667,Coeranoscincus reticulatus,GAM_single_with_coords,random,True,1,0.32746824498686156,-112530.721336831,6793024.84869485
214,1707,Coeranoscincus reticulatus,GAM_single_with_coords,random,True,0,0.3585733668076745,-110822.113763642,6787074.42336939
226,1803,Coeranoscincus reticulatus,GAM_single_with_coords,random,True,1,0.46877449465781007,-156768.616233883,6780508.50732801
231,1843,Coeranoscincus reticulatus,GAM_single_with_coords,random,True,1,0.1662562597459111,-107923.462038802,6781588.26422547
232,1851,Coeranoscincus reticulatus,GAM_single_with_coords,random,True,0,0.46381556883399727,-154268.894705046,6778832.59399199
236,1883,Coeranoscincus reticulatus,GAM_single_with_coords,random,True,1,0.27332740662788474,-157007.529503806,6769427.67794309
237,1891,Coeranoscincus reticulatus,GAM_single_with_coords,random,True,1,0.3147282898771781,-157601.945479142,6769192.74860327
238,1899,Coeranoscincus reticulatus,GAM_single_with_coords,random,True,0,0.030534606107889457,-42631.6013249115,6774856.7836682
253,2019,Coeranoscincus reticulatus,GAM_single_with_coords,random,True,0,0.34069847004854437,-153010.118576574,6758154.60282466
260,2075,Coeranoscincus reticulatus,GAM_single_with_coords,random,True,0,0.469126989290093,-139702.22082351,6757637.17957907
261,2083,Coeranoscincus reticulatus,GAM_single_with_coords,random,True,0,0.46419577050346417,-149531.814001847,6756925.32438673
279,2227,Coeranoscincus reticulatus,GAM_single_with_coords,random,True,0,0.24222028119579087,-165065.597196224,6745863.85427266
282,2251,Coeranoscincus reticulatus,GAM_single_with_coords,random,True,0,0.020054362638715472,-48676.0066271106,6751433.87966314
283,2259,Coeranoscincus reticulatus,GAM_single_with_coords,random,True,0,0.19825205055568604,-144358.241751465,6746321.2757456
285,2275,Coeranoscincus reticulatus,GAM_single_with_coords,random,True,0,0.02042465405602174,-48666.355678597,6751233.93894705
290,2315,Coeranoscincus reticulatus,GAM_single_with_coords,random,True,0,0.03016919085422784,-54841.9600197467,6750321.73267861
303,2419,Coeranoscincus reticulatus,GAM_single_with_coords,random,True,0,0.08455964373985977,-86896.2863933826,6740221.21400845
307,2451,Coeranoscincus reticulatus,GAM_single_with_coords,random,True,0,0.0883150179663319,-75230.2145233742,6740017.73560779
308,2459,Coeranoscincus reticulatus,GAM_single_with_coords,random,True,0,0.1352848259607024,-164907.141677267,6734992.82147675
322,2571,Coeranoscincus reticulatus,GAM_single_with_coords,random,True,0,0.06631364951101702,-148858.437557277,6712675.66874389
328,2619,Coeranoscincus reticulatus,GAM_single_with_coords,random,True,0,0.15045624560401738,-160137.175183615,6708870.73185706
329,2627,Coeranoscincus reticulatus,GAM_single_with_coords,random,True,0,0.2411950011883926,-161729.965162506,6708587.05668997
339,2707,Coeranoscincus reticulatus,GAM_single_with_coords,random,True,0,0.01713104850883151,-50204.0063193176,6710952.93925814
352,2811,Coeranoscincus reticulatus,GAM_single_with_coords,random,True,0,0.09679323294615252,-161130.645593128,6697139.33525593
354,2827,Coeranoscincus reticulatus,GAM_single_with_coords,random,True,0,0.023551697471667486,-54397.1023715114,6702694.88150925
369,2947,Coeranoscincus reticulatus,GAM_single_with_coords,random,True,0,0.1940304768547456,-115761.593020762,6695476.19653521
372,2971,Coeranoscincus reticulatus,GAM_single_with_coords,random,True,0,0.025522111796475826,-51958.1449948344,6698406.00349235
379,3027,Coeranoscincus reticulatus,GAM_single_with_coords,random,True,0,0.10585691293295615,-170997.113124586,6685555.44783591
380,3035,Coeranoscincus reticulatus,GAM_single_with_coords,random,True,0,0.10336021718805176,-171751.567168655,6684505.22516541
381,3043,Coeranoscincus reticulatus,GAM_single_with_coords,random,True,0,0.10514708136845709,-170101.851938007,6683790.0457837
384,3067,Coeranoscincus reticulatus,GAM_single_with_coords,random,True,0,0.2936986711792496,-153569.490242912,6679419.46406309
394,3147,Coeranoscincus reticulatus,GAM_single_with_coords,random,True,0,0.24581521304456103,-157694.599141127,6669935.38089694
395,3155,Coeranoscincus reticulatus,GAM_single_with_coords,random,True,0,0.2603115140290773,-156289.421979757,6670007.80018539
396,3163,Coeranoscincus reticulatus,GAM_single_with_coords,random,True,1,0.5911303498035103,-122906.583332893,6670557.67612587
400,3195,Coeranoscincus reticulatus,GAM_single_with_coords,random,True,1,0.3716519161089465,-125067.694169073,6669443.0445974
403,3219,Coeranoscincus reticulatus,GAM_single_with_coords,random,True,0,0.05211002921300514,-58257.6048943475,6672743.96684541
407,3251,Coeranoscincus reticulatus,GAM_single_with_coords,random,True,0,0.6008002016109708,-125225.02885331,6668620.03383924
413,3299,Coeranoscincus reticulatus,GAM_single_with_coords,random,True,1,0.44564386777253523,-120072.988069293,6666279.06080417
415,3315,Coeranoscincus reticulatus,GAM_single_with_coords,random,True,0,0.10000303523256783,-178654.150282374,6662593.67423277
420,3355,Coeranoscincus reticulatus,GAM_single_with_coords,random,True,1,0.6132372317561163,-125379.598774365,6663983.11844257
422,3371,Coeranoscincus reticulatus,GAM_single_with_coords,random,True,1,0.542772386564466,-125514.62268173,6662771.00533564
427,3411,Coeranoscincus reticulatus,GAM_single_with_coords,random,True,1,0.4190650300755346,-128408.296244871,6660409.13008774
447,3571,Coeranoscincus reticulatus,GAM_single_with_coords,random,True,0,0.1323460750417345,-134779.996572383,6651420.87222455
449,3587,Coeranoscincus reticulatus,GAM_single_with_coords,random,True,0,0.1439259708019301,-135559.130529282,6650974.17840999
450,3595,Coeranoscincus reticulatus,GAM_single_with_coords,random,True,0,0.025504695602191034,-65340.5697630112,6654471.79599168
458,3659,Coeranoscincus reticulatus,GAM_single_with_coords,random,True,0,0.21025685452454226,-133451.630563193,6649077.13745528
461,3683,Coeranoscincus reticulatus,GAM_single_with_coords,random,True,0,0.16584374324286594,-132111.524830825,6646522.10607269
462,3691,Coeranoscincus reticulatus,GAM_single_with_coords,random,True,0,0.25064388259683973,-129873.482679348,6646037.61836241
463,3699,Coeranoscincus reticulatus,GAM_single_with_coords,random,True,0,0.3442650734387812,-130606.171632184,6644790.80822609
464,3707,Coeranoscincus reticulatus,GAM_single_with_coords,random,True,0,0.02043693063790747,-62036.5636510338,6645195.69882671
475,3795,Coeranoscincus reticulatus,GAM_single_with_coords,random,True,0,0.07237745990948695,-103178.812815837,6605812.65044331
480,3835,Coeranoscincus reticulatus,GAM_single_with_coords,random,True,0,0.05659798977670232,-139787.964672713,6601638.98677139
481,3843,Coeranoscincus reticulatus,GAM_single_with_coords,random,True,0,0.09658294783231351,-140574.776964781,6601391.4036645
488,3899,Coeranoscincus reticulatus,GAM_single_with_coords,random,True,0,0.047974170059655964,-141193.546516212,6594113.16970331
490,3915,Coeranoscincus reticulatus,GAM_single_with_coords,random,True,0,0.032985405199079686,-140157.01004317,6593561.29260029
494,3947,Coeranoscincus reticulatus,GAM_single_with_coords,random,True,0,0.05971008445612871,-160099.441241579,6571357.13800851
499,3987,Coeranoscincus reticulatus,GAM_single_with_coords,random,True,0,0.03417379906397304,-166874.918971174,6569986.45729551
507,4051,Coeranoscincus reticulatus,GAM_single_with_coords,random,True,0,0.035441622875820755,-144741.332783447,6566549.73714478
508,4059,Coeranoscincus reticulatus,GAM_single_with_coords,random,True,0,0.026066265829672867,-162480.687351114,6563171.45187532
510,4075,Coeranoscincus reticulatus,GAM_single_with_coords,random,True,0,0.03304877078802283,-146201.750488105,6563648.83716664
514,4107,Coeranoscincus reticulatus,GAM_single_with_coords,random,True,0,0.03071716983378763,-146089.648133388,6561646.84538545
525,4195,Coeranoscincus reticulatus,GAM_single_with_coords,random,True,0,0.07760634108431269,-118770.04691586,6551450.02671343
531,4243,Coeranoscincus reticulatus,GAM_single_with_coords,random,True,0,0.024921364821615992,-83551.8721662688,6536463.55059073
533,4259,Coeranoscincus reticulatus,GAM_single_with_coords,random,True,0,0.012038732226790517,-128644.80040642,6533196.04348179
537,4291,Coeranoscincus reticulatus,GAM_single_with_coords,random,True,0,0.06576754221671217,-133101.696097477,6529938.31197594
545,4355,Coeranoscincus reticulatus,GAM_single_with_coords,random,True,0,0.06407971519765188,-114087.089464681,6528156.09858245
558,4459,Coeranoscincus reticulatus,GAM_single_with_coords,random,True,0,0.014060988438943873,-204344.653545143,6507116.16956193
567,4531,Coeranoscincus reticulatus,GAM_single_with_coords,random,True,0,0.14559581740659347,-146716.822931648,6491951.21913417
572,4571,Coeranoscincus reticulatus,GAM_single_with_coords,random,True,0,0.19797682932557148,-141525.12346321,6489014.81167942
576,4603,Coeranoscincus reticulatus,GAM_single_with_coords,random,True,0,0.018774457385538904,-206813.275853676,6482403.27464338
579,4627,Coeranoscincus reticulatus,GAM_single_with_coords,random,True,0,0.022125850105158017,-242916.649698275,6475563.53924511
585,4675,Coeranoscincus reticulatus,GAM_single_with_coords,random,True,0,0.10475846054626947,-127313.378797034,6479531.06572796
599,4787,Coeranoscincus reticulatus,GAM_single_with_coords,random,True,0,0.009547584022361765,-212146.883673553,6444013.91646962
602,4811,Coeranoscincus reticulatus,GAM_single_with_coords,random,True,0,0.02641322377507762,-223808.84244951,6439938.38190837
606,4843,Coeranoscincus reticulatus,GAM_single_with_coords,random,True,0,0.10617107706126182,-122961.147064838,6444559.2200686
624,4987,Coeranoscincus reticulatus,GAM_single_with_coords,random,True,0,0.012530830882123273,-212517.326831474,6418204.13745066
628,5019,Coeranoscincus reticulatus,GAM_single_with_coords,random,True,0,0.020593928969525183,-205426.35557409,6417594.67751035
630,5035,Coeranoscincus reticulatus,GAM_single_with_coords,random,True,0,0.03911779094659646,-211613.384340048,6416445.23828686
639,5107,Coeranoscincus reticulatus,GAM_single_with_coords,random,True,0,0.11734361245218126,-162684.694435925,6370448.58724721
640,5115,Coeranoscincus reticulatus,GAM_single_with_coords,random,True,0,0.14506857519453153,-176653.554553042,6368244.44348734
7,52,Egernia mcpheei,GAM_single_with_coords,random,True,0,0.006544472570154476,-35290.0454930004,6868477.63934909
15,116,Egernia mcpheei,GAM_single_with_coords,random,True,1,0.063155597454859,-99804.9506313828,6852000.67743644
21,164,Egernia mcpheei,GAM_single_with_coords,random,True,0,0.06281234170024362,-91866.6308808398,6850184.44292602
29,228,Egernia mcpheei,GAM_single_with_coords,random,True,0,0.017738022207990183,-81258.2639630969,6847092.07487722
30,236,Egernia mcpheei,GAM_single_with_coords,random,True,1,0.06906026724972315,-96294.553982511,6846140.09863748
31,244,Egernia mcpheei,GAM_single_with_coords,random,True,0,0.04990217571213821,-95292.0596882657,6846190.80238834
37,292,Egernia mcpheei,GAM_single_with_coords,random,True,0,0.02255811599914206,-79037.3638766905,6846800.48131106
41,324,Egernia mcpheei,GAM_single_with_coords,random,True,0,0.07124778569635241,-96863.6801254773,6845509.65270053
47,372,Egernia mcpheei,GAM_single_with_coords,random,True,0,0.01887292273181361,-79381.2357397435,6845781.19738334
52,412,Egernia mcpheei,GAM_single_with_coords,random,True,0,0.05465674233080648,-60471.4026198804,6845516.11047191
56,444,Egernia mcpheei,GAM_single_with_coords,random,True,0,0.05507779362979571,-60864.6156634532,6845296.97560224
61,484,Egernia mcpheei,GAM_single_with_coords,random,True,0,0.01384477602212197,-61435.1928033584,6844668.54431818
62,492,Egernia mcpheei,GAM_single_with_coords,random,True,0,0.058150989694167037,-60629.7662982834,6844706.93792291
65,516,Egernia mcpheei,GAM_single_with_coords,random,True,0,0.0670648739495782,-84881.8823593461,6843092.18042196
72,572,Egernia mcpheei,GAM_single_with_coords,random,True,0,0.038293564734248456,-86463.3052036808,6842612.44869674
78,620,Egernia mcpheei,GAM_single_with_coords,random,True,0,0.04432597811860432,-85647.642077096,6842252.08566301
84,668,Egernia mcpheei,GAM_single_with_coords,random,True,0,0.02711980131371134,-75697.1375955953,6840337.76316393
87,692,Egernia mcpheei,GAM_single_with_coords,random,True,0,0.012110992261177468,-71013.5035560221,6839163.13240084
92,732,Egernia mcpheei,GAM_single_with_coords,random,True,0,0.01666281700221694,-75353.1982293057,6837536.97534272
97,772,Egernia mcpheei,GAM_single_with_coords,random,True,0,0.04573671046710701,-114250.874091765,6835186.86007185
99,788,Egernia mcpheei,GAM_single_with_coords,random,True,0,0.03819462718538704,-123277.985601988,6834532.44353339
101,804,Egernia mcpheei,GAM_single_with_coords,random,True,0,0.07237794778333143,-147109.711119875,6832327.45616153
108,860,Egernia mcpheei,GAM_single_with_coords,random,True,0,0.038939107727885267,-120786.146445189,6833048.30377336
116,924,Egernia mcpheei,GAM_single_with_coords,random,True,0,0.03512262034926596,-119959.663589068,6832690.76087561
117,932,Egernia mcpheei,GAM_single_with_coords,random,True,0,0.037441858314470416,-119338.87811833,6832311.15904512
121,964,Egernia mcpheei,GAM_single_with_coords,random,True,0,0.03103127416586561,-113308.229962265,6832416.48893136
125,996,Egernia mcpheei,GAM_single_with_coords,random,True,0,0.03745768981793182,-119100.196556909,6831521.23488212
129,1028,Egernia mcpheei,GAM_single_with_coords,random,True,0,0.05481179046775934,-76147.8048592401,6833277.03106837
132,1052,Egernia mcpheei,GAM_single_with_coords,random,True,0,0.05542870751636333,-105801.162580743,6831179.93507326
133,1060,Egernia mcpheei,GAM_single_with_coords,random,True,0,0.03196673021804252,-76520.6971461142,6832657.28276156
136,1084,Egernia mcpheei,GAM_single_with_coords,random,True,0,0.017182470004335756,-62745.5415882464,6830732.52392328
139,1108,Egernia mcpheei,GAM_single_with_coords,random,True,0,0.05940693820722928,-60097.6324680274,6830057.84195886
141,1124,Egernia mcpheei,GAM_single_with_coords,random,True,0,0.02721759314285383,-59274.1159834863,6829696.39928037
148,1180,Egernia mcpheei,GAM_single_with_coords,random,True,1,0.034120818371537576,-59039.7148912014,6828905.9612443
153,1220,Egernia mcpheei,GAM_single_with_coords,random,True,0,0.024380098969182,-56158.084536112,6827640.49763384
160,1276,Egernia mcpheei,GAM_single_with_coords,random,True,0,0.021574195645088324,-57082.2051583753,6825993.28319997
165,1316,Egernia mcpheei,GAM_single_with_coords,random,True,0,0.03414485716083462,-116199.528148125,6817786.39841097
169,1348,Egernia mcpheei,GAM_single_with_coords,random,True,0,0.023261839417477854,-108876.433782581,6816343.47520397
172,1372,Egernia mcpheei,GAM_single_with_coords,random,True,0,0.018476502259062735,-148834.228828815,6806479.17622519
173,1380,Egernia mcpheei,GAM_single_with_coords,random,True,0,0.006897252698851429,-26864.9515665186,6812638.8314962
175,1396,Egernia mcpheei,GAM_single_with_coords,random,True,0,0.016541052020541423,-26614.0603685924,6811648.67695057
180,1436,Egernia mcpheei,GAM_single_with_coords,random,True,0,0.008429301063919054,-29780.9705356891,6806663.75964171
181,1444,Egernia mcpheei,GAM_single_with_coords,random,True,0,0.00846380329641802,-29379.7381757025,6806682.07694802
185,1476,Egernia mcpheei,GAM_single_with_coords,random,True,0,0.02219977363851632,-154680.904774922,6798732.86570032
194,1548,Egernia mcpheei,GAM_single_with_coords,random,True,0,0.061494293590418116,-113057.133584369,6799439.25721174
195,1556,Egernia mcpheei,GAM_single_with_coords,random,True,0,0.03026124366840009,-153177.628494992,6796999.50794559
203,1620,Egernia mcpheei,GAM_single_with_coords,random,True,0,0.012276698462848023,-165638.858103626,6792540.33884748
205,1636,Egernia mcpheei,GAM_single_with_coords,random,True,0,0.02977920996753785,-111987.574051639,6794257.38010052
209,1668,Egernia mcpheei,GAM_single_with_coords,random,True,0,0.02924432923876207,-112530.721336831,6793024.84869485
214,1708,Egernia mcpheei,GAM_single_with_coords,random,True,0,0.0513031697450669,-110822.113763642,6787074.42336939
226,1804,Egernia mcpheei,GAM_single_with_coords,random,True,0,0.0194221714513692,-156768.616233883,6780508.50732801
231,1844,Egernia mcpheei,GAM_single_with_coords,random,True,0,0.018229322565940873,-107923.462038802,6781588.26422547
232,1852,Egernia mcpheei,GAM_single_with_coords,random,True,0,0.01790528845177966,-154268.894705046,6778832.59399199
236,1884,Egernia mcpheei,GAM_single_with_coords,random,True,0,0.011351407290742209,-157007.529503806,6769427.67794309
237,1892,Egernia mcpheei,GAM_single_with_coords,random,True,0,0.01147025916559164,-157601.945479142,6769192.74860327
238,1900,Egernia mcpheei,GAM_single_with_coords,random,True,0,0.010767338355329602,-42631.6013249115,6774856.7836682
253,2020,Egernia mcpheei,GAM_single_with_coords,random,True,0,0.011757472036860906,-153010.118576574,6758154.60282466
260,2076,Egernia mcpheei,GAM_single_with_coords,random,True,0,0.015555023360677002,-139702.22082351,6757637.17957907
261,2084,Egernia mcpheei,GAM_single_with_coords,random,True,0,0.014963768370440262,-149531.814001847,6756925.32438673
279,2228,Egernia mcpheei,GAM_single_with_coords,random,True,0,0.008347669754682123,-165065.597196224,6745863.85427266
282,2252,Egernia mcpheei,GAM_single_with_coords,random,True,0,0.008965865066184018,-48676.0066271106,6751433.87966314
283,2260,Egernia mcpheei,GAM_single_with_coords,random,True,0,0.005305983144099161,-144358.241751465,6746321.2757456
285,2276,Egernia mcpheei,GAM_single_with_coords,random,True,0,0.009044444921112072,-48666.355678597,6751233.93894705
290,2316,Egernia mcpheei,GAM_single_with_coords,random,True,0,0.010220246610187474,-54841.9600197467,6750321.73267861
303,2420,Egernia mcpheei,GAM_single_with_coords,random,True,0,0.012143218950433746,-86896.2863933826,6740221.21400845
307,2452,Egernia mcpheei,GAM_single_with_coords,random,True,0,0.017042248451074993,-75230.2145233742,6740017.73560779
308,2460,Egernia mcpheei,GAM_single_with_coords,random,True,0,0.010309678564403716,-164907.141677267,6734992.82147675
322,2572,Egernia mcpheei,GAM_single_with_coords,random,True,0,0.004930079692890877,-148858.437557277,6712675.66874389
328,2620,Egernia mcpheei,GAM_single_with_coords,random,True,0,0.006438525851870495,-160137.175183615,6708870.73185706
329,2628,Egernia mcpheei,GAM_single_with_coords,random,True,0,0.0064150833563761,-161729.965162506,6708587.05668997
339,2708,Egernia mcpheei,GAM_single_with_coords,random,True,0,0.005366772760439973,-50204.0063193176,6710952.93925814
352,2812,Egernia mcpheei,GAM_single_with_coords,random,True,0,0.003316744950646405,-161130.645593128,6697139.33525593
354,2828,Egernia mcpheei,GAM_single_with_coords,random,True,0,0.00588402047440313,-54397.1023715114,6702694.88150925
369,2948,Egernia mcpheei,GAM_single_with_coords,random,True,0,0.012147728060086379,-115761.593020762,6695476.19653521
372,2972,Egernia mcpheei,GAM_single_with_coords,random,True,0,0.007964529679814853,-51958.1449948344,6698406.00349235
379,3028,Egernia mcpheei,GAM_single_with_coords,random,True,0,0.004142656586095648,-170997.113124586,6685555.44783591
380,3036,Egernia mcpheei,GAM_single_with_coords,random,True,0,0.004961791803315228,-171751.567168655,6684505.22516541
381,3044,Egernia mcpheei,GAM_single_with_coords,random,True,0,0.005010647948270964,-170101.851938007,6683790.0457837
384,3068,Egernia mcpheei,GAM_single_with_coords,random,True,0,0.00948121145224747,-153569.490242912,6679419.46406309
394,3148,Egernia mcpheei,GAM_single_with_coords,random,True,0,0.008386890485100738,-157694.599141127,6669935.38089694
395,3156,Egernia mcpheei,GAM_single_with_coords,random,True,0,0.008971537362876302,-156289.421979757,6670007.80018539
396,3164,Egernia mcpheei,GAM_single_with_coords,random,True,0,0.013900238347356863,-122906.583332893,6670557.67612587
400,3196,Egernia mcpheei,GAM_single_with_coords,random,True,0,0.015440832811759125,-125067.694169073,6669443.0445974
403,3220,Egernia mcpheei,GAM_single_with_coords,random,True,0,0.008412327683131342,-58257.6048943475,6672743.96684541
407,3252,Egernia mcpheei,GAM_single_with_coords,random,True,0,0.01707110146682077,-125225.02885331,6668620.03383924
413,3300,Egernia mcpheei,GAM_single_with_coords,random,True,0,0.018697214073410004,-120072.988069293,6666279.06080417
415,3316,Egernia mcpheei,GAM_single_with_coords,random,True,0,0.007702703241961021,-178654.150282374,6662593.67423277
420,3356,Egernia mcpheei,GAM_single_with_coords,random,True,0,0.013414486197796407,-125379.598774365,6663983.11844257
422,3372,Egernia mcpheei,GAM_single_with_coords,random,True,0,0.013060002586379967,-125514.62268173,6662771.00533564
427,3412,Egernia mcpheei,GAM_single_with_coords,random,True,0,0.010762845181476582,-128408.296244871,6660409.13008774
447,3572,Egernia mcpheei,GAM_single_with_coords,random,True,0,0.00452138272229094,-134779.996572383,6651420.87222455
449,3588,Egernia mcpheei,GAM_single_with_coords,random,True,0,0.007257304606283376,-135559.130529282,6650974.17840999
450,3596,Egernia mcpheei,GAM_single_with_coords,random,True,0,0.005972958528858409,-65340.5697630112,6654471.79599168
458,3660,Egernia mcpheei,GAM_single_with_coords,random,True,0,0.0067926360364017856,-133451.630563193,6649077.13745528
461,3684,Egernia mcpheei,GAM_single_with_coords,random,True,0,0.010749697857228123,-132111.524830825,6646522.10607269
462,3692,Egernia mcpheei,GAM_single_with_coords,random,True,0,0.012351348861736906,-129873.482679348,6646037.61836241
463,3700,Egernia mcpheei,GAM_single_with_coords,random,True,0,0.011605815642701193,-130606.171632184,6644790.80822609
464,3708,Egernia mcpheei,GAM_single_with_coords,random,True,0,0.007889747611758088,-62036.5636510338,6645195.69882671
475,3796,Egernia mcpheei,GAM_single_with_coords,random,True,0,0.011152863582885471,-103178.812815837,6605812.65044331
480,3836,Egernia mcpheei,GAM_single_with_coords,random,True,0,0.00687571915174523,-139787.964672713,6601638.98677139
481,3844,Egernia mcpheei,GAM_single_with_coords,random,True,0,0.012045332119783642,-140574.776964781,6601391.4036645
488,3900,Egernia mcpheei,GAM_single_with_coords,random,True,0,0.010763142087223607,-141193.546516212,6594113.16970331
490,3916,Egernia mcpheei,GAM_single_with_coords,random,True,0,0.007648302168937335,-140157.01004317,6593561.29260029
494,3948,Egernia mcpheei,GAM_single_with_coords,random,True,0,0.013113642933285694,-160099.441241579,6571357.13800851
499,3988,Egernia mcpheei,GAM_single_with_coords,random,True,0,0.005457761542305897,-166874.918971174,6569986.45729551
507,4052,Egernia mcpheei,GAM_single_with_coords,random,True,0,0.008340120138050595,-144741.332783447,6566549.73714478
508,4060,Egernia mcpheei,GAM_single_with_coords,random,True,0,0.0038098350745121054,-162480.687351114,6563171.45187532
510,4076,Egernia mcpheei,GAM_single_with_coords,random,True,0,0.007433721439002366,-146201.750488105,6563648.83716664
514,4108,Egernia mcpheei,GAM_single_with_coords,random,True,0,0.008242858027440372,-146089.648133388,6561646.84538545
525,4196,Egernia mcpheei,GAM_single_with_coords,random,True,0,0.012963012681829476,-118770.04691586,6551450.02671343
531,4244,Egernia mcpheei,GAM_single_with_coords,random,True,0,0.01411278865700037,-83551.8721662688,6536463.55059073
533,4260,Egernia mcpheei,GAM_single_with_coords,random,True,0,0.006882762071021193,-128644.80040642,6533196.04348179
537,4292,Egernia mcpheei,GAM_single_with_coords,random,True,0,0.010164311730898034,-133101.696097477,6529938.31197594
545,4356,Egernia mcpheei,GAM_single_with_coords,random,True,0,0.013162898160430408,-114087.089464681,6528156.09858245
558,4460,Egernia mcpheei,GAM_single_with_coords,random,True,0,0.01607361282876717,-204344.653545143,6507116.16956193
567,4532,Egernia mcpheei,GAM_single_with_coords,random,True,0,0.009177947119409153,-146716.822931648,6491951.21913417
572,4572,Egernia mcpheei,GAM_single_with_coords,random,True,0,0.01166931615508078,-141525.12346321,6489014.81167942
576,4604,Egernia mcpheei,GAM_single_with_coords,random,True,0,0.007523101573729206,-206813.275853676,6482403.27464338
579,4628,Egernia mcpheei,GAM_single_with_coords,random,True,0,0.02521230358558349,-242916.649698275,6475563.53924511
585,4676,Egernia mcpheei,GAM_single_with_coords,random,True,0,0.011986670721737917,-127313.378797034,6479531.06572796
599,4788,Egernia mcpheei,GAM_single_with_coords,random,True,0,0.01816918295623301,-212146.883673553,6444013.91646962
602,4812,Egernia mcpheei,GAM_single_with_coords,random,True,0,0.010723449343239372,-223808.84244951,6439938.38190837
606,4844,Egernia mcpheei,GAM_single_with_coords,random,True,0,0.01802186766570376,-122961.147064838,6444559.2200686
624,4988,Egernia mcpheei,GAM_single_with_coords,random,True,0,0.003361181336998905,-212517.326831474,6418204.13745066
628,5020,Egernia mcpheei,GAM_single_with_coords,random,True,0,0.011735040105158316,-205426.35557409,6417594.67751035
630,5036,Egernia mcpheei,GAM_single_with_coords,random,True,0,0.008842751705293915,-211613.384340048,6416445.23828686
639,5108,Egernia mcpheei,GAM_single_with_coords,random,True,0,0.017257576794494203,-162684.694435925,6370448.58724721
640,5116,Egernia mcpheei,GAM_single_with_coords,random,True,0,0.018700326801425454,-176653.554553042,6368244.44348734
7,53,Eulamprus murrayi,GAM_single_with_coords,random,True,0,0.003689451433971725,-35290.0454930004,6868477.63934909
15,117,Eulamprus murrayi,GAM_single_with_coords,random,True,0,0.004043192249531319,-99804.9506313828,6852000.67743644
21,165,Eulamprus murrayi,GAM_single_with_coords,random,True,0,0.004038001344999929,-91866.6308808398,6850184.44292602
29,229,Eulamprus murrayi,GAM_single_with_coords,random,True,0,0.003598007938483492,-81258.2639630969,6847092.07487722
30,237,Eulamprus murrayi,GAM_single_with_coords,random,True,0,0.00395775027107539,-96294.553982511,6846140.09863748
31,245,Eulamprus murrayi,GAM_single_with_coords,random,True,0,0.0038475876150174696,-95292.0596882657,6846190.80238834
37,293,Eulamprus murrayi,GAM_single_with_coords,random,True,0,0.0037451928996828743,-79037.3638766905,6846800.48131106
41,325,Eulamprus murrayi,GAM_single_with_coords,random,True,0,0.004001750422110788,-96863.6801254773,6845509.65270053
47,373,Eulamprus murrayi,GAM_single_with_coords,random,True,0,0.0035944554302794122,-79381.2357397435,6845781.19738334
52,413,Eulamprus murrayi,GAM_single_with_coords,random,True,0,0.0039130983394681925,-60471.4026198804,6845516.11047191
56,445,Eulamprus murrayi,GAM_single_with_coords,random,True,0,0.0038757735815658483,-60864.6156634532,6845296.97560224
61,485,Eulamprus murrayi,GAM_single_with_coords,random,True,0,0.004041830881668238,-61435.1928033584,6844668.54431818
62,493,Eulamprus murrayi,GAM_single_with_coords,random,True,0,0.003838664708257265,-60629.7662982834,6844706.93792291
65,517,Eulamprus murrayi,GAM_single_with_coords,random,True,0,0.003881057283694872,-84881.8823593461,6843092.18042196
72,573,Eulamprus murrayi,GAM_single_with_coords,random,True,0,0.0038750175171369636,-86463.3052036808,6842612.44869674
78,621,Eulamprus murrayi,GAM_single_with_coords,random,True,0,0.003849267568772427,-85647.642077096,6842252.08566301
84,669,Eulamprus murrayi,GAM_single_with_coords,random,True,0,0.0037625926031246456,-75697.1375955953,6840337.76316393
87,693,Eulamprus murrayi,GAM_single_with_coords,random,True,0,0.003736856607815772,-71013.5035560221,6839163.13240084
92,733,Eulamprus murrayi,GAM_single_with_coords,random,True,0,0.0035838737432013564,-75353.1982293057,6837536.97534272
97,773,Eulamprus murrayi,GAM_single_with_coords,random,True,0,0.003939142353242384,-114250.874091765,6835186.86007185
99,789,Eulamprus murrayi,GAM_single_with_coords,random,True,0,0.0039023794292602407,-123277.985601988,6834532.44353339
101,805,Eulamprus murrayi,GAM_single_with_coords,random,True,0,0.004145555478283781,-147109.711119875,6832327.45616153
108,861,Eulamprus murrayi,GAM_single_with_coords,random,True,0,0.004030988406973988,-120786.146445189,6833048.30377336
116,925,Eulamprus murrayi,GAM_single_with_coords,random,True,0,0.0038633972932821505,-119959.663589068,6832690.76087561
117,933,Eulamprus murrayi,GAM_single_with_coords,random,True,0,0.004021205868590052,-119338.87811833,6832311.15904512
121,965,Eulamprus murrayi,GAM_single_with_coords,random,True,0,0.003951365115978622,-113308.229962265,6832416.48893136
125,997,Eulamprus murrayi,GAM_single_with_coords,random,True,0,0.0039043011852791997,-119100.196556909,6831521.23488212
129,1029,Eulamprus murrayi,GAM_single_with_coords,random,True,0,0.0039061762516512306,-76147.8048592401,6833277.03106837
132,1053,Eulamprus murrayi,GAM_single_with_coords,random,True,0,0.003754471357061362,-105801.162580743,6831179.93507326
133,1061,Eulamprus murrayi,GAM_single_with_coords,random,True,0,0.0036525291711324635,-76520.6971461142,6832657.28276156
136,1085,Eulamprus murrayi,GAM_single_with_coords,random,True,0,0.0036088850702864,-62745.5415882464,6830732.52392328
139,1109,Eulamprus murrayi,GAM_single_with_coords,random,True,0,0.003797666088280645,-60097.6324680274,6830057.84195886
141,1125,Eulamprus murrayi,GAM_single_with_coords,random,True,0,0.003938459406897571,-59274.1159834863,6829696.39928037
148,1181,Eulamprus murrayi,GAM_single_with_coords,random,True,0,0.0038213966763283565,-59039.7148912014,6828905.9612443
153,1221,Eulamprus murrayi,GAM_single_with_coords,random,True,0,0.0038283235970642893,-56158.084536112,6827640.49763384
160,1277,Eulamprus murrayi,GAM_single_with_coords,random,True,0,0.0038052866860627996,-57082.2051583753,6825993.28319997
165,1317,Eulamprus murrayi,GAM_single_with_coords,random,True,0,0.004116906102823136,-116199.528148125,6817786.39841097
169,1349,Eulamprus murrayi,GAM_single_with_coords,random,True,0,0.003877981026795066,-108876.433782581,6816343.47520397
172,1373,Eulamprus murrayi,GAM_single_with_coords,random,True,0,0.0040228113002259,-148834.228828815,6806479.17622519
173,1381,Eulamprus murrayi,GAM_single_with_coords,random,True,0,0.003563315564438708,-26864.9515665186,6812638.8314962
175,1397,Eulamprus murrayi,GAM_single_with_coords,random,True,0,0.0038477352002144073,-26614.0603685924,6811648.67695057
180,1437,Eulamprus murrayi,GAM_single_with_coords,random,True,0,0.003859958094740626,-29780.9705356891,6806663.75964171
181,1445,Eulamprus murrayi,GAM_single_with_coords,random,True,0,0.0038569620352492478,-29379.7381757025,6806682.07694802
185,1477,Eulamprus murrayi,GAM_single_with_coords,random,True,0,0.00422982396255651,-154680.904774922,6798732.86570032
194,1549,Eulamprus murrayi,GAM_single_with_coords,random,True,0,0.003920447861354445,-113057.133584369,6799439.25721174
195,1557,Eulamprus murrayi,GAM_single_with_coords,random,True,0,0.00422620531419894,-153177.628494992,6796999.50794559
203,1621,Eulamprus murrayi,GAM_single_with_coords,random,True,0,0.00406028018153354,-165638.858103626,6792540.33884748
205,1637,Eulamprus murrayi,GAM_single_with_coords,random,True,0,0.003923668819354477,-111987.574051639,6794257.38010052
209,1669,Eulamprus murrayi,GAM_single_with_coords,random,True,0,0.003884709052425618,-112530.721336831,6793024.84869485
214,1709,Eulamprus murrayi,GAM_single_with_coords,random,True,0,0.003895102475591088,-110822.113763642,6787074.42336939
226,1805,Eulamprus murrayi,GAM_single_with_coords,random,True,0,0.0040309843924580075,-156768.616233883,6780508.50732801
231,1845,Eulamprus murrayi,GAM_single_with_coords,random,True,0,0.0038769688416266847,-107923.462038802,6781588.26422547
232,1853,Eulamprus murrayi,GAM_single_with_coords,random,True,0,0.003977541074436985,-154268.894705046,6778832.59399199
236,1885,Eulamprus murrayi,GAM_single_with_coords,random,True,0,0.004001363715873805,-157007.529503806,6769427.67794309
237,1893,Eulamprus murrayi,GAM_single_with_coords,random,True,0,0.004063972552154997,-157601.945479142,6769192.74860327
238,1901,Eulamprus murrayi,GAM_single_with_coords,random,True,0,0.003941575441280145,-42631.6013249115,6774856.7836682
253,2021,Eulamprus murrayi,GAM_single_with_coords,random,True,0,0.004185176944045586,-153010.118576574,6758154.60282466
260,2077,Eulamprus murrayi,GAM_single_with_coords,random,True,0,0.003924246056458187,-139702.22082351,6757637.17957907
261,2085,Eulamprus murrayi,GAM_single_with_coords,random,True,0,0.004294154083288842,-149531.814001847,6756925.32438673
279,2229,Eulamprus murrayi,GAM_single_with_coords,random,True,0,0.00391608607916703,-165065.597196224,6745863.85427266
282,2253,Eulamprus murrayi,GAM_single_with_coords,random,True,0,0.003942035062715058,-48676.0066271106,6751433.87966314
283,2261,Eulamprus murrayi,GAM_single_with_coords,random,True,0,0.003909729584445147,-144358.241751465,6746321.2757456
285,2277,Eulamprus murrayi,GAM_single_with_coords,random,True,0,0.003936383318774648,-48666.355678597,6751233.93894705
290,2317,Eulamprus murrayi,GAM_single_with_coords,random,True,0,0.003959870736415127,-54841.9600197467,6750321.73267861
303,2421,Eulamprus murrayi,GAM_single_with_coords,random,True,0,0.003777434439976934,-86896.2863933826,6740221.21400845
307,2453,Eulamprus murrayi,GAM_single_with_coords,random,True,0,0.003849194998348802,-75230.2145233742,6740017.73560779
308,2461,Eulamprus murrayi,GAM_single_with_coords,random,True,0,0.004064353860492599,-164907.141677267,6734992.82147675
322,2573,Eulamprus murrayi,GAM_single_with_coords,random,True,0,0.003957045910418853,-148858.437557277,6712675.66874389
328,2621,Eulamprus murrayi,GAM_single_with_coords,random,True,0,0.0039618822842710354,-160137.175183615,6708870.73185706
329,2629,Eulamprus murrayi,GAM_single_with_coords,random,True,0,0.003987588749893789,-161729.965162506,6708587.05668997
339,2709,Eulamprus murrayi,GAM_single_with_coords,random,True,0,0.0038797030283887835,-50204.0063193176,6710952.93925814
352,2813,Eulamprus murrayi,GAM_single_with_coords,random,True,0,0.003854461657136898,-161130.645593128,6697139.33525593
354,2829,Eulamprus murrayi,GAM_single_with_coords,random,True,0,0.003669364075127057,-54397.1023715114,6702694.88150925
369,2949,Eulamprus murrayi,GAM_single_with_coords,random,True,0,0.004084766806953042,-115761.593020762,6695476.19653521
372,2973,Eulamprus murrayi,GAM_single_with_coords,random,True,0,0.003922798446498027,-51958.1449948344,6698406.00349235
379,3029,Eulamprus murrayi,GAM_single_with_coords,random,True,0,0.00396600592741774,-170997.113124586,6685555.44783591
380,3037,Eulamprus murrayi,GAM_single_with_coords,random,True,0,0.003945705741525169,-171751.567168655,6684505.22516541
381,3045,Eulamprus murrayi,GAM_single_with_coords,random,True,0,0.00392268588672578,-170101.851938007,6683790.0457837
384,3069,Eulamprus murrayi,GAM_single_with_coords,random,True,0,0.004118490120063955,-153569.490242912,6679419.46406309
394,3149,Eulamprus murrayi,GAM_single_with_coords,random,True,0,0.004171540509578376,-157694.599141127,6669935.38089694
395,3157,Eulamprus murrayi,GAM_single_with_coords,random,True,0,0.0041501109184572385,-156289.421979757,6670007.80018539
396,3165,Eulamprus murrayi,GAM_single_with_coords,random,True,0,0.0038826345484263597,-122906.583332893,6670557.67612587
400,3197,Eulamprus murrayi,GAM_single_with_coords,random,True,0,0.0041634409524004224,-125067.694169073,6669443.0445974
403,3221,Eulamprus murrayi,GAM_single_with_coords,random,True,0,0.0038751486719491844,-58257.6048943475,6672743.96684541
407,3253,Eulamprus murrayi,GAM_single_with_coords,random,True,0,0.004134940669191356,-125225.02885331,6668620.03383924
413,3301,Eulamprus murrayi,GAM_single_with_coords,random,True,0,0.0039186311979104455,-120072.988069293,6666279.06080417
415,3317,Eulamprus murrayi,GAM_single_with_coords,random,True,0,0.004268893357040964,-178654.150282374,6662593.67423277
420,3357,Eulamprus murrayi,GAM_single_with_coords,random,True,0,0.004166228796247632,-125379.598774365,6663983.11844257
422,3373,Eulamprus murrayi,GAM_single_with_coords,random,True,0,0.004047733213686399,-125514.62268173,6662771.00533564
427,3413,Eulamprus murrayi,GAM_single_with_coords,random,True,0,0.004087386144250308,-128408.296244871,6660409.13008774
447,3573,Eulamprus murrayi,GAM_single_with_coords,random,True,0,0.0038106129834318894,-134779.996572383,6651420.87222455
449,3589,Eulamprus murrayi,GAM_single_with_coords,random,True,0,0.0037485077233184025,-135559.130529282,6650974.17840999
450,3597,Eulamprus murrayi,GAM_single_with_coords,random,True,0,0.0038013877060546607,-65340.5697630112,6654471.79599168
458,3661,Eulamprus murrayi,GAM_single_with_coords,random,True,0,0.003907817995901976,-133451.630563193,6649077.13745528
461,3685,Eulamprus murrayi,GAM_single_with_coords,random,True,0,0.004053588818612691,-132111.524830825,6646522.10607269
462,3693,Eulamprus murrayi,GAM_single_with_coords,random,True,0,0.003979239898445108,-129873.482679348,6646037.61836241
463,3701,Eulamprus murrayi,GAM_single_with_coords,random,True,0,0.0040629741213720994,-130606.171632184,6644790.80822609
464,3709,Eulamprus murrayi,GAM_single_with_coords,random,True,0,0.003908367893190785,-62036.5636510338,6645195.69882671
475,3797,Eulamprus murrayi,GAM_single_with_coords,random,True,1,0.0037244107759293646,-103178.812815837,6605812.65044331
480,3837,Eulamprus murrayi,GAM_single_with_coords,random,True,0,0.00365504708510665,-139787.964672713,6601638.98677139
481,3845,Eulamprus murrayi,GAM_single_with_coords,random,True,0,0.003969289799159483,-140574.776964781,6601391.4036645
488,3901,Eulamprus murrayi,GAM_single_with_coords,random,True,0,0.0039224431764363285,-141193.546516212,6594113.16970331
490,3917,Eulamprus murrayi,GAM_single_with_coords,random,True,0,0.003934699677092099,-140157.01004317,6593561.29260029
494,3949,Eulamprus murrayi,GAM_single_with_coords,random,True,0,0.0043613962804997485,-160099.441241579,6571357.13800851
499,3989,Eulamprus murrayi,GAM_single_with_coords,random,True,0,0.0038736743595753024,-166874.918971174,6569986.45729551
507,4053,Eulamprus murrayi,GAM_single_with_coords,random,True,0,0.003868312174768687,-144741.332783447,6566549.73714478
508,4061,Eulamprus murrayi,GAM_single_with_coords,random,True,0,0.0038838638621597546,-162480.687351114,6563171.45187532
510,4077,Eulamprus murrayi,GAM_single_with_coords,random,True,0,0.0037501030465119383,-146201.750488105,6563648.83716664
514,4109,Eulamprus murrayi,GAM_single_with_coords,random,True,0,0.0036948937781849257,-146089.648133388,6561646.84538545
525,4197,Eulamprus murrayi,GAM_single_with_coords,random,True,0,0.004058179663709005,-118770.04691586,6551450.02671343
531,4245,Eulamprus murrayi,GAM_single_with_coords,random,True,0,0.0037914793342769754,-83551.8721662688,6536463.55059073
533,4261,Eulamprus murrayi,GAM_single_with_coords,random,True,0,0.0037634956801353456,-128644.80040642,6533196.04348179
537,4293,Eulamprus murrayi,GAM_single_with_coords,random,True,0,0.003953970543025215,-133101.696097477,6529938.31197594
545,4357,Eulamprus murrayi,GAM_single_with_coords,random,True,0,0.003756861318892714,-114087.089464681,6528156.09858245
558,4461,Eulamprus murrayi,GAM_single_with_coords,random,True,0,0.003638641298193706,-204344.653545143,6507116.16956193
567,4533,Eulamprus murrayi,GAM_single_with_coords,random,True,0,0.004045164655095241,-146716.822931648,6491951.21913417
572,4573,Eulamprus murrayi,GAM_single_with_coords,random,True,0,0.004008444657722829,-141525.12346321,6489014.81167942
576,4605,Eulamprus murrayi,GAM_single_with_coords,random,True,0,0.00402035389311682,-206813.275853676,6482403.27464338
579,4629,Eulamprus murrayi,GAM_single_with_coords,random,True,0,0.0037570199539000942,-242916.649698275,6475563.53924511
585,4677,Eulamprus murrayi,GAM_single_with_coords,random,True,0,0.0038906222807699492,-127313.378797034,6479531.06572796
599,4789,Eulamprus murrayi,GAM_single_with_coords,random,True,0,0.003737614245352552,-212146.883673553,6444013.91646962
602,4813,Eulamprus murrayi,GAM_single_with_coords,random,True,0,0.0038142214860763936,-223808.84244951,6439938.38190837
606,4845,Eulamprus murrayi,GAM_single_with_coords,random,True,0,0.003860672926671871,-122961.147064838,6444559.2200686
624,4989,Eulamprus murrayi,GAM_single_with_coords,random,True,0,0.0038482093266981937,-212517.326831474,6418204.13745066
628,5021,Eulamprus murrayi,GAM_single_with_coords,random,True,0,0.0036814040619330413,-205426.35557409,6417594.67751035
630,5037,Eulamprus murrayi,GAM_single_with_coords,random,True,0,0.003665625634247488,-211613.384340048,6416445.23828686
639,5109,Eulamprus murrayi,GAM_single_with_coords,random,True,0,0.004017621493972886,-162684.694435925,6370448.58724721
640,5117,Eulamprus murrayi,GAM_single_with_coords,random,True,0,0.004130263647094154,-176653.554553042,6368244.44348734
7,54,Ophioscincus truncatus,GAM_single_with_coords,random,True,0,0.0423667305018387,-35290.0454930004,6868477.63934909
15,118,Ophioscincus truncatus,GAM_single_with_coords,random,True,0,0.18426816466212936,-99804.9506313828,6852000.67743644
21,166,Ophioscincus truncatus,GAM_single_with_coords,random,True,0,0.08888160621419473,-91866.6308808398,6850184.44292602
29,230,Ophioscincus truncatus,GAM_single_with_coords,random,True,1,0.7098729492841657,-81258.2639630969,6847092.07487722
30,238,Ophioscincus truncatus,GAM_single_with_coords,random,True,1,0.19626482489677238,-96294.553982511,6846140.09863748
31,246,Ophioscincus truncatus,GAM_single_with_coords,random,True,0,0.22800982364524297,-95292.0596882657,6846190.80238834
37,294,Ophioscincus truncatus,GAM_single_with_coords,random,True,1,0.5361372837142985,-79037.3638766905,6846800.48131106
41,326,Ophioscincus truncatus,GAM_single_with_coords,random,True,0,0.13492468588958906,-96863.6801254773,6845509.65270053
47,374,Ophioscincus truncatus,GAM_single_with_coords,random,True,1,0.7182092200126121,-79381.2357397435,6845781.19738334
52,414,Ophioscincus truncatus,GAM_single_with_coords,random,True,1,0.4351717747308375,-60471.4026198804,6845516.11047191
56,446,Ophioscincus truncatus,GAM_single_with_coords,random,True,1,0.34151668286548015,-60864.6156634532,6845296.97560224
61,486,Ophioscincus truncatus,GAM_single_with_coords,random,True,1,0.2970116790916709,-61435.1928033584,6844668.54431818
62,494,Ophioscincus truncatus,GAM_single_with_coords,random,True,1,0.4036260704718374,-60629.7662982834,6844706.93792291
65,518,Ophioscincus truncatus,GAM_single_with_coords,random,True,1,0.3161755416246157,-84881.8823593461,6843092.18042196
72,574,Ophioscincus truncatus,GAM_single_with_coords,random,True,1,0.16600991354134678,-86463.3052036808,6842612.44869674
78,622,Ophioscincus truncatus,GAM_single_with_coords,random,True,0,0.1839027205399392,-85647.642077096,6842252.08566301
84,670,Ophioscincus truncatus,GAM_single_with_coords,random,True,0,0.30584097169637575,-75697.1375955953,6840337.76316393
87,694,Ophioscincus truncatus,GAM_single_with_coords,random,True,0,0.1531634705462604,-71013.5035560221,6839163.13240084
92,734,Ophioscincus truncatus,GAM_single_with_coords,random,True,0,0.35166449412220263,-75353.1982293057,6837536.97534272
97,774,Ophioscincus truncatus,GAM_single_with_coords,random,True,1,0.33375051591639265,-114250.874091765,6835186.86007185
99,790,Ophioscincus truncatus,GAM_single_with_coords,random,True,0,0.11579662227133054,-123277.985601988,6834532.44353339
101,806,Ophioscincus truncatus,GAM_single_with_coords,random,True,0,0.2288310792759383,-147109.711119875,6832327.45616153
108,862,Ophioscincus truncatus,GAM_single_with_coords,random,True,1,0.1381735491566352,-120786.146445189,6833048.30377336
116,926,Ophioscincus truncatus,GAM_single_with_coords,random,True,1,0.12364608749533154,-119959.663589068,6832690.76087561
117,934,Ophioscincus truncatus,GAM_single_with_coords,random,True,1,0.1387614473754991,-119338.87811833,6832311.15904512
121,966,Ophioscincus truncatus,GAM_single_with_coords,random,True,1,0.2094891271982297,-113308.229962265,6832416.48893136
125,998,Ophioscincus truncatus,GAM_single_with_coords,random,True,0,0.11618321236671106,-119100.196556909,6831521.23488212
129,1030,Ophioscincus truncatus,GAM_single_with_coords,random,True,0,0.2916099658778093,-76147.8048592401,6833277.03106837
132,1054,Ophioscincus truncatus,GAM_single_with_coords,random,True,0,0.12124217555072264,-105801.162580743,6831179.93507326
133,1062,Ophioscincus truncatus,GAM_single_with_coords,random,True,0,0.41940515760339,-76520.6971461142,6832657.28276156
136,1086,Ophioscincus truncatus,GAM_single_with_coords,random,True,1,0.30064487190851924,-62745.5415882464,6830732.52392328
139,1110,Ophioscincus truncatus,GAM_single_with_coords,random,True,1,0.3702655368192436,-60097.6324680274,6830057.84195886
141,1126,Ophioscincus truncatus,GAM_single_with_coords,random,True,0,0.16400469120863206,-59274.1159834863,6829696.39928037
148,1182,Ophioscincus truncatus,GAM_single_with_coords,random,True,1,0.3237795700768893,-59039.7148912014,6828905.9612443
153,1222,Ophioscincus truncatus,GAM_single_with_coords,random,True,1,0.32318594012586516,-56158.084536112,6827640.49763384
160,1278,Ophioscincus truncatus,GAM_single_with_coords,random,True,0,0.3053800056540772,-57082.2051583753,6825993.28319997
165,1318,Ophioscincus truncatus,GAM_single_with_coords,random,True,0,0.1888756151072888,-116199.528148125,6817786.39841097
169,1350,Ophioscincus truncatus,GAM_single_with_coords,random,True,0,0.05641997679529756,-108876.433782581,6816343.47520397
172,1374,Ophioscincus truncatus,GAM_single_with_coords,random,True,0,0.07516881506357406,-148834.228828815,6806479.17622519
173,1382,Ophioscincus truncatus,GAM_single_with_coords,random,True,0,0.08006954798094669,-26864.9515665186,6812638.8314962
175,1398,Ophioscincus truncatus,GAM_single_with_coords,random,True,0,0.04891269599284624,-26614.0603685924,6811648.67695057
180,1438,Ophioscincus truncatus,GAM_single_with_coords,random,True,0,0.030427429239578873,-29780.9705356891,6806663.75964171
181,1446,Ophioscincus truncatus,GAM_single_with_coords,random,True,0,0.02983766481945274,-29379.7381757025,6806682.07694802
185,1478,Ophioscincus truncatus,GAM_single_with_coords,random,True,0,0.11670371068229692,-154680.904774922,6798732.86570032
194,1550,Ophioscincus truncatus,GAM_single_with_coords,random,True,0,0.1355647132286836,-113057.133584369,6799439.25721174
195,1558,Ophioscincus truncatus,GAM_single_with_coords,random,True,0,0.16629008941904752,-153177.628494992,6796999.50794559
203,1622,Ophioscincus truncatus,GAM_single_with_coords,random,True,0,0.1251750643534047,-165638.858103626,6792540.33884748
205,1638,Ophioscincus truncatus,GAM_single_with_coords,random,True,0,0.07081650165318779,-111987.574051639,6794257.38010052
209,1670,Ophioscincus truncatus,GAM_single_with_coords,random,True,0,0.05251795541828277,-112530.721336831,6793024.84869485
214,1710,Ophioscincus truncatus,GAM_single_with_coords,random,True,0,0.0731200327424022,-110822.113763642,6787074.42336939
226,1806,Ophioscincus truncatus,GAM_single_with_coords,random,True,0,0.16205598601219773,-156768.616233883,6780508.50732801
231,1846,Ophioscincus truncatus,GAM_single_with_coords,random,True,0,0.0791285066226785,-107923.462038802,6781588.26422547
232,1854,Ophioscincus truncatus,GAM_single_with_coords,random,True,0,0.22422100675530632,-154268.894705046,6778832.59399199
236,1886,Ophioscincus truncatus,GAM_single_with_coords,random,True,0,0.15187580460618647,-157007.529503806,6769427.67794309
237,1894,Ophioscincus truncatus,GAM_single_with_coords,random,True,0,0.22766805404702714,-157601.945479142,6769192.74860327
238,1902,Ophioscincus truncatus,GAM_single_with_coords,random,True,0,0.030321853181122918,-42631.6013249115,6774856.7836682
253,2022,Ophioscincus truncatus,GAM_single_with_coords,random,True,0,0.2005903611255346,-153010.118576574,6758154.60282466
260,2078,Ophioscincus truncatus,GAM_single_with_coords,random,True,0,0.18175403507331017,-139702.22082351,6757637.17957907
261,2086,Ophioscincus truncatus,GAM_single_with_coords,random,True,0,0.08221613736397557,-149531.814001847,6756925.32438673
279,2230,Ophioscincus truncatus,GAM_single_with_coords,random,True,0,0.1838164534428493,-165065.597196224,6745863.85427266
282,2254,Ophioscincus truncatus,GAM_single_with_coords,random,True,0,0.027142166338260065,-48676.0066271106,6751433.87966314
283,2262,Ophioscincus truncatus,GAM_single_with_coords,random,True,0,0.21793739508789314,-144358.241751465,6746321.2757456
285,2278,Ophioscincus truncatus,GAM_single_with_coords,random,True,0,0.02582951709882602,-48666.355678597,6751233.93894705
290,2318,Ophioscincus truncatus,GAM_single_with_coords,random,True,0,0.026023913372105634,-54841.9600197467,6750321.73267861
303,2422,Ophioscincus truncatus,GAM_single_with_coords,random,True,0,0.07706347118744897,-86896.2863933826,6740221.21400845
307,2454,Ophioscincus truncatus,GAM_single_with_coords,random,True,0,0.056467480377728606,-75230.2145233742,6740017.73560779
308,2462,Ophioscincus truncatus,GAM_single_with_coords,random,True,0,0.15683672862998752,-164907.141677267,6734992.82147675
322,2574,Ophioscincus truncatus,GAM_single_with_coords,random,True,0,0.31348549514773444,-148858.437557277,6712675.66874389
328,2622,Ophioscincus truncatus,GAM_single_with_coords,random,True,0,0.1823205025360145,-160137.175183615,6708870.73185706
329,2630,Ophioscincus truncatus,GAM_single_with_coords,random,True,0,0.12979251779534798,-161729.965162506,6708587.05668997
339,2710,Ophioscincus truncatus,GAM_single_with_coords,random,True,0,0.038488795675920943,-50204.0063193176,6710952.93925814
352,2814,Ophioscincus truncatus,GAM_single_with_coords,random,True,0,0.1459082917920303,-161130.645593128,6697139.33525593
354,2830,Ophioscincus truncatus,GAM_single_with_coords,random,True,0,0.07609716413936109,-54397.1023715114,6702694.88150925
369,2950,Ophioscincus truncatus,GAM_single_with_coords,random,True,0,0.0739589391743924,-115761.593020762,6695476.19653521
372,2974,Ophioscincus truncatus,GAM_single_with_coords,random,True,0,0.02621373962119812,-51958.1449948344,6698406.00349235
379,3030,Ophioscincus truncatus,GAM_single_with_coords,random,True,0,0.14305226373310642,-170997.113124586,6685555.44783591
380,3038,Ophioscincus truncatus,GAM_single_with_coords,random,True,0,0.14549791100511286,-171751.567168655,6684505.22516541
381,3046,Ophioscincus truncatus,GAM_single_with_coords,random,True,1,0.12064557511446257,-170101.851938007,6683790.0457837
384,3070,Ophioscincus truncatus,GAM_single_with_coords,random,True,0,0.1308126361886534,-153569.490242912,6679419.46406309
394,3150,Ophioscincus truncatus,GAM_single_with_coords,random,True,0,0.137415221190198,-157694.599141127,6669935.38089694
395,3158,Ophioscincus truncatus,GAM_single_with_coords,random,True,0,0.15305884297786346,-156289.421979757,6670007.80018539
396,3166,Ophioscincus truncatus,GAM_single_with_coords,random,True,0,0.11689516835358243,-122906.583332893,6670557.67612587
400,3198,Ophioscincus truncatus,GAM_single_with_coords,random,True,0,0.053844655781515836,-125067.694169073,6669443.0445974
403,3222,Ophioscincus truncatus,GAM_single_with_coords,random,True,0,0.06335044302862562,-58257.6048943475,6672743.96684541
407,3254,Ophioscincus truncatus,GAM_single_with_coords,random,True,0,0.09699243372187946,-125225.02885331,6668620.03383924
413,3302,Ophioscincus truncatus,GAM_single_with_coords,random,True,0,0.11240528928446038,-120072.988069293,6666279.06080417
415,3318,Ophioscincus truncatus,GAM_single_with_coords,random,True,0,0.07964248212139691,-178654.150282374,6662593.67423277
420,3358,Ophioscincus truncatus,GAM_single_with_coords,random,True,0,0.11820636828134012,-125379.598774365,6663983.11844257
422,3374,Ophioscincus truncatus,GAM_single_with_coords,random,True,0,0.10568940244633623,-125514.62268173,6662771.00533564
427,3414,Ophioscincus truncatus,GAM_single_with_coords,random,True,0,0.11053909532449654,-128408.296244871,6660409.13008774
447,3574,Ophioscincus truncatus,GAM_single_with_coords,random,True,0,0.09031197018258684,-134779.996572383,6651420.87222455
449,3590,Ophioscincus truncatus,GAM_single_with_coords,random,True,1,0.10584113754643702,-135559.130529282,6650974.17840999
450,3598,Ophioscincus truncatus,GAM_single_with_coords,random,True,0,0.08285727881056694,-65340.5697630112,6654471.79599168
458,3662,Ophioscincus truncatus,GAM_single_with_coords,random,True,0,0.19460991424266227,-133451.630563193,6649077.13745528
461,3686,Ophioscincus truncatus,GAM_single_with_coords,random,True,0,0.09507311951044786,-132111.524830825,6646522.10607269
462,3694,Ophioscincus truncatus,GAM_single_with_coords,random,True,1,0.07901101360897815,-129873.482679348,6646037.61836241
463,3702,Ophioscincus truncatus,GAM_single_with_coords,random,True,0,0.08464239441005317,-130606.171632184,6644790.80822609
464,3710,Ophioscincus truncatus,GAM_single_with_coords,random,True,0,0.021715119545833855,-62036.5636510338,6645195.69882671
475,3798,Ophioscincus truncatus,GAM_single_with_coords,random,True,0,0.12922615879211186,-103178.812815837,6605812.65044331
480,3838,Ophioscincus truncatus,GAM_single_with_coords,random,True,0,0.1203122485960412,-139787.964672713,6601638.98677139
481,3846,Ophioscincus truncatus,GAM_single_with_coords,random,True,0,0.08166078906056293,-140574.776964781,6601391.4036645
488,3902,Ophioscincus truncatus,GAM_single_with_coords,random,True,1,0.10483816141884446,-141193.546516212,6594113.16970331
490,3918,Ophioscincus truncatus,GAM_single_with_coords,random,True,1,0.09357573984906482,-140157.01004317,6593561.29260029
494,3950,Ophioscincus truncatus,GAM_single_with_coords,random,True,0,0.10497291537992708,-160099.441241579,6571357.13800851
499,3990,Ophioscincus truncatus,GAM_single_with_coords,random,True,0,0.09669766999008031,-166874.918971174,6569986.45729551
507,4054,Ophioscincus truncatus,GAM_single_with_coords,random,True,0,0.15045077476219063,-144741.332783447,6566549.73714478
508,4062,Ophioscincus truncatus,GAM_single_with_coords,random,True,0,0.10355369734306034,-162480.687351114,6563171.45187532
510,4078,Ophioscincus truncatus,GAM_single_with_coords,random,True,0,0.12504943174872268,-146201.750488105,6563648.83716664
514,4110,Ophioscincus truncatus,GAM_single_with_coords,random,True,0,0.11410289788202113,-146089.648133388,6561646.84538545
525,4198,Ophioscincus truncatus,GAM_single_with_coords,random,True,0,0.08693052728863872,-118770.04691586,6551450.02671343
531,4246,Ophioscincus truncatus,GAM_single_with_coords,random,True,0,0.09521744200573672,-83551.8721662688,6536463.55059073
533,4262,Ophioscincus truncatus,GAM_single_with_coords,random,True,0,0.26384618553504485,-128644.80040642,6533196.04348179
537,4294,Ophioscincus truncatus,GAM_single_with_coords,random,True,1,0.41616122910731673,-133101.696097477,6529938.31197594
545,4358,Ophioscincus truncatus,GAM_single_with_coords,random,True,0,0.12263543222564477,-114087.089464681,6528156.09858245
558,4462,Ophioscincus truncatus,GAM_single_with_coords,random,True,0,0.11765455703067859,-204344.653545143,6507116.16956193
567,4534,Ophioscincus truncatus,GAM_single_with_coords,random,True,0,0.4394864738307309,-146716.822931648,6491951.21913417
572,4574,Ophioscincus truncatus,GAM_single_with_coords,random,True,1,0.36033838207613617,-141525.12346321,6489014.81167942
576,4606,Ophioscincus truncatus,GAM_single_with_coords,random,True,0,0.13340310665183683,-206813.275853676,6482403.27464338
579,4630,Ophioscincus truncatus,GAM_single_with_coords,random,True,0,0.07070849006705536,-242916.649698275,6475563.53924511
585,4678,Ophioscincus truncatus,GAM_single_with_coords,random,True,0,0.4855252651209741,-127313.378797034,6479531.06572796
599,4790,Ophioscincus truncatus,GAM_single_with_coords,random,True,0,0.13220956512827736,-212146.883673553,6444013.91646962
602,4814,Ophioscincus truncatus,GAM_single_with_coords,random,True,0,0.07875257933401264,-223808.84244951,6439938.38190837
606,4846,Ophioscincus truncatus,GAM_single_with_coords,random,True,0,0.15329073558885511,-122961.147064838,6444559.2200686
624,4990,Ophioscincus truncatus,GAM_single_with_coords,random,True,0,0.26645686223223114,-212517.326831474,6418204.13745066
628,5022,Ophioscincus truncatus,GAM_single_with_coords,random,True,0,0.2288392506647156,-205426.35557409,6417594.67751035
630,5038,Ophioscincus truncatus,GAM_single_with_coords,random,True,0,0.23879149703481506,-211613.384340048,6416445.23828686
639,5110,Ophioscincus truncatus,GAM_single_with_coords,random,True,0,0.06428368435421374,-162684.694435925,6370448.58724721
640,5118,Ophioscincus truncatus,GAM_single_with_coords,random,True,0,0.062082265321358764,-176653.554553042,6368244.44348734
7,55,Pseudechis porphyricaus,GAM_single_with_coords,random,True,0,0.012345313078048488,-35290.0454930004,6868477.63934909
15,119,Pseudechis porphyricaus,GAM_single_with_coords,random,True,0,0.010400741526134292,-99804.9506313828,6852000.67743644
21,167,Pseudechis porphyricaus,GAM_single_with_coords,random,True,0,0.009231314755478538,-91866.6308808398,6850184.44292602
29,231,Pseudechis porphyricaus,GAM_single_with_coords,random,True,0,0.012625187122365197,-81258.2639630969,6847092.07487722
30,239,Pseudechis porphyricaus,GAM_single_with_coords,random,True,0,0.012287316993543868,-96294.553982511,6846140.09863748
31,247,Pseudechis porphyricaus,GAM_single_with_coords,random,True,0,0.005773049063365115,-95292.0596882657,6846190.80238834
37,295,Pseudechis porphyricaus,GAM_single_with_coords,random,True,0,0.010249309178183114,-79037.3638766905,6846800.48131106
41,327,Pseudechis porphyricaus,GAM_single_with_coords,random,True,0,0.009454277482726061,-96863.6801254773,6845509.65270053
47,375,Pseudechis porphyricaus,GAM_single_with_coords,random,True,0,0.01321858769333256,-79381.2357397435,6845781.19738334
52,415,Pseudechis porphyricaus,GAM_single_with_coords,random,True,0,0.008435857702995276,-60471.4026198804,6845516.11047191
56,447,Pseudechis porphyricaus,GAM_single_with_coords,random,True,0,0.007429839908426706,-60864.6156634532,6845296.97560224
61,487,Pseudechis porphyricaus,GAM_single_with_coords,random,True,0,0.008893832380321043,-61435.1928033584,6844668.54431818
62,495,Pseudechis porphyricaus,GAM_single_with_coords,random,True,0,0.010656253506475474,-60629.7662982834,6844706.93792291
65,519,Pseudechis porphyricaus,GAM_single_with_coords,random,True,0,0.011129110227792997,-84881.8823593461,6843092.18042196
72,575,Pseudechis porphyricaus,GAM_single_with_coords,random,True,0,0.007092109866343881,-86463.3052036808,6842612.44869674
78,623,Pseudechis porphyricaus,GAM_single_with_coords,random,True,0,0.0038941596585932593,-85647.642077096,6842252.08566301
84,671,Pseudechis porphyricaus,GAM_single_with_coords,random,True,0,0.017915436340820125,-75697.1375955953,6840337.76316393
87,695,Pseudechis porphyricaus,GAM_single_with_coords,random,True,0,0.006453431912137277,-71013.5035560221,6839163.13240084
92,735,Pseudechis porphyricaus,GAM_single_with_coords,random,True,0,0.014481736509100557,-75353.1982293057,6837536.97534272
97,775,Pseudechis porphyricaus,GAM_single_with_coords,random,True,0,0.010549849996660043,-114250.874091765,6835186.86007185
99,791,Pseudechis porphyricaus,GAM_single_with_coords,random,True,0,0.011321678311101788,-123277.985601988,6834532.44353339
101,807,Pseudechis porphyricaus,GAM_single_with_coords,random,True,0,0.0340336317824863,-147109.711119875,6832327.45616153
108,863,Pseudechis porphyricaus,GAM_single_with_coords,random,True,0,0.006722336083699684,-120786.146445189,6833048.30377336
116,927,Pseudechis porphyricaus,GAM_single_with_coords,random,True,0,0.008309485333199026,-119959.663589068,6832690.76087561
117,935,Pseudechis porphyricaus,GAM_single_with_coords,random,True,0,0.006232332895272252,-119338.87811833,6832311.15904512
121,967,Pseudechis porphyricaus,GAM_single_with_coords,random,True,0,0.006163237758649041,-113308.229962265,6832416.48893136
125,999,Pseudechis porphyricaus,GAM_single_with_coords,random,True,0,0.00974357961131647,-119100.196556909,6831521.23488212
129,1031,Pseudechis porphyricaus,GAM_single_with_coords,random,True,0,0.006612355845507969,-76147.8048592401,6833277.03106837
132,1055,Pseudechis porphyricaus,GAM_single_with_coords,random,True,0,0.007486939631746084,-105801.162580743,6831179.93507326
133,1063,Pseudechis porphyricaus,GAM_single_with_coords,random,True,0,0.00527299758494127,-76520.6971461142,6832657.28276156
136,1087,Pseudechis porphyricaus,GAM_single_with_coords,random,True,0,0.009697103665282545,-62745.5415882464,6830732.52392328
139,1111,Pseudechis porphyricaus,GAM_single_with_coords,random,True,0,0.010745339091653941,-60097.6324680274,6830057.84195886
141,1127,Pseudechis porphyricaus,GAM_single_with_coords,random,True,0,0.010919228286629395,-59274.1159834863,6829696.39928037
148,1183,Pseudechis porphyricaus,GAM_single_with_coords,random,True,0,0.010357892071286692,-59039.7148912014,6828905.9612443
153,1223,Pseudechis porphyricaus,GAM_single_with_coords,random,True,0,0.015022196154083284,-56158.084536112,6827640.49763384
160,1279,Pseudechis porphyricaus,GAM_single_with_coords,random,True,0,0.012367596704772053,-57082.2051583753,6825993.28319997
165,1319,Pseudechis porphyricaus,GAM_single_with_coords,random,True,0,0.006546224175703501,-116199.528148125,6817786.39841097
169,1351,Pseudechis porphyricaus,GAM_single_with_coords,random,True,0,0.00980023670371654,-108876.433782581,6816343.47520397
172,1375,Pseudechis porphyricaus,GAM_single_with_coords,random,True,0,0.014161689923772347,-148834.228828815,6806479.17622519
173,1383,Pseudechis porphyricaus,GAM_single_with_coords,random,True,0,0.006008049193048083,-26864.9515665186,6812638.8314962
175,1399,Pseudechis porphyricaus,GAM_single_with_coords,random,True,0,0.008560879390642918,-26614.0603685924,6811648.67695057
180,1439,Pseudechis porphyricaus,GAM_single_with_coords,random,True,0,0.012476225396539678,-29780.9705356891,6806663.75964171
181,1447,Pseudechis porphyricaus,GAM_single_with_coords,random,True,0,0.01241200118921643,-29379.7381757025,6806682.07694802
185,1479,Pseudechis porphyricaus,GAM_single_with_coords,random,True,0,0.014793946229906898,-154680.904774922,6798732.86570032
194,1551,Pseudechis porphyricaus,GAM_single_with_coords,random,True,0,0.010618093317587883,-113057.133584369,6799439.25721174
195,1559,Pseudechis porphyricaus,GAM_single_with_coords,random,True,0,0.021888398375970595,-153177.628494992,6796999.50794559
203,1623,Pseudechis porphyricaus,GAM_single_with_coords,random,True,0,0.07678092052019579,-165638.858103626,6792540.33884748
205,1639,Pseudechis porphyricaus,GAM_single_with_coords,random,True,0,0.011302561676897836,-111987.574051639,6794257.38010052
209,1671,Pseudechis porphyricaus,GAM_single_with_coords,random,True,0,0.009436122471921141,-112530.721336831,6793024.84869485
214,1711,Pseudechis porphyricaus,GAM_single_with_coords,random,True,0,0.013068887209206804,-110822.113763642,6787074.42336939
226,1807,Pseudechis porphyricaus,GAM_single_with_coords,random,True,0,0.024729739780980784,-156768.616233883,6780508.50732801
231,1847,Pseudechis porphyricaus,GAM_single_with_coords,random,True,0,0.015514335298844982,-107923.462038802,6781588.26422547
232,1855,Pseudechis porphyricaus,GAM_single_with_coords,random,True,0,0.028287199830352223,-154268.894705046,6778832.59399199
236,1887,Pseudechis porphyricaus,GAM_single_with_coords,random,True,0,0.09517842801957425,-157007.529503806,6769427.67794309
237,1895,Pseudechis porphyricaus,GAM_single_with_coords,random,True,0,0.10888667417786153,-157601.945479142,6769192.74860327
238,1903,Pseudechis porphyricaus,GAM_single_with_coords,random,True,0,0.027767632617290285,-42631.6013249115,6774856.7836682
253,2023,Pseudechis porphyricaus,GAM_single_with_coords,random,True,0,0.07532725961412876,-153010.118576574,6758154.60282466
260,2079,Pseudechis porphyricaus,GAM_single_with_coords,random,True,0,0.01773207876309159,-139702.22082351,6757637.17957907
261,2087,Pseudechis porphyricaus,GAM_single_with_coords,random,True,0,0.05150894989637783,-149531.814001847,6756925.32438673
279,2231,Pseudechis porphyricaus,GAM_single_with_coords,random,True,0,0.034083793730253484,-165065.597196224,6745863.85427266
282,2255,Pseudechis porphyricaus,GAM_single_with_coords,random,True,0,0.023243233309851046,-48676.0066271106,6751433.87966314
283,2263,Pseudechis porphyricaus,GAM_single_with_coords,random,True,0,0.015249627488380853,-144358.241751465,6746321.2757456
285,2279,Pseudechis porphyricaus,GAM_single_with_coords,random,True,0,0.022852938754731884,-48666.355678597,6751233.93894705
290,2319,Pseudechis porphyricaus,GAM_single_with_coords,random,True,0,0.026097015782922447,-54841.9600197467,6750321.73267861
303,2423,Pseudechis porphyricaus,GAM_single_with_coords,random,True,0,0.012415547728394545,-86896.2863933826,6740221.21400845
307,2455,Pseudechis porphyricaus,GAM_single_with_coords,random,True,0,0.027879575190677325,-75230.2145233742,6740017.73560779
308,2463,Pseudechis porphyricaus,GAM_single_with_coords,random,True,0,0.03729207532865932,-164907.141677267,6734992.82147675
322,2575,Pseudechis porphyricaus,GAM_single_with_coords,random,True,0,0.11578896860801417,-148858.437557277,6712675.66874389
328,2623,Pseudechis porphyricaus,GAM_single_with_coords,random,True,0,0.08876408553907866,-160137.175183615,6708870.73185706
329,2631,Pseudechis porphyricaus,GAM_single_with_coords,random,True,0,0.0797268692437323,-161729.965162506,6708587.05668997
339,2711,Pseudechis porphyricaus,GAM_single_with_coords,random,True,0,0.014383212844806238,-50204.0063193176,6710952.93925814
352,2815,Pseudechis porphyricaus,GAM_single_with_coords,random,True,0,0.015694425532011006,-161130.645593128,6697139.33525593
354,2831,Pseudechis porphyricaus,GAM_single_with_coords,random,True,1,0.008810596081598503,-54397.1023715114,6702694.88150925
369,2951,Pseudechis porphyricaus,GAM_single_with_coords,random,True,0,0.012990568454341855,-115761.593020762,6695476.19653521
372,2975,Pseudechis porphyricaus,GAM_single_with_coords,random,True,0,0.024286648580757624,-51958.1449948344,6698406.00349235
379,3031,Pseudechis porphyricaus,GAM_single_with_coords,random,True,0,0.030366556445542696,-170997.113124586,6685555.44783591
380,3039,Pseudechis porphyricaus,GAM_single_with_coords,random,True,0,0.03367449200144542,-171751.567168655,6684505.22516541
381,3047,Pseudechis porphyricaus,GAM_single_with_coords,random,True,0,0.02865138993332297,-170101.851938007,6683790.0457837
384,3071,Pseudechis porphyricaus,GAM_single_with_coords,random,True,0,0.03815578062039872,-153569.490242912,6679419.46406309
394,3151,Pseudechis porphyricaus,GAM_single_with_coords,random,True,0,0.04463326943353792,-157694.599141127,6669935.38089694
395,3159,Pseudechis porphyricaus,GAM_single_with_coords,random,True,0,0.052551404105034276,-156289.421979757,6670007.80018539
396,3167,Pseudechis porphyricaus,GAM_single_with_coords,random,True,0,0.013933712954075504,-122906.583332893,6670557.67612587
400,3199,Pseudechis porphyricaus,GAM_single_with_coords,random,True,0,0.01818935840527629,-125067.694169073,6669443.0445974
403,3223,Pseudechis porphyricaus,GAM_single_with_coords,random,True,0,0.006947694205805728,-58257.6048943475,6672743.96684541
407,3255,Pseudechis porphyricaus,GAM_single_with_coords,random,True,0,0.017152105431405093,-125225.02885331,6668620.03383924
413,3303,Pseudechis porphyricaus,GAM_single_with_coords,random,True,1,0.017124152843139995,-120072.988069293,6666279.06080417
415,3319,Pseudechis porphyricaus,GAM_single_with_coords,random,True,0,0.13089131590579,-178654.150282374,6662593.67423277
420,3359,Pseudechis porphyricaus,GAM_single_with_coords,random,True,0,0.019335251820609887,-125379.598774365,6663983.11844257
422,3375,Pseudechis porphyricaus,GAM_single_with_coords,random,True,0,0.018013838575806275,-125514.62268173,6662771.00533564
427,3415,Pseudechis porphyricaus,GAM_single_with_coords,random,True,0,0.021057444373760587,-128408.296244871,6660409.13008774
447,3575,Pseudechis porphyricaus,GAM_single_with_coords,random,True,0,0.011729953071168923,-134779.996572383,6651420.87222455
449,3591,Pseudechis porphyricaus,GAM_single_with_coords,random,True,0,0.023043683622445178,-135559.130529282,6650974.17840999
450,3599,Pseudechis porphyricaus,GAM_single_with_coords,random,True,0,0.005527317348075532,-65340.5697630112,6654471.79599168
458,3663,Pseudechis porphyricaus,GAM_single_with_coords,random,True,0,0.02239181086206248,-133451.630563193,6649077.13745528
461,3687,Pseudechis porphyricaus,GAM_single_with_coords,random,True,0,0.018785062777950723,-132111.524830825,6646522.10607269
462,3695,Pseudechis porphyricaus,GAM_single_with_coords,random,True,0,0.018464629387346165,-129873.482679348,6646037.61836241
463,3703,Pseudechis porphyricaus,GAM_single_with_coords,random,True,0,0.02219514894189596,-130606.171632184,6644790.80822609
464,3711,Pseudechis porphyricaus,GAM_single_with_coords,random,True,0,0.019444121808724284,-62036.5636510338,6645195.69882671
475,3799,Pseudechis porphyricaus,GAM_single_with_coords,random,True,0,0.004643613921735403,-103178.812815837,6605812.65044331
480,3839,Pseudechis porphyricaus,GAM_single_with_coords,random,True,0,0.014473933385159898,-139787.964672713,6601638.98677139
481,3847,Pseudechis porphyricaus,GAM_single_with_coords,random,True,0,0.018106831079050898,-140574.776964781,6601391.4036645
488,3903,Pseudechis porphyricaus,GAM_single_with_coords,random,True,0,0.017544319599005934,-141193.546516212,6594113.16970331
490,3919,Pseudechis porphyricaus,GAM_single_with_coords,random,True,0,0.010219295995184152,-140157.01004317,6593561.29260029
494,3951,Pseudechis porphyricaus,GAM_single_with_coords,random,True,0,0.02816292505870928,-160099.441241579,6571357.13800851
499,3991,Pseudechis porphyricaus,GAM_single_with_coords,random,True,0,0.01999181943679453,-166874.918971174,6569986.45729551
507,4055,Pseudechis porphyricaus,GAM_single_with_coords,random,True,0,0.01102559221775735,-144741.332783447,6566549.73714478
508,4063,Pseudechis porphyricaus,GAM_single_with_coords,random,True,0,0.02472578235526492,-162480.687351114,6563171.45187532
510,4079,Pseudechis porphyricaus,GAM_single_with_coords,random,True,0,0.012273008139873823,-146201.750488105,6563648.83716664
514,4111,Pseudechis porphyricaus,GAM_single_with_coords,random,True,0,0.013858109186921388,-146089.648133388,6561646.84538545
525,4199,Pseudechis porphyricaus,GAM_single_with_coords,random,True,0,0.005544472262581891,-118770.04691586,6551450.02671343
531,4247,Pseudechis porphyricaus,GAM_single_with_coords,random,True,0,0.005381595862105271,-83551.8721662688,6536463.55059073
533,4263,Pseudechis porphyricaus,GAM_single_with_coords,random,True,0,0.021272244896780642,-128644.80040642,6533196.04348179
537,4295,Pseudechis porphyricaus,GAM_single_with_coords,random,True,0,0.015519968598306707,-133101.696097477,6529938.31197594
545,4359,Pseudechis porphyricaus,GAM_single_with_coords,random,True,0,0.004664139681091316,-114087.089464681,6528156.09858245
558,4463,Pseudechis porphyricaus,GAM_single_with_coords,random,True,0,0.017268648134687148,-204344.653545143,6507116.16956193
567,4535,Pseudechis porphyricaus,GAM_single_with_coords,random,True,1,0.018102215964286603,-146716.822931648,6491951.21913417
572,4575,Pseudechis porphyricaus,GAM_single_with_coords,random,True,0,0.016453547234014345,-141525.12346321,6489014.81167942
576,4607,Pseudechis porphyricaus,GAM_single_with_coords,random,True,0,0.0202151618954875,-206813.275853676,6482403.27464338
579,4631,Pseudechis porphyricaus,GAM_single_with_coords,random,True,0,0.014116310808187685,-242916.649698275,6475563.53924511
585,4679,Pseudechis porphyricaus,GAM_single_with_coords,random,True,0,0.009552295675968022,-127313.378797034,6479531.06572796
599,4791,Pseudechis porphyricaus,GAM_single_with_coords,random,True,0,0.017274834461536215,-212146.883673553,6444013.91646962
602,4815,Pseudechis porphyricaus,GAM_single_with_coords,random,True,0,0.012303899821140921,-223808.84244951,6439938.38190837
606,4847,Pseudechis porphyricaus,GAM_single_with_coords,random,True,0,0.013835889268801752,-122961.147064838,6444559.2200686
624,4991,Pseudechis porphyricaus,GAM_single_with_coords,random,True,0,0.007495950415267881,-212517.326831474,6418204.13745066
628,5023,Pseudechis porphyricaus,GAM_single_with_coords,random,True,0,0.02356134523134814,-205426.35557409,6417594.67751035
630,5039,Pseudechis porphyricaus,GAM_single_with_coords,random,True,0,0.02344756166431918,-211613.384340048,6416445.23828686
639,5111,Pseudechis porphyricaus,GAM_single_with_coords,random,True,0,0.016520795353991327,-162684.694435925,6370448.58724721
640,5119,Pseudechis porphyricaus,GAM_single_with_coords,random,True,0,0.024321093580671443,-176653.554553042,6368244.44348734
7,56,Saltuarius swaini,GAM_single_with_coords,random,True,0,0.018905329887186698,-35290.0454930004,6868477.63934909
15,120,Saltuarius swaini,GAM_single_with_coords,random,True,0,0.006743271808377535,-99804.9506313828,6852000.67743644
21,168,Saltuarius swaini,GAM_single_with_coords,random,True,0,0.006611917987505574,-91866.6308808398,6850184.44292602
29,232,Saltuarius swaini,GAM_single_with_coords,random,True,0,0.009024640426415091,-81258.2639630969,6847092.07487722
30,240,Saltuarius swaini,GAM_single_with_coords,random,True,0,0.007914281464571156,-96294.553982511,6846140.09863748
31,248,Saltuarius swaini,GAM_single_with_coords,random,True,0,0.00679030033756103,-95292.0596882657,6846190.80238834
37,296,Saltuarius swaini,GAM_single_with_coords,random,True,0,0.007139149019140023,-79037.3638766905,6846800.48131106
41,328,Saltuarius swaini,GAM_single_with_coords,random,True,0,0.0073722643514538165,-96863.6801254773,6845509.65270053
47,376,Saltuarius swaini,GAM_single_with_coords,random,True,0,0.009095808206802662,-79381.2357397435,6845781.19738334
52,416,Saltuarius swaini,GAM_single_with_coords,random,True,0,0.008836903953296131,-60471.4026198804,6845516.11047191
56,448,Saltuarius swaini,GAM_single_with_coords,random,True,0,0.00839633903775036,-60864.6156634532,6845296.97560224
61,488,Saltuarius swaini,GAM_single_with_coords,random,True,0,0.011083488047947999,-61435.1928033584,6844668.54431818
62,496,Saltuarius swaini,GAM_single_with_coords,random,True,0,0.009139746180703545,-60629.7662982834,6844706.93792291
65,520,Saltuarius swaini,GAM_single_with_coords,random,True,0,0.008685948600518809,-84881.8823593461,6843092.18042196
72,576,Saltuarius swaini,GAM_single_with_coords,random,True,0,0.008184043216210142,-86463.3052036808,6842612.44869674
78,624,Saltuarius swaini,GAM_single_with_coords,random,True,0,0.006780535484860354,-85647.642077096,6842252.08566301
84,672,Saltuarius swaini,GAM_single_with_coords,random,True,0,0.008060265569523394,-75697.1375955953,6840337.76316393
87,696,Saltuarius swaini,GAM_single_with_coords,random,True,0,0.017150763688635207,-71013.5035560221,6839163.13240084
92,736,Saltuarius swaini,GAM_single_with_coords,random,True,0,0.008360381449977597,-75353.1982293057,6837536.97534272
97,776,Saltuarius swaini,GAM_single_with_coords,random,True,0,0.007189927195177582,-114250.874091765,6835186.86007185
99,792,Saltuarius swaini,GAM_single_with_coords,random,True,0,0.010639996474873702,-123277.985601988,6834532.44353339
101,808,Saltuarius swaini,GAM_single_with_coords,random,True,0,0.006248031703839513,-147109.711119875,6832327.45616153
108,864,Saltuarius swaini,GAM_single_with_coords,random,True,0,0.0093959348632618,-120786.146445189,6833048.30377336
116,928,Saltuarius swaini,GAM_single_with_coords,random,True,0,0.010951742473565782,-119959.663589068,6832690.76087561
117,936,Saltuarius swaini,GAM_single_with_coords,random,True,0,0.009643659534970195,-119338.87811833,6832311.15904512
121,968,Saltuarius swaini,GAM_single_with_coords,random,True,0,0.010025529796999253,-113308.229962265,6832416.48893136
125,1000,Saltuarius swaini,GAM_single_with_coords,random,True,0,0.011563375576201051,-119100.196556909,6831521.23488212
129,1032,Saltuarius swaini,GAM_single_with_coords,random,True,0,0.007721684456958122,-76147.8048592401,6833277.03106837
132,1056,Saltuarius swaini,GAM_single_with_coords,random,True,0,0.007306231253669623,-105801.162580743,6831179.93507326
133,1064,Saltuarius swaini,GAM_single_with_coords,random,True,0,0.007680104545978784,-76520.6971461142,6832657.28276156
136,1088,Saltuarius swaini,GAM_single_with_coords,random,True,0,0.007284390360904148,-62745.5415882464,6830732.52392328
139,1112,Saltuarius swaini,GAM_single_with_coords,random,True,0,0.00872160021974363,-60097.6324680274,6830057.84195886
141,1128,Saltuarius swaini,GAM_single_with_coords,random,True,0,0.012508099174837348,-59274.1159834863,6829696.39928037
148,1184,Saltuarius swaini,GAM_single_with_coords,random,True,0,0.007667944156766677,-59039.7148912014,6828905.9612443
153,1224,Saltuarius swaini,GAM_single_with_coords,random,True,0,0.010693098904315272,-56158.084536112,6827640.49763384
160,1280,Saltuarius swaini,GAM_single_with_coords,random,True,0,0.011160685970660795,-57082.2051583753,6825993.28319997
165,1320,Saltuarius swaini,GAM_single_with_coords,random,True,0,0.010017781749408048,-116199.528148125,6817786.39841097
169,1352,Saltuarius swaini,GAM_single_with_coords,random,True,0,0.012795601355556761,-108876.433782581,6816343.47520397
172,1376,Saltuarius swaini,GAM_single_with_coords,random,True,0,0.00940365250506189,-148834.228828815,6806479.17622519
173,1384,Saltuarius swaini,GAM_single_with_coords,random,True,0,0.021405913370144476,-26864.9515665186,6812638.8314962
175,1400,Saltuarius swaini,GAM_single_with_coords,random,True,0,0.018904435848899278,-26614.0603685924,6811648.67695057
180,1440,Saltuarius swaini,GAM_single_with_coords,random,True,0,0.017058150353380985,-29780.9705356891,6806663.75964171
181,1448,Saltuarius swaini,GAM_single_with_coords,random,True,0,0.017059825974803274,-29379.7381757025,6806682.07694802
185,1480,Saltuarius swaini,GAM_single_with_coords,random,True,0,0.0084797059914383,-154680.904774922,6798732.86570032
194,1552,Saltuarius swaini,GAM_single_with_coords,random,True,0,0.0069732657515256214,-113057.133584369,6799439.25721174
195,1560,Saltuarius swaini,GAM_single_with_coords,random,True,0,0.009755286413505256,-153177.628494992,6796999.50794559
203,1624,Saltuarius swaini,GAM_single_with_coords,random,True,0,0.008712760418069239,-165638.858103626,6792540.33884748
205,1640,Saltuarius swaini,GAM_single_with_coords,random,True,0,0.012054348026771487,-111987.574051639,6794257.38010052
209,1672,Saltuarius swaini,GAM_single_with_coords,random,True,0,0.01168644989089368,-112530.721336831,6793024.84869485
214,1712,Saltuarius swaini,GAM_single_with_coords,random,True,0,0.014858101236061214,-110822.113763642,6787074.42336939
226,1808,Saltuarius swaini,GAM_single_with_coords,random,True,0,0.010525450441193185,-156768.616233883,6780508.50732801
231,1848,Saltuarius swaini,GAM_single_with_coords,random,True,0,0.014021976686311697,-107923.462038802,6781588.26422547
232,1856,Saltuarius swaini,GAM_single_with_coords,random,True,0,0.011488822080531046,-154268.894705046,6778832.59399199
236,1888,Saltuarius swaini,GAM_single_with_coords,random,True,0,0.01027624138745269,-157007.529503806,6769427.67794309
237,1896,Saltuarius swaini,GAM_single_with_coords,random,True,0,0.010180018278432127,-157601.945479142,6769192.74860327
238,1904,Saltuarius swaini,GAM_single_with_coords,random,True,0,0.018838944428311206,-42631.6013249115,6774856.7836682
253,2024,Saltuarius swaini,GAM_single_with_coords,random,True,0,0.009264779542946935,-153010.118576574,6758154.60282466
260,2080,Saltuarius swaini,GAM_single_with_coords,random,True,0,0.011555776708346673,-139702.22082351,6757637.17957907
261,2088,Saltuarius swaini,GAM_single_with_coords,random,True,0,0.007728340448983311,-149531.814001847,6756925.32438673
279,2232,Saltuarius swaini,GAM_single_with_coords,random,True,0,0.011498989103220678,-165065.597196224,6745863.85427266
282,2256,Saltuarius swaini,GAM_single_with_coords,random,True,0,0.018542177085468108,-48676.0066271106,6751433.87966314
283,2264,Saltuarius swaini,GAM_single_with_coords,random,True,0,0.011021347954937255,-144358.241751465,6746321.2757456
285,2280,Saltuarius swaini,GAM_single_with_coords,random,True,0,0.018527814749569563,-48666.355678597,6751233.93894705
290,2320,Saltuarius swaini,GAM_single_with_coords,random,True,0,0.017944561048667994,-54841.9600197467,6750321.73267861
303,2424,Saltuarius swaini,GAM_single_with_coords,random,True,0,0.01643233714406716,-86896.2863933826,6740221.21400845
307,2456,Saltuarius swaini,GAM_single_with_coords,random,True,0,0.014293196795371532,-75230.2145233742,6740017.73560779
308,2464,Saltuarius swaini,GAM_single_with_coords,random,True,0,0.012478086814484092,-164907.141677267,6734992.82147675
322,2576,Saltuarius swaini,GAM_single_with_coords,random,True,0,0.012994579765913374,-148858.437557277,6712675.66874389
328,2624,Saltuarius swaini,GAM_single_with_coords,random,True,0,0.011995420718134876,-160137.175183615,6708870.73185706
329,2632,Saltuarius swaini,GAM_single_with_coords,random,True,0,0.010543102485763376,-161729.965162506,6708587.05668997
339,2712,Saltuarius swaini,GAM_single_with_coords,random,True,0,0.017903628888205375,-50204.0063193176,6710952.93925814
352,2816,Saltuarius swaini,GAM_single_with_coords,random,True,0,0.0117995869350158,-161130.645593128,6697139.33525593
354,2832,Saltuarius swaini,GAM_single_with_coords,random,True,0,0.021746748032349352,-54397.1023715114,6702694.88150925
369,2952,Saltuarius swaini,GAM_single_with_coords,random,True,0,0.012732302377239131,-115761.593020762,6695476.19653521
372,2976,Saltuarius swaini,GAM_single_with_coords,random,True,0,0.019606025297556548,-51958.1449948344,6698406.00349235
379,3032,Saltuarius swaini,GAM_single_with_coords,random,True,0,0.011405007038267441,-170997.113124586,6685555.44783591
380,3040,Saltuarius swaini,GAM_single_with_coords,random,True,0,0.011925388713048816,-171751.567168655,6684505.22516541
381,3048,Saltuarius swaini,GAM_single_with_coords,random,True,0,0.011887818935025949,-170101.851938007,6683790.0457837
384,3072,Saltuarius swaini,GAM_single_with_coords,random,True,0,0.011965617648663416,-153569.490242912,6679419.46406309
394,3152,Saltuarius swaini,GAM_single_with_coords,random,True,0,0.011509941901148766,-157694.599141127,6669935.38089694
395,3160,Saltuarius swaini,GAM_single_with_coords,random,True,0,0.012022475127859478,-156289.421979757,6670007.80018539
396,3168,Saltuarius swaini,GAM_single_with_coords,random,True,0,0.012561957316643113,-122906.583332893,6670557.67612587
400,3200,Saltuarius swaini,GAM_single_with_coords,random,True,0,0.010767917727880669,-125067.694169073,6669443.0445974
403,3224,Saltuarius swaini,GAM_single_with_coords,random,True,0,0.0182195425796181,-58257.6048943475,6672743.96684541
407,3256,Saltuarius swaini,GAM_single_with_coords,random,True,0,0.010944116291219875,-125225.02885331,6668620.03383924
413,3304,Saltuarius swaini,GAM_single_with_coords,random,True,0,0.013619494938626828,-120072.988069293,6666279.06080417
415,3320,Saltuarius swaini,GAM_single_with_coords,random,True,0,0.010670305526467156,-178654.150282374,6662593.67423277
420,3360,Saltuarius swaini,GAM_single_with_coords,random,True,0,0.011497755429457508,-125379.598774365,6663983.11844257
422,3376,Saltuarius swaini,GAM_single_with_coords,random,True,0,0.012217370868300072,-125514.62268173,6662771.00533564
427,3416,Saltuarius swaini,GAM_single_with_coords,random,True,0,0.012077855332858167,-128408.296244871,6660409.13008774
447,3576,Saltuarius swaini,GAM_single_with_coords,random,True,0,0.012177553230392069,-134779.996572383,6651420.87222455
449,3592,Saltuarius swaini,GAM_single_with_coords,random,True,0,0.014988343912353595,-135559.130529282,6650974.17840999
450,3600,Saltuarius swaini,GAM_single_with_coords,random,True,0,0.020383081725870774,-65340.5697630112,6654471.79599168
458,3664,Saltuarius swaini,GAM_single_with_coords,random,True,0,0.01302251769412595,-133451.630563193,6649077.13745528
461,3688,Saltuarius swaini,GAM_single_with_coords,random,True,0,0.013377079720711107,-132111.524830825,6646522.10607269
462,3696,Saltuarius swaini,GAM_single_with_coords,random,True,0,0.01300978503226507,-129873.482679348,6646037.61836241
463,3704,Saltuarius swaini,GAM_single_with_coords,random,True,0,0.012160671233555572,-130606.171632184,6644790.80822609
464,3712,Saltuarius swaini,GAM_single_with_coords,random,True,0,0.020963132700615544,-62036.5636510338,6645195.69882671
475,3800,Saltuarius swaini,GAM_single_with_coords,random,True,0,0.015555333044138472,-103178.812815837,6605812.65044331
480,3840,Saltuarius swaini,GAM_single_with_coords,random,True,0,0.016742688070802682,-139787.964672713,6601638.98677139
481,3848,Saltuarius swaini,GAM_single_with_coords,random,True,0,0.015154672565104062,-140574.776964781,6601391.4036645
488,3904,Saltuarius swaini,GAM_single_with_coords,random,True,0,0.016365555879776058,-141193.546516212,6594113.16970331
490,3920,Saltuarius swaini,GAM_single_with_coords,random,True,0,0.014749181322378124,-140157.01004317,6593561.29260029
494,3952,Saltuarius swaini,GAM_single_with_coords,random,True,0,0.012206533807204153,-160099.441241579,6571357.13800851
499,3992,Saltuarius swaini,GAM_single_with_coords,random,True,0,0.013567325854265294,-166874.918971174,6569986.45729551
507,4056,Saltuarius swaini,GAM_single_with_coords,random,True,0,0.01556524601688182,-144741.332783447,6566549.73714478
508,4064,Saltuarius swaini,GAM_single_with_coords,random,True,0,0.012216661693135055,-162480.687351114,6563171.45187532
510,4080,Saltuarius swaini,GAM_single_with_coords,random,True,0,0.016622434215518987,-146201.750488105,6563648.83716664
514,4112,Saltuarius swaini,GAM_single_with_coords,random,True,0,0.017719659701413683,-146089.648133388,6561646.84538545
525,4200,Saltuarius swaini,GAM_single_with_coords,random,True,0,0.014360905422229337,-118770.04691586,6551450.02671343
531,4248,Saltuarius swaini,GAM_single_with_coords,random,True,0,0.020841322122034982,-83551.8721662688,6536463.55059073
533,4264,Saltuarius swaini,GAM_single_with_coords,random,True,0,0.01964838018553475,-128644.80040642,6533196.04348179
537,4296,Saltuarius swaini,GAM_single_with_coords,random,True,0,0.016409782706364454,-133101.696097477,6529938.31197594
545,4360,Saltuarius swaini,GAM_single_with_coords,random,True,0,0.01706262583469762,-114087.089464681,6528156.09858245
558,4464,Saltuarius swaini,GAM_single_with_coords,random,True,0,0.01409594931180012,-204344.653545143,6507116.16956193
567,4536,Saltuarius swaini,GAM_single_with_coords,random,True,1,0.014521401955358674,-146716.822931648,6491951.21913417
572,4576,Saltuarius swaini,GAM_single_with_coords,random,True,0,0.014844102634415277,-141525.12346321,6489014.81167942
576,4608,Saltuarius swaini,GAM_single_with_coords,random,True,0,0.016264762613112962,-206813.275853676,6482403.27464338
579,4632,Saltuarius swaini,GAM_single_with_coords,random,True,0,0.015598951880804865,-242916.649698275,6475563.53924511
585,4680,Saltuarius swaini,GAM_single_with_coords,random,True,0,0.016952379267936784,-127313.378797034,6479531.06572796
599,4792,Saltuarius swaini,GAM_single_with_coords,random,True,0,0.01696142813735779,-212146.883673553,6444013.91646962
602,4816,Saltuarius swaini,GAM_single_with_coords,random,True,0,0.012806643323534641,-223808.84244951,6439938.38190837
606,4848,Saltuarius swaini,GAM_single_with_coords,random,True,0,0.0180293786446607,-122961.147064838,6444559.2200686
624,4992,Saltuarius swaini,GAM_single_with_coords,random,True,0,0.017590547649292004,-212517.326831474,6418204.13745066
628,5024,Saltuarius swaini,GAM_single_with_coords,random,True,0,0.021460684058271163,-205426.35557409,6417594.67751035
630,5040,Saltuarius swaini,GAM_single_with_coords,random,True,0,0.0187147990660293,-211613.384340048,6416445.23828686
639,5112,Saltuarius swaini,GAM_single_with_coords,random,True,0,0.017034749234158625,-162684.694435925,6370448.58724721
640,5120,Saltuarius swaini,GAM_single_with_coords,random,True,0,0.01737321268026229,-176653.554553042,6368244.44348734
7,49,Cacophis kreftii,GAM_multi_with_coords,random,True,0,0.004274298701445751,-35290.0454930004,6868477.63934909
7,50,Calyptotis scutirostrum,GAM_multi_with_coords,random,True,0,0.00821358929412594,-35290.0454930004,6868477.63934909
7,51,Coeranoscincus reticulatus,GAM_multi_with_coords,random,True,0,0.023970238906661057,-35290.0454930004,6868477.63934909
7,52,Egernia mcpheei,GAM_multi_with_coords,random,True,0,0.0023800174887643145,-35290.0454930004,6868477.63934909
7,53,Eulamprus murrayi,GAM_multi_with_coords,random,True,0,0.001069839637151143,-35290.0454930004,6868477.63934909
7,54,Ophioscincus truncatus,GAM_multi_with_coords,random,True,0,0.02549067605145857,-35290.0454930004,6868477.63934909
7,55,Pseudechis porphyricaus,GAM_multi_with_coords,random,True,0,0.0027920704694062506,-35290.0454930004,6868477.63934909
7,56,Saltuarius swaini,GAM_multi_with_coords,random,True,0,0.0019619857460105887,-35290.0454930004,6868477.63934909
15,113,Cacophis kreftii,GAM_multi_with_coords,random,True,0,0.11004487460539818,-99804.9506313828,6852000.67743644
15,114,Calyptotis scutirostrum,GAM_multi_with_coords,random,True,1,0.19260854052115434,-99804.9506313828,6852000.67743644
15,115,Coeranoscincus reticulatus,GAM_multi_with_coords,random,True,0,0.4143257873129001,-99804.9506313828,6852000.67743644
15,116,Egernia mcpheei,GAM_multi_with_coords,random,True,1,0.0643023863282452,-99804.9506313828,6852000.67743644
15,117,Eulamprus murrayi,GAM_multi_with_coords,random,True,0,0.02992709034796511,-99804.9506313828,6852000.67743644
15,118,Ophioscincus truncatus,GAM_multi_with_coords,random,True,0,0.4297056046513467,-99804.9506313828,6852000.67743644
15,119,Pseudechis porphyricaus,GAM_multi_with_coords,random,True,0,0.07463305095043224,-99804.9506313828,6852000.67743644
15,120,Saltuarius swaini,GAM_multi_with_coords,random,True,0,0.053592439360312126,-99804.9506313828,6852000.67743644
21,161,Cacophis kreftii,GAM_multi_with_coords,random,True,0,0.06048480865787815,-91866.6308808398,6850184.44292602
21,162,Calyptotis scutirostrum,GAM_multi_with_coords,random,True,0,0.11048095808171988,-91866.6308808398,6850184.44292602
21,163,Coeranoscincus reticulatus,GAM_multi_with_coords,random,True,0,0.2691774136043281,-91866.6308808398,6850184.44292602
21,164,Egernia mcpheei,GAM_multi_with_coords,random,True,0,0.0345434027412547,-91866.6308808398,6850184.44292602
21,165,Eulamprus murrayi,GAM_multi_with_coords,random,True,0,0.015808136650697455,-91866.6308808398,6850184.44292602
21,166,Ophioscincus truncatus,GAM_multi_with_coords,random,True,0,0.28176137798774736,-91866.6308808398,6850184.44292602
21,167,Pseudechis porphyricaus,GAM_multi_with_coords,random,True,0,0.04029897173927426,-91866.6308808398,6850184.44292602
21,168,Saltuarius swaini,GAM_multi_with_coords,random,True,0,0.028638290938626604,-91866.6308808398,6850184.44292602
29,225,Cacophis kreftii,GAM_multi_with_coords,random,True,0,0.08323675037372677,-81258.2639630969,6847092.07487722
29,226,Calyptotis scutirostrum,GAM_multi_with_coords,random,True,0,0.14905574216148681,-81258.2639630969,6847092.07487722
29,227,Coeranoscincus reticulatus,GAM_multi_with_coords,random,True,0,0.3418662532837551,-81258.2639630969,6847092.07487722
29,228,Egernia mcpheei,GAM_multi_with_coords,random,True,0,0.048036154516895774,-81258.2639630969,6847092.07487722
29,229,Eulamprus murrayi,GAM_multi_with_coords,random,True,0,0.022150740005350483,-81258.2639630969,6847092.07487722
29,230,Ophioscincus truncatus,GAM_multi_with_coords,random,True,1,0.3561921756223177,-81258.2639630969,6847092.07487722
29,231,Pseudechis porphyricaus,GAM_multi_with_coords,random,True,0,0.055909675125051156,-81258.2639630969,6847092.07487722
29,232,Saltuarius swaini,GAM_multi_with_coords,random,True,0,0.03991986093923462,-81258.2639630969,6847092.07487722
30,233,Cacophis kreftii,GAM_multi_with_coords,random,True,1,0.1007218683764457,-96294.553982511,6846140.09863748
30,234,Calyptotis scutirostrum,GAM_multi_with_coords,random,True,1,0.17768730947945777,-96294.553982511,6846140.09863748
30,235,Coeranoscincus reticulatus,GAM_multi_with_coords,random,True,0,0.390536479697034,-96294.553982511,6846140.09863748
30,236,Egernia mcpheei,GAM_multi_with_coords,random,True,1,0.058599514244417776,-96294.553982511,6846140.09863748
30,237,Eulamprus murrayi,GAM_multi_with_coords,random,True,0,0.02718433435697863,-96294.553982511,6846140.09863748
30,238,Ophioscincus truncatus,GAM_multi_with_coords,random,True,1,0.40564485428537406,-96294.553982511,6846140.09863748
30,239,Pseudechis porphyricaus,GAM_multi_with_coords,random,True,0,0.06808063203475649,-96294.553982511,6846140.09863748
30,240,Saltuarius swaini,GAM_multi_with_coords,random,True,0,0.04878988702599583,-96294.553982511,6846140.09863748
31,241,Cacophis kreftii,GAM_multi_with_coords,random,True,0,0.08958664323668607,-95292.0596882657,6846190.80238834
31,242,Calyptotis scutirostrum,GAM_multi_with_coords,random,True,1,0.15955290065110367,-95292.0596882657,6846190.80238834
31,243,Coeranoscincus reticulatus,GAM_multi_with_coords,random,True,0,0.36019433341614565,-95292.0596882657,6846190.80238834
31,244,Egernia mcpheei,GAM_multi_with_coords,random,True,0,0.05185257977393627,-95292.0596882657,6846190.80238834
31,245,Eulamprus murrayi,GAM_multi_with_coords,random,True,0,0.023962361502724367,-95292.0596882657,6846190.80238834
31,246,Ophioscincus truncatus,GAM_multi_with_coords,random,True,0,0.37485084562045623,-95292.0596882657,6846190.80238834
31,247,Pseudechis porphyricaus,GAM_multi_with_coords,random,True,0,0.06031201232274464,-95292.0596882657,6846190.80238834
31,248,Saltuarius swaini,GAM_multi_with_coords,random,True,0,0.043120663284279284,-95292.0596882657,6846190.80238834
37,289,Cacophis kreftii,GAM_multi_with_coords,random,True,0,0.07026432710931133,-79037.3638766905,6846800.48131106
37,290,Calyptotis scutirostrum,GAM_multi_with_coords,random,True,0,0.12724926898426758,-79037.3638766905,6846800.48131106
37,291,Coeranoscincus reticulatus,GAM_multi_with_coords,random,True,0,0.3018583023327859,-79037.3638766905,6846800.48131106
37,292,Egernia mcpheei,GAM_multi_with_coords,random,True,0,0.04030852362812189,-79037.3638766905,6846800.48131106
37,293,Eulamprus murrayi,GAM_multi_with_coords,random,True,0,0.018506372018036003,-79037.3638766905,6846800.48131106
37,294,Ophioscincus truncatus,GAM_multi_with_coords,random,True,1,0.3153109150463264,-79037.3638766905,6846800.48131106
37,295,Pseudechis porphyricaus,GAM_multi_with_coords,random,True,0,0.046977927835547016,-79037.3638766905,6846800.48131106
37,296,Saltuarius swaini,GAM_multi_with_coords,random,True,0,0.03345202591646659,-79037.3638766905,6846800.48131106
41,321,Cacophis kreftii,GAM_multi_with_coords,random,True,0,0.07688439509883979,-96863.6801254773,6845509.65270053
41,322,Calyptotis scutirostrum,GAM_multi_with_coords,random,True,0,0.1384388256825296,-96863.6801254773,6845509.65270053
41,323,Coeranoscincus reticulatus,GAM_multi_with_coords,random,True,0,0.32272434335339595,-96863.6801254773,6845509.65270053
41,324,Egernia mcpheei,GAM_multi_with_coords,random,True,0,0.04424055483322013,-96863.6801254773,6845509.65270053
41,325,Eulamprus murrayi,GAM_multi_with_coords,random,True,0,0.020356751072323244,-96863.6801254773,6845509.65270053
41,326,Ophioscincus truncatus,GAM_multi_with_coords,random,True,0,0.33665844706539694,-96863.6801254773,6845509.65270053
41,327,Pseudechis porphyricaus,GAM_multi_with_coords,random,True,0,0.051525618613161454,-96863.6801254773,6845509.65270053
41,328,Saltuarius swaini,GAM_multi_with_coords,random,True,0,0.03674082274914788,-96863.6801254773,6845509.65270053
47,369,Cacophis kreftii,GAM_multi_with_coords,random,True,0,0.09082935909227627,-79381.2357397435,6845781.19738334
47,370,Calyptotis scutirostrum,GAM_multi_with_coords,random,True,0,0.16159389737310187,-79381.2357397435,6845781.19738334
47,371,Coeranoscincus reticulatus,GAM_multi_with_coords,random,True,0,0.36369127139117874,-79381.2357397435,6845781.19738334
47,372,Egernia mcpheei,GAM_multi_with_coords,random,True,0,0.05260210448622015,-79381.2357397435,6845781.19738334
47,373,Eulamprus murrayi,GAM_multi_with_coords,random,True,0,0.024319075870439823,-79381.2357397435,6845781.19738334
47,374,Ophioscincus truncatus,GAM_multi_with_coords,random,True,1,0.37840591874171897,-79381.2357397435,6845781.19738334
47,375,Pseudechis porphyricaus,GAM_multi_with_coords,random,True,0,0.061175927707731115,-79381.2357397435,6845781.19738334
47,376,Saltuarius swaini,GAM_multi_with_coords,random,True,0,0.043749792925287995,-79381.2357397435,6845781.19738334
52,409,Cacophis kreftii,GAM_multi_with_coords,random,True,0,0.09342947726577859,-60471.4026198804,6845516.11047191
52,410,Calyptotis scutirostrum,GAM_multi_with_coords,random,True,1,0.16585021706057618,-60471.4026198804,6845516.11047191
52,411,Coeranoscincus reticulatus,GAM_multi_with_coords,random,True,0,0.3709157569730474,-60471.4026198804,6845516.11047191
52,412,Egernia mcpheei,GAM_multi_with_coords,random,True,0,0.05417311834396887,-60471.4026198804,6845516.11047191
52,413,Eulamprus murrayi,GAM_multi_with_coords,random,True,0,0.025067739529121523,-60471.4026198804,6845516.11047191
52,414,Ophioscincus truncatus,GAM_multi_with_coords,random,True,1,0.38574550380265205,-60471.4026198804,6845516.11047191
52,415,Pseudechis porphyricaus,GAM_multi_with_coords,random,True,0,0.06298598322158631,-60471.4026198804,6845516.11047191
52,416,Saltuarius swaini,GAM_multi_with_coords,random,True,0,0.045069000805144144,-60471.4026198804,6845516.11047191
56,441,Cacophis kreftii,GAM_multi_with_coords,random,True,0,0.07752529051732496,-60864.6156634532,6845296.97560224
56,442,Calyptotis scutirostrum,GAM_multi_with_coords,random,True,0,0.13951527990658838,-60864.6156634532,6845296.97560224
56,443,Coeranoscincus reticulatus,GAM_multi_with_coords,random,True,0,0.3246937119852567,-60864.6156634532,6845296.97560224
56,444,Egernia mcpheei,GAM_multi_with_coords,random,True,0,0.04462249037563304,-60864.6156634532,6845296.97560224
56,445,Eulamprus murrayi,GAM_multi_with_coords,random,True,0,0.020536924620405694,-60864.6156634532,6845296.97560224
56,446,Ophioscincus truncatus,GAM_multi_with_coords,random,True,1,0.3386703268276152,-60864.6156634532,6845296.97560224
56,447,Pseudechis porphyricaus,GAM_multi_with_coords,random,True,0,0.05196702758245217,-60864.6156634532,6845296.97560224
56,448,Saltuarius swaini,GAM_multi_with_coords,random,True,0,0.03706052255011712,-60864.6156634532,6845296.97560224
61,481,Cacophis kreftii,GAM_multi_with_coords,random,True,0,0.05743080946525122,-61435.1928033584,6844668.54431818
61,482,Calyptotis scutirostrum,GAM_multi_with_coords,random,True,0,0.10518517768108178,-61435.1928033584,6844668.54431818
61,483,Coeranoscincus reticulatus,GAM_multi_with_coords,random,True,0,0.258485195504621,-61435.1928033584,6844668.54431818
61,484,Egernia mcpheei,GAM_multi_with_coords,random,True,0,0.032753573427014786,-61435.1928033584,6844668.54431818
61,485,Eulamprus murrayi,GAM_multi_with_coords,random,True,0,0.01497399896514996,-61435.1928033584,6844668.54431818
61,486,Ophioscincus truncatus,GAM_multi_with_coords,random,True,1,0.2707544888073802,-61435.1928033584,6844668.54431818
61,487,Pseudechis porphyricaus,GAM_multi_with_coords,random,True,0,0.03822273036796584,-61435.1928033584,6844668.54431818
61,488,Saltuarius swaini,GAM_multi_with_coords,random,True,0,0.027145825749437913,-61435.1928033584,6844668.54431818
62,489,Cacophis kreftii,GAM_multi_with_coords,random,True,0,0.09423621119254257,-60629.7662982834,6844706.93792291
62,490,Calyptotis scutirostrum,GAM_multi_with_coords,random,True,1,0.16716697344117887,-60629.7662982834,6844706.93792291
62,491,Coeranoscincus reticulatus,GAM_multi_with_coords,random,True,0,0.37313233284472236,-60629.7662982834,6844706.93792291
62,492,Egernia mcpheei,GAM_multi_with_coords,random,True,0,0.05466132389131041,-60629.7662982834,6844706.93792291
62,493,Eulamprus murrayi,GAM_multi_with_coords,random,True,0,0.025300665165810962,-60629.7662982834,6844706.93792291
62,494,Ophioscincus truncatus,GAM_multi_with_coords,random,True,1,0.38799604284305744,-60629.7662982834,6844706.93792291
62,495,Pseudechis porphyricaus,GAM_multi_with_coords,random,True,0,0.06354827373427076,-60629.7662982834,6844706.93792291
62,496,Saltuarius swaini,GAM_multi_with_coords,random,True,0,0.045479105572060426,-60629.7662982834,6844706.93792291
65,513,Cacophis kreftii,GAM_multi_with_coords,random,True,0,0.10819722896024146,-84881.8823593461,6843092.18042196
65,514,Calyptotis scutirostrum,GAM_multi_with_coords,random,True,1,0.18967009629549114,-84881.8823593461,6843092.18042196
65,515,Coeranoscincus reticulatus,GAM_multi_with_coords,random,True,0,0.4097213230685009,-84881.8823593461,6843092.18042196
65,516,Egernia mcpheei,GAM_multi_with_coords,random,True,0,0.06316824091469056,-84881.8823593461,6843092.18042196
65,517,Eulamprus murrayi,GAM_multi_with_coords,random,True,0,0.029380208280577007,-84881.8823593461,6843092.18042196
65,518,Ophioscincus truncatus,GAM_multi_with_coords,random,True,1,0.4250542664418964,-84881.8823593461,6843092.18042196
65,519,Pseudechis porphyricaus,GAM_multi_with_coords,random,True,0,0.0733309762909506,-84881.8823593461,6843092.18042196
65,520,Saltuarius swaini,GAM_multi_with_coords,random,True,0,0.05263656637375527,-84881.8823593461,6843092.18042196
72,569,Cacophis kreftii,GAM_multi_with_coords,random,True,0,0.03930468622082109,-86463.3052036808,6842612.44869674
72,570,Calyptotis scutirostrum,GAM_multi_with_coords,random,True,1,0.07315678544366898,-86463.3052036808,6842612.44869674
72,571,Coeranoscincus reticulatus,GAM_multi_with_coords,random,True,0,0.18967215358003572,-86463.3052036808,6842612.44869674
72,572,Egernia mcpheei,GAM_multi_with_coords,random,True,0,0.02223229053061113,-86463.3052036808,6842612.44869674
72,573,Eulamprus murrayi,GAM_multi_with_coords,random,True,0,0.010104306305379795,-86463.3052036808,6842612.44869674
72,574,Ophioscincus truncatus,GAM_multi_with_coords,random,True,1,0.19955417135528436,-86463.3052036808,6842612.44869674
72,575,Pseudechis porphyricaus,GAM_multi_with_coords,random,True,0,0.02599182438397426,-86463.3052036808,6842612.44869674
72,576,Saltuarius swaini,GAM_multi_with_coords,random,True,0,0.01839164270807824,-86463.3052036808,6842612.44869674
78,617,Cacophis kreftii,GAM_multi_with_coords,random,True,0,0.05516164736149311,-85647.642077096,6842252.08566301
78,618,Calyptotis scutirostrum,GAM_multi_with_coords,random,True,0,0.10123182736157368,-85647.642077096,6842252.08566301
78,619,Coeranoscincus reticulatus,GAM_multi_with_coords,random,True,1,0.2503823313216729,-85647.642077096,6842252.08566301
78,620,Egernia mcpheei,GAM_multi_with_coords,random,True,0,0.03142693018486486,-85647.642077096,6842252.08566301
78,621,Eulamprus murrayi,GAM_multi_with_coords,random,True,0,0.014356806526681446,-85647.642077096,6842252.08566301
78,622,Ophioscincus truncatus,GAM_multi_with_coords,random,True,0,0.2624031171975674,-85647.642077096,6842252.08566301
78,623,Pseudechis porphyricaus,GAM_multi_with_coords,random,True,0,0.036682966880385325,-85647.642077096,6842252.08566301
78,624,Saltuarius swaini,GAM_multi_with_coords,random,True,0,0.02604020251065126,-85647.642077096,6842252.08566301
84,665,Cacophis kreftii,GAM_multi_with_coords,random,True,0,0.06007674372237936,-75697.1375955953,6840337.76316393
84,666,Calyptotis scutirostrum,GAM_multi_with_coords,random,True,0,0.10977500182975138,-75697.1375955953,6840337.76316393
84,667,Coeranoscincus reticulatus,GAM_multi_with_coords,random,True,0,0.2677626591838405,-75697.1375955953,6840337.76316393
84,668,Egernia mcpheei,GAM_multi_with_coords,random,True,0,0.03430396305391771,-75697.1375955953,6840337.76316393
84,669,Eulamprus murrayi,GAM_multi_with_coords,random,True,0,0.0156964502476633,-75697.1375955953,6840337.76316393
84,670,Ophioscincus truncatus,GAM_multi_with_coords,random,True,0,0.2803058518606169,-75697.1375955953,6840337.76316393
84,671,Pseudechis porphyricaus,GAM_multi_with_coords,random,True,0,0.04002129075655687,-75697.1375955953,6840337.76316393
84,672,Saltuarius swaini,GAM_multi_with_coords,random,True,0,0.02843857720513774,-75697.1375955953,6840337.76316393
87,689,Cacophis kreftii,GAM_multi_with_coords,random,True,0,0.016762136943898696,-71013.5035560221,6839163.13240084
87,690,Calyptotis scutirostrum,GAM_multi_with_coords,random,True,0,0.03184245207098537,-71013.5035560221,6839163.13240084
87,691,Coeranoscincus reticulatus,GAM_multi_with_coords,random,True,1,0.08886629113872017,-71013.5035560221,6839163.13240084
87,692,Egernia mcpheei,GAM_multi_with_coords,random,True,0,0.00938566942379345,-71013.5035560221,6839163.13240084
87,693,Eulamprus murrayi,GAM_multi_with_coords,random,True,0,0.004235316947444223,-71013.5035560221,6839163.13240084
87,694,Ophioscincus truncatus,GAM_multi_with_coords,random,True,0,0.09410620862371984,-71013.5035560221,6839163.13240084
87,695,Pseudechis porphyricaus,GAM_multi_with_coords,random,True,0,0.010997242282887513,-71013.5035560221,6839163.13240084
87,696,Saltuarius swaini,GAM_multi_with_coords,random,True,0,0.007746703844439546,-71013.5035560221,6839163.13240084
92,729,Cacophis kreftii,GAM_multi_with_coords,random,True,0,0.025964334793631083,-75353.1982293057,6837536.97534272
92,730,Calyptotis scutirostrum,GAM_multi_with_coords,random,True,0,0.048911710779296284,-75353.1982293057,6837536.97534272
92,731,Coeranoscincus reticulatus,GAM_multi_with_coords,random,True,0,0.13232544244357058,-75353.1982293057,6837536.97534272
92,732,Egernia mcpheei,GAM_multi_with_coords,random,True,0,0.014598406696823765,-75353.1982293057,6837536.97534272
92,733,Eulamprus murrayi,GAM_multi_with_coords,random,True,0,0.006606660526831949,-75353.1982293057,6837536.97534272
92,734,Ophioscincus truncatus,GAM_multi_with_coords,random,True,0,0.139734889077582,-75353.1982293057,6837536.97534272
92,735,Pseudechis porphyricaus,GAM_multi_with_coords,random,True,0,0.01708959513347161,-75353.1982293057,6837536.97534272
92,736,Saltuarius swaini,GAM_multi_with_coords,random,True,0,0.012060252831703823,-75353.1982293057,6837536.97534272
97,769,Cacophis kreftii,GAM_multi_with_coords,random,True,0,0.12071578842389608,-114250.874091765,6835186.86007185
97,770,Calyptotis scutirostrum,GAM_multi_with_coords,random,True,1,0.20940175761821792,-114250.874091765,6835186.86007185
97,771,Coeranoscincus reticulatus,GAM_multi_with_coords,random,True,1,0.4399173384728833,-114250.874091765,6835186.86007185
97,772,Egernia mcpheei,GAM_multi_with_coords,random,True,0,0.07089103361865604,-114250.874091765,6835186.86007185
97,773,Eulamprus murrayi,GAM_multi_with_coords,random,True,0,0.03311819026039222,-114250.874091765,6835186.86007185
97,774,Ophioscincus truncatus,GAM_multi_with_coords,random,True,1,0.4555082843982398,-114250.874091765,6835186.86007185
97,775,Pseudechis porphyricaus,GAM_multi_with_coords,random,True,0,0.08218723922723209,-114250.874091765,6835186.86007185
97,776,Saltuarius swaini,GAM_multi_with_coords,random,True,0,0.05915308230202315,-114250.874091765,6835186.86007185
99,785,Cacophis kreftii,GAM_multi_with_coords,random,True,0,0.0727656512140746,-123277.985601988,6834532.44353339
99,786,Calyptotis scutirostrum,GAM_multi_with_coords,random,True,0,0.1314922837464069,-123277.985601988,6834532.44353339
99,787,Coeranoscincus reticulatus,GAM_multi_with_coords,random,True,0,0.3098564264412384,-123277.985601988,6834532.44353339
99,788,Egernia mcpheei,GAM_multi_with_coords,random,True,0,0.04179139173674708,-123277.985601988,6834532.44353339
99,789,Eulamprus murrayi,GAM_multi_with_coords,random,True,0,0.019203232568014986,-123277.985601988,6834532.44353339
99,790,Ophioscincus truncatus,GAM_multi_with_coords,random,True,0,0.32350031662581147,-123277.985601988,6834532.44353339
99,791,Pseudechis porphyricaus,GAM_multi_with_coords,random,True,0,0.04869370069726154,-123277.985601988,6834532.44353339
99,792,Saltuarius swaini,GAM_multi_with_coords,random,True,0,0.03469177557211303,-123277.985601988,6834532.44353339
101,801,Cacophis kreftii,GAM_multi_with_coords,random,True,1,0.16466578176333185,-147109.711119875,6832327.45616153
101,802,Calyptotis scutirostrum,GAM_multi_with_coords,random,True,1,0.2755227748667494,-147109.711119875,6832327.45616153
101,803,Coeranoscincus reticulatus,GAM_multi_with_coords,random,True,0,0.5300282353693713,-147109.711119875,6832327.45616153
101,804,Egernia mcpheei,GAM_multi_with_coords,random,True,0,0.09873793436220107,-147109.711119875,6832327.45616153
101,805,Eulamprus murrayi,GAM_multi_with_coords,random,True,0,0.04687603651661257,-147109.711119875,6832327.45616153
101,806,Ophioscincus truncatus,GAM_multi_with_coords,random,True,0,0.5457011843561546,-147109.711119875,6832327.45616153
101,807,Pseudechis porphyricaus,GAM_multi_with_coords,random,True,0,0.11392733250629329,-147109.711119875,6832327.45616153
101,808,Saltuarius swaini,GAM_multi_with_coords,random,True,0,0.08280007176678941,-147109.711119875,6832327.45616153
108,857,Cacophis kreftii,GAM_multi_with_coords,random,True,1,0.0801658122717368,-120786.146445189,6833048.30377336
108,858,Calyptotis scutirostrum,GAM_multi_with_coords,random,True,0,0.1439377400384432,-120786.146445189,6833048.30377336
108,859,Coeranoscincus reticulatus,GAM_multi_with_coords,random,True,0,0.33271642237928617,-120786.146445189,6833048.30377336
108,860,Egernia mcpheei,GAM_multi_with_coords,random,True,0,0.04619846283199073,-120786.146445189,6833048.30377336
108,861,Eulamprus murrayi,GAM_multi_with_coords,random,True,0,0.021281193984542666,-120786.146445189,6833048.30377336
108,862,Ophioscincus truncatus,GAM_multi_with_coords,random,True,1,0.3468609993918005,-120786.146445189,6833048.30377336
108,863,Pseudechis porphyricaus,GAM_multi_with_coords,random,True,0,0.05378778976773662,-120786.146445189,6833048.30377336
108,864,Saltuarius swaini,GAM_multi_with_coords,random,True,0,0.038380151267370474,-120786.146445189,6833048.30377336
116,921,Cacophis kreftii,GAM_multi_with_coords,random,True,1,0.06842057126240547,-119959.663589068,6832690.76087561
116,922,Calyptotis scutirostrum,GAM_multi_with_coords,random,True,0,0.12410981889466166,-119959.663589068,6832690.76087561
116,923,Coeranoscincus reticulatus,GAM_multi_with_coords,random,True,0,0.2958713782310284,-119959.663589068,6832690.76087561
116,924,Egernia mcpheei,GAM_multi_with_coords,random,True,0,0.03921765982161805,-119959.663589068,6832690.76087561
116,925,Eulamprus murrayi,GAM_multi_with_coords,random,True,0,0.017994473527132186,-119959.663589068,6832690.76087561
116,926,Ophioscincus truncatus,GAM_multi_with_coords,random,True,1,0.3091753372415142,-119959.663589068,6832690.76087561
116,927,Pseudechis porphyricaus,GAM_multi_with_coords,random,True,0,0.04571516873763167,-119959.663589068,6832690.76087561
116,928,Saltuarius swaini,GAM_multi_with_coords,random,True,0,0.03254042683243722,-119959.663589068,6832690.76087561
117,929,Cacophis kreftii,GAM_multi_with_coords,random,True,0,0.08022226028674201,-119338.87811833,6832311.15904512
117,930,Calyptotis scutirostrum,GAM_multi_with_coords,random,True,1,0.1440320611174139,-119338.87811833,6832311.15904512
117,931,Coeranoscincus reticulatus,GAM_multi_with_coords,random,True,1,0.3328863447859193,-119338.87811833,6832311.15904512
117,932,Egernia mcpheei,GAM_multi_with_coords,random,True,0,0.04623219519508236,-119338.87811833,6832311.15904512
117,933,Eulamprus murrayi,GAM_multi_with_coords,random,True,0,0.021297138944425347,-119338.87811833,6832311.15904512
117,934,Ophioscincus truncatus,GAM_multi_with_coords,random,True,1,0.34703438871970277,-119338.87811833,6832311.15904512
117,935,Pseudechis porphyricaus,GAM_multi_with_coords,random,True,0,0.05382675084410345,-119338.87811833,6832311.15904512
117,936,Saltuarius swaini,GAM_multi_with_coords,random,True,0,0.038408404875890076,-119338.87811833,6832311.15904512
121,961,Cacophis kreftii,GAM_multi_with_coords,random,True,0,0.08246129475309145,-113308.229962265,6832416.48893136
121,962,Calyptotis scutirostrum,GAM_multi_with_coords,random,True,0,0.147765934241927,-113308.229962265,6832416.48893136
121,963,Coeranoscincus reticulatus,GAM_multi_with_coords,random,True,1,0.3395738134011398,-113308.229962265,6832416.48893136
121,964,Egernia mcpheei,GAM_multi_with_coords,random,True,0,0.04757161998983986,-113308.229962265,6832416.48893136
121,965,Eulamprus murrayi,GAM_multi_with_coords,random,True,0,0.021930764017600482,-113308.229962265,6832416.48893136
121,966,Ophioscincus truncatus,GAM_multi_with_coords,random,True,1,0.3538553215937891,-113308.229962265,6832416.48893136
121,967,Pseudechis porphyricaus,GAM_multi_with_coords,random,True,0,0.05537342850923903,-113308.229962265,6832416.48893136
121,968,Saltuarius swaini,GAM_multi_with_coords,random,True,0,0.03953055591309975,-113308.229962265,6832416.48893136
125,993,Cacophis kreftii,GAM_multi_with_coords,random,True,0,0.05633160684121572,-119100.196556909,6831521.23488212
125,994,Calyptotis scutirostrum,GAM_multi_with_coords,random,True,1,0.10327211751726185,-119100.196556909,6831521.23488212
125,995,Coeranoscincus reticulatus,GAM_multi_with_coords,random,True,0,0.25457722079810197,-119100.196556909,6831521.23488212
125,996,Egernia mcpheei,GAM_multi_with_coords,random,True,0,0.03211059287800301,-119100.196556909,6831521.23488212
125,997,Eulamprus murrayi,GAM_multi_with_coords,random,True,0,0.014674751265839378,-119100.196556909,6831521.23488212
125,998,Ophioscincus truncatus,GAM_multi_with_coords,random,True,0,0.2667277419370533,-119100.196556909,6831521.23488212
125,999,Pseudechis porphyricaus,GAM_multi_with_coords,random,True,0,0.037476545500042674,-119100.196556909,6831521.23488212
125,1000,Saltuarius swaini,GAM_multi_with_coords,random,True,0,0.026609901521556043,-119100.196556909,6831521.23488212
129,1025,Cacophis kreftii,GAM_multi_with_coords,random,True,0,0.06915272543543519,-76147.8048592401,6833277.03106837
129,1026,Calyptotis scutirostrum,GAM_multi_with_coords,random,True,0,0.12535770236629243,-76147.8048592401,6833277.03106837
129,1027,Coeranoscincus reticulatus,GAM_multi_with_coords,random,True,0,0.29825818754335753,-76147.8048592401,6833277.03106837
129,1028,Egernia mcpheei,GAM_multi_with_coords,random,True,0,0.039650620394797956,-76147.8048592401,6833277.03106837
129,1029,Eulamprus murrayi,GAM_multi_with_coords,random,True,0,0.018197569196250225,-76147.8048592401,6833277.03106837
129,1030,Ophioscincus truncatus,GAM_multi_with_coords,random,True,0,0.31162197265308456,-76147.8048592401,6833277.03106837
129,1031,Pseudechis porphyricaus,GAM_multi_with_coords,random,True,0,0.04621641089136832,-76147.8048592401,6833277.03106837
129,1032,Saltuarius swaini,GAM_multi_with_coords,random,True,0,0.03290219558904398,-76147.8048592401,6833277.03106837
132,1049,Cacophis kreftii,GAM_multi_with_coords,random,True,0,0.061686916281684025,-105801.162580743,6831179.93507326
132,1050,Calyptotis scutirostrum,GAM_multi_with_coords,random,True,0,0.11255767279035979,-105801.162580743,6831179.93507326
132,1051,Coeranoscincus reticulatus,GAM_multi_with_coords,random,True,0,0.27332056453290565,-105801.162580743,6831179.93507326
132,1052,Egernia mcpheei,GAM_multi_with_coords,random,True,0,0.03524928049572421,-105801.162580743,6831179.93507326
132,1053,Eulamprus murrayi,GAM_multi_with_coords,random,True,0,0.016137567546783606,-105801.162580743,6831179.93507326
132,1054,Ophioscincus truncatus,GAM_multi_with_coords,random,True,0,0.2860224150172724,-105801.162580743,6831179.93507326
132,1055,Pseudechis porphyricaus,GAM_multi_with_coords,random,True,0,0.041117452823900176,-105801.162580743,6831179.93507326
132,1056,Saltuarius swaini,GAM_multi_with_coords,random,True,0,0.0292271535562983,-105801.162580743,6831179.93507326
133,1057,Cacophis kreftii,GAM_multi_with_coords,random,True,0,0.05552702196126088,-76520.6971461142,6832657.28276156
133,1058,Calyptotis scutirostrum,GAM_multi_with_coords,random,True,1,0.10186945646382435,-76520.6971461142,6832657.28276156
133,1059,Coeranoscincus reticulatus,GAM_multi_with_coords,random,True,0,0.25169632460490104,-76520.6971461142,6832657.28276156
133,1060,Egernia mcpheei,GAM_multi_with_coords,random,True,0,0.03164035761258613,-76520.6971461142,6832657.28276156
133,1061,Eulamprus murrayi,GAM_multi_with_coords,random,True,0,0.014456037085672538,-76520.6971461142,6832657.28276156
133,1062,Ophioscincus truncatus,GAM_multi_with_coords,random,True,0,0.26375799824509283,-76520.6971461142,6832657.28276156
133,1063,Pseudechis porphyricaus,GAM_multi_with_coords,random,True,0,0.036930728235671686,-76520.6971461142,6832657.28276156
133,1064,Saltuarius swaini,GAM_multi_with_coords,random,True,0,0.026218037687486904,-76520.6971461142,6832657.28276156
136,1081,Cacophis kreftii,GAM_multi_with_coords,random,True,0,0.031098319871616348,-62745.5415882464,6830732.52392328
136,1082,Calyptotis scutirostrum,GAM_multi_with_coords,random,True,0,0.0583114935196751,-62745.5415882464,6830732.52392328
136,1083,Coeranoscincus reticulatus,GAM_multi_with_coords,random,True,0,0.15514070310157788,-62745.5415882464,6830732.52392328
136,1084,Egernia mcpheei,GAM_multi_with_coords,random,True,0,0.017525418503552364,-62745.5415882464,6830732.52392328
136,1085,Eulamprus murrayi,GAM_multi_with_coords,random,True,0,0.007944228226409321,-62745.5415882464,6830732.52392328
136,1086,Ophioscincus truncatus,GAM_multi_with_coords,random,True,1,0.16358681316080462,-62745.5415882464,6830732.52392328
136,1087,Pseudechis porphyricaus,GAM_multi_with_coords,random,True,0,0.02050570145510976,-62745.5415882464,6830732.52392328
136,1088,Saltuarius swaini,GAM_multi_with_coords,random,True,0,0.014485840486172928,-62745.5415882464,6830732.52392328
139,1105,Cacophis kreftii,GAM_multi_with_coords,random,True,0,0.09597165670023262,-60097.6324680274,6830057.84195886
139,1106,Calyptotis scutirostrum,GAM_multi_with_coords,random,True,0,0.16999343527132452,-60097.6324680274,6830057.84195886
139,1107,Coeranoscincus reticulatus,GAM_multi_with_coords,random,True,0,0.377861245113499,-60097.6324680274,6830057.84195886
139,1108,Egernia mcpheei,GAM_multi_with_coords,random,True,0,0.05571279022371773,-60097.6324680274,6830057.84195886
139,1109,Eulamprus murrayi,GAM_multi_with_coords,random,True,0,0.025802764851786255,-60097.6324680274,6830057.84195886
139,1110,Ophioscincus truncatus,GAM_multi_with_coords,random,True,1,0.3927952947101276,-60097.6324680274,6830057.84195886
139,1111,Pseudechis porphyricaus,GAM_multi_with_coords,random,True,0,0.06475897897663382,-60097.6324680274,6830057.84195886
139,1112,Saltuarius swaini,GAM_multi_with_coords,random,True,0,0.04636260506700946,-60097.6324680274,6830057.84195886
141,1121,Cacophis kreftii,GAM_multi_with_coords,random,True,0,0.05993613020955334,-59274.1159834863,6829696.39928037
141,1122,Calyptotis scutirostrum,GAM_multi_with_coords,random,True,0,0.10953162161706133,-59274.1159834863,6829696.39928037
141,1123,Coeranoscincus reticulatus,GAM_multi_with_coords,random,True,0,0.26727417014240074,-59274.1159834863,6829696.39928037
141,1124,Egernia mcpheei,GAM_multi_with_coords,random,True,0,0.03422147612185471,-59274.1159834863,6829696.39928037
141,1125,Eulamprus murrayi,GAM_multi_with_coords,random,True,0,0.01565798125770354,-59274.1159834863,6829696.39928037
141,1126,Ophioscincus truncatus,GAM_multi_with_coords,random,True,0,0.2798032238944985,-59274.1159834863,6829696.39928037
141,1127,Pseudechis porphyricaus,GAM_multi_with_coords,random,True,0,0.039925624389619316,-59274.1159834863,6829696.39928037
141,1128,Saltuarius swaini,GAM_multi_with_coords,random,True,0,0.02836977977906591,-59274.1159834863,6829696.39928037
148,1177,Cacophis kreftii,GAM_multi_with_coords,random,True,0,0.053005212441763816,-59039.7148912014,6828905.9612443
148,1178,Calyptotis scutirostrum,GAM_multi_with_coords,random,True,1,0.09746014592183525,-59039.7148912014,6828905.9612443
148,1179,Coeranoscincus reticulatus,GAM_multi_with_coords,random,True,0,0.2425533133731009,-59039.7148912014,6828905.9612443
148,1180,Egernia mcpheei,GAM_multi_with_coords,random,True,1,0.030168730177971278,-59039.7148912014,6828905.9612443
148,1181,Eulamprus murrayi,GAM_multi_with_coords,random,True,0,0.013772303745153494,-59039.7148912014,6828905.9612443
148,1182,Ophioscincus truncatus,GAM_multi_with_coords,random,True,1,0.254325752833421,-59039.7148912014,6828905.9612443
148,1183,Pseudechis porphyricaus,GAM_multi_with_coords,random,True,0,0.035221989844492825,-59039.7148912014,6828905.9612443
148,1184,Saltuarius swaini,GAM_multi_with_coords,random,True,0,0.024992099346870442,-59039.7148912014,6828905.9612443
153,1217,Cacophis kreftii,GAM_multi_with_coords,random,True,0,0.043562056909460856,-56158.084536112,6827640.49763384
153,1218,Calyptotis scutirostrum,GAM_multi_with_coords,random,True,1,0.08077262696004989,-56158.084536112,6827640.49763384
153,1219,Coeranoscincus reticulatus,GAM_multi_with_coords,random,True,0,0.20671235028529952,-56158.084536112,6827640.49763384
153,1220,Egernia mcpheei,GAM_multi_with_coords,random,True,0,0.024687949956531938,-56158.084536112,6827640.49763384
153,1221,Eulamprus murrayi,GAM_multi_with_coords,random,True,0,0.011235767298965336,-56158.084536112,6827640.49763384
153,1222,Ophioscincus truncatus,GAM_multi_with_coords,random,True,1,0.21724415634493885,-56158.084536112,6827640.49763384
153,1223,Pseudechis porphyricaus,GAM_multi_with_coords,random,True,0,0.028850488928958987,-56158.084536112,6827640.49763384
153,1224,Saltuarius swaini,GAM_multi_with_coords,random,True,0,0.020431949468612823,-56158.084536112,6827640.49763384
160,1273,Cacophis kreftii,GAM_multi_with_coords,random,True,0,0.032986313204973146,-57082.2051583753,6825993.28319997
160,1274,Calyptotis scutirostrum,GAM_multi_with_coords,random,True,1,0.061746324320532876,-57082.2051583753,6825993.28319997
160,1275,Coeranoscincus reticulatus,GAM_multi_with_coords,random,True,0,0.1632902134061128,-57082.2051583753,6825993.28319997
160,1276,Egernia mcpheei,GAM_multi_with_coords,random,True,0,0.018605217827873242,-57082.2051583753,6825993.28319997
160,1277,Eulamprus murrayi,GAM_multi_with_coords,random,True,0,0.008438769063260644,-57082.2051583753,6825993.28319997
160,1278,Ophioscincus truncatus,GAM_multi_with_coords,random,True,0,0.17208962417740525,-57082.2051583753,6825993.28319997
160,1279,Pseudechis porphyricaus,GAM_multi_with_coords,random,True,0,0.021765058020975666,-57082.2051583753,6825993.28319997
160,1280,Saltuarius swaini,GAM_multi_with_coords,random,True,0,0.015381293268775348,-57082.2051583753,6825993.28319997
165,1313,Cacophis kreftii,GAM_multi_with_coords,random,True,0,0.07378400209354406,-116199.528148125,6817786.39841097
165,1314,Calyptotis scutirostrum,GAM_multi_with_coords,random,True,0,0.13321443258858784,-116199.528148125,6817786.39841097
165,1315,Coeranoscincus reticulatus,GAM_multi_with_coords,random,True,0,0.31307253082306874,-116199.528148125,6817786.39841097
165,1316,Egernia mcpheei,GAM_multi_with_coords,random,True,0,0.042396079936889645,-116199.528148125,6817786.39841097
165,1317,Eulamprus murrayi,GAM_multi_with_coords,random,True,0,0.019487735087343035,-116199.528148125,6817786.39841097
165,1318,Ophioscincus truncatus,GAM_multi_with_coords,random,True,0,0.32679097942144075,-116199.528148125,6817786.39841097
165,1319,Pseudechis porphyricaus,GAM_multi_with_coords,random,True,0,0.04939311173736235,-116199.528148125,6817786.39841097
165,1320,Saltuarius swaini,GAM_multi_with_coords,random,True,0,0.03519751136055673,-116199.528148125,6817786.39841097
169,1345,Cacophis kreftii,GAM_multi_with_coords,random,True,0,0.01786720808663622,-108876.433782581,6816343.47520397
169,1346,Calyptotis scutirostrum,GAM_multi_with_coords,random,True,0,0.03390743224719742,-108876.433782581,6816343.47520397
169,1347,Coeranoscincus reticulatus,GAM_multi_with_coords,random,True,0,0.09426919000560534,-108876.433782581,6816343.47520397
169,1348,Egernia mcpheei,GAM_multi_with_coords,random,True,0,0.010009385550090682,-108876.433782581,6816343.47520397
169,1349,Eulamprus murrayi,GAM_multi_with_coords,random,True,0,0.004518332189005677,-108876.433782581,6816343.47520397
169,1350,Ophioscincus truncatus,GAM_multi_with_coords,random,True,0,0.0997927919174806,-108876.433782581,6816343.47520397
169,1351,Pseudechis porphyricaus,GAM_multi_with_coords,random,True,0,0.011726786231648799,-108876.433782581,6816343.47520397
169,1352,Saltuarius swaini,GAM_multi_with_coords,random,True,0,0.008262412438535639,-108876.433782581,6816343.47520397
172,1369,Cacophis kreftii,GAM_multi_with_coords,random,True,0,0.03281668500782976,-148834.228828815,6806479.17622519
172,1370,Calyptotis scutirostrum,GAM_multi_with_coords,random,True,0,0.061438197532198244,-148834.228828815,6806479.17622519
172,1371,Coeranoscincus reticulatus,GAM_multi_with_coords,random,True,0,0.162563157691732,-148834.228828815,6806479.17622519
172,1372,Egernia mcpheei,GAM_multi_with_coords,random,True,0,0.018508127282858732,-148834.228828815,6806479.17622519
172,1373,Eulamprus murrayi,GAM_multi_with_coords,random,True,0,0.008394277916642318,-148834.228828815,6806479.17622519
172,1374,Ophioscincus truncatus,GAM_multi_with_coords,random,True,0,0.1713314115113499,-148834.228828815,6806479.17622519
172,1375,Pseudechis porphyricaus,GAM_multi_with_coords,random,True,0,0.021651841779504168,-148834.228828815,6806479.17622519
172,1376,Saltuarius swaini,GAM_multi_with_coords,random,True,0,0.0153007643393047,-148834.228828815,6806479.17622519
173,1377,Cacophis kreftii,GAM_multi_with_coords,random,True,0,0.0064148072968997875,-26864.9515665186,6812638.8314962
173,1378,Calyptotis scutirostrum,GAM_multi_with_coords,random,True,0,0.012302465380326543,-26864.9515665186,6812638.8314962
173,1379,Coeranoscincus reticulatus,GAM_multi_with_coords,random,True,0,0.03562133948152361,-26864.9515665186,6812638.8314962
173,1380,Egernia mcpheei,GAM_multi_with_coords,random,True,0,0.003575302926159078,-26864.9515665186,6812638.8314962
173,1381,Eulamprus murrayi,GAM_multi_with_coords,random,True,0,0.0016081920822645427,-26864.9515665186,6812638.8314962
173,1382,Ophioscincus truncatus,GAM_multi_with_coords,random,True,0,0.037852147367063646,-26864.9515665186,6812638.8314962
173,1383,Pseudechis porphyricaus,GAM_multi_with_coords,random,True,0,0.004193426094145143,-26864.9515665186,6812638.8314962
173,1384,Saltuarius swaini,GAM_multi_with_coords,random,True,0,0.0029479488783392036,-26864.9515665186,6812638.8314962
175,1393,Cacophis kreftii,GAM_multi_with_coords,random,True,0,0.01193050353874556,-26614.0603685924,6811648.67695057
175,1394,Calyptotis scutirostrum,GAM_multi_with_coords,random,True,1,0.022764606499774128,-26614.0603685924,6811648.67695057
175,1395,Coeranoscincus reticulatus,GAM_multi_with_coords,random,True,0,0.06461673753177388,-26614.0603685924,6811648.67695057
175,1396,Egernia mcpheei,GAM_multi_with_coords,random,True,0,0.00666586477081244,-26614.0603685924,6811648.67695057
175,1397,Eulamprus murrayi,GAM_multi_with_coords,random,True,0,0.003003470255735318,-26614.0603685924,6811648.67695057
175,1398,Ophioscincus truncatus,GAM_multi_with_coords,random,True,0,0.06853435455709447,-26614.0603685924,6811648.67695057
175,1399,Pseudechis porphyricaus,GAM_multi_with_coords,random,True,0,0.007814115504481228,-26614.0603685924,6811648.67695057
175,1400,Saltuarius swaini,GAM_multi_with_coords,random,True,0,0.005499206506465974,-26614.0603685924,6811648.67695057
180,1433,Cacophis kreftii,GAM_multi_with_coords,random,True,0,0.0041635467829216335,-29780.9705356891,6806663.75964171
180,1434,Calyptotis scutirostrum,GAM_multi_with_coords,random,True,0,0.008001586136138838,-29780.9705356891,6806663.75964171
180,1435,Coeranoscincus reticulatus,GAM_multi_with_coords,random,True,0,0.02336111626446456,-29780.9705356891,6806663.75964171
180,1436,Egernia mcpheei,GAM_multi_with_coords,random,True,0,0.0023182342668138967,-29780.9705356891,6806663.75964171
180,1437,Eulamprus murrayi,GAM_multi_with_coords,random,True,0,0.0010420319883962228,-29780.9705356891,6806663.75964171
180,1438,Ophioscincus truncatus,GAM_multi_with_coords,random,True,0,0.024843900097739218,-29780.9705356891,6806663.75964171
180,1439,Pseudechis porphyricaus,GAM_multi_with_coords,random,True,0,0.002719619863822535,-29780.9705356891,6806663.75964171
180,1440,Saltuarius swaini,GAM_multi_with_coords,random,True,0,0.0019110334836599436,-29780.9705356891,6806663.75964171
181,1441,Cacophis kreftii,GAM_multi_with_coords,random,True,0,0.004144286222830631,-29379.7381757025,6806682.07694802
181,1442,Calyptotis scutirostrum,GAM_multi_with_coords,random,True,0,0.007964712815579991,-29379.7381757025,6806682.07694802
181,1443,Coeranoscincus reticulatus,GAM_multi_with_coords,random,True,0,0.023255121655449996,-29379.7381757025,6806682.07694802
181,1444,Egernia mcpheei,GAM_multi_with_coords,random,True,0,0.002307490339130717,-29379.7381757025,6806682.07694802
181,1445,Eulamprus murrayi,GAM_multi_with_coords,random,True,0,0.0010371965103883483,-29379.7381757025,6806682.07694802
181,1446,Ophioscincus truncatus,GAM_multi_with_coords,random,True,0,0.02473134813242183,-29379.7381757025,6806682.07694802
181,1447,Pseudechis porphyricaus,GAM_multi_with_coords,random,True,0,0.0027070207496940825,-29379.7381757025,6806682.07694802
181,1448,Saltuarius swaini,GAM_multi_with_coords,random,True,0,0.0019021731423800137,-29379.7381757025,6806682.07694802
185,1473,Cacophis kreftii,GAM_multi_with_coords,random,True,0,0.055911798107407484,-154680.904774922,6798732.86570032
185,1474,Calyptotis scutirostrum,GAM_multi_with_coords,random,True,0,0.10254049897928305,-154680.904774922,6798732.86570032
185,1475,Coeranoscincus reticulatus,GAM_multi_with_coords,random,True,1,0.2530762142377469,-154680.904774922,6798732.86570032
185,1476,Egernia mcpheei,GAM_multi_with_coords,random,True,0,0.03186519493530374,-154680.904774922,6798732.86570032
185,1477,Eulamprus murrayi,GAM_multi_with_coords,random,True,0,0.01456059823901934,-154680.904774922,6798732.86570032
185,1478,Ophioscincus truncatus,GAM_multi_with_coords,random,True,0,0.2651805807106384,-154680.904774922,6798732.86570032
185,1479,Pseudechis porphyricaus,GAM_multi_with_coords,random,True,0,0.0371917152375699,-154680.904774922,6798732.86570032
185,1480,Saltuarius swaini,GAM_multi_with_coords,random,True,0,0.02640539451783656,-154680.904774922,6798732.86570032
194,1545,Cacophis kreftii,GAM_multi_with_coords,random,True,0,0.07384885721281123,-113057.133584369,6799439.25721174
194,1546,Calyptotis scutirostrum,GAM_multi_with_coords,random,True,0,0.1333240067696698,-113057.133584369,6799439.25721174
194,1547,Coeranoscincus reticulatus,GAM_multi_with_coords,random,True,1,0.31327657631896866,-113057.133584369,6799439.25721174
194,1548,Egernia mcpheei,GAM_multi_with_coords,random,True,0,0.04243460952183297,-113057.133584369,6799439.25721174
194,1549,Eulamprus murrayi,GAM_multi_with_coords,random,True,0,0.01950586962772296,-113057.133584369,6799439.25721174
194,1550,Ophioscincus truncatus,GAM_multi_with_coords,random,True,0,0.32699970972223064,-113057.133584369,6799439.25721174
194,1551,Pseudechis porphyricaus,GAM_multi_with_coords,random,True,0,0.04943767194167359,-113057.133584369,6799439.25721174
194,1552,Saltuarius swaini,GAM_multi_with_coords,random,True,0,0.03522973956076101,-113057.133584369,6799439.25721174
195,1553,Cacophis kreftii,GAM_multi_with_coords,random,True,0,0.06870495762595269,-153177.628494992,6796999.50794559
195,1554,Calyptotis scutirostrum,GAM_multi_with_coords,random,True,0,0.12459471655240559,-153177.628494992,6796999.50794559
195,1555,Coeranoscincus reticulatus,GAM_multi_with_coords,random,True,1,0.29679995246168517,-153177.628494992,6796999.50794559
195,1556,Egernia mcpheei,GAM_multi_with_coords,random,True,0,0.03938579765983535,-153177.628494992,6796999.50794559
195,1557,Eulamprus murrayi,GAM_multi_with_coords,random,True,0,0.018073332838543205,-153177.628494992,6796999.50794559
195,1558,Ophioscincus truncatus,GAM_multi_with_coords,random,True,0,0.3101272750999545,-153177.628494992,6796999.50794559
195,1559,Pseudechis porphyricaus,GAM_multi_with_coords,random,True,0,0.045909832237988966,-153177.628494992,6796999.50794559
195,1560,Saltuarius swaini,GAM_multi_with_coords,random,True,0,0.03268091113003163,-153177.628494992,6796999.50794559
203,1617,Cacophis kreftii,GAM_multi_with_coords,random,True,0,0.05522174428521531,-165638.858103626,6792540.33884748
203,1618,Calyptotis scutirostrum,GAM_multi_with_coords,random,True,0,0.10133673308702215,-165638.858103626,6792540.33884748
203,1619,Coeranoscincus reticulatus,GAM_multi_with_coords,random,True,1,0.2505987044096442,-165638.858103626,6792540.33884748
203,1620,Egernia mcpheei,GAM_multi_with_coords,random,True,0,0.03146202991171398,-165638.858103626,6792540.33884748
203,1621,Eulamprus murrayi,GAM_multi_with_coords,random,True,0,0.014373124097635198,-165638.858103626,6792540.33884748
203,1622,Ophioscincus truncatus,GAM_multi_with_coords,random,True,0,0.26262623888929826,-165638.858103626,6792540.33884748
203,1623,Pseudechis porphyricaus,GAM_multi_with_coords,random,True,0,0.03672371433148284,-165638.858103626,6792540.33884748
203,1624,Saltuarius swaini,GAM_multi_with_coords,random,True,0,0.026069447904331647,-165638.858103626,6792540.33884748
205,1633,Cacophis kreftii,GAM_multi_with_coords,random,True,0,0.0271052178675431,-111987.574051639,6794257.38010052
205,1634,Calyptotis scutirostrum,GAM_multi_with_coords,random,True,0,0.05100810724088174,-111987.574051639,6794257.38010052
205,1635,Coeranoscincus reticulatus,GAM_multi_with_coords,random,True,0,0.13748022650881536,-111987.574051639,6794257.38010052
205,1636,Egernia mcpheei,GAM_multi_with_coords,random,True,0,0.015247684463559629,-111987.574051639,6794257.38010052
205,1637,Eulamprus murrayi,GAM_multi_with_coords,random,True,0,0.006902987871537869,-111987.574051639,6794257.38010052
205,1638,Ophioscincus truncatus,GAM_multi_with_coords,random,True,0,0.14513003228683152,-111987.574051639,6794257.38010052
205,1639,Pseudechis porphyricaus,GAM_multi_with_coords,random,True,0,0.01784766405162088,-111987.574051639,6794257.38010052
205,1640,Saltuarius swaini,GAM_multi_with_coords,random,True,0,0.012598087061765167,-111987.574051639,6794257.38010052
209,1665,Cacophis kreftii,GAM_multi_with_coords,random,True,0,0.024090400696729564,-112530.721336831,6793024.84869485
209,1666,Calyptotis scutirostrum,GAM_multi_with_coords,random,True,0,0.04545888220350548,-112530.721336831,6793024.84869485
209,1667,Coeranoscincus reticulatus,GAM_multi_with_coords,random,True,1,0.12375035150049385,-112530.721336831,6793024.84869485
209,1668,Egernia mcpheei,GAM_multi_with_coords,random,True,0,0.013533392565625444,-112530.721336831,6793024.84869485
209,1669,Eulamprus murrayi,GAM_multi_with_coords,random,True,0,0.006121055688771246,-112530.721336831,6793024.84869485
209,1670,Ophioscincus truncatus,GAM_multi_with_coords,random,True,0,0.13075199914765884,-112530.721336831,6793024.84869485
209,1671,Pseudechis porphyricaus,GAM_multi_with_coords,random,True,0,0.015845761017252994,-112530.721336831,6793024.84869485
209,1672,Saltuarius swaini,GAM_multi_with_coords,random,True,0,0.011178306981507496,-112530.721336831,6793024.84869485
214,1705,Cacophis kreftii,GAM_multi_with_coords,random,True,0,0.04887738811875663,-110822.113763642,6787074.42336939
214,1706,Calyptotis scutirostrum,GAM_multi_with_coords,random,True,0,0.0902001051574764,-110822.113763642,6787074.42336939
214,1707,Coeranoscincus reticulatus,GAM_multi_with_coords,random,True,0,0.22720583011550438,-110822.113763642,6787074.42336939
214,1708,Egernia mcpheei,GAM_multi_with_coords,random,True,0,0.027767170227677926,-110822.113763642,6787074.42336939
214,1709,Eulamprus murrayi,GAM_multi_with_coords,random,True,0,0.012658932723731637,-110822.113763642,6787074.42336939
214,1710,Ophioscincus truncatus,GAM_multi_with_coords,random,True,0,0.23846788919969564,-110822.113763642,6787074.42336939
214,1711,Pseudechis porphyricaus,GAM_multi_with_coords,random,True,0,0.032431620615135666,-110822.113763642,6787074.42336939
214,1712,Saltuarius swaini,GAM_multi_with_coords,random,True,0,0.022992851672551176,-110822.113763642,6787074.42336939
226,1801,Cacophis kreftii,GAM_multi_with_coords,random,True,0,0.05934528485288355,-156768.616233883,6780508.50732801
226,1802,Calyptotis scutirostrum,GAM_multi_with_coords,random,True,0,0.10850830102845026,-156768.616233883,6780508.50732801
226,1803,Coeranoscincus reticulatus,GAM_multi_with_coords,random,True,1,0.2652160461078691,-156768.616233883,6780508.50732801
226,1804,Egernia mcpheei,GAM_multi_with_coords,random,True,0,0.033874989113931095,-156768.616233883,6780508.50732801
226,1805,Eulamprus murrayi,GAM_multi_with_coords,random,True,0,0.015496430888576156,-156768.616233883,6780508.50732801
226,1806,Ophioscincus truncatus,GAM_multi_with_coords,random,True,0,0.27768518403869086,-156768.616233883,6780508.50732801
226,1807,Pseudechis porphyricaus,GAM_multi_with_coords,random,True,0,0.039523747308565504,-156768.616233883,6780508.50732801
226,1808,Saltuarius swaini,GAM_multi_with_coords,random,True,0,0.028080817596332113,-156768.616233883,6780508.50732801
231,1841,Cacophis kreftii,GAM_multi_with_coords,random,True,0,0.01725916918659621,-107923.462038802,6781588.26422547
231,1842,Calyptotis scutirostrum,GAM_multi_with_coords,random,True,0,0.0327717429126997,-107923.462038802,6781588.26422547
231,1843,Coeranoscincus reticulatus,GAM_multi_with_coords,random,True,1,0.09130282477266817,-107923.462038802,6781588.26422547
231,1844,Egernia mcpheei,GAM_multi_with_coords,random,True,0,0.009666124345743167,-107923.462038802,6781588.26422547
231,1845,Eulamprus murrayi,GAM_multi_with_coords,random,True,0,0.004362550987369362,-107923.462038802,6781588.26422547
231,1846,Ophioscincus truncatus,GAM_multi_with_coords,random,True,0,0.09667116703004769,-107923.462038802,6781588.26422547
231,1847,Pseudechis porphyricaus,GAM_multi_with_coords,random,True,0,0.011325302365990145,-107923.462038802,6781588.26422547
231,1848,Saltuarius swaini,GAM_multi_with_coords,random,True,0,0.007978578980068629,-107923.462038802,6781588.26422547
232,1849,Cacophis kreftii,GAM_multi_with_coords,random,True,0,0.07039627306168907,-154268.894705046,6778832.59399199
232,1850,Calyptotis scutirostrum,GAM_multi_with_coords,random,True,0,0.1274735524304009,-154268.894705046,6778832.59399199
232,1851,Coeranoscincus reticulatus,GAM_multi_with_coords,random,True,0,0.3022837491588699,-154268.894705046,6778832.59399199
232,1852,Egernia mcpheei,GAM_multi_with_coords,random,True,0,0.04038666058486339,-154268.894705046,6778832.59399199
232,1853,Eulamprus murrayi,GAM_multi_with_coords,random,True,0,0.01854306270656465,-154268.894705046,6778832.59399199
232,1854,Ophioscincus truncatus,GAM_multi_with_coords,random,True,0,0.3157467471324033,-154268.894705046,6778832.59399199
232,1855,Pseudechis porphyricaus,GAM_multi_with_coords,random,True,0,0.04706835916763185,-154268.894705046,6778832.59399199
232,1856,Saltuarius swaini,GAM_multi_with_coords,random,True,0,0.03351733593656585,-154268.894705046,6778832.59399199
236,1881,Cacophis kreftii,GAM_multi_with_coords,random,True,0,0.04298266589074948,-157007.529503806,6769427.67794309
236,1882,Calyptotis scutirostrum,GAM_multi_with_coords,random,True,0,0.07973958365801036,-157007.529503806,6769427.67794309
236,1883,Coeranoscincus reticulatus,GAM_multi_with_coords,random,True,1,0.20442680334813548,-157007.529503806,6769427.67794309
236,1884,Egernia mcpheei,GAM_multi_with_coords,random,True,0,0.024353199460068708,-157007.529503806,6769427.67794309
236,1885,Eulamprus murrayi,GAM_multi_with_coords,random,True,0,0.011081346113624511,-157007.529503806,6769427.67794309
236,1886,Ophioscincus truncatus,GAM_multi_with_coords,random,True,0,0.21487370414018148,-157007.529503806,6769427.67794309
236,1887,Pseudechis porphyricaus,GAM_multi_with_coords,random,True,0,0.028460944481789322,-157007.529503806,6769427.67794309
236,1888,Saltuarius swaini,GAM_multi_with_coords,random,True,0,0.020153714742333313,-157007.529503806,6769427.67794309
237,1889,Cacophis kreftii,GAM_multi_with_coords,random,True,0,0.06308750821259258,-157601.945479142,6769192.74860327
237,1890,Calyptotis scutirostrum,GAM_multi_with_coords,random,True,0,0.11497175339670436,-157601.945479142,6769192.74860327
237,1891,Coeranoscincus reticulatus,GAM_multi_with_coords,random,True,1,0.27810210258221996,-157601.945479142,6769192.74860327
237,1892,Egernia mcpheei,GAM_multi_with_coords,random,True,0,0.03607268658265949,-157601.945479142,6769192.74860327
237,1893,Eulamprus murrayi,GAM_multi_with_coords,random,True,0,0.016522178965207412,-157601.945479142,6769192.74860327
237,1894,Ophioscincus truncatus,GAM_multi_with_coords,random,True,0,0.2909371975056086,-157601.945479142,6769192.74860327
237,1895,Pseudechis porphyricaus,GAM_multi_with_coords,random,True,0,0.042071958728638496,-157601.945479142,6769192.74860327
237,1896,Saltuarius swaini,GAM_multi_with_coords,random,True,0,0.029914247590234748,-157601.945479142,6769192.74860327
238,1897,Cacophis kreftii,GAM_multi_with_coords,random,True,0,0.0067319138702787405,-42631.6013249115,6774856.7836682
238,1898,Calyptotis scutirostrum,GAM_multi_with_coords,random,True,0,0.012906838921296975,-42631.6013249115,6774856.7836682
238,1899,Coeranoscincus reticulatus,GAM_multi_with_coords,random,True,0,0.03732798663631509,-42631.6013249115,6774856.7836682
238,1900,Egernia mcpheei,GAM_multi_with_coords,random,True,0,0.0037525729101864015,-42631.6013249115,6774856.7836682
238,1901,Eulamprus murrayi,GAM_multi_with_coords,random,True,0,0.0016880943892042723,-42631.6013249115,6774856.7836682
238,1902,Ophioscincus truncatus,GAM_multi_with_coords,random,True,0,0.03966127876422255,-42631.6013249115,6774856.7836682
238,1903,Pseudechis porphyricaus,GAM_multi_with_coords,random,True,0,0.004401208371797873,-42631.6013249115,6774856.7836682
238,1904,Saltuarius swaini,GAM_multi_with_coords,random,True,0,0.003094210106106455,-42631.6013249115,6774856.7836682
253,2017,Cacophis kreftii,GAM_multi_with_coords,random,True,0,0.05620787120075535,-153010.118576574,6758154.60282466
253,2018,Calyptotis scutirostrum,GAM_multi_with_coords,random,True,0,0.10305653453656648,-153010.118576574,6758154.60282466
253,2019,Coeranoscincus reticulatus,GAM_multi_with_coords,random,True,0,0.2541352984998885,-153010.118576574,6758154.60282466
253,2020,Egernia mcpheei,GAM_multi_with_coords,random,True,0,0.032038253821734274,-153010.118576574,6758154.60282466
253,2021,Eulamprus murrayi,GAM_multi_with_coords,random,True,0,0.014641097667004837,-153010.118576574,6758154.60282466
253,2022,Ophioscincus truncatus,GAM_multi_with_coords,random,True,0,0.26627226179644436,-153010.118576574,6758154.60282466
253,2023,Pseudechis porphyricaus,GAM_multi_with_coords,random,True,0,0.0373925849887547,-153010.118576574,6758154.60282466
253,2024,Saltuarius swaini,GAM_multi_with_coords,random,True,0,0.026549614558242444,-153010.118576574,6758154.60282466
260,2073,Cacophis kreftii,GAM_multi_with_coords,random,True,0,0.053426975524532405,-139702.22082351,6757637.17957907
260,2074,Calyptotis scutirostrum,GAM_multi_with_coords,random,True,0,0.09819895742733699,-139702.22082351,6757637.17957907
260,2075,Coeranoscincus reticulatus,GAM_multi_with_coords,random,True,0,0.24409455434425775,-139702.22082351,6757637.17957907
260,2076,Egernia mcpheei,GAM_multi_with_coords,random,True,0,0.03041461909221381,-139702.22082351,6757637.17957907
260,2077,Eulamprus murrayi,GAM_multi_with_coords,random,True,0,0.013886467796103004,-139702.22082351,6757637.17957907
260,2078,Ophioscincus truncatus,GAM_multi_with_coords,random,True,0,0.2559165245411107,-139702.22082351,6757637.17957907
260,2079,Pseudechis porphyricaus,GAM_multi_with_coords,random,True,0,0.035507557210905295,-139702.22082351,6757637.17957907
260,2080,Saltuarius swaini,GAM_multi_with_coords,random,True,0,0.025196892533258776,-139702.22082351,6757637.17957907
261,2081,Cacophis kreftii,GAM_multi_with_coords,random,True,0,0.04818278934754912,-149531.814001847,6756925.32438673
261,2082,Calyptotis scutirostrum,GAM_multi_with_coords,random,True,0,0.08897320092864652,-149531.814001847,6756925.32438673
261,2083,Coeranoscincus reticulatus,GAM_multi_with_coords,random,True,0,0.22457537116367102,-149531.814001847,6756925.32438673
261,2084,Egernia mcpheei,GAM_multi_with_coords,random,True,0,0.02736393872235996,-149531.814001847,6756925.32438673
261,2085,Eulamprus murrayi,GAM_multi_with_coords,random,True,0,0.012472286653244468,-149531.814001847,6756925.32438673
261,2086,Ophioscincus truncatus,GAM_multi_with_coords,random,True,0,0.2357468197325388,-149531.814001847,6756925.32438673
261,2087,Pseudechis porphyricaus,GAM_multi_with_coords,random,True,0,0.03196287941331081,-149531.814001847,6756925.32438673
261,2088,Saltuarius swaini,GAM_multi_with_coords,random,True,0,0.022657336501958846,-149531.814001847,6756925.32438673
279,2225,Cacophis kreftii,GAM_multi_with_coords,random,True,0,0.032219278345753305,-165065.597196224,6745863.85427266
279,2226,Calyptotis scutirostrum,GAM_multi_with_coords,random,True,0,0.06035226730410869,-165065.597196224,6745863.85427266
279,2227,Coeranoscincus reticulatus,GAM_multi_with_coords,random,True,0,0.15999452129833955,-165065.597196224,6745863.85427266
279,2228,Egernia mcpheei,GAM_multi_with_coords,random,True,0,0.018166306239395965,-165065.597196224,6745863.85427266
279,2229,Eulamprus murrayi,GAM_multi_with_coords,random,True,0,0.008237678790376346,-165065.597196224,6745863.85427266
279,2230,Ophioscincus truncatus,GAM_multi_with_coords,random,True,0,0.16865213111211108,-165065.597196224,6745863.85427266
279,2231,Pseudechis porphyricaus,GAM_multi_with_coords,random,True,0,0.02125321765499398,-165065.597196224,6745863.85427266
279,2232,Saltuarius swaini,GAM_multi_with_coords,random,True,0,0.015017272783569716,-165065.597196224,6745863.85427266
282,2249,Cacophis kreftii,GAM_multi_with_coords,random,True,0,0.004839439247699969,-48676.0066271106,6751433.87966314
282,2250,Calyptotis scutirostrum,GAM_multi_with_coords,random,True,0,0.009294714281878674,-48676.0066271106,6751433.87966314
282,2251,Coeranoscincus reticulatus,GAM_multi_with_coords,random,True,0,0.027068749305149527,-48676.0066271106,6751433.87966314
282,2252,Egernia mcpheei,GAM_multi_with_coords,random,True,0,0.002695377354880509,-48676.0066271106,6751433.87966314
282,2253,Eulamprus murrayi,GAM_multi_with_coords,random,True,0,0.0012118076573457363,-48676.0066271106,6751433.87966314
282,2254,Ophioscincus truncatus,GAM_multi_with_coords,random,True,0,0.028779930299136638,-48676.0066271106,6751433.87966314
282,2255,Pseudechis porphyricaus,GAM_multi_with_coords,random,True,0,0.003161855618518488,-48676.0066271106,6751433.87966314
282,2256,Saltuarius swaini,GAM_multi_with_coords,random,True,0,0.002222078456057522,-48676.0066271106,6751433.87966314
283,2257,Cacophis kreftii,GAM_multi_with_coords,random,True,0,0.02663142756318129,-144358.241751465,6746321.2757456
283,2258,Calyptotis scutirostrum,GAM_multi_with_coords,random,True,0,0.050138034318283516,-144358.241751465,6746321.2757456
283,2259,Coeranoscincus reticulatus,GAM_multi_with_coords,random,True,0,0.13534551700647904,-144358.241751465,6746321.2757456
283,2260,Egernia mcpheei,GAM_multi_with_coords,random,True,0,0.014977969037042552,-144358.241751465,6746321.2757456
283,2261,Eulamprus murrayi,GAM_multi_with_coords,random,True,0,0.006779865046356599,-144358.241751465,6746321.2757456
283,2262,Ophioscincus truncatus,GAM_multi_with_coords,random,True,0,0.14289622013568096,-144358.241751465,6746321.2757456
283,2263,Pseudechis porphyricaus,GAM_multi_with_coords,random,True,0,0.017532776566828858,-144358.241751465,6746321.2757456
283,2264,Saltuarius swaini,GAM_multi_with_coords,random,True,0,0.012374651250930378,-144358.241751465,6746321.2757456
285,2273,Cacophis kreftii,GAM_multi_with_coords,random,True,0,0.004770035367039786,-48666.355678597,6751233.93894705
285,2274,Calyptotis scutirostrum,GAM_multi_with_coords,random,True,0,0.009162004185358646,-48666.355678597,6751233.93894705
285,2275,Coeranoscincus reticulatus,GAM_multi_with_coords,random,True,0,0.026689097869433753,-48666.355678597,6751233.93894705
285,2276,Egernia mcpheei,GAM_multi_with_coords,random,True,0,0.0026566400372533415,-48666.355678597,6751233.93894705
285,2277,Eulamprus murrayi,GAM_multi_with_coords,random,True,0,0.0011943663134842577,-48666.355678597,6751233.93894705
285,2278,Ophioscincus truncatus,GAM_multi_with_coords,random,True,0,0.028376978775067185,-48666.355678597,6751233.93894705
285,2279,Pseudechis porphyricaus,GAM_multi_with_coords,random,True,0,0.003116435136440539,-48666.355678597,6751233.93894705
285,2280,Saltuarius swaini,GAM_multi_with_coords,random,True,0,0.002190128338999437,-48666.355678597,6751233.93894705
290,2313,Cacophis kreftii,GAM_multi_with_coords,random,True,0,0.005423776599047866,-54841.9600197467,6750321.73267861
290,2314,Calyptotis scutirostrum,GAM_multi_with_coords,random,True,0,0.01041137508392501,-54841.9600197467,6750321.73267861
290,2315,Coeranoscincus reticulatus,GAM_multi_with_coords,random,True,0,0.030255558207737447,-54841.9600197467,6750321.73267861
290,2316,Egernia mcpheei,GAM_multi_with_coords,random,True,0,0.0030216163345674913,-54841.9600197467,6750321.73267861
290,2317,Eulamprus murrayi,GAM_multi_with_coords,random,True,0,0.0013587252275221843,-54841.9600197467,6750321.73267861
290,2318,Ophioscincus truncatus,GAM_multi_with_coords,random,True,0,0.03216153740819522,-54841.9600197467,6750321.73267861
290,2319,Pseudechis porphyricaus,GAM_multi_with_coords,random,True,0,0.0035443548256515922,-54841.9600197467,6750321.73267861
290,2320,Saltuarius swaini,GAM_multi_with_coords,random,True,0,0.002491174100553354,-54841.9600197467,6750321.73267861
303,2417,Cacophis kreftii,GAM_multi_with_coords,random,True,0,0.011153780769935749,-86896.2863933826,6740221.21400845
303,2418,Calyptotis scutirostrum,GAM_multi_with_coords,random,True,0,0.02129774455471947,-86896.2863933826,6740221.21400845
303,2419,Coeranoscincus reticulatus,GAM_multi_with_coords,random,True,0,0.060620376945480024,-86896.2863933826,6740221.21400845
303,2420,Egernia mcpheei,GAM_multi_with_coords,random,True,0,0.006229729706782794,-86896.2863933826,6740221.21400845
303,2421,Eulamprus murrayi,GAM_multi_with_coords,random,True,0,0.00280628185066007,-86896.2863933826,6740221.21400845
303,2422,Ophioscincus truncatus,GAM_multi_with_coords,random,True,0,0.06431235945722895,-86896.2863933826,6740221.21400845
303,2423,Pseudechis porphyricaus,GAM_multi_with_coords,random,True,0,0.007303404914143153,-86896.2863933826,6740221.21400845
303,2424,Saltuarius swaini,GAM_multi_with_coords,random,True,0,0.005139008805960474,-86896.2863933826,6740221.21400845
307,2449,Cacophis kreftii,GAM_multi_with_coords,random,True,0,0.01696159103832795,-75230.2145233742,6740017.73560779
307,2450,Calyptotis scutirostrum,GAM_multi_with_coords,random,True,0,0.03221546876163748,-75230.2145233742,6740017.73560779
307,2451,Coeranoscincus reticulatus,GAM_multi_with_coords,random,True,0,0.08984531966607147,-75230.2145233742,6740017.73560779
307,2452,Egernia mcpheei,GAM_multi_with_coords,random,True,0,0.009498198203262906,-75230.2145233742,6740017.73560779
307,2453,Eulamprus murrayi,GAM_multi_with_coords,random,True,0,0.004286363151933523,-75230.2145233742,6740017.73560779
307,2454,Ophioscincus truncatus,GAM_multi_with_coords,random,True,0,0.09513693697521566,-75230.2145233742,6740017.73560779
307,2455,Pseudechis porphyricaus,GAM_multi_with_coords,random,True,0,0.011128875826662705,-75230.2145233742,6740017.73560779
307,2456,Saltuarius swaini,GAM_multi_with_coords,random,True,0,0.007839737881481774,-75230.2145233742,6740017.73560779
308,2457,Cacophis kreftii,GAM_multi_with_coords,random,True,0,0.031627625095214294,-164907.141677267,6734992.82147675
308,2458,Calyptotis scutirostrum,GAM_multi_with_coords,random,True,0,0.05927564088057139,-164907.141677267,6734992.82147675
308,2459,Coeranoscincus reticulatus,GAM_multi_with_coords,random,True,0,0.15743819709187298,-164907.141677267,6734992.82147675
308,2460,Egernia mcpheei,GAM_multi_with_coords,random,True,0,0.017827958520537125,-164907.141677267,6734992.82147675
308,2461,Eulamprus murrayi,GAM_multi_with_coords,random,True,0,0.00808272958266704,-164907.141677267,6734992.82147675
308,2462,Ophioscincus truncatus,GAM_multi_with_coords,random,True,0,0.16598481279802196,-164907.141677267,6734992.82147675
308,2463,Pseudechis porphyricaus,GAM_multi_with_coords,random,True,0,0.02085859759421989,-164907.141677267,6734992.82147675
308,2464,Saltuarius swaini,GAM_multi_with_coords,random,True,0,0.014736695547894777,-164907.141677267,6734992.82147675
322,2569,Cacophis kreftii,GAM_multi_with_coords,random,True,0,0.0380880866105841,-148858.437557277,6712675.66874389
322,2570,Calyptotis scutirostrum,GAM_multi_with_coords,random,True,0,0.0709697667393462,-148858.437557277,6712675.66874389
322,2571,Coeranoscincus reticulatus,GAM_multi_with_coords,random,True,0,0.1846960298741971,-148858.437557277,6712675.66874389
322,2572,Egernia mcpheei,GAM_multi_with_coords,random,True,0,0.021532289396611917,-148858.437557277,6712675.66874389
322,2573,Eulamprus murrayi,GAM_multi_with_coords,random,True,0,0.009782343869291341,-148858.437557277,6712675.66874389
322,2574,Ophioscincus truncatus,GAM_multi_with_coords,random,True,0,0.19438097983025823,-148858.437557277,6712675.66874389
322,2575,Pseudechis porphyricaus,GAM_multi_with_coords,random,True,0,0.02517649932539691,-148858.437557277,6712675.66874389
322,2576,Saltuarius swaini,GAM_multi_with_coords,random,True,0,0.017810364684145794,-148858.437557277,6712675.66874389
328,2617,Cacophis kreftii,GAM_multi_with_coords,random,True,0,0.03272766565333828,-160137.175183615,6708870.73185706
328,2618,Calyptotis scutirostrum,GAM_multi_with_coords,random,True,0,0.061276457642898054,-160137.175183615,6708870.73185706
328,2619,Coeranoscincus reticulatus,GAM_multi_with_coords,random,True,0,0.16218120181809775,-160137.175183615,6708870.73185706
328,2620,Egernia mcpheei,GAM_multi_with_coords,random,True,0,0.01845718097759337,-160137.175183615,6708870.73185706
328,2621,Eulamprus murrayi,GAM_multi_with_coords,random,True,0,0.008370934008930615,-160137.175183615,6708870.73185706
328,2622,Ophioscincus truncatus,GAM_multi_with_coords,random,True,0,0.17093305900249373,-160137.175183615,6708870.73185706
328,2623,Pseudechis porphyricaus,GAM_multi_with_coords,random,True,0,0.021592432318273208,-160137.175183615,6708870.73185706
328,2624,Saltuarius swaini,GAM_multi_with_coords,random,True,0,0.015258509512229216,-160137.175183615,6708870.73185706
329,2625,Cacophis kreftii,GAM_multi_with_coords,random,True,0,0.032340979450482046,-161729.965162506,6708587.05668997
329,2626,Calyptotis scutirostrum,GAM_multi_with_coords,random,True,0,0.060573583257539206,-161729.965162506,6708587.05668997
329,2627,Coeranoscincus reticulatus,GAM_multi_with_coords,random,True,0,0.16051881234566817,-161729.965162506,6708587.05668997
329,2628,Egernia mcpheei,GAM_multi_with_coords,random,True,0,0.018235925615859565,-161729.965162506,6708587.05668997
329,2629,Eulamprus murrayi,GAM_multi_with_coords,random,True,0,0.008269568815076251,-161729.965162506,6708587.05668997
329,2630,Ophioscincus truncatus,GAM_multi_with_coords,random,True,0,0.169199078012467,-161729.965162506,6708587.05668997
329,2631,Pseudechis porphyricaus,GAM_multi_with_coords,random,True,0,0.021334410053453805,-161729.965162506,6708587.05668997
329,2632,Saltuarius swaini,GAM_multi_with_coords,random,True,0,0.015075009301600346,-161729.965162506,6708587.05668997
339,2705,Cacophis kreftii,GAM_multi_with_coords,random,True,0,0.004111003869659382,-50204.0063193176,6710952.93925814
339,2706,Calyptotis scutirostrum,GAM_multi_with_coords,random,True,0,0.007900992416790922,-50204.0063193176,6710952.93925814
339,2707,Coeranoscincus reticulatus,GAM_multi_with_coords,random,True,0,0.02307191782131186,-50204.0063193176,6710952.93925814
339,2708,Egernia mcpheei,GAM_multi_with_coords,random,True,0,0.0022889252074776035,-50204.0063193176,6710952.93925814
339,2709,Eulamprus murrayi,GAM_multi_with_coords,random,True,0,0.0010288411084642506,-50204.0063193176,6710952.93925814
339,2710,Ophioscincus truncatus,GAM_multi_with_coords,random,True,0,0.024536806736964525,-50204.0063193176,6710952.93925814
339,2711,Pseudechis porphyricaus,GAM_multi_with_coords,random,True,0,0.0026852498099454516,-50204.0063193176,6710952.93925814
339,2712,Saltuarius swaini,GAM_multi_with_coords,random,True,0,0.001886862861223986,-50204.0063193176,6710952.93925814
352,2809,Cacophis kreftii,GAM_multi_with_coords,random,True,0,0.013708754716445082,-161130.645593128,6697139.33525593
352,2810,Calyptotis scutirostrum,GAM_multi_with_coords,random,True,0,0.026115008917579067,-161130.645593128,6697139.33525593
352,2811,Coeranoscincus reticulatus,GAM_multi_with_coords,random,True,0,0.0736624638180361,-161130.645593128,6697139.33525593
352,2812,Egernia mcpheei,GAM_multi_with_coords,random,True,0,0.007665505034080027,-161130.645593128,6697139.33525593
352,2813,Eulamprus murrayi,GAM_multi_with_coords,random,True,0,0.0034557936570551047,-161130.645593128,6697139.33525593
352,2814,Ophioscincus truncatus,GAM_multi_with_coords,random,True,0,0.07808272876760934,-161130.645593128,6697139.33525593
352,2815,Pseudechis porphyricaus,GAM_multi_with_coords,random,True,0,0.008984394668225855,-161130.645593128,6697139.33525593
352,2816,Saltuarius swaini,GAM_multi_with_coords,random,True,0,0.006325003967595528,-161130.645593128,6697139.33525593
354,2825,Cacophis kreftii,GAM_multi_with_coords,random,True,0,0.006753283763789204,-54397.1023715114,6702694.88150925
354,2826,Calyptotis scutirostrum,GAM_multi_with_coords,random,True,0,0.012947555079004566,-54397.1023715114,6702694.88150925
354,2827,Coeranoscincus reticulatus,GAM_multi_with_coords,random,True,0,0.03744281991718895,-54397.1023715114,6702694.88150925
354,2828,Egernia mcpheei,GAM_multi_with_coords,random,True,0,0.003764520981677598,-54397.1023715114,6702694.88150925
354,2829,Eulamprus murrayi,GAM_multi_with_coords,random,True,0,0.001693480401034229,-54397.1023715114,6702694.88150925
354,2830,Ophioscincus truncatus,GAM_multi_with_coords,random,True,0,0.039782993392057146,-54397.1023715114,6702694.88150925
354,2831,Pseudechis porphyricaus,GAM_multi_with_coords,random,True,1,0.0044152125249479895,-54397.1023715114,6702694.88150925
354,2832,Saltuarius swaini,GAM_multi_with_coords,random,True,0,0.0031040685028736253,-54397.1023715114,6702694.88150925
369,2945,Cacophis kreftii,GAM_multi_with_coords,random,True,0,0.015983354129363303,-115761.593020762,6695476.19653521
369,2946,Calyptotis scutirostrum,GAM_multi_with_coords,random,True,0,0.030384677052255938,-115761.593020762,6695476.19653521
369,2947,Coeranoscincus reticulatus,GAM_multi_with_coords,random,True,0,0.08502718804824551,-115761.593020762,6695476.19653521
369,2948,Egernia mcpheei,GAM_multi_with_coords,random,True,0,0.00894648503974186,-115761.593020762,6695476.19653521
369,2949,Eulamprus murrayi,GAM_multi_with_coords,random,True,0,0.004036151488899767,-115761.593020762,6695476.19653521
369,2950,Ophioscincus truncatus,GAM_multi_with_coords,random,True,0,0.09006311239810938,-115761.593020762,6695476.19653521
369,2951,Pseudechis porphyricaus,GAM_multi_with_coords,random,True,0,0.010483445492132593,-115761.593020762,6695476.19653521
369,2952,Saltuarius swaini,GAM_multi_with_coords,random,True,0,0.00738364007541596,-115761.593020762,6695476.19653521
372,2969,Cacophis kreftii,GAM_multi_with_coords,random,True,0,0.00596288292846232,-51958.1449948344,6698406.00349235
372,2970,Calyptotis scutirostrum,GAM_multi_with_coords,random,True,0,0.011440530419721802,-51958.1449948344,6698406.00349235
372,2971,Coeranoscincus reticulatus,GAM_multi_with_coords,random,True,0,0.03318052269505626,-51958.1449948344,6698406.00349235
372,2972,Egernia mcpheei,GAM_multi_with_coords,random,True,0,0.0033227531823571237,-51958.1449948344,6698406.00349235
372,2973,Eulamprus murrayi,GAM_multi_with_coords,random,True,0,0.0014943853444073136,-51958.1449948344,6698406.00349235
372,2974,Ophioscincus truncatus,GAM_multi_with_coords,random,True,0,0.03526406244188869,-51958.1449948344,6698406.00349235
372,2975,Pseudechis porphyricaus,GAM_multi_with_coords,random,True,0,0.0038973845793089765,-51958.1449948344,6698406.00349235
372,2976,Saltuarius swaini,GAM_multi_with_coords,random,True,0,0.002739591890820866,-51958.1449948344,6698406.00349235
379,3025,Cacophis kreftii,GAM_multi_with_coords,random,True,0,0.01648903632694607,-170997.113124586,6685555.44783591
379,3026,Calyptotis scutirostrum,GAM_multi_with_coords,random,True,0,0.031331481626483415,-170997.113124586,6685555.44783591
379,3027,Coeranoscincus reticulatus,GAM_multi_with_coords,random,True,0,0.08752299094600624,-170997.113124586,6685555.44783591
379,3028,Egernia mcpheei,GAM_multi_with_coords,random,True,0,0.009231623049375531,-170997.113124586,6685555.44783591
379,3029,Eulamprus murrayi,GAM_multi_with_coords,random,True,0,0.004165447517776811,-170997.113124586,6685555.44783591
379,3030,Ophioscincus truncatus,GAM_multi_with_coords,random,True,0,0.09269175985104644,-170997.113124586,6685555.44783591
379,3031,Pseudechis porphyricaus,GAM_multi_with_coords,random,True,0,0.010817034097532784,-170997.113124586,6685555.44783591
379,3032,Saltuarius swaini,GAM_multi_with_coords,random,True,0,0.007619350799930967,-170997.113124586,6685555.44783591
380,3033,Cacophis kreftii,GAM_multi_with_coords,random,True,0,0.017769127032789146,-171751.567168655,6684505.22516541
380,3034,Calyptotis scutirostrum,GAM_multi_with_coords,random,True,0,0.033724322780377146,-171751.567168655,6684505.22516541
380,3035,Coeranoscincus reticulatus,GAM_multi_with_coords,random,True,0,0.09379175678845968,-171751.567168655,6684505.22516541
380,3036,Egernia mcpheei,GAM_multi_with_coords,random,True,0,0.009954002402014779,-171751.567168655,6684505.22516541
380,3037,Eulamprus murrayi,GAM_multi_with_coords,random,True,0,0.004493193811807905,-171751.567168655,6684505.22516541
380,3038,Ophioscincus truncatus,GAM_multi_with_coords,random,True,0,0.0992904507299632,-171751.567168655,6684505.22516541
380,3039,Pseudechis porphyricaus,GAM_multi_with_coords,random,True,0,0.01166201243638308,-171751.567168655,6684505.22516541
380,3040,Saltuarius swaini,GAM_multi_with_coords,random,True,0,0.008216615278650754,-171751.567168655,6684505.22516541
381,3041,Cacophis kreftii,GAM_multi_with_coords,random,True,0,0.015818444588820375,-170101.851938007,6683790.0457837
381,3042,Calyptotis scutirostrum,GAM_multi_with_coords,random,True,0,0.03007572214826143,-170101.851938007,6683790.0457837
381,3043,Coeranoscincus reticulatus,GAM_multi_with_coords,random,True,0,0.08421087650811558,-170101.851938007,6683790.0457837
381,3044,Egernia mcpheei,GAM_multi_with_coords,random,True,0,0.008853525723917986,-170101.851938007,6683790.0457837
381,3045,Eulamprus murrayi,GAM_multi_with_coords,random,True,0,0.003994007848491042,-170101.851938007,6683790.0457837
381,3046,Ophioscincus truncatus,GAM_multi_with_coords,random,True,1,0.08920316655507946,-170101.851938007,6683790.0457837
381,3047,Pseudechis porphyricaus,GAM_multi_with_coords,random,True,0,0.010374683419156237,-170101.851938007,6683790.0457837
381,3048,Saltuarius swaini,GAM_multi_with_coords,random,True,0,0.007306799925500853,-170101.851938007,6683790.0457837
384,3065,Cacophis kreftii,GAM_multi_with_coords,random,True,0,0.035847658104324685,-153569.490242912,6679419.46406309
384,3066,Calyptotis scutirostrum,GAM_multi_with_coords,random,True,0,0.06692974225325905,-153569.490242912,6679419.46406309
384,3067,Coeranoscincus reticulatus,GAM_multi_with_coords,random,True,0,0.1754043362755386,-153569.490242912,6679419.46406309
384,3068,Egernia mcpheei,GAM_multi_with_coords,random,True,0,0.020245214336629295,-153569.490242912,6679419.46406309
384,3069,Eulamprus murrayi,GAM_multi_with_coords,random,True,0,0.009191014928573394,-153569.490242912,6679419.46406309
384,3070,Ophioscincus truncatus,GAM_multi_with_coords,random,True,0,0.1847124407812208,-153569.490242912,6679419.46406309
384,3071,Pseudechis porphyricaus,GAM_multi_with_coords,random,True,0,0.02367686560645701,-153569.490242912,6679419.46406309
384,3072,Saltuarius swaini,GAM_multi_with_coords,random,True,0,0.016741958009298237,-153569.490242912,6679419.46406309
394,3145,Cacophis kreftii,GAM_multi_with_coords,random,True,0,0.03420956001838223,-157694.599141127,6669935.38089694
394,3146,Calyptotis scutirostrum,GAM_multi_with_coords,random,True,0,0.06396554432151745,-157694.599141127,6669935.38089694
394,3147,Coeranoscincus reticulatus,GAM_multi_with_coords,random,True,0,0.16850357628065776,-157694.599141127,6669935.38089694
394,3148,Egernia mcpheei,GAM_multi_with_coords,random,True,0,0.019305810795608086,-157694.599141127,6669935.38089694
394,3149,Eulamprus murrayi,GAM_multi_with_coords,random,True,0,0.008759954136622207,-157694.599141127,6669935.38089694
394,3150,Ophioscincus truncatus,GAM_multi_with_coords,random,True,0,0.17752431903014843,-157694.599141127,6669935.38089694
394,3151,Pseudechis porphyricaus,GAM_multi_with_coords,random,True,0,0.022581899192153646,-157694.599141127,6669935.38089694
394,3152,Saltuarius swaini,GAM_multi_with_coords,random,True,0,0.015962461587204078,-157694.599141127,6669935.38089694
395,3153,Cacophis kreftii,GAM_multi_with_coords,random,True,0,0.0393489854204721,-156289.421979757,6670007.80018539
395,3154,Calyptotis scutirostrum,GAM_multi_with_coords,random,True,0,0.07323632982629436,-156289.421979757,6670007.80018539
395,3155,Coeranoscincus reticulatus,GAM_multi_with_coords,random,True,0,0.18985243609435978,-156289.421979757,6670007.80018539
395,3156,Egernia mcpheei,GAM_multi_with_coords,random,True,0,0.022257793718624654,-156289.421979757,6670007.80018539
395,3157,Eulamprus murrayi,GAM_multi_with_coords,random,True,0,0.010116041132348678,-156289.421979757,6670007.80018539
395,3158,Ophioscincus truncatus,GAM_multi_with_coords,random,True,0,0.19974153140361317,-156289.421979757,6670007.80018539
395,3159,Pseudechis porphyricaus,GAM_multi_with_coords,random,True,0,0.026021525449059675,-156289.421979757,6670007.80018539
395,3160,Saltuarius swaini,GAM_multi_with_coords,random,True,0,0.01841282316370453,-156289.421979757,6670007.80018539
396,3161,Cacophis kreftii,GAM_multi_with_coords,random,True,0,0.04576545575243412,-122906.583332893,6670557.67612587
396,3162,Calyptotis scutirostrum,GAM_multi_with_coords,random,True,0,0.08469150102284621,-122906.583332893,6670557.67612587
396,3163,Coeranoscincus reticulatus,GAM_multi_with_coords,random,True,1,0.21531028199657418,-122906.583332893,6670557.67612587
396,3164,Egernia mcpheei,GAM_multi_with_coords,random,True,0,0.025962597949989976,-122906.583332893,6670557.67612587
396,3165,Eulamprus murrayi,GAM_multi_with_coords,random,True,0,0.011824294463297788,-122906.583332893,6670557.67612587
396,3166,Ophioscincus truncatus,GAM_multi_with_coords,random,True,0,0.22615526095846733,-122906.583332893,6670557.67612587
396,3167,Pseudechis porphyricaus,GAM_multi_with_coords,random,True,0,0.030333366286601673,-122906.583332893,6670557.67612587
396,3168,Saltuarius swaini,GAM_multi_with_coords,random,True,0,0.021491700685564483,-122906.583332893,6670557.67612587
400,3193,Cacophis kreftii,GAM_multi_with_coords,random,True,0,0.030682542048735367,-125067.694169073,6669443.0445974
400,3194,Calyptotis scutirostrum,GAM_multi_with_coords,random,True,0,0.05755349347050593,-125067.694169073,6669443.0445974
400,3195,Coeranoscincus reticulatus,GAM_multi_with_coords,random,True,1,0.1533289507859299,-125067.694169073,6669443.0445974
400,3196,Egernia mcpheei,GAM_multi_with_coords,random,True,0,0.01728786957582842,-125067.694169073,6669443.0445974
400,3197,Eulamprus murrayi,GAM_multi_with_coords,random,True,0,0.007835512154909076,-125067.694169073,6669443.0445974
400,3198,Ophioscincus truncatus,GAM_multi_with_coords,random,True,0,0.16169530355552234,-125067.694169073,6669443.0445974
400,3199,Pseudechis porphyricaus,GAM_multi_with_coords,random,True,0,0.020228587910600258,-125067.694169073,6669443.0445974
400,3200,Saltuarius swaini,GAM_multi_with_coords,random,True,0,0.014288892425434468,-125067.694169073,6669443.0445974
403,3217,Cacophis kreftii,GAM_multi_with_coords,random,True,0,0.008560846018883489,-58257.6048943475,6672743.96684541
403,3218,Calyptotis scutirostrum,GAM_multi_with_coords,random,True,0,0.016385704905547253,-58257.6048943475,6672743.96684541
403,3219,Coeranoscincus reticulatus,GAM_multi_with_coords,random,True,0,0.047075326631651745,-58257.6048943475,6672743.96684541
403,3220,Egernia mcpheei,GAM_multi_with_coords,random,True,0,0.004775967156383963,-58257.6048943475,6672743.96684541
403,3221,Eulamprus murrayi,GAM_multi_with_coords,random,True,0,0.0021496830195967768,-58257.6048943475,6672743.96684541
403,3222,Ophioscincus truncatus,GAM_multi_with_coords,random,True,0,0.049986267175166535,-58257.6048943475,6672743.96684541
403,3223,Pseudechis porphyricaus,GAM_multi_with_coords,random,True,0,0.005600502765202005,-58257.6048943475,6672743.96684541
403,3224,Saltuarius swaini,GAM_multi_with_coords,random,True,0,0.0039387668124322255,-58257.6048943475,6672743.96684541
407,3249,Cacophis kreftii,GAM_multi_with_coords,random,True,0,0.05619919804597107,-125225.02885331,6668620.03383924
407,3250,Calyptotis scutirostrum,GAM_multi_with_coords,random,True,0,0.1030414216459199,-125225.02885331,6668620.03383924
407,3251,Coeranoscincus reticulatus,GAM_multi_with_coords,random,True,0,0.254104306991923,-125225.02885331,6668620.03383924
407,3252,Egernia mcpheei,GAM_multi_with_coords,random,True,0,0.03203318357697674,-125225.02885331,6668620.03383924
407,3253,Eulamprus murrayi,GAM_multi_with_coords,random,True,0,0.014638738988552107,-125225.02885331,6668620.03383924
407,3254,Ophioscincus truncatus,GAM_multi_with_coords,random,True,0,0.26624031852517777,-125225.02885331,6668620.03383924
407,3255,Pseudechis porphyricaus,GAM_multi_with_coords,random,True,0,0.037386700117515353,-125225.02885331,6668620.03383924
407,3256,Saltuarius swaini,GAM_multi_with_coords,random,True,0,0.026545389102621584,-125225.02885331,6668620.03383924
413,3297,Cacophis kreftii,GAM_multi_with_coords,random,True,0,0.04116958081925891,-120072.988069293,6666279.06080417
413,3298,Calyptotis scutirostrum,GAM_multi_with_coords,random,True,0,0.07649996485935,-120072.988069293,6666279.06080417
413,3299,Coeranoscincus reticulatus,GAM_multi_with_coords,random,True,1,0.19720701549365754,-120072.988069293,6666279.06080417
413,3300,Egernia mcpheei,GAM_multi_with_coords,random,True,0,0.023306800691572933,-120072.988069293,6666279.06080417
413,3301,Eulamprus murrayi,GAM_multi_with_coords,random,True,0,0.010599012099044425,-120072.988069293,6666279.06080417
413,3302,Ophioscincus truncatus,GAM_multi_with_coords,random,True,0,0.20738113593426682,-120072.988069293,6666279.06080417
413,3303,Pseudechis porphyricaus,GAM_multi_with_coords,random,True,1,0.02724297413559327,-120072.988069293,6666279.06080417
413,3304,Saltuarius swaini,GAM_multi_with_coords,random,True,0,0.019284191262970943,-120072.988069293,6666279.06080417
415,3313,Cacophis kreftii,GAM_multi_with_coords,random,True,0,0.027224268402448487,-178654.150282374,6662593.67423277
415,3314,Calyptotis scutirostrum,GAM_multi_with_coords,random,True,0,0.051226615281589456,-178654.150282374,6662593.67423277
415,3315,Coeranoscincus reticulatus,GAM_multi_with_coords,random,True,0,0.1380152902506745,-178654.150282374,6662593.67423277
415,3316,Egernia mcpheei,GAM_multi_with_coords,random,True,0,0.015315474634674631,-178654.150282374,6662593.67423277
415,3317,Eulamprus murrayi,GAM_multi_with_coords,random,True,0,0.006933939319515178,-178654.150282374,6662593.67423277
415,3318,Ophioscincus truncatus,GAM_multi_with_coords,random,True,0,0.14568983962176207,-178654.150282374,6662593.67423277
415,3319,Pseudechis porphyricaus,GAM_multi_with_coords,random,True,0,0.017926803125205736,-178654.150282374,6662593.67423277
415,3320,Saltuarius swaini,GAM_multi_with_coords,random,True,0,0.012654248676787657,-178654.150282374,6662593.67423277
420,3353,Cacophis kreftii,GAM_multi_with_coords,random,True,0,0.05571954809631331,-125379.598774365,6663983.11844257
420,3354,Calyptotis scutirostrum,GAM_multi_with_coords,random,True,0,0.10220527552984393,-125379.598774365,6663983.11844257
420,3355,Coeranoscincus reticulatus,GAM_multi_with_coords,random,True,1,0.25238726069543704,-125379.598774365,6663983.11844257
420,3356,Egernia mcpheei,GAM_multi_with_coords,random,True,0,0.03175284709627826,-125379.598774365,6663983.11844257
420,3357,Eulamprus murrayi,GAM_multi_with_coords,random,True,0,0.01450834730189246,-125379.598774365,6663983.11844257
420,3358,Ophioscincus truncatus,GAM_multi_with_coords,random,True,0,0.26447034284770726,-125379.598774365,6663983.11844257
420,3359,Pseudechis porphyricaus,GAM_multi_with_coords,random,True,0,0.037061306478824815,-125379.598774365,6663983.11844257
420,3360,Saltuarius swaini,GAM_multi_with_coords,random,True,0,0.026311773255102193,-125379.598774365,6663983.11844257
422,3369,Cacophis kreftii,GAM_multi_with_coords,random,True,0,0.045114405192575376,-125514.62268173,6662771.00533564
422,3370,Calyptotis scutirostrum,GAM_multi_with_coords,random,True,0,0.0835351725609072,-125514.62268173,6662771.00533564
422,3371,Coeranoscincus reticulatus,GAM_multi_with_coords,random,True,1,0.21278515264725525,-125514.62268173,6662771.00533564
422,3372,Egernia mcpheei,GAM_multi_with_coords,random,True,0,0.02558570555198257,-125514.62268173,6662771.00533564
422,3373,Eulamprus murrayi,GAM_multi_with_coords,random,True,0,0.01165018935914819,-125514.62268173,6662771.00533564
422,3374,Ophioscincus truncatus,GAM_multi_with_coords,random,True,0,0.22353917610226437,-125514.62268173,6662771.00533564
422,3375,Pseudechis porphyricaus,GAM_multi_with_coords,random,True,0,0.02989497193663516,-125514.62268173,6662771.00533564
422,3376,Saltuarius swaini,GAM_multi_with_coords,random,True,0,0.021178299990162977,-125514.62268173,6662771.00533564
427,3409,Cacophis kreftii,GAM_multi_with_coords,random,True,0,0.03517085550911395,-128408.296244871,6660409.13008774
427,3410,Calyptotis scutirostrum,GAM_multi_with_coords,random,True,0,0.06570610278282044,-128408.296244871,6660409.13008774
427,3411,Coeranoscincus reticulatus,GAM_multi_with_coords,random,True,1,0.17256429011846156,-128408.296244871,6660409.13008774
427,3412,Egernia mcpheei,GAM_multi_with_coords,random,True,0,0.019856918556753336,-128408.296244871,6660409.13008774
427,3413,Eulamprus murrayi,GAM_multi_with_coords,random,True,0,0.009012784301048137,-128408.296244871,6660409.13008774
427,3414,Ophioscincus truncatus,GAM_multi_with_coords,random,True,0,0.18175490251950607,-128408.296244871,6660409.13008774
427,3415,Pseudechis porphyricaus,GAM_multi_with_coords,random,True,0,0.023224312173992807,-128408.296244871,6660409.13008774
427,3416,Saltuarius swaini,GAM_multi_with_coords,random,True,0,0.016419727341909707,-128408.296244871,6660409.13008774
447,3569,Cacophis kreftii,GAM_multi_with_coords,random,True,0,0.01075340643641478,-134779.996572383,6651420.87222455
447,3570,Calyptotis scutirostrum,GAM_multi_with_coords,random,True,0,0.020540807926373507,-134779.996572383,6651420.87222455
447,3571,Coeranoscincus reticulatus,GAM_multi_with_coords,random,True,0,0.05854949335305202,-134779.996572383,6651420.87222455
447,3572,Egernia mcpheei,GAM_multi_with_coords,random,True,0,0.006005034944080103,-134779.996572383,6651420.87222455
447,3573,Eulamprus murrayi,GAM_multi_with_coords,random,True,0,0.0027047284178012758,-134779.996572383,6651420.87222455
447,3574,Ophioscincus truncatus,GAM_multi_with_coords,random,True,0,0.06212369306675771,-134779.996572383,6651420.87222455
447,3575,Pseudechis porphyricaus,GAM_multi_with_coords,random,True,0,0.007040259030264203,-134779.996572383,6651420.87222455
447,3576,Saltuarius swaini,GAM_multi_with_coords,random,True,0,0.0049534582253135595,-134779.996572383,6651420.87222455
449,3585,Cacophis kreftii,GAM_multi_with_coords,random,True,0,0.016243166022410327,-135559.130529282,6650974.17840999
449,3586,Calyptotis scutirostrum,GAM_multi_with_coords,random,True,0,0.030871240465713806,-135559.130529282,6650974.17840999
449,3587,Coeranoscincus reticulatus,GAM_multi_with_coords,random,True,0,0.0863108764428754,-135559.130529282,6650974.17840999
449,3588,Egernia mcpheei,GAM_multi_with_coords,random,True,0,0.009092968534711622,-135559.130529282,6650974.17840999
449,3589,Eulamprus murrayi,GAM_multi_with_coords,random,True,0,0.004102569430690814,-135559.130529282,6650974.17840999
449,3590,Ophioscincus truncatus,GAM_multi_with_coords,random,True,1,0.09141523398101123,-135559.130529282,6650974.17840999
449,3591,Pseudechis porphyricaus,GAM_multi_with_coords,random,True,0,0.010654823553296567,-135559.130529282,6650974.17840999
449,3592,Saltuarius swaini,GAM_multi_with_coords,random,True,0,0.007504728410483132,-135559.130529282,6650974.17840999
450,3593,Cacophis kreftii,GAM_multi_with_coords,random,True,0,0.006910341565925747,-65340.5697630112,6654471.79599168
450,3594,Calyptotis scutirostrum,GAM_multi_with_coords,random,True,0,0.013246748742076027,-65340.5697630112,6654471.79599168
450,3595,Coeranoscincus reticulatus,GAM_multi_with_coords,random,True,0,0.03828609739455261,-65340.5697630112,6654471.79599168
450,3596,Egernia mcpheei,GAM_multi_with_coords,random,True,0,0.0038523401861776975,-65340.5697630112,6654471.79599168
450,3597,Eulamprus murrayi,GAM_multi_with_coords,random,True,0,0.0017330701653899643,-65340.5697630112,6654471.79599168
450,3598,Ophioscincus truncatus,GAM_multi_with_coords,random,True,0,0.040676748395638014,-65340.5697630112,6654471.79599168
450,3599,Pseudechis porphyricaus,GAM_multi_with_coords,random,True,0,0.004518142299215065,-65340.5697630112,6654471.79599168
450,3600,Saltuarius swaini,GAM_multi_with_coords,random,True,0,0.0031765297175116256,-65340.5697630112,6654471.79599168
458,3657,Cacophis kreftii,GAM_multi_with_coords,random,True,0,0.025367913393256496,-133451.630563193,6649077.13745528
458,3658,Calyptotis scutirostrum,GAM_multi_with_coords,random,True,0,0.04781404547490007,-133451.630563193,6649077.13745528
458,3659,Coeranoscincus reticulatus,GAM_multi_with_coords,random,True,0,0.12961092837441623,-133451.630563193,6649077.13745528
458,3660,Egernia mcpheei,GAM_multi_with_coords,random,True,0,0.014259247590201288,-133451.630563193,6649077.13745528
458,3661,Eulamprus murrayi,GAM_multi_with_coords,random,True,0,0.0064519548758321475,-133451.630563193,6649077.13745528
458,3662,Ophioscincus truncatus,GAM_multi_with_coords,random,True,0,0.1368923586074398,-133451.630563193,6649077.13745528
458,3663,Pseudechis porphyricaus,GAM_multi_with_coords,random,True,0,0.016693539696870544,-133451.630563193,6649077.13745528
458,3664,Saltuarius swaini,GAM_multi_with_coords,random,True,0,0.011779356772176786,-133451.630563193,6649077.13745528
461,3681,Cacophis kreftii,GAM_multi_with_coords,random,True,0,0.020882440510985624,-132111.524830825,6646522.10607269
461,3682,Calyptotis scutirostrum,GAM_multi_with_coords,random,True,0,0.03952065391529752,-132111.524830825,6646522.10607269
461,3683,Coeranoscincus reticulatus,GAM_multi_with_coords,random,True,0,0.10875018778274986,-132111.524830825,6646522.10607269
461,3684,Egernia mcpheei,GAM_multi_with_coords,random,True,0,0.01171436504757422,-132111.524830825,6646522.10607269
461,3685,Eulamprus murrayi,GAM_multi_with_coords,random,True,0,0.005292976973972419,-132111.524830825,6646522.10607269
461,3686,Ophioscincus truncatus,GAM_multi_with_coords,random,True,0,0.11501454132445897,-132111.524830825,6646522.10607269
461,3687,Pseudechis porphyricaus,GAM_multi_with_coords,random,True,0,0.013720250175055291,-132111.524830825,6646522.10607269
461,3688,Saltuarius swaini,GAM_multi_with_coords,random,True,0,0.00967272336647204,-132111.524830825,6646522.10607269
462,3689,Cacophis kreftii,GAM_multi_with_coords,random,True,0,0.02350154861821685,-129873.482679348,6646037.61836241
462,3690,Calyptotis scutirostrum,GAM_multi_with_coords,random,True,0,0.044371459254228175,-129873.482679348,6646037.61836241
462,3691,Coeranoscincus reticulatus,GAM_multi_with_coords,random,True,0,0.12102757293764756,-129873.482679348,6646037.61836241
462,3692,Egernia mcpheei,GAM_multi_with_coords,random,True,0,0.013199099901460029,-129873.482679348,6646037.61836241
462,3693,Eulamprus murrayi,GAM_multi_with_coords,random,True,0,0.005968749693692812,-129873.482679348,6646037.61836241
462,3694,Ophioscincus truncatus,GAM_multi_with_coords,random,True,1,0.12789765442567594,-129873.482679348,6646037.61836241
462,3695,Pseudechis porphyricaus,GAM_multi_with_coords,random,True,0,0.015455244691521939,-129873.482679348,6646037.61836241
462,3696,Saltuarius swaini,GAM_multi_with_coords,random,True,0,0.010901545156758315,-129873.482679348,6646037.61836241
463,3697,Cacophis kreftii,GAM_multi_with_coords,random,True,0,0.028081056765335316,-130606.171632184,6644790.80822609
463,3698,Calyptotis scutirostrum,GAM_multi_with_coords,random,True,0,0.05279779424881795,-130606.171632184,6644790.80822609
463,3699,Coeranoscincus reticulatus,GAM_multi_with_coords,random,True,0,0.1418503974095783,-130606.171632184,6644790.80822609
463,3700,Egernia mcpheei,GAM_multi_with_coords,random,True,0,0.015803564222112,-130606.171632184,6644790.80822609
463,3701,Eulamprus murrayi,GAM_multi_with_coords,random,True,0,0.007156858773797181,-130606.171632184,6644790.80822609
463,3702,Ophioscincus truncatus,GAM_multi_with_coords,random,True,0,0.1497011673225001,-130606.171632184,6644790.80822609
463,3703,Pseudechis porphyricaus,GAM_multi_with_coords,random,True,0,0.018496550029367835,-130606.171632184,6644790.80822609
463,3704,Saltuarius swaini,GAM_multi_with_coords,random,True,0,0.01305865226780774,-130606.171632184,6644790.80822609
464,3705,Cacophis kreftii,GAM_multi_with_coords,random,True,0,0.004363974653361518,-62036.5636510338,6645195.69882671
464,3706,Calyptotis scutirostrum,GAM_multi_with_coords,random,True,0,0.00838521664536515,-62036.5636510338,6645195.69882671
464,3707,Coeranoscincus reticulatus,GAM_multi_with_coords,random,True,0,0.024462988912030217,-62036.5636510338,6645195.69882671
464,3708,Egernia mcpheei,GAM_multi_with_coords,random,True,0,0.002430047895297629,-62036.5636510338,6645195.69882671
464,3709,Eulamprus murrayi,GAM_multi_with_coords,random,True,0,0.001092358919378247,-62036.5636510338,6645195.69882671
464,3710,Ophioscincus truncatus,GAM_multi_with_coords,random,True,0,0.026013848253216152,-62036.5636510338,6645195.69882671
464,3711,Pseudechis porphyricaus,GAM_multi_with_coords,random,True,0,0.0028507379004818283,-62036.5636510338,6645195.69882671
464,3712,Saltuarius swaini,GAM_multi_with_coords,random,True,0,0.002003246342368547,-62036.5636510338,6645195.69882671
475,3793,Cacophis kreftii,GAM_multi_with_coords,random,True,0,0.01510524995108417,-103178.812815837,6605812.65044331
475,3794,Calyptotis scutirostrum,GAM_multi_with_coords,random,True,0,0.028738490299730243,-103178.812815837,6605812.65044331
475,3795,Coeranoscincus reticulatus,GAM_multi_with_coords,random,True,0,0.08066686133898218,-103178.812815837,6605812.65044331
475,3796,Egernia mcpheei,GAM_multi_with_coords,random,True,0,0.00845165662235722,-103178.812815837,6605812.65044331
475,3797,Eulamprus murrayi,GAM_multi_with_coords,random,True,1,0.003811868094097001,-103178.812815837,6605812.65044331
475,3798,Ophioscincus truncatus,GAM_multi_with_coords,random,True,0,0.08546865907325324,-103178.812815837,6605812.65044331
475,3799,Pseudechis porphyricaus,GAM_multi_with_coords,random,True,0,0.009904457647702553,-103178.812815837,6605812.65044331
475,3800,Saltuarius swaini,GAM_multi_with_coords,random,True,0,0.006974643985935756,-103178.812815837,6605812.65044331
480,3833,Cacophis kreftii,GAM_multi_with_coords,random,True,0,0.011462565872133103,-139787.964672713,6601638.98677139
480,3834,Calyptotis scutirostrum,GAM_multi_with_coords,random,True,0,0.02188114446744246,-139787.964672713,6601638.98677139
480,3835,Coeranoscincus reticulatus,GAM_multi_with_coords,random,True,0,0.06221245445832339,-139787.964672713,6601638.98677139
480,3836,Egernia mcpheei,GAM_multi_with_coords,random,True,0,0.006403078393709885,-139787.964672713,6601638.98677139
480,3837,Eulamprus murrayi,GAM_multi_with_coords,random,True,0,0.0028846460690429266,-139787.964672713,6601638.98677139
480,3838,Ophioscincus truncatus,GAM_multi_with_coords,random,True,0,0.06599458781925957,-139787.964672713,6601638.98677139
480,3839,Pseudechis porphyricaus,GAM_multi_with_coords,random,True,0,0.007506404058581551,-139787.964672713,6601638.98677139
480,3840,Saltuarius swaini,GAM_multi_with_coords,random,True,0,0.005282168374283561,-139787.964672713,6601638.98677139
481,3841,Cacophis kreftii,GAM_multi_with_coords,random,True,0,0.016379575027004333,-140574.776964781,6601391.4036645
481,3842,Calyptotis scutirostrum,GAM_multi_with_coords,random,True,0,0.03112660814388762,-140574.776964781,6601391.4036645
481,3843,Coeranoscincus reticulatus,GAM_multi_with_coords,random,True,0,0.0869836809388543,-140574.776964781,6601391.4036645
481,3844,Egernia mcpheei,GAM_multi_with_coords,random,True,0,0.00916989038141328,-140574.776964781,6601391.4036645
481,3845,Eulamprus murrayi,GAM_multi_with_coords,random,True,0,0.004137451332725291,-140574.776964781,6601391.4036645
481,3846,Ophioscincus truncatus,GAM_multi_with_coords,random,True,0,0.09212381581980537,-140574.776964781,6601391.4036645
481,3847,Pseudechis porphyricaus,GAM_multi_with_coords,random,True,0,0.010744814623298725,-140574.776964781,6601391.4036645
481,3848,Saltuarius swaini,GAM_multi_with_coords,random,True,0,0.0075683171796414326,-140574.776964781,6601391.4036645
488,3897,Cacophis kreftii,GAM_multi_with_coords,random,True,0,0.014999412576479463,-141193.546516212,6594113.16970331
488,3898,Calyptotis scutirostrum,GAM_multi_with_coords,random,True,0,0.0285398974665766,-141193.546516212,6594113.16970331
488,3899,Coeranoscincus reticulatus,GAM_multi_with_coords,random,True,0,0.08013903385258479,-141193.546516212,6594113.16970331
488,3900,Egernia mcpheei,GAM_multi_with_coords,random,True,0,0.008392041491663388,-141193.546516212,6594113.16970331
488,3901,Eulamprus murrayi,GAM_multi_with_coords,random,True,0,0.0037848555395947276,-141193.546516212,6594113.16970331
488,3902,Ophioscincus truncatus,GAM_multi_with_coords,random,True,1,0.08491231399006205,-141193.546516212,6594113.16970331
488,3903,Pseudechis porphyricaus,GAM_multi_with_coords,random,True,0,0.00983469659010939,-141193.546516212,6594113.16970331
488,3904,Saltuarius swaini,GAM_multi_with_coords,random,True,0,0.006925374437463039,-141193.546516212,6594113.16970331
490,3913,Cacophis kreftii,GAM_multi_with_coords,random,True,0,0.010494864840085582,-140157.01004317,6593561.29260029
490,3914,Calyptotis scutirostrum,GAM_multi_with_coords,random,True,0,0.02005171994651284,-140157.01004317,6593561.29260029
490,3915,Coeranoscincus reticulatus,GAM_multi_with_coords,random,True,0,0.05720825728324908,-140157.01004317,6593561.29260029
490,3916,Egernia mcpheei,GAM_multi_with_coords,random,True,0,0.005859981044596436,-140157.01004317,6593561.29260029
490,3917,Eulamprus murrayi,GAM_multi_with_coords,random,True,0,0.002639183008596253,-140157.01004317,6593561.29260029
490,3918,Ophioscincus truncatus,GAM_multi_with_coords,random,True,1,0.060705859704683396,-140157.01004317,6593561.29260029
490,3919,Pseudechis porphyricaus,GAM_multi_with_coords,random,True,0,0.006870371739865462,-140157.01004317,6593561.29260029
490,3920,Saltuarius swaini,GAM_multi_with_coords,random,True,0,0.004833682037552801,-140157.01004317,6593561.29260029
494,3945,Cacophis kreftii,GAM_multi_with_coords,random,True,0,0.02595453778324782,-160099.441241579,6571357.13800851
494,3946,Calyptotis scutirostrum,GAM_multi_with_coords,random,True,0,0.04889368977223415,-160099.441241579,6571357.13800851
494,3947,Coeranoscincus reticulatus,GAM_multi_with_coords,random,True,0,0.13228096297181854,-160099.441241579,6571357.13800851
494,3948,Egernia mcpheei,GAM_multi_with_coords,random,True,0,0.014592834091120607,-160099.441241579,6571357.13800851
494,3949,Eulamprus murrayi,GAM_multi_with_coords,random,True,0,0.006604118140836722,-160099.441241579,6571357.13800851
494,3950,Ophioscincus truncatus,GAM_multi_with_coords,random,True,0,0.13968831998087256,-160099.441241579,6571357.13800851
494,3951,Pseudechis porphyricaus,GAM_multi_with_coords,random,True,0,0.01708308805982557,-160099.441241579,6571357.13800851
494,3952,Saltuarius swaini,GAM_multi_with_coords,random,True,0,0.012055637254280426,-160099.441241579,6571357.13800851
499,3985,Cacophis kreftii,GAM_multi_with_coords,random,True,0,0.008344942235052312,-166874.918971174,6569986.45729551
499,3986,Calyptotis scutirostrum,GAM_multi_with_coords,random,True,0,0.015975638759748518,-166874.918971174,6569986.45729551
499,3987,Coeranoscincus reticulatus,GAM_multi_with_coords,random,True,0,0.04593309255865509,-166874.918971174,6569986.45729551
499,3988,Egernia mcpheei,GAM_multi_with_coords,random,True,0,0.004655069501371116,-166874.918971174,6569986.45729551
499,3989,Eulamprus murrayi,GAM_multi_with_coords,random,True,0,0.0020951265189202086,-166874.918971174,6569986.45729551
499,3990,Ophioscincus truncatus,GAM_multi_with_coords,random,True,0,0.048777017504872025,-166874.918971174,6569986.45729551
499,3991,Pseudechis porphyricaus,GAM_multi_with_coords,random,True,0,0.005458847503424555,-166874.918971174,6569986.45729551
499,3992,Saltuarius swaini,GAM_multi_with_coords,random,True,0,0.0038389800917846685,-166874.918971174,6569986.45729551
507,4049,Cacophis kreftii,GAM_multi_with_coords,random,True,0,0.011100471947889677,-144741.332783447,6566549.73714478
507,4050,Calyptotis scutirostrum,GAM_multi_with_coords,random,True,0,0.02119699254420179,-144741.332783447,6566549.73714478
507,4051,Coeranoscincus reticulatus,GAM_multi_with_coords,random,True,0,0.06034507337743637,-144741.332783447,6566549.73714478
507,4052,Egernia mcpheei,GAM_multi_with_coords,random,True,0,0.006199807536302609,-144741.332783447,6566549.73714478
507,4053,Eulamprus murrayi,GAM_multi_with_coords,random,True,0,0.002792756718287868,-144741.332783447,6566549.73714478
507,4054,Ophioscincus truncatus,GAM_multi_with_coords,random,True,0,0.06402143169933164,-144741.332783447,6566549.73714478
507,4055,Pseudechis porphyricaus,GAM_multi_with_coords,random,True,0,0.007268363465330928,-144741.332783447,6566549.73714478
507,4056,Saltuarius swaini,GAM_multi_with_coords,random,True,0,0.005114298543204392,-144741.332783447,6566549.73714478
508,4057,Cacophis kreftii,GAM_multi_with_coords,random,True,0,0.006539224088710143,-162480.687351114,6563171.45187532
508,4058,Calyptotis scutirostrum,GAM_multi_with_coords,random,True,0,0.012539633594860222,-162480.687351114,6563171.45187532
508,4059,Coeranoscincus reticulatus,GAM_multi_with_coords,random,True,0,0.03629153355009259,-162480.687351114,6563171.45187532
508,4060,Egernia mcpheei,GAM_multi_with_coords,random,True,0,0.0036448488489235174,-162480.687351114,6563171.45187532
508,4061,Eulamprus murrayi,GAM_multi_with_coords,random,True,0,0.001639537203389416,-162480.687351114,6563171.45187532
508,4062,Ophioscincus truncatus,GAM_multi_with_coords,random,True,0,0.03856263443591506,-162480.687351114,6563171.45187532
508,4063,Pseudechis porphyricaus,GAM_multi_with_coords,random,True,0,0.004274944013835743,-162480.687351114,6563171.45187532
508,4064,Saltuarius swaini,GAM_multi_with_coords,random,True,0,0.0030053284688120615,-162480.687351114,6563171.45187532
510,4073,Cacophis kreftii,GAM_multi_with_coords,random,True,0,0.008769577769203795,-146201.750488105,6563648.83716664
510,4074,Calyptotis scutirostrum,GAM_multi_with_coords,random,True,0,0.016781994034797788,-146201.750488105,6563648.83716664
510,4075,Coeranoscincus reticulatus,GAM_multi_with_coords,random,True,0,0.0481774913875612,-146201.750488105,6563648.83716664
510,4076,Egernia mcpheei,GAM_multi_with_coords,random,True,0,0.00489287088841425,-146201.750488105,6563648.83716664
510,4077,Eulamprus murrayi,GAM_multi_with_coords,random,True,0,0.002202444147165919,-146201.750488105,6563648.83716664
510,4078,Ophioscincus truncatus,GAM_multi_with_coords,random,True,0,0.05115292671093782,-146201.750488105,6563648.83716664
510,4079,Pseudechis porphyricaus,GAM_multi_with_coords,random,True,0,0.00573747271426049,-146201.750488105,6563648.83716664
510,4080,Saltuarius swaini,GAM_multi_with_coords,random,True,0,0.00403526106345803,-146201.750488105,6563648.83716664
514,4105,Cacophis kreftii,GAM_multi_with_coords,random,True,0,0.008908814280778115,-146089.648133388,6561646.84538545
514,4106,Calyptotis scutirostrum,GAM_multi_with_coords,random,True,0,0.0170462577152753,-146089.648133388,6561646.84538545
514,4107,Coeranoscincus reticulatus,GAM_multi_with_coords,random,True,0,0.04891154187299001,-146089.648133388,6561646.84538545
514,4108,Egernia mcpheei,GAM_multi_with_coords,random,True,0,0.004970864743948931,-146089.648133388,6561646.84538545
514,4109,Eulamprus murrayi,GAM_multi_with_coords,random,True,0,0.0022376482153099197,-146089.648133388,6561646.84538545
514,4110,Ophioscincus truncatus,GAM_multi_with_coords,random,True,0,0.05192983866084596,-146089.648133388,6561646.84538545
514,4111,Pseudechis porphyricaus,GAM_multi_with_coords,random,True,0,0.005828850919812499,-146089.648133388,6561646.84538545
514,4112,Saltuarius swaini,GAM_multi_with_coords,random,True,0,0.004099640676553189,-146089.648133388,6561646.84538545
525,4193,Cacophis kreftii,GAM_multi_with_coords,random,True,0,0.010960537988718629,-118770.04691586,6551450.02671343
525,4194,Calyptotis scutirostrum,GAM_multi_with_coords,random,True,0,0.0209324747143973,-118770.04691586,6551450.02671343
525,4195,Coeranoscincus reticulatus,GAM_multi_with_coords,random,True,0,0.05962178341481378,-118770.04691586,6551450.02671343
525,4196,Egernia mcpheei,GAM_multi_with_coords,random,True,0,0.0061212695679772455,-118770.04691586,6551450.02671343
525,4197,Eulamprus murrayi,GAM_multi_with_coords,random,True,0,0.0027572588685077074,-118770.04691586,6551450.02671343
525,4198,Ophioscincus truncatus,GAM_multi_with_coords,random,True,0,0.06325704367147193,-118770.04691586,6551450.02671343
525,4199,Pseudechis porphyricaus,GAM_multi_with_coords,random,True,0,0.007176386983668954,-118770.04691586,6551450.02671343
525,4200,Saltuarius swaini,GAM_multi_with_coords,random,True,0,0.005049441725690975,-118770.04691586,6551450.02671343
531,4241,Cacophis kreftii,GAM_multi_with_coords,random,True,0,0.008102693749642311,-83551.8721662688,6536463.55059073
531,4242,Calyptotis scutirostrum,GAM_multi_with_coords,random,True,0,0.015515341690969065,-83551.8721662688,6536463.55059073
531,4243,Coeranoscincus reticulatus,GAM_multi_with_coords,random,True,0,0.04464881244154414,-83551.8721662688,6536463.55059073
531,4244,Egernia mcpheei,GAM_multi_with_coords,random,True,0,0.0045194475544948765,-83551.8721662688,6536463.55059073
531,4245,Eulamprus murrayi,GAM_multi_with_coords,random,True,0,0.0020339341800649966,-83551.8721662688,6536463.55059073
531,4246,Ophioscincus truncatus,GAM_multi_with_coords,random,True,0,0.04741717374094512,-83551.8721662688,6536463.55059073
531,4247,Pseudechis porphyricaus,GAM_multi_with_coords,random,True,0,0.005299932780769374,-83551.8721662688,6536463.55059073
531,4248,Saltuarius swaini,GAM_multi_with_coords,random,True,0,0.0037270452665031702,-83551.8721662688,6536463.55059073
533,4257,Cacophis kreftii,GAM_multi_with_coords,random,True,0,0.012573039909469091,-128644.80040642,6533196.04348179
533,4258,Calyptotis scutirostrum,GAM_multi_with_coords,random,True,0,0.02397647192697902,-128644.80040642,6533196.04348179
533,4259,Coeranoscincus reticulatus,GAM_multi_with_coords,random,True,0,0.06790177757603201,-128644.80040642,6533196.04348179
533,4260,Egernia mcpheei,GAM_multi_with_coords,random,True,0,0.007026882019020621,-128644.80040642,6533196.04348179
533,4261,Eulamprus murrayi,GAM_multi_with_coords,random,True,0,0.0031667678567315694,-128644.80040642,6533196.04348179
533,4262,Ophioscincus truncatus,GAM_multi_with_coords,random,True,0,0.07200323037418198,-128644.80040642,6533196.04348179
533,4263,Pseudechis porphyricaus,GAM_multi_with_coords,random,True,0,0.008236805311266433,-128644.80040642,6533196.04348179
533,4264,Saltuarius swaini,GAM_multi_with_coords,random,True,0,0.005797407359349116,-128644.80040642,6533196.04348179
537,4289,Cacophis kreftii,GAM_multi_with_coords,random,True,0,0.03451606129987209,-133101.696097477,6529938.31197594
537,4290,Calyptotis scutirostrum,GAM_multi_with_coords,random,True,0,0.06452083447439545,-133101.696097477,6529938.31197594
537,4291,Coeranoscincus reticulatus,GAM_multi_with_coords,random,True,0,0.16980174366080675,-133101.696097477,6529938.31197594
537,4292,Egernia mcpheei,GAM_multi_with_coords,random,True,0,0.019481475132800463,-133101.696097477,6529938.31197594
537,4293,Eulamprus murrayi,GAM_multi_with_coords,random,True,0,0.008840526317935539,-133101.696097477,6529938.31197594
537,4294,Ophioscincus truncatus,GAM_multi_with_coords,random,True,1,0.1788770324790515,-133101.696097477,6529938.31197594
537,4295,Pseudechis porphyricaus,GAM_multi_with_coords,random,True,0,0.022786680161710808,-133101.696097477,6529938.31197594
537,4296,Saltuarius swaini,GAM_multi_with_coords,random,True,0,0.01610820433619408,-133101.696097477,6529938.31197594
545,4353,Cacophis kreftii,GAM_multi_with_coords,random,True,0,0.013969318656206887,-114087.089464681,6528156.09858245
545,4354,Calyptotis scutirostrum,GAM_multi_with_coords,random,True,0,0.026605019160794253,-114087.089464681,6528156.09858245
545,4355,Coeranoscincus reticulatus,GAM_multi_with_coords,random,True,0,0.07497594889570872,-114087.089464681,6528156.09858245
545,4356,Egernia mcpheei,GAM_multi_with_coords,random,True,0,0.007812114013687041,-114087.089464681,6528156.09858245
545,4357,Eulamprus murrayi,GAM_multi_with_coords,random,True,0,0.0035221742793954645,-114087.089464681,6528156.09858245
545,4358,Ophioscincus truncatus,GAM_multi_with_coords,random,True,0,0.07946827053610117,-114087.089464681,6528156.09858245
545,4359,Pseudechis porphyricaus,GAM_multi_with_coords,random,True,0,0.009155995735582952,-114087.089464681,6528156.09858245
545,4360,Saltuarius swaini,GAM_multi_with_coords,random,True,0,0.006446141324700401,-114087.089464681,6528156.09858245
558,4457,Cacophis kreftii,GAM_multi_with_coords,random,True,0,0.00833717925092089,-204344.653545143,6507116.16956193
558,4458,Calyptotis scutirostrum,GAM_multi_with_coords,random,True,0,0.015960891479846508,-204344.653545143,6507116.16956193
558,4459,Coeranoscincus reticulatus,GAM_multi_with_coords,random,True,0,0.045891980941069756,-204344.653545143,6507116.16956193
558,4460,Egernia mcpheei,GAM_multi_with_coords,random,True,0,0.004650722968109186,-204344.653545143,6507116.16956193
558,4461,Eulamprus murrayi,GAM_multi_with_coords,random,True,0,0.0020931652299603053,-204344.653545143,6507116.16956193
558,4462,Ophioscincus truncatus,GAM_multi_with_coords,random,True,0,0.048733490500266784,-204344.653545143,6507116.16956193
558,4463,Pseudechis porphyricaus,GAM_multi_with_coords,random,True,0,0.0054537545784681205,-204344.653545143,6507116.16956193
558,4464,Saltuarius swaini,GAM_multi_with_coords,random,True,0,0.003835392621601131,-204344.653545143,6507116.16956193
567,4529,Cacophis kreftii,GAM_multi_with_coords,random,True,0,0.04461041802017109,-146716.822931648,6491951.21913417
567,4530,Calyptotis scutirostrum,GAM_multi_with_coords,random,True,0,0.08263912030856224,-146716.822931648,6491951.21913417
567,4531,Coeranoscincus reticulatus,GAM_multi_with_coords,random,True,0,0.21082161039374722,-146716.822931648,6491951.21913417
567,4532,Egernia mcpheei,GAM_multi_with_coords,random,True,0,0.025294100705320673,-146716.822931648,6491951.21913417
567,4533,Eulamprus murrayi,GAM_multi_with_coords,random,True,0,0.01151553308945155,-146716.822931648,6491951.21913417
567,4534,Ophioscincus truncatus,GAM_multi_with_coords,random,True,0,0.22150432048974544,-146716.822931648,6491951.21913417
567,4535,Pseudechis porphyricaus,GAM_multi_with_coords,random,True,1,0.029555743313245234,-146716.822931648,6491951.21913417
567,4536,Saltuarius swaini,GAM_multi_with_coords,random,True,1,0.020935847867343566,-146716.822931648,6491951.21913417
572,4569,Cacophis kreftii,GAM_multi_with_coords,random,True,0,0.04526038844602212,-141525.12346321,6489014.81167942
572,4570,Calyptotis scutirostrum,GAM_multi_with_coords,random,True,0,0.08379456964899898,-141525.12346321,6489014.81167942
572,4571,Coeranoscincus reticulatus,GAM_multi_with_coords,random,True,0,0.21335246777806927,-141525.12346321,6489014.81167942
572,4572,Egernia mcpheei,GAM_multi_with_coords,random,True,0,0.025670195734080203,-141525.12346321,6489014.81167942
572,4573,Eulamprus murrayi,GAM_multi_with_coords,random,True,0,0.011689213143293227,-141525.12346321,6489014.81167942
572,4574,Ophioscincus truncatus,GAM_multi_with_coords,random,True,1,0.22412699987501994,-141525.12346321,6489014.81167942
572,4575,Pseudechis porphyricaus,GAM_multi_with_coords,random,True,0,0.029993254339420548,-141525.12346321,6489014.81167942
572,4576,Saltuarius swaini,GAM_multi_with_coords,random,True,0,0.021248553232676555,-141525.12346321,6489014.81167942
576,4601,Cacophis kreftii,GAM_multi_with_coords,random,True,0,0.012753557699459173,-206813.275853676,6482403.27464338
576,4602,Calyptotis scutirostrum,GAM_multi_with_coords,random,True,0,0.024316682881880963,-206813.275853676,6482403.27464338
576,4603,Coeranoscincus reticulatus,GAM_multi_with_coords,random,True,0,0.06882131266756056,-206813.275853676,6482403.27464338
576,4604,Egernia mcpheei,GAM_multi_with_coords,random,True,0,0.007128345535659474,-206813.275853676,6482403.27464338
576,4605,Eulamprus murrayi,GAM_multi_with_coords,random,True,0,0.0032126742181891074,-206813.275853676,6482403.27464338
576,4606,Ophioscincus truncatus,GAM_multi_with_coords,random,True,0,0.07297395948011066,-206813.275853676,6482403.27464338
576,4607,Pseudechis porphyricaus,GAM_multi_with_coords,random,True,0,0.008355592308603405,-206813.275853676,6482403.27464338
576,4608,Saltuarius swaini,GAM_multi_with_coords,random,True,0,0.005881223224228549,-206813.275853676,6482403.27464338
579,4625,Cacophis kreftii,GAM_multi_with_coords,random,True,0,0.010114193294144312,-242916.649698275,6475563.53924511
579,4626,Calyptotis scutirostrum,GAM_multi_with_coords,random,True,0,0.019331172688801645,-242916.649698275,6475563.53924511
579,4627,Coeranoscincus reticulatus,GAM_multi_with_coords,random,True,0,0.05522775972591232,-242916.649698275,6475563.53924511
579,4628,Egernia mcpheei,GAM_multi_with_coords,random,True,0,0.00564646746536452,-242916.649698275,6475563.53924511
579,4629,Eulamprus murrayi,GAM_multi_with_coords,random,True,0,0.0025427218933347486,-242916.649698275,6475563.53924511
579,4630,Ophioscincus truncatus,GAM_multi_with_coords,random,True,0,0.05861180592941025,-242916.649698275,6475563.53924511
579,4631,Pseudechis porphyricaus,GAM_multi_with_coords,random,True,0,0.00662028884334574,-242916.649698275,6475563.53924511
579,4632,Saltuarius swaini,GAM_multi_with_coords,random,True,0,0.004657387382639649,-242916.649698275,6475563.53924511
585,4673,Cacophis kreftii,GAM_multi_with_coords,random,True,0,0.04993942581619071,-127313.378797034,6479531.06572796
585,4674,Calyptotis scutirostrum,GAM_multi_with_coords,random,True,0,0.09207310857352426,-127313.378797034,6479531.06572796
585,4675,Coeranoscincus reticulatus,GAM_multi_with_coords,random,True,0,0.23120079570183383,-127313.378797034,6479531.06572796
585,4676,Egernia mcpheei,GAM_multi_with_coords,random,True,0,0.028384201019057163,-127313.378797034,6479531.06572796
585,4677,Eulamprus murrayi,GAM_multi_with_coords,random,True,0,0.012944704425351037,-127313.378797034,6479531.06572796
585,4678,Ophioscincus truncatus,GAM_multi_with_coords,random,True,0,0.24259871226094537,-127313.378797034,6479531.06572796
585,4679,Pseudechis porphyricaus,GAM_multi_with_coords,random,True,0,0.03314876887959823,-127313.378797034,6479531.06572796
585,4680,Saltuarius swaini,GAM_multi_with_coords,random,True,0,0.02350635457808392,-127313.378797034,6479531.06572796
599,4785,Cacophis kreftii,GAM_multi_with_coords,random,True,0,0.011534583291331313,-212146.883673553,6444013.91646962
599,4786,Calyptotis scutirostrum,GAM_multi_with_coords,random,True,0,0.022017162189534294,-212146.883673553,6444013.91646962
599,4787,Coeranoscincus reticulatus,GAM_multi_with_coords,random,True,0,0.06258313887324223,-212146.883673553,6444013.91646962
599,4788,Egernia mcpheei,GAM_multi_with_coords,random,True,0,0.006443515084915295,-212146.883673553,6444013.91646962
599,4789,Eulamprus murrayi,GAM_multi_with_coords,random,True,0,0.0029029280901603427,-212146.883673553,6444013.91646962
599,4790,Ophioscincus truncatus,GAM_multi_with_coords,random,True,0,0.06638621227812425,-212146.883673553,6444013.91646962
599,4791,Pseudechis porphyricaus,GAM_multi_with_coords,random,True,0,0.007553755495335142,-212146.883673553,6444013.91646962
599,4792,Saltuarius swaini,GAM_multi_with_coords,random,True,0,0.005315564169811819,-212146.883673553,6444013.91646962
602,4809,Cacophis kreftii,GAM_multi_with_coords,random,True,0,0.009220785525166513,-223808.84244951,6439938.38190837
602,4810,Calyptotis scutirostrum,GAM_multi_with_coords,random,True,0,0.017638116810512885,-223808.84244951,6439938.38190837
602,4811,Coeranoscincus reticulatus,GAM_multi_with_coords,random,True,0,0.0505528869796432,-223808.84244951,6439938.38190837
602,4812,Egernia mcpheei,GAM_multi_with_coords,random,True,0,0.005145651781478527,-223808.84244951,6439938.38190837
602,4813,Eulamprus murrayi,GAM_multi_with_coords,random,True,0,0.0023165528204745147,-223808.84244951,6439938.38190837
602,4814,Ophioscincus truncatus,GAM_multi_with_coords,random,True,0,0.05366675477177229,-223808.84244951,6439938.38190837
602,4815,Pseudechis porphyricaus,GAM_multi_with_coords,random,True,0,0.006033623788334336,-223808.84244951,6439938.38190837
602,4816,Saltuarius swaini,GAM_multi_with_coords,random,True,0,0.004243924130919377,-223808.84244951,6439938.38190837
606,4841,Cacophis kreftii,GAM_multi_with_coords,random,True,0,0.024361192997197054,-122961.147064838,6444559.2200686
606,4842,Calyptotis scutirostrum,GAM_multi_with_coords,random,True,0,0.0459585590359641,-122961.147064838,6444559.2200686
606,4843,Coeranoscincus reticulatus,GAM_multi_with_coords,random,True,0,0.12499790378607284,-122961.147064838,6444559.2200686
606,4844,Egernia mcpheei,GAM_multi_with_coords,random,True,0,0.013687181319779867,-122961.147064838,6444559.2200686
606,4845,Eulamprus murrayi,GAM_multi_with_coords,random,True,0,0.006191141872963445,-122961.147064838,6444559.2200686
606,4846,Ophioscincus truncatus,GAM_multi_with_coords,random,True,0,0.13205949859515417,-122961.147064838,6444559.2200686
606,4847,Pseudechis porphyricaus,GAM_multi_with_coords,random,True,0,0.016025399844504285,-122961.147064838,6444559.2200686
606,4848,Saltuarius swaini,GAM_multi_with_coords,random,True,0,0.01130564008093473,-122961.147064838,6444559.2200686
624,4985,Cacophis kreftii,GAM_multi_with_coords,random,True,0,0.010056944699110152,-212517.326831474,6418204.13745066
624,4986,Calyptotis scutirostrum,GAM_multi_with_coords,random,True,0,0.01922276703158329,-212517.326831474,6418204.13745066
624,4987,Coeranoscincus reticulatus,GAM_multi_with_coords,random,True,0,0.05492932793634411,-212517.326831474,6418204.13745066
624,4988,Egernia mcpheei,GAM_multi_with_coords,random,True,0,0.0056143637687339175,-212517.326831474,6418204.13745066
624,4989,Eulamprus murrayi,GAM_multi_with_coords,random,True,0,0.002528220061976218,-212517.326831474,6418204.13745066
624,4990,Ophioscincus truncatus,GAM_multi_with_coords,random,True,0,0.05829621625256558,-212517.326831474,6418204.13745066
624,4991,Pseudechis porphyricaus,GAM_multi_with_coords,random,True,0,0.006582685017399243,-212517.326831474,6418204.13745066
624,4992,Saltuarius swaini,GAM_multi_with_coords,random,True,0,0.004630881034645244,-212517.326831474,6418204.13745066
628,5017,Cacophis kreftii,GAM_multi_with_coords,random,True,0,0.017624315704730772,-205426.35557409,6417594.67751035
628,5018,Calyptotis scutirostrum,GAM_multi_with_coords,random,True,0,0.03345391159937905,-205426.35557409,6417594.67751035
628,5019,Coeranoscincus reticulatus,GAM_multi_with_coords,random,True,0,0.09308610643120875,-205426.35557409,6417594.67751035
628,5020,Egernia mcpheei,GAM_multi_with_coords,random,True,0,0.00987224109645975,-205426.35557409,6417594.67751035
628,5021,Eulamprus murrayi,GAM_multi_with_coords,random,True,0,0.004456085225122327,-205426.35557409,6417594.67751035
628,5022,Ophioscincus truncatus,GAM_multi_with_coords,random,True,0,0.09854792935054549,-205426.35557409,6417594.67751035
628,5023,Pseudechis porphyricaus,GAM_multi_with_coords,random,True,0,0.011566385587166434,-205426.35557409,6417594.67751035
628,5024,Saltuarius swaini,GAM_multi_with_coords,random,True,0,0.008149007257419698,-205426.35557409,6417594.67751035
630,5033,Cacophis kreftii,GAM_multi_with_coords,random,True,0,0.017841892469127173,-211613.384340048,6416445.23828686
630,5034,Calyptotis scutirostrum,GAM_multi_with_coords,random,True,0,0.03386017316187056,-211613.384340048,6416445.23828686
630,5035,Coeranoscincus reticulatus,GAM_multi_with_coords,random,True,0,0.09414599916852774,-211613.384340048,6416445.23828686
630,5036,Egernia mcpheei,GAM_multi_with_coords,random,True,0,0.00999509018700183,-211613.384340048,6416445.23828686
630,5037,Eulamprus murrayi,GAM_multi_with_coords,random,True,0,0.004511843384667522,-211613.384340048,6416445.23828686
630,5038,Ophioscincus truncatus,GAM_multi_with_coords,random,True,0,0.0996631771127795,-211613.384340048,6416445.23828686
630,5039,Pseudechis porphyricaus,GAM_multi_with_coords,random,True,0,0.011710067096672746,-211613.384340048,6416445.23828686
630,5040,Saltuarius swaini,GAM_multi_with_coords,random,True,0,0.008250591301708247,-211613.384340048,6416445.23828686
639,5105,Cacophis kreftii,GAM_multi_with_coords,random,True,0,0.01638384197098785,-162684.694435925,6370448.58724721
639,5106,Calyptotis scutirostrum,GAM_multi_with_coords,random,True,0,0.031134595147938038,-162684.694435925,6370448.58724721
639,5107,Coeranoscincus reticulatus,GAM_multi_with_coords,random,True,0,0.08700471363631176,-162684.694435925,6370448.58724721
639,5108,Egernia mcpheei,GAM_multi_with_coords,random,True,0,0.00917229668790318,-162684.694435925,6370448.58724721
639,5109,Eulamprus murrayi,GAM_multi_with_coords,random,True,0,0.004138542573235929,-162684.694435925,6370448.58724721
639,5110,Ophioscincus truncatus,GAM_multi_with_coords,random,True,0,0.09214596596633395,-162684.694435925,6370448.58724721
639,5111,Pseudechis porphyricaus,GAM_multi_with_coords,random,True,0,0.01074762972885604,-162684.694435925,6370448.58724721
639,5112,Saltuarius swaini,GAM_multi_with_coords,random,True,0,0.007570306422153405,-162684.694435925,6370448.58724721
640,5113,Cacophis kreftii,GAM_multi_with_coords,random,True,0,0.024403057914007306,-176653.554553042,6368244.44348734
640,5114,Calyptotis scutirostrum,GAM_multi_with_coords,random,True,0,0.04603578791582106,-176653.554553042,6368244.44348734
640,5115,Coeranoscincus reticulatus,GAM_multi_with_coords,random,True,0,0.1251905220478477,-176653.554553042,6368244.44348734
640,5116,Egernia mcpheei,GAM_multi_with_coords,random,True,0,0.0137109606422935,-176653.554553042,6368244.44348734
640,5117,Eulamprus murrayi,GAM_multi_with_coords,random,True,0,0.0062019798975810015,-176653.554553042,6368244.44348734
640,5118,Ophioscincus truncatus,GAM_multi_with_coords,random,True,0,0.13226135374493042,-176653.554553042,6368244.44348734
640,5119,Pseudechis porphyricaus,GAM_multi_with_coords,random,True,0,0.016053175335993968,-176653.554553042,6368244.44348734
640,5120,Saltuarius swaini,GAM_multi_with_coords,random,True,0,0.011325329359936284,-176653.554553042,6368244.44348734
7,49,Cacophis kreftii,GAM_multi_interactions_with_coords,random,True,0,0.006643736617554557,-35290.0454930004,6868477.63934909
7,50,Calyptotis scutirostrum,GAM_multi_interactions_with_coords,random,True,0,0.011675033934448846,-35290.0454930004,6868477.63934909
7,51,Coeranoscincus reticulatus,GAM_multi_interactions_with_coords,random,True,0,0.004526650500615268,-35290.0454930004,6868477.63934909
7,52,Egernia mcpheei,GAM_multi_interactions_with_coords,random,True,0,0.002369885686473422,-35290.0454930004,6868477.63934909
7,53,Eulamprus murrayi,GAM_multi_interactions_with_coords,random,True,0,0.001727285078497022,-35290.0454930004,6868477.63934909
7,54,Ophioscincus truncatus,GAM_multi_interactions_with_coords,random,True,0,0.019790604773622194,-35290.0454930004,6868477.63934909
7,55,Pseudechis porphyricaus,GAM_multi_interactions_with_coords,random,True,0,0.005004744575387119,-35290.0454930004,6868477.63934909
7,56,Saltuarius swaini,GAM_multi_interactions_with_coords,random,True,0,0.008544212290885747,-35290.0454930004,6868477.63934909
15,113,Cacophis kreftii,GAM_multi_interactions_with_coords,random,True,0,0.11695026816852604,-99804.9506313828,6852000.67743644
15,114,Calyptotis scutirostrum,GAM_multi_interactions_with_coords,random,True,1,0.34671303431433625,-99804.9506313828,6852000.67743644
15,115,Coeranoscincus reticulatus,GAM_multi_interactions_with_coords,random,True,0,0.496468275532216,-99804.9506313828,6852000.67743644
15,116,Egernia mcpheei,GAM_multi_interactions_with_coords,random,True,1,0.10718753337805817,-99804.9506313828,6852000.67743644
15,117,Eulamprus murrayi,GAM_multi_interactions_with_coords,random,True,0,0.024963305770653012,-99804.9506313828,6852000.67743644
15,118,Ophioscincus truncatus,GAM_multi_interactions_with_coords,random,True,0,0.22261476278886275,-99804.9506313828,6852000.67743644
15,119,Pseudechis porphyricaus,GAM_multi_interactions_with_coords,random,True,0,0.026267851709981437,-99804.9506313828,6852000.67743644
15,120,Saltuarius swaini,GAM_multi_interactions_with_coords,random,True,0,0.022610862492069218,-99804.9506313828,6852000.67743644
21,161,Cacophis kreftii,GAM_multi_interactions_with_coords,random,True,0,0.06627657823380764,-91866.6308808398,6850184.44292602
21,162,Calyptotis scutirostrum,GAM_multi_interactions_with_coords,random,True,0,0.24870938784890695,-91866.6308808398,6850184.44292602
21,163,Coeranoscincus reticulatus,GAM_multi_interactions_with_coords,random,True,0,0.35288620291026307,-91866.6308808398,6850184.44292602
21,164,Egernia mcpheei,GAM_multi_interactions_with_coords,random,True,0,0.07391228967362895,-91866.6308808398,6850184.44292602
21,165,Eulamprus murrayi,GAM_multi_interactions_with_coords,random,True,0,0.012502232865230395,-91866.6308808398,6850184.44292602
21,166,Ophioscincus truncatus,GAM_multi_interactions_with_coords,random,True,0,0.09515578896268426,-91866.6308808398,6850184.44292602
21,167,Pseudechis porphyricaus,GAM_multi_interactions_with_coords,random,True,0,0.015643791814415088,-91866.6308808398,6850184.44292602
21,168,Saltuarius swaini,GAM_multi_interactions_with_coords,random,True,0,0.01183096681121293,-91866.6308808398,6850184.44292602
29,225,Cacophis kreftii,GAM_multi_interactions_with_coords,random,True,0,0.08142732235509949,-81258.2639630969,6847092.07487722
29,226,Calyptotis scutirostrum,GAM_multi_interactions_with_coords,random,True,0,0.12311595710446945,-81258.2639630969,6847092.07487722
29,227,Coeranoscincus reticulatus,GAM_multi_interactions_with_coords,random,True,0,0.06208568957973578,-81258.2639630969,6847092.07487722
29,228,Egernia mcpheei,GAM_multi_interactions_with_coords,random,True,0,0.027060663529881443,-81258.2639630969,6847092.07487722
29,229,Eulamprus murrayi,GAM_multi_interactions_with_coords,random,True,0,0.010444070030237706,-81258.2639630969,6847092.07487722
29,230,Ophioscincus truncatus,GAM_multi_interactions_with_coords,random,True,1,0.7609185197682313,-81258.2639630969,6847092.07487722
29,231,Pseudechis porphyricaus,GAM_multi_interactions_with_coords,random,True,0,0.024260789556528668,-81258.2639630969,6847092.07487722
29,232,Saltuarius swaini,GAM_multi_interactions_with_coords,random,True,0,0.018377009603250675,-81258.2639630969,6847092.07487722
30,233,Cacophis kreftii,GAM_multi_interactions_with_coords,random,True,1,0.12501829233507208,-96294.553982511,6846140.09863748
30,234,Calyptotis scutirostrum,GAM_multi_interactions_with_coords,random,True,1,0.38954169970109215,-96294.553982511,6846140.09863748
30,235,Coeranoscincus reticulatus,GAM_multi_interactions_with_coords,random,True,0,0.3436010164978491,-96294.553982511,6846140.09863748
30,236,Egernia mcpheei,GAM_multi_interactions_with_coords,random,True,1,0.12221138544762324,-96294.553982511,6846140.09863748
30,237,Eulamprus murrayi,GAM_multi_interactions_with_coords,random,True,0,0.02264544945817464,-96294.553982511,6846140.09863748
30,238,Ophioscincus truncatus,GAM_multi_interactions_with_coords,random,True,1,0.25155550218608425,-96294.553982511,6846140.09863748
30,239,Pseudechis porphyricaus,GAM_multi_interactions_with_coords,random,True,0,0.033227002250880155,-96294.553982511,6846140.09863748
30,240,Saltuarius swaini,GAM_multi_interactions_with_coords,random,True,0,0.02998874493458587,-96294.553982511,6846140.09863748
31,241,Cacophis kreftii,GAM_multi_interactions_with_coords,random,True,0,0.08827231026615842,-95292.0596882657,6846190.80238834
31,242,Calyptotis scutirostrum,GAM_multi_interactions_with_coords,random,True,1,0.23805219996599936,-95292.0596882657,6846190.80238834
31,243,Coeranoscincus reticulatus,GAM_multi_interactions_with_coords,random,True,0,0.39770245402158144,-95292.0596882657,6846190.80238834
31,244,Egernia mcpheei,GAM_multi_interactions_with_coords,random,True,0,0.06895648088012678,-95292.0596882657,6846190.80238834
31,245,Eulamprus murrayi,GAM_multi_interactions_with_coords,random,True,0,0.014109494718771098,-95292.0596882657,6846190.80238834
31,246,Ophioscincus truncatus,GAM_multi_interactions_with_coords,random,True,0,0.2531461614702129,-95292.0596882657,6846190.80238834
31,247,Pseudechis porphyricaus,GAM_multi_interactions_with_coords,random,True,0,0.012053968638156084,-95292.0596882657,6846190.80238834
31,248,Saltuarius swaini,GAM_multi_interactions_with_coords,random,True,0,0.01699786419393776,-95292.0596882657,6846190.80238834
37,289,Cacophis kreftii,GAM_multi_interactions_with_coords,random,True,0,0.07369846846090577,-79037.3638766905,6846800.48131106
37,290,Calyptotis scutirostrum,GAM_multi_interactions_with_coords,random,True,0,0.11790781367475285,-79037.3638766905,6846800.48131106
37,291,Coeranoscincus reticulatus,GAM_multi_interactions_with_coords,random,True,0,0.06130745789658711,-79037.3638766905,6846800.48131106
37,292,Egernia mcpheei,GAM_multi_interactions_with_coords,random,True,0,0.02888416218220688,-79037.3638766905,6846800.48131106
37,293,Eulamprus murrayi,GAM_multi_interactions_with_coords,random,True,0,0.010307004841449799,-79037.3638766905,6846800.48131106
37,294,Ophioscincus truncatus,GAM_multi_interactions_with_coords,random,True,1,0.5577642016375273,-79037.3638766905,6846800.48131106
37,295,Pseudechis porphyricaus,GAM_multi_interactions_with_coords,random,True,0,0.016649423065387713,-79037.3638766905,6846800.48131106
37,296,Saltuarius swaini,GAM_multi_interactions_with_coords,random,True,0,0.014466172666822073,-79037.3638766905,6846800.48131106
41,321,Cacophis kreftii,GAM_multi_interactions_with_coords,random,True,0,0.0923546392093896,-96863.6801254773,6845509.65270053
41,322,Calyptotis scutirostrum,GAM_multi_interactions_with_coords,random,True,0,0.3078046425021183,-96863.6801254773,6845509.65270053
41,323,Coeranoscincus reticulatus,GAM_multi_interactions_with_coords,random,True,0,0.3347249125635572,-96863.6801254773,6845509.65270053
41,324,Egernia mcpheei,GAM_multi_interactions_with_coords,random,True,0,0.1016700021834611,-96863.6801254773,6845509.65270053
41,325,Eulamprus murrayi,GAM_multi_interactions_with_coords,random,True,0,0.01744115530443917,-96863.6801254773,6845509.65270053
41,326,Ophioscincus truncatus,GAM_multi_interactions_with_coords,random,True,0,0.15489385295165237,-96863.6801254773,6845509.65270053
41,327,Pseudechis porphyricaus,GAM_multi_interactions_with_coords,random,True,0,0.020231313735140092,-96863.6801254773,6845509.65270053
41,328,Saltuarius swaini,GAM_multi_interactions_with_coords,random,True,0,0.020984674503940155,-96863.6801254773,6845509.65270053
47,369,Cacophis kreftii,GAM_multi_interactions_with_coords,random,True,0,0.08855888855603375,-79381.2357397435,6845781.19738334
47,370,Calyptotis scutirostrum,GAM_multi_interactions_with_coords,random,True,0,0.14912538446239978,-79381.2357397435,6845781.19738334
47,371,Coeranoscincus reticulatus,GAM_multi_interactions_with_coords,random,True,0,0.07044225479810264,-79381.2357397435,6845781.19738334
47,372,Egernia mcpheei,GAM_multi_interactions_with_coords,random,True,0,0.030231347090092866,-79381.2357397435,6845781.19738334
47,373,Eulamprus murrayi,GAM_multi_interactions_with_coords,random,True,0,0.011751137091928397,-79381.2357397435,6845781.19738334
47,374,Ophioscincus truncatus,GAM_multi_interactions_with_coords,random,True,1,0.7659500351977729,-79381.2357397435,6845781.19738334
47,375,Pseudechis porphyricaus,GAM_multi_interactions_with_coords,random,True,0,0.026501848674678464,-79381.2357397435,6845781.19738334
47,376,Saltuarius swaini,GAM_multi_interactions_with_coords,random,True,0,0.019809757136017524,-79381.2357397435,6845781.19738334
52,409,Cacophis kreftii,GAM_multi_interactions_with_coords,random,True,0,0.13909007299790807,-60471.4026198804,6845516.11047191
52,410,Calyptotis scutirostrum,GAM_multi_interactions_with_coords,random,True,1,0.6920364187714059,-60471.4026198804,6845516.11047191
52,411,Coeranoscincus reticulatus,GAM_multi_interactions_with_coords,random,True,0,0.0574936210211133,-60471.4026198804,6845516.11047191
52,412,Egernia mcpheei,GAM_multi_interactions_with_coords,random,True,0,0.10707799279885294,-60471.4026198804,6845516.11047191
52,413,Eulamprus murrayi,GAM_multi_interactions_with_coords,random,True,0,0.025265605367563435,-60471.4026198804,6845516.11047191
52,414,Ophioscincus truncatus,GAM_multi_interactions_with_coords,random,True,1,0.5304559332384151,-60471.4026198804,6845516.11047191
52,415,Pseudechis porphyricaus,GAM_multi_interactions_with_coords,random,True,0,0.024474653416652788,-60471.4026198804,6845516.11047191
52,416,Saltuarius swaini,GAM_multi_interactions_with_coords,random,True,0,0.036279217011614365,-60471.4026198804,6845516.11047191
56,441,Cacophis kreftii,GAM_multi_interactions_with_coords,random,True,0,0.10630589954817184,-60864.6156634532,6845296.97560224
56,442,Calyptotis scutirostrum,GAM_multi_interactions_with_coords,random,True,0,0.613985430345688,-60864.6156634532,6845296.97560224
56,443,Coeranoscincus reticulatus,GAM_multi_interactions_with_coords,random,True,0,0.06303064748117589,-60864.6156634532,6845296.97560224
56,444,Egernia mcpheei,GAM_multi_interactions_with_coords,random,True,0,0.08391386607836536,-60864.6156634532,6845296.97560224
56,445,Eulamprus murrayi,GAM_multi_interactions_with_coords,random,True,0,0.016056054576055145,-60864.6156634532,6845296.97560224
56,446,Ophioscincus truncatus,GAM_multi_interactions_with_coords,random,True,1,0.4015274437147533,-60864.6156634532,6845296.97560224
56,447,Pseudechis porphyricaus,GAM_multi_interactions_with_coords,random,True,0,0.016807836445685082,-60864.6156634532,6845296.97560224
56,448,Saltuarius swaini,GAM_multi_interactions_with_coords,random,True,0,0.026271687172750222,-60864.6156634532,6845296.97560224
61,481,Cacophis kreftii,GAM_multi_interactions_with_coords,random,True,0,0.058727477222481644,-61435.1928033584,6844668.54431818
61,482,Calyptotis scutirostrum,GAM_multi_interactions_with_coords,random,True,0,0.21950818215208934,-61435.1928033584,6844668.54431818
61,483,Coeranoscincus reticulatus,GAM_multi_interactions_with_coords,random,True,0,0.0914609800072821,-61435.1928033584,6844668.54431818
61,484,Egernia mcpheei,GAM_multi_interactions_with_coords,random,True,0,0.018503797830366663,-61435.1928033584,6844668.54431818
61,485,Eulamprus murrayi,GAM_multi_interactions_with_coords,random,True,0,0.01384385096527916,-61435.1928033584,6844668.54431818
61,486,Ophioscincus truncatus,GAM_multi_interactions_with_coords,random,True,1,0.3491294211391314,-61435.1928033584,6844668.54431818
61,487,Pseudechis porphyricaus,GAM_multi_interactions_with_coords,random,True,0,0.015176482598437091,-61435.1928033584,6844668.54431818
61,488,Saltuarius swaini,GAM_multi_interactions_with_coords,random,True,0,0.022682431754015006,-61435.1928033584,6844668.54431818
62,489,Cacophis kreftii,GAM_multi_interactions_with_coords,random,True,0,0.13896050287160552,-60629.7662982834,6844706.93792291
62,490,Calyptotis scutirostrum,GAM_multi_interactions_with_coords,random,True,1,0.6722601409587818,-60629.7662982834,6844706.93792291
62,491,Coeranoscincus reticulatus,GAM_multi_interactions_with_coords,random,True,0,0.0702426382773889,-60629.7662982834,6844706.93792291
62,492,Egernia mcpheei,GAM_multi_interactions_with_coords,random,True,0,0.1096997328236166,-60629.7662982834,6844706.93792291
62,493,Eulamprus murrayi,GAM_multi_interactions_with_coords,random,True,0,0.020129657313708058,-60629.7662982834,6844706.93792291
62,494,Ophioscincus truncatus,GAM_multi_interactions_with_coords,random,True,1,0.5078131315808937,-60629.7662982834,6844706.93792291
62,495,Pseudechis porphyricaus,GAM_multi_interactions_with_coords,random,True,0,0.030037276323685212,-60629.7662982834,6844706.93792291
62,496,Saltuarius swaini,GAM_multi_interactions_with_coords,random,True,0,0.039931310554503024,-60629.7662982834,6844706.93792291
65,513,Cacophis kreftii,GAM_multi_interactions_with_coords,random,True,0,0.14372792730396883,-84881.8823593461,6843092.18042196
65,514,Calyptotis scutirostrum,GAM_multi_interactions_with_coords,random,True,1,0.5807670414313157,-84881.8823593461,6843092.18042196
65,515,Coeranoscincus reticulatus,GAM_multi_interactions_with_coords,random,True,0,0.13339837735589405,-84881.8823593461,6843092.18042196
65,516,Egernia mcpheei,GAM_multi_interactions_with_coords,random,True,0,0.11973932698112422,-84881.8823593461,6843092.18042196
65,517,Eulamprus murrayi,GAM_multi_interactions_with_coords,random,True,0,0.021774348702967707,-84881.8823593461,6843092.18042196
65,518,Ophioscincus truncatus,GAM_multi_interactions_with_coords,random,True,1,0.3933195111523262,-84881.8823593461,6843092.18042196
65,519,Pseudechis porphyricaus,GAM_multi_interactions_with_coords,random,True,0,0.030800710062648565,-84881.8823593461,6843092.18042196
65,520,Saltuarius swaini,GAM_multi_interactions_with_coords,random,True,0,0.03121268931962992,-84881.8823593461,6843092.18042196
72,569,Cacophis kreftii,GAM_multi_interactions_with_coords,random,True,0,0.050659958419627,-86463.3052036808,6842612.44869674
72,570,Calyptotis scutirostrum,GAM_multi_interactions_with_coords,random,True,1,0.10616653841635723,-86463.3052036808,6842612.44869674
72,571,Coeranoscincus reticulatus,GAM_multi_interactions_with_coords,random,True,0,0.12983434491931198,-86463.3052036808,6842612.44869674
72,572,Egernia mcpheei,GAM_multi_interactions_with_coords,random,True,0,0.04210098953456349,-86463.3052036808,6842612.44869674
72,573,Eulamprus murrayi,GAM_multi_interactions_with_coords,random,True,0,0.009620232259028652,-86463.3052036808,6842612.44869674
72,574,Ophioscincus truncatus,GAM_multi_interactions_with_coords,random,True,1,0.17302622543331034,-86463.3052036808,6842612.44869674
72,575,Pseudechis porphyricaus,GAM_multi_interactions_with_coords,random,True,0,0.010502174284360087,-86463.3052036808,6842612.44869674
72,576,Saltuarius swaini,GAM_multi_interactions_with_coords,random,True,0,0.0172887826566971,-86463.3052036808,6842612.44869674
78,617,Cacophis kreftii,GAM_multi_interactions_with_coords,random,True,0,0.06309295788978882,-85647.642077096,6842252.08566301
78,618,Calyptotis scutirostrum,GAM_multi_interactions_with_coords,random,True,0,0.22026373338045255,-85647.642077096,6842252.08566301
78,619,Coeranoscincus reticulatus,GAM_multi_interactions_with_coords,random,True,1,0.22866024796375747,-85647.642077096,6842252.08566301
78,620,Egernia mcpheei,GAM_multi_interactions_with_coords,random,True,0,0.050120070555835464,-85647.642077096,6842252.08566301
78,621,Eulamprus murrayi,GAM_multi_interactions_with_coords,random,True,0,0.010937278997102897,-85647.642077096,6842252.08566301
78,622,Ophioscincus truncatus,GAM_multi_interactions_with_coords,random,True,0,0.18424113965079295,-85647.642077096,6842252.08566301
78,623,Pseudechis porphyricaus,GAM_multi_interactions_with_coords,random,True,0,0.006607034134694823,-85647.642077096,6842252.08566301
78,624,Saltuarius swaini,GAM_multi_interactions_with_coords,random,True,0,0.011975739431683471,-85647.642077096,6842252.08566301
84,665,Cacophis kreftii,GAM_multi_interactions_with_coords,random,True,0,0.06919029392249766,-75697.1375955953,6840337.76316393
84,666,Calyptotis scutirostrum,GAM_multi_interactions_with_coords,random,True,0,0.15998739793616693,-75697.1375955953,6840337.76316393
84,667,Coeranoscincus reticulatus,GAM_multi_interactions_with_coords,random,True,0,0.05727965109941283,-75697.1375955953,6840337.76316393
84,668,Egernia mcpheei,GAM_multi_interactions_with_coords,random,True,0,0.02964506812785041,-75697.1375955953,6840337.76316393
84,669,Eulamprus murrayi,GAM_multi_interactions_with_coords,random,True,0,0.009061753794664364,-75697.1375955953,6840337.76316393
84,670,Ophioscincus truncatus,GAM_multi_interactions_with_coords,random,True,0,0.29369339979788084,-75697.1375955953,6840337.76316393
84,671,Pseudechis porphyricaus,GAM_multi_interactions_with_coords,random,True,0,0.02486484356864498,-75697.1375955953,6840337.76316393
84,672,Saltuarius swaini,GAM_multi_interactions_with_coords,random,True,0,0.014205900019033511,-75697.1375955953,6840337.76316393
87,689,Cacophis kreftii,GAM_multi_interactions_with_coords,random,True,0,0.01829987319184181,-71013.5035560221,6839163.13240084
87,690,Calyptotis scutirostrum,GAM_multi_interactions_with_coords,random,True,0,0.029297492869157237,-71013.5035560221,6839163.13240084
87,691,Coeranoscincus reticulatus,GAM_multi_interactions_with_coords,random,True,1,0.026207129238967432,-71013.5035560221,6839163.13240084
87,692,Egernia mcpheei,GAM_multi_interactions_with_coords,random,True,0,0.008788444577194425,-71013.5035560221,6839163.13240084
87,693,Eulamprus murrayi,GAM_multi_interactions_with_coords,random,True,0,0.0029971360435859613,-71013.5035560221,6839163.13240084
87,694,Ophioscincus truncatus,GAM_multi_interactions_with_coords,random,True,0,0.1587556821642579,-71013.5035560221,6839163.13240084
87,695,Pseudechis porphyricaus,GAM_multi_interactions_with_coords,random,True,0,0.005678508178047042,-71013.5035560221,6839163.13240084
87,696,Saltuarius swaini,GAM_multi_interactions_with_coords,random,True,0,0.020207635819702145,-71013.5035560221,6839163.13240084
92,729,Cacophis kreftii,GAM_multi_interactions_with_coords,random,True,0,0.030459275487662578,-75353.1982293057,6837536.97534272
92,730,Calyptotis scutirostrum,GAM_multi_interactions_with_coords,random,True,0,0.03360356897701038,-75353.1982293057,6837536.97534272
92,731,Coeranoscincus reticulatus,GAM_multi_interactions_with_coords,random,True,0,0.020546925979715552,-75353.1982293057,6837536.97534272
92,732,Egernia mcpheei,GAM_multi_interactions_with_coords,random,True,0,0.012007425456666625,-75353.1982293057,6837536.97534272
92,733,Eulamprus murrayi,GAM_multi_interactions_with_coords,random,True,0,0.0038296556169794905,-75353.1982293057,6837536.97534272
92,734,Ophioscincus truncatus,GAM_multi_interactions_with_coords,random,True,0,0.29830876060933714,-75353.1982293057,6837536.97534272
92,735,Pseudechis porphyricaus,GAM_multi_interactions_with_coords,random,True,0,0.012283025939352142,-75353.1982293057,6837536.97534272
92,736,Saltuarius swaini,GAM_multi_interactions_with_coords,random,True,0,0.008238387025154574,-75353.1982293057,6837536.97534272
97,769,Cacophis kreftii,GAM_multi_interactions_with_coords,random,True,0,0.11384948967595547,-114250.874091765,6835186.86007185
97,770,Calyptotis scutirostrum,GAM_multi_interactions_with_coords,random,True,1,0.2544449463800559,-114250.874091765,6835186.86007185
97,771,Coeranoscincus reticulatus,GAM_multi_interactions_with_coords,random,True,1,0.4371332096534929,-114250.874091765,6835186.86007185
97,772,Egernia mcpheei,GAM_multi_interactions_with_coords,random,True,0,0.08479536489328449,-114250.874091765,6835186.86007185
97,773,Eulamprus murrayi,GAM_multi_interactions_with_coords,random,True,0,0.026401807729947314,-114250.874091765,6835186.86007185
97,774,Ophioscincus truncatus,GAM_multi_interactions_with_coords,random,True,1,0.39117494229315153,-114250.874091765,6835186.86007185
97,775,Pseudechis porphyricaus,GAM_multi_interactions_with_coords,random,True,0,0.027051501199065135,-114250.874091765,6835186.86007185
97,776,Saltuarius swaini,GAM_multi_interactions_with_coords,random,True,0,0.02468546769928872,-114250.874091765,6835186.86007185
99,785,Cacophis kreftii,GAM_multi_interactions_with_coords,random,True,0,0.05207687528664841,-123277.985601988,6834532.44353339
99,786,Calyptotis scutirostrum,GAM_multi_interactions_with_coords,random,True,0,0.12531846232175584,-123277.985601988,6834532.44353339
99,787,Coeranoscincus reticulatus,GAM_multi_interactions_with_coords,random,True,0,0.6032434483216007,-123277.985601988,6834532.44353339
99,788,Egernia mcpheei,GAM_multi_interactions_with_coords,random,True,0,0.050444696516527526,-123277.985601988,6834532.44353339
99,789,Eulamprus murrayi,GAM_multi_interactions_with_coords,random,True,0,0.008224729980194566,-123277.985601988,6834532.44353339
99,790,Ophioscincus truncatus,GAM_multi_interactions_with_coords,random,True,0,0.14605744522182412,-123277.985601988,6834532.44353339
99,791,Pseudechis porphyricaus,GAM_multi_interactions_with_coords,random,True,0,0.019374537914796194,-123277.985601988,6834532.44353339
99,792,Saltuarius swaini,GAM_multi_interactions_with_coords,random,True,0,0.020489677804442687,-123277.985601988,6834532.44353339
101,801,Cacophis kreftii,GAM_multi_interactions_with_coords,random,True,1,0.16880703783240356,-147109.711119875,6832327.45616153
101,802,Calyptotis scutirostrum,GAM_multi_interactions_with_coords,random,True,1,0.6647125403322894,-147109.711119875,6832327.45616153
101,803,Coeranoscincus reticulatus,GAM_multi_interactions_with_coords,random,True,0,0.5441191141506141,-147109.711119875,6832327.45616153
101,804,Egernia mcpheei,GAM_multi_interactions_with_coords,random,True,0,0.1591015770270306,-147109.711119875,6832327.45616153
101,805,Eulamprus murrayi,GAM_multi_interactions_with_coords,random,True,0,0.035606884796169046,-147109.711119875,6832327.45616153
101,806,Ophioscincus truncatus,GAM_multi_interactions_with_coords,random,True,0,0.2973175722954158,-147109.711119875,6832327.45616153
101,807,Pseudechis porphyricaus,GAM_multi_interactions_with_coords,random,True,0,0.09893345080152882,-147109.711119875,6832327.45616153
101,808,Saltuarius swaini,GAM_multi_interactions_with_coords,random,True,0,0.027244773938255005,-147109.711119875,6832327.45616153
108,857,Cacophis kreftii,GAM_multi_interactions_with_coords,random,True,1,0.06727193839289776,-120786.146445189,6833048.30377336
108,858,Calyptotis scutirostrum,GAM_multi_interactions_with_coords,random,True,0,0.19450459925205402,-120786.146445189,6833048.30377336
108,859,Coeranoscincus reticulatus,GAM_multi_interactions_with_coords,random,True,0,0.6438669821067344,-120786.146445189,6833048.30377336
108,860,Egernia mcpheei,GAM_multi_interactions_with_coords,random,True,0,0.05696009485064122,-120786.146445189,6833048.30377336
108,861,Eulamprus murrayi,GAM_multi_interactions_with_coords,random,True,0,0.013590197186431245,-120786.146445189,6833048.30377336
108,862,Ophioscincus truncatus,GAM_multi_interactions_with_coords,random,True,1,0.1671160221222907,-120786.146445189,6833048.30377336
108,863,Pseudechis porphyricaus,GAM_multi_interactions_with_coords,random,True,0,0.01338656774420932,-120786.146445189,6833048.30377336
108,864,Saltuarius swaini,GAM_multi_interactions_with_coords,random,True,0,0.022248091247394595,-120786.146445189,6833048.30377336
116,921,Cacophis kreftii,GAM_multi_interactions_with_coords,random,True,1,0.04960516267169129,-119959.663589068,6832690.76087561
116,922,Calyptotis scutirostrum,GAM_multi_interactions_with_coords,random,True,0,0.10784267573425697,-119959.663589068,6832690.76087561
116,923,Coeranoscincus reticulatus,GAM_multi_interactions_with_coords,random,True,0,0.5611900324915083,-119959.663589068,6832690.76087561
116,924,Egernia mcpheei,GAM_multi_interactions_with_coords,random,True,0,0.04368202326928685,-119959.663589068,6832690.76087561
116,925,Eulamprus murrayi,GAM_multi_interactions_with_coords,random,True,0,0.007692376905875774,-119959.663589068,6832690.76087561
116,926,Ophioscincus truncatus,GAM_multi_interactions_with_coords,random,True,1,0.1511298072512319,-119959.663589068,6832690.76087561
116,927,Pseudechis porphyricaus,GAM_multi_interactions_with_coords,random,True,0,0.013734650696395335,-119959.663589068,6832690.76087561
116,928,Saltuarius swaini,GAM_multi_interactions_with_coords,random,True,0,0.021821794552219817,-119959.663589068,6832690.76087561
117,929,Cacophis kreftii,GAM_multi_interactions_with_coords,random,True,0,0.061554233593742895,-119338.87811833,6832311.15904512
117,930,Calyptotis scutirostrum,GAM_multi_interactions_with_coords,random,True,1,0.16005065688283127,-119338.87811833,6832311.15904512
117,931,Coeranoscincus reticulatus,GAM_multi_interactions_with_coords,random,True,1,0.6107254480131248,-119338.87811833,6832311.15904512
117,932,Egernia mcpheei,GAM_multi_interactions_with_coords,random,True,0,0.049225407919858764,-119338.87811833,6832311.15904512
117,933,Eulamprus murrayi,GAM_multi_interactions_with_coords,random,True,0,0.011590607174911123,-119338.87811833,6832311.15904512
117,934,Ophioscincus truncatus,GAM_multi_interactions_with_coords,random,True,1,0.16351659091814522,-119338.87811833,6832311.15904512
117,935,Pseudechis porphyricaus,GAM_multi_interactions_with_coords,random,True,0,0.011261643017686923,-119338.87811833,6832311.15904512
117,936,Saltuarius swaini,GAM_multi_interactions_with_coords,random,True,0,0.022004167178790765,-119338.87811833,6832311.15904512
121,961,Cacophis kreftii,GAM_multi_interactions_with_coords,random,True,0,0.07641634791088314,-113308.229962265,6832416.48893136
121,962,Calyptotis scutirostrum,GAM_multi_interactions_with_coords,random,True,0,0.21775210789153857,-113308.229962265,6832416.48893136
121,963,Coeranoscincus reticulatus,GAM_multi_interactions_with_coords,random,True,1,0.4872497009563286,-113308.229962265,6832416.48893136
121,964,Egernia mcpheei,GAM_multi_interactions_with_coords,random,True,0,0.04837255989303822,-113308.229962265,6832416.48893136
121,965,Eulamprus murrayi,GAM_multi_interactions_with_coords,random,True,0,0.015225272954790939,-113308.229962265,6832416.48893136
121,966,Ophioscincus truncatus,GAM_multi_interactions_with_coords,random,True,1,0.24304981871116327,-113308.229962265,6832416.48893136
121,967,Pseudechis porphyricaus,GAM_multi_interactions_with_coords,random,True,0,0.013254480307874055,-113308.229962265,6832416.48893136
121,968,Saltuarius swaini,GAM_multi_interactions_with_coords,random,True,0,0.0234452803673278,-113308.229962265,6832416.48893136
125,993,Cacophis kreftii,GAM_multi_interactions_with_coords,random,True,0,0.044991610946314445,-119100.196556909,6831521.23488212
125,994,Calyptotis scutirostrum,GAM_multi_interactions_with_coords,random,True,1,0.09274267718641833,-119100.196556909,6831521.23488212
125,995,Coeranoscincus reticulatus,GAM_multi_interactions_with_coords,random,True,0,0.4369524101199153,-119100.196556909,6831521.23488212
125,996,Egernia mcpheei,GAM_multi_interactions_with_coords,random,True,0,0.04455015566963714,-119100.196556909,6831521.23488212
125,997,Eulamprus murrayi,GAM_multi_interactions_with_coords,random,True,0,0.007671914254182767,-119100.196556909,6831521.23488212
125,998,Ophioscincus truncatus,GAM_multi_interactions_with_coords,random,True,0,0.13899028909059571,-119100.196556909,6831521.23488212
125,999,Pseudechis porphyricaus,GAM_multi_interactions_with_coords,random,True,0,0.01500733861208095,-119100.196556909,6831521.23488212
125,1000,Saltuarius swaini,GAM_multi_interactions_with_coords,random,True,0,0.022359141877591873,-119100.196556909,6831521.23488212
129,1025,Cacophis kreftii,GAM_multi_interactions_with_coords,random,True,0,0.09128220898266258,-76147.8048592401,6833277.03106837
129,1026,Calyptotis scutirostrum,GAM_multi_interactions_with_coords,random,True,0,0.485486222170302,-76147.8048592401,6833277.03106837
129,1027,Coeranoscincus reticulatus,GAM_multi_interactions_with_coords,random,True,0,0.08295285872194302,-76147.8048592401,6833277.03106837
129,1028,Egernia mcpheei,GAM_multi_interactions_with_coords,random,True,0,0.07280962273745827,-76147.8048592401,6833277.03106837
129,1029,Eulamprus murrayi,GAM_multi_interactions_with_coords,random,True,0,0.014012349199161849,-76147.8048592401,6833277.03106837
129,1030,Ophioscincus truncatus,GAM_multi_interactions_with_coords,random,True,0,0.32531790964892804,-76147.8048592401,6833277.03106837
129,1031,Pseudechis porphyricaus,GAM_multi_interactions_with_coords,random,True,0,0.013037634434521567,-76147.8048592401,6833277.03106837
129,1032,Saltuarius swaini,GAM_multi_interactions_with_coords,random,True,0,0.01708040106193703,-76147.8048592401,6833277.03106837
132,1049,Cacophis kreftii,GAM_multi_interactions_with_coords,random,True,0,0.05214576065419028,-105801.162580743,6831179.93507326
132,1050,Calyptotis scutirostrum,GAM_multi_interactions_with_coords,random,True,0,0.10429029882240216,-105801.162580743,6831179.93507326
132,1051,Coeranoscincus reticulatus,GAM_multi_interactions_with_coords,random,True,0,0.4268852685310898,-105801.162580743,6831179.93507326
132,1052,Egernia mcpheei,GAM_multi_interactions_with_coords,random,True,0,0.05812511104485187,-105801.162580743,6831179.93507326
132,1053,Eulamprus murrayi,GAM_multi_interactions_with_coords,random,True,0,0.007482847113826813,-105801.162580743,6831179.93507326
132,1054,Ophioscincus truncatus,GAM_multi_interactions_with_coords,random,True,0,0.12294840495280954,-105801.162580743,6831179.93507326
132,1055,Pseudechis porphyricaus,GAM_multi_interactions_with_coords,random,True,0,0.011068155487406023,-105801.162580743,6831179.93507326
132,1056,Saltuarius swaini,GAM_multi_interactions_with_coords,random,True,0,0.012929191105187044,-105801.162580743,6831179.93507326
133,1057,Cacophis kreftii,GAM_multi_interactions_with_coords,random,True,0,0.07181048426241907,-76520.6971461142,6832657.28276156
133,1058,Calyptotis scutirostrum,GAM_multi_interactions_with_coords,random,True,1,0.30923045912166996,-76520.6971461142,6832657.28276156
133,1059,Coeranoscincus reticulatus,GAM_multi_interactions_with_coords,random,True,0,0.06669670267036178,-76520.6971461142,6832657.28276156
133,1060,Egernia mcpheei,GAM_multi_interactions_with_coords,random,True,0,0.042830611035990306,-76520.6971461142,6832657.28276156
133,1061,Eulamprus murrayi,GAM_multi_interactions_with_coords,random,True,0,0.011032729782084713,-76520.6971461142,6832657.28276156
133,1062,Ophioscincus truncatus,GAM_multi_interactions_with_coords,random,True,0,0.43062435966831963,-76520.6971461142,6832657.28276156
133,1063,Pseudechis porphyricaus,GAM_multi_interactions_with_coords,random,True,0,0.009707750424029165,-76520.6971461142,6832657.28276156
133,1064,Saltuarius swaini,GAM_multi_interactions_with_coords,random,True,0,0.012571956286784867,-76520.6971461142,6832657.28276156
136,1081,Cacophis kreftii,GAM_multi_interactions_with_coords,random,True,0,0.038394070336988606,-62745.5415882464,6830732.52392328
136,1082,Calyptotis scutirostrum,GAM_multi_interactions_with_coords,random,True,0,0.08138289780612531,-62745.5415882464,6830732.52392328
136,1083,Coeranoscincus reticulatus,GAM_multi_interactions_with_coords,random,True,0,0.03750233014654868,-62745.5415882464,6830732.52392328
136,1084,Egernia mcpheei,GAM_multi_interactions_with_coords,random,True,0,0.014298797973578565,-62745.5415882464,6830732.52392328
136,1085,Eulamprus murrayi,GAM_multi_interactions_with_coords,random,True,0,0.005940736459151627,-62745.5415882464,6830732.52392328
136,1086,Ophioscincus truncatus,GAM_multi_interactions_with_coords,random,True,1,0.22378751820262738,-62745.5415882464,6830732.52392328
136,1087,Pseudechis porphyricaus,GAM_multi_interactions_with_coords,random,True,0,0.009407146475608029,-62745.5415882464,6830732.52392328
136,1088,Saltuarius swaini,GAM_multi_interactions_with_coords,random,True,0,0.008107650139064764,-62745.5415882464,6830732.52392328
139,1105,Cacophis kreftii,GAM_multi_interactions_with_coords,random,True,0,0.13975038016487407,-60097.6324680274,6830057.84195886
139,1106,Calyptotis scutirostrum,GAM_multi_interactions_with_coords,random,True,0,0.6550207346065989,-60097.6324680274,6830057.84195886
139,1107,Coeranoscincus reticulatus,GAM_multi_interactions_with_coords,random,True,0,0.09762100681119978,-60097.6324680274,6830057.84195886
139,1108,Egernia mcpheei,GAM_multi_interactions_with_coords,random,True,0,0.11350538665571687,-60097.6324680274,6830057.84195886
139,1109,Eulamprus murrayi,GAM_multi_interactions_with_coords,random,True,0,0.01947385517687931,-60097.6324680274,6830057.84195886
139,1110,Ophioscincus truncatus,GAM_multi_interactions_with_coords,random,True,1,0.46135662231038255,-60097.6324680274,6830057.84195886
139,1111,Pseudechis porphyricaus,GAM_multi_interactions_with_coords,random,True,0,0.030264387485892868,-60097.6324680274,6830057.84195886
139,1112,Saltuarius swaini,GAM_multi_interactions_with_coords,random,True,0,0.03603490639494014,-60097.6324680274,6830057.84195886
141,1121,Cacophis kreftii,GAM_multi_interactions_with_coords,random,True,0,0.06249554735301883,-59274.1159834863,6829696.39928037
141,1122,Calyptotis scutirostrum,GAM_multi_interactions_with_coords,random,True,0,0.24485955304793347,-59274.1159834863,6829696.39928037
141,1123,Coeranoscincus reticulatus,GAM_multi_interactions_with_coords,random,True,0,0.13186818920579024,-59274.1159834863,6829696.39928037
141,1124,Egernia mcpheei,GAM_multi_interactions_with_coords,random,True,0,0.034342302200190605,-59274.1159834863,6829696.39928037
141,1125,Eulamprus murrayi,GAM_multi_interactions_with_coords,random,True,0,0.010087456098596265,-59274.1159834863,6829696.39928037
141,1126,Ophioscincus truncatus,GAM_multi_interactions_with_coords,random,True,0,0.18822211644269446,-59274.1159834863,6829696.39928037
141,1127,Pseudechis porphyricaus,GAM_multi_interactions_with_coords,random,True,0,0.018128994971899254,-59274.1159834863,6829696.39928037
141,1128,Saltuarius swaini,GAM_multi_interactions_with_coords,random,True,0,0.029753493793101903,-59274.1159834863,6829696.39928037
148,1177,Cacophis kreftii,GAM_multi_interactions_with_coords,random,True,0,0.07334697257421631,-59039.7148912014,6828905.9612443
148,1178,Calyptotis scutirostrum,GAM_multi_interactions_with_coords,random,True,1,0.26158676089107064,-59039.7148912014,6828905.9612443
148,1179,Coeranoscincus reticulatus,GAM_multi_interactions_with_coords,random,True,0,0.06320429472296606,-59039.7148912014,6828905.9612443
148,1180,Egernia mcpheei,GAM_multi_interactions_with_coords,random,True,1,0.039975030883139195,-59039.7148912014,6828905.9612443
148,1181,Eulamprus murrayi,GAM_multi_interactions_with_coords,random,True,0,0.013588839793886844,-59039.7148912014,6828905.9612443
148,1182,Ophioscincus truncatus,GAM_multi_interactions_with_coords,random,True,1,0.2966195537535014,-59039.7148912014,6828905.9612443
148,1183,Pseudechis porphyricaus,GAM_multi_interactions_with_coords,random,True,0,0.015200213506749032,-59039.7148912014,6828905.9612443
148,1184,Saltuarius swaini,GAM_multi_interactions_with_coords,random,True,0,0.0179713753068007,-59039.7148912014,6828905.9612443
153,1217,Cacophis kreftii,GAM_multi_interactions_with_coords,random,True,0,0.056248021854205764,-56158.084536112,6827640.49763384
153,1218,Calyptotis scutirostrum,GAM_multi_interactions_with_coords,random,True,1,0.18735322426218087,-56158.084536112,6827640.49763384
153,1219,Coeranoscincus reticulatus,GAM_multi_interactions_with_coords,random,True,0,0.027946640693983883,-56158.084536112,6827640.49763384
153,1220,Egernia mcpheei,GAM_multi_interactions_with_coords,random,True,0,0.030645452871098468,-56158.084536112,6827640.49763384
153,1221,Eulamprus murrayi,GAM_multi_interactions_with_coords,random,True,0,0.01142754016511491,-56158.084536112,6827640.49763384
153,1222,Ophioscincus truncatus,GAM_multi_interactions_with_coords,random,True,1,0.34073315668288107,-56158.084536112,6827640.49763384
153,1223,Pseudechis porphyricaus,GAM_multi_interactions_with_coords,random,True,0,0.023140473794808714,-56158.084536112,6827640.49763384
153,1224,Saltuarius swaini,GAM_multi_interactions_with_coords,random,True,0,0.02354012193075505,-56158.084536112,6827640.49763384
160,1273,Cacophis kreftii,GAM_multi_interactions_with_coords,random,True,0,0.04336046517987446,-57082.2051583753,6825993.28319997
160,1274,Calyptotis scutirostrum,GAM_multi_interactions_with_coords,random,True,1,0.14443850951328,-57082.2051583753,6825993.28319997
160,1275,Coeranoscincus reticulatus,GAM_multi_interactions_with_coords,random,True,0,0.022915298275446767,-57082.2051583753,6825993.28319997
160,1276,Egernia mcpheei,GAM_multi_interactions_with_coords,random,True,0,0.022243192998990583,-57082.2051583753,6825993.28319997
160,1277,Eulamprus murrayi,GAM_multi_interactions_with_coords,random,True,0,0.008070121317696851,-57082.2051583753,6825993.28319997
160,1278,Ophioscincus truncatus,GAM_multi_interactions_with_coords,random,True,0,0.3090458419058082,-57082.2051583753,6825993.28319997
160,1279,Pseudechis porphyricaus,GAM_multi_interactions_with_coords,random,True,0,0.015927615824449733,-57082.2051583753,6825993.28319997
160,1280,Saltuarius swaini,GAM_multi_interactions_with_coords,random,True,0,0.02003987698215662,-57082.2051583753,6825993.28319997
165,1313,Cacophis kreftii,GAM_multi_interactions_with_coords,random,True,0,0.06077252932036182,-116199.528148125,6817786.39841097
165,1314,Calyptotis scutirostrum,GAM_multi_interactions_with_coords,random,True,0,0.12917923910197254,-116199.528148125,6817786.39841097
165,1315,Coeranoscincus reticulatus,GAM_multi_interactions_with_coords,random,True,0,0.4682340595332021,-116199.528148125,6817786.39841097
165,1316,Egernia mcpheei,GAM_multi_interactions_with_coords,random,True,0,0.047425671857958984,-116199.528148125,6817786.39841097
165,1317,Eulamprus murrayi,GAM_multi_interactions_with_coords,random,True,0,0.015694224350158385,-116199.528148125,6817786.39841097
165,1318,Ophioscincus truncatus,GAM_multi_interactions_with_coords,random,True,0,0.21410168426600293,-116199.528148125,6817786.39841097
165,1319,Pseudechis porphyricaus,GAM_multi_interactions_with_coords,random,True,0,0.011849232397387614,-116199.528148125,6817786.39841097
165,1320,Saltuarius swaini,GAM_multi_interactions_with_coords,random,True,0,0.02171178695987638,-116199.528148125,6817786.39841097
169,1345,Cacophis kreftii,GAM_multi_interactions_with_coords,random,True,0,0.01568429277108783,-108876.433782581,6816343.47520397
169,1346,Calyptotis scutirostrum,GAM_multi_interactions_with_coords,random,True,0,0.015962781005764797,-108876.433782581,6816343.47520397
169,1347,Coeranoscincus reticulatus,GAM_multi_interactions_with_coords,random,True,0,0.16816693871149993,-108876.433782581,6816343.47520397
169,1348,Egernia mcpheei,GAM_multi_interactions_with_coords,random,True,0,0.014489914936346356,-108876.433782581,6816343.47520397
169,1349,Eulamprus murrayi,GAM_multi_interactions_with_coords,random,True,0,0.0026616092578037437,-108876.433782581,6816343.47520397
169,1350,Ophioscincus truncatus,GAM_multi_interactions_with_coords,random,True,0,0.047253782676321576,-108876.433782581,6816343.47520397
169,1351,Pseudechis porphyricaus,GAM_multi_interactions_with_coords,random,True,0,0.007012239756965008,-108876.433782581,6816343.47520397
169,1352,Saltuarius swaini,GAM_multi_interactions_with_coords,random,True,0,0.010228766491036857,-108876.433782581,6816343.47520397
172,1369,Cacophis kreftii,GAM_multi_interactions_with_coords,random,True,0,0.0221600053762418,-148834.228828815,6806479.17622519
172,1370,Calyptotis scutirostrum,GAM_multi_interactions_with_coords,random,True,0,0.061929469881054654,-148834.228828815,6806479.17622519
172,1371,Coeranoscincus reticulatus,GAM_multi_interactions_with_coords,random,True,0,0.3372789521410778,-148834.228828815,6806479.17622519
172,1372,Egernia mcpheei,GAM_multi_interactions_with_coords,random,True,0,0.015179960669873321,-148834.228828815,6806479.17622519
172,1373,Eulamprus murrayi,GAM_multi_interactions_with_coords,random,True,0,0.004850122296039388,-148834.228828815,6806479.17622519
172,1374,Ophioscincus truncatus,GAM_multi_interactions_with_coords,random,True,0,0.07343950600121607,-148834.228828815,6806479.17622519
172,1375,Pseudechis porphyricaus,GAM_multi_interactions_with_coords,random,True,0,0.013575101222667987,-148834.228828815,6806479.17622519
172,1376,Saltuarius swaini,GAM_multi_interactions_with_coords,random,True,0,0.0076391267387142135,-148834.228828815,6806479.17622519
173,1377,Cacophis kreftii,GAM_multi_interactions_with_coords,random,True,0,0.005382336044738639,-26864.9515665186,6812638.8314962
173,1378,Calyptotis scutirostrum,GAM_multi_interactions_with_coords,random,True,0,0.006485119341427728,-26864.9515665186,6812638.8314962
173,1379,Coeranoscincus reticulatus,GAM_multi_interactions_with_coords,random,True,0,0.00941608236669889,-26864.9515665186,6812638.8314962
173,1380,Egernia mcpheei,GAM_multi_interactions_with_coords,random,True,0,0.0020115880149026086,-26864.9515665186,6812638.8314962
173,1381,Eulamprus murrayi,GAM_multi_interactions_with_coords,random,True,0,0.0008614959064469478,-26864.9515665186,6812638.8314962
173,1382,Ophioscincus truncatus,GAM_multi_interactions_with_coords,random,True,0,0.04179468657780399,-26864.9515665186,6812638.8314962
173,1383,Pseudechis porphyricaus,GAM_multi_interactions_with_coords,random,True,0,0.002011654192412269,-26864.9515665186,6812638.8314962
173,1384,Saltuarius swaini,GAM_multi_interactions_with_coords,random,True,0,0.007389195737210358,-26864.9515665186,6812638.8314962
175,1393,Cacophis kreftii,GAM_multi_interactions_with_coords,random,True,0,0.012977771418339081,-26614.0603685924,6811648.67695057
175,1394,Calyptotis scutirostrum,GAM_multi_interactions_with_coords,random,True,1,0.03267626641171059,-26614.0603685924,6811648.67695057
175,1395,Coeranoscincus reticulatus,GAM_multi_interactions_with_coords,random,True,0,0.024200929605146054,-26614.0603685924,6811648.67695057
175,1396,Egernia mcpheei,GAM_multi_interactions_with_coords,random,True,0,0.007735386262861622,-26614.0603685924,6811648.67695057
175,1397,Eulamprus murrayi,GAM_multi_interactions_with_coords,random,True,0,0.0020469816673386754,-26614.0603685924,6811648.67695057
175,1398,Ophioscincus truncatus,GAM_multi_interactions_with_coords,random,True,0,0.03454448159087068,-26614.0603685924,6811648.67695057
175,1399,Pseudechis porphyricaus,GAM_multi_interactions_with_coords,random,True,0,0.004905453415199659,-26614.0603685924,6811648.67695057
175,1400,Saltuarius swaini,GAM_multi_interactions_with_coords,random,True,0,0.01672446536659672,-26614.0603685924,6811648.67695057
180,1433,Cacophis kreftii,GAM_multi_interactions_with_coords,random,True,0,0.0063674533899438415,-29780.9705356891,6806663.75964171
180,1434,Calyptotis scutirostrum,GAM_multi_interactions_with_coords,random,True,0,0.008049026198784249,-29780.9705356891,6806663.75964171
180,1435,Coeranoscincus reticulatus,GAM_multi_interactions_with_coords,random,True,0,0.008642713945756237,-29780.9705356891,6806663.75964171
180,1436,Egernia mcpheei,GAM_multi_interactions_with_coords,random,True,0,0.0027114512413476156,-29780.9705356891,6806663.75964171
180,1437,Eulamprus murrayi,GAM_multi_interactions_with_coords,random,True,0,0.0019789500459446107,-29780.9705356891,6806663.75964171
180,1438,Ophioscincus truncatus,GAM_multi_interactions_with_coords,random,True,0,0.012060067894286824,-29780.9705356891,6806663.75964171
180,1439,Pseudechis porphyricaus,GAM_multi_interactions_with_coords,random,True,0,0.004391750327467967,-29780.9705356891,6806663.75964171
180,1440,Saltuarius swaini,GAM_multi_interactions_with_coords,random,True,0,0.006914683384229453,-29780.9705356891,6806663.75964171
181,1441,Cacophis kreftii,GAM_multi_interactions_with_coords,random,True,0,0.006291040289331459,-29379.7381757025,6806682.07694802
181,1442,Calyptotis scutirostrum,GAM_multi_interactions_with_coords,random,True,0,0.00796419518443745,-29379.7381757025,6806682.07694802
181,1443,Coeranoscincus reticulatus,GAM_multi_interactions_with_coords,random,True,0,0.008691396139030565,-29379.7381757025,6806682.07694802
181,1444,Egernia mcpheei,GAM_multi_interactions_with_coords,random,True,0,0.0026935522951283958,-29379.7381757025,6806682.07694802
181,1445,Eulamprus murrayi,GAM_multi_interactions_with_coords,random,True,0,0.0019362596011993408,-29379.7381757025,6806682.07694802
181,1446,Ophioscincus truncatus,GAM_multi_interactions_with_coords,random,True,0,0.011758250073257422,-29379.7381757025,6806682.07694802
181,1447,Pseudechis porphyricaus,GAM_multi_interactions_with_coords,random,True,0,0.004328009261054638,-29379.7381757025,6806682.07694802
181,1448,Saltuarius swaini,GAM_multi_interactions_with_coords,random,True,0,0.006816433655547769,-29379.7381757025,6806682.07694802
185,1473,Cacophis kreftii,GAM_multi_interactions_with_coords,random,True,0,0.03618481004782522,-154680.904774922,6798732.86570032
185,1474,Calyptotis scutirostrum,GAM_multi_interactions_with_coords,random,True,0,0.09319980217476795,-154680.904774922,6798732.86570032
185,1475,Coeranoscincus reticulatus,GAM_multi_interactions_with_coords,random,True,1,0.509705063585957,-154680.904774922,6798732.86570032
185,1476,Egernia mcpheei,GAM_multi_interactions_with_coords,random,True,0,0.02275837186267087,-154680.904774922,6798732.86570032
185,1477,Eulamprus murrayi,GAM_multi_interactions_with_coords,random,True,0,0.009566962247669149,-154680.904774922,6798732.86570032
185,1478,Ophioscincus truncatus,GAM_multi_interactions_with_coords,random,True,0,0.1174146071672807,-154680.904774922,6798732.86570032
185,1479,Pseudechis porphyricaus,GAM_multi_interactions_with_coords,random,True,0,0.01787101861878427,-154680.904774922,6798732.86570032
185,1480,Saltuarius swaini,GAM_multi_interactions_with_coords,random,True,0,0.01093601915968551,-154680.904774922,6798732.86570032
194,1545,Cacophis kreftii,GAM_multi_interactions_with_coords,random,True,0,0.06333459767598315,-113057.133584369,6799439.25721174
194,1546,Calyptotis scutirostrum,GAM_multi_interactions_with_coords,random,True,0,0.10181561434904951,-113057.133584369,6799439.25721174
194,1547,Coeranoscincus reticulatus,GAM_multi_interactions_with_coords,random,True,1,0.5386674120388641,-113057.133584369,6799439.25721174
194,1548,Egernia mcpheei,GAM_multi_interactions_with_coords,random,True,0,0.07097405411298514,-113057.133584369,6799439.25721174
194,1549,Eulamprus murrayi,GAM_multi_interactions_with_coords,random,True,0,0.011433990116741283,-113057.133584369,6799439.25721174
194,1550,Ophioscincus truncatus,GAM_multi_interactions_with_coords,random,True,0,0.1345626023825929,-113057.133584369,6799439.25721174
194,1551,Pseudechis porphyricaus,GAM_multi_interactions_with_coords,random,True,0,0.016604856345851383,-113057.133584369,6799439.25721174
194,1552,Saltuarius swaini,GAM_multi_interactions_with_coords,random,True,0,0.01660661637214006,-113057.133584369,6799439.25721174
195,1553,Cacophis kreftii,GAM_multi_interactions_with_coords,random,True,0,0.057186259924427676,-153177.628494992,6796999.50794559
195,1554,Calyptotis scutirostrum,GAM_multi_interactions_with_coords,random,True,0,0.15770025935362725,-153177.628494992,6796999.50794559
195,1555,Coeranoscincus reticulatus,GAM_multi_interactions_with_coords,random,True,1,0.4506338341451482,-153177.628494992,6796999.50794559
195,1556,Egernia mcpheei,GAM_multi_interactions_with_coords,random,True,0,0.0468939443728052,-153177.628494992,6796999.50794559
195,1557,Eulamprus murrayi,GAM_multi_interactions_with_coords,random,True,0,0.015816434046051556,-153177.628494992,6796999.50794559
195,1558,Ophioscincus truncatus,GAM_multi_interactions_with_coords,random,True,0,0.19783286554512605,-153177.628494992,6796999.50794559
195,1559,Pseudechis porphyricaus,GAM_multi_interactions_with_coords,random,True,0,0.03897566231684554,-153177.628494992,6796999.50794559
195,1560,Saltuarius swaini,GAM_multi_interactions_with_coords,random,True,0,0.020642569515606505,-153177.628494992,6796999.50794559
203,1617,Cacophis kreftii,GAM_multi_interactions_with_coords,random,True,0,0.036877050587996514,-165638.858103626,6792540.33884748
203,1618,Calyptotis scutirostrum,GAM_multi_interactions_with_coords,random,True,0,0.03345889964023888,-165638.858103626,6792540.33884748
203,1619,Coeranoscincus reticulatus,GAM_multi_interactions_with_coords,random,True,1,0.45232540760085765,-165638.858103626,6792540.33884748
203,1620,Egernia mcpheei,GAM_multi_interactions_with_coords,random,True,0,0.01580560389700796,-165638.858103626,6792540.33884748
203,1621,Eulamprus murrayi,GAM_multi_interactions_with_coords,random,True,0,0.009027330829190895,-165638.858103626,6792540.33884748
203,1622,Ophioscincus truncatus,GAM_multi_interactions_with_coords,random,True,0,0.14380833484478173,-165638.858103626,6792540.33884748
203,1623,Pseudechis porphyricaus,GAM_multi_interactions_with_coords,random,True,0,0.09870120404520813,-165638.858103626,6792540.33884748
203,1624,Saltuarius swaini,GAM_multi_interactions_with_coords,random,True,0,0.009825962672691504,-165638.858103626,6792540.33884748
205,1633,Cacophis kreftii,GAM_multi_interactions_with_coords,random,True,0,0.02069231539217563,-111987.574051639,6794257.38010052
205,1634,Calyptotis scutirostrum,GAM_multi_interactions_with_coords,random,True,0,0.022167180609415124,-111987.574051639,6794257.38010052
205,1635,Coeranoscincus reticulatus,GAM_multi_interactions_with_coords,random,True,0,0.27739167927115593,-111987.574051639,6794257.38010052
205,1636,Egernia mcpheei,GAM_multi_interactions_with_coords,random,True,0,0.022547714557380596,-111987.574051639,6794257.38010052
205,1637,Eulamprus murrayi,GAM_multi_interactions_with_coords,random,True,0,0.0037648058726302536,-111987.574051639,6794257.38010052
205,1638,Ophioscincus truncatus,GAM_multi_interactions_with_coords,random,True,0,0.06461719135637818,-111987.574051639,6794257.38010052
205,1639,Pseudechis porphyricaus,GAM_multi_interactions_with_coords,random,True,0,0.009912754381358838,-111987.574051639,6794257.38010052
205,1640,Saltuarius swaini,GAM_multi_interactions_with_coords,random,True,0,0.0115257884119161,-111987.574051639,6794257.38010052
209,1665,Cacophis kreftii,GAM_multi_interactions_with_coords,random,True,0,0.01705228476177086,-112530.721336831,6793024.84869485
209,1666,Calyptotis scutirostrum,GAM_multi_interactions_with_coords,random,True,0,0.019695504291641595,-112530.721336831,6793024.84869485
209,1667,Coeranoscincus reticulatus,GAM_multi_interactions_with_coords,random,True,1,0.29895152027861055,-112530.721336831,6793024.84869485
209,1668,Egernia mcpheei,GAM_multi_interactions_with_coords,random,True,0,0.01924660689660992,-112530.721336831,6793024.84869485
209,1669,Eulamprus murrayi,GAM_multi_interactions_with_coords,random,True,0,0.002788695082018989,-112530.721336831,6793024.84869485
209,1670,Ophioscincus truncatus,GAM_multi_interactions_with_coords,random,True,0,0.04502676336683717,-112530.721336831,6793024.84869485
209,1671,Pseudechis porphyricaus,GAM_multi_interactions_with_coords,random,True,0,0.007292517516279187,-112530.721336831,6793024.84869485
209,1672,Saltuarius swaini,GAM_multi_interactions_with_coords,random,True,0,0.009069710632386142,-112530.721336831,6793024.84869485
214,1705,Cacophis kreftii,GAM_multi_interactions_with_coords,random,True,0,0.04279714227370645,-110822.113763642,6787074.42336939
214,1706,Calyptotis scutirostrum,GAM_multi_interactions_with_coords,random,True,0,0.06892412478495905,-110822.113763642,6787074.42336939
214,1707,Coeranoscincus reticulatus,GAM_multi_interactions_with_coords,random,True,0,0.42381555905730384,-110822.113763642,6787074.42336939
214,1708,Egernia mcpheei,GAM_multi_interactions_with_coords,random,True,0,0.06881049937370097,-110822.113763642,6787074.42336939
214,1709,Eulamprus murrayi,GAM_multi_interactions_with_coords,random,True,0,0.008203410671740996,-110822.113763642,6787074.42336939
214,1710,Ophioscincus truncatus,GAM_multi_interactions_with_coords,random,True,0,0.08141358508585937,-110822.113763642,6787074.42336939
214,1711,Pseudechis porphyricaus,GAM_multi_interactions_with_coords,random,True,0,0.020389231693915256,-110822.113763642,6787074.42336939
214,1712,Saltuarius swaini,GAM_multi_interactions_with_coords,random,True,0,0.025295114230637454,-110822.113763642,6787074.42336939
226,1801,Cacophis kreftii,GAM_multi_interactions_with_coords,random,True,0,0.03454916303766139,-156768.616233883,6780508.50732801
226,1802,Calyptotis scutirostrum,GAM_multi_interactions_with_coords,random,True,0,0.04742914265679972,-156768.616233883,6780508.50732801
226,1803,Coeranoscincus reticulatus,GAM_multi_interactions_with_coords,random,True,1,0.48797387951225757,-156768.616233883,6780508.50732801
226,1804,Egernia mcpheei,GAM_multi_interactions_with_coords,random,True,0,0.021537720473111182,-156768.616233883,6780508.50732801
226,1805,Eulamprus murrayi,GAM_multi_interactions_with_coords,random,True,0,0.007294203728390151,-156768.616233883,6780508.50732801
226,1806,Ophioscincus truncatus,GAM_multi_interactions_with_coords,random,True,0,0.1732470009104775,-156768.616233883,6780508.50732801
226,1807,Pseudechis porphyricaus,GAM_multi_interactions_with_coords,random,True,0,0.030459671106335552,-156768.616233883,6780508.50732801
226,1808,Saltuarius swaini,GAM_multi_interactions_with_coords,random,True,0,0.016132753140994188,-156768.616233883,6780508.50732801
231,1841,Cacophis kreftii,GAM_multi_interactions_with_coords,random,True,0,0.014340828647866281,-107923.462038802,6781588.26422547
231,1842,Calyptotis scutirostrum,GAM_multi_interactions_with_coords,random,True,0,0.00857201768898227,-107923.462038802,6781588.26422547
231,1843,Coeranoscincus reticulatus,GAM_multi_interactions_with_coords,random,True,1,0.13695902272608348,-107923.462038802,6781588.26422547
231,1844,Egernia mcpheei,GAM_multi_interactions_with_coords,random,True,0,0.011709741213524116,-107923.462038802,6781588.26422547
231,1845,Eulamprus murrayi,GAM_multi_interactions_with_coords,random,True,0,0.002759326709397459,-107923.462038802,6781588.26422547
231,1846,Ophioscincus truncatus,GAM_multi_interactions_with_coords,random,True,0,0.0647310697756414,-107923.462038802,6781588.26422547
231,1847,Pseudechis porphyricaus,GAM_multi_interactions_with_coords,random,True,0,0.010614942930480813,-107923.462038802,6781588.26422547
231,1848,Saltuarius swaini,GAM_multi_interactions_with_coords,random,True,0,0.011035859007271838,-107923.462038802,6781588.26422547
232,1849,Cacophis kreftii,GAM_multi_interactions_with_coords,random,True,0,0.04365816399644145,-154268.894705046,6778832.59399199
232,1850,Calyptotis scutirostrum,GAM_multi_interactions_with_coords,random,True,0,0.04532088741219849,-154268.894705046,6778832.59399199
232,1851,Coeranoscincus reticulatus,GAM_multi_interactions_with_coords,random,True,0,0.5127270964630228,-154268.894705046,6778832.59399199
232,1852,Egernia mcpheei,GAM_multi_interactions_with_coords,random,True,0,0.02402971142525437,-154268.894705046,6778832.59399199
232,1853,Eulamprus murrayi,GAM_multi_interactions_with_coords,random,True,0,0.008618860066968412,-154268.894705046,6778832.59399199
232,1854,Ophioscincus truncatus,GAM_multi_interactions_with_coords,random,True,0,0.26404339610680494,-154268.894705046,6778832.59399199
232,1855,Pseudechis porphyricaus,GAM_multi_interactions_with_coords,random,True,0,0.041549627360007155,-154268.894705046,6778832.59399199
232,1856,Saltuarius swaini,GAM_multi_interactions_with_coords,random,True,0,0.026523783283862894,-154268.894705046,6778832.59399199
236,1881,Cacophis kreftii,GAM_multi_interactions_with_coords,random,True,0,0.028508944646010666,-157007.529503806,6769427.67794309
236,1882,Calyptotis scutirostrum,GAM_multi_interactions_with_coords,random,True,0,0.013570403666533254,-157007.529503806,6769427.67794309
236,1883,Coeranoscincus reticulatus,GAM_multi_interactions_with_coords,random,True,1,0.2904282097507263,-157007.529503806,6769427.67794309
236,1884,Egernia mcpheei,GAM_multi_interactions_with_coords,random,True,0,0.012832690486397657,-157007.529503806,6769427.67794309
236,1885,Eulamprus murrayi,GAM_multi_interactions_with_coords,random,True,0,0.0062674500547979,-157007.529503806,6769427.67794309
236,1886,Ophioscincus truncatus,GAM_multi_interactions_with_coords,random,True,0,0.16877453918498067,-157007.529503806,6769427.67794309
236,1887,Pseudechis porphyricaus,GAM_multi_interactions_with_coords,random,True,0,0.10465911129209421,-157007.529503806,6769427.67794309
236,1888,Saltuarius swaini,GAM_multi_interactions_with_coords,random,True,0,0.013897878160312198,-157007.529503806,6769427.67794309
237,1889,Cacophis kreftii,GAM_multi_interactions_with_coords,random,True,0,0.04373587474605803,-157601.945479142,6769192.74860327
237,1890,Calyptotis scutirostrum,GAM_multi_interactions_with_coords,random,True,0,0.023755065732772182,-157601.945479142,6769192.74860327
237,1891,Coeranoscincus reticulatus,GAM_multi_interactions_with_coords,random,True,1,0.37316010764045043,-157601.945479142,6769192.74860327
237,1892,Egernia mcpheei,GAM_multi_interactions_with_coords,random,True,0,0.01831081303537603,-157601.945479142,6769192.74860327
237,1893,Eulamprus murrayi,GAM_multi_interactions_with_coords,random,True,0,0.011661966012796189,-157601.945479142,6769192.74860327
237,1894,Ophioscincus truncatus,GAM_multi_interactions_with_coords,random,True,0,0.2741038226962121,-157601.945479142,6769192.74860327
237,1895,Pseudechis porphyricaus,GAM_multi_interactions_with_coords,random,True,0,0.15760261996466363,-157601.945479142,6769192.74860327
237,1896,Saltuarius swaini,GAM_multi_interactions_with_coords,random,True,0,0.018128524692029364,-157601.945479142,6769192.74860327
238,1897,Cacophis kreftii,GAM_multi_interactions_with_coords,random,True,0,0.009195679064859979,-42631.6013249115,6774856.7836682
238,1898,Calyptotis scutirostrum,GAM_multi_interactions_with_coords,random,True,0,0.011186708893376503,-42631.6013249115,6774856.7836682
238,1899,Coeranoscincus reticulatus,GAM_multi_interactions_with_coords,random,True,0,0.015458892467496457,-42631.6013249115,6774856.7836682
238,1900,Egernia mcpheei,GAM_multi_interactions_with_coords,random,True,0,0.004722749601540874,-42631.6013249115,6774856.7836682
238,1901,Eulamprus murrayi,GAM_multi_interactions_with_coords,random,True,0,0.0025943257513479866,-42631.6013249115,6774856.7836682
238,1902,Ophioscincus truncatus,GAM_multi_interactions_with_coords,random,True,0,0.01703467132037568,-42631.6013249115,6774856.7836682
238,1903,Pseudechis porphyricaus,GAM_multi_interactions_with_coords,random,True,0,0.013113455942174654,-42631.6013249115,6774856.7836682
238,1904,Saltuarius swaini,GAM_multi_interactions_with_coords,random,True,0,0.012796283701039692,-42631.6013249115,6774856.7836682
253,2017,Cacophis kreftii,GAM_multi_interactions_with_coords,random,True,0,0.03892150585348636,-153010.118576574,6758154.60282466
253,2018,Calyptotis scutirostrum,GAM_multi_interactions_with_coords,random,True,0,0.021725774702283283,-153010.118576574,6758154.60282466
253,2019,Coeranoscincus reticulatus,GAM_multi_interactions_with_coords,random,True,0,0.3635869050683129,-153010.118576574,6758154.60282466
253,2020,Egernia mcpheei,GAM_multi_interactions_with_coords,random,True,0,0.015551088535700702,-153010.118576574,6758154.60282466
253,2021,Eulamprus murrayi,GAM_multi_interactions_with_coords,random,True,0,0.011396193835215559,-153010.118576574,6758154.60282466
253,2022,Ophioscincus truncatus,GAM_multi_interactions_with_coords,random,True,0,0.21751768128627072,-153010.118576574,6758154.60282466
253,2023,Pseudechis porphyricaus,GAM_multi_interactions_with_coords,random,True,0,0.09650566364478046,-153010.118576574,6758154.60282466
253,2024,Saltuarius swaini,GAM_multi_interactions_with_coords,random,True,0,0.016784545659475025,-153010.118576574,6758154.60282466
260,2073,Cacophis kreftii,GAM_multi_interactions_with_coords,random,True,0,0.026144077491092696,-139702.22082351,6757637.17957907
260,2074,Calyptotis scutirostrum,GAM_multi_interactions_with_coords,random,True,0,0.019480618250100598,-139702.22082351,6757637.17957907
260,2075,Coeranoscincus reticulatus,GAM_multi_interactions_with_coords,random,True,0,0.45503919887831906,-139702.22082351,6757637.17957907
260,2076,Egernia mcpheei,GAM_multi_interactions_with_coords,random,True,0,0.013770105732613808,-139702.22082351,6757637.17957907
260,2077,Eulamprus murrayi,GAM_multi_interactions_with_coords,random,True,0,0.004765765441521397,-139702.22082351,6757637.17957907
260,2078,Ophioscincus truncatus,GAM_multi_interactions_with_coords,random,True,0,0.17628564831554874,-139702.22082351,6757637.17957907
260,2079,Pseudechis porphyricaus,GAM_multi_interactions_with_coords,random,True,0,0.017555171617005906,-139702.22082351,6757637.17957907
260,2080,Saltuarius swaini,GAM_multi_interactions_with_coords,random,True,0,0.01806300066080106,-139702.22082351,6757637.17957907
261,2081,Cacophis kreftii,GAM_multi_interactions_with_coords,random,True,0,0.032246075159864065,-149531.814001847,6756925.32438673
261,2082,Calyptotis scutirostrum,GAM_multi_interactions_with_coords,random,True,0,0.05150334622691598,-149531.814001847,6756925.32438673
261,2083,Coeranoscincus reticulatus,GAM_multi_interactions_with_coords,random,True,0,0.46440432676248994,-149531.814001847,6756925.32438673
261,2084,Egernia mcpheei,GAM_multi_interactions_with_coords,random,True,0,0.016389580159779916,-149531.814001847,6756925.32438673
261,2085,Eulamprus murrayi,GAM_multi_interactions_with_coords,random,True,0,0.012045250509142244,-149531.814001847,6756925.32438673
261,2086,Ophioscincus truncatus,GAM_multi_interactions_with_coords,random,True,0,0.07687175681463626,-149531.814001847,6756925.32438673
261,2087,Pseudechis porphyricaus,GAM_multi_interactions_with_coords,random,True,0,0.05861693916420572,-149531.814001847,6756925.32438673
261,2088,Saltuarius swaini,GAM_multi_interactions_with_coords,random,True,0,0.008590905771877669,-149531.814001847,6756925.32438673
279,2225,Cacophis kreftii,GAM_multi_interactions_with_coords,random,True,0,0.013983434086309936,-165065.597196224,6745863.85427266
279,2226,Calyptotis scutirostrum,GAM_multi_interactions_with_coords,random,True,0,0.00461491106289729,-165065.597196224,6745863.85427266
279,2227,Coeranoscincus reticulatus,GAM_multi_interactions_with_coords,random,True,0,0.2216911773974597,-165065.597196224,6745863.85427266
279,2228,Egernia mcpheei,GAM_multi_interactions_with_coords,random,True,0,0.005748785467047428,-165065.597196224,6745863.85427266
279,2229,Eulamprus murrayi,GAM_multi_interactions_with_coords,random,True,0,0.0025798127417845005,-165065.597196224,6745863.85427266
279,2230,Ophioscincus truncatus,GAM_multi_interactions_with_coords,random,True,0,0.17268212293308954,-165065.597196224,6745863.85427266
279,2231,Pseudechis porphyricaus,GAM_multi_interactions_with_coords,random,True,0,0.024085717008996956,-165065.597196224,6745863.85427266
279,2232,Saltuarius swaini,GAM_multi_interactions_with_coords,random,True,0,0.01044151886134573,-165065.597196224,6745863.85427266
282,2249,Cacophis kreftii,GAM_multi_interactions_with_coords,random,True,0,0.006644522838499482,-48676.0066271106,6751433.87966314
282,2250,Calyptotis scutirostrum,GAM_multi_interactions_with_coords,random,True,0,0.0071370680759142435,-48676.0066271106,6751433.87966314
282,2251,Coeranoscincus reticulatus,GAM_multi_interactions_with_coords,random,True,0,0.009031204587541015,-48676.0066271106,6751433.87966314
282,2252,Egernia mcpheei,GAM_multi_interactions_with_coords,random,True,0,0.0032007941540953995,-48676.0066271106,6751433.87966314
282,2253,Eulamprus murrayi,GAM_multi_interactions_with_coords,random,True,0,0.0019481414340821917,-48676.0066271106,6751433.87966314
282,2254,Ophioscincus truncatus,GAM_multi_interactions_with_coords,random,True,0,0.012637293700852177,-48676.0066271106,6751433.87966314
282,2255,Pseudechis porphyricaus,GAM_multi_interactions_with_coords,random,True,0,0.008881042723701065,-48676.0066271106,6751433.87966314
282,2256,Saltuarius swaini,GAM_multi_interactions_with_coords,random,True,0,0.010929767093106585,-48676.0066271106,6751433.87966314
283,2257,Cacophis kreftii,GAM_multi_interactions_with_coords,random,True,0,0.010572834152870402,-144358.241751465,6746321.2757456
283,2258,Calyptotis scutirostrum,GAM_multi_interactions_with_coords,random,True,0,0.004184974039163479,-144358.241751465,6746321.2757456
283,2259,Coeranoscincus reticulatus,GAM_multi_interactions_with_coords,random,True,0,0.14727810839943645,-144358.241751465,6746321.2757456
283,2260,Egernia mcpheei,GAM_multi_interactions_with_coords,random,True,0,0.0027095128360482335,-144358.241751465,6746321.2757456
283,2261,Eulamprus murrayi,GAM_multi_interactions_with_coords,random,True,0,0.0022125843405725975,-144358.241751465,6746321.2757456
283,2262,Ophioscincus truncatus,GAM_multi_interactions_with_coords,random,True,0,0.17427559987887345,-144358.241751465,6746321.2757456
283,2263,Pseudechis porphyricaus,GAM_multi_interactions_with_coords,random,True,0,0.008224637530209234,-144358.241751465,6746321.2757456
283,2264,Saltuarius swaini,GAM_multi_interactions_with_coords,random,True,0,0.0071540938542823335,-144358.241751465,6746321.2757456
285,2273,Cacophis kreftii,GAM_multi_interactions_with_coords,random,True,0,0.006460279828923065,-48666.355678597,6751233.93894705
285,2274,Calyptotis scutirostrum,GAM_multi_interactions_with_coords,random,True,0,0.0069684995546310914,-48666.355678597,6751233.93894705
285,2275,Coeranoscincus reticulatus,GAM_multi_interactions_with_coords,random,True,0,0.00911721533414881,-48666.355678597,6751233.93894705
285,2276,Egernia mcpheei,GAM_multi_interactions_with_coords,random,True,0,0.0031504030468570707,-48666.355678597,6751233.93894705
285,2277,Eulamprus murrayi,GAM_multi_interactions_with_coords,random,True,0,0.0018528971155160304,-48666.355678597,6751233.93894705
285,2278,Ophioscincus truncatus,GAM_multi_interactions_with_coords,random,True,0,0.011915418137176293,-48666.355678597,6751233.93894705
285,2279,Pseudechis porphyricaus,GAM_multi_interactions_with_coords,random,True,0,0.008549498564255896,-48666.355678597,6751233.93894705
285,2280,Saltuarius swaini,GAM_multi_interactions_with_coords,random,True,0,0.010678476965422219,-48666.355678597,6751233.93894705
290,2313,Cacophis kreftii,GAM_multi_interactions_with_coords,random,True,0,0.0078041888113923675,-54841.9600197467,6750321.73267861
290,2314,Calyptotis scutirostrum,GAM_multi_interactions_with_coords,random,True,0,0.007506887213847409,-54841.9600197467,6750321.73267861
290,2315,Coeranoscincus reticulatus,GAM_multi_interactions_with_coords,random,True,0,0.015970477734401054,-54841.9600197467,6750321.73267861
290,2316,Egernia mcpheei,GAM_multi_interactions_with_coords,random,True,0,0.004263319798944348,-54841.9600197467,6750321.73267861
290,2317,Eulamprus murrayi,GAM_multi_interactions_with_coords,random,True,0,0.002250044754876815,-54841.9600197467,6750321.73267861
290,2318,Ophioscincus truncatus,GAM_multi_interactions_with_coords,random,True,0,0.01390130917955226,-54841.9600197467,6750321.73267861
290,2319,Pseudechis porphyricaus,GAM_multi_interactions_with_coords,random,True,0,0.011585315334510916,-54841.9600197467,6750321.73267861
290,2320,Saltuarius swaini,GAM_multi_interactions_with_coords,random,True,0,0.012779218138383758,-54841.9600197467,6750321.73267861
303,2417,Cacophis kreftii,GAM_multi_interactions_with_coords,random,True,0,0.00815228613023745,-86896.2863933826,6740221.21400845
303,2418,Calyptotis scutirostrum,GAM_multi_interactions_with_coords,random,True,0,0.003015454359903049,-86896.2863933826,6740221.21400845
303,2419,Coeranoscincus reticulatus,GAM_multi_interactions_with_coords,random,True,0,0.06291801579073762,-86896.2863933826,6740221.21400845
303,2420,Egernia mcpheei,GAM_multi_interactions_with_coords,random,True,0,0.0054614814180279315,-86896.2863933826,6740221.21400845
303,2421,Eulamprus murrayi,GAM_multi_interactions_with_coords,random,True,0,0.001351023469033564,-86896.2863933826,6740221.21400845
303,2422,Ophioscincus truncatus,GAM_multi_interactions_with_coords,random,True,0,0.0558923798167009,-86896.2863933826,6740221.21400845
303,2423,Pseudechis porphyricaus,GAM_multi_interactions_with_coords,random,True,0,0.0059712843450769075,-86896.2863933826,6740221.21400845
303,2424,Saltuarius swaini,GAM_multi_interactions_with_coords,random,True,0,0.01060741288281226,-86896.2863933826,6740221.21400845
307,2449,Cacophis kreftii,GAM_multi_interactions_with_coords,random,True,0,0.01535661366504909,-75230.2145233742,6740017.73560779
307,2450,Calyptotis scutirostrum,GAM_multi_interactions_with_coords,random,True,0,0.01053239834007756,-75230.2145233742,6740017.73560779
307,2451,Coeranoscincus reticulatus,GAM_multi_interactions_with_coords,random,True,0,0.08876697570016513,-75230.2145233742,6740017.73560779
307,2452,Egernia mcpheei,GAM_multi_interactions_with_coords,random,True,0,0.012345566464654036,-75230.2145233742,6740017.73560779
307,2453,Eulamprus murrayi,GAM_multi_interactions_with_coords,random,True,0,0.00290579594155211,-75230.2145233742,6740017.73560779
307,2454,Ophioscincus truncatus,GAM_multi_interactions_with_coords,random,True,0,0.052000444002852156,-75230.2145233742,6740017.73560779
307,2455,Pseudechis porphyricaus,GAM_multi_interactions_with_coords,random,True,0,0.0216343306031337,-75230.2145233742,6740017.73560779
307,2456,Saltuarius swaini,GAM_multi_interactions_with_coords,random,True,0,0.014269257816646726,-75230.2145233742,6740017.73560779
308,2457,Cacophis kreftii,GAM_multi_interactions_with_coords,random,True,0,0.018280826706102718,-164907.141677267,6734992.82147675
308,2458,Calyptotis scutirostrum,GAM_multi_interactions_with_coords,random,True,0,0.010288694034326933,-164907.141677267,6734992.82147675
308,2459,Coeranoscincus reticulatus,GAM_multi_interactions_with_coords,random,True,0,0.12331731735423977,-164907.141677267,6734992.82147675
308,2460,Egernia mcpheei,GAM_multi_interactions_with_coords,random,True,0,0.007837690261482429,-164907.141677267,6734992.82147675
308,2461,Eulamprus murrayi,GAM_multi_interactions_with_coords,random,True,0,0.0037856265239886873,-164907.141677267,6734992.82147675
308,2462,Ophioscincus truncatus,GAM_multi_interactions_with_coords,random,True,0,0.16114274502946427,-164907.141677267,6734992.82147675
308,2463,Pseudechis porphyricaus,GAM_multi_interactions_with_coords,random,True,0,0.031237929920038432,-164907.141677267,6734992.82147675
308,2464,Saltuarius swaini,GAM_multi_interactions_with_coords,random,True,0,0.01832316436659714,-164907.141677267,6734992.82147675
322,2569,Cacophis kreftii,GAM_multi_interactions_with_coords,random,True,0,0.023492888471693753,-148858.437557277,6712675.66874389
322,2570,Calyptotis scutirostrum,GAM_multi_interactions_with_coords,random,True,0,0.01285770362292196,-148858.437557277,6712675.66874389
322,2571,Coeranoscincus reticulatus,GAM_multi_interactions_with_coords,random,True,0,0.06260247145562743,-148858.437557277,6712675.66874389
322,2572,Egernia mcpheei,GAM_multi_interactions_with_coords,random,True,0,0.004899044064310359,-148858.437557277,6712675.66874389
322,2573,Eulamprus murrayi,GAM_multi_interactions_with_coords,random,True,0,0.006281733143635884,-148858.437557277,6712675.66874389
322,2574,Ophioscincus truncatus,GAM_multi_interactions_with_coords,random,True,0,0.29594723581894816,-148858.437557277,6712675.66874389
322,2575,Pseudechis porphyricaus,GAM_multi_interactions_with_coords,random,True,0,0.10979622553175719,-148858.437557277,6712675.66874389
322,2576,Saltuarius swaini,GAM_multi_interactions_with_coords,random,True,0,0.01197394797156529,-148858.437557277,6712675.66874389
328,2617,Cacophis kreftii,GAM_multi_interactions_with_coords,random,True,0,0.019850293594577482,-160137.175183615,6708870.73185706
328,2618,Calyptotis scutirostrum,GAM_multi_interactions_with_coords,random,True,0,0.0061096818949861395,-160137.175183615,6708870.73185706
328,2619,Coeranoscincus reticulatus,GAM_multi_interactions_with_coords,random,True,0,0.15841103906421025,-160137.175183615,6708870.73185706
328,2620,Egernia mcpheei,GAM_multi_interactions_with_coords,random,True,0,0.006485634489891479,-160137.175183615,6708870.73185706
328,2621,Eulamprus murrayi,GAM_multi_interactions_with_coords,random,True,0,0.00525510343638216,-160137.175183615,6708870.73185706
328,2622,Ophioscincus truncatus,GAM_multi_interactions_with_coords,random,True,0,0.19645582456308716,-160137.175183615,6708870.73185706
328,2623,Pseudechis porphyricaus,GAM_multi_interactions_with_coords,random,True,0,0.084540966667156,-160137.175183615,6708870.73185706
328,2624,Saltuarius swaini,GAM_multi_interactions_with_coords,random,True,0,0.0153727318691135,-160137.175183615,6708870.73185706
329,2625,Cacophis kreftii,GAM_multi_interactions_with_coords,random,True,0,0.016525848494538982,-161729.965162506,6708587.05668997
329,2626,Calyptotis scutirostrum,GAM_multi_interactions_with_coords,random,True,0,0.005875495623343204,-161729.965162506,6708587.05668997
329,2627,Coeranoscincus reticulatus,GAM_multi_interactions_with_coords,random,True,0,0.2442217036154771,-161729.965162506,6708587.05668997
329,2628,Egernia mcpheei,GAM_multi_interactions_with_coords,random,True,0,0.005628327508461144,-161729.965162506,6708587.05668997
329,2629,Eulamprus murrayi,GAM_multi_interactions_with_coords,random,True,0,0.004298870575322456,-161729.965162506,6708587.05668997
329,2630,Ophioscincus truncatus,GAM_multi_interactions_with_coords,random,True,0,0.1296452422359205,-161729.965162506,6708587.05668997
329,2631,Pseudechis porphyricaus,GAM_multi_interactions_with_coords,random,True,0,0.06661278527616601,-161729.965162506,6708587.05668997
329,2632,Saltuarius swaini,GAM_multi_interactions_with_coords,random,True,0,0.009004144224346497,-161729.965162506,6708587.05668997
339,2705,Cacophis kreftii,GAM_multi_interactions_with_coords,random,True,0,0.004600160342680754,-50204.0063193176,6710952.93925814
339,2706,Calyptotis scutirostrum,GAM_multi_interactions_with_coords,random,True,0,0.0031330749938253957,-50204.0063193176,6710952.93925814
339,2707,Coeranoscincus reticulatus,GAM_multi_interactions_with_coords,random,True,0,0.008060120693496263,-50204.0063193176,6710952.93925814
339,2708,Egernia mcpheei,GAM_multi_interactions_with_coords,random,True,0,0.001723763249082485,-50204.0063193176,6710952.93925814
339,2709,Eulamprus murrayi,GAM_multi_interactions_with_coords,random,True,0,0.0015869212373509126,-50204.0063193176,6710952.93925814
339,2710,Ophioscincus truncatus,GAM_multi_interactions_with_coords,random,True,0,0.017772239396717043,-50204.0063193176,6710952.93925814
339,2711,Pseudechis porphyricaus,GAM_multi_interactions_with_coords,random,True,0,0.0047060369929882604,-50204.0063193176,6710952.93925814
339,2712,Saltuarius swaini,GAM_multi_interactions_with_coords,random,True,0,0.008228288412152656,-50204.0063193176,6710952.93925814
352,2809,Cacophis kreftii,GAM_multi_interactions_with_coords,random,True,0,0.006313776008876699,-161130.645593128,6697139.33525593
352,2810,Calyptotis scutirostrum,GAM_multi_interactions_with_coords,random,True,0,0.002069074846612583,-161130.645593128,6697139.33525593
352,2811,Coeranoscincus reticulatus,GAM_multi_interactions_with_coords,random,True,0,0.07416170547936253,-161130.645593128,6697139.33525593
352,2812,Egernia mcpheei,GAM_multi_interactions_with_coords,random,True,0,0.0015048523300301108,-161130.645593128,6697139.33525593
352,2813,Eulamprus murrayi,GAM_multi_interactions_with_coords,random,True,0,0.0015656123966959726,-161130.645593128,6697139.33525593
352,2814,Ophioscincus truncatus,GAM_multi_interactions_with_coords,random,True,0,0.12397957794266384,-161130.645593128,6697139.33525593
352,2815,Pseudechis porphyricaus,GAM_multi_interactions_with_coords,random,True,0,0.007341254225502533,-161130.645593128,6697139.33525593
352,2816,Saltuarius swaini,GAM_multi_interactions_with_coords,random,True,0,0.006209595836708188,-161130.645593128,6697139.33525593
354,2825,Cacophis kreftii,GAM_multi_interactions_with_coords,random,True,0,0.004742345864823182,-54397.1023715114,6702694.88150925
354,2826,Calyptotis scutirostrum,GAM_multi_interactions_with_coords,random,True,0,0.0024428702158982678,-54397.1023715114,6702694.88150925
354,2827,Coeranoscincus reticulatus,GAM_multi_interactions_with_coords,random,True,0,0.014613409744442073,-54397.1023715114,6702694.88150925
354,2828,Egernia mcpheei,GAM_multi_interactions_with_coords,random,True,0,0.0019891827642847274,-54397.1023715114,6702694.88150925
354,2829,Eulamprus murrayi,GAM_multi_interactions_with_coords,random,True,0,0.0008619365488105432,-54397.1023715114,6702694.88150925
354,2830,Ophioscincus truncatus,GAM_multi_interactions_with_coords,random,True,0,0.052748220015881225,-54397.1023715114,6702694.88150925
354,2831,Pseudechis porphyricaus,GAM_multi_interactions_with_coords,random,True,1,0.003127783670731907,-54397.1023715114,6702694.88150925
354,2832,Saltuarius swaini,GAM_multi_interactions_with_coords,random,True,0,0.01351017794578307,-54397.1023715114,6702694.88150925
369,2945,Cacophis kreftii,GAM_multi_interactions_with_coords,random,True,0,0.011193693305887223,-115761.593020762,6695476.19653521
369,2946,Calyptotis scutirostrum,GAM_multi_interactions_with_coords,random,True,0,0.006754596384629172,-115761.593020762,6695476.19653521
369,2947,Coeranoscincus reticulatus,GAM_multi_interactions_with_coords,random,True,0,0.15108975494826238,-115761.593020762,6695476.19653521
369,2948,Egernia mcpheei,GAM_multi_interactions_with_coords,random,True,0,0.00710586027804562,-115761.593020762,6695476.19653521
369,2949,Eulamprus murrayi,GAM_multi_interactions_with_coords,random,True,0,0.003482071421080058,-115761.593020762,6695476.19653521
369,2950,Ophioscincus truncatus,GAM_multi_interactions_with_coords,random,True,0,0.05286247554743925,-115761.593020762,6695476.19653521
369,2951,Pseudechis porphyricaus,GAM_multi_interactions_with_coords,random,True,0,0.007655325758835545,-115761.593020762,6695476.19653521
369,2952,Saltuarius swaini,GAM_multi_interactions_with_coords,random,True,0,0.00864880313363475,-115761.593020762,6695476.19653521
372,2969,Cacophis kreftii,GAM_multi_interactions_with_coords,random,True,0,0.007530696853052139,-51958.1449948344,6698406.00349235
372,2970,Calyptotis scutirostrum,GAM_multi_interactions_with_coords,random,True,0,0.008090684227314944,-51958.1449948344,6698406.00349235
372,2971,Coeranoscincus reticulatus,GAM_multi_interactions_with_coords,random,True,0,0.016015518401976965,-51958.1449948344,6698406.00349235
372,2972,Egernia mcpheei,GAM_multi_interactions_with_coords,random,True,0,0.0036004771016555203,-51958.1449948344,6698406.00349235
372,2973,Eulamprus murrayi,GAM_multi_interactions_with_coords,random,True,0,0.0022490265768145036,-51958.1449948344,6698406.00349235
372,2974,Ophioscincus truncatus,GAM_multi_interactions_with_coords,random,True,0,0.016351062821937892,-51958.1449948344,6698406.00349235
372,2975,Pseudechis porphyricaus,GAM_multi_interactions_with_coords,random,True,0,0.011595939248167035,-51958.1449948344,6698406.00349235
372,2976,Saltuarius swaini,GAM_multi_interactions_with_coords,random,True,0,0.013841230804411691,-51958.1449948344,6698406.00349235
379,3025,Cacophis kreftii,GAM_multi_interactions_with_coords,random,True,0,0.007760874660037898,-170997.113124586,6685555.44783591
379,3026,Calyptotis scutirostrum,GAM_multi_interactions_with_coords,random,True,0,0.00251982286919978,-170997.113124586,6685555.44783591
379,3027,Coeranoscincus reticulatus,GAM_multi_interactions_with_coords,random,True,0,0.0869991937615541,-170997.113124586,6685555.44783591
379,3028,Egernia mcpheei,GAM_multi_interactions_with_coords,random,True,0,0.0022734612417748875,-170997.113124586,6685555.44783591
379,3029,Eulamprus murrayi,GAM_multi_interactions_with_coords,random,True,0,0.0022546136793823615,-170997.113124586,6685555.44783591
379,3030,Ophioscincus truncatus,GAM_multi_interactions_with_coords,random,True,0,0.1293232619003609,-170997.113124586,6685555.44783591
379,3031,Pseudechis porphyricaus,GAM_multi_interactions_with_coords,random,True,0,0.016315048388368353,-170997.113124586,6685555.44783591
379,3032,Saltuarius swaini,GAM_multi_interactions_with_coords,random,True,0,0.005518016935637874,-170997.113124586,6685555.44783591
380,3033,Cacophis kreftii,GAM_multi_interactions_with_coords,random,True,0,0.008915334424294737,-171751.567168655,6684505.22516541
380,3034,Calyptotis scutirostrum,GAM_multi_interactions_with_coords,random,True,0,0.0030154731388305944,-171751.567168655,6684505.22516541
380,3035,Coeranoscincus reticulatus,GAM_multi_interactions_with_coords,random,True,0,0.08921471636673142,-171751.567168655,6684505.22516541
380,3036,Egernia mcpheei,GAM_multi_interactions_with_coords,random,True,0,0.002994271506490875,-171751.567168655,6684505.22516541
380,3037,Eulamprus murrayi,GAM_multi_interactions_with_coords,random,True,0,0.0024231682266491216,-171751.567168655,6684505.22516541
380,3038,Ophioscincus truncatus,GAM_multi_interactions_with_coords,random,True,0,0.13756782596018577,-171751.567168655,6684505.22516541
380,3039,Pseudechis porphyricaus,GAM_multi_interactions_with_coords,random,True,0,0.020071594976197385,-171751.567168655,6684505.22516541
380,3040,Saltuarius swaini,GAM_multi_interactions_with_coords,random,True,0,0.0068828708711493325,-171751.567168655,6684505.22516541
381,3041,Cacophis kreftii,GAM_multi_interactions_with_coords,random,True,0,0.007675989683040553,-170101.851938007,6683790.0457837
381,3042,Calyptotis scutirostrum,GAM_multi_interactions_with_coords,random,True,0,0.0028162809144539167,-170101.851938007,6683790.0457837
381,3043,Coeranoscincus reticulatus,GAM_multi_interactions_with_coords,random,True,0,0.08666260536925463,-170101.851938007,6683790.0457837
381,3044,Egernia mcpheei,GAM_multi_interactions_with_coords,random,True,0,0.0026960135907869148,-170101.851938007,6683790.0457837
381,3045,Eulamprus murrayi,GAM_multi_interactions_with_coords,random,True,0,0.0019750707764874093,-170101.851938007,6683790.0457837
381,3046,Ophioscincus truncatus,GAM_multi_interactions_with_coords,random,True,1,0.11028565152018874,-170101.851938007,6683790.0457837
381,3047,Pseudechis porphyricaus,GAM_multi_interactions_with_coords,random,True,0,0.015475909826450895,-170101.851938007,6683790.0457837
381,3048,Saltuarius swaini,GAM_multi_interactions_with_coords,random,True,0,0.00619492216449831,-170101.851938007,6683790.0457837
384,3065,Cacophis kreftii,GAM_multi_interactions_with_coords,random,True,0,0.021732641710678194,-153569.490242912,6679419.46406309
384,3066,Calyptotis scutirostrum,GAM_multi_interactions_with_coords,random,True,0,0.015347345485614446,-153569.490242912,6679419.46406309
384,3067,Coeranoscincus reticulatus,GAM_multi_interactions_with_coords,random,True,0,0.3036630781324331,-153569.490242912,6679419.46406309
384,3068,Egernia mcpheei,GAM_multi_interactions_with_coords,random,True,0,0.00881069910994841,-153569.490242912,6679419.46406309
384,3069,Eulamprus murrayi,GAM_multi_interactions_with_coords,random,True,0,0.005012595028976558,-153569.490242912,6679419.46406309
384,3070,Ophioscincus truncatus,GAM_multi_interactions_with_coords,random,True,0,0.14628051386879776,-153569.490242912,6679419.46406309
384,3071,Pseudechis porphyricaus,GAM_multi_interactions_with_coords,random,True,0,0.03694042653498722,-153569.490242912,6679419.46406309
384,3072,Saltuarius swaini,GAM_multi_interactions_with_coords,random,True,0,0.015491478382743043,-153569.490242912,6679419.46406309
394,3145,Cacophis kreftii,GAM_multi_interactions_with_coords,random,True,0,0.02210731094506384,-157694.599141127,6669935.38089694
394,3146,Calyptotis scutirostrum,GAM_multi_interactions_with_coords,random,True,0,0.017369181516035833,-157694.599141127,6669935.38089694
394,3147,Coeranoscincus reticulatus,GAM_multi_interactions_with_coords,random,True,0,0.25464067915287525,-157694.599141127,6669935.38089694
394,3148,Egernia mcpheei,GAM_multi_interactions_with_coords,random,True,0,0.008151321417009031,-157694.599141127,6669935.38089694
394,3149,Eulamprus murrayi,GAM_multi_interactions_with_coords,random,True,0,0.006025335055222482,-157694.599141127,6669935.38089694
394,3150,Ophioscincus truncatus,GAM_multi_interactions_with_coords,random,True,0,0.15302069214101705,-157694.599141127,6669935.38089694
394,3151,Pseudechis porphyricaus,GAM_multi_interactions_with_coords,random,True,0,0.044054810624674166,-157694.599141127,6669935.38089694
394,3152,Saltuarius swaini,GAM_multi_interactions_with_coords,random,True,0,0.012785506201970763,-157694.599141127,6669935.38089694
395,3153,Cacophis kreftii,GAM_multi_interactions_with_coords,random,True,0,0.02670665258681061,-156289.421979757,6670007.80018539
395,3154,Calyptotis scutirostrum,GAM_multi_interactions_with_coords,random,True,0,0.020961305104148408,-156289.421979757,6670007.80018539
395,3155,Coeranoscincus reticulatus,GAM_multi_interactions_with_coords,random,True,0,0.2882123614016558,-156289.421979757,6670007.80018539
395,3156,Egernia mcpheei,GAM_multi_interactions_with_coords,random,True,0,0.01004844244998255,-156289.421979757,6670007.80018539
395,3157,Eulamprus murrayi,GAM_multi_interactions_with_coords,random,True,0,0.006882818282577728,-156289.421979757,6670007.80018539
395,3158,Ophioscincus truncatus,GAM_multi_interactions_with_coords,random,True,0,0.18327146571444722,-156289.421979757,6670007.80018539
395,3159,Pseudechis porphyricaus,GAM_multi_interactions_with_coords,random,True,0,0.05918402542651401,-156289.421979757,6670007.80018539
395,3160,Saltuarius swaini,GAM_multi_interactions_with_coords,random,True,0,0.016415742171915826,-156289.421979757,6670007.80018539
396,3161,Cacophis kreftii,GAM_multi_interactions_with_coords,random,True,0,0.023340625787438868,-122906.583332893,6670557.67612587
396,3162,Calyptotis scutirostrum,GAM_multi_interactions_with_coords,random,True,0,0.01503145495661726,-122906.583332893,6670557.67612587
396,3163,Coeranoscincus reticulatus,GAM_multi_interactions_with_coords,random,True,1,0.6134897877442097,-122906.583332893,6670557.67612587
396,3164,Egernia mcpheei,GAM_multi_interactions_with_coords,random,True,0,0.013164041533571197,-122906.583332893,6670557.67612587
396,3165,Eulamprus murrayi,GAM_multi_interactions_with_coords,random,True,0,0.004898722986035301,-122906.583332893,6670557.67612587
396,3166,Ophioscincus truncatus,GAM_multi_interactions_with_coords,random,True,0,0.12415056049181926,-122906.583332893,6670557.67612587
396,3167,Pseudechis porphyricaus,GAM_multi_interactions_with_coords,random,True,0,0.014404155655984517,-122906.583332893,6670557.67612587
396,3168,Saltuarius swaini,GAM_multi_interactions_with_coords,random,True,0,0.015105521011431727,-122906.583332893,6670557.67612587
400,3193,Cacophis kreftii,GAM_multi_interactions_with_coords,random,True,0,0.024347163698010845,-125067.694169073,6669443.0445974
400,3194,Calyptotis scutirostrum,GAM_multi_interactions_with_coords,random,True,0,0.054090500249979134,-125067.694169073,6669443.0445974
400,3195,Coeranoscincus reticulatus,GAM_multi_interactions_with_coords,random,True,1,0.3663445681086275,-125067.694169073,6669443.0445974
400,3196,Egernia mcpheei,GAM_multi_interactions_with_coords,random,True,0,0.01493404886171058,-125067.694169073,6669443.0445974
400,3197,Eulamprus murrayi,GAM_multi_interactions_with_coords,random,True,0,0.00899455631005294,-125067.694169073,6669443.0445974
400,3198,Ophioscincus truncatus,GAM_multi_interactions_with_coords,random,True,0,0.046147272253383706,-125067.694169073,6669443.0445974
400,3199,Pseudechis porphyricaus,GAM_multi_interactions_with_coords,random,True,0,0.01894168314537519,-125067.694169073,6669443.0445974
400,3200,Saltuarius swaini,GAM_multi_interactions_with_coords,random,True,0,0.009291897666532172,-125067.694169073,6669443.0445974
403,3217,Cacophis kreftii,GAM_multi_interactions_with_coords,random,True,0,0.008378096693281045,-58257.6048943475,6672743.96684541
403,3218,Calyptotis scutirostrum,GAM_multi_interactions_with_coords,random,True,0,0.006521688256431731,-58257.6048943475,6672743.96684541
403,3219,Coeranoscincus reticulatus,GAM_multi_interactions_with_coords,random,True,0,0.040821183775206875,-58257.6048943475,6672743.96684541
403,3220,Egernia mcpheei,GAM_multi_interactions_with_coords,random,True,0,0.004135901385361474,-58257.6048943475,6672743.96684541
403,3221,Eulamprus murrayi,GAM_multi_interactions_with_coords,random,True,0,0.0019351952203786312,-58257.6048943475,6672743.96684541
403,3222,Ophioscincus truncatus,GAM_multi_interactions_with_coords,random,True,0,0.052799332091749376,-58257.6048943475,6672743.96684541
403,3223,Pseudechis porphyricaus,GAM_multi_interactions_with_coords,random,True,0,0.00365846602813065,-58257.6048943475,6672743.96684541
403,3224,Saltuarius swaini,GAM_multi_interactions_with_coords,random,True,0,0.017634013462530726,-58257.6048943475,6672743.96684541
407,3249,Cacophis kreftii,GAM_multi_interactions_with_coords,random,True,0,0.04084156442569727,-125225.02885331,6668620.03383924
407,3250,Calyptotis scutirostrum,GAM_multi_interactions_with_coords,random,True,0,0.07846741379781265,-125225.02885331,6668620.03383924
407,3251,Coeranoscincus reticulatus,GAM_multi_interactions_with_coords,random,True,0,0.6505994163430049,-125225.02885331,6668620.03383924
407,3252,Egernia mcpheei,GAM_multi_interactions_with_coords,random,True,0,0.022643967125133,-125225.02885331,6668620.03383924
407,3253,Eulamprus murrayi,GAM_multi_interactions_with_coords,random,True,0,0.012518474393253686,-125225.02885331,6668620.03383924
407,3254,Ophioscincus truncatus,GAM_multi_interactions_with_coords,random,True,0,0.10777225769316902,-125225.02885331,6668620.03383924
407,3255,Pseudechis porphyricaus,GAM_multi_interactions_with_coords,random,True,0,0.02549524175681628,-125225.02885331,6668620.03383924
407,3256,Saltuarius swaini,GAM_multi_interactions_with_coords,random,True,0,0.015568163010553786,-125225.02885331,6668620.03383924
413,3297,Cacophis kreftii,GAM_multi_interactions_with_coords,random,True,0,0.026679346474671427,-120072.988069293,6666279.06080417
413,3298,Calyptotis scutirostrum,GAM_multi_interactions_with_coords,random,True,0,0.02298375890298815,-120072.988069293,6666279.06080417
413,3299,Coeranoscincus reticulatus,GAM_multi_interactions_with_coords,random,True,1,0.4846555252416853,-120072.988069293,6666279.06080417
413,3300,Egernia mcpheei,GAM_multi_interactions_with_coords,random,True,0,0.020144671923472503,-120072.988069293,6666279.06080417
413,3301,Eulamprus murrayi,GAM_multi_interactions_with_coords,random,True,0,0.006299215364534735,-120072.988069293,6666279.06080417
413,3302,Ophioscincus truncatus,GAM_multi_interactions_with_coords,random,True,0,0.12510247781342718,-120072.988069293,6666279.06080417
413,3303,Pseudechis porphyricaus,GAM_multi_interactions_with_coords,random,True,1,0.020065512394994864,-120072.988069293,6666279.06080417
413,3304,Saltuarius swaini,GAM_multi_interactions_with_coords,random,True,0,0.01748844526341788,-120072.988069293,6666279.06080417
415,3313,Cacophis kreftii,GAM_multi_interactions_with_coords,random,True,0,0.024110081410876207,-178654.150282374,6662593.67423277
415,3314,Calyptotis scutirostrum,GAM_multi_interactions_with_coords,random,True,0,0.01721806621309046,-178654.150282374,6662593.67423277
415,3315,Coeranoscincus reticulatus,GAM_multi_interactions_with_coords,random,True,0,0.10882143420883675,-178654.150282374,6662593.67423277
415,3316,Egernia mcpheei,GAM_multi_interactions_with_coords,random,True,0,0.008936693985933641,-178654.150282374,6662593.67423277
415,3317,Eulamprus murrayi,GAM_multi_interactions_with_coords,random,True,0,0.010428605994646492,-178654.150282374,6662593.67423277
415,3318,Ophioscincus truncatus,GAM_multi_interactions_with_coords,random,True,0,0.0962510394792004,-178654.150282374,6662593.67423277
415,3319,Pseudechis porphyricaus,GAM_multi_interactions_with_coords,random,True,0,0.14401625460764753,-178654.150282374,6662593.67423277
415,3320,Saltuarius swaini,GAM_multi_interactions_with_coords,random,True,0,0.011253094739924148,-178654.150282374,6662593.67423277
420,3353,Cacophis kreftii,GAM_multi_interactions_with_coords,random,True,0,0.03432397804511512,-125379.598774365,6663983.11844257
420,3354,Calyptotis scutirostrum,GAM_multi_interactions_with_coords,random,True,0,0.03325076732185143,-125379.598774365,6663983.11844257
420,3355,Coeranoscincus reticulatus,GAM_multi_interactions_with_coords,random,True,1,0.635720761027813,-125379.598774365,6663983.11844257
420,3356,Egernia mcpheei,GAM_multi_interactions_with_coords,random,True,0,0.01528599438785471,-125379.598774365,6663983.11844257
420,3357,Eulamprus murrayi,GAM_multi_interactions_with_coords,random,True,0,0.009944494378894544,-125379.598774365,6663983.11844257
420,3358,Ophioscincus truncatus,GAM_multi_interactions_with_coords,random,True,0,0.13330038101359448,-125379.598774365,6663983.11844257
420,3359,Pseudechis porphyricaus,GAM_multi_interactions_with_coords,random,True,0,0.023954703180584125,-125379.598774365,6663983.11844257
420,3360,Saltuarius swaini,GAM_multi_interactions_with_coords,random,True,0,0.01735631354415003,-125379.598774365,6663983.11844257
422,3369,Cacophis kreftii,GAM_multi_interactions_with_coords,random,True,0,0.027070613723688852,-125514.62268173,6662771.00533564
422,3370,Calyptotis scutirostrum,GAM_multi_interactions_with_coords,random,True,0,0.01793380571776323,-125514.62268173,6662771.00533564
422,3371,Coeranoscincus reticulatus,GAM_multi_interactions_with_coords,random,True,1,0.5593767139295556,-125514.62268173,6662771.00533564
422,3372,Egernia mcpheei,GAM_multi_interactions_with_coords,random,True,0,0.01273901015411795,-125514.62268173,6662771.00533564
422,3373,Eulamprus murrayi,GAM_multi_interactions_with_coords,random,True,0,0.005864316861882643,-125514.62268173,6662771.00533564
422,3374,Ophioscincus truncatus,GAM_multi_interactions_with_coords,random,True,0,0.11715201049540167,-125514.62268173,6662771.00533564
422,3375,Pseudechis porphyricaus,GAM_multi_interactions_with_coords,random,True,0,0.01942708573421687,-125514.62268173,6662771.00533564
422,3376,Saltuarius swaini,GAM_multi_interactions_with_coords,random,True,0,0.017349229747408806,-125514.62268173,6662771.00533564
427,3409,Cacophis kreftii,GAM_multi_interactions_with_coords,random,True,0,0.021472382401019702,-128408.296244871,6660409.13008774
427,3410,Calyptotis scutirostrum,GAM_multi_interactions_with_coords,random,True,0,0.012231959978323615,-128408.296244871,6660409.13008774
427,3411,Coeranoscincus reticulatus,GAM_multi_interactions_with_coords,random,True,1,0.41137675494631015,-128408.296244871,6660409.13008774
427,3412,Egernia mcpheei,GAM_multi_interactions_with_coords,random,True,0,0.009315509846200113,-128408.296244871,6660409.13008774
427,3413,Eulamprus murrayi,GAM_multi_interactions_with_coords,random,True,0,0.00518636807035112,-128408.296244871,6660409.13008774
427,3414,Ophioscincus truncatus,GAM_multi_interactions_with_coords,random,True,0,0.11720314557961686,-128408.296244871,6660409.13008774
427,3415,Pseudechis porphyricaus,GAM_multi_interactions_with_coords,random,True,0,0.019475650182703173,-128408.296244871,6660409.13008774
427,3416,Saltuarius swaini,GAM_multi_interactions_with_coords,random,True,0,0.013891517911534425,-128408.296244871,6660409.13008774
447,3569,Cacophis kreftii,GAM_multi_interactions_with_coords,random,True,0,0.006730702374453539,-134779.996572383,6651420.87222455
447,3570,Calyptotis scutirostrum,GAM_multi_interactions_with_coords,random,True,0,0.0031585263011842226,-134779.996572383,6651420.87222455
447,3571,Coeranoscincus reticulatus,GAM_multi_interactions_with_coords,random,True,0,0.10085991725351034,-134779.996572383,6651420.87222455
447,3572,Egernia mcpheei,GAM_multi_interactions_with_coords,random,True,0,0.002206852919450472,-134779.996572383,6651420.87222455
447,3573,Eulamprus murrayi,GAM_multi_interactions_with_coords,random,True,0,0.0017993236446132062,-134779.996572383,6651420.87222455
447,3574,Ophioscincus truncatus,GAM_multi_interactions_with_coords,random,True,0,0.07857769713021014,-134779.996572383,6651420.87222455
447,3575,Pseudechis porphyricaus,GAM_multi_interactions_with_coords,random,True,0,0.005911185863223303,-134779.996572383,6651420.87222455
447,3576,Saltuarius swaini,GAM_multi_interactions_with_coords,random,True,0,0.005782927500263527,-134779.996572383,6651420.87222455
449,3585,Cacophis kreftii,GAM_multi_interactions_with_coords,random,True,0,0.009767154389251643,-135559.130529282,6650974.17840999
449,3586,Calyptotis scutirostrum,GAM_multi_interactions_with_coords,random,True,0,0.0038443585027675797,-135559.130529282,6650974.17840999
449,3587,Coeranoscincus reticulatus,GAM_multi_interactions_with_coords,random,True,0,0.12566656404201285,-135559.130529282,6650974.17840999
449,3588,Egernia mcpheei,GAM_multi_interactions_with_coords,random,True,0,0.004432443020954722,-135559.130529282,6650974.17840999
449,3589,Eulamprus murrayi,GAM_multi_interactions_with_coords,random,True,0,0.0018245466942889497,-135559.130529282,6650974.17840999
449,3590,Ophioscincus truncatus,GAM_multi_interactions_with_coords,random,True,1,0.11081672268759372,-135559.130529282,6650974.17840999
449,3591,Pseudechis porphyricaus,GAM_multi_interactions_with_coords,random,True,0,0.014647703621997153,-135559.130529282,6650974.17840999
449,3592,Saltuarius swaini,GAM_multi_interactions_with_coords,random,True,0,0.011669286957444592,-135559.130529282,6650974.17840999
450,3593,Cacophis kreftii,GAM_multi_interactions_with_coords,random,True,0,0.006370266529854271,-65340.5697630112,6654471.79599168
450,3594,Calyptotis scutirostrum,GAM_multi_interactions_with_coords,random,True,0,0.004979360708953764,-65340.5697630112,6654471.79599168
450,3595,Coeranoscincus reticulatus,GAM_multi_interactions_with_coords,random,True,0,0.016197466109946743,-65340.5697630112,6654471.79599168
450,3596,Egernia mcpheei,GAM_multi_interactions_with_coords,random,True,0,0.0022902570764281927,-65340.5697630112,6654471.79599168
450,3597,Eulamprus murrayi,GAM_multi_interactions_with_coords,random,True,0,0.0014868170510099915,-65340.5697630112,6654471.79599168
450,3598,Ophioscincus truncatus,GAM_multi_interactions_with_coords,random,True,0,0.05966312491461045,-65340.5697630112,6654471.79599168
450,3599,Pseudechis porphyricaus,GAM_multi_interactions_with_coords,random,True,0,0.0023217746372974275,-65340.5697630112,6654471.79599168
450,3600,Saltuarius swaini,GAM_multi_interactions_with_coords,random,True,0,0.011793439540284256,-65340.5697630112,6654471.79599168
458,3657,Cacophis kreftii,GAM_multi_interactions_with_coords,random,True,0,0.015163720206626942,-133451.630563193,6649077.13745528
458,3658,Calyptotis scutirostrum,GAM_multi_interactions_with_coords,random,True,0,0.005448696628639598,-133451.630563193,6649077.13745528
458,3659,Coeranoscincus reticulatus,GAM_multi_interactions_with_coords,random,True,0,0.20817552290034125,-133451.630563193,6649077.13745528
458,3660,Egernia mcpheei,GAM_multi_interactions_with_coords,random,True,0,0.005836803357841196,-133451.630563193,6649077.13745528
458,3661,Eulamprus murrayi,GAM_multi_interactions_with_coords,random,True,0,0.003986148739390542,-133451.630563193,6649077.13745528
458,3662,Ophioscincus truncatus,GAM_multi_interactions_with_coords,random,True,0,0.20739502789905626,-133451.630563193,6649077.13745528
458,3663,Pseudechis porphyricaus,GAM_multi_interactions_with_coords,random,True,0,0.018772513158849362,-133451.630563193,6649077.13745528
458,3664,Saltuarius swaini,GAM_multi_interactions_with_coords,random,True,0,0.010944674372053978,-133451.630563193,6649077.13745528
461,3681,Cacophis kreftii,GAM_multi_interactions_with_coords,random,True,0,0.016121405385206303,-132111.524830825,6646522.10607269
461,3682,Calyptotis scutirostrum,GAM_multi_interactions_with_coords,random,True,0,0.012147812347133665,-132111.524830825,6646522.10607269
461,3683,Coeranoscincus reticulatus,GAM_multi_interactions_with_coords,random,True,0,0.1426226001254607,-132111.524830825,6646522.10607269
461,3684,Egernia mcpheei,GAM_multi_interactions_with_coords,random,True,0,0.008057912337468765,-132111.524830825,6646522.10607269
461,3685,Eulamprus murrayi,GAM_multi_interactions_with_coords,random,True,0,0.004426177809239447,-132111.524830825,6646522.10607269
461,3686,Ophioscincus truncatus,GAM_multi_interactions_with_coords,random,True,0,0.09878609045022085,-132111.524830825,6646522.10607269
461,3687,Pseudechis porphyricaus,GAM_multi_interactions_with_coords,random,True,0,0.015330525076884116,-132111.524830825,6646522.10607269
461,3688,Saltuarius swaini,GAM_multi_interactions_with_coords,random,True,0,0.015210672285328547,-132111.524830825,6646522.10607269
462,3689,Cacophis kreftii,GAM_multi_interactions_with_coords,random,True,0,0.017388827041139015,-129873.482679348,6646037.61836241
462,3690,Calyptotis scutirostrum,GAM_multi_interactions_with_coords,random,True,0,0.013720222692600906,-129873.482679348,6646037.61836241
462,3691,Coeranoscincus reticulatus,GAM_multi_interactions_with_coords,random,True,0,0.23760323222867175,-129873.482679348,6646037.61836241
462,3692,Egernia mcpheei,GAM_multi_interactions_with_coords,random,True,0,0.00958631763601851,-129873.482679348,6646037.61836241
462,3693,Eulamprus murrayi,GAM_multi_interactions_with_coords,random,True,0,0.0037149948488348007,-129873.482679348,6646037.61836241
462,3694,Ophioscincus truncatus,GAM_multi_interactions_with_coords,random,True,1,0.08572723342430152,-129873.482679348,6646037.61836241
462,3695,Pseudechis porphyricaus,GAM_multi_interactions_with_coords,random,True,0,0.016031623989367888,-129873.482679348,6646037.61836241
462,3696,Saltuarius swaini,GAM_multi_interactions_with_coords,random,True,0,0.014096343748686582,-129873.482679348,6646037.61836241
463,3697,Cacophis kreftii,GAM_multi_interactions_with_coords,random,True,0,0.01771256542803278,-130606.171632184,6644790.80822609
463,3698,Calyptotis scutirostrum,GAM_multi_interactions_with_coords,random,True,0,0.012186264287613588,-130606.171632184,6644790.80822609
463,3699,Coeranoscincus reticulatus,GAM_multi_interactions_with_coords,random,True,0,0.31948298430179267,-130606.171632184,6644790.80822609
463,3700,Egernia mcpheei,GAM_multi_interactions_with_coords,random,True,0,0.00882557122859773,-130606.171632184,6644790.80822609
463,3701,Eulamprus murrayi,GAM_multi_interactions_with_coords,random,True,0,0.003987852455090583,-130606.171632184,6644790.80822609
463,3702,Ophioscincus truncatus,GAM_multi_interactions_with_coords,random,True,0,0.08643010892961378,-130606.171632184,6644790.80822609
463,3703,Pseudechis porphyricaus,GAM_multi_interactions_with_coords,random,True,0,0.01818293413583936,-130606.171632184,6644790.80822609
463,3704,Saltuarius swaini,GAM_multi_interactions_with_coords,random,True,0,0.010898525161335644,-130606.171632184,6644790.80822609
464,3705,Cacophis kreftii,GAM_multi_interactions_with_coords,random,True,0,0.0076649197321868685,-62036.5636510338,6645195.69882671
464,3706,Calyptotis scutirostrum,GAM_multi_interactions_with_coords,random,True,0,0.009381848790043388,-62036.5636510338,6645195.69882671
464,3707,Coeranoscincus reticulatus,GAM_multi_interactions_with_coords,random,True,0,0.012452624175137981,-62036.5636510338,6645195.69882671
464,3708,Egernia mcpheei,GAM_multi_interactions_with_coords,random,True,0,0.0035905142229636683,-62036.5636510338,6645195.69882671
464,3709,Eulamprus murrayi,GAM_multi_interactions_with_coords,random,True,0,0.002395790315447003,-62036.5636510338,6645195.69882671
464,3710,Ophioscincus truncatus,GAM_multi_interactions_with_coords,random,True,0,0.013867882871406681,-62036.5636510338,6645195.69882671
464,3711,Pseudechis porphyricaus,GAM_multi_interactions_with_coords,random,True,0,0.00945458127431709,-62036.5636510338,6645195.69882671
464,3712,Saltuarius swaini,GAM_multi_interactions_with_coords,random,True,0,0.013265872113257823,-62036.5636510338,6645195.69882671
475,3793,Cacophis kreftii,GAM_multi_interactions_with_coords,random,True,0,0.011565370994036138,-103178.812815837,6605812.65044331
475,3794,Calyptotis scutirostrum,GAM_multi_interactions_with_coords,random,True,0,0.013763146786355877,-103178.812815837,6605812.65044331
475,3795,Coeranoscincus reticulatus,GAM_multi_interactions_with_coords,random,True,0,0.05197804443438166,-103178.812815837,6605812.65044331
475,3796,Egernia mcpheei,GAM_multi_interactions_with_coords,random,True,0,0.005857699401084191,-103178.812815837,6605812.65044331
475,3797,Eulamprus murrayi,GAM_multi_interactions_with_coords,random,True,1,0.002587514486548869,-103178.812815837,6605812.65044331
475,3798,Ophioscincus truncatus,GAM_multi_interactions_with_coords,random,True,0,0.09178587494593794,-103178.812815837,6605812.65044331
475,3799,Pseudechis porphyricaus,GAM_multi_interactions_with_coords,random,True,0,0.0028705922485901107,-103178.812815837,6605812.65044331
475,3800,Saltuarius swaini,GAM_multi_interactions_with_coords,random,True,0,0.006500054027832574,-103178.812815837,6605812.65044331
480,3833,Cacophis kreftii,GAM_multi_interactions_with_coords,random,True,0,0.007677710604602894,-139787.964672713,6601638.98677139
480,3834,Calyptotis scutirostrum,GAM_multi_interactions_with_coords,random,True,0,0.003925771119475452,-139787.964672713,6601638.98677139
480,3835,Coeranoscincus reticulatus,GAM_multi_interactions_with_coords,random,True,0,0.03716420444811265,-139787.964672713,6601638.98677139
480,3836,Egernia mcpheei,GAM_multi_interactions_with_coords,random,True,0,0.0032305662643753686,-139787.964672713,6601638.98677139
480,3837,Eulamprus murrayi,GAM_multi_interactions_with_coords,random,True,0,0.0013437266320356282,-139787.964672713,6601638.98677139
480,3838,Ophioscincus truncatus,GAM_multi_interactions_with_coords,random,True,0,0.10202618245062332,-139787.964672713,6601638.98677139
480,3839,Pseudechis porphyricaus,GAM_multi_interactions_with_coords,random,True,0,0.0073543067330219146,-139787.964672713,6601638.98677139
480,3840,Saltuarius swaini,GAM_multi_interactions_with_coords,random,True,0,0.010084992441339131,-139787.964672713,6601638.98677139
481,3841,Cacophis kreftii,GAM_multi_interactions_with_coords,random,True,0,0.01148127628360531,-140574.776964781,6601391.4036645
481,3842,Calyptotis scutirostrum,GAM_multi_interactions_with_coords,random,True,0,0.009267956914244264,-140574.776964781,6601391.4036645
481,3843,Coeranoscincus reticulatus,GAM_multi_interactions_with_coords,random,True,0,0.062184538937038326,-140574.776964781,6601391.4036645
481,3844,Egernia mcpheei,GAM_multi_interactions_with_coords,random,True,0,0.00620951580517582,-140574.776964781,6601391.4036645
481,3845,Eulamprus murrayi,GAM_multi_interactions_with_coords,random,True,0,0.0023111918458701103,-140574.776964781,6601391.4036645
481,3846,Ophioscincus truncatus,GAM_multi_interactions_with_coords,random,True,0,0.06992923344412016,-140574.776964781,6601391.4036645
481,3847,Pseudechis porphyricaus,GAM_multi_interactions_with_coords,random,True,0,0.010527152118792715,-140574.776964781,6601391.4036645
481,3848,Saltuarius swaini,GAM_multi_interactions_with_coords,random,True,0,0.012723306755112929,-140574.776964781,6601391.4036645
488,3897,Cacophis kreftii,GAM_multi_interactions_with_coords,random,True,0,0.010862175663964874,-141193.546516212,6594113.16970331
488,3898,Calyptotis scutirostrum,GAM_multi_interactions_with_coords,random,True,0,0.010327373274785787,-141193.546516212,6594113.16970331
488,3899,Coeranoscincus reticulatus,GAM_multi_interactions_with_coords,random,True,0,0.028425393335659896,-141193.546516212,6594113.16970331
488,3900,Egernia mcpheei,GAM_multi_interactions_with_coords,random,True,0,0.005201993304920787,-141193.546516212,6594113.16970331
488,3901,Eulamprus murrayi,GAM_multi_interactions_with_coords,random,True,0,0.002103218292303611,-141193.546516212,6594113.16970331
488,3902,Ophioscincus truncatus,GAM_multi_interactions_with_coords,random,True,1,0.08799712545009711,-141193.546516212,6594113.16970331
488,3903,Pseudechis porphyricaus,GAM_multi_interactions_with_coords,random,True,0,0.009725200777338192,-141193.546516212,6594113.16970331
488,3904,Saltuarius swaini,GAM_multi_interactions_with_coords,random,True,0,0.012420516421207112,-141193.546516212,6594113.16970331
490,3913,Cacophis kreftii,GAM_multi_interactions_with_coords,random,True,0,0.0065701173746494064,-140157.01004317,6593561.29260029
490,3914,Calyptotis scutirostrum,GAM_multi_interactions_with_coords,random,True,0,0.007416979172618797,-140157.01004317,6593561.29260029
490,3915,Coeranoscincus reticulatus,GAM_multi_interactions_with_coords,random,True,0,0.015672489650314616,-140157.01004317,6593561.29260029
490,3916,Egernia mcpheei,GAM_multi_interactions_with_coords,random,True,0,0.0025513326888742384,-140157.01004317,6593561.29260029
490,3917,Eulamprus murrayi,GAM_multi_interactions_with_coords,random,True,0,0.0014493511924734302,-140157.01004317,6593561.29260029
490,3918,Ophioscincus truncatus,GAM_multi_interactions_with_coords,random,True,1,0.06414076044320632,-140157.01004317,6593561.29260029
490,3919,Pseudechis porphyricaus,GAM_multi_interactions_with_coords,random,True,0,0.003943003346170309,-140157.01004317,6593561.29260029
490,3920,Saltuarius swaini,GAM_multi_interactions_with_coords,random,True,0,0.006046545759441136,-140157.01004317,6593561.29260029
494,3945,Cacophis kreftii,GAM_multi_interactions_with_coords,random,True,0,0.02146759788591811,-160099.441241579,6571357.13800851
494,3946,Calyptotis scutirostrum,GAM_multi_interactions_with_coords,random,True,0,0.05279523179591288,-160099.441241579,6571357.13800851
494,3947,Coeranoscincus reticulatus,GAM_multi_interactions_with_coords,random,True,0,0.05078691375431682,-160099.441241579,6571357.13800851
494,3948,Egernia mcpheei,GAM_multi_interactions_with_coords,random,True,0,0.012731460967078678,-160099.441241579,6571357.13800851
494,3949,Eulamprus murrayi,GAM_multi_interactions_with_coords,random,True,0,0.01181078814853999,-160099.441241579,6571357.13800851
494,3950,Ophioscincus truncatus,GAM_multi_interactions_with_coords,random,True,0,0.09342212666549957,-160099.441241579,6571357.13800851
494,3951,Pseudechis porphyricaus,GAM_multi_interactions_with_coords,random,True,0,0.02809317168137128,-160099.441241579,6571357.13800851
494,3952,Saltuarius swaini,GAM_multi_interactions_with_coords,random,True,0,0.010600629586505017,-160099.441241579,6571357.13800851
499,3985,Cacophis kreftii,GAM_multi_interactions_with_coords,random,True,0,0.004233931002962554,-166874.918971174,6569986.45729551
499,3986,Calyptotis scutirostrum,GAM_multi_interactions_with_coords,random,True,0,0.0019687419738992087,-166874.918971174,6569986.45729551
499,3987,Coeranoscincus reticulatus,GAM_multi_interactions_with_coords,random,True,0,0.01678246040380491,-166874.918971174,6569986.45729551
499,3988,Egernia mcpheei,GAM_multi_interactions_with_coords,random,True,0,0.0017210293090423633,-166874.918971174,6569986.45729551
499,3989,Eulamprus murrayi,GAM_multi_interactions_with_coords,random,True,0,0.00106255725880508,-166874.918971174,6569986.45729551
499,3990,Ophioscincus truncatus,GAM_multi_interactions_with_coords,random,True,0,0.06450357514962474,-166874.918971174,6569986.45729551
499,3991,Pseudechis porphyricaus,GAM_multi_interactions_with_coords,random,True,0,0.0064122469508383195,-166874.918971174,6569986.45729551
499,3992,Saltuarius swaini,GAM_multi_interactions_with_coords,random,True,0,0.003294682282933078,-166874.918971174,6569986.45729551
507,4049,Cacophis kreftii,GAM_multi_interactions_with_coords,random,True,0,0.007375996728037642,-144741.332783447,6566549.73714478
507,4050,Calyptotis scutirostrum,GAM_multi_interactions_with_coords,random,True,0,0.004520317877180776,-144741.332783447,6566549.73714478
507,4051,Coeranoscincus reticulatus,GAM_multi_interactions_with_coords,random,True,0,0.018173111981145764,-144741.332783447,6566549.73714478
507,4052,Egernia mcpheei,GAM_multi_interactions_with_coords,random,True,0,0.003250890911194611,-144741.332783447,6566549.73714478
507,4053,Eulamprus murrayi,GAM_multi_interactions_with_coords,random,True,0,0.001560573386145333,-144741.332783447,6566549.73714478
507,4054,Ophioscincus truncatus,GAM_multi_interactions_with_coords,random,True,0,0.11255288181385406,-144741.332783447,6566549.73714478
507,4055,Pseudechis porphyricaus,GAM_multi_interactions_with_coords,random,True,0,0.004774252787462096,-144741.332783447,6566549.73714478
507,4056,Saltuarius swaini,GAM_multi_interactions_with_coords,random,True,0,0.008835479659983977,-144741.332783447,6566549.73714478
508,4057,Cacophis kreftii,GAM_multi_interactions_with_coords,random,True,0,0.004281097801484239,-162480.687351114,6563171.45187532
508,4058,Calyptotis scutirostrum,GAM_multi_interactions_with_coords,random,True,0,0.001931919875152835,-162480.687351114,6563171.45187532
508,4059,Coeranoscincus reticulatus,GAM_multi_interactions_with_coords,random,True,0,0.013142514970438493,-162480.687351114,6563171.45187532
508,4060,Egernia mcpheei,GAM_multi_interactions_with_coords,random,True,0,0.00132633186339803,-162480.687351114,6563171.45187532
508,4061,Eulamprus murrayi,GAM_multi_interactions_with_coords,random,True,0,0.001341197399646076,-162480.687351114,6563171.45187532
508,4062,Ophioscincus truncatus,GAM_multi_interactions_with_coords,random,True,0,0.06564978620601261,-162480.687351114,6563171.45187532
508,4063,Pseudechis porphyricaus,GAM_multi_interactions_with_coords,random,True,0,0.00849490097903461,-162480.687351114,6563171.45187532
508,4064,Saltuarius swaini,GAM_multi_interactions_with_coords,random,True,0,0.002937171100984779,-162480.687351114,6563171.45187532
510,4073,Cacophis kreftii,GAM_multi_interactions_with_coords,random,True,0,0.005187155406481238,-146201.750488105,6563648.83716664
510,4074,Calyptotis scutirostrum,GAM_multi_interactions_with_coords,random,True,0,0.0023817580900891383,-146201.750488105,6563648.83716664
510,4075,Coeranoscincus reticulatus,GAM_multi_interactions_with_coords,random,True,0,0.016307638373999896,-146201.750488105,6563648.83716664
510,4076,Egernia mcpheei,GAM_multi_interactions_with_coords,random,True,0,0.002483285557593904,-146201.750488105,6563648.83716664
510,4077,Eulamprus murrayi,GAM_multi_interactions_with_coords,random,True,0,0.0009807948301487116,-146201.750488105,6563648.83716664
510,4078,Ophioscincus truncatus,GAM_multi_interactions_with_coords,random,True,0,0.08978806848630227,-146201.750488105,6563648.83716664
510,4079,Pseudechis porphyricaus,GAM_multi_interactions_with_coords,random,True,0,0.004418360410985698,-146201.750488105,6563648.83716664
510,4080,Saltuarius swaini,GAM_multi_interactions_with_coords,random,True,0,0.007246536294970002,-146201.750488105,6563648.83716664
514,4105,Cacophis kreftii,GAM_multi_interactions_with_coords,random,True,0,0.005482767349594993,-146089.648133388,6561646.84538545
514,4106,Calyptotis scutirostrum,GAM_multi_interactions_with_coords,random,True,0,0.0026611839877574896,-146089.648133388,6561646.84538545
514,4107,Coeranoscincus reticulatus,GAM_multi_interactions_with_coords,random,True,0,0.016102468277361816,-146089.648133388,6561646.84538545
514,4108,Egernia mcpheei,GAM_multi_interactions_with_coords,random,True,0,0.0028889039297225767,-146089.648133388,6561646.84538545
514,4109,Eulamprus murrayi,GAM_multi_interactions_with_coords,random,True,0,0.0009042511244614006,-146089.648133388,6561646.84538545
514,4110,Ophioscincus truncatus,GAM_multi_interactions_with_coords,random,True,0,0.0879364246129851,-146089.648133388,6561646.84538545
514,4111,Pseudechis porphyricaus,GAM_multi_interactions_with_coords,random,True,0,0.005316847137366531,-146089.648133388,6561646.84538545
514,4112,Saltuarius swaini,GAM_multi_interactions_with_coords,random,True,0,0.00891174377726473,-146089.648133388,6561646.84538545
525,4193,Cacophis kreftii,GAM_multi_interactions_with_coords,random,True,0,0.008012467526073003,-118770.04691586,6551450.02671343
525,4194,Calyptotis scutirostrum,GAM_multi_interactions_with_coords,random,True,0,0.007285144040212243,-118770.04691586,6551450.02671343
525,4195,Coeranoscincus reticulatus,GAM_multi_interactions_with_coords,random,True,0,0.04313587519012536,-118770.04691586,6551450.02671343
525,4196,Egernia mcpheei,GAM_multi_interactions_with_coords,random,True,0,0.005531827176526322,-118770.04691586,6551450.02671343
525,4197,Eulamprus murrayi,GAM_multi_interactions_with_coords,random,True,0,0.002911727063169447,-118770.04691586,6551450.02671343
525,4198,Ophioscincus truncatus,GAM_multi_interactions_with_coords,random,True,0,0.05633397923404228,-118770.04691586,6551450.02671343
525,4199,Pseudechis porphyricaus,GAM_multi_interactions_with_coords,random,True,0,0.002539937310645842,-118770.04691586,6551450.02671343
525,4200,Saltuarius swaini,GAM_multi_interactions_with_coords,random,True,0,0.005927876375266727,-118770.04691586,6551450.02671343
531,4241,Cacophis kreftii,GAM_multi_interactions_with_coords,random,True,0,0.00765789065634208,-83551.8721662688,6536463.55059073
531,4242,Calyptotis scutirostrum,GAM_multi_interactions_with_coords,random,True,0,0.0054029934990845645,-83551.8721662688,6536463.55059073
531,4243,Coeranoscincus reticulatus,GAM_multi_interactions_with_coords,random,True,0,0.01535042011393142,-83551.8721662688,6536463.55059073
531,4244,Egernia mcpheei,GAM_multi_interactions_with_coords,random,True,0,0.005626997766046054,-83551.8721662688,6536463.55059073
531,4245,Eulamprus murrayi,GAM_multi_interactions_with_coords,random,True,0,0.0014430726425478271,-83551.8721662688,6536463.55059073
531,4246,Ophioscincus truncatus,GAM_multi_interactions_with_coords,random,True,0,0.07072735770005706,-83551.8721662688,6536463.55059073
531,4247,Pseudechis porphyricaus,GAM_multi_interactions_with_coords,random,True,0,0.0024701758973513853,-83551.8721662688,6536463.55059073
531,4248,Saltuarius swaini,GAM_multi_interactions_with_coords,random,True,0,0.011093156110183926,-83551.8721662688,6536463.55059073
533,4257,Cacophis kreftii,GAM_multi_interactions_with_coords,random,True,0,0.008064231361979497,-128644.80040642,6533196.04348179
533,4258,Calyptotis scutirostrum,GAM_multi_interactions_with_coords,random,True,0,0.004352731697353415,-128644.80040642,6533196.04348179
533,4259,Coeranoscincus reticulatus,GAM_multi_interactions_with_coords,random,True,0,0.0057360403375123934,-128644.80040642,6533196.04348179
533,4260,Egernia mcpheei,GAM_multi_interactions_with_coords,random,True,0,0.0028196402959502175,-128644.80040642,6533196.04348179
533,4261,Eulamprus murrayi,GAM_multi_interactions_with_coords,random,True,0,0.0017134887223605965,-128644.80040642,6533196.04348179
533,4262,Ophioscincus truncatus,GAM_multi_interactions_with_coords,random,True,0,0.19500773413205313,-128644.80040642,6533196.04348179
533,4263,Pseudechis porphyricaus,GAM_multi_interactions_with_coords,random,True,0,0.009275551484026964,-128644.80040642,6533196.04348179
533,4264,Saltuarius swaini,GAM_multi_interactions_with_coords,random,True,0,0.008189884318865094,-128644.80040642,6533196.04348179
537,4289,Cacophis kreftii,GAM_multi_interactions_with_coords,random,True,0,0.02400067655413451,-133101.696097477,6529938.31197594
537,4290,Calyptotis scutirostrum,GAM_multi_interactions_with_coords,random,True,0,0.021793073509088757,-133101.696097477,6529938.31197594
537,4291,Coeranoscincus reticulatus,GAM_multi_interactions_with_coords,random,True,0,0.054437612582997126,-133101.696097477,6529938.31197594
537,4292,Egernia mcpheei,GAM_multi_interactions_with_coords,random,True,0,0.008524297973722294,-133101.696097477,6529938.31197594
537,4293,Eulamprus murrayi,GAM_multi_interactions_with_coords,random,True,0,0.005101820441929926,-133101.696097477,6529938.31197594
537,4294,Ophioscincus truncatus,GAM_multi_interactions_with_coords,random,True,1,0.41651160957937194,-133101.696097477,6529938.31197594
537,4295,Pseudechis porphyricaus,GAM_multi_interactions_with_coords,random,True,0,0.014364243073854633,-133101.696097477,6529938.31197594
537,4296,Saltuarius swaini,GAM_multi_interactions_with_coords,random,True,0,0.015718720134702307,-133101.696097477,6529938.31197594
545,4353,Cacophis kreftii,GAM_multi_interactions_with_coords,random,True,0,0.008631522232925872,-114087.089464681,6528156.09858245
545,4354,Calyptotis scutirostrum,GAM_multi_interactions_with_coords,random,True,0,0.00825092840920548,-114087.089464681,6528156.09858245
545,4355,Coeranoscincus reticulatus,GAM_multi_interactions_with_coords,random,True,0,0.04045169617335998,-114087.089464681,6528156.09858245
545,4356,Egernia mcpheei,GAM_multi_interactions_with_coords,random,True,0,0.005608904939961946,-114087.089464681,6528156.09858245
545,4357,Eulamprus murrayi,GAM_multi_interactions_with_coords,random,True,0,0.0017894333822603677,-114087.089464681,6528156.09858245
545,4358,Ophioscincus truncatus,GAM_multi_interactions_with_coords,random,True,0,0.09270129767292795,-114087.089464681,6528156.09858245
545,4359,Pseudechis porphyricaus,GAM_multi_interactions_with_coords,random,True,0,0.0023664789400439697,-114087.089464681,6528156.09858245
545,4360,Saltuarius swaini,GAM_multi_interactions_with_coords,random,True,0,0.006837622955277247,-114087.089464681,6528156.09858245
558,4457,Cacophis kreftii,GAM_multi_interactions_with_coords,random,True,0,0.00846895148195878,-204344.653545143,6507116.16956193
558,4458,Calyptotis scutirostrum,GAM_multi_interactions_with_coords,random,True,0,0.006025611909069041,-204344.653545143,6507116.16956193
558,4459,Coeranoscincus reticulatus,GAM_multi_interactions_with_coords,random,True,0,0.006457072452963166,-204344.653545143,6507116.16956193
558,4460,Egernia mcpheei,GAM_multi_interactions_with_coords,random,True,0,0.006822697101971985,-204344.653545143,6507116.16956193
558,4461,Eulamprus murrayi,GAM_multi_interactions_with_coords,random,True,0,0.0017238219774470148,-204344.653545143,6507116.16956193
558,4462,Ophioscincus truncatus,GAM_multi_interactions_with_coords,random,True,0,0.08220557245507455,-204344.653545143,6507116.16956193
558,4463,Pseudechis porphyricaus,GAM_multi_interactions_with_coords,random,True,0,0.0076088371063186555,-204344.653545143,6507116.16956193
558,4464,Saltuarius swaini,GAM_multi_interactions_with_coords,random,True,0,0.008256406121301211,-204344.653545143,6507116.16956193
567,4529,Cacophis kreftii,GAM_multi_interactions_with_coords,random,True,0,0.027568511006270585,-146716.822931648,6491951.21913417
567,4530,Calyptotis scutirostrum,GAM_multi_interactions_with_coords,random,True,0,0.0187892481660759,-146716.822931648,6491951.21913417
567,4531,Coeranoscincus reticulatus,GAM_multi_interactions_with_coords,random,True,0,0.14652539439589368,-146716.822931648,6491951.21913417
567,4532,Egernia mcpheei,GAM_multi_interactions_with_coords,random,True,0,0.01038701655990171,-146716.822931648,6491951.21913417
567,4533,Eulamprus murrayi,GAM_multi_interactions_with_coords,random,True,0,0.007958467442669757,-146716.822931648,6491951.21913417
567,4534,Ophioscincus truncatus,GAM_multi_interactions_with_coords,random,True,0,0.4784292285388104,-146716.822931648,6491951.21913417
567,4535,Pseudechis porphyricaus,GAM_multi_interactions_with_coords,random,True,1,0.02078817033373388,-146716.822931648,6491951.21913417
567,4536,Saltuarius swaini,GAM_multi_interactions_with_coords,random,True,1,0.017929990349889152,-146716.822931648,6491951.21913417
572,4569,Cacophis kreftii,GAM_multi_interactions_with_coords,random,True,0,0.028035056819520877,-141525.12346321,6489014.81167942
572,4570,Calyptotis scutirostrum,GAM_multi_interactions_with_coords,random,True,0,0.022011766201623293,-141525.12346321,6489014.81167942
572,4571,Coeranoscincus reticulatus,GAM_multi_interactions_with_coords,random,True,0,0.19206649969867276,-141525.12346321,6489014.81167942
572,4572,Egernia mcpheei,GAM_multi_interactions_with_coords,random,True,0,0.012316250374106007,-141525.12346321,6489014.81167942
572,4573,Eulamprus murrayi,GAM_multi_interactions_with_coords,random,True,0,0.007100742806184622,-141525.12346321,6489014.81167942
572,4574,Ophioscincus truncatus,GAM_multi_interactions_with_coords,random,True,1,0.3905604226562297,-141525.12346321,6489014.81167942
572,4575,Pseudechis porphyricaus,GAM_multi_interactions_with_coords,random,True,0,0.018365897096363524,-141525.12346321,6489014.81167942
572,4576,Saltuarius swaini,GAM_multi_interactions_with_coords,random,True,0,0.01957726077143959,-141525.12346321,6489014.81167942
576,4601,Cacophis kreftii,GAM_multi_interactions_with_coords,random,True,0,0.009582005984982371,-206813.275853676,6482403.27464338
576,4602,Calyptotis scutirostrum,GAM_multi_interactions_with_coords,random,True,0,0.007284605150224661,-206813.275853676,6482403.27464338
576,4603,Coeranoscincus reticulatus,GAM_multi_interactions_with_coords,random,True,0,0.01398937301474021,-206813.275853676,6482403.27464338
576,4604,Egernia mcpheei,GAM_multi_interactions_with_coords,random,True,0,0.004376438239732867,-206813.275853676,6482403.27464338
576,4605,Eulamprus murrayi,GAM_multi_interactions_with_coords,random,True,0,0.0026990535664418434,-206813.275853676,6482403.27464338
576,4606,Ophioscincus truncatus,GAM_multi_interactions_with_coords,random,True,0,0.14774596850539387,-206813.275853676,6482403.27464338
576,4607,Pseudechis porphyricaus,GAM_multi_interactions_with_coords,random,True,0,0.012828908105432196,-206813.275853676,6482403.27464338
576,4608,Saltuarius swaini,GAM_multi_interactions_with_coords,random,True,0,0.009339800431534692,-206813.275853676,6482403.27464338
579,4625,Cacophis kreftii,GAM_multi_interactions_with_coords,random,True,0,0.011051426825421307,-242916.649698275,6475563.53924511
579,4626,Calyptotis scutirostrum,GAM_multi_interactions_with_coords,random,True,0,0.01600277220806235,-242916.649698275,6475563.53924511
579,4627,Coeranoscincus reticulatus,GAM_multi_interactions_with_coords,random,True,0,0.008393433518323558,-242916.649698275,6475563.53924511
579,4628,Egernia mcpheei,GAM_multi_interactions_with_coords,random,True,0,0.01015082318622245,-242916.649698275,6475563.53924511
579,4629,Eulamprus murrayi,GAM_multi_interactions_with_coords,random,True,0,0.0020851088157075913,-242916.649698275,6475563.53924511
579,4630,Ophioscincus truncatus,GAM_multi_interactions_with_coords,random,True,0,0.03859786390051482,-242916.649698275,6475563.53924511
579,4631,Pseudechis porphyricaus,GAM_multi_interactions_with_coords,random,True,0,0.0062758051796249605,-242916.649698275,6475563.53924511
579,4632,Saltuarius swaini,GAM_multi_interactions_with_coords,random,True,0,0.01175154234619513,-242916.649698275,6475563.53924511
585,4673,Cacophis kreftii,GAM_multi_interactions_with_coords,random,True,0,0.03152058797479315,-127313.378797034,6479531.06572796
585,4674,Calyptotis scutirostrum,GAM_multi_interactions_with_coords,random,True,0,0.030569231205526858,-127313.378797034,6479531.06572796
585,4675,Coeranoscincus reticulatus,GAM_multi_interactions_with_coords,random,True,0,0.100449283253888,-127313.378797034,6479531.06572796
585,4676,Egernia mcpheei,GAM_multi_interactions_with_coords,random,True,0,0.012294056300930197,-127313.378797034,6479531.06572796
585,4677,Eulamprus murrayi,GAM_multi_interactions_with_coords,random,True,0,0.007065054473840992,-127313.378797034,6479531.06572796
585,4678,Ophioscincus truncatus,GAM_multi_interactions_with_coords,random,True,0,0.5120133261514025,-127313.378797034,6479531.06572796
585,4679,Pseudechis porphyricaus,GAM_multi_interactions_with_coords,random,True,0,0.011247409142674265,-127313.378797034,6479531.06572796
585,4680,Saltuarius swaini,GAM_multi_interactions_with_coords,random,True,0,0.02227372109951322,-127313.378797034,6479531.06572796
599,4785,Cacophis kreftii,GAM_multi_interactions_with_coords,random,True,0,0.014694319974463656,-212146.883673553,6444013.91646962
599,4786,Calyptotis scutirostrum,GAM_multi_interactions_with_coords,random,True,0,0.02304980934691225,-212146.883673553,6444013.91646962
599,4787,Coeranoscincus reticulatus,GAM_multi_interactions_with_coords,random,True,0,0.004452222189079659,-212146.883673553,6444013.91646962
599,4788,Egernia mcpheei,GAM_multi_interactions_with_coords,random,True,0,0.009111337337299142,-212146.883673553,6444013.91646962
599,4789,Eulamprus murrayi,GAM_multi_interactions_with_coords,random,True,0,0.002854540063434498,-212146.883673553,6444013.91646962
599,4790,Ophioscincus truncatus,GAM_multi_interactions_with_coords,random,True,0,0.09457005932633174,-212146.883673553,6444013.91646962
599,4791,Pseudechis porphyricaus,GAM_multi_interactions_with_coords,random,True,0,0.00990005048237322,-212146.883673553,6444013.91646962
599,4792,Saltuarius swaini,GAM_multi_interactions_with_coords,random,True,0,0.015573586932306175,-212146.883673553,6444013.91646962
602,4809,Cacophis kreftii,GAM_multi_interactions_with_coords,random,True,0,0.008728424416925664,-223808.84244951,6439938.38190837
602,4810,Calyptotis scutirostrum,GAM_multi_interactions_with_coords,random,True,0,0.0074808762224452905,-223808.84244951,6439938.38190837
602,4811,Coeranoscincus reticulatus,GAM_multi_interactions_with_coords,random,True,0,0.012234250628623905,-223808.84244951,6439938.38190837
602,4812,Egernia mcpheei,GAM_multi_interactions_with_coords,random,True,0,0.0044482778801952835,-223808.84244951,6439938.38190837
602,4813,Eulamprus murrayi,GAM_multi_interactions_with_coords,random,True,0,0.002304421273050361,-223808.84244951,6439938.38190837
602,4814,Ophioscincus truncatus,GAM_multi_interactions_with_coords,random,True,0,0.05459516325632516,-223808.84244951,6439938.38190837
602,4815,Pseudechis porphyricaus,GAM_multi_interactions_with_coords,random,True,0,0.005800944560431346,-223808.84244951,6439938.38190837
602,4816,Saltuarius swaini,GAM_multi_interactions_with_coords,random,True,0,0.008597680724972877,-223808.84244951,6439938.38190837
606,4841,Cacophis kreftii,GAM_multi_interactions_with_coords,random,True,0,0.015694495826611036,-122961.147064838,6444559.2200686
606,4842,Calyptotis scutirostrum,GAM_multi_interactions_with_coords,random,True,0,0.016731478256592817,-122961.147064838,6444559.2200686
606,4843,Coeranoscincus reticulatus,GAM_multi_interactions_with_coords,random,True,0,0.09014410818995906,-122961.147064838,6444559.2200686
606,4844,Egernia mcpheei,GAM_multi_interactions_with_coords,random,True,0,0.013093578266747914,-122961.147064838,6444559.2200686
606,4845,Eulamprus murrayi,GAM_multi_interactions_with_coords,random,True,0,0.0036270161974666436,-122961.147064838,6444559.2200686
606,4846,Ophioscincus truncatus,GAM_multi_interactions_with_coords,random,True,0,0.14256756959438754,-122961.147064838,6444559.2200686
606,4847,Pseudechis porphyricaus,GAM_multi_interactions_with_coords,random,True,0,0.01101814124083305,-122961.147064838,6444559.2200686
606,4848,Saltuarius swaini,GAM_multi_interactions_with_coords,random,True,0,0.012317303842695823,-122961.147064838,6444559.2200686
624,4985,Cacophis kreftii,GAM_multi_interactions_with_coords,random,True,0,0.006918405027831966,-212517.326831474,6418204.13745066
624,4986,Calyptotis scutirostrum,GAM_multi_interactions_with_coords,random,True,0,0.0032523230015627422,-212517.326831474,6418204.13745066
624,4987,Coeranoscincus reticulatus,GAM_multi_interactions_with_coords,random,True,0,0.00778567788521606,-212517.326831474,6418204.13745066
624,4988,Egernia mcpheei,GAM_multi_interactions_with_coords,random,True,0,0.0014566573160888188,-212517.326831474,6418204.13745066
624,4989,Eulamprus murrayi,GAM_multi_interactions_with_coords,random,True,0,0.0018748107063122123,-212517.326831474,6418204.13745066
624,4990,Ophioscincus truncatus,GAM_multi_interactions_with_coords,random,True,0,0.233548825173193,-212517.326831474,6418204.13745066
624,4991,Pseudechis porphyricaus,GAM_multi_interactions_with_coords,random,True,0,0.0035974224663631563,-212517.326831474,6418204.13745066
624,4992,Saltuarius swaini,GAM_multi_interactions_with_coords,random,True,0,0.0076117055266503204,-212517.326831474,6418204.13745066
628,5017,Cacophis kreftii,GAM_multi_interactions_with_coords,random,True,0,0.014715040920089115,-205426.35557409,6417594.67751035
628,5018,Calyptotis scutirostrum,GAM_multi_interactions_with_coords,random,True,0,0.013065188747764644,-205426.35557409,6417594.67751035
628,5019,Coeranoscincus reticulatus,GAM_multi_interactions_with_coords,random,True,0,0.012662365672033122,-205426.35557409,6417594.67751035
628,5020,Egernia mcpheei,GAM_multi_interactions_with_coords,random,True,0,0.007500262260759053,-205426.35557409,6417594.67751035
628,5021,Eulamprus murrayi,GAM_multi_interactions_with_coords,random,True,0,0.003671685866416802,-205426.35557409,6417594.67751035
628,5022,Ophioscincus truncatus,GAM_multi_interactions_with_coords,random,True,0,0.17922326715848585,-205426.35557409,6417594.67751035
628,5023,Pseudechis porphyricaus,GAM_multi_interactions_with_coords,random,True,0,0.01620442949764884,-205426.35557409,6417594.67751035
628,5024,Saltuarius swaini,GAM_multi_interactions_with_coords,random,True,0,0.01586960129569446,-205426.35557409,6417594.67751035
630,5033,Cacophis kreftii,GAM_multi_interactions_with_coords,random,True,0,0.013704476393776987,-211613.384340048,6416445.23828686
630,5034,Calyptotis scutirostrum,GAM_multi_interactions_with_coords,random,True,0,0.005797524920274194,-211613.384340048,6416445.23828686
630,5035,Coeranoscincus reticulatus,GAM_multi_interactions_with_coords,random,True,0,0.02410024765421352,-211613.384340048,6416445.23828686
630,5036,Egernia mcpheei,GAM_multi_interactions_with_coords,random,True,0,0.0052975488498887184,-211613.384340048,6416445.23828686
630,5037,Eulamprus murrayi,GAM_multi_interactions_with_coords,random,True,0,0.0026959306963866437,-211613.384340048,6416445.23828686
630,5038,Ophioscincus truncatus,GAM_multi_interactions_with_coords,random,True,0,0.19192025050059935,-211613.384340048,6416445.23828686
630,5039,Pseudechis porphyricaus,GAM_multi_interactions_with_coords,random,True,0,0.014694388872607043,-211613.384340048,6416445.23828686
630,5040,Saltuarius swaini,GAM_multi_interactions_with_coords,random,True,0,0.014887304268706509,-211613.384340048,6416445.23828686
639,5105,Cacophis kreftii,GAM_multi_interactions_with_coords,random,True,0,0.012818009995475456,-162684.694435925,6370448.58724721
639,5106,Calyptotis scutirostrum,GAM_multi_interactions_with_coords,random,True,0,0.024820032725759198,-162684.694435925,6370448.58724721
639,5107,Coeranoscincus reticulatus,GAM_multi_interactions_with_coords,random,True,0,0.08265936241924489,-162684.694435925,6370448.58724721
639,5108,Egernia mcpheei,GAM_multi_interactions_with_coords,random,True,0,0.009820766125935652,-162684.694435925,6370448.58724721
639,5109,Eulamprus murrayi,GAM_multi_interactions_with_coords,random,True,0,0.003254597806025839,-162684.694435925,6370448.58724721
639,5110,Ophioscincus truncatus,GAM_multi_interactions_with_coords,random,True,0,0.043670395617131354,-162684.694435925,6370448.58724721
639,5111,Pseudechis porphyricaus,GAM_multi_interactions_with_coords,random,True,0,0.010477719111782682,-162684.694435925,6370448.58724721
639,5112,Saltuarius swaini,GAM_multi_interactions_with_coords,random,True,0,0.011084558496514877,-162684.694435925,6370448.58724721
640,5113,Cacophis kreftii,GAM_multi_interactions_with_coords,random,True,0,0.018833463009155733,-176653.554553042,6368244.44348734
640,5114,Calyptotis scutirostrum,GAM_multi_interactions_with_coords,random,True,0,0.041202676909809485,-176653.554553042,6368244.44348734
640,5115,Coeranoscincus reticulatus,GAM_multi_interactions_with_coords,random,True,0,0.11255575014918248,-176653.554553042,6368244.44348734
640,5116,Egernia mcpheei,GAM_multi_interactions_with_coords,random,True,0,0.01316794500047274,-176653.554553042,6368244.44348734
640,5117,Eulamprus murrayi,GAM_multi_interactions_with_coords,random,True,0,0.005449452752367306,-176653.554553042,6368244.44348734
640,5118,Ophioscincus truncatus,GAM_multi_interactions_with_coords,random,True,0,0.049027309684971716,-176653.554553042,6368244.44348734
640,5119,Pseudechis porphyricaus,GAM_multi_interactions_with_coords,random,True,0,0.01975088892970812,-176653.554553042,6368244.44348734
640,5120,Saltuarius swaini,GAM_multi_interactions_with_coords,random,True,0,0.014235944873181517,-176653.554553042,6368244.44348734
